Matnr,Werks,Lgort,Charg,Clabs
000000000010000000,1000,SP01,6000000000,6.060
000000000010000000,1000,SP01,6000000001,95.451
000000000010000000,1000,SP01,6000000002,5.489
000000000010000001,1000,SP01,6000000003,32.000
000000000010000001,2000,SP02,6000000004,26.000
000000000080000000,3000,SP03,6000000005,0.620
000000000080000000,3000,SP03,6000000006,11.380
000000000010000002,4000,SP04,6000000007,6.000
000000000010000002,2000,SP02,6000000008,7.000
000000000030000000,4000,SP04,6000000009,6.000
000000000030000000,1000,SP01,6000000010,1.000
000000000080000001,1000,SP01,6000000011,5.000
000000000080000001,4000,SP04,6000000012,11.000
000000000010000004,3000,SP03,6000000013,27.271
000000000010000004,3000,SP03,6000000014,59.804
000000000010000004,3000,SP03,6000000015,5.925
000000000010000005,1000,SP01,6000000016,75.000
000000000010000006,1000,SP01,6000000017,3.000
000000000030000001,1000,SP01,6000000018,1.000
000000000010000007,3000,SP03,6000000019,5.844
000000000010000007,3000,SP03,6000000020,12.156
000000000010000008,4000,SP04,6000000021,0.583
000000000010000008,4000,SP04,6000000022,37.445
000000000010000008,4000,SP04,6000000023,3.972
000000000080000002,3000,SP03,6000000024,5.000
000000000080000003,4000,SP04,6000000025,25.000
000000000010000009,3000,SP03,6000000026,4.000
000000000030000002,3000,SP03,6000000027,6.000
000000000030000003,1000,SP01,6000000028,3.823
000000000030000003,1000,SP01,6000000029,0.464
000000000030000003,1000,SP01,6000000030,0.713
000000000010000011,4000,SP04,6000000031,32.000
000000000010000012,3000,SP03,6000000032,1.000
000000000010000012,2000,SP02,6000000033,7.548
000000000010000012,2000,SP02,6000000034,1.452
000000000010000013,4000,SP04,6000000035,0.321
000000000010000013,4000,SP04,6000000036,0.250
000000000010000013,4000,SP04,6000000037,4.429
000000000010000015,4000,SP04,6000000038,171.000
000000000010000015,1000,SP01,6000000039,135.000
000000000010000016,2000,SP02,6000000040,29.123
000000000010000016,2000,SP02,6000000041,5.770
000000000010000016,2000,SP02,6000000042,1.107
000000000010000018,2000,SP02,6000000043,6.000
000000000010000019,3000,SP03,6000000044,3.000
000000000010000020,3000,SP03,6000000045,27.000
000000000010000021,1000,SP01,6000000046,11.000
000000000090000000,4000,SP04,6000000047,3.535
000000000090000000,4000,SP04,6000000048,5.760
000000000090000000,4000,SP04,6000000049,1.705
000000000010000022,4000,SP04,6000000050,40.522
000000000010000022,4000,SP04,6000000051,16.333
000000000010000022,4000,SP04,6000000052,48.616
000000000010000022,4000,SP04,6000000053,99.529
000000000010000023,3000,SP03,6000000054,5.827
000000000010000023,3000,SP03,6000000055,12.173
000000000080000004,2000,SP02,6000000056,21.000
000000000010000025,2000,SP02,6000000057,94.052
000000000010000025,2000,SP02,6000000058,9.948
000000000010000026,1000,SP01,6000000059,1.000
000000000080000005,4000,SP04,6000000060,2.000
000000000080000005,2000,SP02,6000000061,1.400
000000000080000005,2000,SP02,6000000062,8.600
000000000010000028,2000,SP02,6000000063,1.000
000000000010000028,4000,SP04,6000000064,4.821
000000000010000028,4000,SP04,6000000065,4.179
000000000010000029,3000,SP03,6000000066,23.308
000000000010000029,3000,SP03,6000000067,2.692
000000000010000029,2000,SP02,6000000068,238.000
000000000030000004,4000,SP04,6000000069,5.000
000000000010000030,4000,SP04,6000000070,33.341
000000000010000030,4000,SP04,6000000071,8.201
000000000010000030,4000,SP04,6000000072,3.435
000000000010000030,4000,SP04,6000000073,19.023
000000000010000032,4000,SP04,6000000074,3.089
000000000010000032,4000,SP04,6000000075,1.911
000000000010000034,1000,SP01,6000000076,4.000
000000000080000006,2000,SP02,6000000077,14.000
000000000010000036,3000,SP03,6000000078,1.000
000000000010000036,2000,SP02,6000000079,1.000
000000000010000037,1000,SP01,6000000080,6.000
000000000090000001,1000,SP01,6000000081,16.637
000000000090000001,1000,SP01,6000000082,8.363
000000000010000038,3000,SP03,6000000083,44.000
000000000080000007,1000,SP01,6000000084,26.000
000000000030000005,3000,SP03,6000000085,3.000
000000000010000040,1000,SP01,6000000086,3.000
000000000010000041,4000,SP04,6000000087,0.305
000000000010000041,4000,SP04,6000000088,4.012
000000000010000041,4000,SP04,6000000089,0.299
000000000010000041,4000,SP04,6000000090,2.384
000000000030000006,2000,SP02,6000000091,1.000
000000000080000009,1000,SP01,6000000092,8.000
000000000080000009,4000,SP04,6000000093,14.000
000000000080000010,3000,SP03,6000000094,4.000
000000000030000007,1000,SP01,6000000095,1.000
000000000030000008,3000,SP03,6000000096,2.000
000000000010000043,1000,SP01,6000000097,8.537
000000000010000043,1000,SP01,6000000098,0.463
000000000010000043,4000,SP04,6000000099,1.398
000000000010000043,4000,SP04,6000000100,1.976
000000000010000043,4000,SP04,6000000101,1.626
000000000010000044,3000,SP03,6000000102,3.000
000000000010000045,4000,SP04,6000000103,85.000
000000000080000011,2000,SP02,6000000104,1.306
000000000080000011,2000,SP02,6000000105,9.390
000000000080000011,2000,SP02,6000000106,1.304
000000000080000012,3000,SP03,6000000107,4.997
000000000080000012,3000,SP03,6000000108,1.003
000000000010000048,4000,SP04,6000000109,14.314
000000000010000048,4000,SP04,6000000110,14.686
000000000080000013,3000,SP03,6000000111,4.000
000000000010000049,3000,SP03,6000000112,10.209
000000000010000049,3000,SP03,6000000113,1.124
000000000010000049,3000,SP03,6000000114,0.667
000000000010000049,1000,SP01,6000000115,116.000
000000000010000052,3000,SP03,6000000116,14.000
000000000010000053,1000,SP01,6000000117,9.602
000000000010000053,1000,SP01,6000000118,13.445
000000000010000053,1000,SP01,6000000119,36.953
000000000010000054,1000,SP01,6000000120,7.000
000000000010000055,3000,SP03,6000000121,1.000
000000000010000057,1000,SP01,6000000122,2.000
000000000010000059,3000,SP03,6000000123,12.000
000000000030000009,3000,SP03,6000000124,5.000
000000000010000060,2000,SP02,6000000125,99.000
000000000010000060,4000,SP04,6000000126,21.281
000000000010000060,4000,SP04,6000000127,16.719
000000000010000061,3000,SP03,6000000128,2.234
000000000010000061,3000,SP03,6000000129,5.766
000000000010000062,3000,SP03,6000000130,2.000
000000000030000010,4000,SP04,6000000131,6.000
000000000030000011,1000,SP01,6000000132,1.065
000000000030000011,1000,SP01,6000000133,4.935
000000000010000063,3000,SP03,6000000134,1.843
000000000010000063,3000,SP03,6000000135,2.794
000000000010000063,3000,SP03,6000000136,3.363
000000000010000065,4000,SP04,6000000137,5.124
000000000010000065,4000,SP04,6000000138,0.876
000000000010000066,3000,SP03,6000000139,14.000
000000000010000066,4000,SP04,6000000140,4.000
000000000080000015,3000,SP03,6000000141,4.000
000000000080000016,1000,SP01,6000000142,7.000
000000000080000016,2000,SP02,6000000143,7.000
000000000010000070,2000,SP02,6000000144,120.000
000000000010000071,3000,SP03,6000000145,9.000
000000000090000002,2000,SP02,6000000146,3.174
000000000090000002,2000,SP02,6000000147,8.826
000000000010000072,4000,SP04,6000000148,24.000
000000000080000017,2000,SP02,6000000149,3.839
000000000080000017,2000,SP02,6000000150,9.768
000000000080000017,2000,SP02,6000000151,8.393
000000000080000017,3000,SP03,6000000152,3.555
000000000080000017,3000,SP03,6000000153,3.969
000000000080000017,3000,SP03,6000000154,1.476
000000000010000073,3000,SP03,6000000155,35.000
000000000010000074,1000,SP01,6000000156,1.000
000000000010000075,2000,SP02,6000000157,101.000
000000000010000075,1000,SP01,6000000158,121.000
000000000010000077,2000,SP02,6000000159,17.000
000000000010000079,1000,SP01,6000000160,55.000
000000000010000080,2000,SP02,6000000161,1.000
000000000080000018,4000,SP04,6000000162,3.000
000000000080000018,3000,SP03,6000000163,4.000
000000000080000019,2000,SP02,6000000164,6.537
000000000080000019,2000,SP02,6000000165,5.463
000000000030000014,4000,SP04,6000000166,9.000
000000000030000014,1000,SP01,6000000167,1.000
000000000010000083,3000,SP03,6000000168,1.000
000000000010000084,4000,SP04,6000000169,4.000
000000000010000084,2000,SP02,6000000170,6.000
000000000010000085,1000,SP01,6000000171,0.218
000000000010000085,1000,SP01,6000000172,13.782
000000000010000085,3000,SP03,6000000173,6.000
000000000080000020,3000,SP03,6000000174,6.004
000000000080000020,3000,SP03,6000000175,5.996
000000000080000020,1000,SP01,6000000176,4.000
000000000010000086,4000,SP04,6000000177,1.000
000000000010000086,2000,SP02,6000000178,2.000
000000000010000087,4000,SP04,6000000179,2.000
000000000010000088,4000,SP04,6000000180,1.927
000000000010000088,4000,SP04,6000000181,1.623
000000000010000088,4000,SP04,6000000182,1.450
000000000080000021,2000,SP02,6000000183,3.000
000000000080000021,3000,SP03,6000000184,2.000
000000000080000022,3000,SP03,6000000185,0.176
000000000080000022,3000,SP03,6000000186,5.311
000000000080000022,3000,SP03,6000000187,1.513
000000000080000023,3000,SP03,6000000188,13.000
000000000010000090,4000,SP04,6000000189,0.071
000000000010000090,4000,SP04,6000000190,1.009
000000000010000090,4000,SP04,6000000191,3.920
000000000010000091,4000,SP04,6000000192,34.752
000000000010000091,4000,SP04,6000000193,75.248
000000000010000092,1000,SP01,6000000194,3.375
000000000010000092,1000,SP01,6000000195,1.647
000000000010000092,1000,SP01,6000000196,3.978
000000000010000093,1000,SP01,6000000197,3.000
000000000010000094,2000,SP02,6000000198,195.000
000000000030000016,1000,SP01,6000000199,1.613
000000000030000016,1000,SP01,6000000200,3.062
000000000030000016,1000,SP01,6000000201,0.325
000000000010000095,4000,SP04,6000000202,4.000
000000000010000096,2000,SP02,6000000203,12.275
000000000010000096,2000,SP02,6000000204,6.725
000000000010000097,4000,SP04,6000000205,7.000
000000000010000098,1000,SP01,6000000206,0.851
000000000010000098,1000,SP01,6000000207,0.286
000000000010000098,1000,SP01,6000000208,5.948
000000000010000098,1000,SP01,6000000209,2.915
000000000010000099,2000,SP02,6000000210,3.000
000000000010000099,4000,SP04,6000000211,5.510
000000000010000099,4000,SP04,6000000212,7.428
000000000010000099,4000,SP04,6000000213,0.062
000000000010000100,4000,SP04,6000000214,6.263
000000000010000100,4000,SP04,6000000215,1.215
000000000010000100,4000,SP04,6000000216,4.522
000000000090000003,2000,SP02,6000000217,7.000
000000000090000003,3000,SP03,6000000218,0.705
000000000090000003,3000,SP03,6000000219,17.295
000000000010000101,4000,SP04,6000000220,5.000
000000000030000018,4000,SP04,6000000221,3.000
000000000080000024,2000,SP02,6000000222,1.000
000000000030000019,3000,SP03,6000000223,1.000
000000000010000104,3000,SP03,6000000224,18.000
000000000010000105,4000,SP04,6000000225,3.000
000000000010000106,3000,SP03,6000000226,32.000
000000000010000109,4000,SP04,6000000227,1.000
000000000080000025,3000,SP03,6000000228,2.171
000000000080000025,3000,SP03,6000000229,1.049
000000000080000025,3000,SP03,6000000230,1.873
000000000080000025,3000,SP03,6000000231,4.907
000000000080000025,4000,SP04,6000000232,16.000
000000000010000110,2000,SP02,6000000233,3.035
000000000010000110,2000,SP02,6000000234,3.965
000000000010000111,3000,SP03,6000000235,86.000
000000000010000112,1000,SP01,6000000236,24.970
000000000010000112,1000,SP01,6000000237,2.418
000000000010000112,1000,SP01,6000000238,5.612
000000000010000114,4000,SP04,6000000239,6.656
000000000010000114,4000,SP04,6000000240,2.344
000000000010000116,2000,SP02,6000000241,3.000
000000000010000116,3000,SP03,6000000242,3.000
000000000030000021,1000,SP01,6000000243,3.000
000000000030000021,4000,SP04,6000000244,0.621
000000000030000021,4000,SP04,6000000245,0.169
000000000030000021,4000,SP04,6000000246,4.210
000000000010000118,4000,SP04,6000000247,4.000
000000000010000119,1000,SP01,6000000248,21.000
000000000010000120,1000,SP01,6000000249,5.000
000000000010000120,4000,SP04,6000000250,4.000
000000000030000022,4000,SP04,6000000251,1.000
000000000030000022,1000,SP01,6000000252,2.869
000000000030000022,1000,SP01,6000000253,2.131
000000000090000004,4000,SP04,6000000254,6.164
000000000090000004,4000,SP04,6000000255,12.836
000000000010000122,3000,SP03,6000000256,4.000
000000000010000123,1000,SP01,6000000257,4.000
000000000010000124,3000,SP03,6000000258,22.168
000000000010000124,3000,SP03,6000000259,26.018
000000000010000124,3000,SP03,6000000260,6.784
000000000010000124,3000,SP03,6000000261,13.030
000000000080000026,2000,SP02,6000000262,3.000
000000000010000125,4000,SP04,6000000263,3.000
000000000010000127,3000,SP03,6000000264,6.000
000000000010000131,1000,SP01,6000000265,8.715
000000000010000131,1000,SP01,6000000266,1.285
000000000010000132,2000,SP02,6000000267,8.890
000000000010000132,2000,SP02,6000000268,19.926
000000000010000132,2000,SP02,6000000269,130.184
000000000010000132,1000,SP01,6000000270,7.101
000000000010000132,1000,SP01,6000000271,34.899
000000000010000133,3000,SP03,6000000272,4.000
000000000010000134,2000,SP02,6000000273,38.103
000000000010000134,2000,SP02,6000000274,93.897
000000000010000135,3000,SP03,6000000275,2.000
000000000010000135,2000,SP02,6000000276,0.868
000000000010000135,2000,SP02,6000000277,0.992
000000000010000135,2000,SP02,6000000278,0.424
000000000010000135,2000,SP02,6000000279,3.716
000000000010000136,1000,SP01,6000000280,11.000
000000000090000005,1000,SP01,6000000281,7.532
000000000090000005,1000,SP01,6000000282,3.725
000000000090000005,1000,SP01,6000000283,1.743
000000000010000137,3000,SP03,6000000284,14.162
000000000010000137,3000,SP03,6000000285,9.245
000000000010000137,3000,SP03,6000000286,38.032
000000000010000137,3000,SP03,6000000287,21.561
000000000010000140,4000,SP04,6000000288,1.000
000000000010000141,4000,SP04,6000000289,34.977
000000000010000141,4000,SP04,6000000290,0.023
000000000080000030,1000,SP01,6000000291,1.000
000000000010000142,1000,SP01,6000000292,2.000
000000000010000145,1000,SP01,6000000293,2.000
000000000080000031,1000,SP01,6000000294,10.000
000000000010000147,2000,SP02,6000000295,1.689
000000000010000147,2000,SP02,6000000296,7.389
000000000010000147,2000,SP02,6000000297,0.922
000000000030000023,1000,SP01,6000000298,1.000
000000000010000148,4000,SP04,6000000299,1.000
000000000010000149,4000,SP04,6000000300,98.000
000000000080000032,1000,SP01,6000000301,5.126
000000000080000032,1000,SP01,6000000302,0.067
000000000080000032,1000,SP01,6000000303,0.807
000000000010000150,1000,SP01,6000000304,12.204
000000000010000150,1000,SP01,6000000305,1.796
000000000010000153,2000,SP02,6000000306,2.000
000000000080000033,4000,SP04,6000000307,4.688
000000000080000033,4000,SP04,6000000308,0.312
000000000010000154,1000,SP01,6000000309,4.000
000000000010000155,3000,SP03,6000000310,4.000
000000000080000034,1000,SP01,6000000311,1.000
000000000010000157,2000,SP02,6000000312,2.000
000000000010000157,3000,SP03,6000000313,1.000
000000000030000024,1000,SP01,6000000314,2.000
000000000080000035,4000,SP04,6000000315,11.000
000000000080000035,2000,SP02,6000000316,7.000
000000000010000158,2000,SP02,6000000317,80.129
000000000010000158,2000,SP02,6000000318,0.281
000000000010000158,2000,SP02,6000000319,5.590
000000000010000159,2000,SP02,6000000320,5.000
000000000080000036,3000,SP03,6000000321,1.000
000000000010000161,4000,SP04,6000000322,32.443
000000000010000161,4000,SP04,6000000323,125.557
000000000010000161,3000,SP03,6000000324,8.004
000000000010000161,3000,SP03,6000000325,81.996
000000000010000163,4000,SP04,6000000326,60.000
000000000080000037,2000,SP02,6000000327,3.000
000000000080000037,1000,SP01,6000000328,1.732
000000000080000037,1000,SP01,6000000329,9.863
000000000080000037,1000,SP01,6000000330,19.259
000000000080000037,1000,SP01,6000000331,10.146
000000000010000164,3000,SP03,6000000332,12.259
000000000010000164,3000,SP03,6000000333,3.117
000000000010000164,3000,SP03,6000000334,8.624
000000000010000164,4000,SP04,6000000335,2.000
000000000010000166,2000,SP02,6000000336,9.000
000000000080000038,3000,SP03,6000000337,1.445
000000000080000038,3000,SP03,6000000338,0.586
000000000080000038,3000,SP03,6000000339,2.969
000000000010000169,4000,SP04,6000000340,4.732
000000000010000169,4000,SP04,6000000341,0.268
000000000010000170,3000,SP03,6000000342,4.272
000000000010000170,3000,SP03,6000000343,6.728
000000000080000039,1000,SP01,6000000344,2.000
000000000080000039,4000,SP04,6000000345,2.000
000000000010000171,2000,SP02,6000000346,3.000
000000000030000025,3000,SP03,6000000347,2.000
000000000030000026,3000,SP03,6000000348,1.000
000000000010000172,1000,SP01,6000000349,2.912
000000000010000172,1000,SP01,6000000350,0.531
000000000010000172,1000,SP01,6000000351,2.557
000000000030000027,2000,SP02,6000000352,3.000
000000000030000028,4000,SP04,6000000353,5.000
000000000010000173,3000,SP03,6000000354,2.000
000000000010000174,2000,SP02,6000000355,45.713
000000000010000174,2000,SP02,6000000356,16.100
000000000010000174,2000,SP02,6000000357,1.187
000000000010000174,3000,SP03,6000000358,204.000
000000000030000029,1000,SP01,6000000359,2.000
000000000010000175,4000,SP04,6000000360,13.000
000000000010000176,1000,SP01,6000000361,2.000
000000000010000177,3000,SP03,6000000362,3.000
000000000030000030,3000,SP03,6000000363,0.771
000000000030000030,3000,SP03,6000000364,6.229
000000000010000180,1000,SP01,6000000365,5.000
000000000010000180,4000,SP04,6000000366,5.000
000000000010000181,2000,SP02,6000000367,4.000
000000000010000183,1000,SP01,6000000368,0.592
000000000010000183,1000,SP01,6000000369,15.808
000000000010000183,1000,SP01,6000000370,9.077
000000000010000183,1000,SP01,6000000371,1.523
000000000010000183,2000,SP02,6000000372,7.000
000000000010000184,1000,SP01,6000000373,55.021
000000000010000184,1000,SP01,6000000374,198.979
000000000010000185,3000,SP03,6000000375,3.000
000000000010000187,3000,SP03,6000000376,346.032
000000000010000187,3000,SP03,6000000377,96.968
000000000010000188,2000,SP02,6000000378,12.449
000000000010000188,2000,SP02,6000000379,100.551
000000000010000190,3000,SP03,6000000380,16.166
000000000010000190,3000,SP03,6000000381,2.385
000000000010000190,3000,SP03,6000000382,3.449
000000000010000191,4000,SP04,6000000383,8.556
000000000010000191,4000,SP04,6000000384,39.444
000000000010000191,1000,SP01,6000000385,2.000
000000000080000040,1000,SP01,6000000386,13.470
000000000080000040,1000,SP01,6000000387,5.530
000000000010000192,3000,SP03,6000000388,9.000
000000000010000192,4000,SP04,6000000389,17.000
000000000010000193,3000,SP03,6000000390,0.106
000000000010000193,3000,SP03,6000000391,21.894
000000000080000041,1000,SP01,6000000392,4.000
000000000080000041,4000,SP04,6000000393,7.000
000000000090000006,1000,SP01,6000000394,16.000
000000000080000042,1000,SP01,6000000395,7.000
000000000010000194,1000,SP01,6000000396,5.869
000000000010000194,1000,SP01,6000000397,0.131
000000000010000194,4000,SP04,6000000398,0.914
000000000010000194,4000,SP04,6000000399,8.086
000000000030000031,3000,SP03,6000000400,4.000
000000000080000043,4000,SP04,6000000401,5.000
000000000080000044,1000,SP01,6000000402,11.974
000000000080000044,1000,SP01,6000000403,0.026
000000000010000195,1000,SP01,6000000404,1.000
000000000010000196,2000,SP02,6000000405,8.000
000000000090000007,2000,SP02,6000000406,20.000
000000000030000032,2000,SP02,6000000407,4.000
000000000080000045,4000,SP04,6000000408,3.000
000000000010000198,2000,SP02,6000000409,3.000
000000000080000046,4000,SP04,6000000410,3.000
000000000080000047,2000,SP02,6000000411,11.000
000000000010000201,3000,SP03,6000000412,2.000
000000000010000202,2000,SP02,6000000413,4.854
000000000010000202,2000,SP02,6000000414,4.574
000000000010000202,2000,SP02,6000000415,2.572
000000000030000035,4000,SP04,6000000416,1.100
000000000030000035,4000,SP04,6000000417,3.900
000000000030000036,1000,SP01,6000000418,1.000
000000000010000204,3000,SP03,6000000419,2.000
000000000010000204,1000,SP01,6000000420,1.000
000000000080000048,3000,SP03,6000000421,4.000
000000000010000206,3000,SP03,6000000422,78.000
000000000010000207,3000,SP03,6000000423,2.492
000000000010000207,3000,SP03,6000000424,1.504
000000000010000207,3000,SP03,6000000425,2.004
000000000030000038,4000,SP04,6000000426,1.000
000000000010000208,2000,SP02,6000000427,2.000
000000000090000008,1000,SP01,6000000428,10.912
000000000090000008,1000,SP01,6000000429,8.492
000000000090000008,1000,SP01,6000000430,17.596
000000000030000039,1000,SP01,6000000431,6.000
000000000010000210,4000,SP04,6000000432,84.076
000000000010000210,4000,SP04,6000000433,8.924
000000000010000210,1000,SP01,6000000434,26.066
000000000010000210,1000,SP01,6000000435,35.934
000000000080000049,4000,SP04,6000000436,10.000
000000000010000211,4000,SP04,6000000437,20.000
000000000080000050,2000,SP02,6000000438,2.965
000000000080000050,2000,SP02,6000000439,2.035
000000000010000213,4000,SP04,6000000440,1.623
000000000010000213,4000,SP04,6000000441,2.946
000000000010000213,4000,SP04,6000000442,0.431
000000000080000051,4000,SP04,6000000443,7.000
000000000010000214,4000,SP04,6000000444,3.000
000000000010000215,4000,SP04,6000000445,2.000
000000000010000216,4000,SP04,6000000446,127.000
000000000090000009,1000,SP01,6000000447,12.231
000000000090000009,1000,SP01,6000000448,18.769
000000000010000217,1000,SP01,6000000449,4.577
000000000010000217,1000,SP01,6000000450,4.830
000000000010000217,1000,SP01,6000000451,12.593
000000000010000218,4000,SP04,6000000452,2.000
000000000080000052,3000,SP03,6000000453,4.000
000000000080000053,1000,SP01,6000000454,6.000
000000000080000054,2000,SP02,6000000455,5.000
000000000080000054,4000,SP04,6000000456,1.000
000000000010000220,1000,SP01,6000000457,4.114
000000000010000220,1000,SP01,6000000458,0.886
000000000090000010,1000,SP01,6000000459,25.278
000000000090000010,1000,SP01,6000000460,3.722
000000000090000011,3000,SP03,6000000461,1.015
000000000090000011,3000,SP03,6000000462,10.985
000000000090000011,4000,SP04,6000000463,36.000
000000000030000040,1000,SP01,6000000464,1.549
000000000030000040,1000,SP01,6000000465,1.850
000000000030000040,1000,SP01,6000000466,2.601
000000000030000040,3000,SP03,6000000467,23.697
000000000030000040,3000,SP03,6000000468,0.303
000000000030000041,2000,SP02,6000000469,2.000
000000000090000012,1000,SP01,6000000470,3.738
000000000090000012,1000,SP01,6000000471,16.262
000000000010000221,2000,SP02,6000000472,13.000
000000000080000055,3000,SP03,6000000473,4.000
000000000010000223,1000,SP01,6000000474,1.000
000000000010000224,4000,SP04,6000000475,9.000
000000000010000225,2000,SP02,6000000476,58.156
000000000010000225,2000,SP02,6000000477,11.844
000000000010000226,4000,SP04,6000000478,9.505
000000000010000226,4000,SP04,6000000479,67.495
000000000010000226,1000,SP01,6000000480,2.377
000000000010000226,1000,SP01,6000000481,18.377
000000000010000226,1000,SP01,6000000482,20.246
000000000080000056,3000,SP03,6000000483,3.770
000000000080000056,3000,SP03,6000000484,4.251
000000000080000056,3000,SP03,6000000485,1.979
000000000090000013,3000,SP03,6000000486,7.750
000000000090000013,3000,SP03,6000000487,2.208
000000000090000013,3000,SP03,6000000488,2.042
000000000080000057,1000,SP01,6000000489,2.916
000000000080000057,1000,SP01,6000000490,11.084
000000000010000228,4000,SP04,6000000491,25.000
000000000080000058,2000,SP02,6000000492,4.000
000000000010000229,2000,SP02,6000000493,2.376
000000000010000229,2000,SP02,6000000494,243.397
000000000010000229,2000,SP02,6000000495,17.227
000000000010000229,3000,SP03,6000000496,32.000
000000000030000043,3000,SP03,6000000497,3.000
000000000010000230,3000,SP03,6000000498,1.664
000000000010000230,3000,SP03,6000000499,0.268
000000000010000230,3000,SP03,6000000500,3.068
000000000010000230,1000,SP01,6000000501,5.613
000000000010000230,1000,SP01,6000000502,3.387
000000000030000045,2000,SP02,6000000503,2.068
000000000030000045,2000,SP02,6000000504,0.511
000000000030000045,2000,SP02,6000000505,2.421
000000000010000232,2000,SP02,6000000506,2.000
000000000010000233,2000,SP02,6000000507,17.000
000000000010000234,2000,SP02,6000000508,6.000
000000000010000235,1000,SP01,6000000509,1.789
000000000010000235,1000,SP01,6000000510,2.293
000000000010000235,1000,SP01,6000000511,1.918
000000000030000046,3000,SP03,6000000512,3.091
000000000030000046,3000,SP03,6000000513,6.909
000000000030000046,4000,SP04,6000000514,1.000
000000000010000236,4000,SP04,6000000515,10.000
000000000010000238,3000,SP03,6000000516,2.781
000000000010000238,3000,SP03,6000000517,3.219
000000000010000238,2000,SP02,6000000518,3.000
000000000030000048,4000,SP04,6000000519,8.000
000000000010000239,1000,SP01,6000000520,30.000
000000000010000239,4000,SP04,6000000521,76.639
000000000010000239,4000,SP04,6000000522,57.361
000000000010000240,4000,SP04,6000000523,24.601
000000000010000240,4000,SP04,6000000524,10.399
000000000010000241,1000,SP01,6000000525,7.877
000000000010000241,1000,SP01,6000000526,0.420
000000000010000241,1000,SP01,6000000527,1.703
000000000010000242,2000,SP02,6000000528,0.438
000000000010000242,2000,SP02,6000000529,7.562
000000000010000242,1000,SP01,6000000530,8.000
000000000030000049,2000,SP02,6000000531,3.000
000000000090000014,1000,SP01,6000000532,16.000
000000000010000244,4000,SP04,6000000533,1.650
000000000010000244,4000,SP04,6000000534,1.041
000000000010000244,4000,SP04,6000000535,3.309
000000000010000245,4000,SP04,6000000536,15.000
000000000010000245,3000,SP03,6000000537,10.000
000000000010000246,3000,SP03,6000000538,65.000
000000000010000247,2000,SP02,6000000539,3.000
000000000010000248,4000,SP04,6000000540,1.000
000000000080000059,4000,SP04,6000000541,2.000
000000000030000050,3000,SP03,6000000542,3.000
000000000010000249,1000,SP01,6000000543,3.416
000000000010000249,1000,SP01,6000000544,9.471
000000000010000249,1000,SP01,6000000545,0.201
000000000010000249,1000,SP01,6000000546,7.912
000000000080000060,2000,SP02,6000000547,3.000
000000000080000060,3000,SP03,6000000548,18.000
000000000080000061,2000,SP02,6000000549,9.000
000000000080000062,1000,SP01,6000000550,5.000
000000000010000250,3000,SP03,6000000551,5.826
000000000010000250,3000,SP03,6000000552,1.174
000000000080000063,1000,SP01,6000000553,2.856
000000000080000063,1000,SP01,6000000554,3.144
000000000080000063,2000,SP02,6000000555,0.119
000000000080000063,2000,SP02,6000000556,1.121
000000000080000063,2000,SP02,6000000557,3.760
000000000010000251,1000,SP01,6000000558,4.000
000000000010000252,4000,SP04,6000000559,6.593
000000000010000252,4000,SP04,6000000560,8.407
000000000010000252,3000,SP03,6000000561,22.000
000000000010000253,2000,SP02,6000000562,46.270
000000000010000253,2000,SP02,6000000563,56.730
000000000030000051,1000,SP01,6000000564,4.000
000000000010000254,2000,SP02,6000000565,4.838
000000000010000254,2000,SP02,6000000566,4.648
000000000010000254,2000,SP02,6000000567,9.514
000000000010000255,3000,SP03,6000000568,4.000
000000000010000256,3000,SP03,6000000569,48.000
000000000090000015,2000,SP02,6000000570,0.794
000000000090000015,2000,SP02,6000000571,0.571
000000000090000015,2000,SP02,6000000572,14.109
000000000090000015,2000,SP02,6000000573,5.526
000000000090000015,4000,SP04,6000000574,36.000
000000000030000052,1000,SP01,6000000575,2.000
000000000010000257,1000,SP01,6000000576,1.366
000000000010000257,1000,SP01,6000000577,2.564
000000000010000257,1000,SP01,6000000578,3.449
000000000010000257,1000,SP01,6000000579,1.621
000000000010000259,2000,SP02,6000000580,3.000
000000000010000259,4000,SP04,6000000581,5.000
000000000080000064,1000,SP01,6000000582,9.000
000000000010000260,3000,SP03,6000000583,36.000
000000000080000065,1000,SP01,6000000584,2.000
000000000080000065,4000,SP04,6000000585,5.006
000000000080000065,4000,SP04,6000000586,0.701
000000000080000065,4000,SP04,6000000587,1.293
000000000010000264,2000,SP02,6000000588,6.000
000000000010000265,1000,SP01,6000000589,32.000
000000000010000266,1000,SP01,6000000590,10.813
000000000010000266,1000,SP01,6000000591,10.187
000000000080000066,1000,SP01,6000000592,0.284
000000000080000066,1000,SP01,6000000593,2.913
000000000080000066,1000,SP01,6000000594,1.624
000000000080000066,1000,SP01,6000000595,0.179
000000000030000055,4000,SP04,6000000596,4.000
000000000030000055,1000,SP01,6000000597,2.000
000000000010000267,3000,SP03,6000000598,4.000
000000000030000056,2000,SP02,6000000599,1.241
000000000030000056,2000,SP02,6000000600,3.759
000000000010000268,4000,SP04,6000000601,6.000
000000000010000269,2000,SP02,6000000602,45.000
000000000080000067,4000,SP04,6000000603,0.850
000000000080000067,4000,SP04,6000000604,4.040
000000000080000067,4000,SP04,6000000605,6.448
000000000080000067,4000,SP04,6000000606,1.662
000000000080000068,1000,SP01,6000000607,5.240
000000000080000068,1000,SP01,6000000608,3.760
000000000080000068,4000,SP04,6000000609,13.000
000000000010000272,2000,SP02,6000000610,35.655
000000000010000272,2000,SP02,6000000611,14.468
000000000010000272,2000,SP02,6000000612,18.877
000000000030000057,4000,SP04,6000000613,5.000
000000000030000058,2000,SP02,6000000614,1.000
000000000010000274,3000,SP03,6000000615,2.210
000000000010000274,3000,SP03,6000000616,0.712
000000000010000274,3000,SP03,6000000617,4.078
000000000080000069,2000,SP02,6000000618,4.000
000000000080000069,1000,SP01,6000000619,4.000
000000000080000070,2000,SP02,6000000620,0.914
000000000080000070,2000,SP02,6000000621,2.199
000000000080000070,2000,SP02,6000000622,0.280
000000000080000070,2000,SP02,6000000623,3.607
000000000010000275,3000,SP03,6000000624,7.000
000000000030000060,3000,SP03,6000000625,1.703
000000000030000060,3000,SP03,6000000626,0.155
000000000030000060,3000,SP03,6000000627,4.142
000000000010000277,1000,SP01,6000000628,18.000
000000000010000277,3000,SP03,6000000629,11.000
000000000010000278,2000,SP02,6000000630,9.000
000000000010000278,4000,SP04,6000000631,3.000
000000000010000279,4000,SP04,6000000632,0.342
000000000010000279,4000,SP04,6000000633,4.658
000000000010000282,1000,SP01,6000000634,39.633
000000000010000282,1000,SP01,6000000635,6.367
000000000030000061,4000,SP04,6000000636,5.122
000000000030000061,4000,SP04,6000000637,4.878
000000000010000283,3000,SP03,6000000638,4.000
000000000010000285,3000,SP03,6000000639,4.000
000000000080000071,3000,SP03,6000000640,4.000
000000000080000071,1000,SP01,6000000641,8.000
000000000010000286,1000,SP01,6000000642,44.000
000000000010000287,1000,SP01,6000000643,96.000
000000000010000288,4000,SP04,6000000644,11.000
000000000010000290,1000,SP01,6000000645,15.000
000000000010000291,1000,SP01,6000000646,3.000
000000000010000294,1000,SP01,6000000647,3.000
000000000080000072,1000,SP01,6000000648,2.000
000000000010000295,3000,SP03,6000000649,1.867
000000000010000295,3000,SP03,6000000650,3.133
000000000010000296,1000,SP01,6000000651,84.000
000000000010000298,2000,SP02,6000000652,6.905
000000000010000298,2000,SP02,6000000653,32.296
000000000010000298,2000,SP02,6000000654,15.799
000000000010000299,2000,SP02,6000000655,56.000
000000000080000073,4000,SP04,6000000656,3.000
000000000010000300,2000,SP02,6000000657,19.127
000000000010000300,2000,SP02,6000000658,0.873
000000000010000302,2000,SP02,6000000659,275.000
000000000010000303,2000,SP02,6000000660,14.000
000000000010000303,1000,SP01,6000000661,2.000
000000000010000304,1000,SP01,6000000662,4.000
000000000080000074,1000,SP01,6000000663,3.000
000000000080000075,4000,SP04,6000000664,6.609
000000000080000075,4000,SP04,6000000665,0.391
000000000010000308,3000,SP03,6000000666,11.000
000000000010000309,3000,SP03,6000000667,3.000
000000000010000309,4000,SP04,6000000668,9.000
000000000030000063,4000,SP04,6000000669,3.000
000000000010000313,2000,SP02,6000000670,4.000
000000000010000314,4000,SP04,6000000671,6.129
000000000010000314,4000,SP04,6000000672,1.871
000000000010000315,4000,SP04,6000000673,0.962
000000000010000315,4000,SP04,6000000674,9.038
000000000010000316,1000,SP01,6000000675,2.519
000000000010000316,1000,SP01,6000000676,4.481
000000000010000317,4000,SP04,6000000677,10.265
000000000010000317,4000,SP04,6000000678,6.735
000000000010000317,1000,SP01,6000000679,3.000
000000000010000319,1000,SP01,6000000680,6.000
000000000010000319,4000,SP04,6000000681,11.000
000000000030000064,4000,SP04,6000000682,6.000
000000000030000064,1000,SP01,6000000683,2.000
000000000010000320,3000,SP03,6000000684,1.000
000000000010000320,2000,SP02,6000000685,2.000
000000000010000321,1000,SP01,6000000686,2.000
000000000030000066,3000,SP03,6000000687,3.000
000000000010000323,1000,SP01,6000000688,1.000
000000000010000324,3000,SP03,6000000689,1.000
000000000010000327,4000,SP04,6000000690,6.479
000000000010000327,4000,SP04,6000000691,3.521
000000000030000068,1000,SP01,6000000692,2.000
000000000010000328,4000,SP04,6000000693,51.000
000000000010000329,1000,SP01,6000000694,26.162
000000000010000329,1000,SP01,6000000695,16.426
000000000010000329,1000,SP01,6000000696,127.412
000000000030000069,3000,SP03,6000000697,2.000
000000000010000330,4000,SP04,6000000698,2.000
000000000010000330,2000,SP02,6000000699,5.000
000000000010000331,4000,SP04,6000000700,10.000
000000000010000332,3000,SP03,6000000701,1.000
000000000010000333,3000,SP03,6000000702,2.000
000000000080000076,1000,SP01,6000000703,7.000
000000000010000335,2000,SP02,6000000704,9.783
000000000010000335,2000,SP02,6000000705,1.110
000000000010000335,2000,SP02,6000000706,1.107
000000000090000016,4000,SP04,6000000707,29.000
000000000010000336,2000,SP02,6000000708,1.000
000000000030000070,1000,SP01,6000000709,2.000
000000000010000337,1000,SP01,6000000710,1.000
000000000080000077,2000,SP02,6000000711,2.306
000000000080000077,2000,SP02,6000000712,3.638
000000000080000077,2000,SP02,6000000713,0.045
000000000080000077,2000,SP02,6000000714,0.011
000000000030000071,3000,SP03,6000000715,4.000
000000000010000338,4000,SP04,6000000716,34.000
000000000010000338,1000,SP01,6000000717,68.000
000000000010000339,4000,SP04,6000000718,2.000
000000000010000340,3000,SP03,6000000719,7.000
000000000010000341,3000,SP03,6000000720,166.431
000000000010000341,3000,SP03,6000000721,23.569
000000000010000341,4000,SP04,6000000722,4.652
000000000010000341,4000,SP04,6000000723,1.348
000000000010000343,1000,SP01,6000000724,83.000
000000000010000344,4000,SP04,6000000725,6.636
000000000010000344,4000,SP04,6000000726,0.364
000000000010000345,4000,SP04,6000000727,4.000
000000000010000346,4000,SP04,6000000728,6.000
000000000080000079,2000,SP02,6000000729,4.330
000000000080000079,2000,SP02,6000000730,9.670
000000000080000079,4000,SP04,6000000731,4.000
000000000010000347,4000,SP04,6000000732,1.000
000000000010000347,3000,SP03,6000000733,2.000
000000000010000348,3000,SP03,6000000734,4.000
000000000010000349,4000,SP04,6000000735,32.000
000000000030000072,4000,SP04,6000000736,2.000
000000000010000350,2000,SP02,6000000737,5.471
000000000010000350,2000,SP02,6000000738,9.529
000000000010000351,3000,SP03,6000000739,50.000
000000000010000353,3000,SP03,6000000740,4.000
000000000010000354,2000,SP02,6000000741,1.000
000000000030000073,3000,SP03,6000000742,2.000
000000000010000355,4000,SP04,6000000743,243.000
000000000010000356,2000,SP02,6000000744,9.643
000000000010000356,2000,SP02,6000000745,30.643
000000000010000356,2000,SP02,6000000746,6.714
000000000010000357,4000,SP04,6000000747,4.000
000000000010000358,4000,SP04,6000000748,6.000
000000000010000359,2000,SP02,6000000749,4.000
000000000010000359,2000,SP02,6000000750,8.000
000000000010000360,2000,SP02,6000000751,91.000
000000000010000360,1000,SP01,6000000752,47.000
000000000010000361,1000,SP01,6000000753,144.000
000000000030000074,4000,SP04,6000000754,3.000
000000000010000362,4000,SP04,6000000755,39.802
000000000010000362,4000,SP04,6000000756,22.198
000000000010000363,3000,SP03,6000000757,32.982
000000000010000363,3000,SP03,6000000758,46.018
000000000010000366,1000,SP01,6000000759,11.000
000000000010000368,2000,SP02,6000000760,2.000
000000000080000080,4000,SP04,6000000761,1.000
000000000010000369,1000,SP01,6000000762,51.000
000000000010000369,4000,SP04,6000000763,66.000
000000000010000370,3000,SP03,6000000764,77.636
000000000010000370,3000,SP03,6000000765,158.364
000000000080000081,4000,SP04,6000000766,4.000
000000000030000077,1000,SP01,6000000767,1.000
000000000010000372,2000,SP02,6000000768,9.153
000000000010000372,2000,SP02,6000000769,1.518
000000000010000372,2000,SP02,6000000770,0.329
000000000080000082,4000,SP04,6000000771,3.000
000000000010000373,4000,SP04,6000000772,12.000
000000000010000374,4000,SP04,6000000773,11.000
000000000010000374,2000,SP02,6000000774,2.000
000000000080000083,1000,SP01,6000000775,11.000
000000000080000083,3000,SP03,6000000776,3.613
000000000080000083,3000,SP03,6000000777,1.387
000000000010000375,4000,SP04,6000000778,1.000
000000000080000084,4000,SP04,6000000779,0.352
000000000080000084,4000,SP04,6000000780,1.035
000000000080000084,4000,SP04,6000000781,7.789
000000000080000084,4000,SP04,6000000782,4.824
000000000010000376,2000,SP02,6000000783,3.117
000000000010000376,2000,SP02,6000000784,2.883
000000000010000378,2000,SP02,6000000785,2.000
000000000090000017,4000,SP04,6000000786,5.808
000000000090000017,4000,SP04,6000000787,17.063
000000000090000017,4000,SP04,6000000788,10.129
000000000080000085,3000,SP03,6000000789,12.000
000000000080000086,1000,SP01,6000000790,1.000
000000000010000379,3000,SP03,6000000791,1.000
000000000010000379,4000,SP04,6000000792,1.000
000000000080000087,3000,SP03,6000000793,12.000
000000000030000078,4000,SP04,6000000794,3.000
000000000030000079,4000,SP04,6000000795,2.000
000000000010000380,2000,SP02,6000000796,16.000
000000000010000380,4000,SP04,6000000797,28.000
000000000010000381,1000,SP01,6000000798,1.865
000000000010000381,1000,SP01,6000000799,4.040
000000000010000381,1000,SP01,6000000800,13.767
000000000010000381,1000,SP01,6000000801,4.328
000000000010000383,3000,SP03,6000000802,0.348
000000000010000383,3000,SP03,6000000803,53.998
000000000010000383,3000,SP03,6000000804,28.654
000000000010000384,1000,SP01,6000000805,11.000
000000000030000080,4000,SP04,6000000806,1.000
000000000010000385,2000,SP02,6000000807,29.803
000000000010000385,2000,SP02,6000000808,97.528
000000000010000385,2000,SP02,6000000809,14.669
000000000010000385,3000,SP03,6000000810,49.297
000000000010000385,3000,SP03,6000000811,2.703
000000000080000088,1000,SP01,6000000812,3.000
000000000030000082,1000,SP01,6000000813,3.000
000000000010000386,4000,SP04,6000000814,28.249
000000000010000386,4000,SP04,6000000815,12.765
000000000010000386,4000,SP04,6000000816,11.986
000000000080000089,1000,SP01,6000000817,3.000
000000000030000083,1000,SP01,6000000818,3.000
000000000090000018,2000,SP02,6000000819,0.359
000000000090000018,2000,SP02,6000000820,4.517
000000000090000018,2000,SP02,6000000821,18.124
000000000010000388,4000,SP04,6000000822,1.000
000000000010000390,3000,SP03,6000000823,2.000
000000000030000084,3000,SP03,6000000824,2.000
000000000010000391,4000,SP04,6000000825,6.000
000000000030000085,3000,SP03,6000000826,4.000
000000000010000392,2000,SP02,6000000827,17.000
000000000010000393,2000,SP02,6000000828,3.000
000000000010000395,2000,SP02,6000000829,2.000
000000000010000396,3000,SP03,6000000830,8.000
000000000090000019,2000,SP02,6000000831,35.242
000000000090000019,2000,SP02,6000000832,1.758
000000000010000397,4000,SP04,6000000833,13.000
000000000010000399,2000,SP02,6000000834,14.000
000000000010000399,4000,SP04,6000000835,3.965
000000000010000399,4000,SP04,6000000836,2.035
000000000010000400,2000,SP02,6000000837,4.000
000000000010000400,3000,SP03,6000000838,7.000
000000000080000091,4000,SP04,6000000839,10.080
000000000080000091,4000,SP04,6000000840,5.920
000000000010000402,2000,SP02,6000000841,4.000
000000000010000402,4000,SP04,6000000842,11.000
000000000010000403,1000,SP01,6000000843,8.829
000000000010000403,1000,SP01,6000000844,18.171
000000000030000086,2000,SP02,6000000845,4.000
000000000010000404,2000,SP02,6000000846,9.000
000000000010000404,4000,SP04,6000000847,7.000
000000000010000405,1000,SP01,6000000848,37.522
000000000010000405,1000,SP01,6000000849,10.558
000000000010000405,1000,SP01,6000000850,47.920
000000000010000406,2000,SP02,6000000851,2.000
000000000080000092,3000,SP03,6000000852,3.000
000000000010000407,2000,SP02,6000000853,28.453
000000000010000407,2000,SP02,6000000854,9.547
000000000010000408,2000,SP02,6000000855,4.000
000000000010000408,4000,SP04,6000000856,13.000
000000000090000020,1000,SP01,6000000857,17.950
000000000090000020,1000,SP01,6000000858,4.050
000000000010000409,1000,SP01,6000000859,22.000
000000000010000409,4000,SP04,6000000860,10.000
000000000090000021,2000,SP02,6000000861,13.000
000000000080000093,4000,SP04,6000000862,10.452
000000000080000093,4000,SP04,6000000863,18.989
000000000080000093,4000,SP04,6000000864,12.559
000000000080000094,2000,SP02,6000000865,2.241
000000000080000094,2000,SP02,6000000866,9.759
000000000030000087,2000,SP02,6000000867,2.000
000000000080000095,4000,SP04,6000000868,5.000
000000000080000095,1000,SP01,6000000869,13.391
000000000080000095,1000,SP01,6000000870,3.609
000000000010000411,1000,SP01,6000000871,1.676
000000000010000411,1000,SP01,6000000872,13.324
000000000010000412,1000,SP01,6000000873,109.000
000000000010000412,4000,SP04,6000000874,41.000
000000000010000413,3000,SP03,6000000875,2.000
000000000010000414,4000,SP04,6000000876,130.490
000000000010000414,4000,SP04,6000000877,17.510
000000000030000088,4000,SP04,6000000878,1.000
000000000010000415,2000,SP02,6000000879,16.000
000000000010000416,1000,SP01,6000000880,61.000
000000000010000416,2000,SP02,6000000881,62.000
000000000010000417,3000,SP03,6000000882,2.398
000000000010000417,3000,SP03,6000000883,14.602
000000000030000089,2000,SP02,6000000884,3.000
000000000030000089,4000,SP04,6000000885,2.000
000000000090000022,3000,SP03,6000000886,6.923
000000000090000022,3000,SP03,6000000887,19.077
000000000010000418,4000,SP04,6000000888,4.000
000000000010000418,1000,SP01,6000000889,3.000
000000000010000420,3000,SP03,6000000890,1.000
000000000010000420,1000,SP01,6000000891,2.000
000000000080000096,2000,SP02,6000000892,0.752
000000000080000096,2000,SP02,6000000893,7.328
000000000080000096,2000,SP02,6000000894,1.920
000000000010000422,3000,SP03,6000000895,0.617
000000000010000422,3000,SP03,6000000896,15.383
000000000010000423,3000,SP03,6000000897,4.000
000000000010000423,4000,SP04,6000000898,3.000
000000000010000425,4000,SP04,6000000899,3.000
000000000010000426,1000,SP01,6000000900,4.000
000000000010000427,2000,SP02,6000000901,162.000
000000000010000428,4000,SP04,6000000902,1.000
000000000010000428,2000,SP02,6000000903,2.000
000000000010000430,4000,SP04,6000000904,8.000
000000000010000431,1000,SP01,6000000905,6.874
000000000010000431,1000,SP01,6000000906,8.586
000000000010000431,1000,SP01,6000000907,1.540
000000000010000432,4000,SP04,6000000908,15.000
000000000030000090,4000,SP04,6000000909,4.000
000000000030000090,3000,SP03,6000000910,1.000
000000000010000433,1000,SP01,6000000911,10.000
000000000010000435,1000,SP01,6000000912,4.000
000000000010000435,3000,SP03,6000000913,3.000
000000000010000436,2000,SP02,6000000914,40.000
000000000010000437,4000,SP04,6000000915,29.797
000000000010000437,4000,SP04,6000000916,47.647
000000000010000437,4000,SP04,6000000917,59.556
000000000010000438,3000,SP03,6000000918,1.000
000000000010000438,4000,SP04,6000000919,1.000
000000000010000439,2000,SP02,6000000920,1.296
000000000010000439,2000,SP02,6000000921,3.704
000000000030000092,2000,SP02,6000000922,4.000
000000000010000441,2000,SP02,6000000923,16.000
000000000080000097,3000,SP03,6000000924,3.000
000000000080000097,4000,SP04,6000000925,1.000
000000000010000442,4000,SP04,6000000926,7.165
000000000010000442,4000,SP04,6000000927,0.842
000000000010000442,4000,SP04,6000000928,9.089
000000000010000442,4000,SP04,6000000929,0.904
000000000010000443,3000,SP03,6000000930,18.608
000000000010000443,3000,SP03,6000000931,4.392
000000000010000444,4000,SP04,6000000932,1.000
000000000010000446,3000,SP03,6000000933,11.887
000000000010000446,3000,SP03,6000000934,62.113
000000000010000446,1000,SP01,6000000935,116.000
000000000030000093,1000,SP01,6000000936,4.000
000000000080000098,1000,SP01,6000000937,13.000
000000000010000448,2000,SP02,6000000938,1.000
000000000010000448,1000,SP01,6000000939,8.000
000000000010000449,4000,SP04,6000000940,6.000
000000000010000449,2000,SP02,6000000941,7.000
000000000030000094,3000,SP03,6000000942,1.000
000000000010000450,1000,SP01,6000000943,0.376
000000000010000450,1000,SP01,6000000944,14.624
000000000090000023,4000,SP04,6000000945,9.000
000000000010000451,2000,SP02,6000000946,79.000
000000000010000452,4000,SP04,6000000947,55.942
000000000010000452,4000,SP04,6000000948,0.766
000000000010000452,4000,SP04,6000000949,12.292
000000000010000454,2000,SP02,6000000950,6.000
000000000080000099,4000,SP04,6000000951,2.000
000000000010000455,2000,SP02,6000000952,0.346
000000000010000455,2000,SP02,6000000953,8.654
000000000010000456,3000,SP03,6000000954,5.000
000000000080000100,2000,SP02,6000000955,23.000
000000000080000100,3000,SP03,6000000956,5.726
000000000080000100,3000,SP03,6000000957,3.101
000000000080000100,3000,SP03,6000000958,1.173
000000000010000462,4000,SP04,6000000959,0.398
000000000010000462,4000,SP04,6000000960,24.602
000000000030000096,1000,SP01,6000000961,3.000
000000000030000097,2000,SP02,6000000962,3.000
000000000010000465,4000,SP04,6000000963,3.000
000000000010000469,3000,SP03,6000000964,3.933
000000000010000469,3000,SP03,6000000965,19.771
000000000010000469,3000,SP03,6000000966,80.538
000000000010000469,3000,SP03,6000000967,94.758
000000000030000098,1000,SP01,6000000968,2.000
000000000010000470,4000,SP04,6000000969,2.005
000000000010000470,4000,SP04,6000000970,8.995
000000000010000471,1000,SP01,6000000971,89.000
000000000090000024,4000,SP04,6000000972,15.000
000000000090000024,2000,SP02,6000000973,5.348
000000000090000024,2000,SP02,6000000974,18.652
000000000010000472,3000,SP03,6000000975,67.000
000000000010000473,2000,SP02,6000000976,4.000
000000000010000473,4000,SP04,6000000977,3.000
000000000080000101,2000,SP02,6000000978,1.927
000000000080000101,2000,SP02,6000000979,7.073
000000000010000475,1000,SP01,6000000980,3.000
000000000030000099,1000,SP01,6000000981,3.982
000000000030000099,1000,SP01,6000000982,3.018
000000000080000102,1000,SP01,6000000983,9.000
000000000080000103,2000,SP02,6000000984,3.000
000000000030000100,3000,SP03,6000000985,0.090
000000000030000100,3000,SP03,6000000986,0.172
000000000030000100,3000,SP03,6000000987,2.835
000000000030000100,3000,SP03,6000000988,1.903
000000000010000476,4000,SP04,6000000989,23.000
000000000090000025,3000,SP03,6000000990,22.850
000000000090000025,3000,SP03,6000000991,4.150
000000000090000026,2000,SP02,6000000992,35.000
000000000010000477,2000,SP02,6000000993,3.333
000000000010000477,2000,SP02,6000000994,1.511
000000000010000477,2000,SP02,6000000995,1.156
000000000030000101,4000,SP04,6000000996,3.000
000000000030000102,1000,SP01,6000000997,4.000
000000000030000102,4000,SP04,6000000998,3.000
000000000080000104,3000,SP03,6000000999,4.579
000000000080000104,3000,SP03,6000001000,2.600
000000000080000104,3000,SP03,6000001001,2.821
000000000080000104,2000,SP02,6000001002,7.751
000000000080000104,2000,SP02,6000001003,16.249
000000000010000480,1000,SP01,6000001004,2.000
000000000010000480,3000,SP03,6000001005,1.000
000000000010000481,4000,SP04,6000001006,2.000
000000000010000482,1000,SP01,6000001007,6.883
000000000010000482,1000,SP01,6000001008,12.117
000000000010000483,3000,SP03,6000001009,9.329
000000000010000483,3000,SP03,6000001010,1.671
000000000010000483,2000,SP02,6000001011,5.000
000000000010000484,2000,SP02,6000001012,12.000
000000000010000485,3000,SP03,6000001013,1.000
000000000080000105,1000,SP01,6000001014,2.000
000000000010000486,3000,SP03,6000001015,38.679
000000000010000486,3000,SP03,6000001016,1.321
000000000010000488,3000,SP03,6000001017,13.865
000000000010000488,3000,SP03,6000001018,6.135
000000000080000106,2000,SP02,6000001019,3.000
000000000010000490,2000,SP02,6000001020,8.000
000000000080000107,2000,SP02,6000001021,8.000
000000000090000027,2000,SP02,6000001022,31.000
000000000090000027,1000,SP01,6000001023,28.094
000000000090000027,1000,SP01,6000001024,0.906
000000000010000491,3000,SP03,6000001025,15.674
000000000010000491,3000,SP03,6000001026,0.326
000000000010000492,1000,SP01,6000001027,21.000
000000000080000108,2000,SP02,6000001028,5.000
000000000010000493,3000,SP03,6000001029,9.000
000000000080000109,3000,SP03,6000001030,17.325
000000000080000109,3000,SP03,6000001031,0.675
000000000010000496,3000,SP03,6000001032,2.000
000000000030000105,3000,SP03,6000001033,4.000
000000000010000497,4000,SP04,6000001034,2.000
000000000010000497,1000,SP01,6000001035,3.000
000000000090000028,4000,SP04,6000001036,36.000
000000000090000028,2000,SP02,6000001037,6.239
000000000090000028,2000,SP02,6000001038,11.761
000000000010000498,1000,SP01,6000001039,93.000
000000000010000499,4000,SP04,6000001040,1.000
000000000010000500,2000,SP02,6000001041,8.000
000000000010000500,4000,SP04,6000001042,8.000
000000000030000106,2000,SP02,6000001043,1.000
000000000080000110,2000,SP02,6000001044,2.520
000000000080000110,2000,SP02,6000001045,2.480
000000000080000111,1000,SP01,6000001046,2.597
000000000080000111,1000,SP01,6000001047,7.403
000000000010000502,2000,SP02,6000001048,103.000
000000000010000503,3000,SP03,6000001049,2.112
000000000010000503,3000,SP03,6000001050,8.138
000000000010000503,3000,SP03,6000001051,69.750
000000000010000504,1000,SP01,6000001052,7.000
000000000010000505,1000,SP01,6000001053,45.771
000000000010000505,1000,SP01,6000001054,20.647
000000000010000505,1000,SP01,6000001055,6.582
000000000010000506,1000,SP01,6000001056,0.325
000000000010000506,1000,SP01,6000001057,4.675
000000000010000507,1000,SP01,6000001058,57.996
000000000010000507,1000,SP01,6000001059,35.004
000000000010000508,2000,SP02,6000001060,2.000
000000000010000512,1000,SP01,6000001061,1.000
000000000010000514,1000,SP01,6000001062,2.074
000000000010000514,1000,SP01,6000001063,0.831
000000000010000514,1000,SP01,6000001064,1.614
000000000010000514,1000,SP01,6000001065,3.481
000000000010000517,4000,SP04,6000001066,2.000
000000000010000517,2000,SP02,6000001067,1.000
000000000010000518,2000,SP02,6000001068,38.000
000000000030000107,3000,SP03,6000001069,4.000
000000000010000519,2000,SP02,6000001070,1.000
000000000010000520,3000,SP03,6000001071,36.000
000000000010000521,1000,SP01,6000001072,12.077
000000000010000521,1000,SP01,6000001073,16.001
000000000010000521,1000,SP01,6000001074,118.922
000000000030000108,2000,SP02,6000001075,3.000
000000000030000108,1000,SP01,6000001076,4.000
000000000010000523,3000,SP03,6000001077,36.000
000000000030000109,1000,SP01,6000001078,3.000
000000000030000109,2000,SP02,6000001079,11.000
000000000010000524,3000,SP03,6000001080,22.000
000000000010000524,1000,SP01,6000001081,2.000
000000000090000029,4000,SP04,6000001082,0.422
000000000090000029,4000,SP04,6000001083,10.579
000000000090000029,4000,SP04,6000001084,2.999
000000000080000112,4000,SP04,6000001085,11.000
000000000080000112,1000,SP01,6000001086,5.000
000000000010000526,1000,SP01,6000001087,2.327
000000000010000526,1000,SP01,6000001088,5.673
000000000010000528,1000,SP01,6000001089,1.000
000000000010000529,1000,SP01,6000001090,1.000
000000000080000113,3000,SP03,6000001091,5.395
000000000080000113,3000,SP03,6000001092,5.605
000000000010000531,3000,SP03,6000001093,8.331
000000000010000531,3000,SP03,6000001094,55.669
000000000010000531,4000,SP04,6000001095,33.471
000000000010000531,4000,SP04,6000001096,26.529
000000000080000114,2000,SP02,6000001097,1.000
000000000010000532,3000,SP03,6000001098,5.000
000000000030000110,2000,SP02,6000001099,1.000
000000000010000533,3000,SP03,6000001100,10.181
000000000010000533,3000,SP03,6000001101,8.819
000000000010000534,2000,SP02,6000001102,10.170
000000000010000534,2000,SP02,6000001103,121.100
000000000010000534,2000,SP02,6000001104,7.730
000000000010000535,1000,SP01,6000001105,3.000
000000000010000536,4000,SP04,6000001106,2.000
000000000010000536,3000,SP03,6000001107,0.296
000000000010000536,3000,SP03,6000001108,5.959
000000000010000536,3000,SP03,6000001109,4.745
000000000010000537,1000,SP01,6000001110,96.000
000000000080000115,3000,SP03,6000001111,18.000
000000000010000538,1000,SP01,6000001112,5.637
000000000010000538,1000,SP01,6000001113,13.363
000000000090000030,1000,SP01,6000001114,3.131
000000000090000030,1000,SP01,6000001115,11.075
000000000090000030,1000,SP01,6000001116,4.794
000000000010000539,1000,SP01,6000001117,1.000
000000000010000539,2000,SP02,6000001118,1.000
000000000010000541,1000,SP01,6000001119,17.000
000000000010000541,3000,SP03,6000001120,5.000
000000000030000112,2000,SP02,6000001121,1.000
000000000080000116,1000,SP01,6000001122,4.000
000000000010000542,4000,SP04,6000001123,17.913
000000000010000542,4000,SP04,6000001124,54.087
000000000030000113,4000,SP04,6000001125,2.000
000000000030000114,3000,SP03,6000001126,6.000
000000000010000543,3000,SP03,6000001127,2.714
000000000010000543,3000,SP03,6000001128,1.449
000000000010000543,3000,SP03,6000001129,1.837
000000000080000117,4000,SP04,6000001130,3.000
000000000030000115,3000,SP03,6000001131,4.000
000000000030000116,1000,SP01,6000001132,3.000
000000000010000546,4000,SP04,6000001133,261.000
000000000010000546,3000,SP03,6000001134,12.000
000000000010000547,2000,SP02,6000001135,2.000
000000000010000548,4000,SP04,6000001136,5.431
000000000010000548,4000,SP04,6000001137,0.569
000000000080000118,3000,SP03,6000001138,5.000
000000000010000549,4000,SP04,6000001139,4.903
000000000010000549,4000,SP04,6000001140,0.097
000000000010000550,1000,SP01,6000001141,3.284
000000000010000550,1000,SP01,6000001142,5.716
000000000030000117,4000,SP04,6000001143,1.000
000000000010000552,1000,SP01,6000001144,2.000
000000000010000553,1000,SP01,6000001145,4.000
000000000030000118,4000,SP04,6000001146,1.000
000000000030000119,3000,SP03,6000001147,4.000
000000000030000120,3000,SP03,6000001148,6.000
000000000080000119,4000,SP04,6000001149,3.000
000000000080000121,3000,SP03,6000001150,1.000
000000000010000560,2000,SP02,6000001151,165.000
000000000080000122,2000,SP02,6000001152,5.000
000000000080000122,3000,SP03,6000001153,2.000
000000000010000561,4000,SP04,6000001154,3.000
000000000090000031,2000,SP02,6000001155,0.331
000000000090000031,2000,SP02,6000001156,3.216
000000000090000031,2000,SP02,6000001157,2.453
000000000030000123,4000,SP04,6000001158,2.000
000000000010000562,4000,SP04,6000001159,2.000
000000000080000123,2000,SP02,6000001160,1.000
000000000030000124,3000,SP03,6000001161,2.000
000000000010000563,3000,SP03,6000001162,12.000
000000000080000124,2000,SP02,6000001163,0.935
000000000080000124,2000,SP02,6000001164,1.624
000000000080000124,2000,SP02,6000001165,5.412
000000000080000124,2000,SP02,6000001166,3.029
000000000080000125,2000,SP02,6000001167,4.000
000000000010000564,1000,SP01,6000001168,3.324
000000000010000564,1000,SP01,6000001169,4.676
000000000010000565,3000,SP03,6000001170,6.683
000000000010000565,3000,SP03,6000001171,9.317
000000000080000127,4000,SP04,6000001172,2.000
000000000010000566,1000,SP01,6000001173,4.000
000000000080000128,2000,SP02,6000001174,3.000
000000000010000567,3000,SP03,6000001175,4.000
000000000010000568,3000,SP03,6000001176,2.576
000000000010000568,3000,SP03,6000001177,10.075
000000000010000568,3000,SP03,6000001178,1.349
000000000010000568,1000,SP01,6000001179,12.000
000000000010000569,4000,SP04,6000001180,20.473
000000000010000569,4000,SP04,6000001181,5.527
000000000010000569,2000,SP02,6000001182,73.362
000000000010000569,2000,SP02,6000001183,15.638
000000000010000570,2000,SP02,6000001184,2.000
000000000010000571,4000,SP04,6000001185,4.000
000000000010000571,2000,SP02,6000001186,3.000
000000000010000572,1000,SP01,6000001187,68.319
000000000010000572,1000,SP01,6000001188,24.921
000000000010000572,1000,SP01,6000001189,92.081
000000000010000572,1000,SP01,6000001190,8.679
000000000010000573,3000,SP03,6000001191,3.000
000000000010000574,1000,SP01,6000001192,1.000
000000000010000575,2000,SP02,6000001193,0.609
000000000010000575,2000,SP02,6000001194,3.103
000000000010000575,2000,SP02,6000001195,6.288
000000000010000575,4000,SP04,6000001196,28.000
000000000030000125,3000,SP03,6000001197,4.000
000000000030000125,1000,SP01,6000001198,3.000
000000000010000577,3000,SP03,6000001199,4.000
000000000080000130,1000,SP01,6000001200,3.000
000000000010000579,2000,SP02,6000001201,14.000
000000000010000580,1000,SP01,6000001202,18.884
000000000010000580,1000,SP01,6000001203,194.116
000000000010000581,1000,SP01,6000001204,1.842
000000000010000581,1000,SP01,6000001205,8.158
000000000010000582,1000,SP01,6000001206,35.946
000000000010000582,1000,SP01,6000001207,168.054
000000000010000584,4000,SP04,6000001208,3.000
000000000010000584,3000,SP03,6000001209,4.000
000000000010000585,2000,SP02,6000001210,118.255
000000000010000585,2000,SP02,6000001211,73.607
000000000010000585,2000,SP02,6000001212,8.998
000000000010000585,2000,SP02,6000001213,33.140
000000000010000585,4000,SP04,6000001214,99.000
000000000010000586,3000,SP03,6000001215,4.000
000000000010000586,1000,SP01,6000001216,6.000
000000000030000127,2000,SP02,6000001217,3.000
000000000080000131,4000,SP04,6000001218,5.000
000000000080000131,3000,SP03,6000001219,0.073
000000000080000131,3000,SP03,6000001220,3.108
000000000080000131,3000,SP03,6000001221,2.819
000000000090000032,3000,SP03,6000001222,8.000
000000000090000032,2000,SP02,6000001223,32.000
000000000080000132,3000,SP03,6000001224,0.606
000000000080000132,3000,SP03,6000001225,0.966
000000000080000132,3000,SP03,6000001226,0.217
000000000080000132,3000,SP03,6000001227,6.211
000000000080000132,2000,SP02,6000001228,4.000
000000000010000589,1000,SP01,6000001229,29.234
000000000010000589,1000,SP01,6000001230,40.766
000000000010000590,3000,SP03,6000001231,4.477
000000000010000590,3000,SP03,6000001232,11.229
000000000010000590,3000,SP03,6000001233,30.262
000000000010000590,3000,SP03,6000001234,27.032
000000000030000128,4000,SP04,6000001235,1.796
000000000030000128,4000,SP04,6000001236,0.927
000000000030000128,4000,SP04,6000001237,7.096
000000000030000128,4000,SP04,6000001238,0.181
000000000030000128,3000,SP03,6000001239,3.000
000000000030000129,2000,SP02,6000001240,2.000
000000000010000592,1000,SP01,6000001241,3.000
000000000080000133,4000,SP04,6000001242,3.000
000000000010000593,2000,SP02,6000001243,2.000
000000000010000594,2000,SP02,6000001244,25.000
000000000030000130,4000,SP04,6000001245,1.000
000000000030000130,2000,SP02,6000001246,3.000
000000000030000131,3000,SP03,6000001247,1.000
000000000010000596,2000,SP02,6000001248,5.105
000000000010000596,2000,SP02,6000001249,11.895
000000000030000132,1000,SP01,6000001250,16.524
000000000030000132,1000,SP01,6000001251,0.476
000000000030000132,3000,SP03,6000001252,6.000
000000000030000133,4000,SP04,6000001253,2.000
000000000080000134,3000,SP03,6000001254,3.978
000000000080000134,3000,SP03,6000001255,9.896
000000000080000134,3000,SP03,6000001256,0.126
000000000010000598,4000,SP04,6000001257,17.614
000000000010000598,4000,SP04,6000001258,6.386
000000000090000033,3000,SP03,6000001259,23.725
000000000090000033,3000,SP03,6000001260,3.275
000000000010000599,2000,SP02,6000001261,68.000
000000000010000600,2000,SP02,6000001262,189.000
000000000080000135,3000,SP03,6000001263,7.203
000000000080000135,3000,SP03,6000001264,1.640
000000000080000135,3000,SP03,6000001265,0.157
000000000080000135,4000,SP04,6000001266,17.600
000000000080000135,4000,SP04,6000001267,4.400
000000000080000136,1000,SP01,6000001268,1.083
000000000080000136,1000,SP01,6000001269,2.532
000000000080000136,1000,SP01,6000001270,1.385
000000000080000136,4000,SP04,6000001271,6.000
000000000010000601,2000,SP02,6000001272,3.000
000000000010000602,4000,SP04,6000001273,97.000
000000000010000602,2000,SP02,6000001274,17.604
000000000010000602,2000,SP02,6000001275,20.396
000000000010000603,2000,SP02,6000001276,2.000
000000000010000603,4000,SP04,6000001277,1.000
000000000010000607,1000,SP01,6000001278,1.000
000000000080000137,2000,SP02,6000001279,7.000
000000000080000138,1000,SP01,6000001280,2.000
000000000080000139,1000,SP01,6000001281,16.000
000000000010000608,1000,SP01,6000001282,16.000
000000000010000610,4000,SP04,6000001283,7.000
000000000030000136,3000,SP03,6000001284,4.000
000000000080000141,1000,SP01,6000001285,2.000
000000000010000611,4000,SP04,6000001286,3.901
000000000010000611,4000,SP04,6000001287,6.099
000000000010000612,4000,SP04,6000001288,3.149
000000000010000612,4000,SP04,6000001289,1.063
000000000010000612,4000,SP04,6000001290,0.005
000000000010000612,4000,SP04,6000001291,22.783
000000000010000612,1000,SP01,6000001292,0.402
000000000010000612,1000,SP01,6000001293,10.598
000000000080000142,3000,SP03,6000001294,1.589
000000000080000142,3000,SP03,6000001295,1.860
000000000080000142,3000,SP03,6000001296,1.551
000000000010000613,3000,SP03,6000001297,6.000
000000000010000614,2000,SP02,6000001298,8.000
000000000010000615,3000,SP03,6000001299,1.000
000000000090000034,3000,SP03,6000001300,13.781
000000000090000034,3000,SP03,6000001301,8.751
000000000090000034,3000,SP03,6000001302,1.460
000000000090000034,3000,SP03,6000001303,3.008
000000000090000034,1000,SP01,6000001304,22.000
000000000080000143,2000,SP02,6000001305,1.354
000000000080000143,2000,SP02,6000001306,3.646
000000000010000616,2000,SP02,6000001307,15.657
000000000010000616,2000,SP02,6000001308,2.343
000000000010000616,1000,SP01,6000001309,9.000
000000000010000617,1000,SP01,6000001310,2.000
000000000010000617,3000,SP03,6000001311,3.000
000000000010000617,3000,SP03,6000001312,2.933
000000000010000617,3000,SP03,6000001313,4.067
000000000080000144,2000,SP02,6000001314,6.697
000000000080000144,2000,SP02,6000001315,15.303
000000000010000618,4000,SP04,6000001316,2.728
000000000010000618,4000,SP04,6000001317,1.291
000000000010000618,4000,SP04,6000001318,0.891
000000000010000618,4000,SP04,6000001319,4.090
000000000010000618,3000,SP03,6000001320,4.000
000000000080000145,1000,SP01,6000001321,3.572
000000000080000145,1000,SP01,6000001322,7.478
000000000080000145,1000,SP01,6000001323,3.950
000000000030000138,4000,SP04,6000001324,2.000
000000000010000622,1000,SP01,6000001325,6.000
000000000010000623,4000,SP04,6000001326,1.000
000000000010000624,2000,SP02,6000001327,4.937
000000000010000624,2000,SP02,6000001328,3.301
000000000010000624,2000,SP02,6000001329,7.762
000000000030000139,3000,SP03,6000001330,1.000
000000000010000625,3000,SP03,6000001331,12.000
000000000010000626,1000,SP01,6000001332,53.000
000000000010000627,2000,SP02,6000001333,5.000
000000000090000035,2000,SP02,6000001334,16.000
000000000010000629,1000,SP01,6000001335,33.000
000000000010000629,4000,SP04,6000001336,4.000
000000000030000140,3000,SP03,6000001337,1.000
000000000010000631,1000,SP01,6000001338,3.000
000000000080000146,1000,SP01,6000001339,4.475
000000000080000146,1000,SP01,6000001340,8.525
000000000080000146,3000,SP03,6000001341,14.467
000000000080000146,3000,SP03,6000001342,7.533
000000000030000141,3000,SP03,6000001343,1.000
000000000080000147,2000,SP02,6000001344,2.000
000000000090000036,3000,SP03,6000001345,24.000
000000000090000036,2000,SP02,6000001346,19.000
000000000080000148,4000,SP04,6000001347,6.529
000000000080000148,4000,SP04,6000001348,1.449
000000000080000148,4000,SP04,6000001349,0.022
000000000010000633,1000,SP01,6000001350,1.000
000000000010000633,4000,SP04,6000001351,4.000
000000000030000142,1000,SP01,6000001352,3.000
000000000030000142,4000,SP04,6000001353,4.000
000000000080000149,2000,SP02,6000001354,2.000
000000000030000143,3000,SP03,6000001355,4.000
000000000010000634,1000,SP01,6000001356,7.170
000000000010000634,1000,SP01,6000001357,2.830
000000000090000037,3000,SP03,6000001358,10.963
000000000090000037,3000,SP03,6000001359,6.818
000000000090000037,3000,SP03,6000001360,0.053
000000000090000037,3000,SP03,6000001361,3.166
000000000030000144,3000,SP03,6000001362,2.596
000000000030000144,3000,SP03,6000001363,2.404
000000000010000637,2000,SP02,6000001364,7.000
000000000010000638,1000,SP01,6000001365,38.354
000000000010000638,1000,SP01,6000001366,37.050
000000000010000638,1000,SP01,6000001367,51.596
000000000010000638,4000,SP04,6000001368,238.105
000000000010000638,4000,SP04,6000001369,56.895
000000000010000639,1000,SP01,6000001370,2.335
000000000010000639,1000,SP01,6000001371,10.117
000000000010000639,1000,SP01,6000001372,1.548
000000000010000640,4000,SP04,6000001373,7.481
000000000010000640,4000,SP04,6000001374,5.051
000000000010000640,4000,SP04,6000001375,1.468
000000000010000641,2000,SP02,6000001376,8.000
000000000080000150,4000,SP04,6000001377,8.000
000000000010000642,2000,SP02,6000001378,239.000
000000000010000643,2000,SP02,6000001379,0.460
000000000010000643,2000,SP02,6000001380,2.718
000000000010000643,2000,SP02,6000001381,1.822
000000000080000151,1000,SP01,6000001382,1.810
000000000080000151,1000,SP01,6000001383,4.190
000000000080000151,2000,SP02,6000001384,4.000
000000000010000644,1000,SP01,6000001385,81.000
000000000010000645,3000,SP03,6000001386,3.000
000000000030000145,4000,SP04,6000001387,1.000
000000000010000646,3000,SP03,6000001388,4.000
000000000030000146,4000,SP04,6000001389,0.937
000000000030000146,4000,SP04,6000001390,1.752
000000000030000146,4000,SP04,6000001391,2.311
000000000080000152,1000,SP01,6000001392,3.116
000000000080000152,1000,SP01,6000001393,1.538
000000000080000152,1000,SP01,6000001394,2.346
000000000010000648,1000,SP01,6000001395,4.696
000000000010000648,1000,SP01,6000001396,0.304
000000000010000649,1000,SP01,6000001397,3.000
000000000010000650,4000,SP04,6000001398,90.000
000000000010000651,2000,SP02,6000001399,2.000
000000000010000652,4000,SP04,6000001400,8.000
000000000010000652,1000,SP01,6000001401,3.072
000000000010000652,1000,SP01,6000001402,1.296
000000000010000652,1000,SP01,6000001403,0.632
000000000010000653,3000,SP03,6000001404,50.000
000000000010000654,3000,SP03,6000001405,3.000
000000000010000654,1000,SP01,6000001406,4.000
000000000010000655,3000,SP03,6000001407,0.815
000000000010000655,3000,SP03,6000001408,4.185
000000000010000656,4000,SP04,6000001409,6.000
000000000010000656,2000,SP02,6000001410,5.000
000000000010000657,3000,SP03,6000001411,24.526
000000000010000657,3000,SP03,6000001412,18.212
000000000010000657,3000,SP03,6000001413,12.262
000000000010000658,1000,SP01,6000001414,42.466
000000000010000658,1000,SP01,6000001415,14.534
000000000010000659,3000,SP03,6000001416,6.533
000000000010000659,3000,SP03,6000001417,0.467
000000000010000661,4000,SP04,6000001418,131.000
000000000030000147,3000,SP03,6000001419,4.000
000000000010000663,2000,SP02,6000001420,111.273
000000000010000663,2000,SP02,6000001421,21.514
000000000010000663,2000,SP02,6000001422,14.161
000000000010000663,2000,SP02,6000001423,60.052
000000000010000664,3000,SP03,6000001424,143.000
000000000080000153,4000,SP04,6000001425,22.000
000000000010000665,3000,SP03,6000001426,2.000
000000000010000666,1000,SP01,6000001427,1.000
000000000030000149,2000,SP02,6000001428,3.000
000000000010000667,1000,SP01,6000001429,44.000
000000000010000667,3000,SP03,6000001430,59.940
000000000010000667,3000,SP03,6000001431,272.023
000000000010000667,3000,SP03,6000001432,38.037
000000000080000154,4000,SP04,6000001433,2.000
000000000030000150,2000,SP02,6000001434,4.138
000000000030000150,2000,SP02,6000001435,0.862
000000000010000670,2000,SP02,6000001436,3.000
000000000030000151,3000,SP03,6000001437,3.000
000000000080000156,2000,SP02,6000001438,5.000
000000000080000156,4000,SP04,6000001439,0.100
000000000080000156,4000,SP04,6000001440,4.106
000000000080000156,4000,SP04,6000001441,2.654
000000000080000156,4000,SP04,6000001442,1.140
000000000010000672,3000,SP03,6000001443,4.821
000000000010000672,3000,SP03,6000001444,5.179
000000000010000673,4000,SP04,6000001445,2.098
000000000010000673,4000,SP04,6000001446,6.448
000000000010000673,4000,SP04,6000001447,2.106
000000000010000673,4000,SP04,6000001448,3.348
000000000010000674,4000,SP04,6000001449,190.000
000000000010000675,1000,SP01,6000001450,3.000
000000000010000675,4000,SP04,6000001451,1.000
000000000010000676,2000,SP02,6000001452,3.000
000000000080000157,4000,SP04,6000001453,5.115
000000000080000157,4000,SP04,6000001454,6.885
000000000030000152,3000,SP03,6000001455,6.000
000000000080000158,2000,SP02,6000001456,3.000
000000000080000158,1000,SP01,6000001457,6.520
000000000080000158,1000,SP01,6000001458,1.480
000000000090000038,4000,SP04,6000001459,12.000
000000000090000038,3000,SP03,6000001460,0.120
000000000090000038,3000,SP03,6000001461,11.095
000000000090000038,3000,SP03,6000001462,6.785
000000000030000153,4000,SP04,6000001463,7.000
000000000010000677,1000,SP01,6000001464,2.923
000000000010000677,1000,SP01,6000001465,3.077
000000000010000678,1000,SP01,6000001466,2.000
000000000090000039,1000,SP01,6000001467,31.000
000000000080000159,2000,SP02,6000001468,13.000
000000000080000159,3000,SP03,6000001469,3.000
000000000010000680,3000,SP03,6000001470,10.000
000000000010000681,4000,SP04,6000001471,33.000
000000000010000681,2000,SP02,6000001472,87.000
000000000080000160,2000,SP02,6000001473,1.925
000000000080000160,2000,SP02,6000001474,8.075
000000000030000154,2000,SP02,6000001475,1.566
000000000030000154,2000,SP02,6000001476,6.434
000000000010000682,1000,SP01,6000001477,3.000
000000000010000683,2000,SP02,6000001478,63.000
000000000010000683,3000,SP03,6000001479,134.000
000000000080000161,1000,SP01,6000001480,4.000
000000000030000155,2000,SP02,6000001481,9.000
000000000030000155,4000,SP04,6000001482,1.000
000000000010000684,2000,SP02,6000001483,0.304
000000000010000684,2000,SP02,6000001484,1.935
000000000010000684,2000,SP02,6000001485,2.761
000000000080000162,2000,SP02,6000001486,1.000
000000000010000685,3000,SP03,6000001487,10.000
000000000010000686,2000,SP02,6000001488,6.191
000000000010000686,2000,SP02,6000001489,2.809
000000000090000040,2000,SP02,6000001490,10.076
000000000090000040,2000,SP02,6000001491,7.540
000000000090000040,2000,SP02,6000001492,0.384
000000000010000687,4000,SP04,6000001493,2.000
000000000080000163,2000,SP02,6000001494,5.000
000000000010000688,2000,SP02,6000001495,3.000
000000000080000164,4000,SP04,6000001496,4.778
000000000080000164,4000,SP04,6000001497,7.753
000000000080000164,4000,SP04,6000001498,7.469
000000000080000164,3000,SP03,6000001499,1.000
000000000080000165,3000,SP03,6000001500,1.505
000000000080000165,3000,SP03,6000001501,8.421
000000000080000165,3000,SP03,6000001502,2.113
000000000080000165,3000,SP03,6000001503,4.961
000000000080000166,1000,SP01,6000001504,2.365
000000000080000166,1000,SP01,6000001505,1.616
000000000080000166,1000,SP01,6000001506,3.019
000000000090000041,1000,SP01,6000001507,11.667
000000000090000041,1000,SP01,6000001508,25.333
000000000090000041,2000,SP02,6000001509,24.290
000000000090000041,2000,SP02,6000001510,6.710
000000000080000167,2000,SP02,6000001511,13.000
000000000010000689,1000,SP01,6000001512,25.000
000000000010000691,3000,SP03,6000001513,35.000
000000000010000693,1000,SP01,6000001514,41.000
000000000010000694,4000,SP04,6000001515,56.461
000000000010000694,4000,SP04,6000001516,58.539
000000000010000695,2000,SP02,6000001517,12.000
000000000030000158,3000,SP03,6000001518,1.000
000000000010000696,1000,SP01,6000001519,0.295
000000000010000696,1000,SP01,6000001520,1.203
000000000010000696,1000,SP01,6000001521,5.211
000000000010000696,1000,SP01,6000001522,0.291
000000000010000699,2000,SP02,6000001523,5.565
000000000010000699,2000,SP02,6000001524,5.435
000000000010000700,3000,SP03,6000001525,1.000
000000000010000703,4000,SP04,6000001526,3.168
000000000010000703,4000,SP04,6000001527,2.832
000000000010000703,3000,SP03,6000001528,1.000
000000000010000704,1000,SP01,6000001529,37.994
000000000010000704,1000,SP01,6000001530,38.006
000000000080000168,2000,SP02,6000001531,2.272
000000000080000168,2000,SP02,6000001532,11.728
000000000010000706,2000,SP02,6000001533,2.000
000000000010000706,1000,SP01,6000001534,6.141
000000000010000706,1000,SP01,6000001535,5.859
000000000030000159,3000,SP03,6000001536,6.000
000000000010000707,4000,SP04,6000001537,11.000
000000000010000708,1000,SP01,6000001538,1.157
000000000010000708,1000,SP01,6000001539,1.052
000000000010000708,1000,SP01,6000001540,2.791
000000000010000709,3000,SP03,6000001541,128.238
000000000010000709,3000,SP03,6000001542,122.762
000000000010000709,4000,SP04,6000001543,74.000
000000000010000710,4000,SP04,6000001544,121.000
000000000010000711,1000,SP01,6000001545,60.000
000000000030000160,4000,SP04,6000001546,1.039
000000000030000160,4000,SP04,6000001547,4.961
000000000010000712,4000,SP04,6000001548,185.000
000000000010000714,4000,SP04,6000001549,2.846
000000000010000714,4000,SP04,6000001550,16.526
000000000010000714,4000,SP04,6000001551,11.628
000000000010000715,1000,SP01,6000001552,11.000
000000000010000716,2000,SP02,6000001553,1.000
000000000010000716,1000,SP01,6000001554,1.000
000000000010000718,3000,SP03,6000001555,5.000
000000000080000169,1000,SP01,6000001556,2.000
000000000010000719,1000,SP01,6000001557,4.000
000000000010000720,2000,SP02,6000001558,0.136
000000000010000720,2000,SP02,6000001559,4.864
000000000010000721,2000,SP02,6000001560,38.000
000000000030000161,2000,SP02,6000001561,7.000
000000000010000724,1000,SP01,6000001562,26.656
000000000010000724,1000,SP01,6000001563,26.344
000000000010000724,4000,SP04,6000001564,66.154
000000000010000724,4000,SP04,6000001565,55.855
000000000010000724,4000,SP04,6000001566,9.991
000000000030000162,1000,SP01,6000001567,4.000
000000000030000162,3000,SP03,6000001568,1.000
000000000090000042,3000,SP03,6000001569,0.714
000000000090000042,3000,SP03,6000001570,9.286
000000000010000725,4000,SP04,6000001571,25.231
000000000010000725,4000,SP04,6000001572,18.769
000000000010000726,3000,SP03,6000001573,70.000
000000000030000164,1000,SP01,6000001574,1.000
000000000010000727,1000,SP01,6000001575,12.125
000000000010000727,1000,SP01,6000001576,0.985
000000000010000727,1000,SP01,6000001577,13.890
000000000010000727,4000,SP04,6000001578,6.000
000000000090000043,1000,SP01,6000001579,10.011
000000000090000043,1000,SP01,6000001580,5.651
000000000090000043,1000,SP01,6000001581,2.338
000000000080000170,2000,SP02,6000001582,16.000
000000000080000170,4000,SP04,6000001583,3.120
000000000080000170,4000,SP04,6000001584,1.768
000000000080000170,4000,SP04,6000001585,3.112
000000000080000171,3000,SP03,6000001586,2.000
000000000030000165,3000,SP03,6000001587,2.481
000000000030000165,3000,SP03,6000001588,3.519
000000000010000731,2000,SP02,6000001589,3.335
000000000010000731,2000,SP02,6000001590,2.691
000000000010000731,2000,SP02,6000001591,25.590
000000000010000731,2000,SP02,6000001592,11.384
000000000010000731,4000,SP04,6000001593,79.000
000000000010000732,2000,SP02,6000001594,2.000
000000000010000733,1000,SP01,6000001595,99.000
000000000010000734,2000,SP02,6000001596,3.101
000000000010000734,2000,SP02,6000001597,1.898
000000000010000734,2000,SP02,6000001598,8.001
000000000010000735,2000,SP02,6000001599,3.264
000000000010000735,2000,SP02,6000001600,0.741
000000000010000735,2000,SP02,6000001601,1.946
000000000010000735,2000,SP02,6000001602,0.049
000000000010000736,2000,SP02,6000001603,30.470
000000000010000736,2000,SP02,6000001604,44.231
000000000010000736,2000,SP02,6000001605,7.299
000000000010000736,4000,SP04,6000001606,26.779
000000000010000736,4000,SP04,6000001607,78.221
000000000010000737,3000,SP03,6000001608,39.000
000000000080000172,2000,SP02,6000001609,3.000
000000000080000172,3000,SP03,6000001610,8.000
000000000080000173,1000,SP01,6000001611,8.000
000000000090000044,2000,SP02,6000001612,15.000
000000000030000166,2000,SP02,6000001613,1.000
000000000010000738,4000,SP04,6000001614,3.000
000000000010000739,3000,SP03,6000001615,3.868
000000000010000739,3000,SP03,6000001616,1.373
000000000010000739,3000,SP03,6000001617,0.759
000000000010000739,4000,SP04,6000001618,7.865
000000000010000739,4000,SP04,6000001619,1.135
000000000010000740,4000,SP04,6000001620,40.000
000000000010000740,2000,SP02,6000001621,57.000
000000000080000174,1000,SP01,6000001622,3.822
000000000080000174,1000,SP01,6000001623,5.178
000000000080000174,2000,SP02,6000001624,2.000
000000000010000742,1000,SP01,6000001625,27.000
000000000010000743,3000,SP03,6000001626,5.094
000000000010000743,3000,SP03,6000001627,16.637
000000000010000743,3000,SP03,6000001628,13.269
000000000010000744,2000,SP02,6000001629,3.394
000000000010000744,2000,SP02,6000001630,2.606
000000000010000745,2000,SP02,6000001631,6.000
000000000010000746,3000,SP03,6000001632,30.158
000000000010000746,3000,SP03,6000001633,28.144
000000000010000746,3000,SP03,6000001634,174.698
000000000010000747,3000,SP03,6000001635,20.000
000000000010000747,4000,SP04,6000001636,18.000
000000000010000748,1000,SP01,6000001637,8.000
000000000030000169,4000,SP04,6000001638,2.651
000000000030000169,4000,SP04,6000001639,4.396
000000000030000169,4000,SP04,6000001640,0.953
000000000030000169,1000,SP01,6000001641,2.000
000000000010000749,3000,SP03,6000001642,1.239
000000000010000749,3000,SP03,6000001643,4.719
000000000010000749,3000,SP03,6000001644,2.042
000000000030000170,3000,SP03,6000001645,2.000
000000000080000175,4000,SP04,6000001646,4.000
000000000010000750,3000,SP03,6000001647,1.415
000000000010000750,3000,SP03,6000001648,2.139
000000000010000750,3000,SP03,6000001649,1.446
000000000080000176,3000,SP03,6000001650,17.000
000000000080000176,2000,SP02,6000001651,21.000
000000000010000753,4000,SP04,6000001652,55.000
000000000010000753,1000,SP01,6000001653,45.000
000000000030000171,4000,SP04,6000001654,3.000
000000000010000756,3000,SP03,6000001655,1.354
000000000010000756,3000,SP03,6000001656,0.995
000000000010000756,3000,SP03,6000001657,2.651
000000000080000177,3000,SP03,6000001658,24.000
000000000080000177,2000,SP02,6000001659,5.000
000000000080000178,3000,SP03,6000001660,4.355
000000000080000178,3000,SP03,6000001661,6.645
000000000010000758,2000,SP02,6000001662,8.263
000000000010000758,2000,SP02,6000001663,1.737
000000000030000172,1000,SP01,6000001664,3.000
000000000010000760,3000,SP03,6000001665,10.000
000000000010000761,1000,SP01,6000001666,20.000
000000000080000179,4000,SP04,6000001667,2.000
000000000080000179,3000,SP03,6000001668,6.000
000000000010000762,4000,SP04,6000001669,17.000
000000000080000180,3000,SP03,6000001670,3.000
000000000010000763,4000,SP04,6000001671,10.014
000000000010000763,4000,SP04,6000001672,3.342
000000000010000763,4000,SP04,6000001673,0.644
000000000010000763,1000,SP01,6000001674,8.000
000000000080000181,4000,SP04,6000001675,7.000
000000000010000764,1000,SP01,6000001676,3.000
000000000010000764,3000,SP03,6000001677,21.000
000000000010000766,2000,SP02,6000001678,29.613
000000000010000766,2000,SP02,6000001679,13.387
000000000080000182,1000,SP01,6000001680,8.000
000000000010000769,2000,SP02,6000001681,6.166
000000000010000769,2000,SP02,6000001682,0.834
000000000010000770,4000,SP04,6000001683,102.000
000000000030000175,4000,SP04,6000001684,0.036
000000000030000175,4000,SP04,6000001685,0.774
000000000030000175,4000,SP04,6000001686,7.556
000000000030000175,4000,SP04,6000001687,1.634
000000000030000175,3000,SP03,6000001688,2.000
000000000010000773,3000,SP03,6000001689,2.000
000000000010000774,4000,SP04,6000001690,3.000
000000000010000775,4000,SP04,6000001691,5.000
000000000080000183,2000,SP02,6000001692,3.000
000000000010000777,4000,SP04,6000001693,0.094
000000000010000777,4000,SP04,6000001694,7.906
000000000080000184,4000,SP04,6000001695,3.110
000000000080000184,4000,SP04,6000001696,6.890
000000000090000045,2000,SP02,6000001697,16.537
000000000090000045,2000,SP02,6000001698,1.448
000000000090000045,2000,SP02,6000001699,1.890
000000000090000045,2000,SP02,6000001700,1.125
000000000010000781,2000,SP02,6000001701,9.000
000000000010000782,2000,SP02,6000001702,4.000
000000000010000783,4000,SP04,6000001703,2.000
000000000010000784,1000,SP01,6000001704,28.000
000000000080000185,1000,SP01,6000001705,4.380
000000000080000185,1000,SP01,6000001706,1.620
000000000010000785,2000,SP02,6000001707,2.000
000000000010000786,2000,SP02,6000001708,10.000
000000000010000787,1000,SP01,6000001709,5.814
000000000010000787,1000,SP01,6000001710,3.895
000000000010000787,1000,SP01,6000001711,1.291
000000000010000788,3000,SP03,6000001712,281.000
000000000010000790,2000,SP02,6000001713,1.000
000000000010000791,4000,SP04,6000001714,1.000
000000000010000792,3000,SP03,6000001715,2.000
000000000030000178,4000,SP04,6000001716,1.000
000000000030000178,3000,SP03,6000001717,1.000
000000000010000794,1000,SP01,6000001718,0.031
000000000010000794,1000,SP01,6000001719,4.429
000000000010000794,1000,SP01,6000001720,1.540
000000000010000795,4000,SP04,6000001721,13.000
000000000010000795,3000,SP03,6000001722,8.000
000000000090000046,2000,SP02,6000001723,20.000
000000000010000796,3000,SP03,6000001724,2.881
000000000010000796,3000,SP03,6000001725,79.703
000000000010000796,3000,SP03,6000001726,19.416
000000000010000798,1000,SP01,6000001727,8.995
000000000010000798,1000,SP01,6000001728,25.508
000000000010000798,1000,SP01,6000001729,55.497
000000000030000179,1000,SP01,6000001730,1.000
000000000030000180,3000,SP03,6000001731,10.000
000000000030000181,4000,SP04,6000001732,3.000
000000000030000182,3000,SP03,6000001733,3.000
000000000010000799,4000,SP04,6000001734,1.000
000000000010000799,3000,SP03,6000001735,1.000
000000000010000800,4000,SP04,6000001736,5.000
000000000010000802,2000,SP02,6000001737,29.000
000000000010000803,2000,SP02,6000001738,7.000
000000000010000803,4000,SP04,6000001739,3.000
000000000010000805,1000,SP01,6000001740,2.000
000000000010000805,4000,SP04,6000001741,2.000
000000000010000806,4000,SP04,6000001742,1.508
000000000010000806,4000,SP04,6000001743,0.637
000000000010000806,4000,SP04,6000001744,4.614
000000000010000806,4000,SP04,6000001745,1.241
000000000010000807,2000,SP02,6000001746,2.000
000000000010000808,2000,SP02,6000001747,11.892
000000000010000808,2000,SP02,6000001748,22.108
000000000010000808,4000,SP04,6000001749,45.000
000000000010000809,2000,SP02,6000001750,6.754
000000000010000809,2000,SP02,6000001751,4.246
000000000010000809,4000,SP04,6000001752,9.600
000000000010000809,4000,SP04,6000001753,8.400
000000000080000186,3000,SP03,6000001754,4.000
000000000010000810,4000,SP04,6000001755,71.606
000000000010000810,4000,SP04,6000001756,16.394
000000000030000183,1000,SP01,6000001757,2.000
000000000010000812,1000,SP01,6000001758,3.346
000000000010000812,1000,SP01,6000001759,121.555
000000000010000812,1000,SP01,6000001760,13.099
000000000030000184,2000,SP02,6000001761,4.000
000000000010000813,1000,SP01,6000001762,77.000
000000000010000814,2000,SP02,6000001763,3.000
000000000010000815,2000,SP02,6000001764,65.281
000000000010000815,2000,SP02,6000001765,74.375
000000000010000815,2000,SP02,6000001766,6.344
000000000080000187,3000,SP03,6000001767,4.000
000000000010000816,4000,SP04,6000001768,1.000
000000000010000817,4000,SP04,6000001769,9.620
000000000010000817,4000,SP04,6000001770,7.354
000000000010000817,4000,SP04,6000001771,1.026
000000000010000817,1000,SP01,6000001772,6.000
000000000080000188,4000,SP04,6000001773,16.000
000000000030000186,2000,SP02,6000001774,3.000
000000000010000819,3000,SP03,6000001775,2.170
000000000010000819,3000,SP03,6000001776,0.436
000000000010000819,3000,SP03,6000001777,4.720
000000000010000819,3000,SP03,6000001778,0.674
000000000010000820,1000,SP01,6000001779,1.000
000000000010000820,4000,SP04,6000001780,1.000
000000000010000821,2000,SP02,6000001781,25.059
000000000010000821,2000,SP02,6000001782,30.489
000000000010000821,2000,SP02,6000001783,3.452
000000000010000821,3000,SP03,6000001784,32.893
000000000010000821,3000,SP03,6000001785,3.024
000000000010000821,3000,SP03,6000001786,8.430
000000000010000821,3000,SP03,6000001787,16.653
000000000010000822,3000,SP03,6000001788,1.000
000000000010000823,2000,SP02,6000001789,3.741
000000000010000823,2000,SP02,6000001790,2.379
000000000010000823,2000,SP02,6000001791,0.880
000000000030000187,3000,SP03,6000001792,1.000
000000000030000187,1000,SP01,6000001793,3.000
000000000080000189,2000,SP02,6000001794,2.000
000000000010000824,1000,SP01,6000001795,6.629
000000000010000824,1000,SP01,6000001796,3.790
000000000010000824,1000,SP01,6000001797,5.581
000000000010000824,4000,SP04,6000001798,6.000
000000000010000826,4000,SP04,6000001799,5.000
000000000010000826,1000,SP01,6000001800,45.000
000000000030000188,3000,SP03,6000001801,4.000
000000000010000827,2000,SP02,6000001802,8.107
000000000010000827,2000,SP02,6000001803,0.544
000000000010000827,2000,SP02,6000001804,2.349
000000000080000190,4000,SP04,6000001805,2.000
000000000010000828,3000,SP03,6000001806,16.000
000000000010000829,1000,SP01,6000001807,13.000
000000000080000191,4000,SP04,6000001808,7.268
000000000080000191,4000,SP04,6000001809,1.441
000000000080000191,4000,SP04,6000001810,2.291
000000000030000189,2000,SP02,6000001811,2.000
000000000030000189,3000,SP03,6000001812,2.000
000000000010000831,3000,SP03,6000001813,6.000
000000000010000831,1000,SP01,6000001814,1.000
000000000010000832,4000,SP04,6000001815,2.000
000000000090000047,1000,SP01,6000001816,25.000
000000000010000833,3000,SP03,6000001817,15.513
000000000010000833,3000,SP03,6000001818,104.487
000000000010000834,4000,SP04,6000001819,1.000
000000000090000048,1000,SP01,6000001820,31.000
000000000010000836,3000,SP03,6000001821,0.009
000000000010000836,3000,SP03,6000001822,2.994
000000000010000836,3000,SP03,6000001823,5.488
000000000010000836,3000,SP03,6000001824,2.509
000000000030000192,1000,SP01,6000001825,2.000
000000000010000837,1000,SP01,6000001826,4.000
000000000010000837,2000,SP02,6000001827,10.000
000000000010000838,2000,SP02,6000001828,18.000
000000000010000839,4000,SP04,6000001829,1.000
000000000010000839,1000,SP01,6000001830,2.000
000000000010000840,4000,SP04,6000001831,3.000
000000000010000842,1000,SP01,6000001832,10.380
000000000010000842,1000,SP01,6000001833,38.881
000000000010000842,1000,SP01,6000001834,0.739
000000000010000842,3000,SP03,6000001835,52.782
000000000010000842,3000,SP03,6000001836,7.218
000000000080000192,1000,SP01,6000001837,5.098
000000000080000192,1000,SP01,6000001838,1.238
000000000080000192,1000,SP01,6000001839,1.853
000000000080000192,1000,SP01,6000001840,1.811
000000000030000193,1000,SP01,6000001841,1.000
000000000010000843,2000,SP02,6000001842,1.443
000000000010000843,2000,SP02,6000001843,0.405
000000000010000843,2000,SP02,6000001844,5.152
000000000010000843,4000,SP04,6000001845,7.000
000000000010000844,3000,SP03,6000001846,4.000
000000000080000193,1000,SP01,6000001847,3.000
000000000010000845,3000,SP03,6000001848,0.234
000000000010000845,3000,SP03,6000001849,5.766
000000000010000847,3000,SP03,6000001850,1.000
000000000080000194,3000,SP03,6000001851,5.784
000000000080000194,3000,SP03,6000001852,0.216
000000000080000194,1000,SP01,6000001853,9.000
000000000080000195,3000,SP03,6000001854,5.716
000000000080000195,3000,SP03,6000001855,1.284
000000000010000848,3000,SP03,6000001856,1.000
000000000010000849,1000,SP01,6000001857,3.000
000000000080000196,3000,SP03,6000001858,7.886
000000000080000196,3000,SP03,6000001859,1.679
000000000080000196,3000,SP03,6000001860,0.517
000000000080000196,3000,SP03,6000001861,1.918
000000000080000196,2000,SP02,6000001862,6.000
000000000010000850,4000,SP04,6000001863,1.000
000000000010000850,2000,SP02,6000001864,7.000
000000000080000197,1000,SP01,6000001865,21.000
000000000010000851,3000,SP03,6000001866,1.557
000000000010000851,3000,SP03,6000001867,4.010
000000000010000851,3000,SP03,6000001868,2.433
000000000010000851,2000,SP02,6000001869,20.000
000000000010000853,1000,SP01,6000001870,11.000
000000000010000854,4000,SP04,6000001871,233.827
000000000010000854,4000,SP04,6000001872,64.173
000000000010000854,1000,SP01,6000001873,10.419
000000000010000854,1000,SP01,6000001874,12.347
000000000010000854,1000,SP01,6000001875,50.234
000000000010000855,4000,SP04,6000001876,4.000
000000000090000049,2000,SP02,6000001877,16.000
000000000090000049,4000,SP04,6000001878,25.000
000000000010000857,1000,SP01,6000001879,1.000
000000000010000858,4000,SP04,6000001880,1.000
000000000010000859,1000,SP01,6000001881,4.000
000000000010000859,2000,SP02,6000001882,4.048
000000000010000859,2000,SP02,6000001883,3.952
000000000010000861,3000,SP03,6000001884,3.998
000000000010000861,3000,SP03,6000001885,0.986
000000000010000861,3000,SP03,6000001886,1.016
000000000030000196,3000,SP03,6000001887,1.451
000000000030000196,3000,SP03,6000001888,1.596
000000000030000196,3000,SP03,6000001889,2.953
000000000010000863,4000,SP04,6000001890,3.000
000000000010000863,3000,SP03,6000001891,1.000
000000000010000864,4000,SP04,6000001892,7.000
000000000010000864,3000,SP03,6000001893,1.000
000000000080000198,2000,SP02,6000001894,4.000
000000000010000865,1000,SP01,6000001895,23.000
000000000010000865,4000,SP04,6000001896,264.000
000000000080000199,2000,SP02,6000001897,3.000
000000000010000866,2000,SP02,6000001898,2.000
000000000010000866,4000,SP04,6000001899,1.000
000000000010000867,4000,SP04,6000001900,1.000
000000000090000050,4000,SP04,6000001901,29.000
000000000030000197,3000,SP03,6000001902,2.000
000000000010000869,1000,SP01,6000001903,6.000
000000000080000200,1000,SP01,6000001904,7.000
000000000010000870,3000,SP03,6000001905,10.000
000000000010000871,4000,SP04,6000001906,2.000
000000000030000198,2000,SP02,6000001907,2.000
000000000010000873,2000,SP02,6000001908,14.117
000000000010000873,2000,SP02,6000001909,2.357
000000000010000873,2000,SP02,6000001910,2.526
000000000010000873,1000,SP01,6000001911,0.491
000000000010000873,1000,SP01,6000001912,5.509
000000000030000199,3000,SP03,6000001913,3.000
000000000010000875,2000,SP02,6000001914,2.000
000000000030000200,1000,SP01,6000001915,2.000
000000000080000201,1000,SP01,6000001916,1.065
000000000080000201,1000,SP01,6000001917,4.850
000000000080000201,1000,SP01,6000001918,2.085
000000000090000051,3000,SP03,6000001919,10.000
000000000010000877,4000,SP04,6000001920,2.907
000000000010000877,4000,SP04,6000001921,12.093
000000000010000877,2000,SP02,6000001922,1.865
000000000010000877,2000,SP02,6000001923,6.135
000000000010000878,2000,SP02,6000001924,2.000
000000000090000052,4000,SP04,6000001925,0.658
000000000090000052,4000,SP04,6000001926,37.342
000000000090000052,1000,SP01,6000001927,19.409
000000000090000052,1000,SP01,6000001928,4.591
000000000010000879,2000,SP02,6000001929,2.000
000000000010000879,4000,SP04,6000001930,1.000
000000000010000881,2000,SP02,6000001931,1.000
000000000010000882,2000,SP02,6000001932,2.287
000000000010000882,2000,SP02,6000001933,19.713
000000000080000202,2000,SP02,6000001934,9.000
000000000010000883,3000,SP03,6000001935,12.558
000000000010000883,3000,SP03,6000001936,10.721
000000000010000883,3000,SP03,6000001937,7.721
000000000080000203,2000,SP02,6000001938,6.000
000000000010000884,4000,SP04,6000001939,5.000
000000000010000886,4000,SP04,6000001940,10.000
000000000080000204,4000,SP04,6000001941,23.000
000000000010000888,2000,SP02,6000001942,4.000
000000000010000889,4000,SP04,6000001943,14.000
000000000030000202,3000,SP03,6000001944,3.000
000000000010000890,2000,SP02,6000001945,4.000
000000000010000891,2000,SP02,6000001946,3.000
000000000010000893,4000,SP04,6000001947,2.000
000000000010000893,3000,SP03,6000001948,1.196
000000000010000893,3000,SP03,6000001949,4.804
000000000010000894,4000,SP04,6000001950,1.000
000000000010000894,1000,SP01,6000001951,2.000
000000000080000205,1000,SP01,6000001952,3.000
000000000080000206,3000,SP03,6000001953,1.312
000000000080000206,3000,SP03,6000001954,10.047
000000000080000206,3000,SP03,6000001955,4.641
000000000010000897,2000,SP02,6000001956,19.000
000000000010000898,3000,SP03,6000001957,1.000
000000000030000204,3000,SP03,6000001958,1.873
000000000030000204,3000,SP03,6000001959,0.603
000000000030000204,3000,SP03,6000001960,1.456
000000000030000204,3000,SP03,6000001961,3.068
000000000090000053,3000,SP03,6000001962,16.000
000000000090000053,2000,SP02,6000001963,12.823
000000000090000053,2000,SP02,6000001964,10.222
000000000090000053,2000,SP02,6000001965,0.955
000000000010000900,2000,SP02,6000001966,17.000
000000000010000901,4000,SP04,6000001967,8.000
000000000030000205,2000,SP02,6000001968,1.000
000000000030000206,2000,SP02,6000001969,6.000
000000000030000206,3000,SP03,6000001970,1.000
000000000010000905,1000,SP01,6000001971,3.776
000000000010000905,1000,SP01,6000001972,9.224
000000000010000907,2000,SP02,6000001973,98.597
000000000010000907,2000,SP02,6000001974,11.403
000000000030000207,1000,SP01,6000001975,4.000
000000000080000207,2000,SP02,6000001976,2.112
000000000080000207,2000,SP02,6000001977,0.088
000000000080000207,2000,SP02,6000001978,4.218
000000000080000207,2000,SP02,6000001979,12.582
000000000010000909,3000,SP03,6000001980,7.912
000000000010000909,3000,SP03,6000001981,19.088
000000000010000910,3000,SP03,6000001982,7.000
000000000010000910,2000,SP02,6000001983,5.000
000000000010000911,1000,SP01,6000001984,1.000
000000000080000208,2000,SP02,6000001985,3.000
000000000080000209,2000,SP02,6000001986,5.000
000000000080000209,3000,SP03,6000001987,0.514
000000000080000209,3000,SP03,6000001988,1.482
000000000080000209,3000,SP03,6000001989,1.530
000000000080000209,3000,SP03,6000001990,1.474
000000000010000912,2000,SP02,6000001991,3.000
000000000030000208,1000,SP01,6000001992,7.000
000000000010000913,3000,SP03,6000001993,68.000
000000000010000914,3000,SP03,6000001994,5.857
000000000010000914,3000,SP03,6000001995,8.143
000000000010000915,4000,SP04,6000001996,172.273
000000000010000915,4000,SP04,6000001997,146.727
000000000010000916,2000,SP02,6000001998,2.016
000000000010000916,2000,SP02,6000001999,2.984
000000000010000919,4000,SP04,6000002000,4.000
000000000010000920,3000,SP03,6000002001,8.000
000000000010000920,2000,SP02,6000002002,4.591
000000000010000920,2000,SP02,6000002003,5.409
000000000030000209,2000,SP02,6000002004,2.856
000000000030000209,2000,SP02,6000002005,2.144
000000000030000210,1000,SP01,6000002006,3.354
000000000030000210,1000,SP01,6000002007,0.760
000000000030000210,1000,SP01,6000002008,0.335
000000000030000210,1000,SP01,6000002009,1.551
000000000010000921,2000,SP02,6000002010,3.000
000000000010000922,1000,SP01,6000002011,1.000
000000000090000054,1000,SP01,6000002012,3.136
000000000090000054,1000,SP01,6000002013,2.015
000000000090000054,1000,SP01,6000002014,0.106
000000000090000054,1000,SP01,6000002015,1.743
000000000030000211,3000,SP03,6000002016,2.000
000000000010000923,1000,SP01,6000002017,8.000
000000000010000924,2000,SP02,6000002018,50.000
000000000010000927,4000,SP04,6000002019,2.151
000000000010000927,4000,SP04,6000002020,8.849
000000000010000927,1000,SP01,6000002021,33.000
000000000010000928,1000,SP01,6000002022,14.732
000000000010000928,1000,SP01,6000002023,10.268
000000000010000929,1000,SP01,6000002024,30.631
000000000010000929,1000,SP01,6000002025,47.369
000000000030000212,1000,SP01,6000002026,3.000
000000000090000055,2000,SP02,6000002027,6.080
000000000090000055,2000,SP02,6000002028,28.920
000000000010000932,3000,SP03,6000002029,3.760
000000000010000932,3000,SP03,6000002030,2.240
000000000010000934,3000,SP03,6000002031,1.090
000000000010000934,3000,SP03,6000002032,6.910
000000000010000936,2000,SP02,6000002033,12.000
000000000080000210,4000,SP04,6000002034,8.000
000000000090000056,1000,SP01,6000002035,1.938
000000000090000056,1000,SP01,6000002036,9.062
000000000010000937,2000,SP02,6000002037,7.000
000000000090000057,4000,SP04,6000002038,25.000
000000000030000214,3000,SP03,6000002039,3.000
000000000010000938,3000,SP03,6000002040,4.000
000000000010000938,2000,SP02,6000002041,7.000
000000000030000215,1000,SP01,6000002042,3.000
000000000010000940,3000,SP03,6000002043,1.186
000000000010000940,3000,SP03,6000002044,9.197
000000000010000940,3000,SP03,6000002045,0.617
000000000030000216,4000,SP04,6000002046,3.000
000000000080000211,1000,SP01,6000002047,0.555
000000000080000211,1000,SP01,6000002048,18.445
000000000030000217,4000,SP04,6000002049,9.000
000000000080000212,2000,SP02,6000002050,16.000
000000000080000212,3000,SP03,6000002051,27.000
000000000090000058,4000,SP04,6000002052,5.000
000000000010000941,1000,SP01,6000002053,43.084
000000000010000941,1000,SP01,6000002054,16.916
000000000010000941,3000,SP03,6000002055,114.000
000000000010000942,3000,SP03,6000002056,7.599
000000000010000942,3000,SP03,6000002057,14.492
000000000010000942,3000,SP03,6000002058,8.909
000000000010000942,4000,SP04,6000002059,1.000
000000000010000943,4000,SP04,6000002060,7.000
000000000010000944,2000,SP02,6000002061,3.000
000000000010000945,2000,SP02,6000002062,3.103
000000000010000945,2000,SP02,6000002063,8.061
000000000010000945,2000,SP02,6000002064,4.376
000000000010000945,2000,SP02,6000002065,2.460
000000000010000945,3000,SP03,6000002066,9.985
000000000010000945,3000,SP03,6000002067,16.015
000000000030000219,1000,SP01,6000002068,0.037
000000000030000219,1000,SP01,6000002069,4.445
000000000030000219,1000,SP01,6000002070,0.518
000000000010000947,4000,SP04,6000002071,0.231
000000000010000947,4000,SP04,6000002072,3.106
000000000010000947,4000,SP04,6000002073,2.663
000000000010000948,4000,SP04,6000002074,0.337
000000000010000948,4000,SP04,6000002075,1.863
000000000010000948,4000,SP04,6000002076,1.370
000000000010000948,4000,SP04,6000002077,1.430
000000000010000949,3000,SP03,6000002078,13.000
000000000030000220,2000,SP02,6000002079,4.099
000000000030000220,2000,SP02,6000002080,1.534
000000000030000220,2000,SP02,6000002081,0.367
000000000080000213,2000,SP02,6000002082,4.000
000000000010000951,1000,SP01,6000002083,2.000
000000000010000952,4000,SP04,6000002084,1.000
000000000080000214,3000,SP03,6000002085,3.000
000000000080000214,1000,SP01,6000002086,4.000
000000000010000953,2000,SP02,6000002087,3.000
000000000010000956,1000,SP01,6000002088,2.152
000000000010000956,1000,SP01,6000002089,0.305
000000000010000956,1000,SP01,6000002090,2.543
000000000010000957,2000,SP02,6000002091,5.000
000000000010000957,1000,SP01,6000002092,3.000
000000000010000958,1000,SP01,6000002093,17.000
000000000090000059,4000,SP04,6000002094,3.604
000000000090000059,4000,SP04,6000002095,6.869
000000000090000059,4000,SP04,6000002096,0.134
000000000090000059,4000,SP04,6000002097,6.393
000000000010000959,4000,SP04,6000002098,111.000
000000000030000222,2000,SP02,6000002099,2.000
000000000010000961,4000,SP04,6000002100,7.834
000000000010000961,4000,SP04,6000002101,6.166
000000000010000962,2000,SP02,6000002102,37.000
000000000010000962,1000,SP01,6000002103,91.000
000000000030000223,4000,SP04,6000002104,3.000
000000000030000224,2000,SP02,6000002105,4.000
000000000030000224,4000,SP04,6000002106,4.000
000000000010000963,4000,SP04,6000002107,7.000
000000000010000964,2000,SP02,6000002108,1.359
000000000010000964,2000,SP02,6000002109,0.677
000000000010000964,2000,SP02,6000002110,0.884
000000000010000964,2000,SP02,6000002111,3.080
000000000010000965,4000,SP04,6000002112,23.000
000000000030000225,1000,SP01,6000002113,4.000
000000000030000225,4000,SP04,6000002114,4.000
000000000010000967,1000,SP01,6000002115,27.000
000000000030000226,1000,SP01,6000002116,4.000
000000000010000970,1000,SP01,6000002117,60.459
000000000010000970,1000,SP01,6000002118,31.541
000000000010000971,3000,SP03,6000002119,11.882
000000000010000971,3000,SP03,6000002120,4.118
000000000010000972,4000,SP04,6000002121,37.466
000000000010000972,4000,SP04,6000002122,9.899
000000000010000972,4000,SP04,6000002123,16.761
000000000010000972,4000,SP04,6000002124,9.874
000000000010000973,2000,SP02,6000002125,2.000
000000000030000228,2000,SP02,6000002126,1.000
000000000010000974,3000,SP03,6000002127,8.000
000000000030000229,3000,SP03,6000002128,3.000
000000000010000976,1000,SP01,6000002129,9.000
000000000090000060,3000,SP03,6000002130,23.000
000000000090000060,1000,SP01,6000002131,12.530
000000000090000060,1000,SP01,6000002132,16.561
000000000090000060,1000,SP01,6000002133,2.909
000000000080000216,1000,SP01,6000002134,0.955
000000000080000216,1000,SP01,6000002135,7.045
000000000080000216,4000,SP04,6000002136,1.471
000000000080000216,4000,SP04,6000002137,4.529
000000000030000230,1000,SP01,6000002138,4.000
000000000030000230,4000,SP04,6000002139,1.000
000000000030000231,1000,SP01,6000002140,3.000
000000000030000232,1000,SP01,6000002141,2.000
000000000080000217,2000,SP02,6000002142,2.194
000000000080000217,2000,SP02,6000002143,2.806
000000000010000981,3000,SP03,6000002144,2.000
000000000090000061,3000,SP03,6000002145,3.479
000000000090000061,3000,SP03,6000002146,0.826
000000000090000061,3000,SP03,6000002147,2.515
000000000090000061,3000,SP03,6000002148,5.180
000000000030000233,1000,SP01,6000002149,4.000
000000000030000233,4000,SP04,6000002150,2.397
000000000030000233,4000,SP04,6000002151,4.603
000000000090000062,4000,SP04,6000002152,19.003
000000000090000062,4000,SP04,6000002153,7.758
000000000090000062,4000,SP04,6000002154,0.239
000000000010000982,2000,SP02,6000002155,5.000
000000000030000235,4000,SP04,6000002156,4.000
000000000010000983,4000,SP04,6000002157,20.000
000000000010000985,4000,SP04,6000002158,106.000
000000000080000218,3000,SP03,6000002159,3.000
000000000080000218,1000,SP01,6000002160,7.545
000000000080000218,1000,SP01,6000002161,1.455
000000000030000236,2000,SP02,6000002162,3.000
000000000010000988,1000,SP01,6000002163,2.000
000000000010000989,1000,SP01,6000002164,1.829
000000000010000989,1000,SP01,6000002165,5.171
000000000010000990,2000,SP02,6000002166,17.000
000000000010000991,3000,SP03,6000002167,145.000
000000000010000992,2000,SP02,6000002168,2.000
000000000010000992,3000,SP03,6000002169,0.897
000000000010000992,3000,SP03,6000002170,7.871
000000000010000992,3000,SP03,6000002171,2.596
000000000010000992,3000,SP03,6000002172,8.636
000000000030000237,2000,SP02,6000002173,2.195
000000000030000237,2000,SP02,6000002174,0.644
000000000030000237,2000,SP02,6000002175,2.161
000000000010000993,4000,SP04,6000002176,5.000
000000000010000994,1000,SP01,6000002177,2.000
000000000010000996,4000,SP04,6000002178,1.000
000000000010000997,1000,SP01,6000002179,14.000
000000000010000998,2000,SP02,6000002180,13.055
000000000010000998,2000,SP02,6000002181,24.038
000000000010000998,2000,SP02,6000002182,6.907
000000000010001000,4000,SP04,6000002183,6.526
000000000010001000,4000,SP04,6000002184,2.992
000000000010001000,4000,SP04,6000002185,2.335
000000000010001000,4000,SP04,6000002186,22.147
000000000010001001,1000,SP01,6000002187,54.000
000000000030000239,1000,SP01,6000002188,1.000
000000000010001004,4000,SP04,6000002189,1.000
000000000010001005,2000,SP02,6000002190,11.000
000000000030000240,3000,SP03,6000002191,2.000
000000000030000241,4000,SP04,6000002192,2.000
000000000010001006,3000,SP03,6000002193,14.514
000000000010001006,3000,SP03,6000002194,18.486
000000000010001006,1000,SP01,6000002195,55.585
000000000010001006,1000,SP01,6000002196,13.626
000000000010001006,1000,SP01,6000002197,12.789
000000000030000242,4000,SP04,6000002198,2.000
000000000010001008,1000,SP01,6000002199,52.822
000000000010001008,1000,SP01,6000002200,17.178
000000000010001009,1000,SP01,6000002201,129.000
000000000090000063,2000,SP02,6000002202,13.556
000000000090000063,2000,SP02,6000002203,26.444
000000000010001010,4000,SP04,6000002204,298.000
000000000080000220,2000,SP02,6000002205,7.000
000000000080000221,2000,SP02,6000002206,3.000
000000000010001012,1000,SP01,6000002207,5.000
000000000010001014,2000,SP02,6000002208,2.337
000000000010001014,2000,SP02,6000002209,3.401
000000000010001014,2000,SP02,6000002210,1.262
000000000010001014,3000,SP03,6000002211,10.000
000000000010001015,2000,SP02,6000002212,13.000
000000000010001016,4000,SP04,6000002213,1.000
000000000010001017,1000,SP01,6000002214,12.000
000000000010001018,3000,SP03,6000002215,2.000
000000000010001021,4000,SP04,6000002216,10.000
000000000010001022,2000,SP02,6000002217,3.000
000000000010001023,3000,SP03,6000002218,7.517
000000000010001023,3000,SP03,6000002219,2.648
000000000010001023,3000,SP03,6000002220,1.835
000000000010001023,4000,SP04,6000002221,4.000
000000000010001025,1000,SP01,6000002222,19.889
000000000010001025,1000,SP01,6000002223,5.111
000000000010001028,1000,SP01,6000002224,13.000
000000000080000222,1000,SP01,6000002225,6.000
000000000090000064,1000,SP01,6000002226,6.000
000000000010001031,1000,SP01,6000002227,2.555
000000000010001031,1000,SP01,6000002228,3.926
000000000010001031,1000,SP01,6000002229,2.519
000000000010001031,2000,SP02,6000002230,5.066
000000000010001031,2000,SP02,6000002231,12.934
000000000030000245,1000,SP01,6000002232,11.000
000000000010001033,1000,SP01,6000002233,13.000
000000000010001033,2000,SP02,6000002234,72.000
000000000010001034,4000,SP04,6000002235,0.726
000000000010001034,4000,SP04,6000002236,0.148
000000000010001034,4000,SP04,6000002237,1.375
000000000010001034,4000,SP04,6000002238,4.751
000000000010001035,1000,SP01,6000002239,5.961
000000000010001035,1000,SP01,6000002240,1.039
000000000010001036,4000,SP04,6000002241,6.000
000000000080000223,1000,SP01,6000002242,1.000
000000000080000224,1000,SP01,6000002243,14.000
000000000010001037,1000,SP01,6000002244,40.000
000000000010001038,1000,SP01,6000002245,7.000
000000000090000065,4000,SP04,6000002246,2.825
000000000090000065,4000,SP04,6000002247,5.025
000000000090000065,4000,SP04,6000002248,12.150
000000000090000065,3000,SP03,6000002249,33.000
000000000030000246,4000,SP04,6000002250,1.000
000000000030000247,4000,SP04,6000002251,5.075
000000000030000247,4000,SP04,6000002252,1.925
000000000010001039,3000,SP03,6000002253,63.000
000000000010001040,1000,SP01,6000002254,9.000
000000000080000226,4000,SP04,6000002255,8.884
000000000080000226,4000,SP04,6000002256,5.116
000000000030000249,2000,SP02,6000002257,2.000
000000000080000227,3000,SP03,6000002258,1.000
000000000010001041,2000,SP02,6000002259,5.168
000000000010001041,2000,SP02,6000002260,12.832
000000000010001041,1000,SP01,6000002261,0.096
000000000010001041,1000,SP01,6000002262,1.912
000000000010001041,1000,SP01,6000002263,2.992
000000000080000228,4000,SP04,6000002264,6.046
000000000080000228,4000,SP04,6000002265,13.933
000000000080000228,4000,SP04,6000002266,1.021
000000000030000252,1000,SP01,6000002267,1.000
000000000010001042,1000,SP01,6000002268,2.000
000000000010001043,2000,SP02,6000002269,158.000
000000000010001044,3000,SP03,6000002270,3.000
000000000010001045,3000,SP03,6000002271,1.000
000000000030000254,3000,SP03,6000002272,2.382
000000000030000254,3000,SP03,6000002273,3.618
000000000080000229,2000,SP02,6000002274,4.000
000000000080000230,1000,SP01,6000002275,0.414
000000000080000230,1000,SP01,6000002276,11.386
000000000080000230,1000,SP01,6000002277,7.200
000000000080000230,4000,SP04,6000002278,4.000
000000000010001047,2000,SP02,6000002279,3.697
000000000010001047,2000,SP02,6000002280,7.303
000000000010001048,1000,SP01,6000002281,69.000
000000000010001049,4000,SP04,6000002282,48.000
000000000010001052,2000,SP02,6000002283,2.000
000000000010001053,1000,SP01,6000002284,28.000
000000000010001054,1000,SP01,6000002285,3.000
000000000080000231,1000,SP01,6000002286,2.000
000000000010001056,4000,SP04,6000002287,1.000
000000000010001057,2000,SP02,6000002288,1.000
000000000010001057,3000,SP03,6000002289,1.000
000000000010001058,3000,SP03,6000002290,1.359
000000000010001058,3000,SP03,6000002291,2.766
000000000010001058,3000,SP03,6000002292,0.192
000000000010001058,3000,SP03,6000002293,2.683
000000000030000255,1000,SP01,6000002294,2.000
000000000010001059,1000,SP01,6000002295,2.000
000000000010001059,4000,SP04,6000002296,23.000
000000000010001060,4000,SP04,6000002297,1.000
000000000010001061,4000,SP04,6000002298,109.000
000000000010001061,2000,SP02,6000002299,20.320
000000000010001061,2000,SP02,6000002300,3.680
000000000010001064,3000,SP03,6000002301,1.000
000000000010001065,4000,SP04,6000002302,4.000
000000000030000256,3000,SP03,6000002303,1.000
000000000030000257,2000,SP02,6000002304,3.000
000000000010001067,3000,SP03,6000002305,188.000
000000000010001068,3000,SP03,6000002306,128.000
000000000010001070,3000,SP03,6000002307,17.528
000000000010001070,3000,SP03,6000002308,4.429
000000000010001070,3000,SP03,6000002309,47.043
000000000010001070,4000,SP04,6000002310,16.594
000000000010001070,4000,SP04,6000002311,19.406
000000000010001071,2000,SP02,6000002312,1.248
000000000010001071,2000,SP02,6000002313,4.752
000000000080000232,2000,SP02,6000002314,5.000
000000000080000233,3000,SP03,6000002315,7.000
000000000010001073,2000,SP02,6000002316,3.000
000000000010001074,3000,SP03,6000002317,4.244
000000000010001074,3000,SP03,6000002318,0.450
000000000010001074,3000,SP03,6000002319,7.809
000000000010001074,3000,SP03,6000002320,0.497
000000000030000259,1000,SP01,6000002321,3.000
000000000080000234,2000,SP02,6000002322,5.000
000000000080000234,4000,SP04,6000002323,2.755
000000000080000234,4000,SP04,6000002324,6.245
000000000030000260,3000,SP03,6000002325,2.000
000000000080000235,3000,SP03,6000002326,4.000
000000000010001077,2000,SP02,6000002327,2.000
000000000010001079,4000,SP04,6000002328,9.065
000000000010001079,4000,SP04,6000002329,11.249
000000000010001079,4000,SP04,6000002330,10.622
000000000010001079,4000,SP04,6000002331,21.064
000000000010001080,3000,SP03,6000002332,11.854
000000000010001080,3000,SP03,6000002333,7.146
000000000010001082,1000,SP01,6000002334,139.000
000000000010001083,4000,SP04,6000002335,6.453
000000000010001083,4000,SP04,6000002336,1.178
000000000010001083,4000,SP04,6000002337,1.369
000000000010001084,1000,SP01,6000002338,4.892
000000000010001084,1000,SP01,6000002339,3.483
000000000010001084,1000,SP01,6000002340,4.625
000000000010001085,2000,SP02,6000002341,8.000
000000000010001085,1000,SP01,6000002342,0.373
000000000010001085,1000,SP01,6000002343,3.345
000000000010001085,1000,SP01,6000002344,10.282
000000000030000261,2000,SP02,6000002345,3.357
000000000030000261,2000,SP02,6000002346,1.328
000000000030000261,2000,SP02,6000002347,0.315
000000000010001087,3000,SP03,6000002348,5.411
000000000010001087,3000,SP03,6000002349,0.589
000000000010001087,4000,SP04,6000002350,2.000
000000000010001088,2000,SP02,6000002351,5.000
000000000010001089,1000,SP01,6000002352,35.557
000000000010001089,1000,SP01,6000002353,27.443
000000000010001089,2000,SP02,6000002354,62.065
000000000010001089,2000,SP02,6000002355,9.019
000000000010001089,2000,SP02,6000002356,31.916
000000000010001090,4000,SP04,6000002357,8.000
000000000010001091,3000,SP03,6000002358,18.197
000000000010001091,3000,SP03,6000002359,57.876
000000000010001091,3000,SP03,6000002360,4.927
000000000010001092,1000,SP01,6000002361,2.000
000000000080000236,3000,SP03,6000002362,1.267
000000000080000236,3000,SP03,6000002363,5.654
000000000080000236,3000,SP03,6000002364,1.079
000000000010001093,4000,SP04,6000002365,6.000
000000000010001094,1000,SP01,6000002366,51.889
000000000010001094,1000,SP01,6000002367,97.111
000000000080000237,2000,SP02,6000002368,12.000
000000000010001096,4000,SP04,6000002369,2.000
000000000010001096,3000,SP03,6000002370,3.304
000000000010001096,3000,SP03,6000002371,5.696
000000000010001097,1000,SP01,6000002372,3.000
000000000080000238,4000,SP04,6000002373,0.589
000000000080000238,4000,SP04,6000002374,2.389
000000000080000238,4000,SP04,6000002375,7.302
000000000080000238,4000,SP04,6000002376,0.720
000000000010001098,1000,SP01,6000002377,3.000
000000000010001098,2000,SP02,6000002378,11.000
000000000080000239,2000,SP02,6000002379,6.467
000000000080000239,2000,SP02,6000002380,1.533
000000000010001099,3000,SP03,6000002381,4.000
000000000080000240,4000,SP04,6000002382,6.000
000000000080000241,1000,SP01,6000002383,12.185
000000000080000241,1000,SP01,6000002384,0.815
000000000010001100,2000,SP02,6000002385,2.000
000000000030000264,4000,SP04,6000002386,1.000
000000000010001104,2000,SP02,6000002387,3.043
000000000010001104,2000,SP02,6000002388,7.957
000000000030000265,4000,SP04,6000002389,3.000
000000000010001106,3000,SP03,6000002390,6.000
000000000010001109,4000,SP04,6000002391,4.000
000000000010001109,2000,SP02,6000002392,5.000
000000000090000066,2000,SP02,6000002393,2.549
000000000090000066,2000,SP02,6000002394,2.367
000000000090000066,2000,SP02,6000002395,4.084
000000000090000066,1000,SP01,6000002396,18.119
000000000090000066,1000,SP01,6000002397,1.881
000000000010001112,2000,SP02,6000002398,1.000
000000000010001113,2000,SP02,6000002399,66.000
000000000030000268,3000,SP03,6000002400,3.000
000000000030000268,1000,SP01,6000002401,1.000
000000000010001114,3000,SP03,6000002402,52.926
000000000010001114,3000,SP03,6000002403,52.074
000000000010001115,4000,SP04,6000002404,8.619
000000000010001115,4000,SP04,6000002405,7.381
000000000010001115,3000,SP03,6000002406,8.000
000000000010001116,2000,SP02,6000002407,6.889
000000000010001116,2000,SP02,6000002408,6.111
000000000010001118,4000,SP04,6000002409,10.962
000000000010001118,4000,SP04,6000002410,0.883
000000000010001118,4000,SP04,6000002411,3.155
000000000010001119,1000,SP01,6000002412,4.000
000000000090000067,4000,SP04,6000002413,5.262
000000000090000067,4000,SP04,6000002414,5.158
000000000090000067,4000,SP04,6000002415,10.019
000000000090000067,4000,SP04,6000002416,11.561
000000000090000067,2000,SP02,6000002417,29.000
000000000010001121,2000,SP02,6000002418,1.000
000000000010001121,3000,SP03,6000002419,2.000
000000000010001122,4000,SP04,6000002420,29.012
000000000010001122,4000,SP04,6000002421,67.988
000000000010001124,4000,SP04,6000002422,5.320
000000000010001124,4000,SP04,6000002423,1.545
000000000010001124,4000,SP04,6000002424,2.135
000000000010001125,1000,SP01,6000002425,78.000
000000000030000269,3000,SP03,6000002426,1.000
000000000010001126,3000,SP03,6000002427,142.000
000000000010001128,4000,SP04,6000002428,2.888
000000000010001128,4000,SP04,6000002429,9.112
000000000010001129,3000,SP03,6000002430,2.268
000000000010001129,3000,SP03,6000002431,4.732
000000000010001130,2000,SP02,6000002432,4.000
000000000010001131,3000,SP03,6000002433,6.000
000000000010001132,4000,SP04,6000002434,2.000
000000000010001133,1000,SP01,6000002435,20.722
000000000010001133,1000,SP01,6000002436,0.278
000000000010001133,3000,SP03,6000002437,37.815
000000000010001133,3000,SP03,6000002438,7.369
000000000010001133,3000,SP03,6000002439,82.816
000000000010001134,3000,SP03,6000002440,94.807
000000000010001134,3000,SP03,6000002441,8.193
000000000090000068,4000,SP04,6000002442,26.000
000000000010001135,2000,SP02,6000002443,94.000
000000000010001136,3000,SP03,6000002444,8.112
000000000010001136,3000,SP03,6000002445,6.888
000000000090000069,3000,SP03,6000002446,3.748
000000000090000069,3000,SP03,6000002447,26.252
000000000010001137,2000,SP02,6000002448,33.264
000000000010001137,2000,SP02,6000002449,64.736
000000000010001138,1000,SP01,6000002450,2.220
000000000010001138,1000,SP01,6000002451,3.780
000000000010001139,1000,SP01,6000002452,4.000
000000000010001140,1000,SP01,6000002453,39.011
000000000010001140,1000,SP01,6000002454,4.989
000000000010001140,3000,SP03,6000002455,31.000
000000000010001142,2000,SP02,6000002456,7.559
000000000010001142,2000,SP02,6000002457,4.318
000000000010001142,2000,SP02,6000002458,3.123
000000000010001144,1000,SP01,6000002459,4.000
000000000090000070,4000,SP04,6000002460,7.221
000000000090000070,4000,SP04,6000002461,1.347
000000000090000070,4000,SP04,6000002462,9.432
000000000010001145,3000,SP03,6000002463,1.000
000000000010001147,3000,SP03,6000002464,1.000
000000000010001148,4000,SP04,6000002465,4.000
000000000030000272,1000,SP01,6000002466,2.000
000000000010001150,4000,SP04,6000002467,35.742
000000000010001150,4000,SP04,6000002468,30.258
000000000030000273,4000,SP04,6000002469,4.000
000000000010001153,3000,SP03,6000002470,5.920
000000000010001153,3000,SP03,6000002471,0.080
000000000080000242,2000,SP02,6000002472,3.000
000000000080000242,3000,SP03,6000002473,3.000
000000000030000275,1000,SP01,6000002474,3.000
000000000010001154,3000,SP03,6000002475,9.951
000000000010001154,3000,SP03,6000002476,1.049
000000000010001155,3000,SP03,6000002477,125.000
000000000010001156,3000,SP03,6000002478,8.783
000000000010001156,3000,SP03,6000002479,0.217
000000000080000243,3000,SP03,6000002480,1.000
000000000090000071,1000,SP01,6000002481,4.894
000000000090000071,1000,SP01,6000002482,10.431
000000000090000071,1000,SP01,6000002483,13.675
000000000090000072,1000,SP01,6000002484,30.000
000000000010001158,1000,SP01,6000002485,11.000
000000000090000073,1000,SP01,6000002486,12.000
000000000080000244,1000,SP01,6000002487,1.000
000000000080000245,4000,SP04,6000002488,0.905
000000000080000245,4000,SP04,6000002489,0.551
000000000080000245,4000,SP04,6000002490,4.544
000000000010001160,4000,SP04,6000002491,4.000
000000000030000279,2000,SP02,6000002492,1.000
000000000030000280,2000,SP02,6000002493,5.000
000000000010001161,1000,SP01,6000002494,12.000
000000000010001162,3000,SP03,6000002495,19.000
000000000090000074,2000,SP02,6000002496,7.784
000000000090000074,2000,SP02,6000002497,1.970
000000000090000074,2000,SP02,6000002498,11.246
000000000010001163,3000,SP03,6000002499,4.000
000000000010001164,1000,SP01,6000002500,7.988
000000000010001164,1000,SP01,6000002501,2.012
000000000010001164,3000,SP03,6000002502,3.000
000000000080000246,1000,SP01,6000002503,1.088
000000000080000246,1000,SP01,6000002504,0.536
000000000080000246,1000,SP01,6000002505,5.376
000000000080000246,4000,SP04,6000002506,2.000
000000000010001166,4000,SP04,6000002507,1.903
000000000010001166,4000,SP04,6000002508,6.097
000000000010001167,4000,SP04,6000002509,197.000
000000000010001168,2000,SP02,6000002510,20.000
000000000010001169,4000,SP04,6000002511,2.194
000000000010001169,4000,SP04,6000002512,2.752
000000000010001169,4000,SP04,6000002513,3.054
000000000010001169,1000,SP01,6000002514,2.000
000000000010001171,4000,SP04,6000002515,6.000
000000000010001172,1000,SP01,6000002516,19.000
000000000030000281,3000,SP03,6000002517,1.000
000000000010001174,4000,SP04,6000002518,77.964
000000000010001174,4000,SP04,6000002519,11.036
000000000010001175,4000,SP04,6000002520,23.858
000000000010001175,4000,SP04,6000002521,39.142
000000000030000282,1000,SP01,6000002522,3.000
000000000010001176,4000,SP04,6000002523,1.000
000000000030000283,1000,SP01,6000002524,2.000
000000000010001177,2000,SP02,6000002525,4.000
000000000010001177,3000,SP03,6000002526,4.000
000000000080000247,1000,SP01,6000002527,3.000
000000000010001178,4000,SP04,6000002528,8.000
000000000010001178,2000,SP02,6000002529,5.372
000000000010001178,2000,SP02,6000002530,2.628
000000000030000284,2000,SP02,6000002531,3.000
000000000010001180,4000,SP04,6000002532,8.000
000000000010001181,1000,SP01,6000002533,6.157
000000000010001181,1000,SP01,6000002534,1.843
000000000010001182,4000,SP04,6000002535,9.586
000000000010001182,4000,SP04,6000002536,4.612
000000000010001182,4000,SP04,6000002537,0.802
000000000010001182,3000,SP03,6000002538,15.951
000000000010001182,3000,SP03,6000002539,6.314
000000000010001182,3000,SP03,6000002540,0.670
000000000010001182,3000,SP03,6000002541,9.065
000000000010001183,2000,SP02,6000002542,5.000
000000000010001183,3000,SP03,6000002543,1.000
000000000010001184,1000,SP01,6000002544,65.701
000000000010001184,1000,SP01,6000002545,110.299
000000000030000285,4000,SP04,6000002546,3.000
000000000030000286,1000,SP01,6000002547,4.000
000000000010001186,3000,SP03,6000002548,7.000
000000000030000287,4000,SP04,6000002549,3.000
000000000010001190,4000,SP04,6000002550,3.000
000000000080000248,2000,SP02,6000002551,2.000
000000000080000248,4000,SP04,6000002552,1.530
000000000080000248,4000,SP04,6000002553,8.460
000000000080000248,4000,SP04,6000002554,0.010
000000000010001192,4000,SP04,6000002555,1.562
000000000010001192,4000,SP04,6000002556,4.438
000000000010001193,4000,SP04,6000002557,55.000
000000000010001195,2000,SP02,6000002558,5.129
000000000010001195,2000,SP02,6000002559,7.223
000000000010001195,2000,SP02,6000002560,15.648
000000000010001195,3000,SP03,6000002561,0.155
000000000010001195,3000,SP03,6000002562,5.845
000000000010001196,4000,SP04,6000002563,28.506
000000000010001196,4000,SP04,6000002564,6.494
000000000010001197,1000,SP01,6000002565,4.000
000000000010001198,1000,SP01,6000002566,9.344
000000000010001198,1000,SP01,6000002567,5.509
000000000010001198,1000,SP01,6000002568,2.147
000000000010001198,4000,SP04,6000002569,0.763
000000000010001198,4000,SP04,6000002570,15.237
000000000010001199,3000,SP03,6000002571,1.000
000000000080000249,1000,SP01,6000002572,7.721
000000000080000249,1000,SP01,6000002573,0.279
000000000080000250,2000,SP02,6000002574,2.858
000000000080000250,2000,SP02,6000002575,3.142
000000000010001200,1000,SP01,6000002576,64.000
000000000010001201,2000,SP02,6000002577,2.729
000000000010001201,2000,SP02,6000002578,1.756
000000000010001201,2000,SP02,6000002579,0.352
000000000010001201,2000,SP02,6000002580,0.163
000000000010001201,3000,SP03,6000002581,2.533
000000000010001201,3000,SP03,6000002582,3.476
000000000010001201,3000,SP03,6000002583,1.439
000000000010001201,3000,SP03,6000002584,3.552
000000000010001203,4000,SP04,6000002585,93.000
000000000010001204,4000,SP04,6000002586,1.000
000000000010001204,3000,SP03,6000002587,2.000
000000000010001206,3000,SP03,6000002588,3.000
000000000010001207,4000,SP04,6000002589,15.402
000000000010001207,4000,SP04,6000002590,3.213
000000000010001207,4000,SP04,6000002591,2.385
000000000010001210,4000,SP04,6000002592,141.000
000000000010001210,3000,SP03,6000002593,96.000
000000000030000289,4000,SP04,6000002594,2.000
000000000090000075,1000,SP01,6000002595,5.362
000000000090000075,1000,SP01,6000002596,4.638
000000000090000075,4000,SP04,6000002597,6.000
000000000010001211,1000,SP01,6000002598,12.000
000000000010001213,2000,SP02,6000002599,32.191
000000000010001213,2000,SP02,6000002600,32.809
000000000030000291,4000,SP04,6000002601,4.000
000000000030000291,1000,SP01,6000002602,1.000
000000000010001215,2000,SP02,6000002603,23.000
000000000010001217,3000,SP03,6000002604,2.000
000000000010001217,1000,SP01,6000002605,3.000
000000000030000293,3000,SP03,6000002606,1.000
000000000080000251,2000,SP02,6000002607,6.000
000000000030000294,2000,SP02,6000002608,1.765
000000000030000294,2000,SP02,6000002609,4.752
000000000030000294,2000,SP02,6000002610,1.483
000000000030000294,1000,SP01,6000002611,2.000
000000000030000295,3000,SP03,6000002612,6.000
000000000010001219,1000,SP01,6000002613,2.000
000000000010001220,3000,SP03,6000002614,3.000
000000000010001221,2000,SP02,6000002615,1.430
000000000010001221,2000,SP02,6000002616,16.570
000000000010001221,3000,SP03,6000002617,2.000
000000000010001223,4000,SP04,6000002618,6.708
000000000010001223,4000,SP04,6000002619,1.699
000000000010001223,4000,SP04,6000002620,1.593
000000000080000252,1000,SP01,6000002621,0.806
000000000080000252,1000,SP01,6000002622,5.194
000000000010001224,2000,SP02,6000002623,56.000
000000000010001225,2000,SP02,6000002624,12.431
000000000010001225,2000,SP02,6000002625,107.569
000000000010001227,1000,SP01,6000002626,2.000
000000000080000253,3000,SP03,6000002627,4.000
000000000080000254,4000,SP04,6000002628,16.000
000000000010001228,1000,SP01,6000002629,2.000
000000000010001228,4000,SP04,6000002630,3.000
000000000010001229,1000,SP01,6000002631,4.000
000000000010001229,4000,SP04,6000002632,1.000
000000000030000297,3000,SP03,6000002633,4.000
000000000080000255,4000,SP04,6000002634,3.826
000000000080000255,4000,SP04,6000002635,0.522
000000000080000255,4000,SP04,6000002636,2.652
000000000010001231,1000,SP01,6000002637,17.016
000000000010001231,1000,SP01,6000002638,139.042
000000000010001231,1000,SP01,6000002639,33.134
000000000010001231,1000,SP01,6000002640,19.808
000000000030000299,2000,SP02,6000002641,1.925
000000000030000299,2000,SP02,6000002642,3.075
000000000080000256,1000,SP01,6000002643,9.000
000000000010001232,2000,SP02,6000002644,24.000
000000000080000257,2000,SP02,6000002645,3.029
000000000080000257,2000,SP02,6000002646,0.300
000000000080000257,2000,SP02,6000002647,2.671
000000000010001233,3000,SP03,6000002648,9.000
000000000010001236,4000,SP04,6000002649,100.849
000000000010001236,4000,SP04,6000002650,15.151
000000000010001236,2000,SP02,6000002651,15.000
000000000010001237,2000,SP02,6000002652,1.000
000000000010001238,3000,SP03,6000002653,9.000
000000000090000076,4000,SP04,6000002654,3.628
000000000090000076,4000,SP04,6000002655,3.372
000000000010001239,4000,SP04,6000002656,6.000
000000000010001240,2000,SP02,6000002657,1.000
000000000030000300,3000,SP03,6000002658,1.737
000000000030000300,3000,SP03,6000002659,4.263
000000000010001241,3000,SP03,6000002660,5.000
000000000010001242,1000,SP01,6000002661,10.159
000000000010001242,1000,SP01,6000002662,1.841
000000000010001243,4000,SP04,6000002663,137.398
000000000010001243,4000,SP04,6000002664,9.602
000000000010001243,3000,SP03,6000002665,9.000
000000000010001244,4000,SP04,6000002666,1.590
000000000010001244,4000,SP04,6000002667,4.410
000000000010001245,1000,SP01,6000002668,38.421
000000000010001245,1000,SP01,6000002669,5.009
000000000010001245,1000,SP01,6000002670,34.570
000000000080000258,4000,SP04,6000002671,4.000
000000000080000258,2000,SP02,6000002672,4.000
000000000090000077,1000,SP01,6000002673,0.172
000000000090000077,1000,SP01,6000002674,2.707
000000000090000077,1000,SP01,6000002675,3.121
000000000010001249,3000,SP03,6000002676,2.000
000000000010001250,4000,SP04,6000002677,10.243
000000000010001250,4000,SP04,6000002678,2.078
000000000010001250,4000,SP04,6000002679,3.494
000000000010001250,4000,SP04,6000002680,8.185
000000000080000259,1000,SP01,6000002681,6.000
000000000010001251,2000,SP02,6000002682,0.207
000000000010001251,2000,SP02,6000002683,4.793
000000000010001254,4000,SP04,6000002684,17.107
000000000010001254,4000,SP04,6000002685,18.608
000000000010001254,4000,SP04,6000002686,17.878
000000000010001254,4000,SP04,6000002687,78.407
000000000010001255,3000,SP03,6000002688,0.048
000000000010001255,3000,SP03,6000002689,0.239
000000000010001255,3000,SP03,6000002690,1.416
000000000010001255,3000,SP03,6000002691,5.297
000000000010001256,1000,SP01,6000002692,82.756
000000000010001256,1000,SP01,6000002693,114.244
000000000010001256,4000,SP04,6000002694,56.406
000000000010001256,4000,SP04,6000002695,23.594
000000000010001258,4000,SP04,6000002696,6.969
000000000010001258,4000,SP04,6000002697,7.043
000000000010001258,4000,SP04,6000002698,0.988
000000000090000078,3000,SP03,6000002699,2.120
000000000090000078,3000,SP03,6000002700,11.880
000000000090000078,4000,SP04,6000002701,1.398
000000000090000078,4000,SP04,6000002702,30.602
000000000010001259,1000,SP01,6000002703,2.000
000000000010001260,2000,SP02,6000002704,6.119
000000000010001260,2000,SP02,6000002705,4.870
000000000010001260,2000,SP02,6000002706,13.147
000000000010001260,2000,SP02,6000002707,3.864
000000000080000260,4000,SP04,6000002708,1.000
000000000010001261,3000,SP03,6000002709,7.000
000000000080000261,3000,SP03,6000002710,12.767
000000000080000261,3000,SP03,6000002711,5.348
000000000080000261,3000,SP03,6000002712,1.885
000000000010001263,1000,SP01,6000002713,40.000
000000000010001266,1000,SP01,6000002714,2.000
000000000010001267,3000,SP03,6000002715,2.000
000000000010001268,4000,SP04,6000002716,2.673
000000000010001268,4000,SP04,6000002717,11.327
000000000080000262,2000,SP02,6000002718,8.000
000000000080000262,1000,SP01,6000002719,6.064
000000000080000262,1000,SP01,6000002720,0.936
000000000030000302,1000,SP01,6000002721,3.000
000000000010001270,4000,SP04,6000002722,2.342
000000000010001270,4000,SP04,6000002723,4.658
000000000090000079,2000,SP02,6000002724,31.311
000000000090000079,2000,SP02,6000002725,4.689
000000000090000079,4000,SP04,6000002726,2.686
000000000090000079,4000,SP04,6000002727,2.629
000000000090000079,4000,SP04,6000002728,0.685
000000000010001272,1000,SP01,6000002729,14.000
000000000010001273,1000,SP01,6000002730,10.000
000000000010001275,1000,SP01,6000002731,4.000
000000000010001276,2000,SP02,6000002732,2.025
000000000010001276,2000,SP02,6000002733,1.079
000000000010001276,2000,SP02,6000002734,1.896
000000000010001277,4000,SP04,6000002735,11.000
000000000010001278,4000,SP04,6000002736,4.568
000000000010001278,4000,SP04,6000002737,165.432
000000000010001280,4000,SP04,6000002738,6.528
000000000010001280,4000,SP04,6000002739,2.472
000000000010001281,1000,SP01,6000002740,14.000
000000000090000080,2000,SP02,6000002741,5.982
000000000090000080,2000,SP02,6000002742,0.018
000000000090000080,4000,SP04,6000002743,14.198
000000000090000080,4000,SP04,6000002744,9.802
000000000030000304,2000,SP02,6000002745,1.552
000000000030000304,2000,SP02,6000002746,0.617
000000000030000304,2000,SP02,6000002747,3.831
000000000080000263,3000,SP03,6000002748,6.771
000000000080000263,3000,SP03,6000002749,8.229
000000000010001282,4000,SP04,6000002750,3.000
000000000010001283,1000,SP01,6000002751,73.000
000000000010001283,3000,SP03,6000002752,49.000
000000000010001284,2000,SP02,6000002753,39.000
000000000010001285,3000,SP03,6000002754,18.000
000000000030000305,3000,SP03,6000002755,2.000
000000000010001286,2000,SP02,6000002756,4.236
000000000010001286,2000,SP02,6000002757,0.764
000000000080000264,4000,SP04,6000002758,1.637
000000000080000264,4000,SP04,6000002759,0.851
000000000080000264,4000,SP04,6000002760,2.512
000000000010001288,3000,SP03,6000002761,6.730
000000000010001288,3000,SP03,6000002762,0.270
000000000010001289,2000,SP02,6000002763,5.000
000000000010001290,2000,SP02,6000002764,4.000
000000000010001292,2000,SP02,6000002765,2.000
000000000010001293,3000,SP03,6000002766,1.000
000000000010001294,1000,SP01,6000002767,73.000
000000000010001295,2000,SP02,6000002768,10.000
000000000030000307,2000,SP02,6000002769,2.000
000000000030000308,1000,SP01,6000002770,4.000
000000000010001297,1000,SP01,6000002771,13.000
000000000010001298,4000,SP04,6000002772,2.000
000000000010001298,2000,SP02,6000002773,1.000
000000000010001300,3000,SP03,6000002774,4.016
000000000010001300,3000,SP03,6000002775,4.984
000000000010001300,4000,SP04,6000002776,5.923
000000000010001300,4000,SP04,6000002777,8.077
000000000090000081,1000,SP01,6000002778,0.310
000000000090000081,1000,SP01,6000002779,7.404
000000000090000081,1000,SP01,6000002780,4.286
000000000090000081,4000,SP04,6000002781,5.877
000000000090000081,4000,SP04,6000002782,3.187
000000000090000081,4000,SP04,6000002783,5.936
000000000010001301,1000,SP01,6000002784,1.542
000000000010001301,1000,SP01,6000002785,6.458
000000000010001303,4000,SP04,6000002786,137.000
000000000080000265,2000,SP02,6000002787,10.463
000000000080000265,2000,SP02,6000002788,2.537
000000000010001304,1000,SP01,6000002789,143.000
000000000010001305,2000,SP02,6000002790,2.000
000000000010001306,3000,SP03,6000002791,3.000
000000000010001307,3000,SP03,6000002792,1.000
000000000080000266,3000,SP03,6000002793,3.865
000000000080000266,3000,SP03,6000002794,3.135
000000000010001308,2000,SP02,6000002795,143.000
000000000010001309,2000,SP02,6000002796,6.000
000000000080000267,4000,SP04,6000002797,3.000
000000000030000312,2000,SP02,6000002798,4.000
000000000030000312,3000,SP03,6000002799,3.000
000000000010001311,4000,SP04,6000002800,2.148
000000000010001311,4000,SP04,6000002801,4.073
000000000010001311,4000,SP04,6000002802,4.779
000000000010001312,3000,SP03,6000002803,2.377
000000000010001312,3000,SP03,6000002804,1.055
000000000010001312,3000,SP03,6000002805,3.577
000000000010001312,3000,SP03,6000002806,0.991
000000000090000082,1000,SP01,6000002807,8.369
000000000090000082,1000,SP01,6000002808,0.614
000000000090000082,1000,SP01,6000002809,2.017
000000000090000082,4000,SP04,6000002810,16.000
000000000010001313,3000,SP03,6000002811,12.621
000000000010001313,3000,SP03,6000002812,79.379
000000000010001314,3000,SP03,6000002813,3.264
000000000010001314,3000,SP03,6000002814,18.871
000000000010001314,3000,SP03,6000002815,23.865
000000000010001315,4000,SP04,6000002816,67.000
000000000090000083,4000,SP04,6000002817,10.105
000000000090000083,4000,SP04,6000002818,6.895
000000000010001317,3000,SP03,6000002819,20.000
000000000010001319,1000,SP01,6000002820,3.558
000000000010001319,1000,SP01,6000002821,1.442
000000000010001320,3000,SP03,6000002822,65.000
000000000010001321,1000,SP01,6000002823,3.000
000000000010001321,2000,SP02,6000002824,2.000
000000000030000313,1000,SP01,6000002825,1.000
000000000030000314,4000,SP04,6000002826,1.000
000000000090000084,3000,SP03,6000002827,27.000
000000000010001323,1000,SP01,6000002828,5.000
000000000010001324,2000,SP02,6000002829,35.000
000000000010001325,4000,SP04,6000002830,8.000
000000000030000315,2000,SP02,6000002831,4.000
