Matnr,Bwkey,Lbkum,Salk3,Vprsv,Verpr,Stprs,Peinh,Bklas
000000000010000000,1000,107.000,5927064.91,V,55393.13,0.00,1.000,3200
000000000010000001,1000,32.000,393450.88,V,12295.34,0.00,1.000,3200
000000000010000001,2000,26.000,319678.84,V,12295.34,0.00,1.000,3200
000000000080000000,3000,12.000,3094634.04,V,257886.17,0.00,1.000,3200
000000000010000002,4000,6.000,852278.10,V,142046.35,0.00,1.000,3200
000000000010000002,2000,7.000,994324.45,V,142046.35,0.00,1.000,3200
000000000030000000,4000,6.000,745443.60,V,124240.60,0.00,1.000,3200
000000000030000000,1000,1.000,124240.60,V,124240.60,0.00,1.000,3200
000000000010000003,1000,0.000,0.00,V,135733.75,0.00,1.000,3200
000000000080000001,1000,5.000,345937.30,V,69187.46,0.00,1.000,3200
000000000080000001,4000,11.000,761062.06,V,69187.46,0.00,1.000,3200
000000000010000004,3000,93.000,524957.10,V,5644.70,0.00,1.000,3200
000000000010000005,1000,75.000,1705504.50,V,22740.06,0.00,1.000,3200
000000000010000006,1000,3.000,834205.17,V,278068.39,0.00,1.000,3200
000000000030000001,1000,1.000,59204.37,V,59204.37,0.00,1.000,3200
000000000010000007,3000,18.000,2565289.80,V,142516.10,0.00,1.000,3200
000000000010000008,4000,42.000,575950.20,V,13713.10,0.00,1.000,3200
000000000080000002,3000,5.000,1917403.45,V,383480.69,0.00,1.000,3200
000000000080000003,4000,25.000,1738074.25,V,69522.97,0.00,1.000,3200
000000000010000009,3000,4.000,323512.84,V,80878.21,0.00,1.000,3200
000000000030000002,3000,6.000,144758.40,V,24126.40,0.00,1.000,3200
000000000010000010,1000,0.000,0.00,V,57285.46,0.00,1.000,3200
000000000030000003,4000,0.000,0.00,V,108673.20,0.00,1.000,3200
000000000030000003,1000,5.000,543366.00,V,108673.20,0.00,1.000,3200
000000000010000011,4000,32.000,354776.96,V,11086.78,0.00,1.000,3200
000000000010000012,3000,1.000,11526.72,V,11526.72,0.00,1.000,3200
000000000010000012,2000,9.000,103740.48,V,11526.72,0.00,1.000,3200
000000000010000013,4000,5.000,332637.25,V,66527.45,0.00,1.000,3200
000000000010000014,4000,0.000,0.00,V,8337.12,0.00,1.000,3200
000000000010000014,2000,0.000,0.00,V,8337.12,0.00,1.000,3200
000000000010000015,4000,171.000,100703310.75,V,588908.25,0.00,1.000,3200
000000000010000015,1000,135.000,79502613.75,V,588908.25,0.00,1.000,3200
000000000010000016,2000,36.000,81997.20,V,2277.70,0.00,1.000,3200
000000000010000017,2000,0.000,0.00,V,93917.53,0.00,1.000,3200
000000000010000018,2000,6.000,78549.78,V,13091.63,0.00,1.000,3200
000000000010000019,3000,3.000,91233.30,V,30411.10,0.00,1.000,3200
000000000010000020,3000,27.000,2278879.11,V,84402.93,0.00,1.000,3200
000000000010000021,1000,11.000,108271.02,V,9842.82,0.00,1.000,3200
000000000090000000,4000,11.000,537868.98,V,48897.18,0.00,1.000,3200
000000000010000022,4000,205.000,828271.75,V,4040.35,0.00,1.000,3200
000000000010000023,3000,18.000,162159.66,V,9008.87,0.00,1.000,3200
000000000080000004,2000,21.000,9296434.77,V,442687.37,0.00,1.000,3200
000000000010000024,2000,0.000,0.00,V,134970.67,0.00,1.000,3200
000000000010000025,2000,104.000,49870731.04,V,479526.26,0.00,1.000,3200
000000000010000026,2000,0.000,0.00,V,155061.15,0.00,1.000,3200
000000000010000026,1000,1.000,155061.15,V,155061.15,0.00,1.000,3200
000000000080000005,4000,2.000,519266.62,V,259633.31,0.00,1.000,3200
000000000080000005,2000,10.000,2596333.10,V,259633.31,0.00,1.000,3200
000000000010000027,3000,0.000,0.00,V,96499.93,0.00,1.000,3200
000000000010000028,2000,1.000,72346.01,V,72346.01,0.00,1.000,3200
000000000010000028,4000,9.000,651114.09,V,72346.01,0.00,1.000,3200
000000000010000029,3000,26.000,11292596.64,V,434330.64,0.00,1.000,3200
000000000010000029,2000,238.000,103370692.32,V,434330.64,0.00,1.000,3200
000000000030000004,4000,5.000,595356.70,V,119071.34,0.00,1.000,3200
000000000010000030,4000,64.000,561520.00,V,8773.75,0.00,1.000,3200
000000000010000031,3000,0.000,0.00,V,173916.08,0.00,1.000,3200
000000000010000032,4000,5.000,133662.50,V,26732.50,0.00,1.000,3200
000000000010000033,1000,0.000,0.00,V,178174.97,0.00,1.000,3200
000000000010000034,1000,4.000,2449407.16,V,612351.79,0.00,1.000,3200
000000000080000006,2000,14.000,2449820.94,V,174987.21,0.00,1.000,3200
000000000010000035,1000,0.000,0.00,V,116564.77,0.00,1.000,3200
000000000010000036,3000,1.000,90675.48,V,90675.48,0.00,1.000,3200
000000000010000036,2000,1.000,90675.48,V,90675.48,0.00,1.000,3200
000000000010000037,1000,6.000,274889.88,V,45814.98,0.00,1.000,3200
000000000090000001,1000,25.000,4041645.25,V,161665.81,0.00,1.000,3200
000000000010000038,3000,44.000,296845.12,V,6746.48,0.00,1.000,3200
000000000080000007,1000,27.000,9756131.13,V,361338.19,0.00,1.000,3200
000000000010000039,2000,0.000,0.00,V,58419.65,0.00,1.000,3200
000000000030000005,3000,3.000,321794.19,V,107264.73,0.00,1.000,3200
000000000010000040,1000,3.000,99662.79,V,33220.93,0.00,1.000,3200
000000000010000041,4000,7.000,925115.38,V,132159.34,0.00,1.000,3200
000000000010000042,1000,0.000,0.00,V,41884.25,0.00,1.000,3200
000000000030000006,2000,1.000,15593.48,V,15593.48,0.00,1.000,3200
000000000080000008,4000,0.000,0.00,V,281853.73,0.00,1.000,3200
000000000080000009,1000,8.000,844937.60,V,105617.20,0.00,1.000,3200
000000000080000009,4000,14.000,1478640.80,V,105617.20,0.00,1.000,3200
000000000080000010,3000,4.000,247877.28,V,61969.32,0.00,1.000,3200
000000000030000007,1000,1.000,78081.04,V,78081.04,0.00,1.000,3200
000000000030000008,3000,2.000,301494.84,V,150747.42,0.00,1.000,3200
000000000010000043,1000,9.000,592184.88,V,65798.32,0.00,1.000,3200
000000000010000043,4000,5.000,328991.60,V,65798.32,0.00,1.000,3200
000000000010000044,3000,3.000,225307.29,V,75102.43,0.00,1.000,3200
000000000010000045,4000,85.000,1615135.15,V,19001.59,0.00,1.000,3200
000000000080000011,2000,12.000,1322117.52,V,110176.46,0.00,1.000,3200
000000000080000012,3000,7.000,2378446.63,V,339778.09,0.00,1.000,3200
000000000010000046,2000,0.000,0.00,V,797473.31,0.00,1.000,3200
000000000010000047,1000,0.000,0.00,V,144802.79,0.00,1.000,3200
000000000010000047,4000,0.000,0.00,V,144802.79,0.00,1.000,3200
000000000010000048,4000,29.000,577596.19,V,19917.11,0.00,1.000,3200
000000000080000013,3000,4.000,151849.80,V,37962.45,0.00,1.000,3200
000000000010000049,3000,12.000,94141.80,V,7845.15,0.00,1.000,3200
000000000010000049,1000,116.000,910037.40,V,7845.15,0.00,1.000,3200
000000000010000050,2000,0.000,0.00,V,147376.76,0.00,1.000,3200
000000000010000050,4000,0.000,0.00,V,147376.76,0.00,1.000,3200
000000000010000051,2000,0.000,0.00,V,138205.81,0.00,1.000,3200
000000000010000052,3000,14.000,1649288.20,V,117806.30,0.00,1.000,3200
000000000010000053,1000,60.000,35602262.40,V,593371.04,0.00,1.000,3200
000000000010000054,1000,7.000,229205.97,V,32743.71,0.00,1.000,3200
000000000010000055,3000,1.000,44707.09,V,44707.09,0.00,1.000,3200
000000000010000056,3000,0.000,0.00,V,85635.15,0.00,1.000,3200
000000000010000056,2000,0.000,0.00,V,85635.15,0.00,1.000,3200
000000000010000057,1000,2.000,187571.50,V,93785.75,0.00,1.000,3200
000000000010000058,4000,0.000,0.00,V,62837.15,0.00,1.000,3200
000000000010000059,3000,12.000,8837451.48,V,736454.29,0.00,1.000,3200
000000000030000009,3000,5.000,1730320.30,V,346064.06,0.00,1.000,3200
000000000010000060,2000,99.000,2219952.24,V,22423.76,0.00,1.000,3200
000000000010000060,4000,38.000,852102.88,V,22423.76,0.00,1.000,3200
000000000010000061,3000,8.000,866914.96,V,108364.37,0.00,1.000,3200
000000000010000062,3000,2.000,255910.86,V,127955.43,0.00,1.000,3200
000000000030000010,4000,6.000,1262676.60,V,210446.10,0.00,1.000,3200
000000000030000011,1000,6.000,951257.76,V,158542.96,0.00,1.000,3200
000000000030000011,3000,0.000,0.00,V,158542.96,0.00,1.000,3200
000000000010000063,3000,8.000,946994.24,V,118374.28,0.00,1.000,3200
000000000010000064,2000,0.000,0.00,V,386876.89,0.00,1.000,3200
000000000010000065,4000,6.000,349147.02,V,58191.17,0.00,1.000,3200
000000000080000014,4000,0.000,0.00,V,96143.63,0.00,1.000,3200
000000000010000066,3000,14.000,83255.34,V,5946.81,0.00,1.000,3200
000000000010000066,4000,4.000,23787.24,V,5946.81,0.00,1.000,3200
000000000010000067,3000,0.000,0.00,V,95916.97,0.00,1.000,3200
000000000080000015,3000,4.000,1451277.56,V,362819.39,0.00,1.000,3200
000000000080000016,1000,7.000,2764114.92,V,394873.56,0.00,1.000,3200
000000000080000016,2000,7.000,2764114.92,V,394873.56,0.00,1.000,3200
000000000010000068,2000,0.000,0.00,V,14159.93,0.00,1.000,3200
000000000010000069,4000,0.000,0.00,V,158120.43,0.00,1.000,3200
000000000010000070,2000,120.000,568920.00,V,4741.00,0.00,1.000,3200
000000000010000071,3000,9.000,5403248.19,V,600360.91,0.00,1.000,3200
000000000090000002,2000,12.000,2146260.36,V,178855.03,0.00,1.000,3200
000000000010000072,4000,24.000,569323.68,V,23721.82,0.00,1.000,3200
000000000080000017,2000,22.000,4658613.30,V,211755.15,0.00,1.000,3200
000000000080000017,3000,9.000,1905796.35,V,211755.15,0.00,1.000,3200
000000000010000073,3000,35.000,44501.80,V,1271.48,0.00,1.000,3200
000000000010000074,1000,1.000,117308.38,V,117308.38,0.00,1.000,3200
000000000030000012,3000,0.000,0.00,V,15908.99,0.00,1.000,3200
000000000010000075,2000,101.000,1569079.44,V,15535.44,0.00,1.000,3200
000000000010000075,1000,121.000,1879788.24,V,15535.44,0.00,1.000,3200
000000000010000076,2000,0.000,0.00,V,96305.23,0.00,1.000,3200
000000000010000077,2000,17.000,1419193.83,V,83481.99,0.00,1.000,3200
000000000010000078,3000,0.000,0.00,V,63122.94,0.00,1.000,3200
000000000010000079,1000,55.000,391368.45,V,7115.79,0.00,1.000,3200
000000000010000080,2000,1.000,175217.29,V,175217.29,0.00,1.000,3200
000000000010000081,1000,0.000,0.00,V,281061.65,0.00,1.000,3200
000000000010000081,3000,0.000,0.00,V,281061.65,0.00,1.000,3200
000000000080000018,4000,3.000,540952.17,V,180317.39,0.00,1.000,3200
000000000080000018,3000,4.000,721269.56,V,180317.39,0.00,1.000,3200
000000000080000019,2000,12.000,3233040.72,V,269420.06,0.00,1.000,3200
000000000030000013,2000,0.000,0.00,V,13325.15,0.00,1.000,3200
000000000010000082,3000,0.000,0.00,V,18136.77,0.00,1.000,3200
000000000030000014,4000,9.000,1084516.65,V,120501.85,0.00,1.000,3200
000000000030000014,1000,1.000,120501.85,V,120501.85,0.00,1.000,3200
000000000010000083,3000,1.000,123294.25,V,123294.25,0.00,1.000,3200
000000000010000084,4000,4.000,454280.56,V,113570.14,0.00,1.000,3200
000000000010000084,2000,6.000,681420.84,V,113570.14,0.00,1.000,3200
000000000010000085,1000,14.000,2362493.70,V,168749.55,0.00,1.000,3200
000000000010000085,3000,6.000,1012497.30,V,168749.55,0.00,1.000,3200
000000000080000020,3000,12.000,3858507.60,V,321542.30,0.00,1.000,3200
000000000080000020,1000,4.000,1286169.20,V,321542.30,0.00,1.000,3200
000000000010000086,4000,1.000,28028.81,V,28028.81,0.00,1.000,3200
000000000010000086,2000,2.000,56057.62,V,28028.81,0.00,1.000,3200
000000000010000087,4000,2.000,235333.52,V,117666.76,0.00,1.000,3200
000000000030000015,3000,0.000,0.00,V,34024.15,0.00,1.000,3200
000000000010000088,4000,5.000,2027459.10,V,405491.82,0.00,1.000,3200
000000000080000021,2000,3.000,622736.70,V,207578.90,0.00,1.000,3200
000000000080000021,3000,2.000,415157.80,V,207578.90,0.00,1.000,3200
000000000080000022,3000,7.000,2575527.08,V,367932.44,0.00,1.000,3200
000000000080000023,3000,13.000,2518013.81,V,193693.37,0.00,1.000,3200
000000000010000089,1000,0.000,0.00,V,235725.00,0.00,1.000,3200
000000000010000090,4000,5.000,506379.35,V,101275.87,0.00,1.000,3200
000000000010000091,4000,110.000,365365.00,V,3321.50,0.00,1.000,3200
000000000010000092,1000,9.000,777930.03,V,86436.67,0.00,1.000,3200
000000000010000093,1000,3.000,129668.01,V,43222.67,0.00,1.000,3200
000000000010000094,2000,195.000,650818.35,V,3337.53,0.00,1.000,3200
000000000030000016,3000,0.000,0.00,V,33127.81,0.00,1.000,3200
000000000030000016,1000,5.000,165639.05,V,33127.81,0.00,1.000,3200
000000000010000095,4000,4.000,910231.00,V,227557.75,0.00,1.000,3200
000000000010000096,2000,19.000,8262041.70,V,434844.30,0.00,1.000,3200
000000000010000097,4000,7.000,928365.41,V,132623.63,0.00,1.000,3200
000000000030000017,3000,0.000,0.00,V,159066.08,0.00,1.000,3200
000000000010000098,1000,10.000,561208.30,V,56120.83,0.00,1.000,3200
000000000010000099,2000,3.000,354765.75,V,118255.25,0.00,1.000,3200
000000000010000099,4000,13.000,1537318.25,V,118255.25,0.00,1.000,3200
000000000010000100,4000,12.000,972757.08,V,81063.09,0.00,1.000,3200
000000000090000003,2000,7.000,141978.06,V,20282.58,0.00,1.000,3200
000000000090000003,3000,18.000,365086.44,V,20282.58,0.00,1.000,3200
000000000010000101,4000,5.000,68401.70,V,13680.34,0.00,1.000,3200
000000000030000018,4000,3.000,1985154.75,V,661718.25,0.00,1.000,3200
000000000010000102,1000,0.000,0.00,V,722584.57,0.00,1.000,3200
000000000080000024,2000,1.000,156541.62,V,156541.62,0.00,1.000,3200
000000000010000103,2000,0.000,0.00,V,137504.38,0.00,1.000,3200
000000000030000019,1000,0.000,0.00,V,45663.54,0.00,1.000,3200
000000000030000019,3000,1.000,45663.54,V,45663.54,0.00,1.000,3200
000000000010000104,3000,18.000,4134559.86,V,229697.77,0.00,1.000,3200
000000000010000104,2000,0.000,0.00,V,229697.77,0.00,1.000,3200
000000000010000105,4000,3.000,142460.07,V,47486.69,0.00,1.000,3200
000000000010000106,3000,32.000,654683.20,V,20458.85,0.00,1.000,3200
000000000010000107,4000,0.000,0.00,V,95720.23,0.00,1.000,3200
000000000010000108,1000,0.000,0.00,V,40437.36,0.00,1.000,3200
000000000010000109,4000,1.000,255293.61,V,255293.61,0.00,1.000,3200
000000000080000025,3000,10.000,4354987.50,V,435498.75,0.00,1.000,3200
000000000080000025,4000,16.000,6967980.00,V,435498.75,0.00,1.000,3200
000000000010000110,2000,7.000,719667.20,V,102809.60,0.00,1.000,3200
000000000030000020,2000,0.000,0.00,V,505530.16,0.00,1.000,3200
000000000010000111,3000,86.000,356390.02,V,4144.07,0.00,1.000,3200
000000000010000112,1000,33.000,21025.29,V,637.13,0.00,1.000,3200
000000000010000113,3000,0.000,0.00,V,77554.54,0.00,1.000,3200
000000000010000114,4000,9.000,107638.56,V,11959.84,0.00,1.000,3200
000000000010000115,4000,0.000,0.00,V,99763.48,0.00,1.000,3200
000000000010000116,2000,3.000,501041.28,V,167013.76,0.00,1.000,3200
000000000010000116,3000,3.000,501041.28,V,167013.76,0.00,1.000,3200
000000000030000021,1000,3.000,135059.64,V,45019.88,0.00,1.000,3200
000000000030000021,4000,5.000,225099.40,V,45019.88,0.00,1.000,3200
000000000010000117,1000,0.000,0.00,V,37785.42,0.00,1.000,3200
000000000010000118,4000,4.000,720740.60,V,180185.15,0.00,1.000,3200
000000000010000119,1000,21.000,3729372.57,V,177589.17,0.00,1.000,3200
000000000010000120,1000,5.000,3775529.25,V,755105.85,0.00,1.000,3200
000000000010000120,4000,4.000,3020423.40,V,755105.85,0.00,1.000,3200
000000000030000022,4000,1.000,179364.22,V,179364.22,0.00,1.000,3200
000000000030000022,1000,5.000,896821.10,V,179364.22,0.00,1.000,3200
000000000090000004,4000,19.000,1052544.71,V,55397.09,0.00,1.000,3200
000000000010000121,4000,0.000,0.00,V,68102.19,0.00,1.000,3200
000000000010000122,3000,4.000,24740.24,V,6185.06,0.00,1.000,3200
000000000010000123,1000,4.000,42948.68,V,10737.17,0.00,1.000,3200
000000000010000124,3000,68.000,1242718.36,V,18275.27,0.00,1.000,3200
000000000080000026,3000,0.000,0.00,V,32874.18,0.00,1.000,3200
000000000080000026,2000,3.000,98622.54,V,32874.18,0.00,1.000,3200
000000000010000125,4000,3.000,180855.66,V,60285.22,0.00,1.000,3200
000000000080000027,1000,1.000,192088.11,V,192088.11,0.00,1.000,3200
000000000010000126,1000,0.000,0.00,V,32028.70,0.00,1.000,3200
000000000010000127,3000,6.000,1039562.28,V,173260.38,0.00,1.000,3200
000000000010000127,1000,0.000,0.00,V,173260.38,0.00,1.000,3200
000000000010000128,4000,0.000,0.00,V,8810.13,0.00,1.000,3200
000000000010000129,4000,0.000,0.00,V,80379.39,0.00,1.000,3200
000000000010000130,2000,0.000,0.00,V,113640.74,0.00,1.000,3200
000000000010000131,1000,10.000,1051260.50,V,105126.05,0.00,1.000,3200
000000000010000132,2000,159.000,464858.76,V,2923.64,0.00,1.000,3200
000000000010000132,1000,42.000,122792.88,V,2923.64,0.00,1.000,3200
000000000010000133,3000,4.000,697233.96,V,174308.49,0.00,1.000,3200
000000000010000134,2000,132.000,11761900.92,V,89105.31,0.00,1.000,3200
000000000010000135,3000,2.000,257588.78,V,128794.39,0.00,1.000,3200
000000000010000135,2000,6.000,772766.34,V,128794.39,0.00,1.000,3200
000000000010000136,1000,11.000,619088.69,V,56280.79,0.00,1.000,3200
000000000090000005,1000,13.000,1686359.87,V,129719.99,0.00,1.000,3200
000000000010000137,3000,83.000,1640715.78,V,19767.66,0.00,1.000,3200
000000000010000138,2000,0.000,0.00,V,104181.01,0.00,1.000,3200
000000000080000028,1000,0.000,0.00,V,349169.11,0.00,1.000,3200
000000000080000029,4000,0.000,0.00,V,262576.48,0.00,1.000,3200
000000000010000139,1000,0.000,0.00,V,160165.04,0.00,1.000,3200
000000000010000140,4000,1.000,124304.73,V,124304.73,0.00,1.000,3200
000000000010000141,4000,35.000,677720.05,V,19363.43,0.00,1.000,3200
000000000080000030,1000,2.000,395519.94,V,197759.97,0.00,1.000,3200
000000000010000142,1000,2.000,143531.32,V,71765.66,0.00,1.000,3200
000000000010000143,1000,0.000,0.00,V,87714.85,0.00,1.000,3200
000000000010000144,2000,0.000,0.00,V,125387.06,0.00,1.000,3200
000000000010000145,1000,2.000,291182.68,V,145591.34,0.00,1.000,3200
000000000080000031,1000,10.000,2720610.20,V,272061.02,0.00,1.000,3200
000000000010000146,4000,0.000,0.00,V,35939.78,0.00,1.000,3200
000000000010000146,1000,0.000,0.00,V,35939.78,0.00,1.000,3200
000000000010000147,2000,10.000,5359109.90,V,535910.99,0.00,1.000,3200
000000000030000023,1000,1.000,72184.91,V,72184.91,0.00,1.000,3200
000000000010000148,4000,1.000,70055.88,V,70055.88,0.00,1.000,3200
000000000010000149,4000,98.000,46239.34,V,471.83,0.00,1.000,3200
000000000080000032,1000,6.000,218781.42,V,36463.57,0.00,1.000,3200
000000000010000150,1000,14.000,1072491.14,V,76606.51,0.00,1.000,3200
000000000010000151,3000,0.000,0.00,V,74420.14,0.00,1.000,3200
000000000010000152,1000,0.000,0.00,V,157625.06,0.00,1.000,3200
000000000010000153,2000,2.000,1287427.82,V,643713.91,0.00,1.000,3200
000000000080000033,4000,5.000,1356104.75,V,271220.95,0.00,1.000,3200
000000000010000154,1000,4.000,674542.08,V,168635.52,0.00,1.000,3200
000000000010000155,3000,4.000,1012229.60,V,253057.40,0.00,1.000,3200
000000000010000156,4000,0.000,0.00,V,72228.84,0.00,1.000,3200
000000000010000156,3000,0.000,0.00,V,72228.84,0.00,1.000,3200
000000000080000034,1000,1.000,218145.59,V,218145.59,0.00,1.000,3200
000000000010000157,2000,2.000,225657.24,V,112828.62,0.00,1.000,3200
000000000010000157,3000,1.000,112828.62,V,112828.62,0.00,1.000,3200
000000000030000024,1000,2.000,26314.10,V,13157.05,0.00,1.000,3200
000000000080000035,4000,11.000,693545.16,V,63049.56,0.00,1.000,3200
000000000080000035,2000,8.000,504396.48,V,63049.56,0.00,1.000,3200
000000000010000158,2000,86.000,1880878.48,V,21870.68,0.00,1.000,3200
000000000010000159,2000,5.000,651481.30,V,130296.26,0.00,1.000,3200
000000000010000160,1000,0.000,0.00,V,31569.40,0.00,1.000,3200
000000000010000160,4000,0.000,0.00,V,31569.40,0.00,1.000,3200
000000000080000036,3000,1.000,25558.23,V,25558.23,0.00,1.000,3200
000000000010000161,4000,158.000,3241164.60,V,20513.70,0.00,1.000,3200
000000000010000161,3000,90.000,1846233.00,V,20513.70,0.00,1.000,3200
000000000010000162,2000,0.000,0.00,V,125571.62,0.00,1.000,3200
000000000010000163,4000,60.000,47328468.60,V,788807.81,0.00,1.000,3200
000000000080000037,2000,3.000,1320786.48,V,440262.16,0.00,1.000,3200
000000000080000037,1000,41.000,18050748.56,V,440262.16,0.00,1.000,3200
000000000010000164,3000,24.000,3649988.16,V,152082.84,0.00,1.000,3200
000000000010000164,4000,2.000,304165.68,V,152082.84,0.00,1.000,3200
000000000010000165,2000,0.000,0.00,V,108623.14,0.00,1.000,3200
000000000010000166,2000,9.000,1387873.71,V,154208.19,0.00,1.000,3200
000000000010000167,3000,0.000,0.00,V,13125.95,0.00,1.000,3200
000000000010000167,2000,0.000,0.00,V,13125.95,0.00,1.000,3200
000000000010000168,2000,0.000,0.00,V,5754.62,0.00,1.000,3200
000000000080000038,3000,5.000,308688.90,V,61737.78,0.00,1.000,3200
000000000010000169,4000,5.000,889125.15,V,177825.03,0.00,1.000,3200
000000000010000170,3000,11.000,763947.69,V,69449.79,0.00,1.000,3200
000000000080000039,1000,2.000,791125.24,V,395562.62,0.00,1.000,3200
000000000080000039,4000,3.000,1186687.86,V,395562.62,0.00,1.000,3200
000000000010000171,2000,3.000,513029.07,V,171009.69,0.00,1.000,3200
000000000030000025,3000,2.000,228073.88,V,114036.94,0.00,1.000,3200
000000000030000026,3000,1.000,162226.85,V,162226.85,0.00,1.000,3200
000000000010000172,1000,6.000,3478335.30,V,579722.55,0.00,1.000,3200
000000000030000027,2000,3.000,1594092.09,V,531364.03,0.00,1.000,3200
000000000030000027,4000,0.000,0.00,V,531364.03,0.00,1.000,3200
000000000030000028,1000,0.000,0.00,V,101608.13,0.00,1.000,3200
000000000030000028,4000,5.000,508040.65,V,101608.13,0.00,1.000,3200
000000000010000173,3000,2.000,318543.54,V,159271.77,0.00,1.000,3200
000000000010000174,2000,63.000,180447.12,V,2864.24,0.00,1.000,3200
000000000010000174,3000,204.000,584304.96,V,2864.24,0.00,1.000,3200
000000000030000029,1000,2.000,16805.76,V,8402.88,0.00,1.000,3200
000000000010000175,4000,13.000,443403.87,V,34107.99,0.00,1.000,3200
000000000010000176,1000,2.000,24417.86,V,12208.93,0.00,1.000,3200
000000000010000177,1000,0.000,0.00,V,94544.64,0.00,1.000,3200
000000000010000177,3000,3.000,283633.92,V,94544.64,0.00,1.000,3200
000000000010000178,3000,0.000,0.00,V,343722.68,0.00,1.000,3200
000000000030000030,3000,7.000,149734.34,V,21390.62,0.00,1.000,3200
000000000030000030,4000,0.000,0.00,V,21390.62,0.00,1.000,3200
000000000010000179,3000,0.000,0.00,V,116634.10,0.00,1.000,3200
000000000010000180,1000,5.000,773711.50,V,154742.30,0.00,1.000,3200
000000000010000180,4000,5.000,773711.50,V,154742.30,0.00,1.000,3200
000000000010000181,2000,4.000,427566.96,V,106891.74,0.00,1.000,3200
000000000010000182,3000,0.000,0.00,V,909.68,0.00,1.000,3200
000000000010000183,1000,27.000,2778876.45,V,102921.35,0.00,1.000,3200
000000000010000183,2000,7.000,720449.45,V,102921.35,0.00,1.000,3200
000000000010000184,1000,254.000,655365.72,V,2580.18,0.00,1.000,3200
000000000010000185,3000,3.000,91682.88,V,30560.96,0.00,1.000,3200
000000000010000186,4000,0.000,0.00,V,151640.16,0.00,1.000,3200
000000000010000187,3000,443.000,10947730.53,V,24712.71,0.00,1.000,3200
000000000010000188,2000,113.000,2349264.35,V,20789.95,0.00,1.000,3200
000000000010000189,2000,0.000,0.00,V,43417.76,0.00,1.000,3200
000000000010000189,1000,0.000,0.00,V,43417.76,0.00,1.000,3200
000000000010000190,3000,22.000,514092.26,V,23367.83,0.00,1.000,3200
000000000010000190,2000,0.000,0.00,V,23367.83,0.00,1.000,3200
000000000010000191,4000,48.000,409520.64,V,8531.68,0.00,1.000,3200
000000000010000191,1000,2.000,17063.36,V,8531.68,0.00,1.000,3200
000000000080000040,1000,19.000,6068151.03,V,319376.37,0.00,1.000,3200
000000000010000192,3000,9.000,365119.29,V,40568.81,0.00,1.000,3200
000000000010000192,4000,17.000,689669.77,V,40568.81,0.00,1.000,3200
000000000010000193,3000,22.000,545792.50,V,24808.75,0.00,1.000,3200
000000000080000041,1000,4.000,140422.76,V,35105.69,0.00,1.000,3200
000000000080000041,4000,8.000,280845.52,V,35105.69,0.00,1.000,3200
000000000090000006,1000,16.000,102031.04,V,6376.94,0.00,1.000,3200
000000000080000042,1000,8.000,2868882.32,V,358610.29,0.00,1.000,3200
000000000010000194,1000,6.000,677730.42,V,112955.07,0.00,1.000,3200
000000000010000194,4000,9.000,1016595.63,V,112955.07,0.00,1.000,3200
000000000030000031,3000,4.000,152112.88,V,38028.22,0.00,1.000,3200
000000000080000043,4000,5.000,1281941.95,V,256388.39,0.00,1.000,3200
000000000080000044,1000,12.000,2486515.68,V,207209.64,0.00,1.000,3200
000000000010000195,1000,1.000,116656.70,V,116656.70,0.00,1.000,3200
000000000010000196,2000,8.000,483745.20,V,60468.15,0.00,1.000,3200
000000000090000007,2000,20.000,1579909.20,V,78995.46,0.00,1.000,3200
000000000010000197,2000,0.000,0.00,V,149514.82,0.00,1.000,3200
000000000010000197,1000,0.000,0.00,V,149514.82,0.00,1.000,3200
000000000030000032,2000,4.000,401474.28,V,100368.57,0.00,1.000,3200
000000000030000032,4000,0.000,0.00,V,100368.57,0.00,1.000,3200
000000000080000045,4000,3.000,97612.47,V,32537.49,0.00,1.000,3200
000000000010000198,2000,3.000,72441.06,V,24147.02,0.00,1.000,3200
000000000030000033,2000,0.000,0.00,V,98242.86,0.00,1.000,3200
000000000080000046,4000,3.000,162692.97,V,54230.99,0.00,1.000,3200
000000000010000199,3000,0.000,0.00,V,151183.46,0.00,1.000,3200
000000000080000047,2000,11.000,2980272.46,V,270933.86,0.00,1.000,3200
000000000010000200,4000,0.000,0.00,V,133260.69,0.00,1.000,3200
000000000010000201,3000,2.000,5272.44,V,2636.22,0.00,1.000,3200
000000000030000034,1000,0.000,0.00,V,175233.34,0.00,1.000,3200
000000000010000202,2000,12.000,1197511.44,V,99792.62,0.00,1.000,3200
000000000010000203,2000,0.000,0.00,V,21583.59,0.00,1.000,3200
000000000030000035,4000,5.000,244290.55,V,48858.11,0.00,1.000,3200
000000000030000036,1000,1.000,36992.85,V,36992.85,0.00,1.000,3200
000000000010000204,3000,2.000,235273.66,V,117636.83,0.00,1.000,3200
000000000010000204,1000,1.000,117636.83,V,117636.83,0.00,1.000,3200
000000000010000205,1000,0.000,0.00,V,758864.33,0.00,1.000,3200
000000000080000048,3000,4.000,1616033.16,V,404008.29,0.00,1.000,3200
000000000030000037,4000,0.000,0.00,V,37109.77,0.00,1.000,3200
000000000030000037,1000,0.000,0.00,V,37109.77,0.00,1.000,3200
000000000010000206,3000,78.000,1858576.20,V,23827.90,0.00,1.000,3200
000000000010000207,3000,6.000,1039858.08,V,173309.68,0.00,1.000,3200
000000000030000038,4000,1.000,162830.37,V,162830.37,0.00,1.000,3200
000000000010000208,2000,2.000,203217.44,V,101608.72,0.00,1.000,3200
000000000090000008,1000,37.000,3193366.40,V,86307.20,0.00,1.000,3200
000000000010000209,2000,0.000,0.00,V,27319.05,0.00,1.000,3200
000000000030000039,1000,6.000,286059.00,V,47676.50,0.00,1.000,3200
000000000010000210,4000,93.000,288365.10,V,3100.70,0.00,1.000,3200
000000000010000210,1000,62.000,192243.40,V,3100.70,0.00,1.000,3200
000000000080000049,4000,10.000,709181.40,V,70918.14,0.00,1.000,3200
000000000010000211,4000,20.000,757890.60,V,37894.53,0.00,1.000,3200
000000000080000050,2000,5.000,2121182.70,V,424236.54,0.00,1.000,3200
000000000010000212,2000,0.000,0.00,V,46857.31,0.00,1.000,3200
000000000010000212,3000,0.000,0.00,V,46857.31,0.00,1.000,3200
000000000010000213,4000,5.000,2617671.60,V,523534.32,0.00,1.000,3200
000000000080000051,4000,7.000,1910862.17,V,272980.31,0.00,1.000,3200
000000000010000214,4000,3.000,321174.30,V,107058.10,0.00,1.000,3200
000000000010000215,4000,2.000,243251.82,V,121625.91,0.00,1.000,3200
000000000010000216,4000,127.000,3020160.33,V,23780.79,0.00,1.000,3200
000000000090000009,1000,31.000,650798.50,V,20993.50,0.00,1.000,3200
000000000010000217,1000,22.000,12328009.54,V,560364.07,0.00,1.000,3200
000000000010000218,4000,2.000,24589.74,V,12294.87,0.00,1.000,3200
000000000010000219,2000,0.000,0.00,V,89569.13,0.00,1.000,3200
000000000080000052,3000,4.000,629552.96,V,157388.24,0.00,1.000,3200
000000000080000053,1000,6.000,2055110.34,V,342518.39,0.00,1.000,3200
000000000080000054,2000,6.000,1621851.42,V,270308.57,0.00,1.000,3200
000000000080000054,4000,1.000,270308.57,V,270308.57,0.00,1.000,3200
000000000010000220,1000,5.000,532773.10,V,106554.62,0.00,1.000,3200
000000000090000010,1000,29.000,611394.24,V,21082.56,0.00,1.000,3200
000000000090000011,3000,12.000,1553684.40,V,129473.70,0.00,1.000,3200
000000000090000011,4000,36.000,4661053.20,V,129473.70,0.00,1.000,3200
000000000030000040,1000,6.000,501230.40,V,83538.40,0.00,1.000,3200
000000000030000040,3000,24.000,2004921.60,V,83538.40,0.00,1.000,3200
000000000030000041,2000,2.000,256904.04,V,128452.02,0.00,1.000,3200
000000000090000012,1000,20.000,1433108.00,V,71655.40,0.00,1.000,3200
000000000010000221,2000,13.000,9671607.14,V,743969.78,0.00,1.000,3200
000000000080000055,3000,4.000,1655778.40,V,413944.60,0.00,1.000,3200
000000000010000222,2000,0.000,0.00,V,154355.77,0.00,1.000,3200
000000000010000223,1000,1.000,112604.54,V,112604.54,0.00,1.000,3200
000000000010000224,4000,9.000,1471234.86,V,163470.54,0.00,1.000,3200
000000000010000225,2000,70.000,1611061.90,V,23015.17,0.00,1.000,3200
000000000010000226,4000,77.000,255178.77,V,3314.01,0.00,1.000,3200
000000000010000226,1000,41.000,135874.41,V,3314.01,0.00,1.000,3200
000000000010000227,4000,0.000,0.00,V,79656.07,0.00,1.000,3200
000000000030000042,4000,0.000,0.00,V,76624.38,0.00,1.000,3200
000000000080000056,3000,10.000,1891925.00,V,189192.50,0.00,1.000,3200
000000000090000013,3000,12.000,389288.04,V,32440.67,0.00,1.000,3200
000000000080000057,1000,14.000,1954388.80,V,139599.20,0.00,1.000,3200
000000000010000228,4000,25.000,171213.50,V,6848.54,0.00,1.000,3200
000000000080000058,2000,4.000,752250.72,V,188062.68,0.00,1.000,3200
000000000010000229,2000,263.000,159390931.71,V,606049.17,0.00,1.000,3200
000000000010000229,3000,32.000,19393573.44,V,606049.17,0.00,1.000,3200
000000000030000043,3000,3.000,375915.27,V,125305.09,0.00,1.000,3200
000000000030000044,3000,0.000,0.00,V,312020.65,0.00,1.000,3200
000000000010000230,3000,5.000,343957.50,V,68791.50,0.00,1.000,3200
000000000010000230,1000,9.000,619123.50,V,68791.50,0.00,1.000,3200
000000000030000045,2000,5.000,22768.65,V,4553.73,0.00,1.000,3200
000000000010000231,2000,0.000,0.00,V,128196.51,0.00,1.000,3200
000000000010000232,2000,2.000,357480.80,V,178740.40,0.00,1.000,3200
000000000010000233,2000,17.000,1951813.01,V,114812.53,0.00,1.000,3200
000000000010000234,2000,6.000,301199.58,V,50199.93,0.00,1.000,3200
000000000010000235,1000,6.000,857591.04,V,142931.84,0.00,1.000,3200
000000000030000046,3000,10.000,377900.80,V,37790.08,0.00,1.000,3200
000000000030000046,4000,1.000,37790.08,V,37790.08,0.00,1.000,3200
000000000010000236,4000,10.000,231014.50,V,23101.45,0.00,1.000,3200
000000000030000047,1000,0.000,0.00,V,157481.34,0.00,1.000,3200
000000000010000237,3000,0.000,0.00,V,145331.20,0.00,1.000,3200
000000000010000238,3000,6.000,593869.80,V,98978.30,0.00,1.000,3200
000000000010000238,2000,3.000,296934.90,V,98978.30,0.00,1.000,3200
000000000030000048,4000,8.000,391670.72,V,48958.84,0.00,1.000,3200
000000000010000239,1000,30.000,628575.60,V,20952.52,0.00,1.000,3200
000000000010000239,4000,134.000,2807637.68,V,20952.52,0.00,1.000,3200
000000000010000240,4000,35.000,8049585.25,V,229988.15,0.00,1.000,3200
000000000010000241,1000,10.000,899105.30,V,89910.53,0.00,1.000,3200
000000000010000242,2000,8.000,683007.60,V,85375.95,0.00,1.000,3200
000000000010000242,1000,8.000,683007.60,V,85375.95,0.00,1.000,3200
000000000030000049,2000,3.000,184010.94,V,61336.98,0.00,1.000,3200
000000000010000243,2000,0.000,0.00,V,11102.15,0.00,1.000,3200
000000000090000014,1000,16.000,1566382.56,V,97898.91,0.00,1.000,3200
000000000010000244,4000,6.000,2711372.82,V,451895.47,0.00,1.000,3200
000000000010000245,4000,15.000,418861.65,V,27924.11,0.00,1.000,3200
000000000010000245,3000,10.000,279241.10,V,27924.11,0.00,1.000,3200
000000000010000246,3000,65.000,679546.40,V,10454.56,0.00,1.000,3200
000000000010000247,2000,3.000,188948.04,V,62982.68,0.00,1.000,3200
000000000010000248,4000,1.000,130984.99,V,130984.99,0.00,1.000,3200
000000000080000059,4000,2.000,277413.28,V,138706.64,0.00,1.000,3200
000000000030000050,3000,3.000,330692.67,V,110230.89,0.00,1.000,3200
000000000010000249,1000,21.000,314757.66,V,14988.46,0.00,1.000,3200
000000000080000060,2000,3.000,1296083.70,V,432027.90,0.00,1.000,3200
000000000080000060,3000,18.000,7776502.20,V,432027.90,0.00,1.000,3200
000000000080000061,2000,9.000,944808.57,V,104978.73,0.00,1.000,3200
000000000080000062,1000,5.000,1700589.00,V,340117.80,0.00,1.000,3200
000000000010000250,3000,7.000,4425662.64,V,632237.52,0.00,1.000,3200
000000000080000063,1000,6.000,1872912.54,V,312152.09,0.00,1.000,3200
000000000080000063,2000,5.000,1560760.45,V,312152.09,0.00,1.000,3200
000000000010000251,1000,4.000,327711.96,V,81927.99,0.00,1.000,3200
000000000010000252,4000,15.000,954435.15,V,63629.01,0.00,1.000,3200
000000000010000252,3000,22.000,1399838.22,V,63629.01,0.00,1.000,3200
000000000010000253,2000,103.000,39474570.78,V,383248.26,0.00,1.000,3200
000000000030000051,1000,4.000,506670.72,V,126667.68,0.00,1.000,3200
000000000010000254,2000,19.000,2178871.55,V,114677.45,0.00,1.000,3200
000000000010000255,3000,4.000,1258006.24,V,314501.56,0.00,1.000,3200
000000000010000256,3000,48.000,1158611.52,V,24137.74,0.00,1.000,3200
000000000090000015,2000,21.000,1339599.24,V,63790.44,0.00,1.000,3200
000000000090000015,4000,36.000,2296455.84,V,63790.44,0.00,1.000,3200
000000000030000052,1000,2.000,291760.16,V,145880.08,0.00,1.000,3200
000000000010000257,1000,9.000,641344.05,V,71260.45,0.00,1.000,3200
000000000010000258,2000,0.000,0.00,V,506696.57,0.00,1.000,3200
000000000010000259,2000,3.000,225071.07,V,75023.69,0.00,1.000,3200
000000000010000259,4000,5.000,375118.45,V,75023.69,0.00,1.000,3200
000000000080000064,1000,9.000,921715.92,V,102412.88,0.00,1.000,3200
000000000010000260,3000,36.000,489730.32,V,13603.62,0.00,1.000,3200
000000000080000065,1000,2.000,706251.18,V,353125.59,0.00,1.000,3200
000000000080000065,4000,7.000,2471879.13,V,353125.59,0.00,1.000,3200
000000000010000261,4000,0.000,0.00,V,117351.00,0.00,1.000,3200
000000000010000262,4000,0.000,0.00,V,10513.84,0.00,1.000,3200
000000000010000262,3000,0.000,0.00,V,10513.84,0.00,1.000,3200
000000000010000263,3000,0.000,0.00,V,397993.48,0.00,1.000,3200
000000000010000264,2000,6.000,1018960.02,V,169826.67,0.00,1.000,3200
000000000010000265,1000,32.000,608482.56,V,19015.08,0.00,1.000,3200
000000000010000266,1000,21.000,1133271.09,V,53965.29,0.00,1.000,3200
000000000030000053,1000,0.000,0.00,V,85893.89,0.00,1.000,3200
000000000080000066,1000,5.000,2104962.25,V,420992.45,0.00,1.000,3200
000000000030000054,3000,0.000,0.00,V,163039.61,0.00,1.000,3200
000000000030000055,4000,4.000,345256.08,V,86314.02,0.00,1.000,3200
000000000030000055,1000,2.000,172628.04,V,86314.02,0.00,1.000,3200
000000000010000267,3000,4.000,663954.96,V,165988.74,0.00,1.000,3200
000000000030000056,2000,5.000,1741973.60,V,348394.72,0.00,1.000,3200
000000000010000268,4000,6.000,266118.24,V,44353.04,0.00,1.000,3200
000000000010000269,2000,45.000,2351509.20,V,52255.76,0.00,1.000,3200
000000000080000067,4000,13.000,2523044.29,V,194080.33,0.00,1.000,3200
000000000080000068,1000,9.000,3535382.70,V,392820.30,0.00,1.000,3200
000000000080000068,4000,13.000,5106663.90,V,392820.30,0.00,1.000,3200
000000000010000270,4000,0.000,0.00,V,85441.46,0.00,1.000,3200
000000000010000271,1000,0.000,0.00,V,47912.16,0.00,1.000,3200
000000000010000272,3000,0.000,0.00,V,1869.02,0.00,1.000,3200
000000000010000272,2000,69.000,128962.38,V,1869.02,0.00,1.000,3200
000000000010000273,2000,0.000,0.00,V,151713.41,0.00,1.000,3200
000000000010000273,1000,0.000,0.00,V,151713.41,0.00,1.000,3200
000000000030000057,4000,5.000,3079804.80,V,615960.96,0.00,1.000,3200
000000000030000058,2000,1.000,360739.60,V,360739.60,0.00,1.000,3200
000000000010000274,3000,7.000,652978.34,V,93282.62,0.00,1.000,3200
000000000080000069,2000,4.000,1654502.40,V,413625.60,0.00,1.000,3200
000000000080000069,1000,4.000,1654502.40,V,413625.60,0.00,1.000,3200
000000000080000070,2000,7.000,1423318.54,V,203331.22,0.00,1.000,3200
000000000010000275,3000,7.000,5320354.69,V,760050.67,0.00,1.000,3200
000000000030000059,4000,0.000,0.00,V,6110.74,0.00,1.000,3200
000000000030000060,3000,6.000,801935.64,V,133655.94,0.00,1.000,3200
000000000010000276,1000,0.000,0.00,V,72780.44,0.00,1.000,3200
000000000010000276,2000,0.000,0.00,V,72780.44,0.00,1.000,3200
000000000010000277,1000,18.000,2674189.08,V,148566.06,0.00,1.000,3200
000000000010000277,3000,11.000,1634226.66,V,148566.06,0.00,1.000,3200
000000000010000278,2000,9.000,48879.36,V,5431.04,0.00,1.000,3200
000000000010000278,4000,3.000,16293.12,V,5431.04,0.00,1.000,3200
000000000010000279,4000,5.000,291119.30,V,58223.86,0.00,1.000,3200
000000000010000280,2000,0.000,0.00,V,71766.78,0.00,1.000,3200
000000000010000280,1000,0.000,0.00,V,71766.78,0.00,1.000,3200
000000000010000281,2000,0.000,0.00,V,38629.15,0.00,1.000,3200
000000000010000282,1000,46.000,6218805.78,V,135191.43,0.00,1.000,3200
000000000030000061,4000,10.000,960401.80,V,96040.18,0.00,1.000,3200
000000000010000283,3000,4.000,2802295.16,V,700573.79,0.00,1.000,3200
000000000010000284,2000,0.000,0.00,V,40376.41,0.00,1.000,3200
000000000010000285,3000,4.000,265384.88,V,66346.22,0.00,1.000,3200
000000000080000071,3000,4.000,1469805.92,V,367451.48,0.00,1.000,3200
000000000080000071,1000,8.000,2939611.84,V,367451.48,0.00,1.000,3200
000000000010000286,1000,44.000,1094986.20,V,24886.05,0.00,1.000,3200
000000000010000287,1000,96.000,599293.44,V,6242.64,0.00,1.000,3200
000000000010000288,4000,11.000,908653.90,V,82604.90,0.00,1.000,3200
000000000010000289,2000,0.000,0.00,V,32932.59,0.00,1.000,3200
000000000010000289,1000,0.000,0.00,V,32932.59,0.00,1.000,3200
000000000010000290,1000,15.000,142945.35,V,9529.69,0.00,1.000,3200
000000000010000291,1000,3.000,11380.38,V,3793.46,0.00,1.000,3200
000000000010000292,2000,0.000,0.00,V,40889.64,0.00,1.000,3200
000000000010000293,4000,0.000,0.00,V,125966.52,0.00,1.000,3200
000000000010000294,1000,3.000,1108186.11,V,369395.37,0.00,1.000,3200
000000000080000072,1000,2.000,436863.40,V,218431.70,0.00,1.000,3200
000000000010000295,3000,5.000,854614.90,V,170922.98,0.00,1.000,3200
000000000010000296,1000,84.000,252855.96,V,3010.19,0.00,1.000,3200
000000000010000297,1000,0.000,0.00,V,77068.77,0.00,1.000,3200
000000000010000298,2000,55.000,132227.15,V,2404.13,0.00,1.000,3200
000000000010000299,2000,56.000,28199598.56,V,503564.26,0.00,1.000,3200
000000000080000073,4000,3.000,1040342.52,V,346780.84,0.00,1.000,3200
000000000010000300,2000,20.000,1261981.00,V,63099.05,0.00,1.000,3200
000000000010000301,2000,0.000,0.00,V,129621.55,0.00,1.000,3200
000000000010000302,2000,275.000,201151.50,V,731.46,0.00,1.000,3200
000000000010000303,2000,14.000,1379844.06,V,98560.29,0.00,1.000,3200
000000000010000303,1000,2.000,197120.58,V,98560.29,0.00,1.000,3200
000000000010000304,1000,4.000,289516.60,V,72379.15,0.00,1.000,3200
000000000080000074,1000,4.000,239637.60,V,59909.40,0.00,1.000,3200
000000000080000075,4000,7.000,2495201.73,V,356457.39,0.00,1.000,3200
000000000010000305,2000,0.000,0.00,V,99145.32,0.00,1.000,3200
000000000010000306,1000,0.000,0.00,V,26825.31,0.00,1.000,3200
000000000010000307,1000,0.000,0.00,V,78992.41,0.00,1.000,3200
000000000010000308,3000,11.000,472327.13,V,42938.83,0.00,1.000,3200
000000000010000309,3000,3.000,1130609.85,V,376869.95,0.00,1.000,3200
000000000010000309,4000,9.000,3391829.55,V,376869.95,0.00,1.000,3200
000000000010000310,2000,0.000,0.00,V,342370.14,0.00,1.000,3200
000000000030000062,2000,0.000,0.00,V,75661.36,0.00,1.000,3200
000000000010000311,2000,0.000,0.00,V,97438.58,0.00,1.000,3200
000000000010000312,4000,0.000,0.00,V,90485.16,0.00,1.000,3200
000000000030000063,4000,3.000,199130.91,V,66376.97,0.00,1.000,3200
000000000010000313,2000,4.000,26211.08,V,6552.77,0.00,1.000,3200
000000000010000314,4000,8.000,978963.36,V,122370.42,0.00,1.000,3200
000000000010000315,4000,10.000,332745.10,V,33274.51,0.00,1.000,3200
000000000010000316,1000,7.000,878708.32,V,125529.76,0.00,1.000,3200
000000000010000317,4000,17.000,656400.43,V,38611.79,0.00,1.000,3200
000000000010000317,1000,3.000,115835.37,V,38611.79,0.00,1.000,3200
000000000010000318,3000,0.000,0.00,V,75850.33,0.00,1.000,3200
000000000010000319,1000,6.000,687411.78,V,114568.63,0.00,1.000,3200
000000000010000319,4000,11.000,1260254.93,V,114568.63,0.00,1.000,3200
000000000030000064,4000,6.000,652606.44,V,108767.74,0.00,1.000,3200
000000000030000064,1000,2.000,217535.48,V,108767.74,0.00,1.000,3200
000000000010000320,3000,1.000,101636.73,V,101636.73,0.00,1.000,3200
000000000010000320,2000,2.000,203273.46,V,101636.73,0.00,1.000,3200
000000000030000065,4000,0.000,0.00,V,173396.21,0.00,1.000,3200
000000000010000321,1000,2.000,141977.74,V,70988.87,0.00,1.000,3200
000000000010000322,1000,0.000,0.00,V,177117.82,0.00,1.000,3200
000000000030000066,3000,3.000,325803.78,V,108601.26,0.00,1.000,3200
000000000010000323,1000,1.000,33715.80,V,33715.80,0.00,1.000,3200
000000000010000324,3000,1.000,91728.63,V,91728.63,0.00,1.000,3200
000000000030000067,1000,0.000,0.00,V,40830.56,0.00,1.000,3200
000000000010000325,3000,0.000,0.00,V,74109.74,0.00,1.000,3200
000000000010000326,4000,0.000,0.00,V,600306.93,0.00,1.000,3200
000000000010000327,4000,10.000,267390.70,V,26739.07,0.00,1.000,3200
000000000030000068,1000,2.000,232558.46,V,116279.23,0.00,1.000,3200
000000000010000328,4000,51.000,760510.98,V,14911.98,0.00,1.000,3200
000000000010000329,1000,170.000,287385.00,V,1690.50,0.00,1.000,3200
000000000030000069,3000,2.000,1016217.76,V,508108.88,0.00,1.000,3200
000000000030000069,4000,0.000,0.00,V,508108.88,0.00,1.000,3200
000000000010000330,4000,2.000,302346.40,V,151173.20,0.00,1.000,3200
000000000010000330,2000,5.000,755866.00,V,151173.20,0.00,1.000,3200
000000000010000331,4000,10.000,5330695.90,V,533069.59,0.00,1.000,3200
000000000010000332,3000,1.000,116355.65,V,116355.65,0.00,1.000,3200
000000000010000333,3000,2.000,37886.42,V,18943.21,0.00,1.000,3200
000000000080000076,1000,7.000,714800.17,V,102114.31,0.00,1.000,3200
000000000010000334,2000,0.000,0.00,V,144450.91,0.00,1.000,3200
000000000010000334,1000,0.000,0.00,V,144450.91,0.00,1.000,3200
000000000010000335,2000,12.000,8250015.24,V,687501.27,0.00,1.000,3200
000000000090000016,4000,29.000,4057770.19,V,139923.11,0.00,1.000,3200
000000000010000336,2000,1.000,470685.62,V,470685.62,0.00,1.000,3200
000000000030000070,1000,2.000,249761.56,V,124880.78,0.00,1.000,3200
000000000010000337,1000,1.000,6140.70,V,6140.70,0.00,1.000,3200
000000000080000077,2000,7.000,2974644.40,V,424949.20,0.00,1.000,3200
000000000030000071,3000,4.000,686701.28,V,171675.32,0.00,1.000,3200
000000000010000338,4000,34.000,403592.58,V,11870.37,0.00,1.000,3200
000000000010000338,1000,68.000,807185.16,V,11870.37,0.00,1.000,3200
000000000080000078,4000,0.000,0.00,V,346857.03,0.00,1.000,3200
000000000010000339,4000,2.000,5978.08,V,2989.04,0.00,1.000,3200
000000000010000340,3000,7.000,73975.58,V,10567.94,0.00,1.000,3200
000000000010000341,3000,190.000,1121581.40,V,5903.06,0.00,1.000,3200
000000000010000341,4000,6.000,35418.36,V,5903.06,0.00,1.000,3200
000000000010000342,1000,0.000,0.00,V,29469.47,0.00,1.000,3200
000000000010000342,3000,0.000,0.00,V,29469.47,0.00,1.000,3200
000000000010000343,1000,83.000,561409.51,V,6763.97,0.00,1.000,3200
000000000010000344,4000,7.000,1622374.81,V,231767.83,0.00,1.000,3200
000000000010000345,4000,4.000,291994.36,V,72998.59,0.00,1.000,3200
000000000010000346,4000,6.000,437144.16,V,72857.36,0.00,1.000,3200
000000000080000079,2000,14.000,2170634.90,V,155045.35,0.00,1.000,3200
000000000080000079,4000,5.000,775226.75,V,155045.35,0.00,1.000,3200
000000000010000347,4000,1.000,4667.06,V,4667.06,0.00,1.000,3200
000000000010000347,3000,2.000,9334.12,V,4667.06,0.00,1.000,3200
000000000010000348,3000,4.000,95584.12,V,23896.03,0.00,1.000,3200
000000000010000349,4000,32.000,315868.80,V,9870.90,0.00,1.000,3200
000000000030000072,4000,2.000,191211.98,V,95605.99,0.00,1.000,3200
000000000010000350,2000,15.000,9745440.75,V,649696.05,0.00,1.000,3200
000000000010000351,3000,50.000,1183762.00,V,23675.24,0.00,1.000,3200
000000000010000352,1000,0.000,0.00,V,179366.47,0.00,1.000,3200
000000000010000353,3000,4.000,276299.72,V,69074.93,0.00,1.000,3200
000000000010000354,2000,1.000,102289.07,V,102289.07,0.00,1.000,3200
000000000030000073,4000,0.000,0.00,V,68636.67,0.00,1.000,3200
000000000030000073,3000,2.000,137273.34,V,68636.67,0.00,1.000,3200
000000000010000355,4000,243.000,67363604.64,V,277216.48,0.00,1.000,3200
000000000010000356,2000,47.000,901697.35,V,19185.05,0.00,1.000,3200
000000000010000357,4000,4.000,494229.00,V,123557.25,0.00,1.000,3200
000000000010000358,4000,6.000,861841.62,V,143640.27,0.00,1.000,3200
000000000010000359,2000,12.000,1814196.48,V,151183.04,0.00,1.000,3200
000000000010000360,2000,91.000,709644.39,V,7798.29,0.00,1.000,3200
000000000010000360,1000,47.000,366519.63,V,7798.29,0.00,1.000,3200
000000000010000361,1000,144.000,51258106.08,V,355959.07,0.00,1.000,3200
000000000030000074,4000,3.000,381558.57,V,127186.19,0.00,1.000,3200
000000000030000074,2000,0.000,0.00,V,127186.19,0.00,1.000,3200
000000000010000362,4000,62.000,1400694.70,V,22591.85,0.00,1.000,3200
000000000010000363,3000,79.000,992405.90,V,12562.10,0.00,1.000,3200
000000000010000364,1000,0.000,0.00,V,92067.89,0.00,1.000,3200
000000000010000365,4000,0.000,0.00,V,34930.74,0.00,1.000,3200
000000000010000366,1000,11.000,542400.54,V,49309.14,0.00,1.000,3200
000000000010000367,4000,0.000,0.00,V,47315.58,0.00,1.000,3200
000000000010000367,1000,0.000,0.00,V,47315.58,0.00,1.000,3200
000000000010000368,2000,2.000,224497.98,V,112248.99,0.00,1.000,3200
000000000080000080,4000,1.000,256548.29,V,256548.29,0.00,1.000,3200
000000000010000369,1000,51.000,16613844.66,V,325761.66,0.00,1.000,3200
000000000010000369,4000,66.000,21500269.56,V,325761.66,0.00,1.000,3200
000000000010000370,3000,236.000,5343120.24,V,22640.34,0.00,1.000,3200
000000000030000075,4000,0.000,0.00,V,122176.64,0.00,1.000,3200
000000000080000081,4000,4.000,497552.12,V,124388.03,0.00,1.000,3200
000000000080000081,3000,0.000,0.00,V,124388.03,0.00,1.000,3200
000000000010000371,3000,0.000,0.00,V,125625.24,0.00,1.000,3200
000000000030000076,2000,0.000,0.00,V,165920.26,0.00,1.000,3200
000000000030000077,1000,1.000,126187.34,V,126187.34,0.00,1.000,3200
000000000010000372,2000,11.000,7703143.69,V,700285.79,0.00,1.000,3200
000000000080000082,4000,4.000,1188224.68,V,297056.17,0.00,1.000,3200
000000000010000373,4000,12.000,2082694.44,V,173557.87,0.00,1.000,3200
000000000010000374,4000,11.000,1078435.60,V,98039.60,0.00,1.000,3200
000000000010000374,2000,2.000,196079.20,V,98039.60,0.00,1.000,3200
000000000080000083,1000,11.000,2284682.84,V,207698.44,0.00,1.000,3200
000000000080000083,3000,5.000,1038492.20,V,207698.44,0.00,1.000,3200
000000000010000375,4000,1.000,40351.43,V,40351.43,0.00,1.000,3200
000000000080000084,4000,14.000,5630653.28,V,402189.52,0.00,1.000,3200
000000000010000376,2000,6.000,627791.46,V,104631.91,0.00,1.000,3200
000000000010000377,1000,0.000,0.00,V,603540.70,0.00,1.000,3200
000000000010000378,2000,2.000,107306.34,V,53653.17,0.00,1.000,3200
000000000090000017,4000,33.000,4090298.19,V,123948.43,0.00,1.000,3200
000000000080000085,3000,12.000,4241251.32,V,353437.61,0.00,1.000,3200
000000000080000086,1000,2.000,737005.00,V,368502.50,0.00,1.000,3200
000000000010000379,3000,1.000,17653.79,V,17653.79,0.00,1.000,3200
000000000010000379,4000,1.000,17653.79,V,17653.79,0.00,1.000,3200
000000000080000087,3000,12.000,4658294.64,V,388191.22,0.00,1.000,3200
000000000030000078,4000,3.000,2015125.68,V,671708.56,0.00,1.000,3200
000000000030000079,4000,2.000,1397847.78,V,698923.89,0.00,1.000,3200
000000000010000380,2000,16.000,1112413.92,V,69525.87,0.00,1.000,3200
000000000010000380,4000,28.000,1946724.36,V,69525.87,0.00,1.000,3200
000000000010000381,1000,24.000,67089.12,V,2795.38,0.00,1.000,3200
000000000010000382,2000,0.000,0.00,V,109176.60,0.00,1.000,3200
000000000010000383,3000,83.000,1199117.60,V,14447.20,0.00,1.000,3200
000000000010000384,1000,11.000,1940118.40,V,176374.40,0.00,1.000,3200
000000000030000080,4000,1.000,164678.73,V,164678.73,0.00,1.000,3200
000000000030000080,3000,0.000,0.00,V,164678.73,0.00,1.000,3200
000000000030000081,4000,0.000,0.00,V,94522.38,0.00,1.000,3200
000000000010000385,2000,142.000,82822.92,V,583.26,0.00,1.000,3200
000000000010000385,3000,52.000,30329.52,V,583.26,0.00,1.000,3200
000000000080000088,1000,4.000,694344.84,V,173586.21,0.00,1.000,3200
000000000030000082,1000,3.000,681193.02,V,227064.34,0.00,1.000,3200
000000000010000386,4000,53.000,8954914.45,V,168960.65,0.00,1.000,3200
000000000010000387,2000,0.000,0.00,V,12728.63,0.00,1.000,3200
000000000010000387,4000,0.000,0.00,V,12728.63,0.00,1.000,3200
000000000080000089,1000,3.000,1056801.90,V,352267.30,0.00,1.000,3200
000000000030000083,1000,3.000,233203.53,V,77734.51,0.00,1.000,3200
000000000090000018,2000,23.000,223609.45,V,9722.15,0.00,1.000,3200
000000000010000388,4000,1.000,24437.98,V,24437.98,0.00,1.000,3200
000000000080000090,3000,0.000,0.00,V,49724.84,0.00,1.000,3200
000000000010000389,1000,0.000,0.00,V,39102.11,0.00,1.000,3200
000000000010000390,3000,2.000,285188.54,V,142594.27,0.00,1.000,3200
000000000030000084,4000,0.000,0.00,V,128292.36,0.00,1.000,3200
000000000030000084,3000,2.000,256584.72,V,128292.36,0.00,1.000,3200
000000000010000391,4000,6.000,2378054.70,V,396342.45,0.00,1.000,3200
000000000030000085,3000,4.000,678419.44,V,169604.86,0.00,1.000,3200
000000000010000392,2000,17.000,4329394.25,V,254670.25,0.00,1.000,3200
000000000010000393,2000,3.000,374882.28,V,124960.76,0.00,1.000,3200
000000000010000394,4000,0.000,0.00,V,11843.35,0.00,1.000,3200
000000000010000395,2000,2.000,319461.82,V,159730.91,0.00,1.000,3200
000000000010000396,3000,8.000,2001879.92,V,250234.99,0.00,1.000,3200
000000000090000019,2000,37.000,5360537.43,V,144879.39,0.00,1.000,3200
000000000010000397,4000,13.000,484709.03,V,37285.31,0.00,1.000,3200
000000000010000398,3000,0.000,0.00,V,76256.28,0.00,1.000,3200
000000000010000398,4000,0.000,0.00,V,76256.28,0.00,1.000,3200
000000000010000399,2000,14.000,405941.06,V,28995.79,0.00,1.000,3200
000000000010000399,4000,6.000,173974.74,V,28995.79,0.00,1.000,3200
000000000010000400,2000,4.000,121499.08,V,30374.77,0.00,1.000,3200
000000000010000400,3000,7.000,212623.39,V,30374.77,0.00,1.000,3200
000000000080000091,4000,16.000,4234972.16,V,264685.76,0.00,1.000,3200
000000000010000401,3000,0.000,0.00,V,167191.25,0.00,1.000,3200
000000000010000402,2000,4.000,1529230.44,V,382307.61,0.00,1.000,3200
000000000010000402,4000,11.000,4205383.71,V,382307.61,0.00,1.000,3200
000000000010000403,4000,0.000,0.00,V,391830.79,0.00,1.000,3200
000000000010000403,1000,27.000,10579431.33,V,391830.79,0.00,1.000,3200
000000000030000086,2000,4.000,589837.44,V,147459.36,0.00,1.000,3200
000000000010000404,2000,9.000,756381.15,V,84042.35,0.00,1.000,3200
000000000010000404,4000,7.000,588296.45,V,84042.35,0.00,1.000,3200
000000000010000405,1000,96.000,2130041.28,V,22187.93,0.00,1.000,3200
000000000010000406,2000,2.000,685515.20,V,342757.60,0.00,1.000,3200
000000000080000092,3000,3.000,1173678.15,V,391226.05,0.00,1.000,3200
000000000010000407,2000,38.000,484624.26,V,12753.27,0.00,1.000,3200
000000000010000408,2000,4.000,2287002.32,V,571750.58,0.00,1.000,3200
000000000010000408,4000,13.000,7432757.54,V,571750.58,0.00,1.000,3200
000000000090000020,1000,22.000,1562119.46,V,71005.43,0.00,1.000,3200
000000000010000409,1000,22.000,3670118.98,V,166823.59,0.00,1.000,3200
000000000010000409,4000,10.000,1668235.90,V,166823.59,0.00,1.000,3200
000000000010000410,3000,0.000,0.00,V,397513.34,0.00,1.000,3200
000000000090000021,2000,13.000,283292.23,V,21791.71,0.00,1.000,3200
000000000080000093,4000,42.000,3104439.66,V,73915.23,0.00,1.000,3200
000000000080000094,2000,12.000,4323508.56,V,360292.38,0.00,1.000,3200
000000000030000087,2000,2.000,968219.88,V,484109.94,0.00,1.000,3200
000000000080000095,4000,6.000,2302957.80,V,383826.30,0.00,1.000,3200
000000000080000095,1000,17.000,6525047.10,V,383826.30,0.00,1.000,3200
000000000010000411,1000,15.000,159177.00,V,10611.80,0.00,1.000,3200
000000000010000412,1000,109.000,2303535.15,V,21133.35,0.00,1.000,3200
000000000010000412,4000,41.000,866467.35,V,21133.35,0.00,1.000,3200
000000000010000413,3000,2.000,226617.14,V,113308.57,0.00,1.000,3200
000000000010000414,4000,148.000,845142.16,V,5710.42,0.00,1.000,3200
000000000030000088,4000,1.000,169756.03,V,169756.03,0.00,1.000,3200
000000000010000415,2000,16.000,1722752.16,V,107672.01,0.00,1.000,3200
000000000010000416,1000,61.000,754775.57,V,12373.37,0.00,1.000,3200
000000000010000416,2000,62.000,767148.94,V,12373.37,0.00,1.000,3200
000000000010000417,3000,17.000,812185.20,V,47775.60,0.00,1.000,3200
000000000030000089,2000,3.000,455609.10,V,151869.70,0.00,1.000,3200
000000000030000089,4000,2.000,303739.40,V,151869.70,0.00,1.000,3200
000000000090000022,3000,26.000,3373366.10,V,129744.85,0.00,1.000,3200
000000000010000418,4000,4.000,452214.44,V,113053.61,0.00,1.000,3200
000000000010000418,1000,3.000,339160.83,V,113053.61,0.00,1.000,3200
000000000010000419,2000,0.000,0.00,V,85764.29,0.00,1.000,3200
000000000010000420,3000,1.000,762119.75,V,762119.75,0.00,1.000,3200
000000000010000420,1000,2.000,1524239.50,V,762119.75,0.00,1.000,3200
000000000010000421,2000,0.000,0.00,V,97528.55,0.00,1.000,3200
000000000010000421,4000,0.000,0.00,V,97528.55,0.00,1.000,3200
000000000080000096,2000,10.000,389099.40,V,38909.94,0.00,1.000,3200
000000000010000422,3000,16.000,2096864.80,V,131054.05,0.00,1.000,3200
000000000010000423,3000,4.000,292221.68,V,73055.42,0.00,1.000,3200
000000000010000423,4000,3.000,219166.26,V,73055.42,0.00,1.000,3200
000000000010000424,2000,0.000,0.00,V,35925.03,0.00,1.000,3200
000000000010000425,4000,3.000,706746.36,V,235582.12,0.00,1.000,3200
000000000010000426,1000,4.000,711467.16,V,177866.79,0.00,1.000,3200
000000000010000427,2000,162.000,1239120.18,V,7648.89,0.00,1.000,3200
000000000010000428,4000,1.000,56832.26,V,56832.26,0.00,1.000,3200
000000000010000428,2000,2.000,113664.52,V,56832.26,0.00,1.000,3200
000000000010000429,4000,0.000,0.00,V,9989.71,0.00,1.000,3200
000000000010000430,4000,8.000,648808.64,V,81101.08,0.00,1.000,3200
000000000010000431,1000,17.000,244177.97,V,14363.41,0.00,1.000,3200
000000000010000432,4000,15.000,255306.60,V,17020.44,0.00,1.000,3200
000000000030000090,4000,4.000,277550.44,V,69387.61,0.00,1.000,3200
000000000030000090,3000,1.000,69387.61,V,69387.61,0.00,1.000,3200
000000000010000433,1000,10.000,1442640.40,V,144264.04,0.00,1.000,3200
000000000010000434,3000,0.000,0.00,V,105357.39,0.00,1.000,3200
000000000010000435,1000,4.000,209260.24,V,52315.06,0.00,1.000,3200
000000000010000435,3000,3.000,156945.18,V,52315.06,0.00,1.000,3200
000000000010000436,2000,40.000,350604.80,V,8765.12,0.00,1.000,3200
000000000010000437,4000,137.000,345620.86,V,2522.78,0.00,1.000,3200
000000000030000091,1000,0.000,0.00,V,110187.47,0.00,1.000,3200
000000000010000438,3000,1.000,111682.46,V,111682.46,0.00,1.000,3200
000000000010000438,4000,1.000,111682.46,V,111682.46,0.00,1.000,3200
000000000010000439,2000,5.000,160409.60,V,32081.92,0.00,1.000,3200
000000000010000440,1000,0.000,0.00,V,84452.11,0.00,1.000,3200
000000000030000092,2000,4.000,24357.72,V,6089.43,0.00,1.000,3200
000000000010000441,2000,16.000,2100732.48,V,131295.78,0.00,1.000,3200
000000000080000097,3000,4.000,1528564.24,V,382141.06,0.00,1.000,3200
000000000080000097,4000,1.000,382141.06,V,382141.06,0.00,1.000,3200
000000000010000442,4000,18.000,1482992.82,V,82388.49,0.00,1.000,3200
000000000010000443,3000,23.000,10874508.10,V,472804.70,0.00,1.000,3200
000000000010000444,4000,1.000,91571.71,V,91571.71,0.00,1.000,3200
000000000010000445,2000,0.000,0.00,V,10518.16,0.00,1.000,3200
000000000010000446,3000,74.000,270433.00,V,3654.50,0.00,1.000,3200
000000000010000446,1000,116.000,423922.00,V,3654.50,0.00,1.000,3200
000000000030000093,1000,4.000,464159.36,V,116039.84,0.00,1.000,3200
000000000080000098,1000,13.000,2264427.88,V,174186.76,0.00,1.000,3200
000000000010000447,1000,0.000,0.00,V,103540.15,0.00,1.000,3200
000000000010000448,2000,1.000,151100.12,V,151100.12,0.00,1.000,3200
000000000010000448,1000,8.000,1208800.96,V,151100.12,0.00,1.000,3200
000000000010000449,4000,6.000,440407.74,V,73401.29,0.00,1.000,3200
000000000010000449,2000,7.000,513809.03,V,73401.29,0.00,1.000,3200
000000000030000094,3000,1.000,34970.19,V,34970.19,0.00,1.000,3200
000000000010000450,1000,15.000,11852929.20,V,790195.28,0.00,1.000,3200
000000000090000023,4000,9.000,540077.31,V,60008.59,0.00,1.000,3200
000000000010000451,2000,79.000,1011971.04,V,12809.76,0.00,1.000,3200
000000000030000095,4000,0.000,0.00,V,174539.09,0.00,1.000,3200
000000000010000452,4000,69.000,1309538.58,V,18978.82,0.00,1.000,3200
000000000010000453,4000,0.000,0.00,V,7479.12,0.00,1.000,3200
000000000010000453,1000,0.000,0.00,V,7479.12,0.00,1.000,3200
000000000010000454,2000,6.000,66401.88,V,11066.98,0.00,1.000,3200
000000000080000099,4000,2.000,703828.16,V,351914.08,0.00,1.000,3200
000000000010000455,2000,9.000,1556407.71,V,172934.19,0.00,1.000,3200
000000000010000456,3000,5.000,217120.15,V,43424.03,0.00,1.000,3200
000000000010000457,3000,0.000,0.00,V,149246.41,0.00,1.000,3200
000000000010000458,4000,0.000,0.00,V,92358.47,0.00,1.000,3200
000000000010000458,2000,0.000,0.00,V,92358.47,0.00,1.000,3200
000000000010000459,4000,0.000,0.00,V,168117.51,0.00,1.000,3200
000000000080000100,2000,23.000,1504619.29,V,65418.23,0.00,1.000,3200
000000000080000100,3000,10.000,654182.30,V,65418.23,0.00,1.000,3200
000000000010000460,1000,0.000,0.00,V,124159.39,0.00,1.000,3200
000000000010000461,3000,0.000,0.00,V,680762.39,0.00,1.000,3200
000000000010000462,4000,25.000,8148310.00,V,325932.40,0.00,1.000,3200
000000000010000463,3000,0.000,0.00,V,119617.58,0.00,1.000,3200
000000000030000096,1000,3.000,387230.07,V,129076.69,0.00,1.000,3200
000000000010000464,2000,0.000,0.00,V,133276.30,0.00,1.000,3200
000000000030000097,2000,3.000,221883.48,V,73961.16,0.00,1.000,3200
000000000010000465,4000,3.000,1945147.74,V,648382.58,0.00,1.000,3200
000000000010000466,1000,0.000,0.00,V,77025.21,0.00,1.000,3200
000000000010000467,1000,0.000,0.00,V,153524.40,0.00,1.000,3200
000000000010000468,3000,0.000,0.00,V,35441.05,0.00,1.000,3200
000000000010000469,3000,199.000,1311495.57,V,6590.43,0.00,1.000,3200
000000000030000098,3000,0.000,0.00,V,75455.78,0.00,1.000,3200
000000000030000098,1000,2.000,150911.56,V,75455.78,0.00,1.000,3200
000000000010000470,4000,11.000,1654942.52,V,150449.32,0.00,1.000,3200
000000000010000471,1000,89.000,774854.47,V,8706.23,0.00,1.000,3200
000000000090000024,4000,15.000,594853.65,V,39656.91,0.00,1.000,3200
000000000090000024,2000,24.000,951765.84,V,39656.91,0.00,1.000,3200
000000000010000472,3000,67.000,1372148.61,V,20479.83,0.00,1.000,3200
000000000010000473,2000,4.000,1569914.64,V,392478.66,0.00,1.000,3200
000000000010000473,4000,3.000,1177435.98,V,392478.66,0.00,1.000,3200
000000000080000101,2000,10.000,1576756.50,V,157675.65,0.00,1.000,3200
000000000010000474,2000,0.000,0.00,V,151310.74,0.00,1.000,3200
000000000010000475,1000,3.000,251264.22,V,83754.74,0.00,1.000,3200
000000000030000099,1000,7.000,791942.27,V,113134.61,0.00,1.000,3200
000000000080000102,1000,9.000,310916.25,V,34546.25,0.00,1.000,3200
000000000080000103,2000,3.000,1019441.58,V,339813.86,0.00,1.000,3200
000000000030000100,3000,5.000,555492.90,V,111098.58,0.00,1.000,3200
000000000010000476,4000,23.000,341621.30,V,14853.10,0.00,1.000,3200
000000000090000025,3000,27.000,1984394.16,V,73496.08,0.00,1.000,3200
000000000090000026,2000,35.000,5874966.30,V,167856.18,0.00,1.000,3200
000000000010000477,2000,6.000,697209.96,V,116201.66,0.00,1.000,3200
000000000010000478,2000,0.000,0.00,V,121319.26,0.00,1.000,3200
000000000030000101,4000,3.000,120034.56,V,40011.52,0.00,1.000,3200
000000000030000102,1000,4.000,365749.40,V,91437.35,0.00,1.000,3200
000000000030000102,4000,3.000,274312.05,V,91437.35,0.00,1.000,3200
000000000030000103,4000,0.000,0.00,V,761087.72,0.00,1.000,3200
000000000010000479,4000,0.000,0.00,V,51497.48,0.00,1.000,3200
000000000080000104,3000,10.000,3787391.60,V,378739.16,0.00,1.000,3200
000000000080000104,2000,24.000,9089739.84,V,378739.16,0.00,1.000,3200
000000000010000480,1000,2.000,112546.54,V,56273.27,0.00,1.000,3200
000000000010000480,3000,1.000,56273.27,V,56273.27,0.00,1.000,3200
000000000010000481,4000,2.000,258100.28,V,129050.14,0.00,1.000,3200
000000000010000481,1000,0.000,0.00,V,129050.14,0.00,1.000,3200
000000000010000482,1000,19.000,252295.68,V,13278.72,0.00,1.000,3200
000000000010000483,3000,11.000,89488.52,V,8135.32,0.00,1.000,3200
000000000010000483,2000,5.000,40676.60,V,8135.32,0.00,1.000,3200
000000000010000484,2000,12.000,1820503.92,V,151708.66,0.00,1.000,3200
000000000010000485,3000,1.000,90034.23,V,90034.23,0.00,1.000,3200
000000000080000105,1000,2.000,553515.64,V,276757.82,0.00,1.000,3200
000000000010000486,3000,40.000,710875.60,V,17771.89,0.00,1.000,3200
000000000010000487,1000,0.000,0.00,V,285854.96,0.00,1.000,3200
000000000010000488,3000,20.000,9979323.80,V,498966.19,0.00,1.000,3200
000000000030000104,4000,0.000,0.00,V,405326.21,0.00,1.000,3200
000000000010000489,4000,0.000,0.00,V,37447.09,0.00,1.000,3200
000000000080000106,2000,3.000,856721.40,V,285573.80,0.00,1.000,3200
000000000010000490,2000,8.000,410296.96,V,51287.12,0.00,1.000,3200
000000000080000107,2000,8.000,170710.40,V,21338.80,0.00,1.000,3200
000000000090000027,2000,31.000,2616792.15,V,84412.65,0.00,1.000,3200
000000000090000027,1000,29.000,2447966.85,V,84412.65,0.00,1.000,3200
000000000010000491,3000,16.000,1254219.04,V,78388.69,0.00,1.000,3200
000000000010000492,1000,21.000,3395314.23,V,161681.63,0.00,1.000,3200
000000000080000108,2000,6.000,2150624.76,V,358437.46,0.00,1.000,3200
000000000010000493,3000,9.000,1447223.04,V,160802.56,0.00,1.000,3200
000000000010000494,3000,0.000,0.00,V,75273.13,0.00,1.000,3200
000000000080000109,3000,18.000,1041261.66,V,57847.87,0.00,1.000,3200
000000000010000495,4000,0.000,0.00,V,291221.78,0.00,1.000,3200
000000000010000496,3000,2.000,46015.42,V,23007.71,0.00,1.000,3200
000000000030000105,3000,4.000,67084.00,V,16771.00,0.00,1.000,3200
000000000030000105,2000,0.000,0.00,V,16771.00,0.00,1.000,3200
000000000010000497,4000,2.000,684386.78,V,342193.39,0.00,1.000,3200
000000000010000497,1000,3.000,1026580.17,V,342193.39,0.00,1.000,3200
000000000090000028,4000,36.000,6142286.16,V,170619.06,0.00,1.000,3200
000000000090000028,2000,18.000,3071143.08,V,170619.06,0.00,1.000,3200
000000000010000498,1000,93.000,1843394.85,V,19821.45,0.00,1.000,3200
000000000010000499,4000,1.000,4715.14,V,4715.14,0.00,1.000,3200
000000000010000500,2000,8.000,443460.00,V,55432.50,0.00,1.000,3200
000000000010000500,4000,8.000,443460.00,V,55432.50,0.00,1.000,3200
000000000030000106,2000,1.000,152751.33,V,152751.33,0.00,1.000,3200
000000000080000110,2000,5.000,742846.90,V,148569.38,0.00,1.000,3200
000000000010000501,1000,0.000,0.00,V,141341.92,0.00,1.000,3200
000000000080000111,1000,10.000,1759135.30,V,175913.53,0.00,1.000,3200
000000000010000502,2000,103.000,1384658.87,V,13443.29,0.00,1.000,3200
000000000010000503,3000,80.000,15280452.00,V,191005.65,0.00,1.000,3200
000000000010000503,2000,0.000,0.00,V,191005.65,0.00,1.000,3200
000000000010000504,1000,7.000,15976.66,V,2282.38,0.00,1.000,3200
000000000010000505,1000,73.000,251210.52,V,3441.24,0.00,1.000,3200
000000000010000506,1000,5.000,1364039.45,V,272807.89,0.00,1.000,3200
000000000010000507,1000,93.000,1430468.34,V,15381.38,0.00,1.000,3200
000000000010000508,2000,2.000,1046356.98,V,523178.49,0.00,1.000,3200
000000000010000509,4000,0.000,0.00,V,81751.25,0.00,1.000,3200
000000000010000510,3000,0.000,0.00,V,163636.66,0.00,1.000,3200
000000000010000511,4000,0.000,0.00,V,141893.71,0.00,1.000,3200
000000000010000511,1000,0.000,0.00,V,141893.71,0.00,1.000,3200
000000000010000512,3000,0.000,0.00,V,117396.49,0.00,1.000,3200
000000000010000512,1000,1.000,117396.49,V,117396.49,0.00,1.000,3200
000000000010000513,2000,0.000,0.00,V,164633.95,0.00,1.000,3200
000000000010000514,1000,8.000,1194321.44,V,149290.18,0.00,1.000,3200
000000000010000515,1000,0.000,0.00,V,96500.24,0.00,1.000,3200
000000000010000516,2000,0.000,0.00,V,56854.90,0.00,1.000,3200
000000000010000517,4000,2.000,59035.54,V,29517.77,0.00,1.000,3200
000000000010000517,2000,1.000,29517.77,V,29517.77,0.00,1.000,3200
000000000010000518,2000,38.000,587333.32,V,15456.14,0.00,1.000,3200
000000000030000107,3000,4.000,176889.00,V,44222.25,0.00,1.000,3200
000000000010000519,2000,1.000,133359.90,V,133359.90,0.00,1.000,3200
000000000010000520,3000,36.000,768632.04,V,21350.89,0.00,1.000,3200
000000000010000521,1000,147.000,1905793.26,V,12964.58,0.00,1.000,3200
000000000010000521,2000,0.000,0.00,V,12964.58,0.00,1.000,3200
000000000010000522,1000,0.000,0.00,V,121792.27,0.00,1.000,3200
000000000030000108,2000,3.000,35911.62,V,11970.54,0.00,1.000,3200
000000000030000108,1000,4.000,47882.16,V,11970.54,0.00,1.000,3200
000000000010000523,3000,36.000,4814458.56,V,133734.96,0.00,1.000,3200
000000000030000109,1000,3.000,130776.15,V,43592.05,0.00,1.000,3200
000000000030000109,2000,11.000,479512.55,V,43592.05,0.00,1.000,3200
000000000010000524,3000,22.000,17026879.98,V,773949.09,0.00,1.000,3200
000000000010000524,1000,2.000,1547898.18,V,773949.09,0.00,1.000,3200
000000000010000525,3000,0.000,0.00,V,99979.85,0.00,1.000,3200
000000000010000525,4000,0.000,0.00,V,99979.85,0.00,1.000,3200
000000000090000029,4000,14.000,1740144.00,V,124296.00,0.00,1.000,3200
000000000080000112,4000,11.000,1547368.35,V,140669.85,0.00,1.000,3200
000000000080000112,1000,5.000,703349.25,V,140669.85,0.00,1.000,3200
000000000010000526,1000,8.000,4503692.80,V,562961.60,0.00,1.000,3200
000000000010000527,2000,0.000,0.00,V,5838.63,0.00,1.000,3200
000000000010000528,1000,1.000,6359.20,V,6359.20,0.00,1.000,3200
000000000010000529,1000,1.000,51114.15,V,51114.15,0.00,1.000,3200
000000000080000113,3000,11.000,4870180.37,V,442743.67,0.00,1.000,3200
000000000010000530,1000,0.000,0.00,V,21631.62,0.00,1.000,3200
000000000010000531,3000,64.000,287619.20,V,4494.05,0.00,1.000,3200
000000000010000531,4000,60.000,269643.00,V,4494.05,0.00,1.000,3200
000000000080000114,2000,1.000,82029.38,V,82029.38,0.00,1.000,3200
000000000010000532,3000,5.000,630811.35,V,126162.27,0.00,1.000,3200
000000000030000110,2000,1.000,73881.70,V,73881.70,0.00,1.000,3200
000000000010000533,3000,19.000,101893.77,V,5362.83,0.00,1.000,3200
000000000010000534,2000,139.000,2389347.45,V,17189.55,0.00,1.000,3200
000000000010000535,1000,3.000,566073.51,V,188691.17,0.00,1.000,3200
000000000010000536,4000,2.000,863218.12,V,431609.06,0.00,1.000,3200
000000000010000536,3000,11.000,4747699.66,V,431609.06,0.00,1.000,3200
000000000010000537,1000,96.000,469415.04,V,4889.74,0.00,1.000,3200
000000000080000115,3000,18.000,3865342.86,V,214741.27,0.00,1.000,3200
000000000010000538,1000,19.000,333826.77,V,17569.83,0.00,1.000,3200
000000000090000030,1000,19.000,200765.78,V,10566.62,0.00,1.000,3200
000000000010000539,1000,1.000,125311.02,V,125311.02,0.00,1.000,3200
000000000010000539,2000,1.000,125311.02,V,125311.02,0.00,1.000,3200
000000000010000540,1000,0.000,0.00,V,73091.94,0.00,1.000,3200
000000000030000111,3000,0.000,0.00,V,43651.58,0.00,1.000,3200
000000000010000541,1000,17.000,8051774.94,V,473633.82,0.00,1.000,3200
000000000010000541,3000,5.000,2368169.10,V,473633.82,0.00,1.000,3200
000000000030000112,2000,1.000,74030.17,V,74030.17,0.00,1.000,3200
000000000080000116,1000,4.000,503283.88,V,125820.97,0.00,1.000,3200
000000000010000542,4000,72.000,46301.76,V,643.08,0.00,1.000,3200
000000000030000113,4000,2.000,227763.72,V,113881.86,0.00,1.000,3200
000000000030000114,3000,6.000,264327.66,V,44054.61,0.00,1.000,3200
000000000010000543,3000,6.000,3411491.76,V,568581.96,0.00,1.000,3200
000000000080000117,4000,3.000,472002.48,V,157334.16,0.00,1.000,3200
000000000010000544,1000,0.000,0.00,V,11839.53,0.00,1.000,3200
000000000010000544,3000,0.000,0.00,V,11839.53,0.00,1.000,3200
000000000030000115,3000,4.000,21199.84,V,5299.96,0.00,1.000,3200
000000000030000116,1000,3.000,47697.93,V,15899.31,0.00,1.000,3200
000000000010000545,4000,0.000,0.00,V,164445.38,0.00,1.000,3200
000000000010000546,4000,261.000,4243463.28,V,16258.48,0.00,1.000,3200
000000000010000546,3000,12.000,195101.76,V,16258.48,0.00,1.000,3200
000000000010000547,2000,2.000,10350.84,V,5175.42,0.00,1.000,3200
000000000010000548,4000,6.000,464523.66,V,77420.61,0.00,1.000,3200
000000000080000118,3000,6.000,2371440.72,V,395240.12,0.00,1.000,3200
000000000010000549,4000,5.000,574427.95,V,114885.59,0.00,1.000,3200
000000000010000550,1000,9.000,270945.90,V,30105.10,0.00,1.000,3200
000000000030000117,4000,1.000,105699.72,V,105699.72,0.00,1.000,3200
000000000010000551,1000,0.000,0.00,V,60101.31,0.00,1.000,3200
000000000010000552,1000,2.000,153535.54,V,76767.77,0.00,1.000,3200
000000000010000553,1000,4.000,1199901.72,V,299975.43,0.00,1.000,3200
000000000030000118,4000,1.000,59293.56,V,59293.56,0.00,1.000,3200
000000000010000554,4000,0.000,0.00,V,127394.33,0.00,1.000,3200
000000000030000119,3000,4.000,144285.24,V,36071.31,0.00,1.000,3200
000000000030000120,3000,6.000,914953.92,V,152492.32,0.00,1.000,3200
000000000010000555,1000,0.000,0.00,V,90003.05,0.00,1.000,3200
000000000010000556,3000,0.000,0.00,V,75598.69,0.00,1.000,3200
000000000010000556,2000,0.000,0.00,V,75598.69,0.00,1.000,3200
000000000080000119,4000,3.000,531954.06,V,177318.02,0.00,1.000,3200
000000000010000557,3000,0.000,0.00,V,140357.04,0.00,1.000,3200
000000000010000557,4000,0.000,0.00,V,140357.04,0.00,1.000,3200
000000000030000121,3000,0.000,0.00,V,81394.86,0.00,1.000,3200
000000000010000558,2000,0.000,0.00,V,85374.12,0.00,1.000,3200
000000000010000559,2000,0.000,0.00,V,12928.98,0.00,1.000,3200
000000000080000120,1000,0.000,0.00,V,296891.02,0.00,1.000,3200
000000000030000122,3000,0.000,0.00,V,19939.67,0.00,1.000,3200
000000000080000121,3000,1.000,47932.18,V,47932.18,0.00,1.000,3200
000000000010000560,2000,165.000,740495.25,V,4487.85,0.00,1.000,3200
000000000080000122,2000,5.000,671545.00,V,134309.00,0.00,1.000,3200
000000000080000122,3000,3.000,402927.00,V,134309.00,0.00,1.000,3200
000000000010000561,4000,3.000,221471.10,V,73823.70,0.00,1.000,3200
000000000090000031,2000,6.000,275622.60,V,45937.10,0.00,1.000,3200
000000000030000123,1000,0.000,0.00,V,101862.13,0.00,1.000,3200
000000000030000123,4000,2.000,203724.26,V,101862.13,0.00,1.000,3200
000000000010000562,4000,2.000,297784.88,V,148892.44,0.00,1.000,3200
000000000010000562,2000,0.000,0.00,V,148892.44,0.00,1.000,3200
000000000080000123,2000,1.000,52203.66,V,52203.66,0.00,1.000,3200
000000000030000124,3000,2.000,192905.92,V,96452.96,0.00,1.000,3200
000000000010000563,3000,12.000,174514.44,V,14542.87,0.00,1.000,3200
000000000080000124,2000,11.000,2229447.88,V,202677.08,0.00,1.000,3200
000000000080000125,2000,5.000,2190009.75,V,438001.95,0.00,1.000,3200
000000000010000564,1000,8.000,1964246.56,V,245530.82,0.00,1.000,3200
000000000010000565,3000,16.000,1982756.64,V,123922.29,0.00,1.000,3200
000000000080000126,1000,0.000,0.00,V,136236.22,0.00,1.000,3200
000000000080000127,4000,2.000,657760.34,V,328880.17,0.00,1.000,3200
000000000010000566,1000,4.000,252945.24,V,63236.31,0.00,1.000,3200
000000000080000128,2000,3.000,1098061.05,V,366020.35,0.00,1.000,3200
000000000010000567,3000,4.000,598268.56,V,149567.14,0.00,1.000,3200
000000000010000568,3000,14.000,1322505.10,V,94464.65,0.00,1.000,3200
000000000010000568,1000,12.000,1133575.80,V,94464.65,0.00,1.000,3200
000000000080000129,2000,0.000,0.00,V,257088.16,0.00,1.000,3200
000000000010000569,4000,26.000,337840.62,V,12993.87,0.00,1.000,3200
000000000010000569,2000,89.000,1156454.43,V,12993.87,0.00,1.000,3200
000000000010000570,2000,2.000,844378.84,V,422189.42,0.00,1.000,3200
000000000010000571,4000,4.000,177963.24,V,44490.81,0.00,1.000,3200
000000000010000571,2000,3.000,133472.43,V,44490.81,0.00,1.000,3200
000000000010000572,1000,194.000,1507085.12,V,7768.48,0.00,1.000,3200
000000000010000573,3000,3.000,1288566.54,V,429522.18,0.00,1.000,3200
000000000010000574,1000,1.000,21933.82,V,21933.82,0.00,1.000,3200
000000000010000575,2000,10.000,923490.80,V,92349.08,0.00,1.000,3200
000000000010000575,4000,28.000,2585774.24,V,92349.08,0.00,1.000,3200
000000000010000576,4000,0.000,0.00,V,50623.35,0.00,1.000,3200
000000000030000125,3000,4.000,539171.24,V,134792.81,0.00,1.000,3200
000000000030000125,1000,3.000,404378.43,V,134792.81,0.00,1.000,3200
000000000010000577,3000,4.000,112254.60,V,28063.65,0.00,1.000,3200
000000000080000130,1000,3.000,928541.22,V,309513.74,0.00,1.000,3200
000000000010000578,1000,0.000,0.00,V,75514.67,0.00,1.000,3200
000000000010000579,2000,14.000,2055717.30,V,146836.95,0.00,1.000,3200
000000000010000580,1000,213.000,65863514.94,V,309218.38,0.00,1.000,3200
000000000030000126,1000,0.000,0.00,V,730699.90,0.00,1.000,3200
000000000010000581,1000,10.000,7116817.10,V,711681.71,0.00,1.000,3200
000000000010000582,1000,204.000,83574726.12,V,409680.03,0.00,1.000,3200
000000000010000583,2000,0.000,0.00,V,65495.91,0.00,1.000,3200
000000000010000584,4000,3.000,32842.74,V,10947.58,0.00,1.000,3200
000000000010000584,3000,4.000,43790.32,V,10947.58,0.00,1.000,3200
000000000010000585,2000,234.000,2487111.12,V,10628.68,0.00,1.000,3200
000000000010000585,4000,99.000,1052239.32,V,10628.68,0.00,1.000,3200
000000000010000586,3000,4.000,244137.08,V,61034.27,0.00,1.000,3200
000000000010000586,1000,6.000,366205.62,V,61034.27,0.00,1.000,3200
000000000030000127,2000,3.000,380553.27,V,126851.09,0.00,1.000,3200
000000000080000131,4000,5.000,1647379.35,V,329475.87,0.00,1.000,3200
000000000080000131,3000,6.000,1976855.22,V,329475.87,0.00,1.000,3200
000000000010000587,3000,0.000,0.00,V,70972.84,0.00,1.000,3200
000000000010000587,4000,0.000,0.00,V,70972.84,0.00,1.000,3200
000000000090000032,3000,8.000,1374863.76,V,171857.97,0.00,1.000,3200
000000000090000032,2000,32.000,5499455.04,V,171857.97,0.00,1.000,3200
000000000010000588,3000,0.000,0.00,V,77971.32,0.00,1.000,3200
000000000080000132,3000,9.000,3524862.87,V,391651.43,0.00,1.000,3200
000000000080000132,2000,5.000,1958257.15,V,391651.43,0.00,1.000,3200
000000000010000589,1000,70.000,176289.40,V,2518.42,0.00,1.000,3200
000000000010000590,3000,73.000,183826.41,V,2518.17,0.00,1.000,3200
000000000030000128,4000,10.000,1415918.20,V,141591.82,0.00,1.000,3200
000000000030000128,3000,3.000,424775.46,V,141591.82,0.00,1.000,3200
000000000030000129,2000,2.000,312572.30,V,156286.15,0.00,1.000,3200
000000000010000591,2000,0.000,0.00,V,45398.33,0.00,1.000,3200
000000000010000591,1000,0.000,0.00,V,45398.33,0.00,1.000,3200
000000000010000592,1000,3.000,138376.20,V,46125.40,0.00,1.000,3200
000000000080000133,4000,4.000,483754.28,V,120938.57,0.00,1.000,3200
000000000010000593,2000,2.000,330810.34,V,165405.17,0.00,1.000,3200
000000000010000594,2000,25.000,12275964.25,V,491038.57,0.00,1.000,3200
000000000030000130,4000,1.000,152084.44,V,152084.44,0.00,1.000,3200
000000000030000130,2000,3.000,456253.32,V,152084.44,0.00,1.000,3200
000000000030000131,3000,1.000,89502.42,V,89502.42,0.00,1.000,3200
000000000010000595,3000,0.000,0.00,V,95604.16,0.00,1.000,3200
000000000010000596,2000,17.000,1740461.19,V,102380.07,0.00,1.000,3200
000000000030000132,1000,17.000,2817359.17,V,165727.01,0.00,1.000,3200
000000000030000132,3000,6.000,994362.06,V,165727.01,0.00,1.000,3200
000000000010000597,1000,0.000,0.00,V,164007.79,0.00,1.000,3200
000000000010000597,4000,0.000,0.00,V,164007.79,0.00,1.000,3200
000000000030000133,4000,2.000,1284559.86,V,642279.93,0.00,1.000,3200
000000000080000134,3000,14.000,4465802.88,V,318985.92,0.00,1.000,3200
000000000010000598,4000,24.000,2461263.36,V,102552.64,0.00,1.000,3200
000000000090000033,3000,27.000,3744186.93,V,138673.59,0.00,1.000,3200
000000000030000134,2000,0.000,0.00,V,75705.45,0.00,1.000,3200
000000000010000599,2000,68.000,659402.12,V,9697.09,0.00,1.000,3200
000000000010000600,2000,189.000,1406307.42,V,7440.78,0.00,1.000,3200
000000000080000135,3000,10.000,2338054.90,V,233805.49,0.00,1.000,3200
000000000080000135,4000,22.000,5143720.78,V,233805.49,0.00,1.000,3200
000000000080000136,1000,5.000,1345158.00,V,269031.60,0.00,1.000,3200
000000000080000136,4000,7.000,1883221.20,V,269031.60,0.00,1.000,3200
000000000010000601,2000,3.000,81940.80,V,27313.60,0.00,1.000,3200
000000000010000602,4000,97.000,2124939.23,V,21906.59,0.00,1.000,3200
000000000010000602,2000,38.000,832450.42,V,21906.59,0.00,1.000,3200
000000000010000603,2000,2.000,1169190.86,V,584595.43,0.00,1.000,3200
000000000010000603,4000,1.000,584595.43,V,584595.43,0.00,1.000,3200
000000000010000604,4000,0.000,0.00,V,46651.18,0.00,1.000,3200
000000000010000605,4000,0.000,0.00,V,140550.24,0.00,1.000,3200
000000000010000605,2000,0.000,0.00,V,140550.24,0.00,1.000,3200
000000000010000606,4000,0.000,0.00,V,170392.80,0.00,1.000,3200
000000000010000607,1000,1.000,16958.80,V,16958.80,0.00,1.000,3200
000000000080000137,2000,7.000,646883.09,V,92411.87,0.00,1.000,3200
000000000080000138,1000,2.000,882679.98,V,441339.99,0.00,1.000,3200
000000000080000139,2000,0.000,0.00,V,226461.80,0.00,1.000,3200
000000000080000139,1000,16.000,3623388.80,V,226461.80,0.00,1.000,3200
000000000030000135,4000,0.000,0.00,V,130323.19,0.00,1.000,3200
000000000010000608,1000,16.000,6060717.28,V,378794.83,0.00,1.000,3200
000000000010000609,1000,0.000,0.00,V,19795.58,0.00,1.000,3200
000000000010000609,2000,0.000,0.00,V,19795.58,0.00,1.000,3200
000000000080000140,4000,0.000,0.00,V,95899.16,0.00,1.000,3200
000000000010000610,4000,7.000,146291.39,V,20898.77,0.00,1.000,3200
000000000030000136,3000,4.000,1131378.20,V,282844.55,0.00,1.000,3200
000000000080000141,1000,2.000,788921.90,V,394460.95,0.00,1.000,3200
000000000010000611,4000,10.000,1643211.80,V,164321.18,0.00,1.000,3200
000000000010000612,4000,27.000,292016.07,V,10815.41,0.00,1.000,3200
000000000010000612,1000,11.000,118969.51,V,10815.41,0.00,1.000,3200
000000000080000142,3000,6.000,476260.68,V,79376.78,0.00,1.000,3200
000000000030000137,3000,0.000,0.00,V,104274.60,0.00,1.000,3200
000000000010000613,3000,6.000,398246.16,V,66374.36,0.00,1.000,3200
000000000010000614,2000,8.000,168044.88,V,21005.61,0.00,1.000,3200
000000000010000615,3000,1.000,86586.12,V,86586.12,0.00,1.000,3200
000000000090000034,3000,27.000,2091000.96,V,77444.48,0.00,1.000,3200
000000000090000034,1000,22.000,1703778.56,V,77444.48,0.00,1.000,3200
000000000080000143,2000,5.000,1352203.75,V,270440.75,0.00,1.000,3200
000000000010000616,2000,18.000,1621437.66,V,90079.87,0.00,1.000,3200
000000000010000616,1000,9.000,810718.83,V,90079.87,0.00,1.000,3200
000000000010000617,1000,2.000,742236.74,V,371118.37,0.00,1.000,3200
000000000010000617,3000,10.000,3711183.70,V,371118.37,0.00,1.000,3200
000000000080000144,2000,22.000,2622213.22,V,119191.51,0.00,1.000,3200
000000000010000618,4000,9.000,703496.70,V,78166.30,0.00,1.000,3200
000000000010000618,3000,4.000,312665.20,V,78166.30,0.00,1.000,3200
000000000080000145,1000,16.000,1702541.28,V,106408.83,0.00,1.000,3200
000000000030000138,4000,2.000,24271.44,V,12135.72,0.00,1.000,3200
000000000010000619,4000,0.000,0.00,V,117081.66,0.00,1.000,3200
000000000010000620,1000,0.000,0.00,V,61594.64,0.00,1.000,3200
000000000010000621,1000,0.000,0.00,V,26671.29,0.00,1.000,3200
000000000010000622,1000,6.000,136754.28,V,22792.38,0.00,1.000,3200
000000000010000623,4000,1.000,37681.80,V,37681.80,0.00,1.000,3200
000000000010000624,2000,16.000,21246.72,V,1327.92,0.00,1.000,3200
000000000030000139,3000,1.000,39444.04,V,39444.04,0.00,1.000,3200
000000000010000625,3000,12.000,1288541.40,V,107378.45,0.00,1.000,3200
000000000010000626,1000,53.000,1096930.93,V,20696.81,0.00,1.000,3200
000000000010000627,2000,5.000,708153.60,V,141630.72,0.00,1.000,3200
000000000010000628,4000,0.000,0.00,V,9647.10,0.00,1.000,3200
000000000090000035,2000,16.000,2713189.44,V,169574.34,0.00,1.000,3200
000000000010000629,1000,33.000,3741570.03,V,113380.91,0.00,1.000,3200
000000000010000629,4000,4.000,453523.64,V,113380.91,0.00,1.000,3200
000000000030000140,3000,1.000,83002.55,V,83002.55,0.00,1.000,3200
000000000010000630,1000,0.000,0.00,V,121504.74,0.00,1.000,3200
000000000010000631,1000,3.000,213832.53,V,71277.51,0.00,1.000,3200
000000000080000146,1000,13.000,1032865.73,V,79451.21,0.00,1.000,3200
000000000080000146,3000,23.000,1827377.83,V,79451.21,0.00,1.000,3200
000000000030000141,3000,1.000,84568.82,V,84568.82,0.00,1.000,3200
000000000030000141,2000,0.000,0.00,V,84568.82,0.00,1.000,3200
000000000080000147,2000,2.000,684842.88,V,342421.44,0.00,1.000,3200
000000000090000036,3000,24.000,3974475.36,V,165603.14,0.00,1.000,3200
000000000090000036,2000,19.000,3146459.66,V,165603.14,0.00,1.000,3200
000000000080000148,4000,8.000,1168172.80,V,146021.60,0.00,1.000,3200
000000000010000632,1000,0.000,0.00,V,159228.86,0.00,1.000,3200
000000000010000633,1000,1.000,53285.17,V,53285.17,0.00,1.000,3200
000000000010000633,4000,4.000,213140.68,V,53285.17,0.00,1.000,3200
000000000030000142,1000,3.000,136054.62,V,45351.54,0.00,1.000,3200
000000000030000142,4000,4.000,181406.16,V,45351.54,0.00,1.000,3200
000000000080000149,2000,2.000,433250.26,V,216625.13,0.00,1.000,3200
000000000030000143,2000,0.000,0.00,V,14163.73,0.00,1.000,3200
000000000030000143,3000,4.000,56654.92,V,14163.73,0.00,1.000,3200
000000000010000634,1000,10.000,1777404.50,V,177740.45,0.00,1.000,3200
000000000010000635,2000,0.000,0.00,V,92113.82,0.00,1.000,3200
000000000090000037,3000,21.000,1347158.40,V,64150.40,0.00,1.000,3200
000000000030000144,3000,5.000,669730.40,V,133946.08,0.00,1.000,3200
000000000010000636,1000,0.000,0.00,V,91720.11,0.00,1.000,3200
000000000010000637,2000,7.000,865255.44,V,123607.92,0.00,1.000,3200
000000000010000638,1000,127.000,1524454.66,V,12003.58,0.00,1.000,3200
000000000010000638,4000,295.000,3541056.10,V,12003.58,0.00,1.000,3200
000000000010000639,1000,14.000,1174003.32,V,83857.38,0.00,1.000,3200
000000000010000640,4000,14.000,1683775.80,V,120269.70,0.00,1.000,3200
000000000010000641,2000,8.000,5193502.88,V,649187.86,0.00,1.000,3200
000000000080000150,4000,8.000,3016481.44,V,377060.18,0.00,1.000,3200
000000000010000642,2000,239.000,5643987.39,V,23615.01,0.00,1.000,3200
000000000010000643,2000,5.000,2593991.55,V,518798.31,0.00,1.000,3200
000000000080000151,1000,6.000,1337884.68,V,222980.78,0.00,1.000,3200
000000000080000151,2000,4.000,891923.12,V,222980.78,0.00,1.000,3200
000000000010000644,1000,81.000,53425352.25,V,659572.25,0.00,1.000,3200
000000000010000645,3000,3.000,231690.42,V,77230.14,0.00,1.000,3200
000000000030000145,3000,0.000,0.00,V,55184.70,0.00,1.000,3200
000000000030000145,4000,1.000,55184.70,V,55184.70,0.00,1.000,3200
000000000010000646,3000,4.000,215692.00,V,53923.00,0.00,1.000,3200
000000000030000146,4000,5.000,256761.20,V,51352.24,0.00,1.000,3200
000000000010000647,2000,0.000,0.00,V,96654.87,0.00,1.000,3200
000000000080000152,1000,7.000,618325.96,V,88332.28,0.00,1.000,3200
000000000010000648,1000,5.000,3108445.10,V,621689.02,0.00,1.000,3200
000000000010000649,1000,3.000,1934359.83,V,644786.61,0.00,1.000,3200
000000000010000650,4000,90.000,1131731.10,V,12574.79,0.00,1.000,3200
000000000010000651,2000,2.000,253460.46,V,126730.23,0.00,1.000,3200
000000000010000652,4000,8.000,1238881.20,V,154860.15,0.00,1.000,3200
000000000010000652,1000,5.000,774300.75,V,154860.15,0.00,1.000,3200
000000000010000653,3000,50.000,1070775.50,V,21415.51,0.00,1.000,3200
000000000010000654,3000,3.000,535359.33,V,178453.11,0.00,1.000,3200
000000000010000654,1000,4.000,713812.44,V,178453.11,0.00,1.000,3200
000000000010000655,3000,5.000,625050.55,V,125010.11,0.00,1.000,3200
000000000010000656,4000,6.000,854340.30,V,142390.05,0.00,1.000,3200
000000000010000656,2000,5.000,711950.25,V,142390.05,0.00,1.000,3200
000000000010000657,3000,55.000,418688.05,V,7612.51,0.00,1.000,3200
000000000010000658,1000,57.000,248888.79,V,4366.47,0.00,1.000,3200
000000000010000659,3000,7.000,1716924.72,V,245274.96,0.00,1.000,3200
000000000010000659,2000,0.000,0.00,V,245274.96,0.00,1.000,3200
000000000010000660,3000,0.000,0.00,V,152297.18,0.00,1.000,3200
000000000010000661,4000,131.000,2963657.54,V,22623.34,0.00,1.000,3200
000000000010000662,1000,0.000,0.00,V,132179.66,0.00,1.000,3200
000000000030000147,3000,4.000,2559408.88,V,639852.22,0.00,1.000,3200
000000000030000148,2000,0.000,0.00,V,767281.16,0.00,1.000,3200
000000000010000663,2000,207.000,2690240.31,V,12996.33,0.00,1.000,3200
000000000010000664,3000,143.000,561083.38,V,3923.66,0.00,1.000,3200
000000000080000153,4000,23.000,6974972.64,V,303259.68,0.00,1.000,3200
000000000010000665,3000,2.000,287732.62,V,143866.31,0.00,1.000,3200
000000000010000666,1000,1.000,177170.69,V,177170.69,0.00,1.000,3200
000000000030000149,2000,3.000,2375190.99,V,791730.33,0.00,1.000,3200
000000000010000667,1000,44.000,1069438.48,V,24305.42,0.00,1.000,3200
000000000010000667,3000,370.000,8993005.40,V,24305.42,0.00,1.000,3200
000000000010000668,1000,0.000,0.00,V,138681.90,0.00,1.000,3200
000000000080000154,4000,2.000,519926.90,V,259963.45,0.00,1.000,3200
000000000030000150,2000,5.000,171084.30,V,34216.86,0.00,1.000,3200
000000000010000669,3000,0.000,0.00,V,92312.17,0.00,1.000,3200
000000000010000670,2000,3.000,448152.24,V,149384.08,0.00,1.000,3200
000000000030000151,3000,3.000,14850.99,V,4950.33,0.00,1.000,3200
000000000030000151,4000,0.000,0.00,V,4950.33,0.00,1.000,3200
000000000080000155,4000,1.000,165893.86,V,165893.86,0.00,1.000,3200
000000000080000156,2000,6.000,1463442.54,V,243907.09,0.00,1.000,3200
000000000080000156,4000,8.000,1951256.72,V,243907.09,0.00,1.000,3200
000000000010000671,2000,0.000,0.00,V,88495.39,0.00,1.000,3200
000000000010000672,3000,10.000,1665068.70,V,166506.87,0.00,1.000,3200
000000000010000673,4000,14.000,1233356.32,V,88096.88,0.00,1.000,3200
000000000010000674,4000,190.000,165896.60,V,873.14,0.00,1.000,3200
000000000010000675,1000,3.000,173379.54,V,57793.18,0.00,1.000,3200
000000000010000675,4000,1.000,57793.18,V,57793.18,0.00,1.000,3200
000000000010000676,2000,3.000,472140.57,V,157380.19,0.00,1.000,3200
000000000080000157,4000,12.000,5043127.80,V,420260.65,0.00,1.000,3200
000000000030000152,3000,6.000,540850.32,V,90141.72,0.00,1.000,3200
000000000030000152,2000,0.000,0.00,V,90141.72,0.00,1.000,3200
000000000080000158,2000,4.000,1600815.96,V,400203.99,0.00,1.000,3200
000000000080000158,1000,8.000,3201631.92,V,400203.99,0.00,1.000,3200
000000000090000038,4000,12.000,1375803.72,V,114650.31,0.00,1.000,3200
000000000090000038,3000,18.000,2063705.58,V,114650.31,0.00,1.000,3200
000000000030000153,4000,7.000,529669.63,V,75667.09,0.00,1.000,3200
000000000010000677,1000,6.000,858996.42,V,143166.07,0.00,1.000,3200
000000000010000678,1000,2.000,329780.52,V,164890.26,0.00,1.000,3200
000000000010000679,1000,0.000,0.00,V,83165.96,0.00,1.000,3200
000000000090000039,1000,31.000,3607452.95,V,116369.45,0.00,1.000,3200
000000000080000159,2000,14.000,5507162.08,V,393368.72,0.00,1.000,3200
000000000080000159,3000,3.000,1180106.16,V,393368.72,0.00,1.000,3200
000000000010000680,3000,10.000,7193402.60,V,719340.26,0.00,1.000,3200
000000000010000681,4000,33.000,242121.33,V,7337.01,0.00,1.000,3200
000000000010000681,2000,87.000,638319.87,V,7337.01,0.00,1.000,3200
000000000080000160,2000,11.000,3076841.57,V,279712.87,0.00,1.000,3200
000000000030000154,2000,8.000,897968.00,V,112246.00,0.00,1.000,3200
000000000010000682,1000,3.000,1290507.36,V,430169.12,0.00,1.000,3200
000000000010000683,2000,63.000,309844.08,V,4918.16,0.00,1.000,3200
000000000010000683,3000,134.000,659033.44,V,4918.16,0.00,1.000,3200
000000000080000161,1000,4.000,128325.08,V,32081.27,0.00,1.000,3200
000000000030000155,2000,9.000,838461.42,V,93162.38,0.00,1.000,3200
000000000030000155,4000,1.000,93162.38,V,93162.38,0.00,1.000,3200
000000000010000684,2000,5.000,448674.70,V,89734.94,0.00,1.000,3200
000000000080000162,2000,1.000,287270.08,V,287270.08,0.00,1.000,3200
000000000010000685,3000,10.000,1329149.50,V,132914.95,0.00,1.000,3200
000000000030000156,3000,0.000,0.00,V,157978.04,0.00,1.000,3200
000000000010000686,2000,9.000,166013.28,V,18445.92,0.00,1.000,3200
000000000090000040,2000,18.000,1553339.16,V,86296.62,0.00,1.000,3200
000000000010000687,4000,2.000,355540.54,V,177770.27,0.00,1.000,3200
000000000080000163,2000,5.000,1615660.65,V,323132.13,0.00,1.000,3200
000000000010000688,2000,3.000,272311.80,V,90770.60,0.00,1.000,3200
000000000080000164,4000,20.000,6439713.60,V,321985.68,0.00,1.000,3200
000000000080000164,3000,1.000,321985.68,V,321985.68,0.00,1.000,3200
000000000080000165,3000,17.000,3588597.49,V,211093.97,0.00,1.000,3200
000000000030000157,1000,0.000,0.00,V,31265.39,0.00,1.000,3200
000000000080000166,1000,7.000,1646211.77,V,235173.11,0.00,1.000,3200
000000000090000041,1000,37.000,3809316.87,V,102954.51,0.00,1.000,3200
000000000090000041,2000,31.000,3191589.81,V,102954.51,0.00,1.000,3200
000000000080000167,2000,13.000,5255576.17,V,404275.09,0.00,1.000,3200
000000000010000689,1000,25.000,1508856.00,V,60354.24,0.00,1.000,3200
000000000010000690,3000,0.000,0.00,V,162893.13,0.00,1.000,3200
000000000010000691,3000,35.000,679514.85,V,19414.71,0.00,1.000,3200
000000000010000692,3000,0.000,0.00,V,103911.76,0.00,1.000,3200
000000000010000693,1000,41.000,3540457.42,V,86352.62,0.00,1.000,3200
000000000010000694,1000,0.000,0.00,V,2250.77,0.00,1.000,3200
000000000010000694,4000,115.000,258838.55,V,2250.77,0.00,1.000,3200
000000000010000695,2000,12.000,1325155.92,V,110429.66,0.00,1.000,3200
000000000010000695,1000,0.000,0.00,V,110429.66,0.00,1.000,3200
000000000030000158,3000,1.000,146631.76,V,146631.76,0.00,1.000,3200
000000000030000158,4000,0.000,0.00,V,146631.76,0.00,1.000,3200
000000000010000696,1000,7.000,893677.54,V,127668.22,0.00,1.000,3200
000000000010000697,2000,0.000,0.00,V,21775.10,0.00,1.000,3200
000000000010000698,2000,0.000,0.00,V,104884.64,0.00,1.000,3200
000000000010000699,2000,11.000,402760.49,V,36614.59,0.00,1.000,3200
000000000010000700,3000,1.000,148545.59,V,148545.59,0.00,1.000,3200
000000000010000701,2000,0.000,0.00,V,24890.25,0.00,1.000,3200
000000000010000701,1000,0.000,0.00,V,24890.25,0.00,1.000,3200
000000000010000702,1000,0.000,0.00,V,142563.67,0.00,1.000,3200
000000000010000702,3000,0.000,0.00,V,142563.67,0.00,1.000,3200
000000000010000703,4000,6.000,667581.42,V,111263.57,0.00,1.000,3200
000000000010000703,3000,1.000,111263.57,V,111263.57,0.00,1.000,3200
000000000010000704,1000,76.000,74320.40,V,977.90,0.00,1.000,3200
000000000080000168,2000,14.000,884856.84,V,63204.06,0.00,1.000,3200
000000000010000705,1000,0.000,0.00,V,120901.53,0.00,1.000,3200
000000000010000705,3000,0.000,0.00,V,120901.53,0.00,1.000,3200
000000000010000706,2000,2.000,345302.40,V,172651.20,0.00,1.000,3200
000000000010000706,1000,12.000,2071814.40,V,172651.20,0.00,1.000,3200
000000000030000159,3000,6.000,373287.06,V,62214.51,0.00,1.000,3200
000000000030000159,1000,0.000,0.00,V,62214.51,0.00,1.000,3200
000000000010000707,4000,11.000,8220845.60,V,747349.60,0.00,1.000,3200
000000000010000708,1000,5.000,3223237.85,V,644647.57,0.00,1.000,3200
000000000010000709,3000,251.000,4838193.17,V,19275.67,0.00,1.000,3200
000000000010000709,4000,74.000,1426399.58,V,19275.67,0.00,1.000,3200
000000000010000710,4000,121.000,1100182.82,V,9092.42,0.00,1.000,3200
000000000010000711,1000,60.000,781530.00,V,13025.50,0.00,1.000,3200
000000000030000160,4000,6.000,985165.38,V,164194.23,0.00,1.000,3200
000000000010000712,4000,185.000,4169789.00,V,22539.40,0.00,1.000,3200
000000000010000713,1000,0.000,0.00,V,45670.08,0.00,1.000,3200
000000000010000714,4000,31.000,241578.97,V,7792.87,0.00,1.000,3200
000000000010000715,1000,11.000,84141.20,V,7649.20,0.00,1.000,3200
000000000010000716,2000,1.000,134563.59,V,134563.59,0.00,1.000,3200
000000000010000716,1000,1.000,134563.59,V,134563.59,0.00,1.000,3200
000000000010000717,1000,0.000,0.00,V,123398.38,0.00,1.000,3200
000000000010000718,3000,5.000,273537.80,V,54707.56,0.00,1.000,3200
000000000080000169,1000,2.000,478031.82,V,239015.91,0.00,1.000,3200
000000000010000719,1000,4.000,69336.32,V,17334.08,0.00,1.000,3200
000000000010000720,2000,5.000,403010.95,V,80602.19,0.00,1.000,3200
000000000010000720,4000,0.000,0.00,V,80602.19,0.00,1.000,3200
000000000010000721,2000,38.000,524470.30,V,13801.85,0.00,1.000,3200
000000000010000722,2000,0.000,0.00,V,169065.71,0.00,1.000,3200
000000000010000723,1000,0.000,0.00,V,175090.08,0.00,1.000,3200
000000000030000161,2000,7.000,687649.55,V,98235.65,0.00,1.000,3200
000000000010000724,1000,53.000,538185.85,V,10154.45,0.00,1.000,3200
000000000010000724,4000,132.000,1340387.40,V,10154.45,0.00,1.000,3200
000000000030000162,1000,4.000,563395.44,V,140848.86,0.00,1.000,3200
000000000030000162,3000,1.000,140848.86,V,140848.86,0.00,1.000,3200
000000000090000042,3000,10.000,1065792.40,V,106579.24,0.00,1.000,3200
000000000030000163,2000,0.000,0.00,V,51223.68,0.00,1.000,3200
000000000010000725,4000,44.000,902426.36,V,20509.69,0.00,1.000,3200
000000000010000726,3000,70.000,18264950.90,V,260927.87,0.00,1.000,3200
000000000030000164,1000,1.000,27309.36,V,27309.36,0.00,1.000,3200
000000000010000727,1000,27.000,1942192.35,V,71933.05,0.00,1.000,3200
000000000010000727,4000,6.000,431598.30,V,71933.05,0.00,1.000,3200
000000000090000043,1000,18.000,1059388.56,V,58854.92,0.00,1.000,3200
000000000010000728,4000,0.000,0.00,V,79937.24,0.00,1.000,3200
000000000080000170,2000,16.000,1715994.88,V,107249.68,0.00,1.000,3200
000000000080000170,4000,8.000,857997.44,V,107249.68,0.00,1.000,3200
000000000010000729,2000,0.000,0.00,V,52790.75,0.00,1.000,3200
000000000080000171,3000,2.000,679114.72,V,339557.36,0.00,1.000,3200
000000000030000165,3000,6.000,2569754.22,V,428292.37,0.00,1.000,3200
000000000010000730,1000,0.000,0.00,V,31953.72,0.00,1.000,3200
000000000010000731,2000,43.000,410362.33,V,9543.31,0.00,1.000,3200
000000000010000731,4000,79.000,753921.49,V,9543.31,0.00,1.000,3200
000000000010000732,2000,2.000,217344.14,V,108672.07,0.00,1.000,3200
000000000010000733,1000,99.000,2315938.68,V,23393.32,0.00,1.000,3200
000000000010000734,2000,13.000,2259397.01,V,173799.77,0.00,1.000,3200
000000000010000735,2000,6.000,2201803.62,V,366967.27,0.00,1.000,3200
000000000010000736,2000,82.000,12294546.18,V,149933.49,0.00,1.000,3200
000000000010000736,4000,105.000,15743016.45,V,149933.49,0.00,1.000,3200
000000000010000737,3000,39.000,64705.29,V,1659.11,0.00,1.000,3200
000000000080000172,2000,3.000,603546.99,V,201182.33,0.00,1.000,3200
000000000080000172,3000,8.000,1609458.64,V,201182.33,0.00,1.000,3200
000000000080000173,1000,8.000,1443953.52,V,180494.19,0.00,1.000,3200
000000000090000044,2000,15.000,1987152.75,V,132476.85,0.00,1.000,3200
000000000030000166,2000,1.000,154382.23,V,154382.23,0.00,1.000,3200
000000000010000738,4000,3.000,305170.02,V,101723.34,0.00,1.000,3200
000000000010000739,3000,6.000,4244194.68,V,707365.78,0.00,1.000,3200
000000000010000739,4000,9.000,6366292.02,V,707365.78,0.00,1.000,3200
000000000010000740,4000,40.000,20062293.60,V,501557.34,0.00,1.000,3200
000000000010000740,2000,57.000,28588768.38,V,501557.34,0.00,1.000,3200
000000000010000741,1000,0.000,0.00,V,114326.53,0.00,1.000,3200
000000000010000741,3000,0.000,0.00,V,114326.53,0.00,1.000,3200
000000000080000174,1000,9.000,2273215.59,V,252579.51,0.00,1.000,3200
000000000080000174,2000,2.000,505159.02,V,252579.51,0.00,1.000,3200
000000000010000742,1000,27.000,20402700.12,V,755655.56,0.00,1.000,3200
000000000010000743,3000,35.000,828553.60,V,23672.96,0.00,1.000,3200
000000000010000744,2000,6.000,453414.66,V,75569.11,0.00,1.000,3200
000000000030000167,1000,0.000,0.00,V,45264.59,0.00,1.000,3200
000000000010000745,2000,6.000,564900.60,V,94150.10,0.00,1.000,3200
000000000010000746,3000,233.000,127086091.71,V,545433.87,0.00,1.000,3200
000000000010000747,3000,20.000,3384681.20,V,169234.06,0.00,1.000,3200
000000000010000747,4000,18.000,3046213.08,V,169234.06,0.00,1.000,3200
000000000010000748,1000,8.000,152617.12,V,19077.14,0.00,1.000,3200
000000000030000168,2000,0.000,0.00,V,15486.30,0.00,1.000,3200
000000000030000169,4000,8.000,655371.44,V,81921.43,0.00,1.000,3200
000000000030000169,1000,2.000,163842.86,V,81921.43,0.00,1.000,3200
000000000010000749,3000,8.000,379086.80,V,47385.85,0.00,1.000,3200
000000000030000170,3000,2.000,1470594.92,V,735297.46,0.00,1.000,3200
000000000080000175,4000,4.000,679261.04,V,169815.26,0.00,1.000,3200
000000000010000750,3000,5.000,285243.65,V,57048.73,0.00,1.000,3200
000000000080000176,3000,17.000,6524683.30,V,383804.90,0.00,1.000,3200
000000000080000176,2000,22.000,8443707.80,V,383804.90,0.00,1.000,3200
000000000010000751,2000,0.000,0.00,V,45847.61,0.00,1.000,3200
000000000010000752,4000,0.000,0.00,V,169968.72,0.00,1.000,3200
000000000010000753,4000,55.000,1102787.40,V,20050.68,0.00,1.000,3200
000000000010000753,1000,45.000,902280.60,V,20050.68,0.00,1.000,3200
000000000010000754,2000,0.000,0.00,V,36626.23,0.00,1.000,3200
000000000030000171,2000,0.000,0.00,V,110280.20,0.00,1.000,3200
000000000030000171,4000,3.000,330840.60,V,110280.20,0.00,1.000,3200
000000000010000755,3000,0.000,0.00,V,92110.03,0.00,1.000,3200
000000000010000756,3000,5.000,2314048.40,V,462809.68,0.00,1.000,3200
000000000010000757,4000,0.000,0.00,V,9887.64,0.00,1.000,3200
000000000080000177,3000,24.000,7863891.60,V,327662.15,0.00,1.000,3200
000000000080000177,2000,5.000,1638310.75,V,327662.15,0.00,1.000,3200
000000000080000178,3000,12.000,4029722.52,V,335810.21,0.00,1.000,3200
000000000010000758,2000,10.000,810580.90,V,81058.09,0.00,1.000,3200
000000000010000759,3000,0.000,0.00,V,103913.09,0.00,1.000,3200
000000000030000172,1000,3.000,105227.04,V,35075.68,0.00,1.000,3200
000000000010000760,3000,10.000,5923743.20,V,592374.32,0.00,1.000,3200
000000000010000761,1000,20.000,2030066.00,V,101503.30,0.00,1.000,3200
000000000080000179,4000,2.000,546600.56,V,273300.28,0.00,1.000,3200
000000000080000179,3000,6.000,1639801.68,V,273300.28,0.00,1.000,3200
000000000010000762,4000,17.000,1005525.35,V,59148.55,0.00,1.000,3200
000000000080000180,3000,3.000,137568.96,V,45856.32,0.00,1.000,3200
000000000010000763,4000,14.000,845910.24,V,60422.16,0.00,1.000,3200
000000000010000763,1000,8.000,483377.28,V,60422.16,0.00,1.000,3200
000000000080000181,4000,7.000,2377272.94,V,339610.42,0.00,1.000,3200
000000000010000764,1000,3.000,374324.13,V,124774.71,0.00,1.000,3200
000000000010000764,3000,21.000,2620268.91,V,124774.71,0.00,1.000,3200
000000000010000765,3000,0.000,0.00,V,147253.42,0.00,1.000,3200
000000000010000766,2000,43.000,821489.20,V,19104.40,0.00,1.000,3200
000000000010000767,2000,0.000,0.00,V,307862.02,0.00,1.000,3200
000000000080000182,1000,8.000,1721292.48,V,215161.56,0.00,1.000,3200
000000000030000173,2000,0.000,0.00,V,102719.18,0.00,1.000,3200
000000000010000768,1000,0.000,0.00,V,45847.81,0.00,1.000,3200
000000000010000769,2000,7.000,653620.94,V,93374.42,0.00,1.000,3200
000000000010000770,4000,102.000,169979.94,V,1666.47,0.00,1.000,3200
000000000030000174,4000,0.000,0.00,V,37891.36,0.00,1.000,3200
000000000010000771,1000,0.000,0.00,V,154815.71,0.00,1.000,3200
000000000030000175,4000,10.000,1704883.30,V,170488.33,0.00,1.000,3200
000000000030000175,3000,2.000,340976.66,V,170488.33,0.00,1.000,3200
000000000010000772,1000,0.000,0.00,V,34236.67,0.00,1.000,3200
000000000010000773,3000,2.000,326958.82,V,163479.41,0.00,1.000,3200
000000000010000774,4000,3.000,157506.39,V,52502.13,0.00,1.000,3200
000000000010000775,4000,5.000,765119.20,V,153023.84,0.00,1.000,3200
000000000010000776,1000,0.000,0.00,V,174488.79,0.00,1.000,3200
000000000080000183,2000,4.000,702114.00,V,175528.50,0.00,1.000,3200
000000000010000777,4000,8.000,1770100.96,V,221262.62,0.00,1.000,3200
000000000080000184,4000,10.000,3171771.90,V,317177.19,0.00,1.000,3200
000000000010000778,1000,0.000,0.00,V,534018.33,0.00,1.000,3200
000000000010000779,4000,0.000,0.00,V,7494.11,0.00,1.000,3200
000000000090000045,2000,21.000,2711057.79,V,129097.99,0.00,1.000,3200
000000000010000780,1000,0.000,0.00,V,148641.90,0.00,1.000,3200
000000000010000781,2000,9.000,6070711.05,V,674523.45,0.00,1.000,3200
000000000010000782,2000,4.000,394970.48,V,98742.62,0.00,1.000,3200
000000000010000783,4000,2.000,269619.60,V,134809.80,0.00,1.000,3200
000000000030000176,4000,0.000,0.00,V,25121.46,0.00,1.000,3200
000000000010000784,1000,28.000,352884.84,V,12603.03,0.00,1.000,3200
000000000080000185,1000,6.000,2472025.20,V,412004.20,0.00,1.000,3200
000000000010000785,2000,2.000,25159.64,V,12579.82,0.00,1.000,3200
000000000010000786,2000,10.000,981873.30,V,98187.33,0.00,1.000,3200
000000000010000787,1000,11.000,8618555.77,V,783505.07,0.00,1.000,3200
000000000010000788,3000,281.000,1680621.66,V,5980.86,0.00,1.000,3200
000000000010000788,2000,0.000,0.00,V,5980.86,0.00,1.000,3200
000000000010000789,4000,0.000,0.00,V,28285.13,0.00,1.000,3200
000000000030000177,1000,0.000,0.00,V,492879.64,0.00,1.000,3200
000000000010000790,2000,1.000,42495.93,V,42495.93,0.00,1.000,3200
000000000010000791,4000,1.000,168802.52,V,168802.52,0.00,1.000,3200
000000000010000792,3000,2.000,25778.16,V,12889.08,0.00,1.000,3200
000000000010000793,2000,0.000,0.00,V,104609.05,0.00,1.000,3200
000000000030000178,4000,1.000,123413.11,V,123413.11,0.00,1.000,3200
000000000030000178,3000,1.000,123413.11,V,123413.11,0.00,1.000,3200
000000000010000794,1000,6.000,3108243.60,V,518040.60,0.00,1.000,3200
000000000010000795,4000,13.000,1767773.80,V,135982.60,0.00,1.000,3200
000000000010000795,3000,8.000,1087860.80,V,135982.60,0.00,1.000,3200
000000000090000046,2000,20.000,797174.80,V,39858.74,0.00,1.000,3200
000000000010000796,3000,102.000,10166081.94,V,99667.47,0.00,1.000,3200
000000000010000797,1000,0.000,0.00,V,71112.34,0.00,1.000,3200
000000000010000797,3000,0.000,0.00,V,71112.34,0.00,1.000,3200
000000000010000798,1000,90.000,1992216.60,V,22135.74,0.00,1.000,3200
000000000030000179,1000,1.000,60099.74,V,60099.74,0.00,1.000,3200
000000000030000180,3000,10.000,1579473.60,V,157947.36,0.00,1.000,3200
000000000030000181,4000,3.000,483951.60,V,161317.20,0.00,1.000,3200
000000000030000182,3000,3.000,74984.22,V,24994.74,0.00,1.000,3200
000000000010000799,4000,1.000,15367.30,V,15367.30,0.00,1.000,3200
000000000010000799,3000,1.000,15367.30,V,15367.30,0.00,1.000,3200
000000000010000800,4000,5.000,895234.25,V,179046.85,0.00,1.000,3200
000000000010000801,4000,0.000,0.00,V,42002.52,0.00,1.000,3200
000000000010000802,2000,29.000,478422.57,V,16497.33,0.00,1.000,3200
000000000010000803,2000,7.000,5086362.75,V,726623.25,0.00,1.000,3200
000000000010000803,4000,3.000,2179869.75,V,726623.25,0.00,1.000,3200
000000000010000804,2000,0.000,0.00,V,371298.03,0.00,1.000,3200
000000000010000805,1000,2.000,51802.28,V,25901.14,0.00,1.000,3200
000000000010000805,4000,2.000,51802.28,V,25901.14,0.00,1.000,3200
000000000010000806,4000,8.000,1267405.20,V,158425.65,0.00,1.000,3200
000000000010000807,2000,2.000,290395.42,V,145197.71,0.00,1.000,3200
000000000010000808,2000,34.000,355004.20,V,10441.30,0.00,1.000,3200
000000000010000808,4000,45.000,469858.50,V,10441.30,0.00,1.000,3200
000000000010000809,2000,11.000,957743.71,V,87067.61,0.00,1.000,3200
000000000010000809,4000,18.000,1567216.98,V,87067.61,0.00,1.000,3200
000000000080000186,3000,4.000,1720503.68,V,430125.92,0.00,1.000,3200
000000000010000810,4000,88.000,1254334.40,V,14253.80,0.00,1.000,3200
000000000010000811,1000,0.000,0.00,V,43784.11,0.00,1.000,3200
000000000030000183,1000,2.000,228173.86,V,114086.93,0.00,1.000,3200
000000000010000812,1000,138.000,2540956.74,V,18412.73,0.00,1.000,3200
000000000030000184,2000,4.000,262570.08,V,65642.52,0.00,1.000,3200
000000000010000813,1000,77.000,59135991.53,V,767999.89,0.00,1.000,3200
000000000010000814,2000,3.000,183548.85,V,61182.95,0.00,1.000,3200
000000000030000185,3000,0.000,0.00,V,81034.72,0.00,1.000,3200
000000000010000815,2000,146.000,2023097.18,V,13856.83,0.00,1.000,3200
000000000080000187,3000,4.000,527153.12,V,131788.28,0.00,1.000,3200
000000000010000816,4000,1.000,72280.59,V,72280.59,0.00,1.000,3200
000000000010000817,4000,18.000,2378369.16,V,132131.62,0.00,1.000,3200
000000000010000817,1000,6.000,792789.72,V,132131.62,0.00,1.000,3200
000000000080000188,4000,16.000,383672.48,V,23979.53,0.00,1.000,3200
000000000030000186,2000,3.000,42801.42,V,14267.14,0.00,1.000,3200
000000000010000818,2000,0.000,0.00,V,54708.53,0.00,1.000,3200
000000000010000819,3000,8.000,223505.84,V,27938.23,0.00,1.000,3200
000000000010000820,1000,1.000,39533.68,V,39533.68,0.00,1.000,3200
000000000010000820,4000,1.000,39533.68,V,39533.68,0.00,1.000,3200
000000000010000821,2000,59.000,1302001.97,V,22067.83,0.00,1.000,3200
000000000010000821,3000,61.000,1346137.63,V,22067.83,0.00,1.000,3200
000000000010000822,3000,1.000,71625.56,V,71625.56,0.00,1.000,3200
000000000010000823,2000,7.000,1085435.40,V,155062.20,0.00,1.000,3200
000000000030000187,3000,1.000,108783.40,V,108783.40,0.00,1.000,3200
000000000030000187,1000,3.000,326350.20,V,108783.40,0.00,1.000,3200
000000000080000189,1000,1.000,106722.41,V,106722.41,0.00,1.000,3200
000000000080000189,2000,2.000,213444.82,V,106722.41,0.00,1.000,3200
000000000010000824,1000,16.000,2803968.32,V,175248.02,0.00,1.000,3200
000000000010000824,4000,6.000,1051488.12,V,175248.02,0.00,1.000,3200
000000000010000825,1000,0.000,0.00,V,134294.44,0.00,1.000,3200
000000000010000825,4000,0.000,0.00,V,134294.44,0.00,1.000,3200
000000000010000826,4000,5.000,972670.45,V,194534.09,0.00,1.000,3200
000000000010000826,1000,45.000,8754034.05,V,194534.09,0.00,1.000,3200
000000000030000188,3000,4.000,469975.52,V,117493.88,0.00,1.000,3200
000000000010000827,2000,11.000,1045698.61,V,95063.51,0.00,1.000,3200
000000000080000190,4000,2.000,315385.58,V,157692.79,0.00,1.000,3200
000000000010000828,3000,16.000,12770774.72,V,798173.42,0.00,1.000,3200
000000000010000829,1000,13.000,1560732.42,V,120056.34,0.00,1.000,3200
000000000010000830,2000,0.000,0.00,V,131566.28,0.00,1.000,3200
000000000080000191,4000,11.000,328720.70,V,29883.70,0.00,1.000,3200
000000000030000189,2000,2.000,937067.10,V,468533.55,0.00,1.000,3200
000000000030000189,3000,2.000,937067.10,V,468533.55,0.00,1.000,3200
000000000010000831,3000,6.000,688515.42,V,114752.57,0.00,1.000,3200
000000000010000831,1000,1.000,114752.57,V,114752.57,0.00,1.000,3200
000000000010000832,3000,0.000,0.00,V,164840.79,0.00,1.000,3200
000000000010000832,4000,2.000,329681.58,V,164840.79,0.00,1.000,3200
000000000090000047,1000,25.000,1663924.50,V,66556.98,0.00,1.000,3200
000000000010000833,3000,120.000,951679.20,V,7930.66,0.00,1.000,3200
000000000010000834,4000,1.000,141808.33,V,141808.33,0.00,1.000,3200
000000000090000048,1000,31.000,950252.92,V,30653.32,0.00,1.000,3200
000000000030000190,1000,0.000,0.00,V,468842.59,0.00,1.000,3200
000000000010000835,2000,0.000,0.00,V,126143.15,0.00,1.000,3200
000000000010000836,3000,11.000,911933.99,V,82903.09,0.00,1.000,3200
000000000030000191,2000,0.000,0.00,V,33107.25,0.00,1.000,3200
000000000030000192,4000,0.000,0.00,V,323409.48,0.00,1.000,3200
000000000030000192,1000,2.000,646818.96,V,323409.48,0.00,1.000,3200
000000000010000837,1000,4.000,223265.56,V,55816.39,0.00,1.000,3200
000000000010000837,2000,10.000,558163.90,V,55816.39,0.00,1.000,3200
000000000010000838,2000,18.000,982320.84,V,54573.38,0.00,1.000,3200
000000000010000839,4000,1.000,97863.45,V,97863.45,0.00,1.000,3200
000000000010000839,1000,2.000,195726.90,V,97863.45,0.00,1.000,3200
000000000010000840,4000,3.000,434519.73,V,144839.91,0.00,1.000,3200
000000000010000841,3000,0.000,0.00,V,143817.71,0.00,1.000,3200
000000000010000841,4000,0.000,0.00,V,143817.71,0.00,1.000,3200
000000000010000842,1000,50.000,1038177.00,V,20763.54,0.00,1.000,3200
000000000010000842,3000,60.000,1245812.40,V,20763.54,0.00,1.000,3200
000000000080000192,1000,10.000,2801851.30,V,280185.13,0.00,1.000,3200
000000000030000193,1000,1.000,3789.48,V,3789.48,0.00,1.000,3200
000000000030000194,1000,0.000,0.00,V,160847.55,0.00,1.000,3200
000000000010000843,2000,7.000,929778.64,V,132825.52,0.00,1.000,3200
000000000010000843,4000,7.000,929778.64,V,132825.52,0.00,1.000,3200
000000000010000844,3000,4.000,336737.60,V,84184.40,0.00,1.000,3200
000000000080000193,1000,3.000,352236.66,V,117412.22,0.00,1.000,3200
000000000010000845,2000,0.000,0.00,V,138215.76,0.00,1.000,3200
000000000010000845,3000,6.000,829294.56,V,138215.76,0.00,1.000,3200
000000000030000195,3000,0.000,0.00,V,16103.96,0.00,1.000,3200
000000000010000846,2000,0.000,0.00,V,159296.89,0.00,1.000,3200
000000000010000846,1000,0.000,0.00,V,159296.89,0.00,1.000,3200
000000000010000847,3000,1.000,29931.65,V,29931.65,0.00,1.000,3200
000000000080000194,3000,6.000,2210835.36,V,368472.56,0.00,1.000,3200
000000000080000194,1000,9.000,3316253.04,V,368472.56,0.00,1.000,3200
000000000080000195,3000,7.000,2978965.01,V,425566.43,0.00,1.000,3200
000000000010000848,3000,1.000,114119.67,V,114119.67,0.00,1.000,3200
000000000010000849,1000,3.000,508925.91,V,169641.97,0.00,1.000,3200
000000000080000196,3000,13.000,2782522.47,V,214040.19,0.00,1.000,3200
000000000080000196,2000,6.000,1284241.14,V,214040.19,0.00,1.000,3200
000000000010000850,4000,1.000,710087.19,V,710087.19,0.00,1.000,3200
000000000010000850,2000,7.000,4970610.33,V,710087.19,0.00,1.000,3200
000000000080000197,1000,21.000,5261502.12,V,250547.72,0.00,1.000,3200
000000000010000851,3000,8.000,412590.24,V,51573.78,0.00,1.000,3200
000000000010000851,2000,20.000,1031475.60,V,51573.78,0.00,1.000,3200
000000000010000852,1000,0.000,0.00,V,58399.58,0.00,1.000,3200
000000000010000852,4000,0.000,0.00,V,58399.58,0.00,1.000,3200
000000000010000853,1000,11.000,869569.25,V,79051.75,0.00,1.000,3200
000000000010000854,4000,298.000,1651209.06,V,5540.97,0.00,1.000,3200
000000000010000854,1000,73.000,404490.81,V,5540.97,0.00,1.000,3200
000000000010000855,4000,4.000,341464.36,V,85366.09,0.00,1.000,3200
000000000010000856,1000,0.000,0.00,V,31134.53,0.00,1.000,3200
000000000090000049,2000,16.000,823170.56,V,51448.16,0.00,1.000,3200
000000000090000049,4000,25.000,1286204.00,V,51448.16,0.00,1.000,3200
000000000010000857,2000,0.000,0.00,V,149073.87,0.00,1.000,3200
000000000010000857,1000,1.000,149073.87,V,149073.87,0.00,1.000,3200
000000000010000858,1000,0.000,0.00,V,116411.27,0.00,1.000,3200
000000000010000858,4000,1.000,116411.27,V,116411.27,0.00,1.000,3200
000000000010000859,1000,4.000,302688.48,V,75672.12,0.00,1.000,3200
000000000010000859,2000,8.000,605376.96,V,75672.12,0.00,1.000,3200
000000000010000860,3000,0.000,0.00,V,52133.99,0.00,1.000,3200
000000000010000860,1000,0.000,0.00,V,52133.99,0.00,1.000,3200
000000000010000861,3000,6.000,1049261.52,V,174876.92,0.00,1.000,3200
000000000030000196,3000,6.000,469255.14,V,78209.19,0.00,1.000,3200
000000000010000862,4000,0.000,0.00,V,23890.59,0.00,1.000,3200
000000000010000863,4000,3.000,167780.70,V,55926.90,0.00,1.000,3200
000000000010000863,3000,1.000,55926.90,V,55926.90,0.00,1.000,3200
000000000010000864,4000,7.000,3126004.70,V,446572.10,0.00,1.000,3200
000000000010000864,3000,1.000,446572.10,V,446572.10,0.00,1.000,3200
000000000080000198,2000,5.000,1084592.45,V,216918.49,0.00,1.000,3200
000000000010000865,1000,23.000,405654.22,V,17637.14,0.00,1.000,3200
000000000010000865,4000,264.000,4656204.96,V,17637.14,0.00,1.000,3200
000000000080000199,2000,3.000,1215212.61,V,405070.87,0.00,1.000,3200
000000000010000866,2000,2.000,14138.50,V,7069.25,0.00,1.000,3200
000000000010000866,4000,1.000,7069.25,V,7069.25,0.00,1.000,3200
000000000010000867,4000,1.000,68727.68,V,68727.68,0.00,1.000,3200
000000000090000050,4000,29.000,1639976.10,V,56550.90,0.00,1.000,3200
000000000010000868,4000,0.000,0.00,V,688737.72,0.00,1.000,3200
000000000030000197,3000,2.000,185431.74,V,92715.87,0.00,1.000,3200
000000000030000197,4000,0.000,0.00,V,92715.87,0.00,1.000,3200
000000000010000869,1000,6.000,4323552.18,V,720592.03,0.00,1.000,3200
000000000080000200,1000,7.000,1862161.28,V,266023.04,0.00,1.000,3200
000000000010000870,3000,10.000,830163.30,V,83016.33,0.00,1.000,3200
000000000010000871,4000,2.000,166712.12,V,83356.06,0.00,1.000,3200
000000000030000198,2000,2.000,132878.14,V,66439.07,0.00,1.000,3200
000000000010000872,2000,0.000,0.00,V,21549.71,0.00,1.000,3200
000000000010000873,2000,19.000,12452841.11,V,655412.69,0.00,1.000,3200
000000000010000873,1000,6.000,3932476.14,V,655412.69,0.00,1.000,3200
000000000010000874,1000,0.000,0.00,V,364745.83,0.00,1.000,3200
000000000030000199,3000,3.000,227411.73,V,75803.91,0.00,1.000,3200
000000000010000875,2000,2.000,1424990.98,V,712495.49,0.00,1.000,3200
000000000030000200,1000,2.000,47288.56,V,23644.28,0.00,1.000,3200
000000000080000201,1000,8.000,1137563.12,V,142195.39,0.00,1.000,3200
000000000090000051,3000,10.000,1357972.60,V,135797.26,0.00,1.000,3200
000000000010000876,4000,0.000,0.00,V,30208.21,0.00,1.000,3200
000000000010000877,4000,15.000,5139121.05,V,342608.07,0.00,1.000,3200
000000000010000877,2000,8.000,2740864.56,V,342608.07,0.00,1.000,3200
000000000010000878,2000,2.000,178062.70,V,89031.35,0.00,1.000,3200
000000000090000052,4000,38.000,5414836.60,V,142495.70,0.00,1.000,3200
000000000090000052,1000,24.000,3419896.80,V,142495.70,0.00,1.000,3200
000000000010000879,2000,2.000,650181.16,V,325090.58,0.00,1.000,3200
000000000010000879,4000,1.000,325090.58,V,325090.58,0.00,1.000,3200
000000000010000880,3000,0.000,0.00,V,90541.08,0.00,1.000,3200
000000000010000880,1000,0.000,0.00,V,90541.08,0.00,1.000,3200
000000000030000201,2000,0.000,0.00,V,79217.82,0.00,1.000,3200
000000000010000881,2000,1.000,115620.06,V,115620.06,0.00,1.000,3200
000000000010000882,2000,22.000,70331.80,V,3196.90,0.00,1.000,3200
000000000080000202,2000,9.000,2610458.19,V,290050.91,0.00,1.000,3200
000000000010000883,3000,31.000,320626.18,V,10342.78,0.00,1.000,3200
000000000080000203,2000,6.000,1678800.00,V,279800.00,0.00,1.000,3200
000000000010000884,4000,5.000,95008.00,V,19001.60,0.00,1.000,3200
000000000010000885,2000,0.000,0.00,V,120363.08,0.00,1.000,3200
000000000010000886,4000,10.000,1680671.90,V,168067.19,0.00,1.000,3200
000000000080000204,4000,23.000,6473139.09,V,281440.83,0.00,1.000,3200
000000000010000887,3000,0.000,0.00,V,72079.71,0.00,1.000,3200
000000000010000887,2000,0.000,0.00,V,72079.71,0.00,1.000,3200
000000000010000888,2000,4.000,11639.08,V,2909.77,0.00,1.000,3200
000000000010000889,4000,14.000,1799478.24,V,128534.16,0.00,1.000,3200
000000000030000202,3000,3.000,169800.96,V,56600.32,0.00,1.000,3200
000000000010000890,2000,4.000,694012.76,V,173503.19,0.00,1.000,3200
000000000010000891,2000,3.000,358277.01,V,119425.67,0.00,1.000,3200
000000000010000892,3000,0.000,0.00,V,148252.48,0.00,1.000,3200
000000000010000892,1000,0.000,0.00,V,148252.48,0.00,1.000,3200
000000000030000203,1000,0.000,0.00,V,53858.38,0.00,1.000,3200
000000000010000893,4000,2.000,275049.60,V,137524.80,0.00,1.000,3200
000000000010000893,3000,6.000,825148.80,V,137524.80,0.00,1.000,3200
000000000010000894,4000,1.000,94880.76,V,94880.76,0.00,1.000,3200
000000000010000894,1000,2.000,189761.52,V,94880.76,0.00,1.000,3200
000000000010000895,2000,0.000,0.00,V,66263.86,0.00,1.000,3200
000000000010000895,4000,0.000,0.00,V,66263.86,0.00,1.000,3200
000000000080000205,1000,3.000,390089.52,V,130029.84,0.00,1.000,3200
000000000010000896,2000,0.000,0.00,V,161435.10,0.00,1.000,3200
000000000080000206,3000,16.000,5800549.12,V,362534.32,0.00,1.000,3200
000000000010000897,2000,19.000,7691946.70,V,404839.30,0.00,1.000,3200
000000000010000898,3000,1.000,93284.66,V,93284.66,0.00,1.000,3200
000000000030000204,3000,7.000,153446.93,V,21920.99,0.00,1.000,3200
000000000010000899,3000,0.000,0.00,V,336902.02,0.00,1.000,3200
000000000090000053,3000,16.000,332317.92,V,20769.87,0.00,1.000,3200
000000000090000053,2000,24.000,498476.88,V,20769.87,0.00,1.000,3200
000000000010000900,2000,17.000,2716431.02,V,159790.06,0.00,1.000,3200
000000000010000901,4000,8.000,303458.32,V,37932.29,0.00,1.000,3200
000000000030000205,2000,1.000,132317.21,V,132317.21,0.00,1.000,3200
000000000010000902,4000,0.000,0.00,V,80223.46,0.00,1.000,3200
000000000010000902,2000,0.000,0.00,V,80223.46,0.00,1.000,3200
000000000010000903,3000,0.000,0.00,V,112948.27,0.00,1.000,3200
000000000030000206,2000,6.000,528444.96,V,88074.16,0.00,1.000,3200
000000000030000206,3000,1.000,88074.16,V,88074.16,0.00,1.000,3200
000000000010000904,1000,0.000,0.00,V,46098.90,0.00,1.000,3200
000000000010000905,1000,13.000,9078198.87,V,698322.99,0.00,1.000,3200
000000000010000906,3000,0.000,0.00,V,114026.88,0.00,1.000,3200
000000000010000906,2000,0.000,0.00,V,114026.88,0.00,1.000,3200
000000000010000907,2000,110.000,47714378.80,V,433767.08,0.00,1.000,3200
000000000010000908,2000,0.000,0.00,V,179568.64,0.00,1.000,3200
000000000030000207,1000,4.000,49256.76,V,12314.19,0.00,1.000,3200
000000000080000207,2000,19.000,7202568.07,V,379082.53,0.00,1.000,3200
000000000010000909,3000,27.000,20380183.47,V,754821.61,0.00,1.000,3200
000000000010000910,3000,7.000,3960051.48,V,565721.64,0.00,1.000,3200
000000000010000910,2000,5.000,2828608.20,V,565721.64,0.00,1.000,3200
000000000010000911,1000,1.000,620855.97,V,620855.97,0.00,1.000,3200
000000000080000208,2000,3.000,64293.24,V,21431.08,0.00,1.000,3200
000000000080000209,2000,5.000,1610991.05,V,322198.21,0.00,1.000,3200
000000000080000209,3000,5.000,1610991.05,V,322198.21,0.00,1.000,3200
000000000010000912,2000,3.000,1072151.55,V,357383.85,0.00,1.000,3200
000000000030000208,1000,7.000,1106257.46,V,158036.78,0.00,1.000,3200
000000000010000913,3000,68.000,18716167.68,V,275237.76,0.00,1.000,3200
000000000010000914,3000,14.000,706166.86,V,50440.49,0.00,1.000,3200
000000000010000915,4000,319.000,86194865.46,V,270203.34,0.00,1.000,3200
000000000010000916,2000,5.000,3354916.25,V,670983.25,0.00,1.000,3200
000000000010000917,3000,0.000,0.00,V,87884.31,0.00,1.000,3200
000000000010000918,1000,0.000,0.00,V,11529.44,0.00,1.000,3200
000000000010000919,4000,4.000,89904.56,V,22476.14,0.00,1.000,3200
000000000010000920,3000,8.000,727428.80,V,90928.60,0.00,1.000,3200
000000000010000920,2000,10.000,909286.00,V,90928.60,0.00,1.000,3200
000000000030000209,2000,5.000,3901873.30,V,780374.66,0.00,1.000,3200
000000000030000210,1000,6.000,700736.64,V,116789.44,0.00,1.000,3200
000000000010000921,2000,3.000,159451.11,V,53150.37,0.00,1.000,3200
000000000010000922,1000,1.000,16212.52,V,16212.52,0.00,1.000,3200
000000000090000054,1000,7.000,509676.58,V,72810.94,0.00,1.000,3200
000000000030000211,3000,2.000,330711.82,V,165355.91,0.00,1.000,3200
000000000010000923,1000,8.000,973194.56,V,121649.32,0.00,1.000,3200
000000000010000924,2000,50.000,1042286.00,V,20845.72,0.00,1.000,3200
000000000010000925,2000,0.000,0.00,V,8892.74,0.00,1.000,3200
000000000010000926,4000,0.000,0.00,V,160882.47,0.00,1.000,3200
000000000010000927,4000,11.000,49782.48,V,4525.68,0.00,1.000,3200
000000000010000927,1000,33.000,149347.44,V,4525.68,0.00,1.000,3200
000000000010000928,1000,25.000,3507932.50,V,140317.30,0.00,1.000,3200
000000000010000929,1000,78.000,812024.46,V,10410.57,0.00,1.000,3200
000000000030000212,1000,3.000,233282.07,V,77760.69,0.00,1.000,3200
000000000090000055,2000,35.000,4044582.50,V,115559.50,0.00,1.000,3200
000000000010000930,1000,0.000,0.00,V,148747.25,0.00,1.000,3200
000000000030000213,4000,0.000,0.00,V,424566.45,0.00,1.000,3200
000000000010000931,2000,0.000,0.00,V,7675.69,0.00,1.000,3200
000000000010000932,3000,6.000,117231.30,V,19538.55,0.00,1.000,3200
000000000010000933,1000,0.000,0.00,V,58910.31,0.00,1.000,3200
000000000010000934,3000,8.000,1173058.48,V,146632.31,0.00,1.000,3200
000000000010000935,2000,0.000,0.00,V,45677.96,0.00,1.000,3200
000000000010000936,2000,12.000,1439874.48,V,119989.54,0.00,1.000,3200
000000000080000210,4000,8.000,2706449.28,V,338306.16,0.00,1.000,3200
000000000090000056,1000,11.000,1098016.81,V,99819.71,0.00,1.000,3200
000000000010000937,2000,7.000,454432.79,V,64918.97,0.00,1.000,3200
000000000090000057,4000,25.000,274411.00,V,10976.44,0.00,1.000,3200
000000000030000214,3000,3.000,2048702.79,V,682900.93,0.00,1.000,3200
000000000010000938,3000,4.000,702481.24,V,175620.31,0.00,1.000,3200
000000000010000938,2000,7.000,1229342.17,V,175620.31,0.00,1.000,3200
000000000010000939,1000,0.000,0.00,V,95823.91,0.00,1.000,3200
000000000030000215,1000,3.000,296982.00,V,98994.00,0.00,1.000,3200
000000000010000940,3000,11.000,1892160.49,V,172014.59,0.00,1.000,3200
000000000030000216,4000,3.000,513679.44,V,171226.48,0.00,1.000,3200
000000000080000211,1000,19.000,2008345.98,V,105702.42,0.00,1.000,3200
000000000030000217,4000,9.000,928725.39,V,103191.71,0.00,1.000,3200
000000000030000217,3000,0.000,0.00,V,103191.71,0.00,1.000,3200
000000000080000212,2000,16.000,5179736.80,V,323733.55,0.00,1.000,3200
000000000080000212,3000,27.000,8740805.85,V,323733.55,0.00,1.000,3200
000000000090000058,4000,5.000,460991.25,V,92198.25,0.00,1.000,3200
000000000010000941,1000,60.000,7562568.60,V,126042.81,0.00,1.000,3200
000000000010000941,3000,114.000,14368880.34,V,126042.81,0.00,1.000,3200
000000000010000942,3000,31.000,3842430.16,V,123949.36,0.00,1.000,3200
000000000010000942,4000,1.000,123949.36,V,123949.36,0.00,1.000,3200
000000000030000218,1000,0.000,0.00,V,80544.26,0.00,1.000,3200
000000000010000943,4000,7.000,1087373.00,V,155339.00,0.00,1.000,3200
000000000010000944,2000,3.000,294366.36,V,98122.12,0.00,1.000,3200
000000000010000945,2000,18.000,150219.00,V,8345.50,0.00,1.000,3200
000000000010000945,3000,26.000,216983.00,V,8345.50,0.00,1.000,3200
000000000010000946,4000,0.000,0.00,V,129566.53,0.00,1.000,3200
000000000010000946,3000,0.000,0.00,V,129566.53,0.00,1.000,3200
000000000030000219,1000,5.000,302368.25,V,60473.65,0.00,1.000,3200
000000000010000947,4000,6.000,466474.92,V,77745.82,0.00,1.000,3200
000000000010000948,4000,5.000,806141.80,V,161228.36,0.00,1.000,3200
000000000010000949,3000,13.000,258589.24,V,19891.48,0.00,1.000,3200
000000000030000220,2000,6.000,988191.66,V,164698.61,0.00,1.000,3200
000000000010000950,1000,0.000,0.00,V,144271.85,0.00,1.000,3200
000000000080000213,2000,4.000,1273628.72,V,318407.18,0.00,1.000,3200
000000000010000951,1000,2.000,99978.76,V,49989.38,0.00,1.000,3200
000000000010000952,4000,1.000,623992.96,V,623992.96,0.00,1.000,3200
000000000080000214,3000,4.000,649555.68,V,162388.92,0.00,1.000,3200
000000000080000214,1000,4.000,649555.68,V,162388.92,0.00,1.000,3200
000000000010000953,2000,3.000,170946.33,V,56982.11,0.00,1.000,3200
000000000010000954,3000,0.000,0.00,V,16842.69,0.00,1.000,3200
000000000010000955,1000,0.000,0.00,V,324198.34,0.00,1.000,3200
000000000010000955,4000,0.000,0.00,V,324198.34,0.00,1.000,3200
000000000010000956,1000,5.000,319166.80,V,63833.36,0.00,1.000,3200
000000000010000957,2000,5.000,829736.20,V,165947.24,0.00,1.000,3200
000000000010000957,1000,3.000,497841.72,V,165947.24,0.00,1.000,3200
000000000010000958,1000,17.000,2340539.94,V,137678.82,0.00,1.000,3200
000000000090000059,4000,17.000,2941968.32,V,173056.96,0.00,1.000,3200
000000000030000221,4000,0.000,0.00,V,169157.20,0.00,1.000,3200
000000000010000959,4000,111.000,49095427.65,V,442301.15,0.00,1.000,3200
000000000030000222,1000,0.000,0.00,V,94650.78,0.00,1.000,3200
000000000030000222,2000,2.000,189301.56,V,94650.78,0.00,1.000,3200
000000000010000960,1000,0.000,0.00,V,57914.15,0.00,1.000,3200
000000000010000961,1000,0.000,0.00,V,171506.04,0.00,1.000,3200
000000000010000961,4000,14.000,2401084.56,V,171506.04,0.00,1.000,3200
000000000010000962,2000,37.000,663730.05,V,17938.65,0.00,1.000,3200
000000000010000962,1000,91.000,1632417.15,V,17938.65,0.00,1.000,3200
000000000030000223,4000,3.000,340384.38,V,113461.46,0.00,1.000,3200
000000000030000223,3000,0.000,0.00,V,113461.46,0.00,1.000,3200
000000000030000224,2000,4.000,125743.96,V,31435.99,0.00,1.000,3200
000000000030000224,4000,4.000,125743.96,V,31435.99,0.00,1.000,3200
000000000010000963,4000,7.000,316795.01,V,45256.43,0.00,1.000,3200
000000000010000964,2000,6.000,86857.56,V,14476.26,0.00,1.000,3200
000000000010000965,4000,23.000,1539152.41,V,66919.67,0.00,1.000,3200
000000000010000966,2000,0.000,0.00,V,23055.40,0.00,1.000,3200
000000000030000225,1000,4.000,207563.96,V,51890.99,0.00,1.000,3200
000000000030000225,4000,4.000,207563.96,V,51890.99,0.00,1.000,3200
000000000010000967,1000,27.000,95847.84,V,3549.92,0.00,1.000,3200
000000000030000226,1000,4.000,38942.00,V,9735.50,0.00,1.000,3200
000000000010000968,2000,0.000,0.00,V,71914.23,0.00,1.000,3200
000000000010000968,4000,0.000,0.00,V,71914.23,0.00,1.000,3200
000000000080000215,4000,0.000,0.00,V,69833.28,0.00,1.000,3200
000000000030000227,3000,0.000,0.00,V,20114.16,0.00,1.000,3200
000000000010000969,1000,0.000,0.00,V,143216.33,0.00,1.000,3200
000000000010000970,1000,92.000,133878.40,V,1455.20,0.00,1.000,3200
000000000010000971,3000,16.000,195953.12,V,12247.07,0.00,1.000,3200
000000000010000972,4000,74.000,383275.60,V,5179.40,0.00,1.000,3200
000000000010000973,2000,2.000,69968.62,V,34984.31,0.00,1.000,3200
000000000030000228,2000,1.000,617956.62,V,617956.62,0.00,1.000,3200
000000000010000974,3000,8.000,304039.36,V,38004.92,0.00,1.000,3200
000000000010000975,2000,0.000,0.00,V,139249.16,0.00,1.000,3200
000000000030000229,3000,3.000,81792.54,V,27264.18,0.00,1.000,3200
000000000010000976,1000,9.000,1377798.39,V,153088.71,0.00,1.000,3200
000000000010000977,2000,0.000,0.00,V,65257.24,0.00,1.000,3200
000000000090000060,3000,23.000,3526752.61,V,153337.07,0.00,1.000,3200
000000000090000060,1000,32.000,4906786.24,V,153337.07,0.00,1.000,3200
000000000080000216,1000,9.000,2491653.24,V,276850.36,0.00,1.000,3200
000000000080000216,4000,6.000,1661102.16,V,276850.36,0.00,1.000,3200
000000000030000230,1000,4.000,1383512.52,V,345878.13,0.00,1.000,3200
000000000030000230,4000,1.000,345878.13,V,345878.13,0.00,1.000,3200
000000000030000231,1000,3.000,168356.22,V,56118.74,0.00,1.000,3200
000000000030000232,1000,2.000,301895.28,V,150947.64,0.00,1.000,3200
000000000010000978,4000,0.000,0.00,V,461520.25,0.00,1.000,3200
000000000080000217,2000,5.000,1103544.00,V,220708.80,0.00,1.000,3200
000000000010000979,2000,0.000,0.00,V,43049.20,0.00,1.000,3200
000000000010000980,4000,0.000,0.00,V,178022.82,0.00,1.000,3200
000000000010000981,3000,2.000,53252.32,V,26626.16,0.00,1.000,3200
000000000090000061,3000,12.000,22623.48,V,1885.29,0.00,1.000,3200
000000000030000233,1000,4.000,185299.88,V,46324.97,0.00,1.000,3200
000000000030000233,4000,7.000,324274.79,V,46324.97,0.00,1.000,3200
000000000090000062,4000,27.000,2372258.34,V,87861.42,0.00,1.000,3200
000000000010000982,2000,5.000,2441955.40,V,488391.08,0.00,1.000,3200
000000000030000234,1000,0.000,0.00,V,247763.14,0.00,1.000,3200
000000000030000235,4000,4.000,457777.92,V,114444.48,0.00,1.000,3200
000000000010000983,4000,20.000,1083228.00,V,54161.40,0.00,1.000,3200
000000000010000984,3000,0.000,0.00,V,33764.48,0.00,1.000,3200
000000000010000985,4000,106.000,175054.76,V,1651.46,0.00,1.000,3200
000000000080000218,3000,3.000,1317422.94,V,439140.98,0.00,1.000,3200
000000000080000218,1000,9.000,3952268.82,V,439140.98,0.00,1.000,3200
000000000030000236,2000,3.000,106165.02,V,35388.34,0.00,1.000,3200
000000000010000986,2000,0.000,0.00,V,127542.02,0.00,1.000,3200
000000000010000987,3000,0.000,0.00,V,158106.24,0.00,1.000,3200
000000000010000988,1000,2.000,926370.88,V,463185.44,0.00,1.000,3200
000000000010000989,1000,7.000,783359.99,V,111908.57,0.00,1.000,3200
000000000010000990,2000,17.000,1929199.61,V,113482.33,0.00,1.000,3200
000000000010000990,3000,0.000,0.00,V,113482.33,0.00,1.000,3200
000000000010000991,3000,145.000,99374.30,V,685.34,0.00,1.000,3200
000000000010000992,2000,2.000,122266.84,V,61133.42,0.00,1.000,3200
000000000010000992,3000,20.000,1222668.40,V,61133.42,0.00,1.000,3200
000000000030000237,2000,5.000,851600.65,V,170320.13,0.00,1.000,3200
000000000010000993,4000,5.000,68113.90,V,13622.78,0.00,1.000,3200
000000000010000994,1000,2.000,205702.56,V,102851.28,0.00,1.000,3200
000000000010000995,3000,0.000,0.00,V,90802.38,0.00,1.000,3200
000000000010000996,4000,1.000,46755.53,V,46755.53,0.00,1.000,3200
000000000010000997,1000,14.000,2136492.96,V,152606.64,0.00,1.000,3200
000000000010000997,2000,0.000,0.00,V,152606.64,0.00,1.000,3200
000000000010000998,2000,44.000,659310.52,V,14984.33,0.00,1.000,3200
000000000010000999,3000,0.000,0.00,V,206102.73,0.00,1.000,3200
000000000010001000,4000,34.000,166660.86,V,4901.79,0.00,1.000,3200
000000000010001001,1000,54.000,695152.80,V,12873.20,0.00,1.000,3200
000000000030000238,2000,0.000,0.00,V,271570.31,0.00,1.000,3200
000000000010001002,4000,0.000,0.00,V,99504.98,0.00,1.000,3200
000000000010001002,1000,0.000,0.00,V,99504.98,0.00,1.000,3200
000000000030000239,1000,1.000,142208.85,V,142208.85,0.00,1.000,3200
000000000010001003,1000,0.000,0.00,V,102193.17,0.00,1.000,3200
000000000010001004,4000,1.000,106641.22,V,106641.22,0.00,1.000,3200
000000000010001005,2000,11.000,41831.46,V,3802.86,0.00,1.000,3200
000000000030000240,3000,2.000,861597.06,V,430798.53,0.00,1.000,3200
000000000030000241,4000,2.000,133040.42,V,66520.21,0.00,1.000,3200
000000000010001006,3000,33.000,619347.30,V,18768.10,0.00,1.000,3200
000000000010001006,1000,82.000,1538984.20,V,18768.10,0.00,1.000,3200
000000000030000242,4000,2.000,467580.00,V,233790.00,0.00,1.000,3200
000000000030000243,1000,0.000,0.00,V,152577.92,0.00,1.000,3200
000000000010001007,1000,0.000,0.00,V,76588.68,0.00,1.000,3200
000000000010001008,1000,70.000,1416667.00,V,20238.10,0.00,1.000,3200
000000000010001009,1000,129.000,1609327.89,V,12475.41,0.00,1.000,3200
000000000080000219,2000,0.000,0.00,V,385813.97,0.00,1.000,3200
000000000090000063,2000,40.000,2644886.40,V,66122.16,0.00,1.000,3200
000000000010001010,4000,298.000,2806543.14,V,9417.93,0.00,1.000,3200
000000000080000220,2000,7.000,1695412.39,V,242201.77,0.00,1.000,3200
000000000010001011,1000,0.000,0.00,V,80116.36,0.00,1.000,3200
000000000010001011,4000,0.000,0.00,V,80116.36,0.00,1.000,3200
000000000080000221,2000,3.000,133606.98,V,44535.66,0.00,1.000,3200
000000000010001012,1000,5.000,3906105.30,V,781221.06,0.00,1.000,3200
000000000010001013,1000,0.000,0.00,V,56154.13,0.00,1.000,3200
000000000010001014,2000,7.000,499292.50,V,71327.50,0.00,1.000,3200
000000000010001014,3000,10.000,713275.00,V,71327.50,0.00,1.000,3200
000000000010001015,2000,13.000,1742173.94,V,134013.38,0.00,1.000,3200
000000000010001016,4000,1.000,124258.43,V,124258.43,0.00,1.000,3200
000000000010001017,1000,12.000,8821460.88,V,735121.74,0.00,1.000,3200
000000000010001018,3000,2.000,192961.50,V,96480.75,0.00,1.000,3200
000000000010001019,2000,0.000,0.00,V,26287.47,0.00,1.000,3200
000000000010001020,4000,0.000,0.00,V,51844.69,0.00,1.000,3200
000000000010001021,4000,10.000,2262485.30,V,226248.53,0.00,1.000,3200
000000000010001022,2000,3.000,365154.84,V,121718.28,0.00,1.000,3200
000000000010001023,3000,12.000,970953.60,V,80912.80,0.00,1.000,3200
000000000010001023,4000,4.000,323651.20,V,80912.80,0.00,1.000,3200
000000000010001024,3000,0.000,0.00,V,13444.59,0.00,1.000,3200
000000000010001025,1000,25.000,586356.50,V,23454.26,0.00,1.000,3200
000000000010001026,1000,0.000,0.00,V,107579.87,0.00,1.000,3200
000000000010001026,4000,0.000,0.00,V,107579.87,0.00,1.000,3200
000000000010001027,4000,0.000,0.00,V,114385.40,0.00,1.000,3200
000000000010001028,1000,13.000,610218.31,V,46939.87,0.00,1.000,3200
000000000080000222,1000,6.000,2022717.54,V,337119.59,0.00,1.000,3200
000000000080000222,3000,0.000,0.00,V,337119.59,0.00,1.000,3200
000000000010001029,3000,0.000,0.00,V,13075.47,0.00,1.000,3200
000000000030000244,4000,0.000,0.00,V,117716.11,0.00,1.000,3200
000000000090000064,1000,6.000,244396.08,V,40732.68,0.00,1.000,3200
000000000010001030,4000,0.000,0.00,V,165907.82,0.00,1.000,3200
000000000010001031,1000,9.000,6666975.81,V,740775.09,0.00,1.000,3200
000000000010001031,2000,18.000,13333951.62,V,740775.09,0.00,1.000,3200
000000000030000245,1000,11.000,583288.86,V,53026.26,0.00,1.000,3200
000000000010001032,1000,0.000,0.00,V,103383.21,0.00,1.000,3200
000000000010001033,1000,13.000,4852287.57,V,373252.89,0.00,1.000,3200
000000000010001033,2000,72.000,26874208.08,V,373252.89,0.00,1.000,3200
000000000010001034,4000,7.000,30744.70,V,4392.10,0.00,1.000,3200
000000000010001035,1000,7.000,1045734.34,V,149390.62,0.00,1.000,3200
000000000010001036,4000,6.000,725071.50,V,120845.25,0.00,1.000,3200
000000000080000223,1000,1.000,415061.42,V,415061.42,0.00,1.000,3200
000000000080000224,1000,14.000,652736.70,V,46624.05,0.00,1.000,3200
000000000010001037,1000,40.000,17554736.00,V,438868.40,0.00,1.000,3200
000000000010001038,1000,7.000,2265474.12,V,323639.16,0.00,1.000,3200
000000000080000225,1000,0.000,0.00,V,60972.68,0.00,1.000,3200
000000000090000065,4000,20.000,1402024.60,V,70101.23,0.00,1.000,3200
000000000090000065,3000,33.000,2313340.59,V,70101.23,0.00,1.000,3200
000000000030000246,4000,1.000,145901.47,V,145901.47,0.00,1.000,3200
000000000030000247,4000,7.000,191712.92,V,27387.56,0.00,1.000,3200
000000000010001039,3000,63.000,1448354.88,V,22989.76,0.00,1.000,3200
000000000010001040,1000,9.000,4610239.02,V,512248.78,0.00,1.000,3200
000000000030000248,4000,0.000,0.00,V,155369.28,0.00,1.000,3200
000000000030000248,2000,0.000,0.00,V,155369.28,0.00,1.000,3200
000000000080000226,4000,14.000,4876292.40,V,348306.60,0.00,1.000,3200
000000000030000249,2000,2.000,161050.48,V,80525.24,0.00,1.000,3200
000000000080000227,3000,1.000,137161.72,V,137161.72,0.00,1.000,3200
000000000030000250,4000,0.000,0.00,V,104311.53,0.00,1.000,3200
000000000010001041,2000,18.000,2207148.66,V,122619.37,0.00,1.000,3200
000000000010001041,1000,5.000,613096.85,V,122619.37,0.00,1.000,3200
000000000080000228,4000,22.000,4028176.46,V,183098.93,0.00,1.000,3200
000000000030000251,1000,0.000,0.00,V,176044.59,0.00,1.000,3200
000000000030000252,1000,1.000,48763.12,V,48763.12,0.00,1.000,3200
000000000010001042,1000,2.000,52739.32,V,26369.66,0.00,1.000,3200
000000000010001043,2000,158.000,76310226.96,V,482976.12,0.00,1.000,3200
000000000030000253,3000,0.000,0.00,V,380892.80,0.00,1.000,3200
000000000010001044,3000,3.000,79295.79,V,26431.93,0.00,1.000,3200
000000000010001045,3000,1.000,144421.21,V,144421.21,0.00,1.000,3200
000000000030000254,3000,6.000,609774.36,V,101629.06,0.00,1.000,3200
000000000080000229,2000,4.000,1692600.24,V,423150.06,0.00,1.000,3200
000000000080000230,1000,20.000,8101974.60,V,405098.73,0.00,1.000,3200
000000000080000230,4000,4.000,1620394.92,V,405098.73,0.00,1.000,3200
000000000010001046,3000,0.000,0.00,V,154385.70,0.00,1.000,3200
000000000010001047,2000,11.000,1458833.97,V,132621.27,0.00,1.000,3200
000000000010001048,1000,69.000,905242.74,V,13119.46,0.00,1.000,3200
000000000010001049,4000,48.000,1140437.28,V,23759.11,0.00,1.000,3200
000000000010001050,1000,0.000,0.00,V,19113.82,0.00,1.000,3200
000000000010001051,3000,0.000,0.00,V,161807.66,0.00,1.000,3200
000000000010001052,2000,2.000,249166.42,V,124583.21,0.00,1.000,3200
000000000010001053,1000,28.000,3044182.40,V,108720.80,0.00,1.000,3200
000000000010001054,1000,3.000,394648.32,V,131549.44,0.00,1.000,3200
000000000080000231,1000,2.000,381716.18,V,190858.09,0.00,1.000,3200
000000000010001055,3000,0.000,0.00,V,2753.71,0.00,1.000,3200
000000000010001056,4000,1.000,10641.46,V,10641.46,0.00,1.000,3200
000000000010001057,2000,1.000,9836.89,V,9836.89,0.00,1.000,3200
000000000010001057,3000,1.000,9836.89,V,9836.89,0.00,1.000,3200
000000000010001058,3000,7.000,544165.09,V,77737.87,0.00,1.000,3200
000000000030000255,1000,2.000,258906.58,V,129453.29,0.00,1.000,3200
000000000010001059,1000,2.000,173340.32,V,86670.16,0.00,1.000,3200
000000000010001059,4000,23.000,1993413.68,V,86670.16,0.00,1.000,3200
000000000010001060,4000,1.000,138614.66,V,138614.66,0.00,1.000,3200
000000000010001061,4000,109.000,2433358.51,V,22324.39,0.00,1.000,3200
000000000010001061,2000,24.000,535785.36,V,22324.39,0.00,1.000,3200
000000000010001062,3000,0.000,0.00,V,80453.43,0.00,1.000,3200
000000000010001063,2000,0.000,0.00,V,6574.16,0.00,1.000,3200
000000000010001063,1000,0.000,0.00,V,6574.16,0.00,1.000,3200
000000000010001064,3000,1.000,6087.07,V,6087.07,0.00,1.000,3200
000000000010001065,4000,4.000,76044.52,V,19011.13,0.00,1.000,3200
000000000030000256,3000,1.000,122945.32,V,122945.32,0.00,1.000,3200
000000000010001066,2000,0.000,0.00,V,120846.77,0.00,1.000,3200
000000000030000257,2000,3.000,57022.83,V,19007.61,0.00,1.000,3200
000000000030000257,3000,0.000,0.00,V,19007.61,0.00,1.000,3200
000000000010001067,3000,188.000,1423404.40,V,7571.30,0.00,1.000,3200
000000000010001068,3000,128.000,2000177.92,V,15626.39,0.00,1.000,3200
000000000010001069,1000,0.000,0.00,V,537589.27,0.00,1.000,3200
000000000010001070,3000,69.000,1345014.24,V,19492.96,0.00,1.000,3200
000000000010001070,4000,36.000,701746.56,V,19492.96,0.00,1.000,3200
000000000010001071,2000,6.000,4657029.12,V,776171.52,0.00,1.000,3200
000000000080000232,2000,5.000,1943691.95,V,388738.39,0.00,1.000,3200
000000000080000233,3000,7.000,734266.89,V,104895.27,0.00,1.000,3200
000000000030000258,2000,0.000,0.00,V,71691.11,0.00,1.000,3200
000000000010001072,2000,0.000,0.00,V,157801.39,0.00,1.000,3200
000000000010001073,2000,3.000,427189.92,V,142396.64,0.00,1.000,3200
000000000010001074,3000,13.000,804525.41,V,61886.57,0.00,1.000,3200
000000000010001075,4000,0.000,0.00,V,191642.52,0.00,1.000,3200
000000000030000259,1000,3.000,478596.12,V,159532.04,0.00,1.000,3200
000000000080000234,2000,6.000,754301.94,V,125716.99,0.00,1.000,3200
000000000080000234,4000,9.000,1131452.91,V,125716.99,0.00,1.000,3200
000000000030000260,3000,2.000,201344.50,V,100672.25,0.00,1.000,3200
000000000080000235,3000,4.000,1508270.44,V,377067.61,0.00,1.000,3200
000000000010001076,4000,0.000,0.00,V,360027.85,0.00,1.000,3200
000000000010001077,2000,2.000,226042.50,V,113021.25,0.00,1.000,3200
000000000010001078,1000,0.000,0.00,V,125869.58,0.00,1.000,3200
000000000010001079,4000,52.000,743552.16,V,14299.08,0.00,1.000,3200
000000000010001080,3000,19.000,13862469.92,V,729603.68,0.00,1.000,3200
000000000010001081,1000,0.000,0.00,V,145674.38,0.00,1.000,3200
000000000010001082,1000,139.000,2219849.46,V,15970.14,0.00,1.000,3200
000000000010001083,4000,9.000,576174.24,V,64019.36,0.00,1.000,3200
000000000010001084,1000,13.000,5698527.25,V,438348.25,0.00,1.000,3200
000000000010001085,2000,8.000,69805.28,V,8725.66,0.00,1.000,3200
000000000010001085,1000,14.000,122159.24,V,8725.66,0.00,1.000,3200
000000000030000261,2000,5.000,479376.40,V,95875.28,0.00,1.000,3200
000000000010001086,1000,0.000,0.00,V,135567.38,0.00,1.000,3200
000000000010001087,3000,6.000,487615.02,V,81269.17,0.00,1.000,3200
000000000010001087,4000,2.000,162538.34,V,81269.17,0.00,1.000,3200
000000000010001088,2000,5.000,599614.40,V,119922.88,0.00,1.000,3200
000000000010001089,1000,63.000,1061252.01,V,16845.27,0.00,1.000,3200
000000000010001089,2000,103.000,1735062.81,V,16845.27,0.00,1.000,3200
000000000010001090,4000,8.000,765945.12,V,95743.14,0.00,1.000,3200
000000000010001091,3000,81.000,827144.46,V,10211.66,0.00,1.000,3200
000000000010001092,1000,2.000,332449.36,V,166224.68,0.00,1.000,3200
000000000080000236,3000,8.000,729664.24,V,91208.03,0.00,1.000,3200
000000000010001093,4000,6.000,85740.84,V,14290.14,0.00,1.000,3200
000000000010001094,1000,149.000,935605.27,V,6279.23,0.00,1.000,3200
000000000010001095,3000,0.000,0.00,V,366760.73,0.00,1.000,3200
000000000080000237,2000,12.000,380314.92,V,31692.91,0.00,1.000,3200
000000000010001096,4000,2.000,165305.92,V,82652.96,0.00,1.000,3200
000000000010001096,3000,9.000,743876.64,V,82652.96,0.00,1.000,3200
000000000010001097,1000,3.000,1693369.77,V,564456.59,0.00,1.000,3200
000000000080000238,4000,11.000,2362883.38,V,214807.58,0.00,1.000,3200
000000000030000262,2000,0.000,0.00,V,16674.88,0.00,1.000,3200
000000000010001098,1000,3.000,2333644.65,V,777881.55,0.00,1.000,3200
000000000010001098,2000,11.000,8556697.05,V,777881.55,0.00,1.000,3200
000000000080000239,2000,8.000,480551.76,V,60068.97,0.00,1.000,3200
000000000010001099,3000,4.000,269354.24,V,67338.56,0.00,1.000,3200
000000000080000240,4000,6.000,298841.34,V,49806.89,0.00,1.000,3200
000000000080000241,1000,13.000,741415.22,V,57031.94,0.00,1.000,3200
000000000010001100,2000,2.000,1207081.36,V,603540.68,0.00,1.000,3200
000000000010001101,4000,0.000,0.00,V,262792.39,0.00,1.000,3200
000000000030000263,4000,0.000,0.00,V,125172.66,0.00,1.000,3200
000000000030000264,4000,1.000,616119.91,V,616119.91,0.00,1.000,3200
000000000010001102,1000,0.000,0.00,V,433803.56,0.00,1.000,3200
000000000010001103,4000,0.000,0.00,V,397137.96,0.00,1.000,3200
000000000010001104,2000,11.000,911346.59,V,82849.69,0.00,1.000,3200
000000000030000265,4000,3.000,544829.34,V,181609.78,0.00,1.000,3200
000000000010001105,4000,0.000,0.00,V,56357.11,0.00,1.000,3200
000000000010001106,3000,6.000,697959.72,V,116326.62,0.00,1.000,3200
000000000010001107,3000,0.000,0.00,V,63919.72,0.00,1.000,3200
000000000010001108,2000,0.000,0.00,V,73138.94,0.00,1.000,3200
000000000010001109,4000,4.000,690318.00,V,172579.50,0.00,1.000,3200
000000000010001109,2000,5.000,862897.50,V,172579.50,0.00,1.000,3200
000000000010001110,4000,0.000,0.00,V,446851.02,0.00,1.000,3200
000000000010001111,1000,0.000,0.00,V,2897.26,0.00,1.000,3200
000000000090000066,2000,9.000,981322.20,V,109035.80,0.00,1.000,3200
000000000090000066,1000,20.000,2180716.00,V,109035.80,0.00,1.000,3200
000000000010001112,2000,1.000,420132.76,V,420132.76,0.00,1.000,3200
000000000030000266,1000,0.000,0.00,V,708645.18,0.00,1.000,3200
000000000010001113,2000,66.000,343138.62,V,5199.07,0.00,1.000,3200
000000000030000267,4000,0.000,0.00,V,564245.92,0.00,1.000,3200
000000000030000268,3000,3.000,351830.97,V,117276.99,0.00,1.000,3200
000000000030000268,1000,1.000,117276.99,V,117276.99,0.00,1.000,3200
000000000010001114,3000,105.000,1078746.90,V,10273.78,0.00,1.000,3200
000000000010001115,4000,16.000,1117057.92,V,69816.12,0.00,1.000,3200
000000000010001115,3000,8.000,558528.96,V,69816.12,0.00,1.000,3200
000000000010001116,2000,13.000,993875.22,V,76451.94,0.00,1.000,3200
000000000010001117,1000,0.000,0.00,V,168450.53,0.00,1.000,3200
000000000010001118,4000,15.000,350748.75,V,23383.25,0.00,1.000,3200
000000000010001119,1000,4.000,489298.68,V,122324.67,0.00,1.000,3200
000000000090000067,4000,32.000,3781548.80,V,118173.40,0.00,1.000,3200
000000000090000067,2000,29.000,3427028.60,V,118173.40,0.00,1.000,3200
000000000010001120,1000,0.000,0.00,V,179896.30,0.00,1.000,3200
000000000010001121,2000,1.000,140738.43,V,140738.43,0.00,1.000,3200
000000000010001121,3000,2.000,281476.86,V,140738.43,0.00,1.000,3200
000000000010001122,4000,97.000,631835.69,V,6513.77,0.00,1.000,3200
000000000010001123,2000,0.000,0.00,V,6020.83,0.00,1.000,3200
000000000010001124,4000,9.000,195541.47,V,21726.83,0.00,1.000,3200
000000000010001125,1000,78.000,36639256.68,V,469734.06,0.00,1.000,3200
000000000030000269,3000,1.000,34704.44,V,34704.44,0.00,1.000,3200
000000000010001126,3000,142.000,3435350.62,V,24192.61,0.00,1.000,3200
000000000010001127,1000,0.000,0.00,V,42210.15,0.00,1.000,3200
000000000010001127,3000,0.000,0.00,V,42210.15,0.00,1.000,3200
000000000010001128,4000,12.000,3826991.52,V,318915.96,0.00,1.000,3200
000000000010001129,3000,7.000,862540.56,V,123220.08,0.00,1.000,3200
000000000010001130,2000,4.000,208408.12,V,52102.03,0.00,1.000,3200
000000000010001131,3000,6.000,904192.44,V,150698.74,0.00,1.000,3200
000000000010001132,4000,2.000,187036.76,V,93518.38,0.00,1.000,3200
000000000010001133,1000,21.000,497184.45,V,23675.45,0.00,1.000,3200
000000000010001133,3000,128.000,3030457.60,V,23675.45,0.00,1.000,3200
000000000010001134,3000,103.000,1647151.28,V,15991.76,0.00,1.000,3200
000000000090000068,4000,26.000,409574.10,V,15752.85,0.00,1.000,3200
000000000010001135,2000,94.000,36238262.42,V,385513.43,0.00,1.000,3200
000000000010001136,3000,15.000,363436.65,V,24229.11,0.00,1.000,3200
000000000090000069,3000,30.000,2717595.60,V,90586.52,0.00,1.000,3200
000000000010001137,2000,98.000,1813740.88,V,18507.56,0.00,1.000,3200
000000000010001138,1000,6.000,39986.10,V,6664.35,0.00,1.000,3200
000000000010001139,1000,4.000,164614.32,V,41153.58,0.00,1.000,3200
000000000010001140,1000,44.000,522187.60,V,11867.90,0.00,1.000,3200
000000000010001140,3000,31.000,367904.90,V,11867.90,0.00,1.000,3200
000000000030000270,4000,0.000,0.00,V,148375.46,0.00,1.000,3200
000000000010001141,4000,0.000,0.00,V,30634.12,0.00,1.000,3200
000000000010001142,2000,15.000,1994699.85,V,132979.99,0.00,1.000,3200
000000000010001143,3000,0.000,0.00,V,58082.96,0.00,1.000,3200
000000000010001144,1000,4.000,1357151.60,V,339287.90,0.00,1.000,3200
000000000090000070,4000,18.000,1740909.60,V,96717.20,0.00,1.000,3200
000000000030000271,4000,0.000,0.00,V,38489.52,0.00,1.000,3200
000000000010001145,3000,1.000,134534.50,V,134534.50,0.00,1.000,3200
000000000010001146,4000,0.000,0.00,V,5010.86,0.00,1.000,3200
000000000010001146,1000,0.000,0.00,V,5010.86,0.00,1.000,3200
000000000010001147,3000,1.000,24256.37,V,24256.37,0.00,1.000,3200
000000000010001148,4000,4.000,424303.52,V,106075.88,0.00,1.000,3200
000000000010001149,3000,0.000,0.00,V,90042.58,0.00,1.000,3200
000000000030000272,1000,2.000,1184197.28,V,592098.64,0.00,1.000,3200
000000000010001150,4000,66.000,31913433.42,V,483536.87,0.00,1.000,3200
000000000010001151,3000,0.000,0.00,V,85790.04,0.00,1.000,3200
000000000030000273,4000,4.000,196815.28,V,49203.82,0.00,1.000,3200
000000000010001152,4000,0.000,0.00,V,319984.85,0.00,1.000,3200
000000000010001152,2000,0.000,0.00,V,319984.85,0.00,1.000,3200
000000000010001153,3000,6.000,769842.90,V,128307.15,0.00,1.000,3200
000000000080000242,2000,3.000,300439.89,V,100146.63,0.00,1.000,3200
000000000080000242,3000,3.000,300439.89,V,100146.63,0.00,1.000,3200
000000000030000274,1000,0.000,0.00,V,12419.30,0.00,1.000,3200
000000000030000275,1000,3.000,166617.06,V,55539.02,0.00,1.000,3200
000000000010001154,3000,11.000,6629932.87,V,602721.17,0.00,1.000,3200
000000000030000276,4000,0.000,0.00,V,191000.76,0.00,1.000,3200
000000000010001155,3000,125.000,95077133.75,V,760617.07,0.00,1.000,3200
000000000010001156,3000,9.000,6843977.73,V,760441.97,0.00,1.000,3200
000000000080000243,3000,2.000,892033.52,V,446016.76,0.00,1.000,3200
000000000090000071,1000,29.000,3341767.73,V,115233.37,0.00,1.000,3200
000000000090000072,1000,30.000,4304643.60,V,143488.12,0.00,1.000,3200
000000000010001157,3000,0.000,0.00,V,149057.84,0.00,1.000,3200
000000000010001158,1000,11.000,4748756.98,V,431705.18,0.00,1.000,3200
000000000090000073,1000,12.000,228300.00,V,19025.00,0.00,1.000,3200
000000000030000277,4000,0.000,0.00,V,432855.37,0.00,1.000,3200
000000000030000277,3000,0.000,0.00,V,432855.37,0.00,1.000,3200
000000000010001159,2000,0.000,0.00,V,69411.92,0.00,1.000,3200
000000000010001159,4000,0.000,0.00,V,69411.92,0.00,1.000,3200
000000000080000244,1000,2.000,873093.76,V,436546.88,0.00,1.000,3200
000000000080000245,4000,6.000,1162807.74,V,193801.29,0.00,1.000,3200
000000000010001160,3000,0.000,0.00,V,102529.65,0.00,1.000,3200
000000000010001160,4000,4.000,410118.60,V,102529.65,0.00,1.000,3200
000000000030000278,3000,0.000,0.00,V,78127.16,0.00,1.000,3200
000000000030000279,2000,1.000,14937.72,V,14937.72,0.00,1.000,3200
000000000030000280,2000,5.000,268362.05,V,53672.41,0.00,1.000,3200
000000000010001161,1000,12.000,702391.80,V,58532.65,0.00,1.000,3200
000000000010001162,3000,19.000,310561.46,V,16345.34,0.00,1.000,3200
000000000090000074,2000,21.000,2162341.44,V,102968.64,0.00,1.000,3200
000000000010001163,3000,4.000,166309.68,V,41577.42,0.00,1.000,3200
000000000010001164,1000,10.000,348902.10,V,34890.21,0.00,1.000,3200
000000000010001164,3000,3.000,104670.63,V,34890.21,0.00,1.000,3200
000000000080000246,1000,7.000,1764932.96,V,252133.28,0.00,1.000,3200
000000000080000246,4000,2.000,504266.56,V,252133.28,0.00,1.000,3200
000000000010001165,2000,0.000,0.00,V,257598.96,0.00,1.000,3200
000000000010001166,4000,8.000,57559.04,V,7194.88,0.00,1.000,3200
000000000010001167,4000,197.000,1248526.90,V,6337.70,0.00,1.000,3200
000000000010001168,2000,20.000,45687.80,V,2284.39,0.00,1.000,3200
000000000010001169,4000,8.000,3958283.92,V,494785.49,0.00,1.000,3200
000000000010001169,1000,2.000,989570.98,V,494785.49,0.00,1.000,3200
000000000010001170,4000,0.000,0.00,V,662314.25,0.00,1.000,3200
000000000010001171,4000,6.000,77950.62,V,12991.77,0.00,1.000,3200
000000000010001172,1000,19.000,591552.27,V,31134.33,0.00,1.000,3200
000000000010001173,4000,0.000,0.00,V,292554.47,0.00,1.000,3200
000000000030000281,3000,1.000,91784.16,V,91784.16,0.00,1.000,3200
000000000010001174,4000,89.000,551404.84,V,6195.56,0.00,1.000,3200
000000000010001175,4000,63.000,1286095.86,V,20414.22,0.00,1.000,3200
000000000030000282,1000,3.000,518770.44,V,172923.48,0.00,1.000,3200
000000000010001176,4000,1.000,173587.56,V,173587.56,0.00,1.000,3200
000000000030000283,3000,0.000,0.00,V,101521.18,0.00,1.000,3200
000000000030000283,1000,2.000,203042.36,V,101521.18,0.00,1.000,3200
000000000010001177,2000,4.000,348818.08,V,87204.52,0.00,1.000,3200
000000000010001177,3000,4.000,348818.08,V,87204.52,0.00,1.000,3200
000000000080000247,1000,3.000,150125.43,V,50041.81,0.00,1.000,3200
000000000080000247,3000,0.000,0.00,V,50041.81,0.00,1.000,3200
000000000010001178,4000,8.000,998701.76,V,124837.72,0.00,1.000,3200
000000000010001178,2000,8.000,998701.76,V,124837.72,0.00,1.000,3200
000000000010001179,2000,0.000,0.00,V,72235.47,0.00,1.000,3200
000000000010001179,3000,0.000,0.00,V,72235.47,0.00,1.000,3200
000000000030000284,3000,0.000,0.00,V,164955.72,0.00,1.000,3200
000000000030000284,2000,3.000,494867.16,V,164955.72,0.00,1.000,3200
000000000010001180,4000,8.000,1026180.88,V,128272.61,0.00,1.000,3200
000000000010001181,1000,8.000,1102853.52,V,137856.69,0.00,1.000,3200
000000000010001182,4000,15.000,370378.05,V,24691.87,0.00,1.000,3200
000000000010001182,3000,32.000,790139.84,V,24691.87,0.00,1.000,3200
000000000010001183,2000,5.000,3229209.90,V,645841.98,0.00,1.000,3200
000000000010001183,3000,1.000,645841.98,V,645841.98,0.00,1.000,3200
000000000010001184,1000,176.000,111044850.40,V,630936.65,0.00,1.000,3200
000000000030000285,4000,3.000,306914.58,V,102304.86,0.00,1.000,3200
000000000010001185,4000,0.000,0.00,V,74092.15,0.00,1.000,3200
000000000030000286,1000,4.000,214220.00,V,53555.00,0.00,1.000,3200
000000000030000286,4000,0.000,0.00,V,53555.00,0.00,1.000,3200
000000000010001186,2000,0.000,0.00,V,14614.76,0.00,1.000,3200
000000000010001186,3000,7.000,102303.32,V,14614.76,0.00,1.000,3200
000000000010001187,4000,0.000,0.00,V,65871.01,0.00,1.000,3200
000000000030000287,4000,3.000,961955.76,V,320651.92,0.00,1.000,3200
000000000010001188,1000,0.000,0.00,V,87396.63,0.00,1.000,3200
000000000010001188,4000,0.000,0.00,V,87396.63,0.00,1.000,3200
000000000010001189,4000,0.000,0.00,V,44464.07,0.00,1.000,3200
000000000010001190,4000,3.000,101102.43,V,33700.81,0.00,1.000,3200
000000000080000248,2000,3.000,653838.87,V,217946.29,0.00,1.000,3200
000000000080000248,4000,10.000,2179462.90,V,217946.29,0.00,1.000,3200
000000000010001191,3000,0.000,0.00,V,128307.91,0.00,1.000,3200
000000000030000288,2000,0.000,0.00,V,168514.25,0.00,1.000,3200
000000000030000288,3000,0.000,0.00,V,168514.25,0.00,1.000,3200
000000000010001192,4000,6.000,658789.92,V,109798.32,0.00,1.000,3200
000000000010001193,4000,55.000,848464.65,V,15426.63,0.00,1.000,3200
000000000010001194,2000,0.000,0.00,V,67747.56,0.00,1.000,3200
000000000010001195,2000,28.000,5022558.24,V,179377.08,0.00,1.000,3200
000000000010001195,3000,6.000,1076262.48,V,179377.08,0.00,1.000,3200
000000000010001196,4000,35.000,682648.40,V,19504.24,0.00,1.000,3200
000000000010001197,1000,4.000,375356.60,V,93839.15,0.00,1.000,3200
000000000010001198,1000,17.000,8905514.26,V,523853.78,0.00,1.000,3200
000000000010001198,4000,16.000,8381660.48,V,523853.78,0.00,1.000,3200
000000000010001199,3000,1.000,114361.29,V,114361.29,0.00,1.000,3200
000000000080000249,1000,8.000,999398.96,V,124924.87,0.00,1.000,3200
000000000080000250,2000,6.000,453931.02,V,75655.17,0.00,1.000,3200
000000000010001200,1000,64.000,787125.76,V,12298.84,0.00,1.000,3200
000000000010001200,3000,0.000,0.00,V,12298.84,0.00,1.000,3200
000000000010001201,2000,5.000,543175.55,V,108635.11,0.00,1.000,3200
000000000010001201,3000,11.000,1194986.21,V,108635.11,0.00,1.000,3200
000000000010001202,2000,0.000,0.00,V,161927.17,0.00,1.000,3200
000000000010001203,4000,93.000,1653500.94,V,17779.58,0.00,1.000,3200
000000000010001204,4000,1.000,155847.26,V,155847.26,0.00,1.000,3200
000000000010001204,3000,2.000,311694.52,V,155847.26,0.00,1.000,3200
000000000010001205,1000,0.000,0.00,V,142209.23,0.00,1.000,3200
000000000010001206,3000,3.000,125964.69,V,41988.23,0.00,1.000,3200
000000000010001207,4000,21.000,632816.52,V,30134.12,0.00,1.000,3200
000000000010001208,4000,0.000,0.00,V,170636.21,0.00,1.000,3200
000000000010001209,2000,0.000,0.00,V,132186.67,0.00,1.000,3200
000000000010001210,4000,141.000,42849553.14,V,303897.54,0.00,1.000,3200
000000000010001210,3000,96.000,29174163.84,V,303897.54,0.00,1.000,3200
000000000030000289,4000,2.000,148683.58,V,74341.79,0.00,1.000,3200
000000000090000075,1000,10.000,457987.60,V,45798.76,0.00,1.000,3200
000000000090000075,4000,6.000,274792.56,V,45798.76,0.00,1.000,3200
000000000010001211,1000,12.000,102220.68,V,8518.39,0.00,1.000,3200
000000000030000290,4000,0.000,0.00,V,94066.75,0.00,1.000,3200
000000000010001212,2000,0.000,0.00,V,2124.26,0.00,1.000,3200
000000000010001213,2000,65.000,343584.15,V,5285.91,0.00,1.000,3200
000000000030000291,4000,4.000,377579.72,V,94394.93,0.00,1.000,3200
000000000030000291,1000,1.000,94394.93,V,94394.93,0.00,1.000,3200
000000000030000292,3000,0.000,0.00,V,52037.17,0.00,1.000,3200
000000000010001214,3000,0.000,0.00,V,146444.96,0.00,1.000,3200
000000000010001214,2000,0.000,0.00,V,146444.96,0.00,1.000,3200
000000000010001215,2000,23.000,1533630.80,V,66679.60,0.00,1.000,3200
000000000010001216,2000,0.000,0.00,V,17051.25,0.00,1.000,3200
000000000010001217,3000,2.000,293621.58,V,146810.79,0.00,1.000,3200
000000000010001217,1000,3.000,440432.37,V,146810.79,0.00,1.000,3200
000000000030000293,2000,0.000,0.00,V,132887.69,0.00,1.000,3200
000000000030000293,3000,1.000,132887.69,V,132887.69,0.00,1.000,3200
000000000010001218,4000,0.000,0.00,V,117160.97,0.00,1.000,3200
000000000080000251,2000,6.000,2578534.86,V,429755.81,0.00,1.000,3200
000000000030000294,2000,8.000,1432854.96,V,179106.87,0.00,1.000,3200
000000000030000294,1000,2.000,358213.74,V,179106.87,0.00,1.000,3200
000000000030000295,3000,6.000,768644.70,V,128107.45,0.00,1.000,3200
000000000010001219,1000,2.000,15846.26,V,7923.13,0.00,1.000,3200
000000000010001220,3000,3.000,262374.75,V,87458.25,0.00,1.000,3200
000000000010001221,2000,18.000,2039043.60,V,113280.20,0.00,1.000,3200
000000000010001221,3000,2.000,226560.40,V,113280.20,0.00,1.000,3200
000000000010001222,1000,0.000,0.00,V,21920.00,0.00,1.000,3200
000000000010001223,4000,10.000,1389692.50,V,138969.25,0.00,1.000,3200
000000000080000252,1000,6.000,1588196.70,V,264699.45,0.00,1.000,3200
000000000010001224,2000,56.000,924546.56,V,16509.76,0.00,1.000,3200
000000000010001225,2000,120.000,761398.80,V,6344.99,0.00,1.000,3200
000000000010001226,3000,0.000,0.00,V,33740.15,0.00,1.000,3200
000000000010001227,1000,2.000,1433758.64,V,716879.32,0.00,1.000,3200
000000000080000253,3000,4.000,812009.20,V,203002.30,0.00,1.000,3200
000000000080000254,4000,16.000,3482242.72,V,217640.17,0.00,1.000,3200
000000000030000296,3000,0.000,0.00,V,48625.48,0.00,1.000,3200
000000000010001228,1000,2.000,23252.56,V,11626.28,0.00,1.000,3200
000000000010001228,4000,3.000,34878.84,V,11626.28,0.00,1.000,3200
000000000010001229,1000,4.000,239121.12,V,59780.28,0.00,1.000,3200
000000000010001229,4000,1.000,59780.28,V,59780.28,0.00,1.000,3200
000000000010001230,3000,0.000,0.00,V,75499.85,0.00,1.000,3200
000000000030000297,3000,4.000,127245.00,V,31811.25,0.00,1.000,3200
000000000080000255,4000,7.000,1732281.11,V,247468.73,0.00,1.000,3200
000000000010001231,1000,209.000,2614826.17,V,12511.13,0.00,1.000,3200
000000000030000298,1000,0.000,0.00,V,272566.42,0.00,1.000,3200
000000000030000299,2000,5.000,612864.05,V,122572.81,0.00,1.000,3200
000000000080000256,1000,10.000,3064961.90,V,306496.19,0.00,1.000,3200
000000000010001232,2000,24.000,309193.92,V,12883.08,0.00,1.000,3200
000000000080000257,2000,6.000,442362.66,V,73727.11,0.00,1.000,3200
000000000010001233,2000,0.000,0.00,V,157593.25,0.00,1.000,3200
000000000010001233,3000,9.000,1418339.25,V,157593.25,0.00,1.000,3200
000000000010001234,3000,0.000,0.00,V,121888.19,0.00,1.000,3200
000000000010001235,2000,0.000,0.00,V,7870.72,0.00,1.000,3200
000000000010001236,4000,116.000,1858004.48,V,16017.28,0.00,1.000,3200
000000000010001236,2000,15.000,240259.20,V,16017.28,0.00,1.000,3200
000000000010001237,2000,1.000,93914.09,V,93914.09,0.00,1.000,3200
000000000010001238,3000,9.000,1134110.97,V,126012.33,0.00,1.000,3200
000000000090000076,4000,7.000,1066508.87,V,152358.41,0.00,1.000,3200
000000000010001239,4000,6.000,1049509.14,V,174918.19,0.00,1.000,3200
000000000010001239,2000,0.000,0.00,V,174918.19,0.00,1.000,3200
000000000010001240,2000,1.000,134428.32,V,134428.32,0.00,1.000,3200
000000000030000300,3000,6.000,2487840.18,V,414640.03,0.00,1.000,3200
000000000010001241,3000,5.000,349032.10,V,69806.42,0.00,1.000,3200
000000000010001242,1000,12.000,2066474.04,V,172206.17,0.00,1.000,3200
000000000010001243,4000,147.000,2395803.06,V,16297.98,0.00,1.000,3200
000000000010001243,3000,9.000,146681.82,V,16297.98,0.00,1.000,3200
000000000010001244,4000,6.000,606793.62,V,101132.27,0.00,1.000,3200
000000000010001245,1000,78.000,804869.52,V,10318.84,0.00,1.000,3200
000000000080000258,4000,4.000,1736534.40,V,434133.60,0.00,1.000,3200
000000000080000258,2000,4.000,1736534.40,V,434133.60,0.00,1.000,3200
000000000010001246,2000,0.000,0.00,V,85067.61,0.00,1.000,3200
000000000010001247,1000,0.000,0.00,V,517054.40,0.00,1.000,3200
000000000090000077,1000,6.000,459583.32,V,76597.22,0.00,1.000,3200
000000000010001248,2000,0.000,0.00,V,163687.93,0.00,1.000,3200
000000000010001249,3000,2.000,1353483.02,V,676741.51,0.00,1.000,3200
000000000010001250,4000,24.000,4232220.96,V,176342.54,0.00,1.000,3200
000000000080000259,1000,6.000,1596297.96,V,266049.66,0.00,1.000,3200
000000000010001251,2000,5.000,300365.25,V,60073.05,0.00,1.000,3200
000000000010001252,2000,0.000,0.00,V,111708.90,0.00,1.000,3200
000000000010001253,1000,0.000,0.00,V,543099.54,0.00,1.000,3200
000000000010001254,4000,132.000,1492877.76,V,11309.68,0.00,1.000,3200
000000000010001255,3000,7.000,221310.67,V,31615.81,0.00,1.000,3200
000000000010001256,1000,197.000,54850889.27,V,278430.91,0.00,1.000,3200
000000000010001256,4000,80.000,22274472.80,V,278430.91,0.00,1.000,3200
000000000030000301,2000,0.000,0.00,V,46477.60,0.00,1.000,3200
000000000030000301,4000,0.000,0.00,V,46477.60,0.00,1.000,3200
000000000010001257,3000,0.000,0.00,V,137770.53,0.00,1.000,3200
000000000010001258,4000,15.000,2678889.45,V,178592.63,0.00,1.000,3200
000000000090000078,3000,14.000,1325086.14,V,94649.01,0.00,1.000,3200
000000000090000078,4000,32.000,3028768.32,V,94649.01,0.00,1.000,3200
000000000010001259,1000,2.000,1498065.16,V,749032.58,0.00,1.000,3200
000000000010001260,2000,28.000,14585905.60,V,520925.20,0.00,1.000,3200
000000000080000260,4000,1.000,412093.43,V,412093.43,0.00,1.000,3200
000000000010001261,3000,7.000,4214341.46,V,602048.78,0.00,1.000,3200
000000000080000261,3000,20.000,4069486.20,V,203474.31,0.00,1.000,3200
000000000010001262,3000,0.000,0.00,V,162384.31,0.00,1.000,3200
000000000010001263,1000,40.000,756581.60,V,18914.54,0.00,1.000,3200
000000000010001264,2000,0.000,0.00,V,147661.75,0.00,1.000,3200
000000000010001264,3000,0.000,0.00,V,147661.75,0.00,1.000,3200
000000000010001265,1000,0.000,0.00,V,24146.48,0.00,1.000,3200
000000000010001266,1000,2.000,209088.08,V,104544.04,0.00,1.000,3200
000000000010001267,3000,2.000,311233.48,V,155616.74,0.00,1.000,3200
000000000010001268,4000,14.000,167553.40,V,11968.10,0.00,1.000,3200
000000000080000262,2000,8.000,1486318.80,V,185789.85,0.00,1.000,3200
000000000080000262,1000,7.000,1300528.95,V,185789.85,0.00,1.000,3200
000000000030000302,1000,3.000,469006.86,V,156335.62,0.00,1.000,3200
000000000010001269,4000,0.000,0.00,V,102750.63,0.00,1.000,3200
000000000010001270,4000,7.000,754005.84,V,107715.12,0.00,1.000,3200
000000000030000303,4000,0.000,0.00,V,96250.40,0.00,1.000,3200
000000000090000079,2000,36.000,3865961.88,V,107387.83,0.00,1.000,3200
000000000090000079,4000,6.000,644326.98,V,107387.83,0.00,1.000,3200
000000000010001271,4000,0.000,0.00,V,174593.80,0.00,1.000,3200
000000000010001272,1000,14.000,7495831.00,V,535416.50,0.00,1.000,3200
000000000010001273,1000,10.000,226979.00,V,22697.90,0.00,1.000,3200
000000000010001274,1000,0.000,0.00,V,159399.52,0.00,1.000,3200
000000000010001275,1000,4.000,206074.00,V,51518.50,0.00,1.000,3200
000000000010001276,2000,5.000,860711.50,V,172142.30,0.00,1.000,3200
000000000010001277,4000,11.000,881253.56,V,80113.96,0.00,1.000,3200
000000000010001278,4000,170.000,3703467.00,V,21785.10,0.00,1.000,3200
000000000010001279,3000,0.000,0.00,V,689341.35,0.00,1.000,3200
000000000010001280,4000,9.000,729792.00,V,81088.00,0.00,1.000,3200
000000000010001281,1000,14.000,869744.68,V,62124.62,0.00,1.000,3200
000000000090000080,2000,6.000,34849.26,V,5808.21,0.00,1.000,3200
000000000090000080,4000,24.000,139397.04,V,5808.21,0.00,1.000,3200
000000000030000304,2000,6.000,843831.06,V,140638.51,0.00,1.000,3200
000000000080000263,3000,15.000,6701541.75,V,446769.45,0.00,1.000,3200
000000000010001282,4000,3.000,372807.21,V,124269.07,0.00,1.000,3200
000000000010001283,1000,73.000,163031.63,V,2233.31,0.00,1.000,3200
000000000010001283,3000,49.000,109432.19,V,2233.31,0.00,1.000,3200
000000000010001284,2000,39.000,319111.65,V,8182.35,0.00,1.000,3200
000000000010001285,3000,18.000,166117.14,V,9228.73,0.00,1.000,3200
000000000030000305,3000,2.000,255426.94,V,127713.47,0.00,1.000,3200
000000000010001286,2000,5.000,25611.10,V,5122.22,0.00,1.000,3200
000000000030000306,2000,0.000,0.00,V,23147.21,0.00,1.000,3200
000000000010001287,2000,0.000,0.00,V,107579.04,0.00,1.000,3200
000000000080000264,4000,5.000,2102582.45,V,420516.49,0.00,1.000,3200
000000000010001288,3000,7.000,940640.40,V,134377.20,0.00,1.000,3200
000000000010001289,2000,5.000,309774.50,V,61954.90,0.00,1.000,3200
000000000010001290,2000,4.000,316584.72,V,79146.18,0.00,1.000,3200
000000000010001291,1000,0.000,0.00,V,145531.80,0.00,1.000,3200
000000000010001291,2000,0.000,0.00,V,145531.80,0.00,1.000,3200
000000000010001292,2000,2.000,1145708.64,V,572854.32,0.00,1.000,3200
000000000010001293,3000,1.000,115449.52,V,115449.52,0.00,1.000,3200
000000000010001294,1000,73.000,1336257.70,V,18304.90,0.00,1.000,3200
000000000010001295,2000,10.000,4044876.50,V,404487.65,0.00,1.000,3200
000000000030000307,2000,2.000,263967.12,V,131983.56,0.00,1.000,3200
000000000030000308,1000,4.000,349460.72,V,87365.18,0.00,1.000,3200
000000000030000308,3000,0.000,0.00,V,87365.18,0.00,1.000,3200
000000000010001296,3000,0.000,0.00,V,44907.25,0.00,1.000,3200
000000000010001297,1000,13.000,536344.77,V,41257.29,0.00,1.000,3200
000000000010001298,4000,2.000,1380129.84,V,690064.92,0.00,1.000,3200
000000000010001298,2000,1.000,690064.92,V,690064.92,0.00,1.000,3200
000000000010001299,3000,0.000,0.00,V,89907.65,0.00,1.000,3200
000000000010001300,3000,9.000,1393461.54,V,154829.06,0.00,1.000,3200
000000000010001300,4000,14.000,2167606.84,V,154829.06,0.00,1.000,3200
000000000090000081,1000,12.000,60736.80,V,5061.40,0.00,1.000,3200
000000000090000081,4000,15.000,75921.00,V,5061.40,0.00,1.000,3200
000000000010001301,1000,8.000,431128.40,V,53891.05,0.00,1.000,3200
000000000010001302,2000,0.000,0.00,V,44744.63,0.00,1.000,3200
000000000030000309,2000,0.000,0.00,V,47983.17,0.00,1.000,3200
000000000010001303,4000,137.000,2023687.28,V,14771.44,0.00,1.000,3200
000000000080000265,2000,13.000,1272389.95,V,97876.15,0.00,1.000,3200
000000000010001304,1000,143.000,2365641.85,V,16542.95,0.00,1.000,3200
000000000010001305,2000,2.000,259551.78,V,129775.89,0.00,1.000,3200
000000000010001306,3000,3.000,21021.96,V,7007.32,0.00,1.000,3200
000000000030000310,3000,0.000,0.00,V,134407.25,0.00,1.000,3200
000000000010001307,3000,1.000,106084.17,V,106084.17,0.00,1.000,3200
000000000080000266,3000,7.000,3070530.82,V,438647.26,0.00,1.000,3200
000000000010001308,2000,143.000,1585283.70,V,11085.90,0.00,1.000,3200
000000000010001309,2000,6.000,2191170.90,V,365195.15,0.00,1.000,3200
000000000030000311,4000,0.000,0.00,V,690776.69,0.00,1.000,3200
000000000010001310,3000,0.000,0.00,V,152705.23,0.00,1.000,3200
000000000080000267,4000,3.000,288245.97,V,96081.99,0.00,1.000,3200
000000000030000312,2000,4.000,903615.52,V,225903.88,0.00,1.000,3200
000000000030000312,3000,3.000,677711.64,V,225903.88,0.00,1.000,3200
000000000010001311,4000,11.000,885409.80,V,80491.80,0.00,1.000,3200
000000000010001312,3000,8.000,340933.68,V,42616.71,0.00,1.000,3200
000000000090000082,1000,11.000,1769087.76,V,160826.16,0.00,1.000,3200
000000000090000082,4000,16.000,2573218.56,V,160826.16,0.00,1.000,3200
000000000010001313,3000,92.000,1381248.44,V,15013.57,0.00,1.000,3200
000000000010001314,3000,46.000,430616.12,V,9361.22,0.00,1.000,3200
000000000010001315,4000,67.000,1529450.54,V,22827.62,0.00,1.000,3200
000000000090000083,4000,17.000,140174.52,V,8245.56,0.00,1.000,3200
000000000010001316,3000,0.000,0.00,V,26673.72,0.00,1.000,3200
000000000010001316,2000,0.000,0.00,V,26673.72,0.00,1.000,3200
000000000010001317,3000,20.000,69257.00,V,3462.85,0.00,1.000,3200
000000000010001318,2000,0.000,0.00,V,135344.39,0.00,1.000,3200
000000000010001318,4000,0.000,0.00,V,135344.39,0.00,1.000,3200
000000000010001319,4000,0.000,0.00,V,52266.74,0.00,1.000,3200
000000000010001319,1000,5.000,261333.70,V,52266.74,0.00,1.000,3200
000000000010001320,3000,65.000,793218.40,V,12203.36,0.00,1.000,3200
000000000010001321,1000,3.000,335327.94,V,111775.98,0.00,1.000,3200
000000000010001321,2000,2.000,223551.96,V,111775.98,0.00,1.000,3200
000000000030000313,1000,1.000,168027.55,V,168027.55,0.00,1.000,3200
000000000030000314,4000,1.000,166174.11,V,166174.11,0.00,1.000,3200
000000000090000084,3000,27.000,3464902.17,V,128329.71,0.00,1.000,3200
000000000010001322,4000,0.000,0.00,V,68572.06,0.00,1.000,3200
000000000010001323,1000,5.000,685192.45,V,137038.49,0.00,1.000,3200
000000000010001324,2000,35.000,368501.35,V,10528.61,0.00,1.000,3200
000000000010001325,4000,8.000,1397669.04,V,174708.63,0.00,1.000,3200
000000000010001326,2000,0.000,0.00,V,127094.52,0.00,1.000,3200
000000000010001326,4000,0.000,0.00,V,127094.52,0.00,1.000,3200
000000000010001327,3000,0.000,0.00,V,80654.11,0.00,1.000,3200
000000000010001327,2000,0.000,0.00,V,80654.11,0.00,1.000,3200
000000000030000315,2000,4.000,267303.24,V,66825.81,0.00,1.000,3200
000000000010001328,4000,0.000,0.00,V,38641.83,0.00,1.000,3200
000000000010001329,2000,0.000,0.00,V,52519.53,0.00,1.000,3200
000000000010001330,3000,0.000,0.00,V,120570.41,0.00,1.000,3200
