Matnr,Spras,Maktx
000000000010000000,EN,Gearbox Bearing 55KW SKF
000000000010000001,EN,Mill Liner 200MM SKF
000000000080000000,EN,Thickener Rake Seal Kit DN150 METSO
000000000010000002,EN,PLC Digital Output Card TYPE B SKF
000000000030000000,EN,Hydraulic Power Pack 8/6 SKF
000000000010000003,EN,Apron Feeder Gear Reducer 6/4 ABB
000000000080000001,EN,Level Radar Transmitter DN100 FLSM
000000000010000004,EN,Thickener Rake Drive Gearbox TYPE B
000000000010000005,EN,Crusher Hydroset Cylinder TYPE B SANDVIK
000000000010000006,EN,Pressure Transmitter Assembly 10/8 METSO
000000000030000001,EN,Mill Liner 10/8 METSO
000000000010000007,EN,Level Radar Transmitter HD METSO
000000000010000008,EN,PLC Digital Output Card 6/4 KSB
000000000080000002,EN,Pressure Transmitter Assembly TYPE A
000000000080000003,EN,Ventilation Fan Motor TYPE B SEW
000000000010000009,EN,Conveyor Drive Motor TYPE A ABB
000000000030000002,EN,Thickener Rake Drive Gearbox 150MM FLSM
000000000010000010,EN,Skirt Rubber Liner Section 8/6 METSO
000000000030000003,EN,Valve Assembly HD SIEMENS
000000000010000011,EN,Soft Starter Power Module 10/8
000000000010000012,EN,Gland Packing Seal Ring 10/8 SEW
000000000010000013,EN,Pump Impeller TYPE A KSB
000000000010000014,EN,Ball Mill Trunnion Bearing 200MM ABB
000000000010000015,EN,Conveyor Idler Roller Set 250KW SANDVIK
000000000010000016,EN,Level Radar Transmitter 55KW SEW
000000000010000017,EN,Mill Lube Pump Motor 200MM WEIR
000000000010000018,EN,Conveyor Idler Roller Set TYPE B ABB
000000000010000019,EN,Crusher Main Shaft Bearing 55KW FLSM
000000000010000020,EN,Slurry Pump Mechanical Seal 250MM KSB
000000000010000021,EN,Ball Mill Shell Liner Plate 6/4 SANDVIK
000000000090000000,EN,Pressure Transmitter Assembly 110KW
000000000010000022,EN,Thickener Rake Seal Kit 150MM KSB
000000000010000023,EN,Flow Meter Sensor Head 8/6 ABB
000000000080000004,EN,Conveyor Drive Motor 150MM SEW
000000000010000024,EN,Conveyor Drive Gearbox 250MM KSB
000000000010000025,EN,Slurry Density Transmitter 150MM SANDVIK
000000000010000026,EN,Hydraulic Power Pack 200MM SANDVIK
000000000080000005,EN,Centrifugal Pump Casing 150MM SANDVIK
000000000010000027,EN,Flow Meter Sensor Head 250KW KSB
000000000010000028,EN,Pressure Transmitter Assembly HD ABB
000000000010000029,EN,Thickener Rake Seal Kit 8/6 KSB
000000000030000004,EN,Hydraulic Power Pack 250MM SEW
000000000010000030,EN,Hydraulic Pump Assembly 200MM FLSM
000000000010000031,EN,Apron Feeder Gear Reducer 200MM SEW
000000000010000032,EN,Thickener Rake Drive Gearbox 200MM FLSM
000000000010000033,EN,Spherical Roller Bearing 10/8 SANDVIK
000000000010000034,EN,Hydraulic Power Pack 200MM METSO
000000000080000006,EN,Mill Lube Pump Motor HD SEW
000000000010000035,EN,Valve Assembly TYPE B FLSM
000000000010000036,EN,Screen Exciter Bearing 10/8 SIEMENS
000000000010000037,EN,Gearbox Bearing TYPE B SIEMENS
000000000090000001,EN,Vertical Sump Pump Column 200MM WEIR
000000000010000038,EN,Slurry Density Transmitter 8/6 FLSM
000000000080000007,EN,Ball Mill Shell Liner Plate 200MM KSB
000000000010000039,EN,Pressure Transmitter Assembly 8/6 SEW
000000000030000005,EN,Apron Feeder Gear Reducer 6/4 FLSM
000000000010000040,EN,Level Radar Transmitter 8/6 SEW
000000000010000041,EN,Slurry Pump Mechanical Seal 6/4 FLSM
000000000010000042,EN,Conveyor Idler Roller Set DN150 KSB
000000000030000006,EN,Hydraulic Power Pack 110KW SKF
000000000080000008,EN,PLC Digital Output Card DN150 SIEMENS
000000000080000009,EN,Ball Mill Gearbox Assembly 10/8 WEIR
000000000080000010,EN,Variable Speed Drive Unit HD FLSM
000000000030000007,EN,Thickener Rake Seal Kit 110KW SIEMENS
000000000030000008,EN,Slurry Density Transmitter 110KW WEIR
000000000010000043,EN,Crusher Main Shaft Bearing HD FLSM
000000000010000044,EN,Gland Packing Seal Ring TYPE A WEIR
000000000010000045,EN,Crusher Hydroset Cylinder 10/8 SKF
000000000080000011,EN,Cyclone Apex Liner TYPE A SANDVIK
000000000080000012,EN,Hydraulic Power Pack TYPE B ABB
000000000010000046,EN,Mill Lube Pump Motor TYPE B MULTOTEC
000000000010000047,EN,Cyclone Apex Liner 150MM SANDVIK
000000000010000048,EN,MCC Feeder Circuit Breaker 200MM METSO
000000000080000013,EN,Gearbox Bearing HD SANDVIK
000000000010000049,EN,PLC Digital Output Card 10/8 KSB
000000000010000050,EN,Crusher Hydroset Cylinder 55KW SIEMENS
000000000010000051,EN,Slurry Density Transmitter 8/6 FLSM
000000000010000052,EN,PLC Digital Output Card 6/4 METSO
000000000010000053,EN,Mill Lube Pump Motor 6/4 METSO
000000000010000054,EN,Apron Feeder Gear Reducer 8/6 MULTOTEC
000000000010000055,EN,Apron Feeder Gear Reducer TYPE A SKF
000000000010000056,EN,Pressure Transmitter Assembly DN150
000000000010000057,EN,Screen Exciter Bearing 8/6 KSB
000000000010000058,EN,Flow Meter Sensor Head HD METSO
000000000010000059,EN,Pump Impeller 150MM WEIR
000000000030000009,EN,Cyclone Apex Liner DN100 SIEMENS
000000000010000060,EN,Hydraulic Pump Assembly 55KW KSB
000000000010000061,EN,Vertical Sump Pump Column 6/4 KSB
000000000010000062,EN,Ball Mill Trunnion Bearing 55KW SIEMENS
000000000030000010,EN,Valve Assembly 110KW SKF
000000000030000011,EN,Flow Meter Sensor Head 200MM WEIR
000000000010000063,EN,Ball Mill Trunnion Bearing DN150
000000000010000064,EN,Level Radar Transmitter 8/6 SEW
000000000010000065,EN,Level Radar Transmitter 6/4 METSO
000000000080000014,EN,Crusher Hydroset Cylinder TYPE A SKF
000000000010000066,EN,Level Radar Transmitter 8/6 SIEMENS
000000000010000067,EN,Ball Mill Gearbox Assembly TYPE A
000000000080000015,EN,Thickener Rake Drive Gearbox HD ABB
000000000080000016,EN,Cyclone Apex Liner TYPE B ABB
000000000010000068,EN,Hydraulic Pump Assembly 6/4 SANDVIK
000000000010000069,EN,Hydraulic Power Pack DN100 SKF
000000000010000070,EN,Hydraulic Power Pack TYPE B MULTOTEC
000000000010000071,EN,MCC Feeder Circuit Breaker 10/8 KSB
000000000090000002,EN,Level Radar Transmitter HD KSB
000000000010000072,EN,Skirt Rubber Liner Section 10/8 SEW
000000000080000017,EN,Conveyor Pulley Bearing 200MM SANDVIK
000000000010000073,EN,Conveyor Take-Up Pulley 250KW SKF
000000000010000074,EN,Conveyor Pulley Bearing 110KW WEIR
000000000030000012,EN,Flow Meter Sensor Head TYPE B FLSM
000000000010000075,EN,Variable Speed Drive Unit DN100 SIEMENS
000000000010000076,EN,Crusher Main Shaft Bearing 10/8 SANDVIK
000000000010000077,EN,Slurry Pump Mechanical Seal 10/8 SEW
000000000010000078,EN,Ventilation Fan Motor DN150 WEIR
000000000010000079,EN,Crusher Hydroset Cylinder DN150 METSO
000000000010000080,EN,Pump Impeller TYPE A SANDVIK
000000000010000081,EN,Gland Packing Seal Ring 150MM FLSM
000000000080000018,EN,PLC Digital Output Card 250MM SIEMENS
000000000080000019,EN,Flotation Blower Motor 250KW ABB
000000000030000013,EN,Mill Liner 10/8 METSO
000000000010000082,EN,Thickener Rake Seal Kit 10/8 ABB
000000000030000014,EN,Flotation Blower Motor TYPE B SIEMENS
000000000010000083,EN,PLC Digital Output Card 110KW SIEMENS
000000000010000084,EN,Flotation Cell Impeller 250KW SANDVIK
000000000010000085,EN,Hydraulic Power Pack 250KW SKF
000000000080000020,EN,Level Radar Transmitter 200MM KSB
000000000010000086,EN,Belt Scraper Blade Cartridge 55KW KSB
000000000010000087,EN,Hydraulic Power Pack DN150 MULTOTEC
000000000030000015,EN,Crusher Main Shaft Bearing TYPE A KSB
000000000010000088,EN,Crusher Hydroset Cylinder 200MM SEW
000000000080000021,EN,Gland Packing Seal Ring 110KW ABB
000000000080000022,EN,Skirt Rubber Liner Section TYPE B WEIR
000000000080000023,EN,Ball Mill Trunnion Bearing 55KW MULTOTEC
000000000010000089,EN,Mill Lube Pump Motor TYPE A SIEMENS
000000000010000090,EN,Conveyor Idler Roller Set 6/4 SANDVIK
000000000010000091,EN,Flotation Blower Motor DN100 FLSM
000000000010000092,EN,Slurry Density Transmitter 110KW SANDVIK
000000000010000093,EN,Hydraulic Pump Assembly 10/8 WEIR
000000000010000094,EN,Mill Liner DN150 METSO
000000000030000016,EN,PLC Digital Output Card HD MULTOTEC
000000000010000095,EN,MCC Feeder Circuit Breaker HD ABB
000000000010000096,EN,Crusher Main Shaft Bearing 250MM SEW
000000000010000097,EN,Apron Feeder Gear Reducer 110KW SKF
000000000030000017,EN,Centrifugal Pump Casing TYPE A METSO
000000000010000098,EN,Apron Feeder Gear Reducer HD SKF
000000000010000099,EN,PLC Digital Output Card 8/6 MULTOTEC
000000000010000100,EN,Flotation Cell Impeller DN150 SKF
000000000090000003,EN,Mill Liner 6/4 METSO
000000000010000101,EN,Vertical Sump Pump Column 250KW KSB
000000000030000018,EN,Pump Impeller 150MM SIEMENS
000000000010000102,EN,Ball Mill Gearbox Assembly DN100 WEIR
000000000080000024,EN,Flow Meter Sensor Head TYPE A ABB
000000000010000103,EN,Crusher Hydroset Cylinder HD KSB
000000000030000019,EN,Vertical Sump Pump Column 110KW KSB
000000000010000104,EN,Variable Speed Drive Unit 250KW ABB
000000000010000105,EN,PLC Digital Output Card TYPE B SEW
000000000010000106,EN,Gearbox Bearing HD KSB
000000000010000107,EN,Conveyor Take-Up Pulley TYPE B SIEMENS
000000000010000108,EN,Skirt Rubber Liner Section DN150 FLSM
000000000010000109,EN,Ball Mill Shell Liner Plate 110KW
000000000080000025,EN,Crusher Main Shaft Bearing 200MM SANDVIK
000000000010000110,EN,Ball Mill Shell Liner Plate 250KW FLSM
000000000030000020,EN,Cyclone Apex Liner DN100 SANDVIK
000000000010000111,EN,Ball Mill Shell Liner Plate 8/6 METSO
000000000010000112,EN,Slurry Pump Mechanical Seal 250MM FLSM
000000000010000113,EN,Cyclone Apex Liner TYPE A SKF
000000000010000114,EN,Spherical Roller Bearing TYPE A ABB
000000000010000115,EN,Slurry Pump Wet End Assembly 250MM SKF
000000000010000116,EN,Ball Mill Shell Liner Plate DN150 WEIR
000000000030000021,EN,Belt Scraper Blade Cartridge DN150 ABB
000000000010000117,EN,Ball Mill Gearbox Assembly DN100 ABB
000000000010000118,EN,Slurry Pump Wet End Assembly 250KW WEIR
000000000010000119,EN,Screen Exciter Bearing DN150 METSO
000000000010000120,EN,Vertical Sump Pump Column DN150 ABB
000000000030000022,EN,Apron Feeder Gear Reducer 6/4 METSO
000000000090000004,EN,Slurry Density Transmitter 6/4 ABB
000000000010000121,EN,MCC Feeder Circuit Breaker 250MM KSB
000000000010000122,EN,Crusher Hydroset Cylinder 150MM SIEMENS
000000000010000123,EN,Ball Mill Shell Liner Plate TYPE B
000000000010000124,EN,Ball Mill Gearbox Assembly 6/4 FLSM
000000000080000026,EN,Ventilation Fan Motor DN150 MULTOTEC
000000000010000125,EN,Crusher Main Shaft Bearing 150MM SEW
000000000080000027,EN,Thickener Rake Drive Gearbox 8/6 KSB
000000000010000126,EN,Thickener Rake Seal Kit TYPE A SEW
000000000010000127,EN,Thickener Rake Seal Kit 250MM ABB
000000000010000128,EN,Conveyor Drive Motor TYPE B SEW
000000000010000129,EN,Hydraulic Power Pack 200MM FLSM
000000000010000130,EN,Belt Scraper Blade Cartridge DN100 FLSM
000000000010000131,EN,Ventilation Fan Motor 200MM MULTOTEC
000000000010000132,EN,Spherical Roller Bearing 250MM SKF
000000000010000133,EN,Flotation Blower Motor 8/6 ABB
000000000010000134,EN,Apron Feeder Gear Reducer 250KW WEIR
000000000010000135,EN,Ball Mill Shell Liner Plate 10/8 ABB
000000000010000136,EN,Variable Speed Drive Unit 250KW SEW
000000000090000005,EN,Spherical Roller Bearing HD ABB
000000000010000137,EN,Valve Assembly 250MM WEIR
000000000010000138,EN,Flotation Cell Impeller 6/4 SEW
000000000080000028,EN,Conveyor Idler Roller Set 250MM METSO
000000000080000029,EN,Thickener Rake Seal Kit DN150 KSB
000000000010000139,EN,Conveyor Take-Up Pulley 200MM METSO
000000000010000140,EN,Level Radar Transmitter TYPE A FLSM
000000000010000141,EN,Mill Lube Pump Motor HD SIEMENS
000000000080000030,EN,Thickener Rake Drive Gearbox TYPE B FLSM
000000000010000142,EN,Ball Mill Shell Liner Plate 8/6 WEIR
000000000010000143,EN,Soft Starter Power Module 6/4 KSB
000000000010000144,EN,Conveyor Idler Roller Set 150MM SEW
000000000010000145,EN,Ball Mill Trunnion Bearing 200MM WEIR
000000000080000031,EN,Screen Exciter Bearing 10/8 ABB
000000000010000146,EN,Hydraulic Power Pack HD WEIR
000000000010000147,EN,Screen Exciter Bearing 8/6 KSB
000000000030000023,EN,Crusher Main Shaft Bearing DN150 FLSM
000000000010000148,EN,Screen Exciter Bearing DN150 SIEMENS
000000000010000149,EN,Centrifugal Pump Casing 55KW SIEMENS
000000000080000032,EN,Flotation Cell Impeller 150MM METSO
000000000010000150,EN,Pressure Transmitter Assembly HD
000000000010000151,EN,Pump Impeller TYPE B SIEMENS
000000000010000152,EN,Conveyor Drive Gearbox 10/8 ABB
000000000010000153,EN,Slurry Pump Mechanical Seal 250MM SEW
000000000080000033,EN,Mill Lube Pump Motor 150MM SKF
000000000010000154,EN,Ball Mill Shell Liner Plate DN100 SEW
000000000010000155,EN,Flow Meter Sensor Head 150MM SEW
000000000010000156,EN,Vertical Sump Pump Column 250MM SKF
000000000080000034,EN,Belt Scraper Blade Cartridge 250MM ABB
000000000010000157,EN,Hydraulic Pump Assembly 8/6 MULTOTEC
000000000030000024,EN,Hydraulic Pump Assembly 6/4 ABB
000000000080000035,EN,Gearbox Bearing 8/6 MULTOTEC
000000000010000158,EN,Conveyor Idler Roller Set 200MM SANDVIK
000000000010000159,EN,Flotation Cell Impeller 10/8 KSB
000000000010000160,EN,Conveyor Drive Motor 250KW KSB
000000000080000036,EN,Cyclone Apex Liner 8/6 SEW
000000000010000161,EN,Hydraulic Pump Assembly TYPE A KSB
000000000010000162,EN,Vertical Sump Pump Column 150MM KSB
000000000010000163,EN,Level Radar Transmitter TYPE A ABB
000000000080000037,EN,Slurry Density Transmitter TYPE A ABB
000000000010000164,EN,Hydraulic Pump Assembly 6/4 WEIR
000000000010000165,EN,Hydraulic Power Pack DN150 SKF
000000000010000166,EN,Ventilation Fan Motor DN150 SANDVIK
000000000010000167,EN,Vertical Sump Pump Column 150MM METSO
000000000010000168,EN,Centrifugal Pump Casing 55KW SIEMENS
000000000080000038,EN,Centrifugal Pump Casing 6/4 MULTOTEC
000000000010000169,EN,Conveyor Pulley Bearing 250KW MULTOTEC
000000000010000170,EN,MCC Feeder Circuit Breaker 150MM
000000000080000039,EN,Slurry Density Transmitter 250KW
000000000010000171,EN,Skirt Rubber Liner Section 250MM FLSM
000000000030000025,EN,Hydraulic Power Pack 150MM SEW
000000000030000026,EN,Pressure Transmitter Assembly 10/8
000000000010000172,EN,MCC Feeder Circuit Breaker DN150 KSB
000000000030000027,EN,Skirt Rubber Liner Section 55KW WEIR
000000000030000028,EN,Skirt Rubber Liner Section 110KW FLSM
000000000010000173,EN,Belt Scraper Blade Cartridge 6/4 ABB
000000000010000174,EN,Hydraulic Pump Assembly 55KW SANDVIK
000000000030000029,EN,Pressure Transmitter Assembly 250KW KSB
000000000010000175,EN,Crusher Hydroset Cylinder TYPE B SIEMENS
000000000010000176,EN,Vertical Sump Pump Column 250MM SIEMENS
000000000010000177,EN,Flotation Cell Impeller 250KW FLSM
000000000010000178,EN,Soft Starter Power Module 250KW KSB
000000000030000030,EN,Crusher Hydroset Cylinder 150MM MULTOTEC
000000000010000179,EN,Ventilation Fan Motor 250MM FLSM
000000000010000180,EN,Cyclone Apex Liner 10/8 FLSM
000000000010000181,EN,Screen Exciter Bearing 8/6 FLSM
000000000010000182,EN,Thickener Rake Seal Kit TYPE A SANDVIK
000000000010000183,EN,Level Radar Transmitter 8/6 FLSM
000000000010000184,EN,Screen Exciter Bearing 55KW SIEMENS
000000000010000185,EN,Thickener Rake Drive Gearbox HD
000000000010000186,EN,Crusher Hydroset Cylinder 6/4 METSO
000000000010000187,EN,Vertical Sump Pump Column 8/6 METSO
000000000010000188,EN,MCC Feeder Circuit Breaker 8/6 MULTOTEC
000000000010000189,EN,Cyclone Apex Liner TYPE B METSO
000000000010000190,EN,Ball Mill Gearbox Assembly 110KW ABB
000000000010000191,EN,Hydraulic Pump Assembly DN150 SIEMENS
000000000080000040,EN,Slurry Density Transmitter 250KW SKF
000000000010000192,EN,Slurry Pump Wet End Assembly TYPE B SKF
000000000010000193,EN,Mill Lube Pump Motor 250KW WEIR
000000000080000041,EN,Centrifugal Pump Casing 8/6 WEIR
000000000090000006,EN,MCC Feeder Circuit Breaker 150MM WEIR
000000000080000042,EN,Gland Packing Seal Ring TYPE B SANDVIK
000000000010000194,EN,Flow Meter Sensor Head 110KW ABB
000000000030000031,EN,MCC Feeder Circuit Breaker DN150 WEIR
000000000080000043,EN,Gearbox Bearing 200MM ABB
000000000080000044,EN,Ball Mill Trunnion Bearing DN100 KSB
000000000010000195,EN,Ball Mill Shell Liner Plate 8/6 WEIR
000000000010000196,EN,PLC Digital Output Card 250KW MULTOTEC
000000000090000007,EN,Thickener Rake Seal Kit TYPE A MULTOTEC
000000000010000197,EN,PLC Digital Output Card 250KW METSO
000000000030000032,EN,Conveyor Drive Motor 8/6 SANDVIK
000000000080000045,EN,Ball Mill Shell Liner Plate 250MM
000000000010000198,EN,Pressure Transmitter Assembly HD
000000000030000033,EN,Skirt Rubber Liner Section 110KW SANDVIK
000000000080000046,EN,Ball Mill Gearbox Assembly 6/4 SIEMENS
000000000010000199,EN,Soft Starter Power Module DN150 WEIR
000000000080000047,EN,Flotation Cell Impeller 8/6 WEIR
000000000010000200,EN,Conveyor Idler Roller Set 55KW SKF
000000000010000201,EN,Conveyor Take-Up Pulley 250KW SIEMENS
000000000030000034,EN,PLC Digital Output Card 10/8 ABB
000000000010000202,EN,Slurry Density Transmitter 250KW SEW
000000000010000203,EN,Flow Meter Sensor Head TYPE B SANDVIK
000000000030000035,EN,Gearbox Bearing DN100 FLSM
000000000030000036,EN,Pressure Transmitter Assembly 250KW WEIR
000000000010000204,EN,Soft Starter Power Module 55KW WEIR
000000000010000205,EN,Pump Impeller HD SEW
000000000080000048,EN,Hydraulic Power Pack 110KW KSB
000000000030000037,EN,Flotation Blower Motor 55KW SEW
000000000010000206,EN,Hydraulic Pump Assembly 250MM SKF
000000000010000207,EN,Flow Meter Sensor Head 250MM METSO
000000000030000038,EN,Pressure Transmitter Assembly 110KW
000000000010000208,EN,Mill Lube Pump Motor 200MM KSB
000000000090000008,EN,Apron Feeder Gear Reducer 200MM SKF
000000000010000209,EN,Screen Exciter Bearing 6/4 SEW
000000000030000039,EN,Conveyor Idler Roller Set TYPE B SANDVIK
000000000010000210,EN,Conveyor Take-Up Pulley DN100 SIEMENS
000000000080000049,EN,Spherical Roller Bearing 250KW SIEMENS
000000000010000211,EN,Hydraulic Pump Assembly 250MM METSO
000000000080000050,EN,Conveyor Take-Up Pulley TYPE B SANDVIK
000000000010000212,EN,Gland Packing Seal Ring 6/4 FLSM
000000000010000213,EN,Hydraulic Pump Assembly 150MM WEIR
000000000080000051,EN,Ball Mill Trunnion Bearing HD SEW
000000000010000214,EN,Conveyor Idler Roller Set 6/4 WEIR
000000000010000215,EN,Crusher Hydroset Cylinder TYPE B METSO
000000000010000216,EN,Crusher Hydroset Cylinder TYPE A ABB
000000000090000009,EN,Level Radar Transmitter HD KSB
000000000010000217,EN,Conveyor Pulley Bearing 200MM SIEMENS
000000000010000218,EN,Ball Mill Shell Liner Plate 6/4 FLSM
000000000010000219,EN,Cyclone Apex Liner TYPE B ABB
000000000080000052,EN,Crusher Main Shaft Bearing 250MM SIEMENS
000000000080000053,EN,Level Radar Transmitter 55KW ABB
000000000080000054,EN,Vertical Sump Pump Column 200MM KSB
000000000010000220,EN,Variable Speed Drive Unit 55KW SANDVIK
000000000090000010,EN,Conveyor Drive Gearbox TYPE A SANDVIK
000000000090000011,EN,Mill Lube Pump Motor DN100 FLSM
000000000030000040,EN,Ball Mill Trunnion Bearing DN100
000000000030000041,EN,Crusher Hydroset Cylinder 250KW SKF
000000000090000012,EN,Valve Assembly 110KW KSB
000000000010000221,EN,Gearbox Bearing TYPE A WEIR
000000000080000055,EN,Slurry Pump Wet End Assembly 200MM ABB
000000000010000222,EN,Mill Liner 150MM WEIR
000000000010000223,EN,Slurry Pump Wet End Assembly DN100 METSO
000000000010000224,EN,Cyclone Apex Liner 150MM KSB
000000000010000225,EN,Conveyor Drive Gearbox TYPE A FLSM
000000000010000226,EN,Soft Starter Power Module HD SANDVIK
000000000010000227,EN,Belt Scraper Blade Cartridge TYPE B
000000000030000042,EN,Ventilation Fan Motor 150MM WEIR
000000000080000056,EN,Pressure Transmitter Assembly HD
000000000090000013,EN,Flow Meter Sensor Head 250MM WEIR
000000000080000057,EN,Slurry Pump Wet End Assembly DN100 WEIR
000000000010000228,EN,Conveyor Drive Gearbox DN150 KSB
000000000080000058,EN,Pump Impeller HD SANDVIK
000000000010000229,EN,Cyclone Apex Liner 10/8 METSO
000000000030000043,EN,Gland Packing Seal Ring HD WEIR
000000000030000044,EN,Ball Mill Trunnion Bearing 110KW SIEMENS
000000000010000230,EN,Vertical Sump Pump Column 250KW FLSM
000000000030000045,EN,Crusher Hydroset Cylinder 250MM METSO
000000000010000231,EN,Vertical Sump Pump Column DN100 SANDVIK
000000000010000232,EN,Skirt Rubber Liner Section DN100 SKF
000000000010000233,EN,Valve Assembly HD MULTOTEC
000000000010000234,EN,Level Radar Transmitter 6/4 ABB
000000000010000235,EN,Slurry Density Transmitter DN150 SEW
000000000030000046,EN,Hydraulic Pump Assembly 110KW MULTOTEC
000000000010000236,EN,Slurry Pump Wet End Assembly HD METSO
000000000030000047,EN,Thickener Rake Drive Gearbox TYPE B FLSM
000000000010000237,EN,Thickener Rake Drive Gearbox TYPE A SKF
000000000010000238,EN,Crusher Hydroset Cylinder 110KW SIEMENS
000000000030000048,EN,Cyclone Apex Liner DN150 ABB
000000000010000239,EN,MCC Feeder Circuit Breaker TYPE B KSB
000000000010000240,EN,Slurry Density Transmitter 250KW FLSM
000000000010000241,EN,Ball Mill Gearbox Assembly 110KW SIEMENS
000000000010000242,EN,Ball Mill Gearbox Assembly 55KW KSB
000000000030000049,EN,Slurry Pump Wet End Assembly 250MM WEIR
000000000010000243,EN,Conveyor Pulley Bearing DN150 SEW
000000000090000014,EN,Vertical Sump Pump Column 6/4 ABB
000000000010000244,EN,Hydraulic Power Pack TYPE B SEW
000000000010000245,EN,Flotation Cell Impeller 6/4 SEW
000000000010000246,EN,Thickener Rake Drive Gearbox TYPE B SKF
000000000010000247,EN,Soft Starter Power Module 8/6 SEW
000000000010000248,EN,Soft Starter Power Module HD SEW
000000000080000059,EN,Valve Assembly TYPE A SIEMENS
000000000030000050,EN,Gland Packing Seal Ring TYPE B SKF
000000000010000249,EN,Screen Exciter Bearing 250MM WEIR
000000000080000060,EN,Variable Speed Drive Unit 150MM METSO
000000000080000061,EN,Hydraulic Pump Assembly 150MM KSB
000000000080000062,EN,Agitator Shaft Seal 10/8 SKF
000000000010000250,EN,Conveyor Take-Up Pulley DN150 SKF
000000000080000063,EN,Ball Mill Trunnion Bearing 55KW SANDVIK
000000000010000251,EN,Slurry Pump Mechanical Seal 8/6 SANDVIK
000000000010000252,EN,Thickener Rake Seal Kit 110KW METSO
000000000010000253,EN,Flotation Blower Motor 200MM FLSM
000000000030000051,EN,Flotation Cell Impeller DN150 SIEMENS
000000000010000254,EN,Flotation Cell Impeller 10/8 WEIR
000000000010000255,EN,MCC Feeder Circuit Breaker TYPE B METSO
000000000010000256,EN,Level Radar Transmitter 8/6 WEIR
000000000090000015,EN,Mill Lube Pump Motor DN100 METSO
000000000030000052,EN,Pressure Transmitter Assembly 150MM
000000000010000257,EN,PLC Digital Output Card TYPE A SEW
000000000010000258,EN,Conveyor Drive Motor 55KW ABB
000000000010000259,EN,Flotation Cell Impeller 150MM SEW
000000000080000064,EN,Gland Packing Seal Ring TYPE B FLSM
000000000010000260,EN,Crusher Hydroset Cylinder 200MM MULTOTEC
000000000080000065,EN,Mill Liner 6/4 WEIR
000000000010000261,EN,Hydraulic Pump Assembly DN100 MULTOTEC
000000000010000262,EN,Ventilation Fan Motor HD FLSM
000000000010000263,EN,Flotation Cell Impeller HD SIEMENS
000000000010000264,EN,Flotation Cell Impeller 250KW ABB
000000000010000265,EN,Flotation Cell Impeller 110KW ABB
000000000010000266,EN,Conveyor Idler Roller Set DN100 SEW
000000000030000053,EN,Ball Mill Gearbox Assembly 8/6 WEIR
000000000080000066,EN,Thickener Rake Drive Gearbox 250MM
000000000030000054,EN,Pump Impeller 150MM ABB
000000000030000055,EN,Conveyor Idler Roller Set DN100 SIEMENS
000000000010000267,EN,Ventilation Fan Motor HD FLSM
000000000030000056,EN,Slurry Pump Mechanical Seal 250KW
000000000010000268,EN,Screen Exciter Bearing HD SANDVIK
000000000010000269,EN,Ball Mill Gearbox Assembly 150MM WEIR
000000000080000067,EN,Crusher Hydroset Cylinder 150MM WEIR
000000000080000068,EN,Thickener Rake Seal Kit 200MM FLSM
000000000010000270,EN,PLC Digital Output Card 6/4 METSO
000000000010000271,EN,MCC Feeder Circuit Breaker 250MM FLSM
000000000010000272,EN,Thickener Rake Drive Gearbox HD KSB
000000000010000273,EN,Ball Mill Shell Liner Plate 6/4 SANDVIK
000000000030000057,EN,Ball Mill Shell Liner Plate DN100 WEIR
000000000030000058,EN,Valve Assembly HD ABB
000000000010000274,EN,Slurry Pump Mechanical Seal HD KSB
000000000080000069,EN,Thickener Rake Seal Kit HD WEIR
000000000080000070,EN,Pump Impeller 250KW SEW
000000000010000275,EN,Mill Lube Pump Motor 110KW SIEMENS
000000000030000059,EN,Mill Lube Pump Motor TYPE A KSB
000000000030000060,EN,Crusher Hydroset Cylinder 8/6 KSB
000000000010000276,EN,Thickener Rake Drive Gearbox TYPE B SEW
000000000010000277,EN,Flow Meter Sensor Head 55KW SANDVIK
000000000010000278,EN,Slurry Density Transmitter HD METSO
000000000010000279,EN,Conveyor Take-Up Pulley TYPE B SIEMENS
000000000010000280,EN,Soft Starter Power Module 250KW SANDVIK
000000000010000281,EN,Centrifugal Pump Casing TYPE A SEW
000000000010000282,EN,Hydraulic Pump Assembly 250MM ABB
000000000030000061,EN,Ball Mill Trunnion Bearing 250KW FLSM
000000000010000283,EN,Conveyor Drive Motor 250MM SEW
000000000010000284,EN,Crusher Main Shaft Bearing TYPE A SKF
000000000010000285,EN,Conveyor Take-Up Pulley 200MM WEIR
000000000080000071,EN,Conveyor Drive Motor TYPE B SANDVIK
000000000010000286,EN,Thickener Rake Drive Gearbox 250KW
000000000010000287,EN,Slurry Pump Mechanical Seal 8/6 ABB
000000000010000288,EN,Mill Liner TYPE B WEIR
000000000010000289,EN,Ball Mill Shell Liner Plate 200MM ABB
000000000010000290,EN,Slurry Density Transmitter DN100
000000000010000291,EN,Valve Assembly 10/8 SEW
000000000010000292,EN,Cyclone Apex Liner 250KW SANDVIK
000000000010000293,EN,Ball Mill Shell Liner Plate HD SKF
000000000010000294,EN,Valve Assembly 55KW KSB
000000000080000072,EN,Pump Impeller TYPE B SKF
000000000010000295,EN,Slurry Pump Mechanical Seal 250MM FLSM
000000000010000296,EN,Crusher Main Shaft Bearing 200MM ABB
000000000010000297,EN,Conveyor Idler Roller Set 10/8 KSB
000000000010000298,EN,PLC Digital Output Card 8/6 SANDVIK
000000000010000299,EN,Variable Speed Drive Unit 8/6 SIEMENS
000000000080000073,EN,Skirt Rubber Liner Section 10/8 METSO
000000000010000300,EN,Crusher Hydroset Cylinder DN100 SEW
000000000010000301,EN,Centrifugal Pump Casing 6/4 SANDVIK
000000000010000302,EN,Hydraulic Pump Assembly 200MM SEW
000000000010000303,EN,Thickener Rake Drive Gearbox TYPE A SEW
000000000010000304,EN,Mill Liner 110KW SKF
000000000080000074,EN,Vertical Sump Pump Column HD SIEMENS
000000000080000075,EN,Mill Liner 8/6 FLSM
000000000010000305,EN,Mill Lube Pump Motor 250KW ABB
000000000010000306,EN,Skirt Rubber Liner Section DN100 KSB
000000000010000307,EN,Centrifugal Pump Casing HD SEW
000000000010000308,EN,Hydraulic Pump Assembly TYPE B MULTOTEC
000000000010000309,EN,Crusher Hydroset Cylinder 150MM SKF
000000000010000310,EN,Slurry Density Transmitter 250KW KSB
000000000030000062,EN,Ball Mill Shell Liner Plate 55KW KSB
000000000010000311,EN,Crusher Hydroset Cylinder 8/6 WEIR
000000000010000312,EN,Hydraulic Pump Assembly 110KW FLSM
000000000030000063,EN,Hydraulic Power Pack 55KW SKF
000000000010000313,EN,Conveyor Idler Roller Set DN100 SIEMENS
000000000010000314,EN,Flow Meter Sensor Head 250KW WEIR
000000000010000315,EN,Conveyor Take-Up Pulley HD ABB
000000000010000316,EN,Flotation Blower Motor 55KW ABB
000000000010000317,EN,Pressure Transmitter Assembly 6/4 SEW
000000000010000318,EN,Slurry Pump Mechanical Seal 8/6
000000000010000319,EN,Vertical Sump Pump Column HD ABB
000000000030000064,EN,Flow Meter Sensor Head DN150 ABB
000000000010000320,EN,Conveyor Drive Motor 250MM SEW
000000000030000065,EN,Conveyor Drive Gearbox 200MM SANDVIK
000000000010000321,EN,Conveyor Take-Up Pulley HD WEIR
000000000010000322,EN,Soft Starter Power Module DN100 FLSM
000000000030000066,EN,Pressure Transmitter Assembly HD SIEMENS
000000000010000323,EN,Pump Impeller TYPE A SKF
000000000010000324,EN,Thickener Rake Seal Kit 200MM SKF
000000000030000067,EN,Pump Impeller 55KW SKF
000000000010000325,EN,Cyclone Apex Liner 250KW ABB
000000000010000326,EN,Conveyor Pulley Bearing DN150 METSO
000000000010000327,EN,Mill Lube Pump Motor TYPE B METSO
000000000030000068,EN,Flotation Cell Impeller 200MM FLSM
000000000010000328,EN,Hydraulic Pump Assembly 8/6 FLSM
000000000010000329,EN,Thickener Rake Drive Gearbox 10/8
000000000030000069,EN,Hydraulic Power Pack 8/6 KSB
000000000010000330,EN,Conveyor Drive Gearbox DN150 SANDVIK
000000000010000331,EN,Mill Lube Pump Motor 55KW SKF
000000000010000332,EN,Spherical Roller Bearing 150MM METSO
000000000010000333,EN,Pressure Transmitter Assembly HD KSB
000000000080000076,EN,PLC Digital Output Card 150MM METSO
000000000010000334,EN,Thickener Rake Drive Gearbox DN100
000000000010000335,EN,Slurry Pump Mechanical Seal 55KW METSO
000000000090000016,EN,Skirt Rubber Liner Section 200MM SANDVIK
000000000010000336,EN,Ball Mill Trunnion Bearing 55KW SANDVIK
000000000030000070,EN,Slurry Pump Mechanical Seal TYPE A ABB
000000000010000337,EN,Ventilation Fan Motor 110KW SKF
000000000080000077,EN,Conveyor Pulley Bearing DN150 SKF
000000000030000071,EN,Hydraulic Pump Assembly 200MM METSO
000000000010000338,EN,Apron Feeder Gear Reducer 250MM SIEMENS
000000000080000078,EN,Mill Liner 6/4 SKF
000000000010000339,EN,Flow Meter Sensor Head DN150 SEW
000000000010000340,EN,Flow Meter Sensor Head DN150 SEW
000000000010000341,EN,Ball Mill Shell Liner Plate 55KW ABB
000000000010000342,EN,Valve Assembly DN100 SANDVIK
000000000010000343,EN,Centrifugal Pump Casing 8/6 FLSM
000000000010000344,EN,Mill Lube Pump Motor 250MM MULTOTEC
000000000010000345,EN,Spherical Roller Bearing DN150 FLSM
000000000010000346,EN,Conveyor Drive Gearbox 6/4 WEIR
000000000080000079,EN,Gland Packing Seal Ring 200MM ABB
000000000010000347,EN,Apron Feeder Gear Reducer DN100 ABB
000000000010000348,EN,Thickener Rake Seal Kit DN150 WEIR
000000000010000349,EN,Flow Meter Sensor Head 6/4 SEW
000000000030000072,EN,Thickener Rake Seal Kit DN100 MULTOTEC
000000000010000350,EN,Slurry Pump Mechanical Seal HD METSO
000000000010000351,EN,PLC Digital Output Card DN150 ABB
000000000010000352,EN,Crusher Hydroset Cylinder 200MM WEIR
000000000010000353,EN,Flotation Cell Impeller 10/8 MULTOTEC
000000000010000354,EN,Conveyor Drive Gearbox DN100 SANDVIK
000000000030000073,EN,Pump Impeller TYPE B SANDVIK
000000000010000355,EN,Ball Mill Shell Liner Plate 250KW SKF
000000000010000356,EN,Ball Mill Gearbox Assembly 250MM SKF
000000000010000357,EN,Flow Meter Sensor Head TYPE B SEW
000000000010000358,EN,Thickener Rake Drive Gearbox 55KW SEW
000000000010000359,EN,Ball Mill Shell Liner Plate 55KW KSB
000000000010000360,EN,MCC Feeder Circuit Breaker 150MM SANDVIK
000000000010000361,EN,Ball Mill Trunnion Bearing HD WEIR
000000000030000074,EN,PLC Digital Output Card HD FLSM
000000000010000362,EN,Ball Mill Shell Liner Plate 150MM KSB
000000000010000363,EN,Slurry Density Transmitter 250KW WEIR
000000000010000364,EN,Flow Meter Sensor Head 6/4 SANDVIK
000000000010000365,EN,Pressure Transmitter Assembly 6/4
000000000010000366,EN,Slurry Density Transmitter DN100 FLSM
000000000010000367,EN,Soft Starter Power Module 250KW WEIR
000000000010000368,EN,Mill Lube Pump Motor 10/8 WEIR
000000000080000080,EN,Soft Starter Power Module 6/4 KSB
000000000010000369,EN,Hydraulic Power Pack DN150 KSB
000000000010000370,EN,Spherical Roller Bearing 250MM MULTOTEC
000000000030000075,EN,Hydraulic Power Pack 8/6 SANDVIK
000000000080000081,EN,Pressure Transmitter Assembly 110KW SKF
000000000010000371,EN,Spherical Roller Bearing 6/4 MULTOTEC
000000000030000076,EN,Belt Scraper Blade Cartridge 8/6 ABB
000000000030000077,EN,Thickener Rake Seal Kit 250KW METSO
000000000010000372,EN,Conveyor Drive Gearbox HD MULTOTEC
000000000080000082,EN,Pump Impeller 250KW FLSM
000000000010000373,EN,Valve Assembly 8/6 MULTOTEC
000000000010000374,EN,Hydraulic Pump Assembly 6/4 SANDVIK
000000000080000083,EN,Conveyor Drive Motor TYPE A FLSM
000000000010000375,EN,Conveyor Drive Motor 10/8 METSO
000000000080000084,EN,Conveyor Idler Roller Set 200MM WEIR
000000000010000376,EN,Pump Impeller 10/8 ABB
000000000010000377,EN,Ventilation Fan Motor 8/6 SEW
000000000010000378,EN,Crusher Main Shaft Bearing DN150 ABB
000000000090000017,EN,Screen Exciter Bearing DN150 SEW
000000000080000085,EN,Gland Packing Seal Ring 250KW FLSM
000000000080000086,EN,Skirt Rubber Liner Section 150MM WEIR
000000000010000379,EN,Flotation Cell Impeller TYPE A METSO
000000000080000087,EN,Flotation Blower Motor 8/6 METSO
000000000030000078,EN,Centrifugal Pump Casing 6/4 SKF
000000000030000079,EN,Hydraulic Power Pack TYPE A SEW
000000000010000380,EN,Conveyor Pulley Bearing TYPE B SEW
000000000010000381,EN,Conveyor Idler Roller Set DN150 KSB
000000000010000382,EN,Ball Mill Shell Liner Plate 150MM
000000000010000383,EN,PLC Digital Output Card DN100 KSB
000000000010000384,EN,Flotation Cell Impeller DN150 MULTOTEC
000000000030000080,EN,Ventilation Fan Motor 8/6 MULTOTEC
000000000030000081,EN,Slurry Pump Mechanical Seal 150MM SEW
000000000010000385,EN,Hydraulic Power Pack 200MM KSB
000000000080000088,EN,Level Radar Transmitter DN100 WEIR
000000000030000082,EN,Conveyor Idler Roller Set DN150 WEIR
000000000010000386,EN,Pressure Transmitter Assembly DN100 WEIR
000000000010000387,EN,Skirt Rubber Liner Section HD SEW
000000000080000089,EN,Belt Scraper Blade Cartridge 200MM ABB
000000000030000083,EN,Conveyor Drive Motor TYPE B FLSM
000000000090000018,EN,Ball Mill Shell Liner Plate 55KW WEIR
000000000010000388,EN,Skirt Rubber Liner Section 8/6 SIEMENS
000000000080000090,EN,PLC Digital Output Card DN150 SEW
000000000010000389,EN,Conveyor Take-Up Pulley 110KW WEIR
000000000010000390,EN,Ventilation Fan Motor 250MM SIEMENS
000000000030000084,EN,Conveyor Idler Roller Set 10/8 WEIR
000000000010000391,EN,Conveyor Pulley Bearing 10/8 MULTOTEC
000000000030000085,EN,Gearbox Bearing 6/4 MULTOTEC
000000000010000392,EN,Belt Scraper Blade Cartridge 110KW WEIR
000000000010000393,EN,Ventilation Fan Motor 10/8 SEW
000000000010000394,EN,Soft Starter Power Module 8/6 WEIR
000000000010000395,EN,Slurry Pump Mechanical Seal HD
000000000010000396,EN,Cyclone Apex Liner TYPE A MULTOTEC
000000000090000019,EN,Conveyor Pulley Bearing 110KW MULTOTEC
000000000010000397,EN,Cyclone Apex Liner 150MM WEIR
000000000010000398,EN,Vertical Sump Pump Column 6/4 KSB
000000000010000399,EN,Pressure Transmitter Assembly 250KW
000000000010000400,EN,Slurry Pump Mechanical Seal 6/4 SKF
000000000080000091,EN,Ventilation Fan Motor HD MULTOTEC
000000000010000401,EN,Flotation Blower Motor 10/8 SANDVIK
000000000010000402,EN,Ball Mill Trunnion Bearing 250MM METSO
000000000010000403,EN,Pump Impeller 200MM SIEMENS
000000000030000086,EN,MCC Feeder Circuit Breaker HD SIEMENS
000000000010000404,EN,Conveyor Idler Roller Set 250KW FLSM
000000000010000405,EN,Hydraulic Pump Assembly TYPE A METSO
000000000010000406,EN,Skirt Rubber Liner Section DN100 ABB
000000000080000092,EN,Ventilation Fan Motor 10/8 MULTOTEC
000000000010000407,EN,Pressure Transmitter Assembly 10/8
000000000010000408,EN,Soft Starter Power Module 6/4 SKF
000000000090000020,EN,Thickener Rake Drive Gearbox TYPE A SEW
000000000010000409,EN,Hydraulic Power Pack 150MM MULTOTEC
000000000010000410,EN,Pressure Transmitter Assembly 55KW METSO
000000000090000021,EN,Soft Starter Power Module TYPE B FLSM
000000000080000093,EN,Thickener Rake Drive Gearbox DN150
000000000080000094,EN,Crusher Main Shaft Bearing DN100 SKF
000000000030000087,EN,Ball Mill Gearbox Assembly 55KW MULTOTEC
000000000080000095,EN,Pressure Transmitter Assembly 6/4 METSO
000000000010000411,EN,Mill Liner 55KW WEIR
000000000010000412,EN,MCC Feeder Circuit Breaker HD WEIR
000000000010000413,EN,Flow Meter Sensor Head TYPE B SEW
000000000010000414,EN,Variable Speed Drive Unit 250KW ABB
000000000030000088,EN,PLC Digital Output Card 55KW WEIR
000000000010000415,EN,Ball Mill Gearbox Assembly TYPE B KSB
000000000010000416,EN,Spherical Roller Bearing 250MM WEIR
000000000010000417,EN,Conveyor Idler Roller Set 110KW KSB
000000000030000089,EN,Gearbox Bearing HD MULTOTEC
000000000090000022,EN,MCC Feeder Circuit Breaker 250MM FLSM
000000000010000418,EN,Hydraulic Power Pack 10/8 SEW
000000000010000419,EN,Hydraulic Pump Assembly 150MM MULTOTEC
000000000010000420,EN,PLC Digital Output Card 6/4 ABB
000000000010000421,EN,Level Radar Transmitter 250KW MULTOTEC
000000000080000096,EN,Conveyor Idler Roller Set TYPE A KSB
000000000010000422,EN,Cyclone Apex Liner DN100 METSO
000000000010000423,EN,Skirt Rubber Liner Section 6/4 KSB
000000000010000424,EN,Flow Meter Sensor Head 200MM ABB
000000000010000425,EN,Variable Speed Drive Unit 8/6 SIEMENS
000000000010000426,EN,Conveyor Idler Roller Set 200MM WEIR
000000000010000427,EN,Mill Lube Pump Motor 150MM FLSM
000000000010000428,EN,Conveyor Take-Up Pulley 10/8 SKF
000000000010000429,EN,Flotation Blower Motor DN100 SIEMENS
000000000010000430,EN,Vertical Sump Pump Column 55KW SIEMENS
000000000010000431,EN,Conveyor Drive Gearbox 10/8 ABB
000000000010000432,EN,Conveyor Drive Gearbox 250MM MULTOTEC
000000000030000090,EN,Crusher Hydroset Cylinder 110KW KSB
000000000010000433,EN,Slurry Density Transmitter 200MM FLSM
000000000010000434,EN,Slurry Density Transmitter 150MM WEIR
000000000010000435,EN,Apron Feeder Gear Reducer 200MM ABB
000000000010000436,EN,Cyclone Apex Liner TYPE B METSO
000000000010000437,EN,Ball Mill Shell Liner Plate 250MM WEIR
000000000030000091,EN,Slurry Density Transmitter DN150 SEW
000000000010000438,EN,Vertical Sump Pump Column HD SKF
000000000010000439,EN,Soft Starter Power Module HD SIEMENS
000000000010000440,EN,Slurry Density Transmitter 6/4 SKF
000000000030000092,EN,Ball Mill Shell Liner Plate DN150 ABB
000000000010000441,EN,Slurry Pump Mechanical Seal 250MM ABB
000000000080000097,EN,Vertical Sump Pump Column 8/6 WEIR
000000000010000442,EN,Vertical Sump Pump Column 250KW SKF
000000000010000443,EN,Flow Meter Sensor Head 10/8 SEW
000000000010000444,EN,Hydraulic Pump Assembly DN100 SKF
000000000010000445,EN,Mill Lube Pump Motor 6/4 METSO
000000000010000446,EN,Valve Assembly 55KW SKF
000000000030000093,EN,Level Radar Transmitter 8/6 KSB
000000000080000098,EN,MCC Feeder Circuit Breaker 8/6 SIEMENS
000000000010000447,EN,Flow Meter Sensor Head TYPE A SKF
000000000010000448,EN,Pressure Transmitter Assembly 150MM
000000000010000449,EN,MCC Feeder Circuit Breaker HD SKF
000000000030000094,EN,Pressure Transmitter Assembly TYPE A
000000000010000450,EN,Belt Scraper Blade Cartridge DN150 SEW
000000000090000023,EN,Mill Liner 250KW WEIR
000000000010000451,EN,Slurry Pump Mechanical Seal 150MM KSB
000000000030000095,EN,Pressure Transmitter Assembly HD WEIR
000000000010000452,EN,Thickener Rake Seal Kit 8/6 SKF
000000000010000453,EN,Conveyor Take-Up Pulley TYPE B KSB
000000000010000454,EN,Pressure Transmitter Assembly 250MM SEW
000000000080000099,EN,Level Radar Transmitter 250MM MULTOTEC
000000000010000455,EN,Flotation Cell Impeller 55KW ABB
000000000010000456,EN,Slurry Pump Mechanical Seal TYPE A METSO
000000000010000457,EN,Flotation Blower Motor 10/8 SKF
000000000010000458,EN,Mill Liner 6/4 FLSM
000000000010000459,EN,Cyclone Apex Liner 55KW SIEMENS
000000000080000100,EN,Conveyor Take-Up Pulley 200MM FLSM
000000000010000460,EN,Hydraulic Pump Assembly TYPE B WEIR
000000000010000461,EN,Belt Scraper Blade Cartridge 55KW METSO
000000000010000462,EN,Conveyor Drive Motor TYPE A ABB
000000000010000463,EN,Pump Impeller TYPE A SANDVIK
000000000030000096,EN,Skirt Rubber Liner Section 200MM SANDVIK
000000000010000464,EN,Pump Impeller HD KSB
000000000030000097,EN,Spherical Roller Bearing 8/6 SIEMENS
000000000010000465,EN,MCC Feeder Circuit Breaker 55KW SIEMENS
000000000010000466,EN,Spherical Roller Bearing 200MM MULTOTEC
000000000010000467,EN,Belt Scraper Blade Cartridge 150MM WEIR
000000000010000468,EN,Vertical Sump Pump Column 110KW SANDVIK
000000000010000469,EN,Vertical Sump Pump Column TYPE A SANDVIK
000000000030000098,EN,Skirt Rubber Liner Section TYPE A FLSM
000000000010000470,EN,Soft Starter Power Module 110KW SKF
000000000010000471,EN,Crusher Hydroset Cylinder 250KW MULTOTEC
000000000090000024,EN,Crusher Main Shaft Bearing 110KW SEW
000000000010000472,EN,Crusher Main Shaft Bearing TYPE A SEW
000000000010000473,EN,Ball Mill Shell Liner Plate HD WEIR
000000000080000101,EN,PLC Digital Output Card TYPE A SIEMENS
000000000010000474,EN,Conveyor Pulley Bearing 55KW KSB
000000000010000475,EN,Vertical Sump Pump Column 110KW SANDVIK
000000000030000099,EN,Slurry Density Transmitter 55KW SEW
000000000080000102,EN,Conveyor Take-Up Pulley 8/6 SEW
000000000080000103,EN,Thickener Rake Drive Gearbox HD KSB
000000000030000100,EN,Belt Scraper Blade Cartridge 8/6 SIEMENS
000000000010000476,EN,Slurry Pump Wet End Assembly 250KW WEIR
000000000090000025,EN,Pump Impeller TYPE A METSO
000000000090000026,EN,Skirt Rubber Liner Section DN100 WEIR
000000000010000477,EN,Conveyor Take-Up Pulley 6/4 WEIR
000000000010000478,EN,Flow Meter Sensor Head 250KW WEIR
000000000030000101,EN,Slurry Density Transmitter HD SANDVIK
000000000030000102,EN,Flotation Cell Impeller 250MM SKF
000000000030000103,EN,Ball Mill Trunnion Bearing 6/4 SKF
000000000010000479,EN,Vertical Sump Pump Column 10/8 MULTOTEC
000000000080000104,EN,Ball Mill Trunnion Bearing 250MM SIEMENS
000000000010000480,EN,Conveyor Idler Roller Set 250MM SIEMENS
000000000010000481,EN,Agitator Shaft Seal TYPE B METSO
000000000010000482,EN,Conveyor Pulley Bearing DN100 KSB
000000000010000483,EN,Flow Meter Sensor Head 250KW FLSM
000000000010000484,EN,Pressure Transmitter Assembly 200MM
000000000010000485,EN,Conveyor Take-Up Pulley DN100 FLSM
000000000080000105,EN,Conveyor Drive Motor 110KW WEIR
000000000010000486,EN,Mill Lube Pump Motor DN150 FLSM
000000000010000487,EN,Ball Mill Gearbox Assembly 8/6 SEW
000000000010000488,EN,Ball Mill Gearbox Assembly TYPE B WEIR
000000000030000104,EN,MCC Feeder Circuit Breaker DN150 WEIR
000000000010000489,EN,Mill Liner 8/6 SANDVIK
000000000080000106,EN,Conveyor Drive Motor 6/4 SANDVIK
000000000010000490,EN,Screen Exciter Bearing HD SEW
000000000080000107,EN,Flotation Blower Motor TYPE A MULTOTEC
000000000090000027,EN,Flotation Cell Impeller TYPE A ABB
000000000010000491,EN,Ball Mill Gearbox Assembly TYPE B
000000000010000492,EN,Thickener Rake Seal Kit 150MM KSB
000000000080000108,EN,PLC Digital Output Card 10/8 SEW
000000000010000493,EN,Slurry Pump Mechanical Seal 55KW METSO
000000000010000494,EN,Screen Exciter Bearing 6/4 SEW
000000000080000109,EN,Ball Mill Shell Liner Plate TYPE B
000000000010000495,EN,Ventilation Fan Motor DN100 KSB
000000000010000496,EN,Hydraulic Pump Assembly TYPE A MULTOTEC
000000000030000105,EN,Conveyor Idler Roller Set 250MM ABB
000000000010000497,EN,Valve Assembly 110KW METSO
000000000090000028,EN,Valve Assembly 250MM SKF
000000000010000498,EN,Ball Mill Gearbox Assembly HD FLSM
000000000010000499,EN,Skirt Rubber Liner Section 110KW METSO
000000000010000500,EN,Slurry Pump Mechanical Seal 150MM METSO
000000000030000106,EN,Skirt Rubber Liner Section 110KW SIEMENS
000000000080000110,EN,Flotation Blower Motor TYPE A SEW
000000000010000501,EN,Slurry Pump Mechanical Seal 6/4 SEW
000000000080000111,EN,Conveyor Take-Up Pulley 250MM SANDVIK
000000000010000502,EN,Vertical Sump Pump Column TYPE B SIEMENS
000000000010000503,EN,Soft Starter Power Module HD SIEMENS
000000000010000504,EN,Skirt Rubber Liner Section DN150 ABB
000000000010000505,EN,Ball Mill Trunnion Bearing TYPE A METSO
000000000010000506,EN,Thickener Rake Seal Kit 10/8 SKF
000000000010000507,EN,Flow Meter Sensor Head 150MM FLSM
000000000010000508,EN,Level Radar Transmitter DN150 KSB
000000000010000509,EN,Mill Liner 8/6 SANDVIK
000000000010000510,EN,Gearbox Bearing 55KW ABB
000000000010000511,EN,Flotation Cell Impeller 150MM SEW
000000000010000512,EN,Ball Mill Shell Liner Plate 10/8 SKF
000000000010000513,EN,Conveyor Take-Up Pulley 250KW SANDVIK
000000000010000514,EN,Hydraulic Power Pack HD SEW
000000000010000515,EN,Hydraulic Pump Assembly 150MM KSB
000000000010000516,EN,Pump Impeller 10/8 SIEMENS
000000000010000517,EN,Conveyor Take-Up Pulley 200MM METSO
000000000010000518,EN,Flow Meter Sensor Head 55KW SEW
000000000030000107,EN,Mill Liner 8/6 SKF
000000000010000519,EN,Conveyor Pulley Bearing 110KW SANDVIK
000000000010000520,EN,Pressure Transmitter Assembly 250MM KSB
000000000010000521,EN,Ball Mill Trunnion Bearing 200MM FLSM
000000000010000522,EN,Spherical Roller Bearing 10/8 WEIR
000000000030000108,EN,Flow Meter Sensor Head 10/8 SEW
000000000010000523,EN,Apron Feeder Gear Reducer 6/4 MULTOTEC
000000000030000109,EN,Ball Mill Gearbox Assembly 6/4 MULTOTEC
000000000010000524,EN,Skirt Rubber Liner Section DN150 METSO
000000000010000525,EN,Skirt Rubber Liner Section 6/4 SIEMENS
000000000090000029,EN,Flow Meter Sensor Head TYPE B ABB
000000000080000112,EN,Pump Impeller 250MM WEIR
000000000010000526,EN,Ball Mill Shell Liner Plate TYPE B METSO
000000000010000527,EN,Level Radar Transmitter 150MM SIEMENS
000000000010000528,EN,Thickener Rake Drive Gearbox DN100 SKF
000000000010000529,EN,Crusher Hydroset Cylinder 250KW SANDVIK
000000000080000113,EN,MCC Feeder Circuit Breaker 10/8 ABB
000000000010000530,EN,Flow Meter Sensor Head DN150 ABB
000000000010000531,EN,Conveyor Pulley Bearing 150MM FLSM
000000000080000114,EN,Level Radar Transmitter 55KW SIEMENS
000000000010000532,EN,Slurry Pump Mechanical Seal 6/4 WEIR
000000000030000110,EN,Ball Mill Gearbox Assembly 110KW WEIR
000000000010000533,EN,Ventilation Fan Motor 8/6 FLSM
000000000010000534,EN,Mill Liner 250KW SEW
000000000010000535,EN,Valve Assembly 10/8 SIEMENS
000000000010000536,EN,Conveyor Pulley Bearing 250MM SIEMENS
000000000010000537,EN,Flotation Cell Impeller DN150 SANDVIK
000000000080000115,EN,Cyclone Apex Liner 6/4 SKF
000000000010000538,EN,Mill Liner DN150 SKF
000000000090000030,EN,Belt Scraper Blade Cartridge 55KW SEW
000000000010000539,EN,Hydraulic Pump Assembly TYPE B FLSM
000000000010000540,EN,Conveyor Idler Roller Set 150MM KSB
000000000030000111,EN,MCC Feeder Circuit Breaker TYPE B WEIR
000000000010000541,EN,Gearbox Bearing TYPE B KSB
000000000030000112,EN,Skirt Rubber Liner Section 200MM SANDVIK
000000000080000116,EN,Slurry Pump Wet End Assembly 250MM
000000000010000542,EN,Vertical Sump Pump Column 150MM SIEMENS
000000000030000113,EN,Soft Starter Power Module 6/4 SEW
000000000030000114,EN,Belt Scraper Blade Cartridge 250KW KSB
000000000010000543,EN,PLC Digital Output Card TYPE B ABB
000000000080000117,EN,Flotation Blower Motor HD SIEMENS
000000000010000544,EN,Slurry Pump Mechanical Seal 200MM METSO
000000000030000115,EN,Cyclone Apex Liner 10/8 ABB
000000000030000116,EN,Gland Packing Seal Ring DN100 SANDVIK
000000000010000545,EN,Gland Packing Seal Ring 8/6 SIEMENS
000000000010000546,EN,Gearbox Bearing 6/4 WEIR
000000000010000547,EN,Slurry Pump Wet End Assembly 10/8
000000000010000548,EN,Gland Packing Seal Ring HD SEW
000000000080000118,EN,Soft Starter Power Module DN150 SANDVIK
000000000010000549,EN,Gearbox Bearing 110KW FLSM
000000000010000550,EN,Centrifugal Pump Casing HD SANDVIK
000000000030000117,EN,Crusher Hydroset Cylinder 6/4 SANDVIK
000000000010000551,EN,Slurry Pump Wet End Assembly 250MM KSB
000000000010000552,EN,Pump Impeller 6/4 ABB
000000000010000553,EN,Skirt Rubber Liner Section DN100 WEIR
000000000030000118,EN,Soft Starter Power Module 6/4 SANDVIK
000000000010000554,EN,Mill Lube Pump Motor 250MM MULTOTEC
000000000030000119,EN,Hydraulic Power Pack TYPE A KSB
000000000030000120,EN,Centrifugal Pump Casing 150MM ABB
000000000010000555,EN,Mill Lube Pump Motor 55KW SIEMENS
000000000010000556,EN,Flotation Blower Motor DN100 SKF
000000000080000119,EN,Gland Packing Seal Ring 250MM SKF
000000000010000557,EN,Vertical Sump Pump Column DN100 MULTOTEC
000000000030000121,EN,Crusher Main Shaft Bearing 150MM METSO
000000000010000558,EN,Centrifugal Pump Casing DN100 METSO
000000000010000559,EN,Vertical Sump Pump Column DN100 SANDVIK
000000000080000120,EN,Soft Starter Power Module DN100 SANDVIK
000000000030000122,EN,Soft Starter Power Module 250KW ABB
000000000080000121,EN,Mill Lube Pump Motor TYPE B METSO
000000000010000560,EN,Conveyor Drive Motor HD WEIR
000000000080000122,EN,PLC Digital Output Card 150MM MULTOTEC
000000000010000561,EN,Thickener Rake Drive Gearbox TYPE A ABB
000000000090000031,EN,Belt Scraper Blade Cartridge 250MM
000000000030000123,EN,Centrifugal Pump Casing 250KW SIEMENS
000000000010000562,EN,MCC Feeder Circuit Breaker TYPE A WEIR
000000000080000123,EN,Ball Mill Trunnion Bearing DN150
000000000030000124,EN,Belt Scraper Blade Cartridge 8/6 WEIR
000000000010000563,EN,PLC Digital Output Card 6/4 SANDVIK
000000000080000124,EN,Slurry Pump Mechanical Seal TYPE B SEW
000000000080000125,EN,Conveyor Drive Gearbox 8/6 METSO
000000000010000564,EN,Flotation Cell Impeller 10/8 KSB
000000000010000565,EN,Soft Starter Power Module 8/6 SEW
000000000080000126,EN,Flow Meter Sensor Head TYPE A SKF
000000000080000127,EN,Slurry Density Transmitter 8/6 SIEMENS
000000000010000566,EN,Mill Lube Pump Motor DN150 KSB
000000000080000128,EN,Skirt Rubber Liner Section 150MM SKF
000000000010000567,EN,Level Radar Transmitter TYPE B METSO
000000000010000568,EN,Crusher Main Shaft Bearing HD ABB
000000000080000129,EN,Ventilation Fan Motor 150MM SEW
000000000010000569,EN,Ball Mill Shell Liner Plate 6/4 SANDVIK
000000000010000570,EN,Slurry Pump Wet End Assembly 6/4 FLSM
000000000010000571,EN,Apron Feeder Gear Reducer 55KW SEW
000000000010000572,EN,Slurry Pump Mechanical Seal DN100 METSO
000000000010000573,EN,Skirt Rubber Liner Section DN100 SKF
000000000010000574,EN,Ventilation Fan Motor 110KW KSB
000000000010000575,EN,Screen Exciter Bearing TYPE A KSB
000000000010000576,EN,Pump Impeller 150MM FLSM
000000000030000125,EN,Slurry Pump Wet End Assembly 8/6
000000000010000577,EN,Ball Mill Trunnion Bearing 10/8 SIEMENS
000000000080000130,EN,PLC Digital Output Card TYPE A SKF
000000000010000578,EN,Agitator Shaft Seal HD MULTOTEC
000000000010000579,EN,MCC Feeder Circuit Breaker 110KW SKF
000000000010000580,EN,Belt Scraper Blade Cartridge 200MM
000000000030000126,EN,Crusher Hydroset Cylinder TYPE B FLSM
000000000010000581,EN,Cyclone Apex Liner TYPE B METSO
000000000010000582,EN,Vertical Sump Pump Column 250MM METSO
000000000010000583,EN,Thickener Rake Drive Gearbox DN150 KSB
000000000010000584,EN,Apron Feeder Gear Reducer 10/8 SEW
000000000010000585,EN,Hydraulic Power Pack 6/4 SEW
000000000010000586,EN,Gearbox Bearing 110KW KSB
000000000030000127,EN,Ball Mill Trunnion Bearing 110KW KSB
000000000080000131,EN,Spherical Roller Bearing HD KSB
000000000010000587,EN,Screen Exciter Bearing TYPE A SEW
000000000090000032,EN,PLC Digital Output Card 250MM METSO
000000000010000588,EN,Valve Assembly TYPE B SANDVIK
000000000080000132,EN,Conveyor Pulley Bearing 10/8 MULTOTEC
000000000010000589,EN,Gearbox Bearing TYPE A WEIR
000000000010000590,EN,Mill Lube Pump Motor 150MM SANDVIK
000000000030000128,EN,Mill Lube Pump Motor 8/6 MULTOTEC
000000000030000129,EN,Pump Impeller TYPE A WEIR
000000000010000591,EN,MCC Feeder Circuit Breaker 10/8 SKF
000000000010000592,EN,MCC Feeder Circuit Breaker 55KW MULTOTEC
000000000080000133,EN,Spherical Roller Bearing 150MM SIEMENS
000000000010000593,EN,Conveyor Pulley Bearing DN150 SKF
000000000010000594,EN,Vertical Sump Pump Column 10/8 MULTOTEC
000000000030000130,EN,Pump Impeller 200MM SIEMENS
000000000030000131,EN,Pump Impeller 8/6 KSB
000000000010000595,EN,Mill Lube Pump Motor HD KSB
000000000010000596,EN,Flotation Cell Impeller 6/4 MULTOTEC
000000000030000132,EN,Hydraulic Power Pack 200MM MULTOTEC
000000000010000597,EN,Slurry Pump Mechanical Seal 8/6 METSO
000000000030000133,EN,Mill Liner TYPE A SIEMENS
000000000080000134,EN,Thickener Rake Seal Kit 6/4 SEW
000000000010000598,EN,Centrifugal Pump Casing 250KW SEW
000000000090000033,EN,Flotation Blower Motor 250MM KSB
000000000030000134,EN,Slurry Pump Wet End Assembly HD SEW
000000000010000599,EN,Agitator Shaft Seal TYPE A SANDVIK
000000000010000600,EN,Spherical Roller Bearing 8/6 ABB
000000000080000135,EN,Ball Mill Shell Liner Plate HD SANDVIK
000000000080000136,EN,Slurry Pump Wet End Assembly 6/4 METSO
000000000010000601,EN,Thickener Rake Drive Gearbox 55KW
000000000010000602,EN,Conveyor Take-Up Pulley 10/8 SANDVIK
000000000010000603,EN,Crusher Main Shaft Bearing 55KW WEIR
000000000010000604,EN,Flotation Blower Motor 8/6 ABB
000000000010000605,EN,Skirt Rubber Liner Section DN150 WEIR
000000000010000606,EN,Ventilation Fan Motor TYPE A ABB
000000000010000607,EN,Flow Meter Sensor Head 200MM METSO
000000000080000137,EN,Vertical Sump Pump Column 200MM METSO
000000000080000138,EN,Ball Mill Shell Liner Plate 250KW SEW
000000000080000139,EN,Ball Mill Shell Liner Plate 200MM ABB
000000000030000135,EN,Level Radar Transmitter TYPE A FLSM
000000000010000608,EN,Hydraulic Power Pack 250MM FLSM
000000000010000609,EN,Gland Packing Seal Ring DN100 SANDVIK
000000000080000140,EN,Flow Meter Sensor Head 150MM SKF
000000000010000610,EN,Flotation Cell Impeller 10/8 SKF
000000000030000136,EN,MCC Feeder Circuit Breaker HD SEW
000000000080000141,EN,Ball Mill Trunnion Bearing 200MM SEW
000000000010000611,EN,Agitator Shaft Seal 8/6 MULTOTEC
000000000010000612,EN,Cyclone Apex Liner 150MM ABB
000000000080000142,EN,Gland Packing Seal Ring TYPE B WEIR
000000000030000137,EN,MCC Feeder Circuit Breaker 150MM WEIR
000000000010000613,EN,Conveyor Idler Roller Set 150MM WEIR
000000000010000614,EN,Thickener Rake Seal Kit 6/4 SIEMENS
000000000010000615,EN,Conveyor Drive Motor HD KSB
000000000090000034,EN,PLC Digital Output Card DN100 SKF
000000000080000143,EN,Agitator Shaft Seal 110KW ABB
000000000010000616,EN,Centrifugal Pump Casing 250MM FLSM
000000000010000617,EN,Vertical Sump Pump Column 8/6 SKF
000000000080000144,EN,Agitator Shaft Seal 250MM FLSM
000000000010000618,EN,Centrifugal Pump Casing 150MM FLSM
000000000080000145,EN,Apron Feeder Gear Reducer TYPE A ABB
000000000030000138,EN,Conveyor Drive Motor DN150 WEIR
000000000010000619,EN,Slurry Pump Wet End Assembly 110KW METSO
000000000010000620,EN,Conveyor Drive Gearbox 150MM WEIR
000000000010000621,EN,Pressure Transmitter Assembly 55KW SEW
000000000010000622,EN,Ball Mill Shell Liner Plate 250KW SKF
000000000010000623,EN,Slurry Pump Wet End Assembly DN150
000000000010000624,EN,Conveyor Take-Up Pulley 8/6 METSO
000000000030000139,EN,Slurry Pump Mechanical Seal 250MM WEIR
000000000010000625,EN,Spherical Roller Bearing 55KW SEW
000000000010000626,EN,Flotation Blower Motor DN100 FLSM
000000000010000627,EN,Pump Impeller 8/6 ABB
000000000010000628,EN,Slurry Pump Mechanical Seal 200MM SEW
000000000090000035,EN,Mill Liner 250MM SANDVIK
000000000010000629,EN,Flotation Blower Motor 8/6 MULTOTEC
000000000030000140,EN,Ball Mill Trunnion Bearing 10/8 WEIR
000000000010000630,EN,Flotation Cell Impeller 200MM SANDVIK
000000000010000631,EN,Centrifugal Pump Casing TYPE A MULTOTEC
000000000080000146,EN,Mill Liner 250KW SEW
000000000030000141,EN,Pressure Transmitter Assembly 8/6 KSB
000000000080000147,EN,Ventilation Fan Motor TYPE B ABB
000000000090000036,EN,Hydraulic Power Pack 10/8 SEW
000000000080000148,EN,Agitator Shaft Seal DN100 METSO
000000000010000632,EN,Conveyor Drive Gearbox 150MM FLSM
000000000010000633,EN,Variable Speed Drive Unit 6/4 KSB
000000000030000142,EN,Gearbox Bearing 250MM KSB
000000000080000149,EN,PLC Digital Output Card 150MM SIEMENS
000000000030000143,EN,Conveyor Take-Up Pulley 150MM FLSM
000000000010000634,EN,Ball Mill Gearbox Assembly 8/6 WEIR
000000000010000635,EN,Conveyor Idler Roller Set 150MM KSB
000000000090000037,EN,Ball Mill Gearbox Assembly 6/4 ABB
000000000030000144,EN,Ball Mill Shell Liner Plate DN100 KSB
000000000010000636,EN,Hydraulic Pump Assembly 8/6 WEIR
000000000010000637,EN,Variable Speed Drive Unit 8/6
000000000010000638,EN,Mill Liner 55KW METSO
000000000010000639,EN,Spherical Roller Bearing 110KW METSO
000000000010000640,EN,Skirt Rubber Liner Section 8/6 KSB
000000000010000641,EN,PLC Digital Output Card 250KW SANDVIK
000000000080000150,EN,Crusher Hydroset Cylinder DN150 SKF
000000000010000642,EN,Conveyor Take-Up Pulley 200MM SEW
000000000010000643,EN,Flow Meter Sensor Head HD KSB
000000000080000151,EN,Valve Assembly TYPE B SKF
000000000010000644,EN,Vertical Sump Pump Column DN150 SIEMENS
000000000010000645,EN,Flotation Blower Motor 10/8 SEW
000000000030000145,EN,Crusher Main Shaft Bearing 250MM
000000000010000646,EN,MCC Feeder Circuit Breaker 8/6 SANDVIK
000000000030000146,EN,Vertical Sump Pump Column 110KW MULTOTEC
000000000010000647,EN,Conveyor Drive Motor 6/4 METSO
000000000080000152,EN,Conveyor Drive Gearbox 250MM SEW
000000000010000648,EN,Centrifugal Pump Casing TYPE B SIEMENS
000000000010000649,EN,Level Radar Transmitter DN150 KSB
000000000010000650,EN,Vertical Sump Pump Column 110KW KSB
000000000010000651,EN,Hydraulic Power Pack TYPE A SIEMENS
000000000010000652,EN,Hydraulic Pump Assembly 200MM KSB
000000000010000653,EN,Thickener Rake Seal Kit TYPE A SKF
000000000010000654,EN,Pump Impeller DN100 KSB
000000000010000655,EN,Thickener Rake Drive Gearbox 110KW FLSM
000000000010000656,EN,Hydraulic Pump Assembly 10/8 METSO
000000000010000657,EN,Ventilation Fan Motor 6/4 SKF
000000000010000658,EN,Crusher Hydroset Cylinder TYPE A SANDVIK
000000000010000659,EN,Pump Impeller 200MM METSO
000000000010000660,EN,Apron Feeder Gear Reducer 10/8 SANDVIK
000000000010000661,EN,Pressure Transmitter Assembly 200MM
000000000010000662,EN,Ball Mill Shell Liner Plate 6/4 SIEMENS
000000000030000147,EN,Gearbox Bearing 250MM KSB
000000000030000148,EN,Cyclone Apex Liner 8/6 MULTOTEC
000000000010000663,EN,Pump Impeller 250MM FLSM
000000000010000664,EN,Mill Liner TYPE B SANDVIK
000000000080000153,EN,Conveyor Drive Gearbox TYPE A WEIR
000000000010000665,EN,Crusher Hydroset Cylinder DN150 SANDVIK
000000000010000666,EN,Conveyor Idler Roller Set DN100 WEIR
000000000030000149,EN,Flotation Cell Impeller TYPE A ABB
000000000010000667,EN,Variable Speed Drive Unit 250KW FLSM
000000000010000668,EN,Skirt Rubber Liner Section TYPE B SKF
000000000080000154,EN,Gland Packing Seal Ring DN150 WEIR
000000000030000150,EN,Cyclone Apex Liner DN150 SKF
000000000010000669,EN,MCC Feeder Circuit Breaker 110KW FLSM
000000000010000670,EN,Ball Mill Gearbox Assembly 10/8 MULTOTEC
000000000030000151,EN,Slurry Pump Wet End Assembly 110KW ABB
000000000080000155,EN,Conveyor Idler Roller Set 8/6 WEIR
000000000080000156,EN,Apron Feeder Gear Reducer 6/4 ABB
000000000010000671,EN,Ventilation Fan Motor DN150 MULTOTEC
000000000010000672,EN,Crusher Main Shaft Bearing 250MM METSO
000000000010000673,EN,Slurry Pump Mechanical Seal 150MM SEW
000000000010000674,EN,Soft Starter Power Module 150MM SEW
000000000010000675,EN,Gearbox Bearing 6/4 SEW
000000000010000676,EN,Ventilation Fan Motor 10/8 SIEMENS
000000000080000157,EN,Variable Speed Drive Unit TYPE B METSO
000000000030000152,EN,Slurry Pump Mechanical Seal TYPE A FLSM
000000000080000158,EN,Conveyor Pulley Bearing TYPE B SANDVIK
000000000090000038,EN,Crusher Main Shaft Bearing TYPE A SEW
000000000030000153,EN,Crusher Hydroset Cylinder 55KW SKF
000000000010000677,EN,Gland Packing Seal Ring 55KW FLSM
000000000010000678,EN,PLC Digital Output Card 200MM FLSM
000000000010000679,EN,Hydraulic Power Pack DN100 FLSM
000000000090000039,EN,Vertical Sump Pump Column HD SANDVIK
000000000080000159,EN,Mill Liner 150MM WEIR
000000000010000680,EN,Pressure Transmitter Assembly 55KW SKF
000000000010000681,EN,Valve Assembly 55KW SANDVIK
000000000080000160,EN,Conveyor Take-Up Pulley 110KW METSO
000000000030000154,EN,Level Radar Transmitter 250MM SKF
000000000010000682,EN,Conveyor Idler Roller Set 250MM SKF
000000000010000683,EN,Skirt Rubber Liner Section 250KW SANDVIK
000000000080000161,EN,Slurry Pump Mechanical Seal DN100 KSB
000000000030000155,EN,MCC Feeder Circuit Breaker 55KW METSO
000000000010000684,EN,Apron Feeder Gear Reducer HD ABB
000000000080000162,EN,Skirt Rubber Liner Section 250MM
000000000010000685,EN,Crusher Hydroset Cylinder DN150 SANDVIK
000000000030000156,EN,Conveyor Idler Roller Set DN150 MULTOTEC
000000000010000686,EN,Conveyor Pulley Bearing 250MM METSO
000000000090000040,EN,Conveyor Pulley Bearing 8/6 SKF
000000000010000687,EN,Ball Mill Gearbox Assembly 10/8 WEIR
000000000080000163,EN,Slurry Pump Wet End Assembly TYPE A ABB
000000000010000688,EN,Pump Impeller TYPE A SKF
000000000080000164,EN,Hydraulic Pump Assembly 8/6 SIEMENS
000000000080000165,EN,Gland Packing Seal Ring 8/6 SEW
000000000030000157,EN,Valve Assembly TYPE B FLSM
000000000080000166,EN,Hydraulic Pump Assembly DN150 SKF
000000000090000041,EN,Flow Meter Sensor Head 250KW WEIR
000000000080000167,EN,Pump Impeller HD FLSM
000000000010000689,EN,Thickener Rake Drive Gearbox 110KW
000000000010000690,EN,Hydraulic Power Pack 110KW SKF
000000000010000691,EN,Conveyor Pulley Bearing 110KW ABB
000000000010000692,EN,Cyclone Apex Liner 110KW SANDVIK
000000000010000693,EN,Hydraulic Pump Assembly 110KW ABB
000000000010000694,EN,Variable Speed Drive Unit TYPE B WEIR
000000000010000695,EN,Conveyor Take-Up Pulley 8/6 SEW
000000000030000158,EN,Ventilation Fan Motor 150MM ABB
000000000010000696,EN,Mill Liner 110KW SEW
000000000010000697,EN,Ventilation Fan Motor TYPE B KSB
000000000010000698,EN,Level Radar Transmitter 250KW SEW
000000000010000699,EN,Hydraulic Power Pack TYPE B SEW
000000000010000700,EN,Belt Scraper Blade Cartridge 10/8 SKF
000000000010000701,EN,Hydraulic Power Pack 110KW MULTOTEC
000000000010000702,EN,Valve Assembly HD KSB
000000000010000703,EN,Gearbox Bearing 200MM SIEMENS
000000000010000704,EN,Hydraulic Power Pack HD FLSM
000000000080000168,EN,Gearbox Bearing 8/6 METSO
000000000010000705,EN,Mill Liner 55KW KSB
000000000010000706,EN,Ball Mill Gearbox Assembly DN150 FLSM
000000000030000159,EN,Conveyor Idler Roller Set 55KW KSB
000000000010000707,EN,Flotation Cell Impeller HD FLSM
000000000010000708,EN,Screen Exciter Bearing 6/4 SANDVIK
000000000010000709,EN,Flow Meter Sensor Head DN150 SEW
000000000010000710,EN,Vertical Sump Pump Column 8/6 MULTOTEC
000000000010000711,EN,Valve Assembly 250MM ABB
000000000030000160,EN,Pressure Transmitter Assembly 55KW WEIR
000000000010000712,EN,Centrifugal Pump Casing 200MM MULTOTEC
000000000010000713,EN,Crusher Hydroset Cylinder DN100 SEW
000000000010000714,EN,Mill Liner 55KW KSB
000000000010000715,EN,Thickener Rake Drive Gearbox 55KW METSO
000000000010000716,EN,Pressure Transmitter Assembly 250MM WEIR
000000000010000717,EN,Apron Feeder Gear Reducer 6/4 KSB
000000000010000718,EN,Slurry Pump Wet End Assembly 200MM WEIR
000000000080000169,EN,Hydraulic Power Pack 150MM SIEMENS
000000000010000719,EN,Gland Packing Seal Ring DN100 SANDVIK
000000000010000720,EN,Soft Starter Power Module 10/8 ABB
000000000010000721,EN,Ball Mill Shell Liner Plate TYPE A SEW
000000000010000722,EN,Ball Mill Shell Liner Plate DN100 FLSM
000000000010000723,EN,MCC Feeder Circuit Breaker 8/6 SIEMENS
000000000030000161,EN,Slurry Density Transmitter HD MULTOTEC
000000000010000724,EN,Variable Speed Drive Unit TYPE A METSO
000000000030000162,EN,Crusher Hydroset Cylinder 110KW FLSM
000000000090000042,EN,Conveyor Take-Up Pulley HD WEIR
000000000030000163,EN,Mill Liner 55KW WEIR
000000000010000725,EN,Conveyor Take-Up Pulley 250MM SIEMENS
000000000010000726,EN,Conveyor Drive Motor TYPE B WEIR
000000000030000164,EN,Belt Scraper Blade Cartridge DN150 FLSM
000000000010000727,EN,Flotation Blower Motor 8/6 SEW
000000000090000043,EN,Slurry Pump Wet End Assembly 6/4
000000000010000728,EN,Vertical Sump Pump Column 200MM MULTOTEC
000000000080000170,EN,Ball Mill Gearbox Assembly DN100 METSO
000000000010000729,EN,Conveyor Idler Roller Set 200MM METSO
000000000080000171,EN,Mill Liner TYPE B ABB
000000000030000165,EN,Screen Exciter Bearing 250KW METSO
000000000010000730,EN,Ball Mill Shell Liner Plate DN150
000000000010000731,EN,Gland Packing Seal Ring DN150 SEW
000000000010000732,EN,Flotation Cell Impeller 250MM MULTOTEC
000000000010000733,EN,Flotation Cell Impeller HD METSO
000000000010000734,EN,Conveyor Pulley Bearing DN150 SEW
000000000010000735,EN,Thickener Rake Drive Gearbox 6/4 WEIR
000000000010000736,EN,Mill Liner 250MM SIEMENS
000000000010000737,EN,Slurry Pump Mechanical Seal TYPE A SKF
000000000080000172,EN,Gearbox Bearing 55KW SANDVIK
000000000080000173,EN,Hydraulic Power Pack 10/8 SKF
000000000090000044,EN,Slurry Pump Mechanical Seal 250KW SKF
000000000030000166,EN,Flotation Blower Motor 8/6 FLSM
000000000010000738,EN,Conveyor Pulley Bearing 6/4 SKF
000000000010000739,EN,Crusher Main Shaft Bearing DN150
000000000010000740,EN,Conveyor Drive Gearbox HD SANDVIK
000000000010000741,EN,Thickener Rake Seal Kit TYPE A ABB
000000000080000174,EN,Conveyor Drive Motor 200MM SEW
000000000010000742,EN,Spherical Roller Bearing 150MM SANDVIK
000000000010000743,EN,Conveyor Drive Motor TYPE B FLSM
000000000010000744,EN,Ball Mill Shell Liner Plate 55KW
000000000030000167,EN,Variable Speed Drive Unit DN150 FLSM
000000000010000745,EN,Ball Mill Shell Liner Plate 8/6 WEIR
000000000010000746,EN,Ventilation Fan Motor 10/8 SANDVIK
000000000010000747,EN,Thickener Rake Drive Gearbox DN100 KSB
000000000010000748,EN,Conveyor Drive Motor 8/6 METSO
000000000030000168,EN,Ball Mill Gearbox Assembly HD SIEMENS
000000000030000169,EN,Crusher Main Shaft Bearing DN100 WEIR
000000000010000749,EN,Pressure Transmitter Assembly HD
000000000030000170,EN,Conveyor Take-Up Pulley 250MM KSB
000000000080000175,EN,Conveyor Drive Gearbox 6/4 MULTOTEC
000000000010000750,EN,Vertical Sump Pump Column 110KW SIEMENS
000000000080000176,EN,Slurry Density Transmitter 250KW SIEMENS
000000000010000751,EN,Hydraulic Power Pack 150MM ABB
000000000010000752,EN,Slurry Density Transmitter 200MM WEIR
000000000010000753,EN,Hydraulic Pump Assembly 8/6 SIEMENS
000000000010000754,EN,Skirt Rubber Liner Section DN100 METSO
000000000030000171,EN,Thickener Rake Drive Gearbox DN100 METSO
000000000010000755,EN,Thickener Rake Drive Gearbox 250MM WEIR
000000000010000756,EN,Slurry Pump Mechanical Seal DN150 SKF
000000000010000757,EN,Flotation Cell Impeller 250KW SEW
000000000080000177,EN,Flotation Cell Impeller HD WEIR
000000000080000178,EN,Crusher Hydroset Cylinder 150MM FLSM
000000000010000758,EN,Screen Exciter Bearing DN100 SKF
000000000010000759,EN,Hydraulic Pump Assembly 200MM SANDVIK
000000000030000172,EN,Thickener Rake Seal Kit TYPE A SKF
000000000010000760,EN,Apron Feeder Gear Reducer 8/6 FLSM
000000000010000761,EN,Gland Packing Seal Ring HD SANDVIK
000000000080000179,EN,Flotation Cell Impeller 200MM SEW
000000000010000762,EN,Conveyor Drive Motor TYPE B ABB
000000000080000180,EN,Mill Lube Pump Motor 8/6 MULTOTEC
000000000010000763,EN,Slurry Density Transmitter 8/6 WEIR
000000000080000181,EN,Gland Packing Seal Ring 6/4 SANDVIK
000000000010000764,EN,Hydraulic Pump Assembly 250MM SKF
000000000010000765,EN,Mill Lube Pump Motor 6/4 MULTOTEC
000000000010000766,EN,Hydraulic Pump Assembly 150MM SEW
000000000010000767,EN,Centrifugal Pump Casing TYPE B SKF
000000000080000182,EN,Level Radar Transmitter 10/8 KSB
000000000030000173,EN,Ball Mill Trunnion Bearing HD WEIR
000000000010000768,EN,MCC Feeder Circuit Breaker 250MM SKF
000000000010000769,EN,Flow Meter Sensor Head DN100 SIEMENS
000000000010000770,EN,Conveyor Idler Roller Set 250MM ABB
000000000030000174,EN,Conveyor Drive Gearbox 150MM WEIR
000000000010000771,EN,Hydraulic Power Pack HD SIEMENS
000000000030000175,EN,Slurry Pump Wet End Assembly 10/8 METSO
000000000010000772,EN,Conveyor Drive Motor 110KW SEW
000000000010000773,EN,Thickener Rake Drive Gearbox 200MM
000000000010000774,EN,Belt Scraper Blade Cartridge 110KW SEW
000000000010000775,EN,Thickener Rake Drive Gearbox 10/8
000000000010000776,EN,Belt Scraper Blade Cartridge 6/4
000000000080000183,EN,Ball Mill Trunnion Bearing 10/8 METSO
000000000010000777,EN,Valve Assembly 55KW SANDVIK
000000000080000184,EN,Soft Starter Power Module DN100 FLSM
000000000010000778,EN,Ball Mill Trunnion Bearing DN100 SANDVIK
000000000010000779,EN,Ball Mill Trunnion Bearing 250KW FLSM
000000000090000045,EN,Crusher Main Shaft Bearing 8/6 METSO
000000000010000780,EN,Crusher Hydroset Cylinder 110KW METSO
000000000010000781,EN,Gearbox Bearing DN150 SKF
000000000010000782,EN,Conveyor Take-Up Pulley 8/6 MULTOTEC
000000000010000783,EN,Ball Mill Shell Liner Plate 150MM WEIR
000000000030000176,EN,Valve Assembly 200MM SIEMENS
000000000010000784,EN,Skirt Rubber Liner Section 150MM FLSM
000000000080000185,EN,Variable Speed Drive Unit 10/8 SEW
000000000010000785,EN,Mill Liner 250MM ABB
000000000010000786,EN,Crusher Hydroset Cylinder 6/4 SIEMENS
000000000010000787,EN,Thickener Rake Seal Kit 200MM FLSM
000000000010000788,EN,Slurry Pump Wet End Assembly 8/6 WEIR
000000000010000789,EN,Soft Starter Power Module DN150 WEIR
000000000030000177,EN,Hydraulic Pump Assembly HD METSO
000000000010000790,EN,Slurry Density Transmitter DN100 SEW
000000000010000791,EN,Slurry Pump Mechanical Seal 110KW METSO
000000000010000792,EN,Ball Mill Shell Liner Plate 55KW
000000000010000793,EN,Hydraulic Power Pack 55KW SEW
000000000030000178,EN,Slurry Pump Mechanical Seal TYPE A
000000000010000794,EN,Mill Liner TYPE B METSO
000000000010000795,EN,Belt Scraper Blade Cartridge 8/6 SIEMENS
000000000090000046,EN,Vertical Sump Pump Column 110KW SANDVIK
000000000010000796,EN,Centrifugal Pump Casing 200MM WEIR
000000000010000797,EN,Ventilation Fan Motor 55KW SEW
000000000010000798,EN,Conveyor Drive Motor 8/6 SANDVIK
000000000030000179,EN,Ball Mill Gearbox Assembly 10/8 METSO
000000000030000180,EN,Centrifugal Pump Casing 250KW ABB
000000000030000181,EN,Flotation Cell Impeller 110KW SEW
000000000030000182,EN,Slurry Pump Mechanical Seal HD METSO
000000000010000799,EN,Mill Liner 200MM FLSM
000000000010000800,EN,Agitator Shaft Seal 6/4 ABB
000000000010000801,EN,Ball Mill Gearbox Assembly 55KW KSB
000000000010000802,EN,Mill Liner 110KW METSO
000000000010000803,EN,Valve Assembly DN100 MULTOTEC
000000000010000804,EN,Ball Mill Gearbox Assembly 150MM SKF
000000000010000805,EN,Skirt Rubber Liner Section 8/6
000000000010000806,EN,Vertical Sump Pump Column 250KW SEW
000000000010000807,EN,Slurry Density Transmitter 200MM METSO
000000000010000808,EN,Ball Mill Gearbox Assembly 150MM SANDVIK
000000000010000809,EN,Ball Mill Trunnion Bearing DN100 SANDVIK
000000000080000186,EN,Spherical Roller Bearing 250MM KSB
000000000010000810,EN,Ball Mill Gearbox Assembly 110KW METSO
000000000010000811,EN,PLC Digital Output Card HD FLSM
000000000030000183,EN,Vertical Sump Pump Column TYPE B SIEMENS
000000000010000812,EN,Flotation Blower Motor DN150 FLSM
000000000030000184,EN,Conveyor Drive Motor TYPE A FLSM
000000000010000813,EN,Crusher Main Shaft Bearing 8/6 METSO
000000000010000814,EN,Conveyor Idler Roller Set 10/8 KSB
000000000030000185,EN,Ball Mill Gearbox Assembly DN100 METSO
000000000010000815,EN,Spherical Roller Bearing 6/4 SKF
000000000080000187,EN,Ventilation Fan Motor 150MM MULTOTEC
000000000010000816,EN,Slurry Pump Wet End Assembly 200MM KSB
000000000010000817,EN,Spherical Roller Bearing 6/4 MULTOTEC
000000000080000188,EN,PLC Digital Output Card 55KW SEW
000000000030000186,EN,Belt Scraper Blade Cartridge DN150 ABB
000000000010000818,EN,Conveyor Idler Roller Set 150MM ABB
000000000010000819,EN,Mill Lube Pump Motor HD WEIR
000000000010000820,EN,Flow Meter Sensor Head 110KW SKF
000000000010000821,EN,Crusher Hydroset Cylinder TYPE B SEW
000000000010000822,EN,Conveyor Take-Up Pulley DN100 FLSM
000000000010000823,EN,Centrifugal Pump Casing TYPE B ABB
000000000030000187,EN,Conveyor Idler Roller Set 10/8 SEW
000000000080000189,EN,Centrifugal Pump Casing DN150 KSB
000000000010000824,EN,Screen Exciter Bearing TYPE A MULTOTEC
000000000010000825,EN,Flotation Cell Impeller 150MM METSO
000000000010000826,EN,PLC Digital Output Card 150MM SANDVIK
000000000030000188,EN,Mill Liner 200MM WEIR
000000000010000827,EN,Mill Liner 110KW ABB
000000000080000190,EN,Gearbox Bearing TYPE A ABB
000000000010000828,EN,Ball Mill Gearbox Assembly 55KW MULTOTEC
000000000010000829,EN,Soft Starter Power Module HD SKF
000000000010000830,EN,Conveyor Idler Roller Set 10/8 SKF
000000000080000191,EN,Spherical Roller Bearing 6/4 METSO
000000000030000189,EN,Vertical Sump Pump Column 250KW SANDVIK
000000000010000831,EN,Ball Mill Trunnion Bearing 110KW SEW
000000000010000832,EN,Cyclone Apex Liner 110KW METSO
000000000090000047,EN,Agitator Shaft Seal DN150 KSB
000000000010000833,EN,Gearbox Bearing HD KSB
000000000010000834,EN,Slurry Density Transmitter 55KW WEIR
000000000090000048,EN,Crusher Hydroset Cylinder 150MM SEW
000000000030000190,EN,Cyclone Apex Liner DN100 KSB
000000000010000835,EN,Screen Exciter Bearing DN100 SEW
000000000010000836,EN,Conveyor Pulley Bearing 250KW MULTOTEC
000000000030000191,EN,Agitator Shaft Seal TYPE A SANDVIK
000000000030000192,EN,Conveyor Drive Motor HD MULTOTEC
000000000010000837,EN,Conveyor Pulley Bearing 8/6 KSB
000000000010000838,EN,Slurry Density Transmitter TYPE B METSO
000000000010000839,EN,Conveyor Idler Roller Set 6/4 METSO
000000000010000840,EN,Slurry Pump Wet End Assembly DN150
000000000010000841,EN,Ball Mill Trunnion Bearing 8/6 KSB
000000000010000842,EN,Flow Meter Sensor Head 250KW SANDVIK
000000000080000192,EN,Conveyor Take-Up Pulley DN150 KSB
000000000030000193,EN,Belt Scraper Blade Cartridge 8/6 FLSM
000000000030000194,EN,Conveyor Idler Roller Set DN100 WEIR
000000000010000843,EN,Centrifugal Pump Casing 8/6 SKF
000000000010000844,EN,Conveyor Idler Roller Set DN100 FLSM
000000000080000193,EN,Ventilation Fan Motor 200MM KSB
000000000010000845,EN,Pump Impeller 110KW SIEMENS
000000000030000195,EN,Ball Mill Gearbox Assembly DN150 METSO
000000000010000846,EN,Pump Impeller 8/6 MULTOTEC
000000000010000847,EN,PLC Digital Output Card 150MM MULTOTEC
000000000080000194,EN,Level Radar Transmitter 55KW METSO
000000000080000195,EN,Conveyor Pulley Bearing DN100 METSO
000000000010000848,EN,Conveyor Drive Gearbox TYPE B FLSM
000000000010000849,EN,Flow Meter Sensor Head 6/4 KSB
000000000080000196,EN,Gland Packing Seal Ring 55KW SEW
000000000010000850,EN,Variable Speed Drive Unit 55KW SANDVIK
000000000080000197,EN,Level Radar Transmitter DN100 KSB
000000000010000851,EN,Level Radar Transmitter 8/6 WEIR
000000000010000852,EN,Cyclone Apex Liner HD KSB
000000000010000853,EN,Flotation Blower Motor TYPE B ABB
000000000010000854,EN,Ball Mill Trunnion Bearing TYPE B METSO
000000000010000855,EN,Gearbox Bearing 200MM MULTOTEC
000000000010000856,EN,Flotation Blower Motor 6/4 KSB
000000000090000049,EN,Flotation Blower Motor 8/6 SEW
000000000010000857,EN,Gearbox Bearing 6/4 METSO
000000000010000858,EN,Mill Lube Pump Motor 250KW MULTOTEC
000000000010000859,EN,Centrifugal Pump Casing 6/4 FLSM
000000000010000860,EN,Soft Starter Power Module 110KW KSB
000000000010000861,EN,Gland Packing Seal Ring DN150 FLSM
000000000030000196,EN,Agitator Shaft Seal 250KW SKF
000000000010000862,EN,Ventilation Fan Motor 55KW WEIR
000000000010000863,EN,Vertical Sump Pump Column 200MM FLSM
000000000010000864,EN,Agitator Shaft Seal 200MM METSO
000000000080000198,EN,Mill Liner 55KW KSB
000000000010000865,EN,Crusher Hydroset Cylinder TYPE B SANDVIK
000000000080000199,EN,Centrifugal Pump Casing 250MM SEW
000000000010000866,EN,Conveyor Drive Motor DN150 MULTOTEC
000000000010000867,EN,Screen Exciter Bearing TYPE A SIEMENS
000000000090000050,EN,Crusher Main Shaft Bearing TYPE A ABB
000000000010000868,EN,Spherical Roller Bearing DN100 FLSM
000000000030000197,EN,Flotation Blower Motor 8/6 KSB
000000000010000869,EN,Hydraulic Power Pack TYPE B WEIR
000000000080000200,EN,Apron Feeder Gear Reducer 250MM SEW
000000000010000870,EN,Flotation Cell Impeller 200MM ABB
000000000010000871,EN,Ball Mill Shell Liner Plate HD KSB
000000000030000198,EN,Ventilation Fan Motor TYPE A SANDVIK
000000000010000872,EN,Flotation Blower Motor 150MM FLSM
000000000010000873,EN,Pressure Transmitter Assembly 250KW WEIR
000000000010000874,EN,Flotation Blower Motor TYPE A FLSM
000000000030000199,EN,Crusher Hydroset Cylinder DN150 SEW
000000000010000875,EN,Slurry Density Transmitter 55KW KSB
000000000030000200,EN,MCC Feeder Circuit Breaker DN100 KSB
000000000080000201,EN,Hydraulic Pump Assembly 150MM SANDVIK
000000000090000051,EN,Hydraulic Power Pack DN150 ABB
000000000010000876,EN,Belt Scraper Blade Cartridge 250KW WEIR
000000000010000877,EN,Level Radar Transmitter TYPE A SEW
000000000010000878,EN,Apron Feeder Gear Reducer DN150 FLSM
000000000090000052,EN,Cyclone Apex Liner DN150 SEW
000000000010000879,EN,Gearbox Bearing TYPE A SIEMENS
000000000010000880,EN,Spherical Roller Bearing TYPE B MULTOTEC
000000000030000201,EN,MCC Feeder Circuit Breaker 250KW KSB
000000000010000881,EN,Slurry Pump Mechanical Seal 150MM SKF
000000000010000882,EN,Mill Lube Pump Motor DN150 FLSM
000000000080000202,EN,Pressure Transmitter Assembly TYPE A
000000000010000883,EN,Agitator Shaft Seal 10/8 MULTOTEC
000000000080000203,EN,MCC Feeder Circuit Breaker 200MM WEIR
000000000010000884,EN,Agitator Shaft Seal 250MM MULTOTEC
000000000010000885,EN,Valve Assembly 250MM WEIR
000000000010000886,EN,Ball Mill Shell Liner Plate 6/4 SIEMENS
000000000080000204,EN,Conveyor Idler Roller Set 200MM SIEMENS
000000000010000887,EN,Level Radar Transmitter 6/4 MULTOTEC
000000000010000888,EN,Spherical Roller Bearing TYPE B SIEMENS
000000000010000889,EN,Hydraulic Pump Assembly TYPE B SIEMENS
000000000030000202,EN,Crusher Hydroset Cylinder TYPE A SEW
000000000010000890,EN,Gland Packing Seal Ring 250KW MULTOTEC
000000000010000891,EN,Gland Packing Seal Ring 150MM METSO
000000000010000892,EN,Flow Meter Sensor Head 10/8 FLSM
000000000030000203,EN,Flotation Blower Motor 200MM METSO
000000000010000893,EN,Centrifugal Pump Casing 150MM METSO
000000000010000894,EN,Conveyor Take-Up Pulley 200MM ABB
000000000010000895,EN,Conveyor Take-Up Pulley 8/6 ABB
000000000080000205,EN,Spherical Roller Bearing DN150 SIEMENS
000000000010000896,EN,Pressure Transmitter Assembly HD KSB
000000000080000206,EN,Mill Liner 250MM SEW
000000000010000897,EN,Flotation Blower Motor DN150 KSB
000000000010000898,EN,Flotation Cell Impeller 110KW MULTOTEC
000000000030000204,EN,Apron Feeder Gear Reducer TYPE A FLSM
000000000010000899,EN,Crusher Hydroset Cylinder 110KW KSB
000000000090000053,EN,Hydraulic Pump Assembly 110KW ABB
000000000010000900,EN,Ball Mill Shell Liner Plate 250KW SKF
000000000010000901,EN,Hydraulic Power Pack 110KW SANDVIK
000000000030000205,EN,Slurry Density Transmitter 200MM SEW
000000000010000902,EN,Agitator Shaft Seal 200MM KSB
000000000010000903,EN,Centrifugal Pump Casing TYPE B SIEMENS
000000000030000206,EN,Slurry Pump Wet End Assembly 110KW SEW
000000000010000904,EN,Hydraulic Pump Assembly 250MM ABB
000000000010000905,EN,Hydraulic Pump Assembly 250KW FLSM
000000000010000906,EN,Ball Mill Shell Liner Plate 150MM
000000000010000907,EN,Screen Exciter Bearing HD SANDVIK
000000000010000908,EN,Ventilation Fan Motor DN100 FLSM
000000000030000207,EN,Ball Mill Gearbox Assembly 150MM METSO
000000000080000207,EN,Centrifugal Pump Casing 8/6 SANDVIK
000000000010000909,EN,Flow Meter Sensor Head 250KW FLSM
000000000010000910,EN,Centrifugal Pump Casing 250MM METSO
000000000010000911,EN,Centrifugal Pump Casing 110KW SANDVIK
000000000080000208,EN,Gearbox Bearing TYPE B FLSM
000000000080000209,EN,Thickener Rake Seal Kit 250KW SEW
000000000010000912,EN,Ball Mill Gearbox Assembly 150MM SKF
000000000030000208,EN,Flotation Cell Impeller 6/4 SKF
000000000010000913,EN,Mill Lube Pump Motor TYPE B METSO
000000000010000914,EN,Slurry Pump Mechanical Seal 200MM
000000000010000915,EN,Conveyor Idler Roller Set TYPE A ABB
000000000010000916,EN,Valve Assembly 150MM FLSM
000000000010000917,EN,Ball Mill Shell Liner Plate HD WEIR
000000000010000918,EN,Pump Impeller TYPE B SIEMENS
000000000010000919,EN,Thickener Rake Drive Gearbox TYPE A ABB
000000000010000920,EN,Pressure Transmitter Assembly 250MM WEIR
000000000030000209,EN,Spherical Roller Bearing TYPE B SANDVIK
000000000030000210,EN,Soft Starter Power Module 10/8 MULTOTEC
000000000010000921,EN,Slurry Pump Mechanical Seal 250KW METSO
000000000010000922,EN,Pump Impeller 8/6 FLSM
000000000090000054,EN,Slurry Pump Wet End Assembly 250MM KSB
000000000030000211,EN,Hydraulic Pump Assembly HD FLSM
000000000010000923,EN,Level Radar Transmitter 8/6 METSO
000000000010000924,EN,Conveyor Idler Roller Set 6/4 SEW
000000000010000925,EN,Vertical Sump Pump Column 110KW WEIR
000000000010000926,EN,Ball Mill Trunnion Bearing TYPE B SKF
000000000010000927,EN,Slurry Density Transmitter 6/4 SKF
000000000010000928,EN,Ball Mill Gearbox Assembly DN100
000000000010000929,EN,Soft Starter Power Module 55KW MULTOTEC
000000000030000212,EN,Flow Meter Sensor Head 110KW KSB
000000000090000055,EN,Pump Impeller DN100 MULTOTEC
000000000010000930,EN,Slurry Pump Wet End Assembly 250KW
000000000030000213,EN,Slurry Pump Mechanical Seal 110KW ABB
000000000010000931,EN,Flotation Cell Impeller 110KW SEW
000000000010000932,EN,PLC Digital Output Card 55KW SEW
000000000010000933,EN,Gland Packing Seal Ring 200MM SKF
000000000010000934,EN,Gland Packing Seal Ring 10/8 WEIR
000000000010000935,EN,Centrifugal Pump Casing 6/4 WEIR
000000000010000936,EN,Flotation Blower Motor 250MM WEIR
000000000080000210,EN,Agitator Shaft Seal 6/4 SIEMENS
000000000090000056,EN,Mill Lube Pump Motor 250MM FLSM
000000000010000937,EN,Cyclone Apex Liner 150MM WEIR
000000000090000057,EN,Crusher Main Shaft Bearing 55KW KSB
000000000030000214,EN,Ventilation Fan Motor 250KW SEW
000000000010000938,EN,Vertical Sump Pump Column 200MM SANDVIK
000000000010000939,EN,Conveyor Drive Gearbox HD MULTOTEC
000000000030000215,EN,Ball Mill Shell Liner Plate 6/4 SANDVIK
000000000010000940,EN,Slurry Pump Mechanical Seal 150MM SEW
000000000030000216,EN,Ball Mill Shell Liner Plate DN150 ABB
000000000080000211,EN,Conveyor Drive Motor 8/6 SANDVIK
000000000030000217,EN,Flow Meter Sensor Head 55KW ABB
000000000080000212,EN,Skirt Rubber Liner Section DN100 SEW
000000000090000058,EN,Flow Meter Sensor Head TYPE B FLSM
000000000010000941,EN,Screen Exciter Bearing 55KW SANDVIK
000000000010000942,EN,Hydraulic Power Pack 150MM ABB
000000000030000218,EN,Agitator Shaft Seal DN100 WEIR
000000000010000943,EN,Hydraulic Pump Assembly 250KW SIEMENS
000000000010000944,EN,Ball Mill Gearbox Assembly TYPE B FLSM
000000000010000945,EN,Skirt Rubber Liner Section 250MM FLSM
000000000010000946,EN,Belt Scraper Blade Cartridge 110KW
000000000030000219,EN,Vertical Sump Pump Column 10/8 METSO
000000000010000947,EN,Flotation Cell Impeller 6/4 FLSM
000000000010000948,EN,MCC Feeder Circuit Breaker TYPE B METSO
000000000010000949,EN,Centrifugal Pump Casing 10/8 SEW
000000000030000220,EN,Belt Scraper Blade Cartridge 150MM FLSM
000000000010000950,EN,Thickener Rake Seal Kit 8/6 SEW
000000000080000213,EN,Flotation Cell Impeller 55KW ABB
000000000010000951,EN,Pressure Transmitter Assembly 8/6 FLSM
000000000010000952,EN,Flotation Blower Motor 6/4 SIEMENS
000000000080000214,EN,Conveyor Idler Roller Set 110KW SKF
000000000010000953,EN,Apron Feeder Gear Reducer 150MM MULTOTEC
000000000010000954,EN,Gearbox Bearing 110KW SIEMENS
000000000010000955,EN,Flotation Blower Motor 250MM SKF
000000000010000956,EN,Pump Impeller 8/6 ABB
000000000010000957,EN,Flow Meter Sensor Head 200MM SKF
000000000010000958,EN,Level Radar Transmitter 6/4 METSO
000000000090000059,EN,Conveyor Take-Up Pulley 150MM ABB
000000000030000221,EN,Cyclone Apex Liner 55KW FLSM
000000000010000959,EN,PLC Digital Output Card DN100 SKF
000000000030000222,EN,Pump Impeller DN150 MULTOTEC
000000000010000960,EN,Conveyor Drive Gearbox TYPE A KSB
000000000010000961,EN,Slurry Pump Wet End Assembly 10/8 METSO
000000000010000962,EN,Belt Scraper Blade Cartridge 10/8 WEIR
000000000030000223,EN,Conveyor Drive Gearbox 250KW FLSM
000000000030000224,EN,Conveyor Pulley Bearing 10/8 MULTOTEC
000000000010000963,EN,Apron Feeder Gear Reducer HD ABB
000000000010000964,EN,Conveyor Take-Up Pulley DN100 KSB
000000000010000965,EN,Pressure Transmitter Assembly 8/6 METSO
000000000010000966,EN,Conveyor Drive Motor 8/6 MULTOTEC
000000000030000225,EN,Flotation Blower Motor 150MM METSO
000000000010000967,EN,Soft Starter Power Module 110KW KSB
000000000030000226,EN,Ball Mill Gearbox Assembly 200MM FLSM
000000000010000968,EN,Conveyor Take-Up Pulley 200MM SIEMENS
000000000080000215,EN,Spherical Roller Bearing 6/4 ABB
000000000030000227,EN,MCC Feeder Circuit Breaker 150MM
000000000010000969,EN,Slurry Density Transmitter 150MM WEIR
000000000010000970,EN,Thickener Rake Drive Gearbox 150MM WEIR
000000000010000971,EN,Ball Mill Trunnion Bearing HD ABB
000000000010000972,EN,Conveyor Pulley Bearing 250KW ABB
000000000010000973,EN,Ventilation Fan Motor 10/8 METSO
000000000030000228,EN,PLC Digital Output Card 200MM ABB
000000000010000974,EN,Hydraulic Pump Assembly 200MM MULTOTEC
000000000010000975,EN,Conveyor Take-Up Pulley 8/6 MULTOTEC
000000000030000229,EN,Hydraulic Power Pack 150MM METSO
000000000010000976,EN,Conveyor Pulley Bearing DN150 SANDVIK
000000000010000977,EN,Slurry Density Transmitter 8/6 SIEMENS
000000000090000060,EN,Skirt Rubber Liner Section DN100 ABB
000000000080000216,EN,Soft Starter Power Module 10/8 SKF
000000000030000230,EN,Conveyor Idler Roller Set TYPE B WEIR
000000000030000231,EN,Flow Meter Sensor Head 10/8 FLSM
000000000030000232,EN,Mill Liner 6/4 MULTOTEC
000000000010000978,EN,Conveyor Idler Roller Set 250MM SKF
000000000080000217,EN,Vertical Sump Pump Column TYPE A SKF
000000000010000979,EN,Conveyor Take-Up Pulley 200MM SKF
000000000010000980,EN,Ball Mill Gearbox Assembly DN100 WEIR
000000000010000981,EN,Agitator Shaft Seal HD ABB
000000000090000061,EN,Pressure Transmitter Assembly 6/4 ABB
000000000030000233,EN,Belt Scraper Blade Cartridge HD SIEMENS
000000000090000062,EN,Crusher Main Shaft Bearing 250KW FLSM
000000000010000982,EN,Variable Speed Drive Unit 10/8 SIEMENS
000000000030000234,EN,Level Radar Transmitter TYPE A ABB
000000000030000235,EN,Slurry Density Transmitter 250KW METSO
000000000010000983,EN,Skirt Rubber Liner Section 10/8 SKF
000000000010000984,EN,Hydraulic Pump Assembly DN100 ABB
000000000010000985,EN,Ventilation Fan Motor 10/8 SEW
000000000080000218,EN,Mill Liner DN150 SANDVIK
000000000030000236,EN,Crusher Main Shaft Bearing HD SANDVIK
000000000010000986,EN,Cyclone Apex Liner 8/6 SIEMENS
000000000010000987,EN,Slurry Pump Mechanical Seal 6/4 SANDVIK
000000000010000988,EN,Ventilation Fan Motor 150MM SKF
000000000010000989,EN,Conveyor Idler Roller Set 55KW FLSM
000000000010000990,EN,Slurry Pump Mechanical Seal TYPE B
000000000010000991,EN,Ball Mill Shell Liner Plate TYPE A SEW
000000000010000992,EN,Thickener Rake Drive Gearbox 150MM
000000000030000237,EN,Conveyor Drive Gearbox HD MULTOTEC
000000000010000993,EN,PLC Digital Output Card 55KW SKF
000000000010000994,EN,Belt Scraper Blade Cartridge DN100 WEIR
000000000010000995,EN,Thickener Rake Seal Kit 150MM METSO
000000000010000996,EN,Ball Mill Shell Liner Plate 200MM ABB
000000000010000997,EN,Gearbox Bearing HD WEIR
000000000010000998,EN,Ball Mill Gearbox Assembly 6/4 SKF
000000000010000999,EN,Slurry Pump Mechanical Seal DN150 METSO
000000000010001000,EN,Conveyor Idler Roller Set 250KW METSO
000000000010001001,EN,Gland Packing Seal Ring HD SEW
000000000030000238,EN,Mill Liner 55KW ABB
000000000010001002,EN,Apron Feeder Gear Reducer 55KW SKF
000000000030000239,EN,Slurry Pump Wet End Assembly 200MM WEIR
000000000010001003,EN,Pressure Transmitter Assembly 110KW SKF
000000000010001004,EN,Ball Mill Trunnion Bearing 6/4 FLSM
000000000010001005,EN,Soft Starter Power Module 55KW ABB
000000000030000240,EN,Slurry Pump Wet End Assembly 8/6
000000000030000241,EN,Skirt Rubber Liner Section 150MM SANDVIK
000000000010001006,EN,Vertical Sump Pump Column 55KW SKF
000000000030000242,EN,Hydraulic Power Pack 200MM SEW
000000000030000243,EN,Conveyor Idler Roller Set DN150 SIEMENS
000000000010001007,EN,Ball Mill Trunnion Bearing TYPE A SKF
000000000010001008,EN,Flotation Cell Impeller 10/8 WEIR
000000000010001009,EN,Flotation Cell Impeller TYPE B METSO
000000000080000219,EN,Variable Speed Drive Unit 55KW SANDVIK
000000000090000063,EN,Apron Feeder Gear Reducer HD KSB
000000000010001010,EN,Slurry Density Transmitter 250MM SEW
000000000080000220,EN,Hydraulic Power Pack 55KW KSB
000000000010001011,EN,Conveyor Idler Roller Set 10/8 KSB
000000000080000221,EN,Pressure Transmitter Assembly 6/4 SEW
000000000010001012,EN,Gland Packing Seal Ring 8/6 ABB
000000000010001013,EN,Slurry Pump Mechanical Seal DN100
000000000010001014,EN,Gearbox Bearing 110KW SIEMENS
000000000010001015,EN,Gearbox Bearing 10/8 METSO
000000000010001016,EN,Ball Mill Trunnion Bearing DN150 SIEMENS
000000000010001017,EN,Flotation Cell Impeller 150MM WEIR
000000000010001018,EN,Skirt Rubber Liner Section 10/8 SANDVIK
000000000010001019,EN,Vertical Sump Pump Column DN100 SKF
000000000010001020,EN,PLC Digital Output Card 55KW SANDVIK
000000000010001021,EN,Ventilation Fan Motor 10/8 MULTOTEC
000000000010001022,EN,Gland Packing Seal Ring DN150 ABB
000000000010001023,EN,Pressure Transmitter Assembly 150MM
000000000010001024,EN,Flotation Cell Impeller 150MM FLSM
000000000010001025,EN,Valve Assembly 8/6 KSB
000000000010001026,EN,Agitator Shaft Seal TYPE A MULTOTEC
000000000010001027,EN,Gearbox Bearing 10/8 METSO
000000000010001028,EN,Centrifugal Pump Casing TYPE A SIEMENS
000000000080000222,EN,PLC Digital Output Card DN100 METSO
000000000010001029,EN,Agitator Shaft Seal 55KW METSO
000000000030000244,EN,Slurry Pump Wet End Assembly HD SIEMENS
000000000090000064,EN,Slurry Density Transmitter DN100 FLSM
000000000010001030,EN,Thickener Rake Drive Gearbox DN150 METSO
000000000010001031,EN,Conveyor Take-Up Pulley 10/8 SIEMENS
000000000030000245,EN,Flotation Blower Motor 150MM METSO
000000000010001032,EN,Level Radar Transmitter 110KW SEW
000000000010001033,EN,Belt Scraper Blade Cartridge 10/8 SEW
000000000010001034,EN,Pump Impeller TYPE B SEW
000000000010001035,EN,Slurry Pump Mechanical Seal TYPE A KSB
000000000010001036,EN,Pressure Transmitter Assembly 8/6 ABB
000000000080000223,EN,Screen Exciter Bearing 110KW SIEMENS
000000000080000224,EN,Agitator Shaft Seal 55KW SANDVIK
000000000010001037,EN,Crusher Hydroset Cylinder TYPE B SIEMENS
000000000010001038,EN,Screen Exciter Bearing 150MM SIEMENS
000000000080000225,EN,Cyclone Apex Liner 10/8 SEW
000000000090000065,EN,Hydraulic Pump Assembly 8/6 SEW
000000000030000246,EN,Gearbox Bearing 55KW KSB
000000000030000247,EN,Conveyor Idler Roller Set TYPE A FLSM
000000000010001039,EN,Gland Packing Seal Ring 6/4 MULTOTEC
000000000010001040,EN,Flotation Cell Impeller 55KW WEIR
000000000030000248,EN,Slurry Pump Mechanical Seal 6/4 SANDVIK
000000000080000226,EN,Ball Mill Trunnion Bearing DN100 FLSM
000000000030000249,EN,Ball Mill Trunnion Bearing 150MM SEW
000000000080000227,EN,Thickener Rake Drive Gearbox 8/6 SANDVIK
000000000030000250,EN,Gearbox Bearing 250MM METSO
000000000010001041,EN,MCC Feeder Circuit Breaker 250MM METSO
000000000080000228,EN,Ball Mill Gearbox Assembly TYPE B SKF
000000000030000251,EN,PLC Digital Output Card DN150 SANDVIK
000000000030000252,EN,Ball Mill Gearbox Assembly DN150 SANDVIK
000000000010001042,EN,Apron Feeder Gear Reducer 150MM SIEMENS
000000000010001043,EN,Valve Assembly 250KW KSB
000000000030000253,EN,Flow Meter Sensor Head DN150 MULTOTEC
000000000010001044,EN,Ball Mill Shell Liner Plate 200MM ABB
000000000010001045,EN,Centrifugal Pump Casing 6/4 SKF
000000000030000254,EN,Flow Meter Sensor Head 250KW ABB
000000000080000229,EN,Conveyor Drive Gearbox 10/8 KSB
000000000080000230,EN,Pressure Transmitter Assembly 250KW FLSM
000000000010001046,EN,Crusher Main Shaft Bearing HD KSB
000000000010001047,EN,Mill Lube Pump Motor 250KW SEW
000000000010001048,EN,Ventilation Fan Motor DN100 SKF
000000000010001049,EN,MCC Feeder Circuit Breaker TYPE A WEIR
000000000010001050,EN,Conveyor Drive Gearbox 250KW FLSM
000000000010001051,EN,Ball Mill Gearbox Assembly DN150 FLSM
000000000010001052,EN,Flow Meter Sensor Head 6/4 FLSM
000000000010001053,EN,Ball Mill Shell Liner Plate HD ABB
000000000010001054,EN,Slurry Pump Mechanical Seal TYPE A SKF
000000000080000231,EN,Thickener Rake Seal Kit 6/4 MULTOTEC
000000000010001055,EN,Slurry Pump Wet End Assembly 8/6 SIEMENS
000000000010001056,EN,Slurry Pump Mechanical Seal 200MM METSO
000000000010001057,EN,Mill Lube Pump Motor 6/4 METSO
000000000010001058,EN,Apron Feeder Gear Reducer 10/8 SANDVIK
000000000030000255,EN,Conveyor Pulley Bearing 6/4 MULTOTEC
000000000010001059,EN,Ball Mill Trunnion Bearing DN150 SANDVIK
000000000010001060,EN,Vertical Sump Pump Column HD MULTOTEC
000000000010001061,EN,Hydraulic Power Pack 110KW SEW
000000000010001062,EN,Screen Exciter Bearing HD WEIR
000000000010001063,EN,Soft Starter Power Module DN150 SIEMENS
000000000010001064,EN,MCC Feeder Circuit Breaker 250MM SIEMENS
000000000010001065,EN,Slurry Pump Wet End Assembly 200MM
000000000030000256,EN,Pump Impeller HD ABB
000000000010001066,EN,Conveyor Pulley Bearing 250MM SKF
000000000030000257,EN,Ball Mill Gearbox Assembly DN150 SANDVIK
000000000010001067,EN,Soft Starter Power Module DN150 METSO
000000000010001068,EN,Conveyor Drive Motor 200MM METSO
000000000010001069,EN,Level Radar Transmitter 6/4 SANDVIK
000000000010001070,EN,Crusher Hydroset Cylinder 200MM ABB
000000000010001071,EN,Slurry Pump Mechanical Seal 150MM WEIR
000000000080000232,EN,Hydraulic Power Pack 55KW WEIR
000000000080000233,EN,Conveyor Drive Motor 150MM FLSM
000000000030000258,EN,Cyclone Apex Liner DN150 SKF
000000000010001072,EN,Flotation Cell Impeller 250KW KSB
000000000010001073,EN,Spherical Roller Bearing 150MM ABB
000000000010001074,EN,Pressure Transmitter Assembly 8/6 KSB
000000000010001075,EN,Variable Speed Drive Unit 110KW SIEMENS
000000000030000259,EN,Flow Meter Sensor Head 55KW ABB
000000000080000234,EN,Pressure Transmitter Assembly 200MM KSB
000000000030000260,EN,Conveyor Idler Roller Set DN100 MULTOTEC
000000000080000235,EN,Apron Feeder Gear Reducer TYPE B FLSM
000000000010001076,EN,Slurry Pump Mechanical Seal 8/6 SEW
000000000010001077,EN,Thickener Rake Drive Gearbox HD SIEMENS
000000000010001078,EN,Screen Exciter Bearing 55KW SANDVIK
000000000010001079,EN,MCC Feeder Circuit Breaker DN150 SANDVIK
000000000010001080,EN,Ball Mill Trunnion Bearing 250KW KSB
000000000010001081,EN,MCC Feeder Circuit Breaker TYPE A SKF
000000000010001082,EN,Ventilation Fan Motor 110KW SANDVIK
000000000010001083,EN,Belt Scraper Blade Cartridge 110KW SKF
000000000010001084,EN,Conveyor Pulley Bearing 10/8 ABB
000000000010001085,EN,Ball Mill Gearbox Assembly 8/6 SIEMENS
000000000030000261,EN,Conveyor Idler Roller Set TYPE B SANDVIK
000000000010001086,EN,Flow Meter Sensor Head HD SIEMENS
000000000010001087,EN,Flotation Cell Impeller 110KW SIEMENS
000000000010001088,EN,Apron Feeder Gear Reducer 200MM FLSM
000000000010001089,EN,Conveyor Drive Gearbox 8/6 SIEMENS
000000000010001090,EN,Pump Impeller TYPE B SEW
000000000010001091,EN,Apron Feeder Gear Reducer 200MM SANDVIK
000000000010001092,EN,Crusher Hydroset Cylinder 250KW WEIR
000000000080000236,EN,Conveyor Idler Roller Set HD MULTOTEC
000000000010001093,EN,Cyclone Apex Liner TYPE A MULTOTEC
000000000010001094,EN,Ball Mill Trunnion Bearing 55KW FLSM
000000000010001095,EN,Gland Packing Seal Ring HD MULTOTEC
000000000080000237,EN,Conveyor Drive Gearbox 6/4 WEIR
000000000010001096,EN,Level Radar Transmitter 200MM METSO
000000000010001097,EN,Thickener Rake Drive Gearbox HD
000000000080000238,EN,Soft Starter Power Module TYPE A FLSM
000000000030000262,EN,Hydraulic Power Pack DN100 SIEMENS
000000000010001098,EN,Conveyor Take-Up Pulley HD SKF
000000000080000239,EN,Thickener Rake Drive Gearbox 150MM SEW
000000000010001099,EN,Ball Mill Gearbox Assembly 200MM ABB
000000000080000240,EN,Flotation Cell Impeller 250MM KSB
000000000080000241,EN,Slurry Density Transmitter 6/4 METSO
000000000010001100,EN,Screen Exciter Bearing 110KW MULTOTEC
000000000010001101,EN,Mill Lube Pump Motor 110KW SIEMENS
000000000030000263,EN,Conveyor Take-Up Pulley 250MM SANDVIK
000000000030000264,EN,Thickener Rake Drive Gearbox 150MM ABB
000000000010001102,EN,Crusher Main Shaft Bearing TYPE A FLSM
000000000010001103,EN,Skirt Rubber Liner Section 250MM WEIR
000000000010001104,EN,Flotation Blower Motor DN100 SKF
000000000030000265,EN,Gland Packing Seal Ring 6/4 SIEMENS
000000000010001105,EN,Flotation Cell Impeller TYPE A WEIR
000000000010001106,EN,Cyclone Apex Liner 150MM SKF
000000000010001107,EN,Centrifugal Pump Casing 8/6 METSO
000000000010001108,EN,Ball Mill Shell Liner Plate HD WEIR
000000000010001109,EN,Skirt Rubber Liner Section HD MULTOTEC
000000000010001110,EN,Thickener Rake Drive Gearbox 150MM SKF
000000000010001111,EN,Gland Packing Seal Ring 10/8 FLSM
000000000090000066,EN,Mill Liner 55KW SIEMENS
000000000010001112,EN,Thickener Rake Drive Gearbox TYPE B
000000000030000266,EN,Cyclone Apex Liner 8/6 METSO
000000000010001113,EN,Cyclone Apex Liner DN100 FLSM
000000000030000267,EN,Pump Impeller 10/8 SANDVIK
000000000030000268,EN,Pump Impeller 8/6 SEW
000000000010001114,EN,Flow Meter Sensor Head DN150 KSB
000000000010001115,EN,Ball Mill Shell Liner Plate 55KW
000000000010001116,EN,Slurry Density Transmitter 150MM WEIR
000000000010001117,EN,PLC Digital Output Card DN100 SIEMENS
000000000010001118,EN,Ball Mill Shell Liner Plate 8/6
000000000010001119,EN,MCC Feeder Circuit Breaker 10/8 SKF
000000000090000067,EN,Flow Meter Sensor Head 6/4 ABB
000000000010001120,EN,MCC Feeder Circuit Breaker DN150 SKF
000000000010001121,EN,Ball Mill Gearbox Assembly 55KW
000000000010001122,EN,Screen Exciter Bearing TYPE A METSO
000000000010001123,EN,Vertical Sump Pump Column 55KW ABB
000000000010001124,EN,Crusher Main Shaft Bearing HD ABB
000000000010001125,EN,Centrifugal Pump Casing 250KW KSB
000000000030000269,EN,Screen Exciter Bearing 110KW KSB
000000000010001126,EN,Conveyor Idler Roller Set 250KW SKF
000000000010001127,EN,Belt Scraper Blade Cartridge 8/6 SEW
000000000010001128,EN,Ball Mill Shell Liner Plate 250MM
000000000010001129,EN,Pump Impeller 200MM ABB
000000000010001130,EN,Hydraulic Pump Assembly 55KW WEIR
000000000010001131,EN,Apron Feeder Gear Reducer 250MM ABB
000000000010001132,EN,Slurry Pump Wet End Assembly 150MM
000000000010001133,EN,Ball Mill Gearbox Assembly 8/6 SANDVIK
000000000010001134,EN,PLC Digital Output Card 110KW METSO
000000000090000068,EN,Conveyor Idler Roller Set 10/8 FLSM
000000000010001135,EN,Spherical Roller Bearing 8/6 SEW
000000000010001136,EN,Ball Mill Shell Liner Plate TYPE B ABB
000000000090000069,EN,Conveyor Idler Roller Set 8/6 FLSM
000000000010001137,EN,PLC Digital Output Card 200MM SANDVIK
000000000010001138,EN,PLC Digital Output Card 250MM SIEMENS
000000000010001139,EN,Centrifugal Pump Casing TYPE B FLSM
000000000010001140,EN,Slurry Density Transmitter 10/8
000000000030000270,EN,Agitator Shaft Seal TYPE A WEIR
000000000010001141,EN,Thickener Rake Seal Kit 110KW SANDVIK
000000000010001142,EN,Ball Mill Gearbox Assembly TYPE A FLSM
000000000010001143,EN,Hydraulic Pump Assembly 10/8 ABB
000000000010001144,EN,Pressure Transmitter Assembly 250KW KSB
000000000090000070,EN,Spherical Roller Bearing DN150 WEIR
000000000030000271,EN,Ball Mill Shell Liner Plate 250KW KSB
000000000010001145,EN,Flotation Blower Motor 110KW SANDVIK
000000000010001146,EN,Mill Lube Pump Motor 250MM SKF
000000000010001147,EN,Conveyor Take-Up Pulley 10/8 METSO
000000000010001148,EN,Pump Impeller 250MM FLSM
000000000010001149,EN,Level Radar Transmitter DN150 KSB
000000000030000272,EN,Belt Scraper Blade Cartridge HD WEIR
000000000010001150,EN,Hydraulic Power Pack DN100 METSO
000000000010001151,EN,Pump Impeller 6/4 MULTOTEC
000000000030000273,EN,Pressure Transmitter Assembly DN100 SEW
000000000010001152,EN,Slurry Density Transmitter DN150 METSO
000000000010001153,EN,Slurry Pump Wet End Assembly 200MM SKF
000000000080000242,EN,Level Radar Transmitter HD FLSM
000000000030000274,EN,Mill Liner DN150 SANDVIK
000000000030000275,EN,Conveyor Idler Roller Set DN100 SKF
000000000010001154,EN,Thickener Rake Seal Kit 200MM SEW
000000000030000276,EN,Ball Mill Shell Liner Plate TYPE A SEW
000000000010001155,EN,Hydraulic Pump Assembly 6/4 SKF
000000000010001156,EN,MCC Feeder Circuit Breaker 150MM SEW
000000000080000243,EN,Apron Feeder Gear Reducer 10/8 FLSM
000000000090000071,EN,Agitator Shaft Seal 250KW WEIR
000000000090000072,EN,Flotation Cell Impeller 200MM FLSM
000000000010001157,EN,Conveyor Idler Roller Set DN100 SEW
000000000010001158,EN,Thickener Rake Seal Kit 8/6 METSO
000000000090000073,EN,Pressure Transmitter Assembly HD ABB
000000000030000277,EN,Conveyor Take-Up Pulley 200MM MULTOTEC
000000000010001159,EN,PLC Digital Output Card HD FLSM
000000000080000244,EN,Conveyor Drive Motor 55KW KSB
000000000080000245,EN,Flotation Cell Impeller 150MM MULTOTEC
000000000010001160,EN,Vertical Sump Pump Column 200MM FLSM
000000000030000278,EN,Hydraulic Pump Assembly 250MM FLSM
000000000030000279,EN,Centrifugal Pump Casing 10/8 METSO
000000000030000280,EN,Mill Lube Pump Motor 250MM SKF
000000000010001161,EN,Apron Feeder Gear Reducer 110KW SANDVIK
000000000010001162,EN,Mill Liner 55KW SIEMENS
000000000090000074,EN,Cyclone Apex Liner 10/8 WEIR
000000000010001163,EN,Conveyor Drive Motor 150MM KSB
000000000010001164,EN,Conveyor Idler Roller Set 250KW SEW
000000000080000246,EN,Pump Impeller 8/6 SIEMENS
000000000010001165,EN,MCC Feeder Circuit Breaker DN150 SIEMENS
000000000010001166,EN,Vertical Sump Pump Column 200MM SEW
000000000010001167,EN,Slurry Pump Wet End Assembly 6/4 FLSM
000000000010001168,EN,Cyclone Apex Liner 200MM MULTOTEC
000000000010001169,EN,Conveyor Drive Motor 10/8 METSO
000000000010001170,EN,Slurry Density Transmitter 10/8 FLSM
000000000010001171,EN,Centrifugal Pump Casing 200MM SEW
000000000010001172,EN,Ventilation Fan Motor 110KW WEIR
000000000010001173,EN,Conveyor Take-Up Pulley 8/6 METSO
000000000030000281,EN,Skirt Rubber Liner Section 6/4 SEW
000000000010001174,EN,Thickener Rake Seal Kit 10/8 METSO
000000000010001175,EN,Conveyor Pulley Bearing 10/8 SANDVIK
000000000030000282,EN,Slurry Density Transmitter 200MM SANDVIK
000000000010001176,EN,Variable Speed Drive Unit 10/8 FLSM
000000000030000283,EN,Apron Feeder Gear Reducer 110KW SEW
000000000010001177,EN,Centrifugal Pump Casing 10/8 KSB
000000000080000247,EN,Agitator Shaft Seal 6/4 FLSM
000000000010001178,EN,Variable Speed Drive Unit 250KW MULTOTEC
000000000010001179,EN,Soft Starter Power Module 250KW SANDVIK
000000000030000284,EN,Soft Starter Power Module 250KW WEIR
000000000010001180,EN,Soft Starter Power Module 6/4 SEW
000000000010001181,EN,Slurry Pump Mechanical Seal 6/4 KSB
000000000010001182,EN,Conveyor Drive Gearbox DN150 METSO
000000000010001183,EN,Vertical Sump Pump Column TYPE B SANDVIK
000000000010001184,EN,Gland Packing Seal Ring 8/6 FLSM
000000000030000285,EN,Cyclone Apex Liner HD FLSM
000000000010001185,EN,Flow Meter Sensor Head 10/8 SIEMENS
000000000030000286,EN,Slurry Pump Wet End Assembly TYPE A
000000000010001186,EN,PLC Digital Output Card TYPE B MULTOTEC
000000000010001187,EN,Ball Mill Shell Liner Plate HD
000000000030000287,EN,Conveyor Drive Motor 200MM SANDVIK
000000000010001188,EN,Hydraulic Pump Assembly TYPE B SANDVIK
000000000010001189,EN,Hydraulic Pump Assembly 250KW MULTOTEC
000000000010001190,EN,Conveyor Pulley Bearing 6/4 SANDVIK
000000000080000248,EN,PLC Digital Output Card 55KW METSO
000000000010001191,EN,Flotation Blower Motor DN150 SEW
000000000030000288,EN,Gland Packing Seal Ring 110KW ABB
000000000010001192,EN,Agitator Shaft Seal HD SANDVIK
000000000010001193,EN,Conveyor Drive Motor 110KW ABB
000000000010001194,EN,Apron Feeder Gear Reducer 110KW WEIR
000000000010001195,EN,Variable Speed Drive Unit 110KW SANDVIK
000000000010001196,EN,Ball Mill Gearbox Assembly TYPE B ABB
000000000010001197,EN,Soft Starter Power Module HD SEW
000000000010001198,EN,Skirt Rubber Liner Section 200MM SANDVIK
000000000010001199,EN,Pressure Transmitter Assembly HD ABB
000000000080000249,EN,Hydraulic Power Pack 200MM SKF
000000000080000250,EN,Valve Assembly 55KW FLSM
000000000010001200,EN,Ball Mill Shell Liner Plate TYPE B
000000000010001201,EN,Spherical Roller Bearing 110KW ABB
000000000010001202,EN,Conveyor Drive Motor 110KW FLSM
000000000010001203,EN,Hydraulic Power Pack DN150 MULTOTEC
000000000010001204,EN,Cyclone Apex Liner 200MM MULTOTEC
000000000010001205,EN,Slurry Pump Mechanical Seal TYPE B WEIR
000000000010001206,EN,Gland Packing Seal Ring DN150 MULTOTEC
000000000010001207,EN,PLC Digital Output Card 200MM SKF
000000000010001208,EN,Ball Mill Shell Liner Plate 8/6 METSO
000000000010001209,EN,Pressure Transmitter Assembly 8/6
000000000010001210,EN,Ventilation Fan Motor 250KW SEW
000000000030000289,EN,Pump Impeller TYPE B SANDVIK
000000000090000075,EN,Agitator Shaft Seal HD SKF
000000000010001211,EN,Mill Liner 110KW FLSM
000000000030000290,EN,Conveyor Drive Motor 150MM FLSM
000000000010001212,EN,Slurry Pump Mechanical Seal TYPE B WEIR
000000000010001213,EN,PLC Digital Output Card 200MM KSB
000000000030000291,EN,Conveyor Drive Gearbox 8/6 ABB
000000000030000292,EN,Valve Assembly 8/6 SIEMENS
000000000010001214,EN,Flow Meter Sensor Head TYPE B FLSM
000000000010001215,EN,Vertical Sump Pump Column 8/6 SIEMENS
000000000010001216,EN,Screen Exciter Bearing DN150 FLSM
000000000010001217,EN,PLC Digital Output Card DN150 KSB
000000000030000293,EN,Thickener Rake Seal Kit 250MM SANDVIK
000000000010001218,EN,Conveyor Take-Up Pulley 200MM SKF
000000000080000251,EN,Gland Packing Seal Ring 250MM SANDVIK
000000000030000294,EN,Skirt Rubber Liner Section 200MM SANDVIK
000000000030000295,EN,PLC Digital Output Card 200MM ABB
000000000010001219,EN,Spherical Roller Bearing 200MM ABB
000000000010001220,EN,Hydraulic Power Pack DN100 SKF
000000000010001221,EN,Thickener Rake Drive Gearbox 10/8
000000000010001222,EN,Apron Feeder Gear Reducer TYPE A METSO
000000000010001223,EN,Slurry Density Transmitter 200MM
000000000080000252,EN,Cyclone Apex Liner DN150 FLSM
000000000010001224,EN,Belt Scraper Blade Cartridge 150MM
000000000010001225,EN,Apron Feeder Gear Reducer DN100 SANDVIK
000000000010001226,EN,Ventilation Fan Motor 250MM METSO
000000000010001227,EN,Centrifugal Pump Casing TYPE A SIEMENS
000000000080000253,EN,Ball Mill Gearbox Assembly 10/8 METSO
000000000080000254,EN,Crusher Hydroset Cylinder DN150 KSB
000000000030000296,EN,Slurry Pump Wet End Assembly 8/6
000000000010001228,EN,Centrifugal Pump Casing 8/6 SANDVIK
000000000010001229,EN,Slurry Pump Wet End Assembly 10/8 ABB
000000000010001230,EN,MCC Feeder Circuit Breaker 110KW
000000000030000297,EN,Ball Mill Shell Liner Plate 150MM SKF
000000000080000255,EN,Conveyor Take-Up Pulley 250MM KSB
000000000010001231,EN,Flow Meter Sensor Head DN100 METSO
000000000030000298,EN,Ball Mill Gearbox Assembly 110KW SIEMENS
000000000030000299,EN,Screen Exciter Bearing 8/6 KSB
000000000080000256,EN,Skirt Rubber Liner Section HD ABB
000000000010001232,EN,Centrifugal Pump Casing 10/8 FLSM
000000000080000257,EN,Pump Impeller TYPE A METSO
000000000010001233,EN,Pump Impeller DN100 SANDVIK
000000000010001234,EN,Thickener Rake Seal Kit HD ABB
000000000010001235,EN,Skirt Rubber Liner Section HD WEIR
000000000010001236,EN,Ball Mill Shell Liner Plate 250MM SEW
000000000010001237,EN,Centrifugal Pump Casing 6/4 WEIR
000000000010001238,EN,Slurry Pump Wet End Assembly 200MM ABB
000000000090000076,EN,Level Radar Transmitter TYPE B SEW
000000000010001239,EN,Conveyor Drive Motor HD METSO
000000000010001240,EN,Conveyor Take-Up Pulley 10/8 ABB
000000000030000300,EN,Screen Exciter Bearing TYPE A SANDVIK
000000000010001241,EN,Pump Impeller 110KW SEW
000000000010001242,EN,Conveyor Pulley Bearing 150MM SKF
000000000010001243,EN,Flow Meter Sensor Head 110KW ABB
000000000010001244,EN,Thickener Rake Seal Kit TYPE B SEW
000000000010001245,EN,Apron Feeder Gear Reducer 250KW SANDVIK
000000000080000258,EN,Conveyor Drive Gearbox 8/6 ABB
000000000010001246,EN,Valve Assembly 6/4 SEW
000000000010001247,EN,Conveyor Idler Roller Set HD FLSM
000000000090000077,EN,Spherical Roller Bearing DN150 METSO
000000000010001248,EN,Cyclone Apex Liner DN150 METSO
000000000010001249,EN,MCC Feeder Circuit Breaker 250KW ABB
000000000010001250,EN,Centrifugal Pump Casing 110KW KSB
000000000080000259,EN,Mill Lube Pump Motor 55KW KSB
000000000010001251,EN,Thickener Rake Drive Gearbox 110KW KSB
000000000010001252,EN,MCC Feeder Circuit Breaker 8/6 WEIR
000000000010001253,EN,Conveyor Idler Roller Set 10/8 ABB
000000000010001254,EN,Hydraulic Pump Assembly HD MULTOTEC
000000000010001255,EN,Hydraulic Pump Assembly 250KW MULTOTEC
000000000010001256,EN,Screen Exciter Bearing TYPE B SKF
000000000030000301,EN,Conveyor Drive Gearbox 6/4 SIEMENS
000000000010001257,EN,Apron Feeder Gear Reducer 110KW
000000000010001258,EN,Mill Liner 250MM SEW
000000000090000078,EN,Slurry Pump Mechanical Seal 250MM ABB
000000000010001259,EN,Ball Mill Shell Liner Plate 6/4 WEIR
000000000010001260,EN,Flow Meter Sensor Head 6/4 ABB
000000000080000260,EN,Cyclone Apex Liner 250KW FLSM
000000000010001261,EN,Belt Scraper Blade Cartridge 55KW
000000000080000261,EN,Crusher Main Shaft Bearing 110KW SKF
000000000010001262,EN,Hydraulic Pump Assembly 6/4 SEW
000000000010001263,EN,Pressure Transmitter Assembly 110KW ABB
000000000010001264,EN,Slurry Pump Mechanical Seal 250MM SKF
000000000010001265,EN,MCC Feeder Circuit Breaker HD WEIR
000000000010001266,EN,Variable Speed Drive Unit 200MM SIEMENS
000000000010001267,EN,MCC Feeder Circuit Breaker 8/6 KSB
000000000010001268,EN,Hydraulic Pump Assembly DN150 SANDVIK
000000000080000262,EN,Flotation Cell Impeller 10/8 SKF
000000000030000302,EN,Ball Mill Shell Liner Plate 6/4 MULTOTEC
000000000010001269,EN,Pump Impeller DN100 ABB
000000000010001270,EN,Conveyor Pulley Bearing 55KW MULTOTEC
000000000030000303,EN,Variable Speed Drive Unit 55KW KSB
000000000090000079,EN,Conveyor Idler Roller Set 110KW SIEMENS
000000000010001271,EN,Gland Packing Seal Ring HD FLSM
000000000010001272,EN,Slurry Pump Wet End Assembly 55KW WEIR
000000000010001273,EN,Pump Impeller 200MM WEIR
000000000010001274,EN,Hydraulic Pump Assembly 250MM SANDVIK
000000000010001275,EN,Crusher Hydroset Cylinder 6/4 MULTOTEC
000000000010001276,EN,Slurry Pump Mechanical Seal 10/8 WEIR
000000000010001277,EN,Skirt Rubber Liner Section 200MM FLSM
000000000010001278,EN,Screen Exciter Bearing 200MM METSO
000000000010001279,EN,Screen Exciter Bearing TYPE A KSB
000000000010001280,EN,Apron Feeder Gear Reducer DN150 METSO
000000000010001281,EN,Slurry Pump Mechanical Seal 8/6 MULTOTEC
000000000090000080,EN,Slurry Pump Mechanical Seal 10/8 SEW
000000000030000304,EN,Gearbox Bearing 200MM SIEMENS
000000000080000263,EN,Conveyor Idler Roller Set HD WEIR
000000000010001282,EN,Crusher Hydroset Cylinder 250KW MULTOTEC
000000000010001283,EN,Centrifugal Pump Casing 8/6 SEW
000000000010001284,EN,Flow Meter Sensor Head DN100 WEIR
000000000010001285,EN,MCC Feeder Circuit Breaker 10/8 SEW
000000000030000305,EN,Flotation Blower Motor 6/4 KSB
000000000010001286,EN,Conveyor Pulley Bearing 10/8 KSB
000000000030000306,EN,Pressure Transmitter Assembly 110KW SKF
000000000010001287,EN,Gearbox Bearing 6/4 MULTOTEC
000000000080000264,EN,Hydraulic Pump Assembly 200MM METSO
000000000010001288,EN,Slurry Density Transmitter 150MM SKF
000000000010001289,EN,Flotation Cell Impeller DN100 SANDVIK
000000000010001290,EN,Vertical Sump Pump Column TYPE A SANDVIK
000000000010001291,EN,Apron Feeder Gear Reducer HD KSB
000000000010001292,EN,Soft Starter Power Module 110KW METSO
000000000010001293,EN,Centrifugal Pump Casing TYPE B SKF
000000000010001294,EN,Thickener Rake Seal Kit 250MM KSB
000000000010001295,EN,Ball Mill Shell Liner Plate 200MM
000000000030000307,EN,Level Radar Transmitter 55KW WEIR
000000000030000308,EN,Conveyor Drive Motor 200MM METSO
000000000010001296,EN,Pump Impeller 6/4 SIEMENS
000000000010001297,EN,Cyclone Apex Liner 55KW FLSM
000000000010001298,EN,Centrifugal Pump Casing 250MM ABB
000000000010001299,EN,Agitator Shaft Seal DN150 MULTOTEC
000000000010001300,EN,Slurry Density Transmitter DN100 ABB
000000000090000081,EN,PLC Digital Output Card 10/8 ABB
000000000010001301,EN,Slurry Pump Mechanical Seal TYPE A FLSM
000000000010001302,EN,Ball Mill Shell Liner Plate 55KW KSB
000000000030000309,EN,Soft Starter Power Module HD SEW
000000000010001303,EN,Conveyor Drive Gearbox 8/6 KSB
000000000080000265,EN,Flotation Cell Impeller DN100 MULTOTEC
000000000010001304,EN,MCC Feeder Circuit Breaker 8/6 KSB
000000000010001305,EN,Skirt Rubber Liner Section 10/8 KSB
000000000010001306,EN,Gland Packing Seal Ring TYPE B WEIR
000000000030000310,EN,Variable Speed Drive Unit 250MM SANDVIK
000000000010001307,EN,Hydraulic Power Pack HD SANDVIK
000000000080000266,EN,Thickener Rake Drive Gearbox 150MM ABB
000000000010001308,EN,Pressure Transmitter Assembly HD KSB
000000000010001309,EN,Flotation Cell Impeller DN100 ABB
000000000030000311,EN,Ventilation Fan Motor 110KW SEW
000000000010001310,EN,Pressure Transmitter Assembly 150MM ABB
000000000080000267,EN,Flotation Blower Motor 200MM SKF
000000000030000312,EN,MCC Feeder Circuit Breaker 250MM METSO
000000000010001311,EN,Conveyor Drive Gearbox 10/8 ABB
000000000010001312,EN,Ventilation Fan Motor HD MULTOTEC
000000000090000082,EN,Slurry Pump Mechanical Seal TYPE B WEIR
000000000010001313,EN,Level Radar Transmitter 250KW SKF
000000000010001314,EN,Gland Packing Seal Ring DN100 FLSM
000000000010001315,EN,Conveyor Idler Roller Set DN150 MULTOTEC
000000000090000083,EN,Thickener Rake Seal Kit 250MM MULTOTEC
000000000010001316,EN,Ball Mill Gearbox Assembly 6/4 MULTOTEC
000000000010001317,EN,PLC Digital Output Card 55KW SKF
000000000010001318,EN,Centrifugal Pump Casing DN150 METSO
000000000010001319,EN,Skirt Rubber Liner Section 55KW SEW
000000000010001320,EN,Conveyor Drive Gearbox DN100 SIEMENS
000000000010001321,EN,Soft Starter Power Module 55KW WEIR
000000000030000313,EN,Mill Liner DN100 FLSM
000000000030000314,EN,Apron Feeder Gear Reducer DN150 SIEMENS
000000000090000084,EN,PLC Digital Output Card 8/6 WEIR
000000000010001322,EN,Spherical Roller Bearing TYPE A ABB
000000000010001323,EN,Mill Lube Pump Motor HD SEW
000000000010001324,EN,Flow Meter Sensor Head 110KW METSO
000000000010001325,EN,Level Radar Transmitter 250KW MULTOTEC
000000000010001326,EN,Mill Liner 250MM FLSM
000000000010001327,EN,Crusher Hydroset Cylinder TYPE A
000000000030000315,EN,Pump Impeller 150MM FLSM
000000000010001328,EN,Valve Assembly TYPE A FLSM
000000000010001329,EN,Conveyor Pulley Bearing 250KW WEIR
000000000010001330,EN,Slurry Density Transmitter TYPE B WEIR
