Matnr,Werks,Lvorm,Dismm,Dispo,Plifz,Webaz,Minbe,Eisbe,Bstmi,Bstma,Mabst
000000000010000000,1000,false,VB,002,58.000,0.000,36.087,6.202,23.875,143.250,152.999
000000000010000001,1000,false,VB,010,33.000,0.000,12.408,2.532,16.042,96.250,117.512
000000000010000001,2000,false,VB,009,33.000,2.000,41.138,8.855,21.500,129.000,129.327
000000000080000000,3000,false,VB,003,125.000,0.000,10.638,5.882,1.583,9.500,16.954
000000000010000002,4000,false,VB,002,17.000,2.000,3.698,2.676,1.375,8.250,7.342
000000000010000002,2000,false,VB,008,17.000,1.000,5.226,3.902,1.333,8.000,9.524
000000000030000000,4000,false,PD,009,48.000,0.000,0.000,0.000,1.667,10.000,0.000
000000000030000000,1000,false,ND,008,48.000,2.000,0.000,0.000,1.000,3.750,0.000
000000000010000003,1000,false,VB,001,65.000,1.000,0.000,0.000,1.000,1.000,0.000
000000000080000001,1000,false,VB,005,49.000,1.000,9.258,4.563,2.708,16.250,19.717
000000000080000001,4000,false,VB,005,49.000,1.000,7.884,4.299,1.542,9.250,10.728
000000000010000004,3000,false,VB,005,19.000,1.000,45.337,11.211,40.167,241.000,133.338
000000000010000005,1000,false,VB,002,87.000,2.000,123.573,30.978,24.792,148.750,287.080
000000000010000006,1000,false,VB,008,208.000,3.000,4.956,1.845,1.000,5.000,10.146
000000000030000001,1000,false,ND,008,23.000,3.000,0.000,0.000,1.292,7.750,0.000
000000000010000007,3000,false,VB,005,56.000,3.000,18.973,11.696,2.250,13.500,18.973
000000000010000008,4000,false,VB,009,199.000,3.000,34.269,12.583,2.000,12.000,34.269
000000000080000002,3000,false,VB,006,36.000,2.000,4.546,3.241,1.708,10.250,10.283
000000000080000003,4000,false,VB,007,58.000,3.000,10.469,6.395,2.167,13.000,25.946
000000000010000009,3000,false,VB,001,176.000,2.000,4.979,2.750,1.000,2.000,8.375
000000000030000002,3000,false,ND,007,10.000,1.000,0.000,0.000,1.000,5.750,0.000
000000000010000010,1000,false,VB,003,34.000,2.000,0.000,0.000,1.000,1.000,0.000
000000000030000003,4000,false,ND,003,25.000,0.000,0.000,0.000,1.042,6.250,0.000
000000000030000003,1000,false,PD,007,25.000,3.000,0.000,0.000,1.833,11.000,0.000
000000000010000011,4000,false,VB,006,12.000,2.000,36.305,13.585,35.250,211.500,180.072
000000000010000012,3000,false,VB,007,44.000,1.000,2.728,1.863,1.000,2.750,2.728
000000000010000012,2000,false,VB,010,44.000,3.000,5.922,4.049,1.000,4.750,5.922
000000000010000013,4000,false,VB,006,33.000,0.000,3.568,2.183,1.000,4.500,5.025
000000000010000014,4000,false,VB,003,15.000,3.000,0.000,0.000,1.000,1.000,0.000
000000000010000014,2000,false,VB,004,15.000,3.000,0.000,0.000,1.000,1.000,0.000
000000000010000015,4000,false,VB,003,60.000,0.000,109.923,23.353,29.458,176.750,196.328
000000000010000015,1000,false,VB,005,60.000,3.000,108.875,19.264,33.208,199.250,197.807
000000000010000016,2000,false,VB,002,13.000,2.000,29.656,11.605,31.292,187.750,201.976
000000000010000017,2000,false,VB,004,38.000,0.000,0.000,0.000,1.000,1.000,0.000
000000000010000018,2000,false,VB,003,52.000,1.000,4.066,2.906,1.000,2.500,5.837
000000000010000019,3000,false,VB,005,17.000,3.000,1.375,1.119,1.000,2.500,3.479
000000000010000020,3000,false,VB,007,91.000,3.000,15.160,8.911,2.083,12.500,35.686
000000000010000021,1000,false,VB,001,11.000,0.000,7.110,2.466,11.833,71.000,55.470
000000000090000000,4000,false,ND,003,37.000,1.000,0.000,0.000,1.000,1.000,1.000
000000000010000022,4000,false,VB,006,33.000,2.000,38.743,10.744,37.417,224.500,248.448
000000000010000023,3000,false,VB,007,25.000,1.000,6.199,3.508,2.083,12.500,17.605
000000000080000004,2000,false,VB,002,148.000,2.000,31.769,16.362,1.917,11.500,36.800
000000000010000024,2000,false,VB,009,36.000,2.000,0.000,0.000,1.000,1.000,0.000
000000000010000025,2000,false,VB,007,55.000,3.000,40.655,6.961,31.625,189.750,230.289
000000000010000026,2000,false,VB,001,48.000,2.000,1.762,1.095,1.000,2.500,3.864
000000000010000026,1000,false,VB,004,48.000,2.000,0.409,0.301,1.000,1.000,0.676
000000000080000005,4000,false,VB,006,33.000,0.000,2.199,1.243,1.000,5.000,7.436
000000000080000005,2000,false,VB,003,33.000,3.000,3.439,2.114,1.250,7.500,11.824
000000000010000027,3000,false,VB,002,7.000,1.000,0.000,0.000,1.000,1.000,0.000
000000000010000028,2000,false,VB,002,57.000,1.000,9.758,6.469,1.208,7.250,15.344
000000000010000028,4000,false,VB,008,57.000,2.000,6.333,3.650,1.583,9.500,9.407
000000000010000029,3000,false,VB,006,101.000,3.000,30.583,4.468,8.250,49.500,92.359
000000000010000029,2000,false,VB,005,101.000,0.000,134.725,23.771,31.958,191.750,332.290
000000000030000004,4000,false,ND,006,0.000,3.000,0.000,0.000,1.000,6.000,0.000
000000000010000030,4000,false,VB,002,26.000,1.000,15.326,4.699,30.625,183.750,121.345
000000000010000031,3000,false,VB,010,97.000,1.000,0.000,0.000,1.000,1.000,0.000
000000000010000032,4000,false,VB,009,51.000,2.000,4.305,2.998,1.000,4.000,4.684
000000000010000033,1000,false,VB,008,57.000,2.000,13.012,8.143,1.667,10.000,20.514
000000000010000034,1000,false,VB,007,185.000,1.000,6.612,2.836,1.000,6.000,16.402
000000000080000006,2000,false,VB,002,113.000,3.000,6.064,3.667,1.000,5.500,19.158
000000000010000035,1000,false,VB,010,24.000,3.000,0.000,0.000,1.000,1.000,0.000
000000000010000036,3000,false,VB,002,22.000,0.000,1.739,1.096,1.000,3.750,5.053
000000000010000036,2000,false,VB,008,22.000,1.000,1.257,0.729,1.583,9.500,12.324
000000000010000037,1000,false,VB,004,27.000,0.000,4.239,2.509,1.375,8.250,5.793
000000000090000001,1000,false,ND,003,21.000,3.000,0.000,0.000,1.000,1.000,1.000
000000000010000038,3000,false,VB,003,25.000,3.000,23.885,5.652,23.250,139.500,71.440
000000000080000007,1000,false,VB,006,132.000,3.000,21.434,11.526,1.500,9.000,29.240
000000000010000039,2000,false,VB,009,8.000,0.000,0.000,0.000,1.000,1.000,0.000
000000000030000005,3000,false,PD,006,22.000,2.000,0.000,0.000,2.208,13.250,0.000
000000000010000040,1000,false,VB,001,15.000,2.000,1.195,0.901,1.000,5.000,4.989
000000000010000041,4000,false,VB,007,50.000,3.000,10.197,7.482,1.000,6.000,10.197
000000000010000042,1000,false,VB,009,63.000,3.000,0.000,0.000,1.000,1.000,0.000
000000000030000006,2000,false,ND,010,68.000,2.000,0.000,0.000,1.000,3.500,0.000
000000000080000008,4000,false,VB,001,43.000,1.000,0.906,0.524,1.000,2.750,4.763
000000000080000009,1000,false,VB,008,52.000,3.000,4.964,3.182,1.125,6.750,9.459
000000000080000009,4000,false,VB,009,52.000,3.000,9.901,6.388,1.333,8.000,11.227
000000000080000010,3000,false,VB,010,25.000,3.000,4.705,3.397,1.542,9.250,8.541
000000000030000007,1000,false,ND,007,81.000,2.000,0.000,0.000,1.875,11.250,0.000
000000000030000008,3000,false,ND,008,0.000,2.000,0.000,0.000,1.667,10.000,0.000
000000000010000043,1000,false,VB,007,25.000,0.000,2.086,1.288,1.667,10.000,14.689
000000000010000043,4000,false,VB,008,25.000,3.000,1.537,0.913,1.042,6.250,6.306
000000000010000044,3000,false,VB,005,32.000,1.000,1.520,1.113,1.000,1.500,2.625
000000000010000045,4000,false,VB,003,13.000,2.000,13.570,5.066,22.625,135.750,85.261
000000000080000011,2000,false,VB,005,19.000,0.000,2.400,1.752,1.417,8.500,11.760
000000000080000012,3000,false,VB,004,31.000,2.000,4.607,3.357,1.250,7.500,10.894
000000000010000046,2000,false,VB,006,90.000,0.000,0.000,0.000,1.000,1.000,0.000
000000000010000047,1000,false,VB,002,39.000,1.000,0.000,0.000,1.000,1.000,0.000
000000000010000047,4000,false,VB,002,39.000,1.000,0.000,0.000,1.000,1.000,0.000
000000000010000048,4000,false,VB,003,18.000,2.000,24.494,6.446,20.125,120.750,99.508
000000000080000013,3000,false,VB,007,14.000,2.000,0.885,0.677,1.000,4.250,3.672
000000000010000049,3000,false,VB,010,56.000,1.000,78.369,19.320,35.292,211.750,136.673
000000000010000049,1000,false,VB,007,56.000,0.000,41.606,10.376,22.083,132.500,156.346
000000000010000050,2000,false,VB,010,75.000,1.000,3.165,1.919,1.000,4.750,11.825
000000000010000050,4000,false,VB,008,75.000,3.000,11.157,7.906,1.000,5.750,12.866
000000000010000051,2000,false,VB,002,37.000,3.000,0.000,0.000,1.000,1.000,0.000
000000000010000052,3000,false,VB,003,174.000,3.000,13.761,7.010,1.250,7.500,25.632
000000000010000053,1000,false,VB,010,34.000,2.000,27.092,5.294,37.083,222.500,164.840
000000000010000054,1000,false,VB,006,23.000,2.000,1.051,0.764,1.000,4.500,7.458
000000000010000055,3000,false,VB,004,54.000,0.000,2.474,1.470,1.000,3.250,5.824
000000000010000056,3000,false,VB,010,24.000,0.000,0.000,0.000,1.000,1.000,0.000
000000000010000056,2000,false,VB,004,24.000,1.000,0.000,0.000,1.000,1.000,0.000
000000000010000057,1000,false,VB,003,47.000,2.000,1.408,0.879,1.000,1.250,1.657
000000000010000058,4000,false,VB,004,17.000,3.000,0.780,0.504,1.000,2.250,2.875
000000000010000059,3000,false,VB,007,230.000,1.000,12.146,3.919,1.000,6.000,21.674
000000000030000009,3000,false,ND,006,85.000,1.000,0.000,0.000,1.000,3.250,0.000
000000000010000060,2000,false,VB,004,19.000,0.000,17.080,4.063,32.875,197.250,126.018
000000000010000060,4000,false,VB,008,19.000,3.000,31.923,6.801,28.458,170.750,105.333
000000000010000061,3000,false,VB,008,60.000,0.000,8.946,5.369,1.292,7.750,8.946
000000000010000062,3000,false,VB,006,57.000,3.000,1.698,1.298,1.000,1.000,2.318
000000000030000010,4000,false,ND,010,99.000,0.000,0.000,0.000,1.000,2.750,0.000
000000000030000011,1000,false,PD,006,29.000,2.000,0.000,0.000,1.333,8.000,0.000
000000000030000011,3000,false,PD,010,29.000,0.000,0.000,0.000,1.167,7.000,0.000
000000000010000063,3000,false,VB,007,36.000,1.000,8.353,4.436,2.000,12.000,15.712
000000000010000064,2000,false,VB,003,72.000,1.000,0.000,0.000,1.000,1.000,0.000
000000000010000065,4000,false,VB,007,143.000,0.000,14.748,7.254,1.500,9.000,16.168
000000000080000014,4000,false,VB,008,11.000,0.000,3.811,3.153,1.333,8.000,11.503
000000000010000066,3000,false,VB,008,35.000,3.000,7.222,4.704,1.750,10.500,13.699
000000000010000066,4000,false,VB,005,35.000,3.000,1.651,1.108,1.000,3.500,3.213
000000000010000067,3000,false,VB,010,110.000,0.000,4.254,2.654,1.000,4.750,10.645
000000000080000015,3000,false,VB,009,37.000,2.000,1.979,0.959,1.583,9.500,10.663
000000000080000016,1000,false,VB,001,56.000,0.000,3.203,1.831,1.583,9.500,8.454
000000000080000016,2000,false,VB,006,56.000,1.000,3.830,2.189,1.000,5.000,9.911
000000000010000068,2000,false,VB,003,113.000,3.000,19.438,12.486,1.125,6.750,21.070
000000000010000069,4000,false,VB,007,117.000,1.000,18.419,11.088,1.458,8.750,18.419
000000000010000070,2000,false,VB,009,109.000,2.000,93.906,20.291,14.292,85.750,189.982
000000000010000071,3000,false,VB,001,193.000,0.000,15.356,4.410,1.250,7.500,18.340
000000000090000002,2000,false,ND,001,55.000,0.000,0.000,0.000,1.000,1.000,1.000
000000000010000072,4000,false,VB,006,125.000,0.000,89.867,19.612,15.167,91.000,180.937
000000000080000017,2000,false,VB,002,117.000,2.000,8.656,4.995,1.583,9.500,29.585
000000000080000017,3000,false,VB,009,117.000,2.000,7.733,5.057,1.000,3.250,13.409
000000000010000073,3000,false,VB,002,42.000,1.000,48.597,10.804,23.792,142.750,172.107
000000000010000074,1000,false,VB,010,51.000,0.000,1.245,0.765,1.000,1.250,2.003
000000000030000012,3000,false,PD,008,38.000,0.000,0.000,0.000,1.000,4.000,0.000
000000000010000075,2000,false,VB,004,28.000,0.000,58.189,15.777,32.750,196.500,194.752
000000000010000075,1000,false,VB,010,28.000,0.000,35.716,12.196,29.792,178.750,175.190
000000000010000076,2000,false,VB,004,34.000,2.000,0.000,0.000,1.000,1.000,0.000
000000000010000077,2000,false,VB,004,52.000,1.000,8.530,4.265,2.333,14.000,25.949
000000000010000078,3000,false,VB,004,30.000,3.000,0.000,0.000,1.000,1.000,0.000
000000000010000079,1000,false,VB,001,17.000,2.000,9.237,1.929,17.125,102.750,78.231
000000000010000080,2000,false,VB,010,18.000,3.000,0.808,0.625,1.000,1.750,1.666
000000000010000081,1000,false,VB,004,44.000,3.000,0.000,0.000,1.000,1.000,0.000
000000000010000081,3000,false,VB,004,44.000,0.000,0.000,0.000,1.000,1.000,0.000
000000000080000018,4000,false,VB,008,31.000,2.000,2.899,2.026,1.958,11.750,8.784
000000000080000018,3000,false,VB,009,31.000,2.000,2.350,1.654,1.042,6.250,5.391
000000000080000019,2000,false,VB,001,98.000,0.000,2.911,1.682,1.000,4.500,12.371
000000000030000013,2000,false,ND,007,9.000,2.000,0.000,0.000,1.583,9.500,0.000
000000000010000082,3000,false,VB,007,42.000,3.000,38.435,12.056,28.167,169.000,129.879
000000000030000014,4000,false,VB,008,37.000,3.000,5.224,3.240,1.500,9.000,7.887
000000000030000014,1000,false,PD,005,37.000,3.000,0.000,0.000,2.042,12.250,0.000
000000000010000083,3000,false,VB,006,193.000,3.000,4.722,1.799,1.000,2.500,5.683
000000000010000084,4000,false,VB,009,8.000,0.000,1.042,0.777,1.708,10.250,6.780
000000000010000084,2000,false,VB,008,8.000,0.000,2.137,1.514,2.333,14.000,8.920
000000000010000085,1000,false,VB,002,57.000,2.000,13.713,8.666,1.708,10.250,20.576
000000000010000085,3000,false,VB,010,57.000,0.000,3.368,2.194,1.000,5.750,13.346
000000000080000020,3000,false,VB,002,23.000,0.000,8.512,5.839,2.542,15.250,20.745
000000000080000020,1000,false,VB,006,23.000,1.000,3.536,2.625,1.000,5.750,8.743
000000000010000086,4000,false,VB,005,19.000,0.000,2.048,1.252,1.000,5.500,5.185
000000000010000086,2000,false,VB,006,19.000,3.000,1.980,1.333,1.000,5.000,4.479
000000000010000087,4000,false,VB,006,84.000,0.000,0.873,0.632,1.000,1.000,1.614
000000000030000015,3000,false,ND,001,57.000,1.000,0.000,0.000,1.042,6.250,0.000
000000000010000088,4000,false,VB,002,138.000,3.000,9.661,4.494,1.000,6.000,13.362
000000000080000021,2000,false,VB,007,51.000,1.000,7.757,4.297,1.250,7.500,7.757
000000000080000021,3000,false,VB,006,51.000,0.000,1.876,1.079,1.000,2.000,1.876
000000000080000022,3000,false,VB,009,60.000,2.000,7.861,5.590,1.000,4.250,12.317
000000000080000023,3000,false,VB,010,51.000,1.000,12.583,8.119,1.500,9.000,18.372
000000000010000089,1000,false,VB,001,124.000,1.000,0.000,0.000,1.000,1.000,0.000
000000000010000090,4000,false,VB,003,105.000,3.000,4.713,3.119,1.000,3.000,6.754
000000000010000091,4000,false,VB,002,30.000,0.000,76.800,28.966,32.042,192.250,217.036
000000000010000092,1000,false,VB,002,55.000,2.000,3.282,1.465,1.375,8.250,10.849
000000000010000093,1000,false,VB,004,111.000,2.000,2.806,2.087,1.000,1.000,2.806
000000000010000094,2000,false,VB,001,119.000,3.000,196.685,38.354,26.958,161.750,299.493
000000000030000016,3000,false,ND,001,0.000,2.000,0.000,0.000,1.000,4.500,0.000
000000000030000016,1000,false,PD,005,31.000,3.000,0.000,0.000,2.167,13.000,0.000
000000000010000095,4000,false,VB,010,131.000,1.000,17.961,6.606,2.042,12.250,19.662
000000000010000096,2000,false,VB,001,85.000,0.000,42.001,6.543,12.875,77.250,71.348
000000000010000097,4000,false,VB,005,181.000,2.000,9.305,3.721,1.000,3.750,9.305
000000000030000017,3000,false,PD,010,16.000,0.000,0.000,0.000,1.000,4.250,0.000
000000000010000098,1000,false,VB,005,57.000,2.000,6.269,4.165,1.000,3.750,8.191
000000000010000099,2000,false,VB,010,37.000,3.000,2.360,1.554,1.000,2.250,4.412
000000000010000099,4000,false,VB,010,37.000,2.000,5.045,2.805,1.833,11.000,15.576
000000000010000100,4000,false,VB,004,138.000,3.000,6.617,3.562,1.000,5.000,18.246
000000000090000003,2000,false,ND,002,55.000,3.000,0.000,0.000,1.000,1.000,1.000
000000000090000003,3000,false,ND,004,55.000,0.000,0.000,0.000,1.000,1.000,1.000
000000000010000101,4000,false,VB,004,89.000,0.000,8.236,5.049,1.250,7.500,12.025
000000000030000018,4000,false,PD,002,43.000,3.000,0.000,0.000,2.000,12.000,0.000
000000000010000102,1000,false,VB,004,127.000,1.000,0.000,0.000,1.000,1.000,0.000
000000000080000024,2000,false,VB,003,24.000,3.000,2.516,1.708,2.000,12.000,19.315
000000000010000103,2000,false,VB,006,32.000,0.000,4.895,3.197,2.167,13.000,16.012
000000000030000019,1000,false,PD,005,23.000,1.000,0.000,0.000,1.000,4.250,0.000
000000000030000019,3000,false,PD,008,23.000,2.000,0.000,0.000,1.000,4.000,0.000
000000000010000104,3000,false,VB,010,224.000,2.000,16.707,6.778,1.000,6.000,16.707
000000000010000104,2000,false,VB,002,224.000,0.000,6.238,2.395,1.000,4.500,17.134
000000000010000105,4000,false,VB,003,53.000,1.000,2.571,1.543,1.000,2.000,2.578
000000000010000106,3000,false,VB,003,0.000,3.000,11.921,4.927,12.292,73.750,54.161
000000000010000107,4000,false,VB,005,39.000,1.000,0.000,0.000,1.000,1.000,0.000
000000000010000108,1000,false,VB,002,56.000,0.000,5.648,4.324,1.000,5.500,14.104
000000000010000109,4000,false,VB,003,91.000,2.000,1.127,0.709,1.000,1.000,1.369
000000000080000025,3000,false,VB,009,30.000,3.000,6.152,4.255,1.375,8.250,11.245
000000000080000025,4000,false,VB,007,30.000,1.000,9.093,5.880,2.417,14.500,21.932
000000000010000110,2000,false,VB,004,31.000,0.000,4.369,2.570,1.542,9.250,7.065
000000000030000020,2000,false,ND,002,35.000,1.000,0.000,0.000,1.000,4.250,0.000
000000000010000111,3000,false,VB,007,30.000,3.000,46.054,15.408,22.208,133.250,105.230
000000000010000112,1000,false,VB,010,39.000,0.000,72.428,19.110,23.292,139.750,190.136
000000000010000113,3000,false,VB,006,28.000,1.000,0.000,0.000,1.000,1.000,0.000
000000000010000114,4000,false,VB,008,0.000,1.000,9.645,2.043,18.333,110.000,96.429
000000000010000115,4000,false,VB,005,83.000,1.000,8.825,5.706,1.500,9.000,26.327
000000000010000116,2000,false,VB,007,24.000,3.000,2.326,1.484,1.000,4.000,3.918
000000000010000116,3000,false,VB,002,24.000,3.000,0.659,0.389,1.000,3.750,4.644
000000000030000021,1000,false,PD,008,49.000,2.000,0.000,0.000,1.000,3.250,0.000
000000000030000021,4000,false,PD,002,49.000,3.000,0.000,0.000,1.500,9.000,0.000
000000000010000117,1000,false,VB,006,30.000,0.000,2.971,2.179,1.000,3.500,4.021
000000000010000118,4000,false,VB,005,126.000,1.000,10.458,5.264,1.083,6.500,10.458
000000000010000119,1000,false,VB,003,0.000,2.000,11.617,5.529,1.375,8.250,29.971
000000000010000120,1000,false,VB,005,139.000,1.000,3.676,2.001,1.000,1.250,3.676
000000000010000120,4000,false,VB,003,139.000,3.000,2.399,1.306,1.000,1.250,4.341
000000000030000022,4000,false,ND,007,28.000,3.000,0.000,0.000,1.875,11.250,0.000
000000000030000022,1000,false,PD,004,28.000,1.000,0.000,0.000,1.583,9.500,0.000
000000000090000004,4000,false,ND,006,8.000,3.000,0.000,0.000,1.000,1.000,1.000
000000000010000121,4000,false,VB,009,84.000,2.000,8.855,6.222,1.000,6.000,21.290
000000000010000122,3000,false,VB,006,7.000,1.000,0.279,0.204,1.000,4.500,4.359
000000000010000123,1000,false,VB,003,49.000,2.000,3.537,2.281,1.000,3.750,6.072
000000000010000124,3000,false,VB,002,12.000,0.000,11.159,2.931,30.708,184.250,118.119
000000000080000026,3000,false,VB,001,32.000,2.000,0.676,0.472,1.000,2.750,4.633
000000000080000026,2000,false,VB,009,0.000,0.000,2.539,1.858,1.000,2.750,5.053
000000000010000125,4000,false,VB,003,23.000,0.000,1.240,0.738,1.000,4.750,6.700
000000000080000027,1000,false,VB,010,56.000,3.000,1.813,1.133,1.000,4.500,4.812
000000000010000126,1000,false,VB,005,56.000,1.000,0.000,0.000,1.000,1.000,0.000
000000000010000127,3000,false,VB,004,48.000,1.000,5.346,3.643,1.000,5.000,5.716
000000000010000127,1000,false,VB,005,48.000,1.000,3.322,2.327,1.042,6.250,12.472
000000000010000128,4000,false,VB,005,36.000,3.000,1.481,0.926,1.000,3.750,4.457
000000000010000129,4000,false,VB,001,97.000,1.000,4.863,3.198,1.000,5.500,15.151
000000000010000130,2000,false,VB,002,68.000,3.000,4.009,2.791,1.000,3.000,7.427
000000000010000131,1000,false,VB,010,31.000,3.000,5.117,3.984,1.458,8.750,16.264
000000000010000132,2000,false,VB,010,49.000,0.000,115.998,17.595,39.708,238.250,309.133
000000000010000132,1000,false,VB,010,49.000,0.000,23.166,3.809,14.708,88.250,60.124
000000000010000133,3000,false,VB,004,17.000,0.000,2.370,1.516,1.167,7.000,6.235
000000000010000134,2000,false,VB,002,91.000,0.000,75.285,11.922,11.792,70.750,75.285
000000000010000135,3000,false,VB,010,35.000,2.000,5.687,2.912,2.083,12.500,12.082
000000000010000135,2000,false,VB,006,35.000,0.000,1.714,1.166,1.000,5.500,5.896
000000000010000136,1000,false,VB,001,135.000,2.000,11.551,5.280,1.167,7.000,11.551
000000000090000005,1000,false,ND,010,41.000,3.000,0.000,0.000,1.000,1.000,1.000
000000000010000137,3000,false,VB,009,45.000,3.000,68.750,18.764,28.958,173.750,169.065
000000000010000138,2000,false,VB,010,227.000,1.000,6.780,2.946,1.000,6.000,18.828
000000000080000028,1000,false,VB,008,23.000,2.000,2.960,1.919,1.500,9.000,10.925
000000000080000029,4000,false,VB,010,10.000,3.000,0.698,0.573,1.000,5.250,3.902
000000000010000139,1000,false,VB,004,86.000,0.000,6.569,4.162,1.625,9.750,22.070
000000000010000140,4000,false,VB,010,33.000,1.000,0.646,0.498,1.000,1.000,1.047
000000000010000141,4000,false,VB,003,42.000,3.000,36.566,6.525,19.333,116.000,99.366
000000000080000030,1000,false,VB,004,28.000,2.000,5.124,3.505,1.458,8.750,9.606
000000000010000142,1000,false,VB,004,123.000,3.000,2.675,1.873,1.000,1.000,3.149
000000000010000143,1000,false,VB,008,120.000,3.000,17.544,9.953,1.208,7.250,17.544
000000000010000144,2000,false,VB,010,19.000,1.000,0.756,0.492,1.000,3.500,2.620
000000000010000145,1000,false,VB,004,39.000,1.000,0.666,0.430,1.000,1.250,1.608
000000000080000031,1000,false,VB,003,7.000,2.000,1.972,1.607,1.833,11.000,11.194
000000000010000146,4000,false,VB,004,38.000,2.000,3.550,2.411,1.083,6.500,7.083
000000000010000146,1000,false,VB,001,38.000,0.000,3.050,2.252,1.000,4.500,7.695
000000000010000147,2000,false,VB,010,163.000,1.000,10.900,3.731,1.083,6.500,17.714
000000000030000023,1000,false,PD,002,36.000,1.000,0.000,0.000,1.125,6.750,0.000
000000000010000148,4000,false,VB,008,28.000,2.000,0.810,0.576,1.000,1.000,1.233
000000000010000149,4000,false,VB,006,16.000,1.000,8.606,1.770,21.583,129.500,98.222
000000000080000032,1000,false,VB,004,30.000,2.000,5.501,3.645,1.250,7.500,10.350
000000000010000150,1000,false,VB,007,105.000,0.000,9.075,5.467,1.125,6.750,22.904
000000000010000151,3000,false,VB,006,100.000,3.000,7.985,4.865,1.500,9.000,23.754
000000000010000152,1000,false,VB,009,122.000,3.000,12.566,7.142,1.000,5.500,12.566
000000000010000153,2000,false,VB,003,126.000,2.000,3.586,2.116,1.000,2.000,5.169
000000000080000033,4000,false,VB,002,16.000,0.000,3.663,2.634,1.667,10.000,10.459
000000000010000154,1000,false,VB,008,51.000,1.000,0.749,0.460,1.000,2.500,3.590
000000000010000155,3000,false,VB,005,196.000,1.000,4.039,1.375,1.000,3.000,9.847
000000000010000156,4000,false,VB,008,128.000,3.000,11.996,6.504,1.667,10.000,15.880
000000000010000156,3000,false,VB,006,128.000,2.000,11.393,7.211,1.667,10.000,37.271
000000000080000034,1000,false,VB,006,21.000,2.000,1.866,1.251,1.000,3.250,4.949
000000000010000157,2000,false,VB,006,7.000,3.000,0.460,0.415,1.000,1.500,2.319
000000000010000157,3000,false,VB,008,7.000,3.000,0.451,0.387,1.000,1.500,1.418
000000000030000024,1000,false,ND,008,60.000,1.000,0.000,0.000,2.250,13.500,0.000
000000000080000035,4000,false,VB,003,17.000,0.000,7.244,5.302,2.375,14.250,10.200
000000000080000035,2000,false,VB,007,17.000,1.000,5.588,4.290,1.583,9.500,8.462
000000000010000158,2000,false,VB,004,15.000,3.000,10.668,4.275,21.167,127.000,140.488
000000000010000159,2000,false,VB,006,15.000,0.000,6.050,4.512,2.167,13.000,12.839
000000000010000160,1000,false,VB,004,104.000,3.000,0.000,0.000,1.000,1.000,0.000
000000000010000160,4000,false,VB,005,104.000,2.000,0.000,0.000,1.000,1.000,0.000
000000000080000036,3000,false,VB,001,12.000,2.000,1.485,1.221,1.000,3.000,1.901
000000000010000161,4000,false,VB,008,29.000,1.000,40.092,11.338,39.167,235.000,250.589
000000000010000161,3000,false,VB,004,29.000,0.000,41.993,14.514,35.542,213.250,210.181
000000000010000162,2000,false,VB,009,60.000,2.000,0.735,0.449,1.000,1.500,3.587
000000000010000163,4000,false,VB,007,135.000,2.000,109.394,18.195,23.833,143.000,263.110
000000000080000037,2000,false,VB,010,129.000,1.000,4.979,2.530,1.000,3.750,5.636
000000000080000037,1000,false,VB,003,129.000,3.000,23.223,14.021,1.625,9.750,23.223
000000000010000164,3000,false,VB,009,133.000,1.000,20.597,11.265,1.375,8.250,25.254
000000000010000164,4000,false,VB,005,133.000,0.000,9.622,5.676,1.083,6.500,25.654
000000000010000165,2000,false,VB,002,62.000,2.000,0.000,0.000,1.000,1.000,0.000
000000000010000166,2000,false,VB,004,25.000,2.000,6.219,4.136,2.500,15.000,22.605
000000000010000167,3000,false,VB,005,117.000,3.000,3.350,1.950,1.000,3.500,10.773
000000000010000167,2000,false,VB,007,117.000,1.000,15.729,9.590,1.000,5.750,21.564
000000000010000168,2000,false,VB,007,35.000,1.000,0.000,0.000,1.000,1.000,0.000
000000000080000038,3000,false,VB,008,116.000,1.000,2.545,1.593,1.000,3.500,11.214
000000000010000169,4000,false,VB,005,28.000,3.000,1.159,0.923,1.000,2.000,4.504
000000000010000170,3000,false,VB,001,158.000,2.000,15.177,7.276,1.000,6.000,20.193
000000000080000039,1000,false,VB,004,47.000,2.000,1.857,0.983,1.000,4.250,5.200
000000000080000039,4000,false,VB,006,47.000,3.000,2.777,1.721,1.000,3.000,4.063
000000000010000171,2000,false,VB,005,83.000,3.000,1.255,0.806,1.000,2.000,3.739
000000000030000025,3000,false,PD,009,28.000,3.000,0.000,0.000,1.000,4.250,0.000
000000000030000026,3000,false,ND,008,107.000,1.000,0.000,0.000,1.792,10.750,0.000
000000000010000172,1000,false,VB,006,145.000,2.000,2.630,1.038,1.000,2.750,7.624
000000000030000027,2000,false,PD,005,83.000,3.000,0.000,0.000,1.708,10.250,0.000
000000000030000027,4000,false,ND,006,83.000,3.000,0.000,0.000,1.000,3.000,0.000
000000000030000028,1000,false,PD,005,91.000,3.000,0.000,0.000,1.458,8.750,0.000
000000000030000028,4000,false,ND,005,91.000,2.000,0.000,0.000,1.000,2.000,0.000
000000000010000173,3000,false,VB,004,99.000,3.000,1.803,1.186,1.000,1.000,1.803
000000000010000174,2000,false,VB,004,40.000,0.000,39.566,8.964,28.083,168.500,202.092
000000000010000174,3000,false,VB,009,40.000,3.000,44.747,8.881,36.000,216.000,203.931
000000000030000029,1000,false,ND,002,31.000,3.000,0.000,0.000,1.000,4.750,0.000
000000000010000175,4000,false,VB,010,26.000,0.000,3.927,2.367,1.708,10.250,15.555
000000000010000176,1000,false,VB,004,30.000,1.000,2.625,1.635,1.000,4.250,4.419
000000000010000177,1000,false,VB,002,45.000,2.000,0.520,0.386,1.000,1.000,0.785
000000000010000177,3000,false,VB,005,45.000,1.000,1.521,1.005,1.000,2.000,3.119
000000000010000178,3000,false,VB,009,151.000,1.000,3.944,1.384,1.083,6.500,18.818
000000000030000030,3000,false,PD,001,7.000,2.000,0.000,0.000,1.000,4.500,0.000
000000000030000030,4000,false,PD,005,7.000,2.000,0.000,0.000,1.000,5.750,0.000
000000000010000179,3000,false,VB,002,44.000,0.000,0.000,0.000,1.000,1.000,0.000
000000000010000180,1000,false,VB,010,16.000,2.000,3.871,2.969,1.625,9.750,13.928
000000000010000180,4000,false,VB,005,16.000,2.000,1.549,1.241,1.042,6.250,9.968
000000000010000181,2000,false,VB,005,140.000,1.000,4.418,2.898,1.000,1.250,4.418
000000000010000182,3000,false,VB,005,10.000,1.000,16.450,6.377,32.708,196.250,131.155
000000000010000183,1000,false,VB,005,100.000,1.000,12.764,7.868,1.542,9.250,31.155
000000000010000183,2000,false,VB,007,100.000,0.000,7.109,4.259,1.375,8.250,13.471
000000000010000184,1000,false,VB,005,144.000,0.000,183.615,35.093,24.958,149.750,188.272
000000000010000185,3000,false,VB,004,49.000,0.000,1.425,1.065,1.000,1.000,2.348
000000000010000186,4000,false,VB,007,9.000,1.000,0.000,0.000,1.000,1.000,0.000
000000000010000187,3000,false,VB,009,0.000,3.000,203.515,40.851,33.625,201.750,443.043
000000000010000188,2000,false,VB,001,37.000,1.000,82.680,15.361,37.583,225.500,264.571
000000000010000189,2000,false,VB,002,139.000,0.000,10.105,5.651,1.708,10.250,32.749
000000000010000189,1000,false,VB,006,139.000,0.000,12.189,6.994,1.042,6.250,22.114
000000000010000190,3000,false,VB,009,49.000,3.000,19.139,2.688,11.667,70.000,65.561
000000000010000190,2000,false,VB,005,49.000,2.000,40.634,6.695,18.042,108.250,118.689
000000000010000191,4000,false,VB,001,49.000,3.000,67.072,12.520,22.792,136.750,102.854
000000000010000191,1000,false,VB,003,49.000,2.000,41.908,6.680,15.167,91.000,112.145
000000000080000040,1000,false,VB,007,136.000,3.000,11.756,6.555,1.708,10.250,36.932
000000000010000192,3000,false,VB,010,79.000,0.000,10.567,6.689,1.167,7.000,16.886
000000000010000192,4000,false,VB,002,79.000,1.000,4.685,3.020,1.208,7.250,21.362
000000000010000193,3000,false,VB,007,134.000,0.000,63.069,11.944,7.958,47.750,103.140
000000000080000041,1000,false,VB,003,30.000,1.000,1.655,1.244,1.000,4.750,7.386
000000000080000041,4000,false,VB,008,30.000,2.000,5.535,3.896,1.292,7.750,6.443
000000000090000006,1000,false,ND,002,56.000,3.000,0.000,0.000,1.000,1.000,1.000
000000000080000042,1000,false,VB,008,10.000,1.000,2.749,1.913,2.750,16.500,8.371
000000000010000194,1000,false,VB,007,56.000,2.000,3.509,1.901,1.500,9.000,15.726
000000000010000194,4000,false,VB,003,56.000,0.000,8.318,4.174,2.000,12.000,21.598
000000000030000031,3000,false,ND,001,22.000,1.000,0.000,0.000,1.667,10.000,0.000
000000000080000043,4000,false,VB,009,14.000,0.000,2.070,1.281,1.250,7.500,8.638
000000000080000044,1000,false,VB,004,34.000,1.000,2.305,1.244,2.333,14.000,16.217
000000000010000195,1000,false,VB,008,21.000,2.000,0.629,0.466,1.000,1.000,1.363
000000000010000196,2000,false,VB,005,16.000,2.000,3.979,2.706,1.833,11.000,11.215
000000000090000007,2000,false,ND,002,46.000,3.000,0.000,0.000,1.000,1.000,1.000
000000000010000197,2000,false,VB,002,148.000,0.000,22.194,11.884,2.292,13.750,23.504
000000000010000197,1000,false,VB,003,148.000,0.000,15.742,10.138,1.083,6.500,20.266
000000000030000032,2000,false,PD,009,63.000,0.000,0.000,0.000,1.917,11.500,0.000
000000000030000032,4000,false,PD,004,63.000,1.000,0.000,0.000,1.000,3.250,0.000
000000000080000045,4000,false,VB,010,33.000,2.000,2.456,1.651,1.250,7.500,10.443
000000000010000198,2000,false,VB,002,17.000,0.000,0.618,0.466,1.000,3.750,4.531
000000000030000033,2000,false,PD,007,79.000,1.000,0.000,0.000,3.208,19.250,0.000
000000000080000046,4000,false,VB,008,23.000,1.000,3.922,2.800,1.000,5.250,4.070
000000000010000199,3000,false,VB,006,41.000,1.000,6.198,4.316,1.917,11.500,18.038
000000000080000047,2000,false,VB,006,56.000,0.000,6.210,4.018,1.000,4.000,6.210
000000000010000200,4000,false,VB,008,101.000,1.000,0.000,0.000,1.000,1.000,0.000
000000000010000201,3000,false,VB,002,54.000,1.000,1.079,0.656,1.000,1.250,2.419
000000000030000034,1000,false,ND,002,54.000,2.000,0.000,0.000,1.000,3.500,0.000
000000000010000202,2000,false,VB,008,190.000,0.000,13.956,6.370,1.000,6.000,13.956
000000000010000203,2000,false,VB,003,122.000,3.000,0.000,0.000,1.000,1.000,0.000
000000000030000035,4000,false,ND,003,9.000,1.000,0.000,0.000,1.000,5.500,0.000
000000000030000036,1000,false,ND,001,26.000,1.000,0.000,0.000,1.417,8.500,0.000
000000000010000204,3000,false,VB,010,36.000,0.000,0.952,0.623,1.000,1.250,1.815
000000000010000204,1000,false,VB,002,36.000,0.000,2.536,1.412,1.000,4.500,5.048
000000000010000205,1000,false,VB,001,113.000,2.000,0.000,0.000,1.000,1.000,0.000
000000000080000048,3000,false,VB,004,34.000,0.000,3.200,2.114,1.000,6.000,5.108
000000000030000037,4000,false,ND,001,68.000,3.000,0.000,0.000,1.917,11.500,0.000
000000000030000037,1000,false,PD,007,68.000,2.000,0.000,0.000,1.750,10.500,0.000
000000000010000206,3000,false,VB,005,66.000,0.000,85.468,21.419,22.292,133.750,187.237
000000000010000207,3000,false,VB,002,35.000,3.000,3.855,2.554,1.000,5.500,4.703
000000000030000038,4000,false,PD,010,101.000,2.000,0.000,0.000,1.542,9.250,0.000
000000000010000208,2000,false,VB,004,16.000,1.000,0.998,0.793,1.000,1.500,1.868
000000000090000008,1000,false,ND,009,20.000,3.000,0.000,0.000,1.000,1.000,1.000
000000000010000209,2000,false,VB,007,38.000,3.000,0.000,0.000,1.000,1.000,0.000
000000000030000039,1000,false,ND,002,51.000,1.000,0.000,0.000,1.208,7.250,0.000
000000000010000210,4000,false,VB,007,29.000,0.000,27.183,5.742,22.417,134.500,108.619
000000000010000210,1000,false,VB,010,29.000,1.000,32.181,5.564,34.708,208.250,118.058
000000000080000049,4000,false,VB,007,18.000,1.000,1.397,1.077,1.292,7.750,11.406
000000000010000211,4000,false,VB,003,126.000,1.000,21.206,10.324,1.625,9.750,29.314
000000000080000050,2000,false,VB,007,50.000,2.000,5.365,2.514,1.208,7.250,9.319
000000000010000212,2000,false,VB,008,65.000,2.000,13.871,9.929,1.333,8.000,22.730
000000000010000212,3000,false,VB,001,65.000,3.000,9.616,6.733,1.000,5.250,9.616
000000000010000213,4000,false,VB,001,137.000,3.000,2.405,1.395,1.000,1.000,2.405
000000000080000051,4000,false,VB,009,54.000,0.000,6.724,4.508,1.000,5.000,8.947
000000000010000214,4000,false,VB,002,58.000,1.000,2.802,1.835,1.000,1.750,2.999
000000000010000215,4000,false,VB,010,41.000,0.000,2.467,1.579,1.000,2.500,3.101
000000000010000216,4000,false,VB,001,65.000,2.000,216.327,69.389,40.000,240.000,345.447
000000000090000009,1000,false,ND,008,58.000,1.000,0.000,0.000,1.000,1.000,1.000
000000000010000217,1000,false,VB,004,70.000,2.000,14.550,7.130,2.375,14.250,14.550
000000000010000218,4000,false,VB,004,97.000,0.000,1.463,1.107,1.000,1.000,2.215
000000000010000219,2000,false,VB,006,125.000,2.000,2.317,1.081,1.000,3.500,5.298
000000000080000052,3000,false,VB,004,0.000,2.000,4.692,3.165,1.417,8.500,13.710
000000000080000053,1000,false,VB,007,55.000,1.000,4.958,2.962,1.000,4.250,4.958
000000000080000054,2000,false,VB,003,18.000,3.000,1.878,1.500,1.000,4.500,5.888
000000000080000054,4000,false,VB,002,18.000,3.000,1.118,0.808,1.292,7.750,7.310
000000000010000220,1000,false,VB,002,53.000,3.000,2.433,1.321,1.083,6.500,12.838
000000000090000010,1000,false,ND,003,54.000,1.000,0.000,0.000,1.000,1.000,1.000
000000000090000011,3000,false,ND,009,15.000,2.000,0.000,0.000,1.000,1.000,1.000
000000000090000011,4000,false,ND,005,15.000,0.000,0.000,0.000,1.000,1.000,1.000
000000000030000040,1000,false,ND,007,88.000,3.000,0.000,0.000,2.292,13.750,0.000
000000000030000040,3000,false,VB,009,88.000,0.000,26.867,14.416,2.708,16.250,35.025
000000000030000041,2000,false,PD,006,59.000,2.000,0.000,0.000,1.500,9.000,0.000
000000000090000012,1000,false,ND,003,24.000,2.000,0.000,0.000,1.000,1.000,1.000
000000000010000221,2000,false,VB,002,72.000,2.000,15.898,7.230,2.708,16.250,15.898
000000000080000055,3000,false,VB,009,12.000,2.000,1.766,1.278,1.375,8.250,5.282
000000000010000222,2000,false,VB,004,37.000,0.000,0.000,0.000,1.000,1.000,0.000
000000000010000223,1000,false,VB,004,31.000,3.000,0.938,0.658,1.000,1.000,1.724
000000000010000224,4000,false,VB,006,41.000,2.000,4.809,3.549,1.000,3.500,7.396
000000000010000225,2000,false,VB,008,17.000,1.000,16.861,5.092,18.417,110.500,69.896
000000000010000226,4000,false,VB,007,56.000,1.000,20.088,4.628,19.833,119.000,184.607
000000000010000226,1000,false,VB,008,56.000,1.000,67.089,14.144,27.792,166.750,109.639
000000000010000227,4000,false,VB,005,15.000,3.000,0.319,0.246,1.000,1.000,1.364
000000000030000042,4000,false,PD,005,15.000,0.000,0.000,0.000,1.917,11.500,0.000
000000000080000056,3000,false,VB,004,46.000,0.000,8.233,5.383,1.667,10.000,20.183
000000000090000013,3000,false,ND,006,51.000,1.000,0.000,0.000,1.000,1.000,1.000
000000000080000057,1000,false,VB,003,68.000,1.000,8.763,5.803,1.625,9.750,14.091
000000000010000228,4000,false,VB,004,18.000,2.000,18.898,7.623,23.167,139.000,150.311
000000000080000058,2000,false,VB,005,34.000,1.000,4.906,3.111,1.042,6.250,5.597
000000000010000229,2000,false,VB,008,133.000,2.000,207.274,32.627,34.708,208.250,486.569
000000000010000229,3000,false,VB,009,133.000,0.000,142.652,18.995,25.292,151.750,195.084
000000000030000043,3000,false,PD,001,67.000,0.000,0.000,0.000,1.708,10.250,0.000
000000000030000044,3000,false,PD,004,117.000,1.000,0.000,0.000,1.833,11.000,0.000
000000000010000230,3000,false,VB,002,175.000,0.000,6.179,2.756,1.000,3.250,8.272
000000000010000230,1000,false,VB,003,175.000,1.000,13.304,6.209,1.000,6.000,20.625
000000000030000045,2000,false,ND,001,18.000,0.000,0.000,0.000,1.917,11.500,0.000
000000000010000231,2000,false,VB,008,42.000,3.000,0.000,0.000,1.000,1.000,0.000
000000000010000232,2000,false,VB,008,42.000,0.000,3.922,2.112,1.000,5.500,8.074
000000000010000233,2000,false,VB,002,120.000,3.000,5.383,2.653,1.083,6.500,19.340
000000000010000234,2000,false,VB,009,45.000,3.000,2.975,1.702,1.250,7.500,12.155
000000000010000235,1000,false,VB,004,7.000,2.000,2.119,1.687,1.250,7.500,8.805
000000000030000046,3000,false,PD,006,48.000,0.000,0.000,0.000,1.000,4.250,0.000
000000000030000046,4000,false,ND,001,48.000,3.000,0.000,0.000,1.750,10.500,0.000
000000000010000236,4000,false,VB,005,60.000,1.000,67.520,16.068,31.375,188.250,140.584
000000000030000047,1000,false,ND,002,35.000,2.000,0.000,0.000,1.208,7.250,0.000
000000000010000237,3000,false,VB,008,133.000,3.000,0.000,0.000,1.000,1.000,0.000
000000000010000238,3000,false,VB,005,149.000,3.000,1.237,0.755,1.000,1.000,3.368
000000000010000238,2000,false,VB,002,149.000,2.000,1.565,1.037,1.000,1.000,2.477
000000000030000048,4000,false,PD,010,57.000,2.000,0.000,0.000,1.125,6.750,0.000
000000000010000239,1000,false,VB,009,56.000,3.000,57.165,6.720,28.542,171.250,246.196
000000000010000239,4000,false,VB,002,56.000,2.000,89.541,13.120,34.083,204.500,232.817
000000000010000240,4000,false,VB,002,146.000,1.000,15.233,6.169,2.458,14.750,26.788
000000000010000241,1000,false,VB,005,173.000,0.000,5.298,2.702,1.000,5.000,13.655
000000000010000242,2000,false,VB,006,0.000,1.000,2.939,1.547,1.292,7.750,10.095
000000000010000242,1000,false,VB,003,42.000,3.000,7.195,3.669,1.875,11.250,10.214
000000000030000049,2000,false,ND,009,45.000,0.000,0.000,0.000,1.000,5.000,0.000
000000000010000243,2000,false,VB,005,33.000,0.000,0.792,0.505,1.000,1.500,1.179
000000000090000014,1000,false,ND,010,44.000,0.000,0.000,0.000,1.000,1.000,1.000
000000000010000244,4000,false,VB,001,132.000,0.000,5.622,2.603,1.000,3.750,6.905
000000000010000245,4000,false,VB,010,53.000,0.000,11.017,7.280,1.875,11.250,23.647
000000000010000245,3000,false,VB,005,53.000,0.000,5.750,4.119,1.125,6.750,18.198
000000000010000246,3000,false,VB,006,33.000,3.000,22.853,5.415,18.167,109.000,134.602
000000000010000247,2000,false,VB,006,21.000,3.000,2.791,1.845,1.042,6.250,5.197
000000000010000248,4000,false,VB,008,0.000,3.000,1.402,1.072,1.000,1.250,2.190
000000000080000059,4000,false,VB,005,15.000,0.000,3.192,2.391,1.083,6.500,3.866
000000000030000050,3000,false,PD,003,100.000,3.000,0.000,0.000,1.000,5.750,0.000
000000000010000249,1000,false,VB,005,13.000,3.000,10.060,3.308,11.208,67.250,40.114
000000000080000060,2000,false,VB,003,56.000,0.000,5.797,4.436,1.000,3.750,5.797
000000000080000060,3000,false,VB,002,56.000,2.000,16.272,10.404,1.958,11.750,16.272
000000000080000061,2000,false,VB,003,57.000,3.000,7.090,4.460,1.000,5.750,13.137
000000000080000062,1000,false,VB,008,27.000,0.000,1.731,1.295,1.000,2.750,5.363
000000000010000250,3000,false,VB,008,32.000,3.000,5.724,3.916,1.042,6.250,7.743
000000000080000063,1000,false,VB,004,44.000,1.000,7.645,4.552,1.333,8.000,13.362
000000000080000063,2000,false,VB,005,44.000,3.000,3.276,1.910,1.000,3.750,3.276
000000000010000251,1000,false,VB,003,0.000,3.000,1.788,1.248,1.042,6.250,4.142
000000000010000252,4000,false,VB,005,58.000,0.000,12.544,8.390,1.333,8.000,12.544
000000000010000252,3000,false,VB,010,58.000,1.000,5.306,3.448,1.667,10.000,22.411
000000000010000253,2000,false,VB,005,37.000,1.000,53.342,9.385,37.625,225.750,292.734
000000000030000051,1000,false,ND,010,16.000,0.000,0.000,0.000,1.000,4.500,0.000
000000000010000254,2000,false,VB,007,93.000,1.000,10.626,6.316,1.667,10.000,19.494
000000000010000255,3000,false,VB,003,53.000,3.000,5.561,2.760,1.750,10.500,10.407
000000000010000256,3000,false,VB,010,33.000,0.000,28.358,6.082,21.083,126.500,65.907
000000000090000015,2000,false,ND,009,31.000,3.000,0.000,0.000,1.000,1.000,1.000
000000000090000015,4000,false,ND,007,31.000,1.000,0.000,0.000,1.000,1.000,1.000
000000000030000052,1000,false,ND,010,34.000,2.000,0.000,0.000,2.375,14.250,0.000
000000000010000257,1000,false,VB,009,131.000,0.000,12.584,5.799,1.167,7.000,14.434
000000000010000258,2000,false,VB,006,125.000,3.000,0.000,0.000,1.000,1.000,0.000
000000000010000259,2000,false,VB,001,166.000,1.000,3.485,1.722,1.000,2.750,9.701
000000000010000259,4000,false,VB,007,166.000,1.000,14.224,7.639,1.000,4.500,16.085
000000000080000064,1000,false,VB,010,90.000,3.000,4.145,2.829,1.042,6.250,12.966
000000000010000260,3000,false,VB,005,59.000,1.000,65.423,14.523,15.542,93.250,69.408
000000000080000065,1000,false,VB,002,35.000,3.000,2.879,2.070,1.000,3.000,5.933
000000000080000065,4000,false,VB,001,35.000,2.000,2.569,1.680,1.250,7.500,7.469
000000000010000261,4000,false,VB,005,78.000,1.000,8.596,5.403,1.000,6.000,13.734
000000000010000262,4000,false,VB,008,54.000,3.000,0.000,0.000,1.000,1.000,0.000
000000000010000262,3000,false,VB,010,54.000,1.000,0.000,0.000,1.000,1.000,0.000
000000000010000263,3000,false,VB,009,95.000,0.000,5.268,2.447,1.000,4.500,6.977
000000000010000264,2000,false,VB,008,158.000,3.000,4.806,1.945,1.000,2.500,4.806
000000000010000265,1000,false,VB,002,49.000,3.000,63.443,18.256,17.917,107.500,143.125
000000000010000266,1000,false,VB,008,58.000,3.000,3.925,1.776,2.208,13.250,21.612
000000000030000053,1000,false,PD,007,135.000,1.000,0.000,0.000,1.500,9.000,0.000
000000000080000066,1000,false,VB,007,10.000,3.000,1.346,1.164,1.000,4.500,5.803
000000000030000054,3000,false,PD,001,45.000,3.000,0.000,0.000,1.000,4.750,0.000
000000000030000055,4000,false,PD,008,81.000,2.000,0.000,0.000,1.000,4.500,0.000
000000000030000055,1000,false,ND,005,81.000,0.000,0.000,0.000,1.042,6.250,0.000
000000000010000267,3000,false,VB,008,145.000,2.000,3.415,1.968,1.000,2.000,3.830
000000000030000056,2000,false,ND,010,0.000,3.000,0.000,0.000,1.250,7.500,0.000
000000000010000268,4000,false,VB,010,27.000,0.000,1.294,0.690,1.417,8.500,11.932
000000000010000269,2000,false,VB,006,130.000,0.000,23.536,12.682,2.292,13.750,32.900
000000000080000067,4000,false,VB,004,52.000,2.000,14.227,9.380,1.750,10.500,14.393
000000000080000068,1000,false,VB,002,0.000,1.000,8.601,5.708,1.000,5.750,15.261
000000000080000068,4000,false,VB,006,114.000,3.000,15.958,9.210,1.750,10.500,26.088
000000000010000270,4000,false,VB,006,23.000,3.000,0.000,0.000,1.000,1.000,0.000
000000000010000271,1000,false,VB,007,26.000,3.000,0.000,0.000,1.000,1.000,0.000
000000000010000272,3000,false,VB,009,53.000,1.000,15.832,2.886,12.625,75.750,64.760
000000000010000272,2000,false,VB,001,53.000,0.000,53.672,10.173,17.792,106.750,89.408
000000000010000273,2000,false,VB,009,46.000,2.000,0.000,0.000,1.000,1.000,0.000
000000000010000273,1000,false,VB,002,46.000,3.000,0.000,0.000,1.000,1.000,0.000
000000000030000057,4000,false,PD,009,96.000,2.000,0.000,0.000,1.458,8.750,0.000
000000000030000058,2000,false,PD,008,69.000,1.000,0.000,0.000,1.000,2.000,0.000
000000000010000274,3000,false,VB,010,179.000,3.000,7.609,4.015,1.000,2.250,7.609
000000000080000069,2000,false,VB,006,7.000,0.000,1.120,0.892,1.000,4.500,5.167
000000000080000069,1000,false,VB,008,7.000,0.000,0.771,0.563,1.792,10.750,5.116
000000000080000070,2000,false,VB,006,29.000,2.000,3.803,2.692,1.625,9.750,9.083
000000000010000275,3000,false,VB,007,123.000,0.000,5.580,1.872,1.000,3.750,9.203
000000000030000059,4000,false,ND,002,66.000,1.000,0.000,0.000,1.125,6.750,0.000
000000000030000060,3000,false,PD,001,46.000,2.000,0.000,0.000,1.292,7.750,0.000
000000000010000276,1000,false,VB,006,42.000,0.000,0.000,0.000,1.000,1.000,0.000
000000000010000276,2000,false,VB,003,42.000,0.000,0.000,0.000,1.000,1.000,0.000
000000000010000277,1000,false,VB,004,105.000,0.000,3.452,1.887,1.125,6.750,19.697
000000000010000277,3000,false,VB,006,105.000,0.000,13.369,6.870,1.542,9.250,14.050
000000000010000278,2000,false,VB,008,55.000,1.000,26.412,4.272,13.625,81.750,82.959
000000000010000278,4000,false,VB,004,55.000,2.000,19.396,3.614,15.958,95.750,101.643
000000000010000279,4000,false,VB,009,122.000,0.000,8.674,4.988,1.000,4.500,8.951
000000000010000280,2000,false,VB,008,13.000,0.000,0.000,0.000,1.000,1.000,0.000
000000000010000280,1000,false,VB,009,13.000,0.000,0.000,0.000,1.000,1.000,0.000
000000000010000281,2000,false,VB,004,103.000,0.000,6.057,3.476,1.750,10.500,27.768
000000000010000282,1000,false,VB,010,33.000,0.000,24.751,5.441,32.667,196.000,102.021
000000000030000061,4000,false,ND,004,16.000,0.000,0.000,0.000,1.583,9.500,0.000
000000000010000283,3000,false,VB,004,205.000,0.000,2.893,0.970,1.000,3.000,8.769
000000000010000284,2000,false,VB,006,28.000,2.000,0.000,0.000,1.000,1.000,0.000
000000000010000285,3000,false,VB,007,47.000,3.000,6.609,3.348,1.250,7.500,6.609
000000000080000071,3000,false,VB,009,56.000,0.000,5.360,2.388,1.583,9.500,8.605
000000000080000071,1000,false,VB,009,56.000,1.000,6.776,3.724,1.417,8.500,8.961
000000000010000286,1000,false,VB,003,50.000,3.000,35.481,6.637,13.583,81.500,99.460
000000000010000287,1000,false,VB,003,88.000,1.000,85.605,18.209,20.375,122.250,196.152
000000000010000288,4000,false,VB,003,12.000,0.000,2.780,2.071,1.667,10.000,13.230
000000000010000289,2000,false,VB,004,44.000,0.000,0.000,0.000,1.000,1.000,0.000
000000000010000289,1000,false,VB,003,44.000,3.000,0.000,0.000,1.000,1.000,0.000
000000000010000290,1000,false,VB,008,20.000,0.000,12.398,2.778,10.167,61.000,30.940
000000000010000291,1000,false,VB,010,35.000,1.000,2.801,1.632,1.500,9.000,10.660
000000000010000292,2000,false,VB,006,33.000,1.000,0.000,0.000,1.000,1.000,0.000
000000000010000293,4000,false,VB,007,119.000,3.000,7.955,4.541,1.167,7.000,24.657
000000000010000294,1000,false,VB,002,195.000,2.000,2.360,1.115,1.000,1.500,3.228
000000000080000072,1000,false,VB,003,38.000,3.000,2.357,1.713,1.000,3.250,4.702
000000000010000295,3000,false,VB,010,59.000,2.000,2.203,1.151,1.000,4.250,5.533
000000000010000296,1000,false,VB,002,32.000,2.000,17.118,4.562,25.417,152.500,84.089
000000000010000297,1000,false,VB,008,63.000,3.000,0.000,0.000,1.000,1.000,0.000
000000000010000298,2000,false,VB,008,44.000,0.000,75.738,18.113,30.125,180.750,118.634
000000000010000299,2000,false,VB,004,92.000,1.000,73.863,9.612,12.958,77.750,136.476
000000000080000073,4000,false,VB,008,142.000,0.000,4.708,3.140,1.000,2.000,8.782
000000000010000300,2000,false,VB,003,122.000,0.000,15.659,5.266,1.875,11.250,15.659
000000000010000301,2000,false,VB,001,103.000,1.000,10.672,6.146,1.000,6.000,11.188
000000000010000302,2000,false,VB,005,131.000,0.000,199.354,41.977,32.375,194.250,410.398
000000000010000303,2000,false,VB,010,28.000,1.000,5.006,2.808,2.375,14.250,20.850
000000000010000303,1000,false,VB,003,28.000,3.000,1.437,0.917,1.000,3.250,3.427
000000000010000304,1000,false,VB,009,112.000,0.000,4.390,2.873,1.000,1.500,5.320
000000000080000074,1000,false,VB,004,58.000,1.000,1.733,1.153,1.000,3.000,3.909
000000000080000075,4000,false,VB,009,31.000,2.000,11.109,8.037,1.708,10.250,16.315
000000000010000305,2000,false,VB,005,113.000,1.000,15.304,8.687,1.250,7.500,15.304
000000000010000306,1000,false,VB,001,146.000,1.000,2.484,1.594,1.000,2.000,5.262
000000000010000307,1000,false,VB,006,42.000,0.000,0.000,0.000,1.000,1.000,0.000
000000000010000308,3000,false,VB,007,44.000,0.000,2.718,1.591,1.250,7.500,10.931
000000000010000309,3000,false,VB,003,129.000,1.000,5.158,2.443,1.000,4.000,8.125
000000000010000309,4000,false,VB,002,129.000,3.000,6.743,2.358,1.000,3.500,6.840
000000000010000310,2000,false,VB,003,46.000,3.000,2.764,1.829,1.292,7.750,9.660
000000000030000062,2000,false,ND,002,108.000,3.000,0.000,0.000,1.875,11.250,0.000
000000000010000311,2000,false,VB,008,60.000,3.000,6.009,4.073,1.083,6.500,17.073
000000000010000312,4000,false,VB,007,84.000,3.000,0.000,0.000,1.000,1.000,0.000
000000000030000063,4000,false,PD,007,30.000,3.000,0.000,0.000,1.708,10.250,0.000
000000000010000313,2000,false,VB,001,120.000,0.000,5.024,2.581,1.000,6.000,13.639
000000000010000314,4000,false,VB,007,72.000,0.000,3.025,2.198,1.000,2.500,8.003
000000000010000315,4000,false,VB,001,134.000,1.000,14.056,8.234,1.000,5.000,14.056
000000000010000316,1000,false,VB,001,163.000,3.000,5.640,3.169,1.000,2.000,5.640
000000000010000317,4000,false,VB,008,59.000,1.000,13.095,6.882,1.833,11.000,15.816
000000000010000317,1000,false,VB,010,59.000,3.000,2.042,1.022,1.000,4.250,7.900
000000000010000318,3000,false,VB,004,28.000,2.000,0.000,0.000,1.000,1.000,0.000
000000000010000319,1000,false,VB,007,50.000,2.000,7.181,3.597,1.625,9.750,12.919
000000000010000319,4000,false,VB,001,50.000,3.000,8.798,4.556,1.583,9.500,17.381
000000000030000064,4000,false,ND,002,27.000,1.000,0.000,0.000,1.000,4.250,0.000
000000000030000064,1000,false,PD,007,27.000,1.000,0.000,0.000,2.125,12.750,0.000
000000000010000320,3000,false,VB,002,57.000,0.000,0.248,0.195,1.000,1.000,0.622
000000000010000320,2000,false,VB,007,57.000,3.000,1.928,1.295,1.000,1.500,2.029
000000000030000065,4000,false,PD,003,50.000,1.000,0.000,0.000,1.000,5.750,0.000
000000000010000321,1000,false,VB,006,37.000,3.000,1.425,0.890,1.000,3.000,3.985
000000000010000322,1000,false,VB,002,85.000,1.000,0.000,0.000,1.000,1.000,0.000
000000000030000066,3000,false,ND,009,12.000,0.000,0.000,0.000,1.708,10.250,0.000
000000000010000323,1000,false,VB,007,53.000,3.000,2.012,0.966,1.167,7.000,12.648
000000000010000324,3000,false,VB,002,11.000,2.000,0.393,0.366,1.000,1.000,0.869
000000000030000067,1000,false,ND,002,44.000,3.000,0.000,0.000,2.875,17.250,0.000
000000000010000325,3000,false,VB,003,36.000,2.000,0.000,0.000,1.000,1.000,0.000
000000000010000326,4000,false,VB,001,147.000,1.000,0.000,0.000,1.000,1.000,0.000
000000000010000327,4000,false,VB,008,98.000,2.000,9.765,7.063,1.000,3.000,9.765
000000000030000068,1000,false,PD,007,74.000,1.000,0.000,0.000,1.917,11.500,0.000
000000000010000328,4000,false,VB,006,60.000,3.000,21.878,3.709,8.833,53.000,62.642
000000000010000329,1000,false,VB,006,47.000,2.000,40.930,7.687,31.042,186.250,179.599
000000000030000069,3000,false,PD,006,32.000,2.000,0.000,0.000,1.042,6.250,0.000
000000000030000069,4000,false,ND,002,32.000,0.000,0.000,0.000,2.208,13.250,0.000
000000000010000330,4000,false,VB,006,11.000,1.000,3.404,2.390,1.958,11.750,7.325
000000000010000330,2000,false,VB,003,11.000,0.000,0.906,0.672,1.000,4.750,5.477
000000000010000331,4000,false,VB,006,129.000,3.000,8.513,4.238,1.000,3.500,8.513
000000000010000332,3000,false,VB,010,28.000,2.000,0.416,0.310,1.000,1.000,1.080
000000000010000333,3000,false,VB,009,39.000,3.000,1.104,0.880,1.000,1.000,1.547
000000000080000076,1000,false,VB,001,8.000,1.000,2.325,1.825,1.375,8.250,7.858
000000000010000334,2000,false,VB,007,59.000,3.000,8.951,6.329,1.208,7.250,20.593
000000000010000334,1000,false,VB,006,59.000,2.000,10.245,6.945,1.833,11.000,18.344
000000000010000335,2000,false,VB,008,115.000,0.000,12.815,6.253,1.167,7.000,20.730
000000000090000016,4000,false,ND,007,22.000,0.000,0.000,0.000,1.000,1.000,1.000
000000000010000336,2000,false,VB,002,80.000,3.000,1.005,0.647,1.000,1.000,1.850
000000000030000070,1000,false,ND,006,103.000,3.000,0.000,0.000,1.250,7.500,0.000
000000000010000337,1000,false,VB,007,14.000,3.000,1.895,1.419,1.000,5.250,3.496
000000000080000077,2000,false,VB,006,27.000,2.000,5.832,4.284,1.417,8.500,14.675
000000000030000071,3000,false,PD,008,37.000,3.000,0.000,0.000,1.875,11.250,0.000
000000000010000338,4000,false,VB,004,38.000,0.000,58.791,10.660,41.500,249.000,334.897
000000000010000338,1000,false,VB,003,38.000,2.000,44.214,7.420,20.042,120.250,114.752
000000000080000078,4000,false,VB,003,33.000,0.000,4.949,3.086,1.125,6.750,8.758
000000000010000339,4000,false,VB,001,34.000,2.000,0.446,0.283,1.000,1.500,1.836
000000000010000340,3000,false,VB,006,59.000,1.000,3.338,1.859,1.000,4.250,4.417
000000000010000341,3000,false,VB,008,22.000,3.000,48.429,10.359,30.125,180.750,201.459
000000000010000341,4000,false,VB,007,22.000,0.000,13.808,3.428,12.750,76.500,44.512
000000000010000342,1000,false,VB,001,60.000,0.000,0.000,0.000,1.000,1.000,0.000
000000000010000342,3000,false,VB,008,60.000,3.000,0.000,0.000,1.000,1.000,0.000
000000000010000343,1000,false,VB,009,0.000,2.000,53.927,8.538,30.375,182.250,118.989
000000000010000344,4000,false,VB,009,111.000,2.000,6.940,3.585,1.000,3.500,6.940
000000000010000345,4000,false,VB,006,14.000,3.000,3.477,2.136,1.708,10.250,5.184
000000000010000346,4000,false,VB,005,11.000,2.000,3.638,3.011,1.042,6.250,5.758
000000000080000079,2000,false,VB,001,55.000,1.000,7.516,3.417,1.542,9.250,11.284
000000000080000079,4000,false,VB,009,55.000,2.000,6.648,3.590,1.208,7.250,7.303
000000000010000347,4000,false,VB,006,66.000,1.000,0.634,0.553,1.000,1.000,0.634
000000000010000347,3000,false,VB,009,66.000,1.000,1.617,1.278,1.000,1.500,3.860
000000000010000348,3000,false,VB,001,30.000,2.000,21.000,4.466,27.042,162.250,119.339
000000000010000349,4000,false,VB,007,126.000,0.000,73.225,14.470,12.792,76.750,177.326
000000000030000072,4000,false,PD,001,38.000,0.000,0.000,0.000,1.833,11.000,0.000
000000000010000350,2000,false,VB,004,132.000,1.000,13.436,6.079,2.083,12.500,36.384
000000000010000351,3000,false,VB,004,46.000,0.000,46.016,11.350,36.125,216.750,277.596
000000000010000352,1000,false,VB,001,8.000,3.000,0.000,0.000,1.000,1.000,0.000
000000000010000353,3000,false,VB,006,42.000,3.000,3.511,2.497,1.000,5.500,5.668
000000000010000354,2000,false,VB,003,49.000,3.000,0.865,0.704,1.000,1.000,1.006
000000000030000073,4000,false,ND,002,40.000,2.000,0.000,0.000,1.417,8.500,0.000
000000000030000073,3000,false,ND,003,40.000,1.000,0.000,0.000,1.125,6.750,0.000
000000000010000355,4000,false,VB,005,139.000,3.000,64.690,9.501,23.500,141.000,294.432
000000000010000356,2000,false,VB,003,63.000,2.000,66.468,18.502,18.583,111.500,151.263
000000000010000357,4000,false,VB,007,26.000,0.000,5.736,3.971,1.958,11.750,9.364
000000000010000358,4000,false,VB,009,41.000,1.000,3.941,2.008,1.500,9.000,8.396
000000000010000359,2000,false,VB,002,236.000,0.000,10.099,3.510,1.000,4.000,14.922
000000000010000360,2000,false,VB,007,46.000,3.000,95.554,15.490,32.708,196.250,232.603
000000000010000360,1000,false,VB,010,46.000,0.000,46.967,6.319,27.500,165.000,190.905
000000000010000361,1000,false,VB,002,133.000,1.000,122.026,15.520,19.750,118.500,122.026
000000000030000074,4000,false,ND,002,87.000,3.000,0.000,0.000,1.000,3.500,0.000
000000000030000074,2000,false,PD,008,87.000,0.000,0.000,0.000,1.583,9.500,0.000
000000000010000362,4000,false,VB,008,31.000,1.000,53.540,16.202,24.875,149.250,172.370
000000000010000363,3000,false,VB,010,60.000,0.000,75.854,18.717,33.042,198.250,263.077
000000000010000364,1000,false,VB,005,35.000,1.000,0.576,0.448,1.000,1.000,2.027
000000000010000365,4000,false,VB,002,53.000,3.000,0.000,0.000,1.000,1.000,0.000
000000000010000366,1000,false,VB,007,22.000,3.000,2.189,1.264,1.750,10.500,12.208
000000000010000367,4000,false,VB,001,149.000,3.000,7.889,4.447,1.625,9.750,18.823
000000000010000367,1000,false,VB,003,149.000,3.000,2.630,1.507,1.000,3.000,5.504
000000000010000368,2000,false,VB,005,25.000,2.000,0.739,0.563,1.000,3.000,3.776
000000000080000080,4000,false,VB,009,35.000,1.000,1.198,0.865,1.000,2.000,3.573
000000000010000369,1000,false,VB,001,137.000,2.000,72.942,8.236,31.583,189.500,309.590
000000000010000369,4000,false,VB,004,137.000,1.000,47.908,5.644,10.583,63.500,87.288
000000000010000370,3000,false,VB,010,76.000,3.000,151.712,34.401,28.292,169.750,316.320
000000000030000075,4000,false,ND,009,54.000,3.000,0.000,0.000,2.000,12.000,0.000
000000000080000081,4000,false,VB,008,11.000,3.000,1.192,0.947,1.667,10.000,7.072
000000000080000081,3000,false,VB,003,11.000,1.000,1.375,1.149,1.000,4.750,3.406
000000000010000371,3000,false,VB,003,53.000,2.000,0.000,0.000,1.000,1.000,0.000
000000000030000076,2000,false,PD,007,45.000,0.000,0.000,0.000,1.000,5.750,0.000
000000000030000077,1000,false,PD,001,41.000,0.000,0.000,0.000,2.583,15.500,0.000
000000000010000372,2000,false,VB,006,101.000,2.000,12.796,6.839,1.167,7.000,18.077
000000000080000082,4000,false,VB,005,38.000,3.000,3.046,1.872,1.000,3.250,3.703
000000000010000373,4000,false,VB,007,26.000,1.000,2.031,1.191,1.333,8.000,11.749
000000000010000374,4000,false,VB,006,9.000,2.000,2.312,1.583,2.083,12.500,11.377
000000000010000374,2000,false,VB,002,9.000,2.000,0.957,0.706,1.000,3.750,2.493
000000000080000083,1000,false,VB,003,56.000,0.000,8.810,5.270,1.958,11.750,13.421
000000000080000083,3000,false,VB,004,56.000,3.000,4.598,3.122,1.000,3.500,4.598
000000000010000375,4000,false,VB,004,48.000,0.000,0.456,0.315,1.000,1.000,1.627
000000000080000084,4000,false,VB,009,56.000,1.000,13.798,8.317,2.000,12.000,15.606
000000000010000376,2000,false,VB,004,227.000,3.000,8.208,4.087,1.000,4.500,9.624
000000000010000377,1000,false,VB,006,85.000,3.000,0.000,0.000,1.000,1.000,0.000
000000000010000378,2000,false,VB,004,68.000,0.000,0.940,0.593,1.000,1.250,2.370
000000000090000017,4000,false,ND,001,47.000,0.000,0.000,0.000,1.000,1.000,1.000
000000000080000085,3000,false,VB,005,38.000,1.000,8.674,6.339,1.083,6.500,8.674
000000000080000086,1000,false,VB,004,18.000,1.000,1.302,0.872,1.000,6.000,6.904
000000000010000379,3000,false,VB,006,10.000,3.000,0.086,0.077,1.000,1.000,0.335
000000000010000379,4000,false,VB,007,10.000,2.000,0.304,0.245,1.000,1.000,1.042
000000000080000087,3000,false,VB,007,104.000,3.000,11.404,7.420,1.083,6.500,24.490
000000000030000078,4000,false,ND,005,57.000,1.000,0.000,0.000,1.000,5.500,0.000
000000000030000079,4000,false,PD,008,86.000,0.000,0.000,0.000,1.458,8.750,0.000
000000000010000380,2000,false,VB,003,213.000,1.000,18.605,8.229,1.000,6.000,24.067
000000000010000380,4000,false,VB,006,213.000,0.000,23.190,8.825,1.250,7.500,23.190
000000000010000381,1000,false,VB,010,35.000,1.000,59.137,12.705,23.000,138.000,120.299
000000000010000382,2000,false,VB,008,58.000,1.000,6.005,3.822,1.583,9.500,13.943
000000000010000383,3000,false,VB,003,20.000,1.000,47.326,12.165,37.417,224.500,206.747
000000000010000384,1000,false,VB,001,45.000,3.000,5.875,3.423,1.250,7.500,11.469
000000000030000080,4000,false,PD,005,23.000,1.000,0.000,0.000,1.625,9.750,0.000
000000000030000080,3000,false,PD,006,23.000,3.000,0.000,0.000,1.417,8.500,0.000
000000000030000081,4000,false,ND,010,27.000,3.000,0.000,0.000,2.042,12.250,0.000
000000000010000385,2000,false,VB,006,41.000,2.000,79.437,14.433,35.833,215.000,287.887
000000000010000385,3000,false,VB,003,41.000,1.000,17.346,3.490,21.042,126.250,77.906
000000000080000088,1000,false,VB,007,27.000,0.000,2.227,1.704,1.000,3.000,2.421
000000000030000082,1000,false,PD,008,137.000,3.000,0.000,0.000,1.667,10.000,0.000
000000000010000386,4000,false,VB,001,170.000,2.000,29.631,13.320,1.625,9.750,30.819
000000000010000387,2000,false,VB,006,17.000,3.000,0.000,0.000,1.000,1.000,0.000
000000000010000387,4000,false,VB,010,17.000,3.000,0.000,0.000,1.000,1.000,0.000
000000000080000089,1000,false,VB,008,73.000,1.000,6.391,4.363,1.000,3.750,9.228
000000000030000083,1000,false,PD,002,14.000,3.000,0.000,0.000,1.125,6.750,0.000
000000000090000018,2000,false,ND,003,28.000,2.000,0.000,0.000,1.000,1.000,1.000
000000000010000388,4000,false,VB,006,41.000,3.000,1.327,0.812,1.000,1.500,1.327
000000000080000090,3000,false,VB,007,20.000,1.000,1.206,0.920,1.000,4.250,5.589
000000000010000389,1000,false,VB,009,147.000,1.000,11.921,7.153,1.708,10.250,34.488
000000000010000390,3000,false,VB,003,52.000,3.000,1.110,0.824,1.000,1.000,1.295
000000000030000084,4000,false,PD,003,42.000,3.000,0.000,0.000,1.333,8.000,0.000
000000000030000084,3000,false,ND,006,0.000,3.000,0.000,0.000,2.667,16.000,0.000
000000000010000391,4000,false,VB,007,78.000,3.000,6.366,3.234,1.000,4.750,8.739
000000000030000085,3000,false,ND,003,55.000,2.000,0.000,0.000,1.333,8.000,0.000
000000000010000392,2000,false,VB,009,122.000,3.000,25.749,9.403,2.500,15.000,26.739
000000000010000393,2000,false,VB,010,64.000,2.000,5.856,3.519,1.208,7.250,14.752
000000000010000394,4000,false,VB,009,55.000,0.000,24.665,3.614,10.583,63.500,38.445
000000000010000395,2000,false,VB,005,14.000,0.000,1.349,1.094,1.000,3.000,4.268
000000000010000396,3000,false,VB,007,136.000,0.000,6.377,3.488,1.000,2.500,6.377
000000000090000019,2000,false,ND,002,14.000,2.000,0.000,0.000,1.000,1.000,1.000
000000000010000397,4000,false,VB,010,15.000,0.000,2.567,1.958,2.083,12.500,18.245
000000000010000398,3000,false,VB,006,117.000,0.000,7.933,4.768,1.000,3.250,11.824
000000000010000398,4000,false,VB,002,117.000,1.000,29.758,17.830,1.875,11.250,40.466
000000000010000399,2000,false,VB,008,45.000,3.000,9.307,6.383,1.125,6.750,9.307
000000000010000399,4000,false,VB,001,45.000,1.000,5.031,3.550,1.125,6.750,13.061
000000000010000400,2000,false,VB,004,125.000,0.000,6.324,3.349,1.000,2.750,6.324
000000000010000400,3000,false,VB,008,125.000,2.000,5.796,2.580,1.000,3.750,5.796
000000000080000091,4000,false,VB,002,57.000,3.000,4.565,2.744,1.250,7.500,17.116
000000000010000401,3000,false,VB,004,10.000,2.000,0.548,0.441,1.000,2.000,1.532
000000000010000402,2000,false,VB,002,85.000,0.000,2.747,1.879,1.000,1.250,2.747
000000000010000402,4000,false,VB,004,85.000,0.000,16.584,8.630,2.000,12.000,26.753
000000000010000403,4000,false,VB,001,105.000,2.000,119.968,11.873,42.417,254.500,403.176
000000000010000403,1000,false,VB,006,105.000,2.000,73.347,11.887,12.167,73.000,148.149
000000000030000086,2000,false,ND,007,37.000,2.000,0.000,0.000,1.000,4.250,0.000
000000000010000404,2000,false,VB,008,57.000,3.000,7.213,3.843,1.542,9.250,10.502
000000000010000404,4000,false,VB,007,57.000,0.000,1.830,0.970,1.000,4.750,9.540
000000000010000405,1000,false,VB,010,45.000,2.000,83.568,13.587,27.167,163.000,105.602
000000000010000406,2000,false,VB,008,76.000,3.000,1.594,0.984,1.000,1.250,2.986
000000000080000092,3000,false,VB,003,30.000,1.000,2.084,1.440,1.000,4.250,4.202
000000000010000407,2000,false,VB,002,37.000,2.000,44.435,11.881,16.917,101.500,62.012
000000000010000408,2000,false,VB,010,148.000,0.000,7.106,3.227,1.000,4.500,12.365
000000000010000408,4000,false,VB,003,148.000,1.000,11.666,5.404,1.000,4.500,15.369
000000000090000020,1000,false,ND,008,57.000,2.000,0.000,0.000,1.000,1.000,1.000
000000000010000409,1000,false,VB,006,60.000,3.000,4.548,2.639,1.958,11.750,25.557
000000000010000409,4000,false,VB,007,60.000,3.000,13.165,6.882,1.917,11.500,19.287
000000000010000410,3000,false,VB,005,48.000,0.000,0.000,0.000,1.000,1.000,0.000
000000000090000021,2000,false,ND,007,53.000,1.000,0.000,0.000,1.000,1.000,1.000
000000000080000093,4000,false,VB,006,123.000,2.000,32.460,19.730,1.958,11.750,32.460
000000000080000094,2000,false,VB,004,142.000,3.000,15.099,8.972,1.000,5.500,15.099
000000000030000087,2000,false,PD,005,77.000,1.000,0.000,0.000,1.333,8.000,0.000
000000000080000095,4000,false,VB,009,59.000,0.000,6.317,3.818,1.833,11.000,23.293
000000000080000095,1000,false,VB,005,59.000,0.000,13.873,9.040,1.750,10.500,16.002
000000000010000411,1000,false,VB,005,52.000,0.000,30.436,5.158,11.125,66.750,55.212
000000000010000412,1000,false,VB,008,25.000,3.000,27.110,6.055,18.292,109.750,125.938
000000000010000412,4000,false,VB,009,25.000,0.000,40.706,8.534,37.708,226.250,227.952
000000000010000413,3000,false,VB,009,22.000,1.000,0.799,0.527,1.000,1.750,2.309
000000000010000414,4000,false,VB,003,55.000,0.000,115.241,33.358,30.958,185.750,132.970
000000000030000088,4000,false,ND,004,13.000,0.000,0.000,0.000,1.125,6.750,0.000
000000000010000415,2000,false,VB,006,109.000,0.000,13.993,7.193,1.417,8.500,13.993
000000000010000416,1000,false,VB,006,31.000,3.000,91.050,35.468,36.167,217.000,134.025
000000000010000416,2000,false,VB,006,31.000,3.000,78.997,26.064,31.958,191.750,128.350
000000000010000417,3000,false,VB,010,30.000,0.000,3.424,1.720,2.292,13.750,20.264
000000000030000089,2000,false,PD,010,16.000,3.000,0.000,0.000,1.583,9.500,0.000
000000000030000089,4000,false,ND,009,16.000,0.000,0.000,0.000,1.625,9.750,0.000
000000000090000022,3000,false,ND,009,41.000,1.000,0.000,0.000,1.000,1.000,1.000
000000000010000418,4000,false,VB,006,20.000,0.000,0.944,0.654,1.000,3.000,4.274
000000000010000418,1000,false,VB,006,20.000,0.000,1.079,0.836,1.000,1.500,2.153
000000000010000419,2000,false,VB,008,37.000,3.000,4.591,3.175,2.042,12.250,13.367
000000000010000420,3000,false,VB,004,73.000,1.000,0.726,0.452,1.000,1.250,3.243
000000000010000420,1000,false,VB,007,73.000,0.000,2.335,1.721,1.000,1.000,2.385
000000000010000421,2000,false,VB,008,87.000,2.000,5.737,3.735,1.125,6.750,22.007
000000000010000421,4000,false,VB,009,87.000,3.000,10.101,5.874,1.208,7.250,12.539
000000000080000096,2000,false,VB,008,84.000,2.000,9.317,6.712,1.000,5.000,10.933
000000000010000422,3000,false,VB,005,13.000,3.000,4.093,2.997,2.125,12.750,16.416
000000000010000423,3000,false,VB,007,79.000,2.000,2.752,1.725,1.000,2.250,5.406
000000000010000423,4000,false,VB,006,79.000,2.000,2.190,1.571,1.000,1.250,2.735
000000000010000424,2000,false,VB,009,24.000,0.000,0.000,0.000,1.000,1.000,0.000
000000000010000425,4000,false,VB,008,232.000,3.000,8.526,3.423,1.000,4.000,17.267
000000000010000426,1000,false,VB,006,48.000,2.000,2.473,1.093,2.083,12.500,9.211
000000000010000427,2000,false,VB,005,40.000,0.000,68.998,12.607,33.000,198.000,188.326
000000000010000428,4000,false,VB,008,27.000,1.000,0.636,0.509,1.000,1.000,1.113
000000000010000428,2000,false,VB,006,27.000,0.000,2.808,2.181,1.000,2.500,3.285
000000000010000429,4000,false,VB,001,20.000,3.000,23.245,7.031,26.792,160.750,78.518
000000000010000430,4000,false,VB,010,149.000,3.000,8.063,4.800,1.000,4.250,15.760
000000000010000431,1000,false,VB,004,18.000,1.000,8.088,1.591,8.958,53.750,28.684
000000000010000432,4000,false,VB,006,9.000,2.000,2.844,2.269,2.167,13.000,14.515
000000000030000090,4000,false,PD,010,31.000,2.000,0.000,0.000,1.208,7.250,0.000
000000000030000090,3000,false,ND,008,31.000,1.000,0.000,0.000,1.417,8.500,0.000
000000000010000433,1000,false,VB,008,239.000,2.000,12.309,4.518,1.000,3.750,12.309
000000000010000434,3000,false,VB,005,48.000,1.000,0.000,0.000,1.000,1.000,0.000
000000000010000435,1000,false,VB,004,27.000,3.000,4.629,2.729,1.625,9.750,6.267
000000000010000435,3000,false,VB,001,27.000,1.000,1.814,1.072,1.208,7.250,10.261
000000000010000436,2000,false,VB,003,49.000,0.000,62.719,9.211,26.958,161.750,156.376
000000000010000437,4000,false,VB,005,13.000,3.000,9.233,3.502,25.542,153.250,158.598
000000000030000091,1000,false,PD,009,117.000,3.000,0.000,0.000,1.000,1.750,0.000
000000000010000438,3000,false,VB,008,10.000,1.000,0.183,0.157,1.000,1.000,0.573
000000000010000438,4000,false,VB,006,10.000,1.000,0.136,0.113,1.000,1.000,0.901
000000000010000439,2000,false,VB,004,32.000,3.000,3.614,1.636,1.708,10.250,9.973
000000000010000440,1000,false,VB,004,10.000,3.000,0.000,0.000,1.000,1.000,0.000
000000000030000092,2000,false,ND,005,11.000,2.000,0.000,0.000,1.167,7.000,0.000
000000000010000441,2000,false,VB,002,137.000,2.000,18.736,10.507,1.125,6.750,18.736
000000000080000097,3000,false,VB,004,21.000,1.000,1.932,1.304,1.000,4.750,4.251
000000000080000097,4000,false,VB,004,21.000,2.000,1.810,1.176,1.000,5.000,7.376
000000000010000442,4000,false,VB,007,128.000,1.000,13.941,10.330,1.000,4.000,13.941
000000000010000443,3000,false,VB,001,149.000,0.000,17.460,5.030,1.625,9.750,22.868
000000000010000444,4000,false,VB,001,10.000,0.000,0.263,0.206,1.000,1.250,1.018
000000000010000445,2000,false,VB,009,235.000,1.000,12.674,4.938,1.750,10.500,44.017
000000000010000446,3000,false,VB,010,49.000,2.000,82.064,24.078,20.792,124.750,123.190
000000000010000446,1000,false,VB,005,49.000,0.000,53.319,11.827,18.917,113.500,147.752
000000000030000093,1000,false,PD,008,55.000,2.000,0.000,0.000,1.000,2.000,0.000
000000000080000098,1000,false,VB,007,74.000,2.000,8.260,5.464,1.375,8.250,22.726
000000000010000447,1000,false,VB,006,40.000,2.000,3.053,2.110,1.042,6.250,11.418
000000000010000448,2000,false,VB,003,7.000,0.000,1.515,1.285,1.000,4.500,2.611
000000000010000448,1000,false,VB,006,7.000,0.000,1.596,1.310,1.417,8.500,9.884
000000000010000449,4000,false,VB,003,167.000,3.000,3.213,1.451,1.000,3.250,11.925
000000000010000449,2000,false,VB,001,167.000,0.000,4.489,2.407,1.000,2.250,7.719
000000000030000094,3000,false,PD,004,95.000,0.000,0.000,0.000,1.458,8.750,0.000
000000000010000450,1000,false,VB,007,58.000,2.000,10.302,5.705,1.375,8.250,15.803
000000000090000023,4000,false,ND,010,43.000,0.000,0.000,0.000,1.000,1.000,1.000
000000000010000451,2000,false,VB,010,40.000,1.000,55.727,9.032,27.708,166.250,103.028
000000000030000095,4000,false,PD,005,67.000,1.000,0.000,0.000,1.000,3.750,0.000
000000000010000452,4000,false,VB,004,51.000,1.000,74.962,9.406,33.333,200.000,138.999
000000000010000453,4000,false,VB,001,64.000,2.000,8.256,5.603,1.000,5.750,15.941
000000000010000453,1000,false,VB,004,64.000,1.000,18.236,11.692,1.875,11.250,18.513
000000000010000454,2000,false,VB,009,35.000,1.000,3.593,2.565,1.000,5.250,10.180
000000000080000099,4000,false,VB,006,12.000,3.000,2.071,1.552,1.000,6.000,3.667
000000000010000455,2000,false,VB,004,67.000,0.000,7.788,5.314,1.000,3.750,7.788
000000000010000456,3000,false,VB,001,82.000,3.000,4.774,2.861,1.208,7.250,12.259
000000000010000457,3000,false,VB,003,138.000,1.000,11.660,6.213,1.000,5.250,11.660
000000000010000458,4000,false,VB,010,36.000,2.000,5.475,3.940,1.208,7.250,9.874
000000000010000458,2000,false,VB,001,36.000,2.000,1.446,1.003,1.000,4.500,4.304
000000000010000459,4000,false,VB,007,50.000,2.000,0.000,0.000,1.000,1.000,0.000
000000000080000100,2000,false,VB,010,101.000,2.000,19.389,11.930,1.542,9.250,19.389
000000000080000100,3000,false,VB,006,101.000,3.000,6.531,4.139,1.000,4.750,15.001
000000000010000460,1000,false,VB,002,56.000,3.000,10.271,5.494,1.542,9.250,12.456
000000000010000461,3000,false,VB,010,48.000,0.000,0.000,0.000,1.000,1.000,0.000
000000000010000462,4000,false,VB,010,232.000,3.000,16.363,4.397,1.875,11.250,39.087
000000000010000463,3000,false,VB,010,94.000,3.000,20.155,14.214,1.333,8.000,20.155
000000000030000096,1000,false,ND,008,19.000,3.000,0.000,0.000,1.000,4.250,0.000
000000000010000464,2000,false,VB,002,16.000,1.000,0.641,0.459,1.000,1.500,2.012
000000000030000097,2000,false,PD,008,85.000,1.000,0.000,0.000,1.125,6.750,0.000
000000000010000465,4000,false,VB,005,233.000,2.000,8.024,2.293,1.167,7.000,25.332
000000000010000466,1000,false,VB,002,93.000,3.000,15.587,9.641,1.208,7.250,19.958
000000000010000467,1000,false,VB,007,96.000,1.000,7.366,4.397,1.167,7.000,14.816
000000000010000468,3000,false,VB,003,140.000,1.000,23.960,12.524,1.458,8.750,30.688
000000000010000469,3000,false,VB,003,79.000,3.000,142.282,28.530,34.875,209.250,241.847
000000000030000098,3000,false,ND,010,22.000,1.000,0.000,0.000,1.417,8.500,0.000
000000000030000098,1000,false,PD,004,22.000,2.000,0.000,0.000,1.000,3.250,0.000
000000000010000470,4000,false,VB,005,46.000,3.000,3.236,2.063,1.042,6.250,10.676
000000000010000471,1000,false,VB,008,40.000,2.000,24.643,5.574,29.583,177.500,206.205
000000000090000024,4000,false,ND,008,36.000,3.000,0.000,0.000,1.000,1.000,1.000
000000000090000024,2000,false,ND,003,36.000,0.000,0.000,0.000,1.000,1.000,1.000
000000000010000472,3000,false,VB,006,39.000,1.000,47.441,9.454,21.042,126.250,130.483
000000000010000473,2000,false,VB,009,134.000,3.000,4.340,1.754,1.000,2.750,6.925
000000000010000473,4000,false,VB,010,134.000,1.000,2.249,0.955,1.000,2.500,4.808
000000000080000101,2000,false,VB,001,20.000,0.000,2.844,1.678,1.875,11.250,12.792
000000000010000474,2000,false,VB,010,26.000,1.000,0.000,0.000,1.000,1.000,0.000
000000000010000475,1000,false,VB,006,86.000,0.000,3.263,2.231,1.000,1.500,4.859
000000000030000099,1000,false,PD,003,51.000,2.000,0.000,0.000,1.042,6.250,0.000
000000000080000102,1000,false,VB,007,27.000,1.000,3.336,2.542,1.333,8.000,10.067
000000000080000103,2000,false,VB,010,24.000,3.000,5.983,3.694,2.000,12.000,17.504
000000000030000100,3000,false,PD,006,20.000,1.000,0.000,0.000,1.125,6.750,0.000
000000000010000476,4000,false,VB,009,27.000,3.000,21.868,4.766,18.167,109.000,129.632
000000000090000025,3000,false,ND,009,45.000,3.000,0.000,0.000,1.000,1.000,1.000
000000000090000026,2000,false,ND,007,44.000,3.000,0.000,0.000,1.000,1.000,1.000
000000000010000477,2000,false,VB,008,207.000,2.000,9.740,3.532,1.333,8.000,23.809
000000000010000478,2000,false,VB,008,94.000,3.000,8.822,5.040,1.917,11.500,15.507
000000000030000101,4000,false,ND,001,40.000,2.000,0.000,0.000,1.208,7.250,0.000
000000000030000102,1000,false,ND,007,38.000,2.000,0.000,0.000,1.000,4.000,0.000
000000000030000102,4000,false,PD,007,38.000,0.000,0.000,0.000,1.000,5.500,0.000
000000000030000103,4000,false,ND,008,146.000,3.000,0.000,0.000,1.667,10.000,0.000
000000000010000479,4000,false,VB,006,38.000,0.000,0.000,0.000,1.000,1.000,0.000
000000000080000104,3000,false,VB,008,63.000,0.000,10.941,7.981,1.000,6.000,11.115
000000000080000104,2000,false,VB,009,63.000,0.000,11.298,7.202,1.792,10.750,11.982
000000000010000480,1000,false,VB,004,20.000,2.000,0.568,0.440,1.000,1.500,2.032
000000000010000480,3000,false,VB,009,20.000,1.000,0.321,0.249,1.000,1.000,0.765
000000000010000481,4000,false,VB,008,32.000,1.000,1.916,1.210,1.042,6.250,5.232
000000000010000481,1000,false,VB,002,32.000,1.000,1.057,0.687,1.000,4.500,5.793
000000000010000482,1000,false,VB,010,10.000,1.000,3.929,1.396,13.667,82.000,50.995
000000000010000483,3000,false,VB,006,0.000,0.000,2.992,1.985,2.500,15.000,21.856
000000000010000483,2000,false,VB,005,23.000,0.000,3.100,2.161,1.000,6.000,7.364
000000000010000484,2000,false,VB,005,120.000,2.000,14.671,6.604,1.250,7.500,15.055
000000000010000485,3000,false,VB,004,52.000,3.000,0.555,0.379,1.000,1.000,1.211
000000000080000105,1000,false,VB,003,32.000,0.000,2.789,1.486,1.000,4.500,4.653
000000000010000486,3000,false,VB,008,49.000,2.000,64.143,16.387,29.917,179.500,162.230
000000000010000487,1000,false,VB,004,131.000,2.000,0.000,0.000,1.000,1.000,0.000
000000000010000488,3000,false,VB,004,189.000,3.000,15.489,4.764,1.167,7.000,15.489
000000000030000104,4000,false,ND,008,57.000,0.000,0.000,0.000,1.000,4.750,0.000
000000000010000489,4000,false,VB,003,132.000,1.000,19.081,10.348,2.417,14.500,26.113
000000000080000106,2000,false,VB,002,11.000,2.000,1.995,1.509,1.042,6.250,4.499
000000000010000490,2000,false,VB,010,103.000,3.000,9.317,5.488,1.000,5.500,12.264
000000000080000107,2000,false,VB,008,41.000,1.000,2.910,2.048,1.083,6.500,13.914
000000000090000027,2000,false,ND,001,21.000,3.000,0.000,0.000,1.000,1.000,1.000
000000000090000027,1000,false,ND,001,21.000,3.000,0.000,0.000,1.000,1.000,1.000
000000000010000491,3000,false,VB,004,52.000,3.000,9.546,3.887,2.500,15.000,10.683
000000000010000492,1000,false,VB,006,236.000,2.000,28.150,14.522,1.000,6.000,28.150
000000000080000108,2000,false,VB,009,102.000,3.000,6.860,3.296,1.042,6.250,7.546
000000000010000493,3000,false,VB,004,205.000,3.000,10.911,4.429,1.000,3.500,13.002
000000000010000494,3000,false,VB,005,42.000,0.000,0.000,0.000,1.000,1.000,0.000
000000000080000109,3000,false,VB,007,140.000,3.000,18.847,12.112,1.125,6.750,21.859
000000000010000495,4000,false,VB,005,35.000,3.000,0.000,0.000,1.000,1.000,0.000
000000000010000496,3000,false,VB,002,44.000,2.000,0.616,0.431,1.000,1.000,1.721
000000000030000105,3000,false,PD,007,51.000,3.000,0.000,0.000,1.000,4.500,0.000
000000000030000105,2000,false,PD,009,51.000,2.000,0.000,0.000,1.000,2.750,0.000
000000000010000497,4000,false,VB,005,44.000,0.000,1.934,1.089,1.000,2.500,4.031
000000000010000497,1000,false,VB,006,44.000,3.000,1.117,0.760,1.000,1.250,2.656
000000000090000028,4000,false,ND,003,43.000,2.000,0.000,0.000,1.000,1.000,1.000
000000000090000028,2000,false,ND,008,43.000,2.000,0.000,0.000,1.000,1.000,1.000
000000000010000498,1000,false,VB,007,90.000,3.000,41.340,10.179,20.625,123.750,126.877
000000000010000499,4000,false,VB,002,25.000,2.000,0.535,0.372,1.000,1.250,1.874
000000000010000500,2000,false,VB,005,39.000,0.000,1.689,1.092,1.000,4.500,8.207
000000000010000500,4000,false,VB,004,39.000,2.000,5.987,4.068,1.000,5.750,5.987
000000000030000106,2000,false,PD,009,36.000,2.000,0.000,0.000,1.000,5.750,0.000
000000000080000110,2000,false,VB,004,145.000,3.000,15.452,8.729,1.417,8.500,26.368
000000000010000501,1000,false,VB,009,36.000,0.000,0.000,0.000,1.000,1.000,0.000
000000000080000111,1000,false,VB,009,0.000,0.000,4.697,3.278,1.125,6.750,10.926
000000000010000502,2000,false,VB,004,10.000,0.000,8.122,2.930,17.833,107.000,103.124
000000000010000503,3000,false,VB,010,92.000,0.000,27.379,5.156,9.167,55.000,108.242
000000000010000503,2000,false,VB,008,92.000,0.000,80.712,11.969,30.750,184.500,199.179
000000000010000504,1000,false,VB,002,19.000,2.000,1.818,1.076,2.083,12.500,16.809
000000000010000505,1000,false,VB,001,13.000,1.000,45.758,16.932,38.125,228.750,154.759
000000000010000506,1000,false,VB,004,138.000,1.000,7.807,3.255,1.625,9.750,28.141
000000000010000507,1000,false,VB,010,8.000,0.000,9.816,4.592,32.792,196.750,104.132
000000000010000508,2000,false,VB,003,126.000,2.000,1.228,0.585,1.000,2.000,5.452
000000000010000509,4000,false,VB,009,50.000,1.000,0.000,0.000,1.000,1.000,0.000
000000000010000510,3000,false,VB,004,23.000,1.000,4.716,3.704,1.000,4.750,7.263
000000000010000511,4000,false,VB,008,28.000,3.000,0.000,0.000,1.000,1.000,0.000
000000000010000511,1000,false,VB,005,28.000,0.000,0.000,0.000,1.000,1.000,0.000
000000000010000512,3000,false,VB,003,29.000,3.000,0.804,0.545,1.000,2.500,3.400
000000000010000512,1000,false,VB,002,29.000,2.000,0.538,0.381,1.000,1.000,1.377
000000000010000513,2000,false,VB,007,42.000,0.000,0.000,0.000,1.000,1.000,0.000
000000000010000514,1000,false,VB,002,111.000,3.000,2.441,1.567,1.000,3.000,10.229
000000000010000515,1000,false,VB,006,47.000,0.000,0.000,0.000,1.000,1.000,0.000
000000000010000516,2000,false,VB,006,22.000,2.000,0.000,0.000,1.000,1.000,0.000
000000000010000517,4000,false,VB,005,31.000,2.000,1.193,0.982,1.000,1.000,1.816
000000000010000517,2000,false,VB,001,31.000,0.000,0.466,0.407,1.000,1.000,1.427
000000000010000518,2000,false,VB,005,18.000,3.000,6.740,2.452,11.958,71.750,72.724
000000000030000107,3000,false,PD,004,53.000,2.000,0.000,0.000,1.667,10.000,0.000
000000000010000519,2000,false,VB,002,23.000,2.000,0.383,0.292,1.000,1.000,0.667
000000000010000520,3000,false,VB,009,35.000,3.000,62.498,13.120,32.333,194.000,223.035
000000000010000521,1000,false,VB,001,21.000,3.000,58.188,20.584,36.083,216.500,189.772
000000000010000521,2000,false,VB,004,21.000,3.000,49.064,16.966,27.083,162.500,85.864
000000000010000522,1000,false,VB,006,71.000,1.000,12.642,8.853,1.250,7.500,20.849
000000000030000108,2000,false,ND,007,55.000,3.000,0.000,0.000,1.750,10.500,0.000
000000000030000108,1000,false,PD,010,55.000,1.000,0.000,0.000,1.250,7.500,0.000
000000000010000523,3000,false,VB,005,97.000,1.000,10.451,5.627,2.958,17.750,46.043
000000000030000109,1000,false,ND,005,111.000,0.000,0.000,0.000,1.708,10.250,0.000
000000000030000109,2000,false,VB,003,111.000,2.000,10.722,6.356,1.167,7.000,18.807
000000000010000524,3000,false,VB,001,195.000,2.000,16.146,4.912,1.167,7.000,16.146
000000000010000524,1000,false,VB,003,195.000,1.000,7.258,2.340,1.083,6.500,13.583
000000000010000525,3000,false,VB,006,51.000,1.000,5.774,3.660,1.208,7.250,14.959
000000000010000525,4000,false,VB,003,51.000,1.000,8.764,7.213,1.000,3.250,8.819
000000000090000029,4000,false,ND,006,35.000,2.000,0.000,0.000,1.000,1.000,1.000
000000000080000112,4000,false,VB,010,57.000,2.000,7.036,4.156,1.000,5.500,7.273
000000000080000112,1000,false,VB,008,0.000,3.000,4.685,2.939,1.000,3.750,8.148
000000000010000526,1000,false,VB,009,39.000,0.000,8.578,5.213,1.625,9.750,12.660
000000000010000527,2000,false,VB,005,57.000,0.000,21.407,13.027,2.708,16.250,21.407
000000000010000528,1000,false,VB,006,30.000,0.000,0.552,0.373,1.000,1.250,1.753
000000000010000529,1000,false,VB,001,37.000,0.000,6.489,4.007,1.750,10.500,14.752
000000000080000113,3000,false,VB,003,147.000,3.000,13.680,9.002,1.000,4.000,13.680
000000000010000530,1000,false,VB,007,11.000,2.000,4.153,1.179,10.083,60.500,26.339
000000000010000531,3000,false,VB,009,30.000,3.000,20.960,4.895,11.125,66.750,83.705
000000000010000531,4000,false,VB,003,30.000,0.000,66.956,18.037,27.917,167.500,213.858
000000000080000114,2000,false,VB,003,31.000,0.000,4.883,3.731,1.000,5.250,7.750
000000000010000532,3000,false,VB,005,232.000,3.000,3.734,1.134,1.000,3.250,9.243
000000000030000110,2000,false,PD,009,33.000,0.000,0.000,0.000,1.167,7.000,0.000
000000000010000533,3000,false,VB,002,35.000,3.000,36.781,7.868,18.833,113.000,102.652
000000000010000534,2000,false,VB,004,39.000,0.000,58.389,8.860,26.000,156.000,164.935
000000000010000535,1000,false,VB,003,194.000,2.000,5.145,1.757,1.000,3.000,8.072
000000000010000536,4000,false,VB,001,187.000,2.000,1.580,0.802,1.000,1.250,5.612
000000000010000536,3000,false,VB,009,187.000,3.000,27.657,8.538,1.750,10.500,34.332
000000000010000537,1000,false,VB,006,32.000,0.000,44.917,12.240,22.333,134.000,143.253
000000000080000115,3000,false,VB,003,37.000,0.000,12.472,8.666,1.792,10.750,14.789
000000000010000538,1000,false,VB,007,62.000,2.000,12.268,7.727,1.667,10.000,21.683
000000000090000030,1000,false,ND,006,14.000,0.000,0.000,0.000,1.000,1.000,1.000
000000000010000539,1000,false,VB,002,25.000,2.000,0.331,0.267,1.000,1.000,1.776
000000000010000539,2000,false,VB,005,0.000,2.000,0.393,0.308,1.000,1.250,1.244
000000000010000540,1000,false,VB,009,28.000,3.000,0.000,0.000,1.000,1.000,0.000
000000000030000111,3000,false,PD,009,13.000,3.000,0.000,0.000,1.667,10.000,0.000
000000000010000541,1000,false,VB,008,149.000,0.000,15.209,4.781,1.250,7.500,15.209
000000000010000541,3000,false,VB,007,149.000,0.000,3.206,1.461,1.000,2.000,6.191
000000000030000112,2000,false,ND,009,53.000,2.000,0.000,0.000,1.625,9.750,0.000
000000000080000116,1000,false,VB,006,75.000,3.000,1.341,0.902,1.000,2.500,5.729
000000000010000542,4000,false,VB,010,11.000,2.000,26.946,11.943,37.125,222.750,120.594
000000000030000113,4000,false,PD,002,28.000,2.000,0.000,0.000,1.292,7.750,0.000
000000000030000114,3000,false,PD,007,28.000,2.000,0.000,0.000,1.083,6.500,0.000
000000000010000543,3000,false,VB,009,189.000,0.000,4.229,1.904,1.000,1.750,5.618
000000000080000117,4000,false,VB,008,49.000,0.000,2.515,1.785,1.000,1.750,3.881
000000000010000544,1000,false,VB,001,53.000,0.000,10.628,6.733,1.375,8.250,15.800
000000000010000544,3000,false,VB,005,53.000,3.000,9.437,6.348,1.708,10.250,21.436
000000000030000115,3000,false,PD,004,105.000,3.000,0.000,0.000,1.917,11.500,0.000
000000000030000116,1000,false,ND,007,28.000,0.000,0.000,0.000,1.083,6.500,0.000
000000000010000545,4000,false,VB,004,59.000,0.000,3.430,2.367,1.000,3.500,5.113
000000000010000546,4000,false,VB,009,131.000,0.000,254.449,50.243,28.375,170.250,368.223
000000000010000546,3000,false,VB,005,131.000,3.000,78.492,14.085,18.750,112.500,132.871
000000000010000547,2000,false,VB,007,22.000,0.000,1.153,0.915,1.000,1.250,2.308
000000000010000548,4000,false,VB,009,36.000,1.000,5.228,3.694,1.000,5.250,5.636
000000000080000118,3000,false,VB,005,79.000,0.000,10.438,6.192,1.208,7.250,11.449
000000000010000549,4000,false,VB,001,192.000,1.000,6.127,3.046,1.000,2.500,6.127
000000000010000550,1000,false,VB,005,110.000,1.000,4.366,2.565,1.000,2.250,7.124
000000000030000117,4000,false,PD,002,26.000,2.000,0.000,0.000,1.875,11.250,0.000
000000000010000551,1000,false,VB,004,155.000,2.000,4.551,2.002,1.167,7.000,18.721
000000000010000552,1000,false,VB,003,47.000,3.000,1.977,1.386,1.000,1.500,2.490
000000000010000553,1000,false,VB,006,57.000,2.000,1.298,0.884,1.000,2.000,3.704
000000000030000118,4000,false,PD,006,101.000,2.000,0.000,0.000,2.333,14.000,0.000
000000000010000554,4000,false,VB,009,150.000,0.000,0.000,0.000,1.000,1.000,0.000
000000000030000119,3000,false,ND,001,59.000,1.000,0.000,0.000,1.792,10.750,0.000
000000000030000120,3000,false,ND,008,51.000,1.000,0.000,0.000,2.583,15.500,0.000
000000000010000555,1000,false,VB,001,15.000,3.000,0.000,0.000,1.000,1.000,0.000
000000000010000556,3000,false,VB,001,50.000,2.000,0.000,0.000,1.000,1.000,0.000
000000000010000556,2000,false,VB,005,50.000,1.000,0.000,0.000,1.000,1.000,0.000
000000000080000119,4000,false,VB,004,39.000,0.000,1.051,0.598,1.000,3.000,3.294
000000000010000557,3000,false,VB,005,102.000,2.000,12.145,7.661,1.000,5.750,12.145
000000000010000557,4000,false,VB,001,102.000,1.000,8.297,4.894,1.000,4.250,8.297
000000000030000121,3000,false,ND,007,15.000,1.000,0.000,0.000,1.458,8.750,0.000
000000000010000558,2000,false,VB,008,34.000,1.000,0.000,0.000,1.000,1.000,0.000
000000000010000559,2000,false,VB,008,49.000,2.000,6.464,4.072,1.083,6.500,10.948
000000000080000120,1000,false,VB,008,39.000,0.000,3.131,1.537,1.333,8.000,6.252
000000000030000122,3000,false,ND,008,47.000,1.000,0.000,0.000,1.917,11.500,0.000
000000000080000121,3000,false,VB,009,107.000,0.000,5.737,3.466,1.000,4.750,7.916
000000000010000560,2000,false,VB,005,35.000,2.000,96.589,18.398,44.333,266.000,276.760
000000000080000122,2000,false,VB,007,14.000,1.000,2.354,1.694,1.417,8.500,10.327
000000000080000122,3000,false,VB,005,14.000,2.000,1.287,1.049,1.000,3.750,2.690
000000000010000561,4000,false,VB,004,16.000,0.000,1.926,1.532,1.000,3.500,2.571
000000000090000031,2000,false,ND,003,49.000,2.000,0.000,0.000,1.000,1.000,1.000
000000000030000123,1000,false,ND,006,0.000,2.000,0.000,0.000,1.000,3.500,0.000
000000000030000123,4000,false,ND,002,50.000,3.000,0.000,0.000,1.083,6.500,0.000
000000000010000562,4000,false,VB,003,19.000,0.000,1.185,0.954,1.000,1.250,1.311
000000000010000562,2000,false,VB,007,19.000,2.000,0.801,0.601,1.000,2.000,1.454
000000000080000123,2000,false,VB,004,52.000,1.000,1.945,1.023,1.042,6.250,9.652
000000000030000124,3000,false,PD,009,138.000,2.000,0.000,0.000,1.000,5.500,0.000
000000000010000563,3000,false,VB,001,55.000,3.000,106.602,21.760,29.125,174.750,165.629
000000000080000124,2000,false,VB,001,40.000,3.000,13.027,5.625,3.542,21.250,26.258
000000000080000125,2000,false,VB,003,18.000,1.000,3.373,2.410,1.000,5.750,6.904
000000000010000564,1000,false,VB,004,162.000,2.000,7.326,2.653,1.000,3.000,8.687
000000000010000565,3000,false,VB,005,143.000,1.000,12.069,6.188,1.000,5.500,12.069
000000000080000126,1000,false,VB,002,26.000,1.000,1.988,1.496,1.000,4.750,6.536
000000000080000127,4000,false,VB,004,56.000,1.000,6.016,3.373,1.000,5.750,6.254
000000000010000566,1000,false,VB,010,11.000,2.000,2.478,1.752,1.458,8.750,7.386
000000000080000128,2000,false,VB,001,119.000,2.000,2.783,1.910,1.000,2.000,4.399
000000000010000567,3000,false,VB,001,46.000,0.000,0.714,0.439,1.000,2.250,3.612
000000000010000568,3000,false,VB,010,33.000,1.000,2.183,1.645,1.167,7.000,14.030
000000000010000568,1000,false,VB,009,33.000,0.000,9.733,6.409,2.125,12.750,22.563
000000000080000129,2000,false,VB,005,24.000,0.000,0.576,0.395,1.000,3.000,4.031
000000000010000569,4000,false,VB,001,37.000,2.000,34.191,8.785,15.000,90.000,54.412
000000000010000569,2000,false,VB,008,37.000,0.000,56.615,14.238,25.458,152.750,177.393
000000000010000570,2000,false,VB,008,133.000,1.000,3.400,1.177,1.000,3.500,6.245
000000000010000571,4000,false,VB,002,25.000,2.000,3.536,2.355,1.000,6.000,9.257
000000000010000571,2000,false,VB,005,25.000,1.000,1.296,0.657,1.083,6.500,4.754
000000000010000572,1000,false,VB,005,34.000,3.000,26.033,8.530,37.167,223.000,206.622
000000000010000573,3000,false,VB,010,82.000,3.000,3.379,1.791,1.000,2.000,3.379
000000000010000574,1000,false,VB,008,38.000,2.000,5.648,3.321,1.458,8.750,6.809
000000000010000575,2000,false,VB,006,56.000,3.000,4.619,2.820,1.125,6.750,12.084
000000000010000575,4000,false,VB,005,56.000,2.000,13.497,7.659,1.875,11.250,15.558
000000000010000576,4000,false,VB,002,10.000,0.000,0.614,0.421,1.000,5.000,3.288
000000000030000125,3000,false,PD,004,81.000,0.000,0.000,0.000,2.917,17.500,0.000
000000000030000125,1000,false,PD,007,81.000,3.000,0.000,0.000,1.000,6.000,0.000
000000000010000577,3000,false,VB,002,126.000,0.000,4.637,2.451,1.000,2.750,9.108
000000000080000130,1000,false,VB,004,18.000,1.000,1.578,1.146,1.000,5.500,5.988
000000000010000578,1000,false,VB,001,31.000,1.000,0.000,0.000,1.000,1.000,0.000
000000000010000579,2000,false,VB,004,114.000,2.000,4.632,3.144,1.000,2.500,8.134
000000000010000580,1000,false,VB,004,136.000,0.000,90.341,13.410,28.375,170.250,369.853
000000000030000126,1000,false,ND,007,149.000,3.000,0.000,0.000,1.125,6.750,0.000
000000000010000581,1000,false,VB,005,178.000,1.000,18.360,4.735,2.125,12.750,28.122
000000000010000582,1000,false,VB,002,137.000,3.000,266.292,29.483,38.250,229.500,542.491
000000000010000583,2000,false,VB,004,51.000,3.000,2.176,1.183,1.000,4.750,6.128
000000000010000584,4000,false,VB,007,40.000,1.000,8.845,2.665,7.875,47.250,29.131
000000000010000584,3000,false,VB,005,40.000,3.000,10.769,3.265,10.250,61.500,73.950
000000000010000585,2000,false,VB,004,35.000,3.000,74.939,20.539,37.875,227.250,289.990
000000000010000585,4000,false,VB,003,35.000,3.000,58.258,16.850,30.125,180.750,191.538
000000000010000586,3000,false,VB,008,40.000,0.000,2.317,1.303,1.000,3.500,4.152
000000000010000586,1000,false,VB,004,40.000,1.000,6.442,3.242,1.750,10.500,17.775
000000000030000127,2000,false,PD,004,37.000,1.000,0.000,0.000,1.875,11.250,0.000
000000000080000131,4000,false,VB,008,100.000,3.000,6.247,3.855,1.000,3.500,9.794
000000000080000131,3000,false,VB,004,100.000,2.000,7.243,4.443,1.000,5.000,16.936
000000000010000587,3000,false,VB,004,103.000,2.000,6.602,3.794,1.125,6.750,9.637
000000000010000587,4000,false,VB,006,103.000,2.000,3.592,2.013,1.000,4.000,7.852
000000000090000032,3000,false,ND,008,44.000,1.000,0.000,0.000,1.000,1.000,1.000
000000000090000032,2000,false,ND,004,44.000,1.000,0.000,0.000,1.000,1.000,1.000
000000000010000588,3000,false,VB,009,41.000,2.000,0.000,0.000,1.000,1.000,0.000
000000000080000132,3000,false,VB,003,24.000,3.000,4.778,2.648,1.917,11.500,9.066
000000000080000132,2000,false,VB,008,24.000,2.000,2.372,1.516,1.000,5.250,4.872
000000000010000589,1000,false,VB,010,42.000,1.000,13.397,2.513,10.292,61.750,69.613
000000000010000590,3000,false,VB,006,59.000,1.000,46.659,10.478,18.792,112.750,103.676
000000000030000128,4000,false,VB,007,56.000,3.000,7.960,5.581,1.000,4.750,9.560
000000000030000128,3000,false,ND,009,56.000,1.000,0.000,0.000,1.542,9.250,0.000
000000000030000129,2000,false,ND,006,150.000,3.000,0.000,0.000,2.000,12.000,0.000
000000000010000591,2000,false,VB,010,58.000,1.000,3.554,2.228,1.000,4.500,10.404
000000000010000591,1000,false,VB,009,58.000,3.000,9.638,6.080,2.208,13.250,18.904
000000000010000592,1000,false,VB,010,8.000,1.000,0.406,0.313,1.000,3.500,2.878
000000000080000133,4000,false,VB,008,17.000,1.000,2.263,1.772,1.000,4.250,3.936
000000000010000593,2000,false,VB,008,49.000,1.000,1.631,0.892,1.000,3.750,5.447
000000000010000594,2000,false,VB,008,150.000,0.000,109.252,12.468,24.083,144.500,149.085
000000000030000130,4000,false,ND,001,28.000,1.000,0.000,0.000,1.000,6.000,0.000
000000000030000130,2000,false,PD,007,28.000,3.000,0.000,0.000,1.000,5.500,0.000
000000000030000131,3000,false,PD,003,39.000,0.000,0.000,0.000,3.125,18.750,0.000
000000000010000595,3000,false,VB,004,130.000,2.000,0.000,0.000,1.000,1.000,0.000
000000000010000596,2000,false,VB,010,103.000,1.000,11.406,7.374,1.292,7.750,13.289
000000000030000132,1000,false,VB,002,105.000,1.000,19.081,9.597,1.667,10.000,19.081
000000000030000132,3000,false,ND,006,105.000,3.000,0.000,0.000,1.208,7.250,0.000
000000000010000597,1000,false,VB,003,40.000,1.000,0.000,0.000,1.000,1.000,0.000
000000000010000597,4000,false,VB,001,40.000,0.000,0.000,0.000,1.000,1.000,0.000
000000000030000133,4000,false,ND,005,55.000,1.000,0.000,0.000,1.542,9.250,0.000
000000000080000134,3000,false,VB,007,72.000,3.000,10.897,6.258,2.083,12.500,20.152
000000000010000598,4000,false,VB,008,106.000,3.000,42.114,5.804,17.250,103.500,189.581
000000000090000033,3000,false,ND,004,26.000,0.000,0.000,0.000,1.000,1.000,1.000
000000000030000134,2000,false,ND,002,31.000,0.000,0.000,0.000,2.000,12.000,0.000
000000000010000599,2000,false,VB,003,47.000,1.000,79.124,15.113,25.958,155.750,130.530
000000000010000600,2000,false,VB,007,102.000,2.000,80.224,18.226,19.958,119.750,262.725
000000000080000135,3000,false,VB,009,82.000,1.000,4.226,2.532,1.417,8.500,14.886
000000000080000135,4000,false,VB,004,82.000,2.000,18.735,11.171,2.583,15.500,35.828
000000000080000136,1000,false,VB,008,34.000,2.000,3.783,2.793,1.000,4.500,4.734
000000000080000136,4000,false,VB,004,34.000,3.000,3.055,2.037,1.000,5.750,8.905
000000000010000601,2000,false,VB,004,17.000,1.000,2.367,1.793,1.125,6.750,9.816
000000000010000602,4000,false,VB,004,81.000,3.000,86.030,19.041,21.042,126.250,171.825
000000000010000602,2000,false,VB,002,81.000,2.000,30.474,6.166,9.333,56.000,41.575
000000000010000603,2000,false,VB,006,85.000,3.000,1.278,0.813,1.000,1.000,1.604
000000000010000603,4000,false,VB,010,85.000,3.000,1.416,0.856,1.000,1.250,3.112
000000000010000604,4000,false,VB,003,52.000,2.000,0.000,0.000,1.000,1.000,0.000
000000000010000605,4000,false,VB,001,145.000,3.000,4.281,2.649,1.000,2.250,8.955
000000000010000605,2000,false,VB,002,145.000,3.000,10.637,6.075,1.625,9.750,40.247
000000000010000606,4000,false,VB,008,60.000,2.000,0.000,0.000,1.000,1.000,0.000
000000000010000607,1000,false,VB,001,45.000,0.000,1.335,1.008,1.000,2.000,3.389
000000000080000137,2000,false,VB,002,55.000,1.000,8.455,5.220,1.000,6.000,11.534
000000000080000138,1000,false,VB,002,22.000,3.000,3.423,2.644,1.000,3.750,5.290
000000000080000139,2000,false,VB,004,145.000,0.000,4.392,2.846,1.000,3.000,11.017
000000000080000139,1000,false,VB,005,145.000,3.000,16.616,10.274,1.000,5.000,16.616
000000000030000135,4000,false,ND,002,20.000,1.000,0.000,0.000,1.000,4.000,0.000
000000000010000608,1000,false,VB,007,182.000,1.000,11.731,4.795,1.000,4.500,12.877
000000000010000609,1000,false,VB,008,98.000,3.000,0.000,0.000,1.000,1.000,0.000
000000000010000609,2000,false,VB,001,98.000,2.000,0.000,0.000,1.000,1.000,0.000
000000000080000140,4000,false,VB,001,25.000,1.000,1.094,0.818,1.000,3.250,3.326
000000000010000610,4000,false,VB,005,74.000,2.000,4.863,3.480,1.000,2.000,5.103
000000000030000136,3000,false,PD,007,33.000,1.000,0.000,0.000,1.000,4.500,0.000
000000000080000141,1000,false,VB,010,22.000,0.000,1.766,1.329,1.000,2.750,4.618
000000000010000611,4000,false,VB,009,44.000,2.000,9.425,6.533,1.167,7.000,9.425
000000000010000612,4000,false,VB,002,140.000,0.000,21.201,11.202,1.208,7.250,21.201
000000000010000612,1000,false,VB,001,140.000,2.000,6.286,4.280,1.000,2.500,12.076
000000000080000142,3000,false,VB,009,33.000,0.000,2.880,2.081,1.000,4.500,5.923
000000000030000137,3000,false,PD,007,42.000,2.000,0.000,0.000,1.000,5.000,0.000
000000000010000613,3000,false,VB,002,147.000,0.000,6.331,3.313,1.292,7.750,18.853
000000000010000614,2000,false,VB,005,224.000,3.000,6.872,3.756,1.000,1.750,8.221
000000000010000615,3000,false,VB,002,46.000,2.000,5.537,2.447,1.625,9.750,9.310
000000000090000034,3000,false,ND,002,37.000,0.000,0.000,0.000,1.000,1.000,1.000
000000000090000034,1000,false,ND,008,37.000,2.000,0.000,0.000,1.000,1.000,1.000
000000000080000143,2000,false,VB,003,65.000,3.000,8.297,5.113,1.333,8.000,10.891
000000000010000616,2000,false,VB,007,57.000,0.000,6.062,2.733,2.333,14.000,21.975
000000000010000616,1000,false,VB,008,57.000,2.000,4.163,2.171,1.250,7.500,11.720
000000000010000617,1000,false,VB,006,54.000,2.000,1.021,0.659,1.000,1.750,3.231
000000000010000617,3000,false,VB,003,54.000,2.000,5.482,3.229,1.000,4.750,6.715
000000000080000144,2000,false,VB,009,59.000,3.000,7.785,3.228,2.625,15.750,17.807
000000000010000618,4000,false,VB,002,162.000,0.000,12.655,6.559,1.000,5.000,12.655
000000000010000618,3000,false,VB,002,162.000,2.000,4.910,2.339,1.000,6.000,18.933
000000000080000145,1000,false,VB,010,54.000,0.000,15.851,9.758,2.125,12.750,24.302
000000000030000138,4000,false,PD,003,57.000,3.000,0.000,0.000,1.292,7.750,0.000
000000000010000619,4000,false,VB,003,100.000,0.000,15.664,8.996,1.375,8.250,15.664
000000000010000620,1000,false,VB,006,18.000,3.000,0.000,0.000,1.000,1.000,0.000
000000000010000621,1000,false,VB,007,50.000,3.000,8.431,5.935,1.208,7.250,9.637
000000000010000622,1000,false,VB,007,18.000,1.000,1.648,1.188,1.000,5.000,5.828
000000000010000623,4000,false,VB,010,25.000,2.000,0.812,0.619,1.000,1.500,1.657
000000000010000624,2000,false,VB,004,124.000,3.000,47.474,10.727,19.583,117.500,214.461
000000000030000139,3000,false,PD,007,0.000,1.000,0.000,0.000,1.000,5.750,0.000
000000000010000625,3000,false,VB,005,15.000,2.000,3.358,2.153,1.917,11.500,15.048
000000000010000626,1000,false,VB,005,42.000,1.000,42.269,13.918,12.375,74.250,65.847
000000000010000627,2000,false,VB,002,64.000,2.000,2.702,1.516,1.000,2.000,3.742
000000000010000628,4000,false,VB,005,79.000,0.000,6.966,4.663,1.000,6.000,8.654
000000000090000035,2000,false,ND,005,17.000,0.000,0.000,0.000,1.000,1.000,1.000
000000000010000629,1000,false,VB,010,98.000,1.000,25.258,15.360,1.875,11.250,26.564
000000000010000629,4000,false,VB,006,98.000,2.000,13.221,7.342,1.208,7.250,19.369
000000000030000140,3000,false,ND,004,51.000,2.000,0.000,0.000,1.083,6.500,0.000
000000000010000630,1000,false,VB,010,85.000,2.000,13.521,8.487,1.750,10.500,22.736
000000000010000631,1000,false,VB,009,154.000,3.000,9.559,4.414,1.083,6.500,10.871
000000000080000146,1000,false,VB,003,118.000,0.000,16.527,9.821,1.500,9.000,19.597
000000000080000146,3000,false,VB,010,118.000,0.000,27.223,14.964,2.375,14.250,27.223
000000000030000141,3000,false,ND,010,38.000,2.000,0.000,0.000,1.000,4.250,0.000
000000000030000141,2000,false,ND,008,38.000,3.000,0.000,0.000,1.042,6.250,0.000
000000000080000147,2000,false,VB,003,50.000,3.000,2.385,1.650,1.000,4.000,7.091
000000000090000036,3000,false,ND,007,53.000,0.000,0.000,0.000,1.000,1.000,1.000
000000000090000036,2000,false,ND,007,53.000,3.000,0.000,0.000,1.000,1.000,1.000
000000000080000148,4000,false,VB,004,11.000,0.000,2.832,2.327,1.125,6.750,8.428
000000000010000632,1000,false,VB,001,58.000,2.000,0.000,0.000,1.000,1.000,0.000
000000000010000633,1000,false,VB,003,61.000,2.000,0.000,0.000,1.000,1.000,0.000
000000000010000633,4000,false,VB,002,61.000,2.000,0.811,0.674,1.000,1.000,2.103
000000000030000142,1000,false,PD,005,0.000,1.000,0.000,0.000,1.792,10.750,0.000
000000000030000142,4000,false,VB,002,44.000,1.000,1.404,0.907,1.000,3.250,3.553
000000000080000149,2000,false,VB,003,10.000,1.000,2.547,1.790,1.958,11.750,8.679
000000000030000143,2000,false,ND,009,111.000,0.000,0.000,0.000,1.417,8.500,0.000
000000000030000143,3000,false,PD,008,111.000,0.000,0.000,0.000,2.792,16.750,0.000
000000000010000634,1000,false,VB,008,60.000,3.000,6.263,3.427,1.000,5.500,10.924
000000000010000635,2000,false,VB,010,60.000,3.000,2.656,1.803,1.000,5.000,5.800
000000000090000037,3000,false,ND,004,47.000,1.000,0.000,0.000,1.000,1.000,1.000
000000000030000144,3000,false,ND,007,49.000,3.000,0.000,0.000,1.000,3.250,0.000
000000000010000636,1000,false,VB,007,14.000,1.000,0.887,0.705,1.000,1.750,1.271
000000000010000637,2000,false,VB,008,49.000,1.000,4.288,2.921,1.000,5.000,10.474
000000000010000638,1000,false,VB,002,114.000,1.000,109.232,22.301,18.958,113.750,143.290
000000000010000638,4000,false,VB,007,114.000,3.000,183.158,42.442,32.292,193.750,409.781
000000000010000639,1000,false,VB,010,39.000,2.000,5.140,3.661,1.417,8.500,13.649
000000000010000640,4000,false,VB,004,208.000,1.000,6.028,2.809,1.000,5.500,17.461
000000000010000641,2000,false,VB,005,51.000,2.000,3.619,1.987,1.750,10.500,13.914
000000000080000150,4000,false,VB,002,30.000,2.000,9.343,4.980,2.625,15.750,15.069
000000000010000642,2000,false,VB,008,136.000,3.000,116.211,24.155,39.417,236.500,375.488
000000000010000643,2000,false,VB,005,184.000,0.000,2.637,0.967,1.000,2.750,6.908
000000000080000151,1000,false,VB,005,55.000,3.000,4.406,2.891,1.000,3.000,7.399
000000000080000151,2000,false,VB,003,55.000,1.000,7.333,4.283,1.542,9.250,17.341
000000000010000644,1000,false,VB,009,50.000,2.000,54.835,12.763,15.000,90.000,119.964
000000000010000645,3000,false,VB,007,176.000,2.000,6.672,2.832,1.167,7.000,16.050
000000000030000145,3000,false,ND,001,8.000,3.000,0.000,0.000,1.000,4.500,0.000
000000000030000145,4000,false,ND,004,8.000,0.000,0.000,0.000,1.667,10.000,0.000
000000000010000646,3000,false,VB,003,16.000,0.000,2.227,1.783,1.000,3.000,4.206
000000000030000146,4000,false,PD,010,94.000,3.000,0.000,0.000,1.208,7.250,0.000
000000000010000647,2000,false,VB,002,27.000,0.000,2.158,1.507,1.833,11.000,8.731
000000000080000152,1000,false,VB,004,22.000,3.000,5.011,3.679,1.333,8.000,6.917
000000000010000648,1000,false,VB,007,122.000,2.000,4.471,1.592,1.000,3.500,4.471
000000000010000649,1000,false,VB,008,43.000,0.000,3.131,1.903,1.000,3.250,3.728
000000000010000650,4000,false,VB,004,70.000,0.000,140.037,33.965,27.708,166.250,230.228
000000000010000651,2000,false,VB,010,75.000,2.000,1.100,0.897,1.000,1.000,1.213
000000000010000652,4000,false,VB,009,52.000,2.000,3.321,2.289,1.000,4.250,6.957
000000000010000652,1000,false,VB,002,52.000,2.000,3.089,2.159,1.000,3.750,5.364
000000000010000653,3000,false,VB,001,7.000,1.000,10.894,5.263,15.958,95.750,82.091
000000000010000654,3000,false,VB,002,32.000,2.000,1.752,1.296,1.000,3.500,3.055
000000000010000654,1000,false,VB,008,32.000,3.000,2.353,1.485,1.000,4.000,5.841
000000000010000655,3000,false,VB,008,102.000,0.000,11.262,6.061,1.125,6.750,11.262
000000000010000656,4000,false,VB,010,19.000,1.000,4.324,2.758,1.625,9.750,6.110
000000000010000656,2000,false,VB,006,19.000,2.000,3.159,2.145,1.042,6.250,9.036
000000000010000657,3000,false,VB,008,11.000,3.000,14.886,4.777,19.917,119.500,120.648
000000000010000658,1000,false,VB,005,42.000,0.000,49.287,6.208,29.292,175.750,142.312
000000000010000659,3000,false,VB,007,123.000,0.000,5.548,3.379,1.000,2.500,7.307
000000000010000659,2000,false,VB,001,123.000,3.000,1.587,0.869,1.000,2.250,6.328
000000000010000660,3000,false,VB,007,95.000,1.000,18.285,11.294,1.667,10.000,19.330
000000000010000661,4000,false,VB,002,13.000,3.000,37.866,14.016,34.250,205.500,131.238
000000000010000662,1000,false,VB,001,24.000,0.000,0.453,0.312,1.000,1.750,2.644
000000000030000147,3000,false,ND,009,112.000,0.000,0.000,0.000,1.000,5.750,0.000
000000000030000148,2000,false,PD,006,35.000,1.000,0.000,0.000,1.708,10.250,0.000
000000000010000663,2000,false,VB,007,15.000,3.000,13.602,3.159,32.750,196.500,206.744
000000000010000664,3000,false,VB,001,55.000,3.000,52.214,12.290,29.292,175.750,258.527
000000000080000153,4000,false,VB,002,81.000,0.000,6.130,4.154,1.167,7.000,22.762
000000000010000665,3000,false,VB,008,43.000,3.000,0.783,0.521,1.000,1.000,2.151
000000000010000666,1000,false,VB,005,25.000,0.000,0.619,0.400,1.000,1.750,2.270
000000000030000149,2000,false,ND,002,138.000,0.000,0.000,0.000,1.708,10.250,0.000
000000000010000667,1000,false,VB,003,129.000,3.000,122.350,25.519,24.292,145.750,355.986
000000000010000667,3000,false,VB,007,129.000,1.000,190.013,42.968,31.958,191.750,316.900
000000000010000668,1000,false,VB,005,79.000,3.000,13.471,8.039,1.917,11.500,24.592
000000000080000154,4000,false,VB,004,32.000,1.000,2.682,1.532,1.000,4.500,6.173
000000000030000150,2000,false,PD,008,116.000,0.000,0.000,0.000,1.125,6.750,0.000
000000000010000669,3000,false,VB,010,30.000,2.000,2.351,1.707,1.000,4.250,7.798
000000000010000670,2000,false,VB,006,189.000,0.000,7.371,2.267,1.167,7.000,10.832
000000000030000151,3000,false,ND,005,72.000,3.000,0.000,0.000,1.042,6.250,0.000
000000000030000151,4000,false,PD,006,72.000,3.000,0.000,0.000,1.000,3.000,0.000
000000000080000155,4000,false,VB,005,54.000,1.000,3.104,1.954,1.000,4.000,5.917
000000000080000156,2000,false,VB,010,39.000,3.000,3.083,2.272,1.000,5.000,9.598
000000000080000156,4000,false,VB,005,39.000,0.000,13.204,8.401,2.292,13.750,13.204
000000000010000671,2000,false,VB,006,44.000,2.000,5.039,3.490,1.000,3.750,7.490
000000000010000672,3000,false,VB,005,153.000,0.000,16.513,7.293,1.167,7.000,19.586
000000000010000673,4000,false,VB,010,99.000,2.000,12.005,7.362,1.000,5.750,16.421
000000000010000674,4000,false,VB,008,91.000,0.000,59.616,13.165,20.333,122.000,242.421
000000000010000675,1000,false,VB,008,41.000,0.000,2.990,1.716,1.167,7.000,12.694
000000000010000675,4000,false,VB,006,41.000,3.000,3.168,1.659,1.000,3.750,6.235
000000000010000676,2000,false,VB,002,10.000,2.000,1.251,0.923,1.000,5.750,2.957
000000000080000157,4000,false,VB,002,93.000,2.000,13.873,9.606,1.000,5.250,18.831
000000000030000152,3000,false,PD,001,18.000,2.000,0.000,0.000,1.708,10.250,0.000
000000000030000152,2000,false,PD,009,18.000,3.000,0.000,0.000,1.833,11.000,0.000
000000000080000158,2000,false,VB,008,0.000,2.000,5.841,3.339,1.625,9.750,11.441
000000000080000158,1000,false,VB,002,53.000,1.000,6.218,3.952,1.000,5.500,6.218
000000000090000038,4000,false,ND,006,7.000,1.000,0.000,0.000,1.000,1.000,1.000
000000000090000038,3000,false,ND,001,7.000,2.000,0.000,0.000,1.000,1.000,1.000
000000000030000153,4000,false,ND,010,78.000,2.000,0.000,0.000,1.292,7.750,0.000
000000000010000677,1000,false,VB,001,45.000,3.000,3.575,2.209,1.000,4.500,9.206
000000000010000678,1000,false,VB,005,43.000,3.000,0.829,0.654,1.000,1.000,1.768
000000000010000679,1000,false,VB,001,30.000,0.000,4.004,3.180,1.000,6.000,6.668
000000000090000039,1000,false,ND,008,43.000,1.000,0.000,0.000,1.000,1.000,1.000
000000000080000159,2000,false,VB,010,48.000,3.000,9.012,5.993,1.250,7.500,12.071
000000000080000159,3000,false,VB,007,48.000,0.000,6.645,4.116,1.000,5.500,9.903
000000000010000680,3000,false,VB,004,141.000,3.000,6.015,2.736,1.042,6.250,18.086
000000000010000681,4000,false,VB,010,36.000,1.000,41.027,8.694,16.417,98.500,76.286
000000000010000681,2000,false,VB,009,36.000,0.000,35.754,6.809,23.000,138.000,101.971
000000000080000160,2000,false,VB,005,58.000,1.000,2.175,1.613,1.000,4.250,10.800
000000000030000154,2000,false,ND,008,54.000,2.000,0.000,0.000,1.250,7.500,0.000
000000000010000682,1000,false,VB,008,46.000,3.000,0.578,0.361,1.000,1.750,2.668
000000000010000683,2000,false,VB,007,119.000,2.000,51.637,11.737,23.375,140.250,140.592
000000000010000683,3000,false,VB,004,119.000,0.000,129.790,25.174,16.500,99.000,132.786
000000000080000161,1000,false,VB,001,7.000,0.000,0.716,0.554,1.042,6.250,3.992
000000000030000155,2000,false,ND,008,49.000,0.000,0.000,0.000,1.083,6.500,0.000
000000000030000155,4000,false,ND,003,49.000,2.000,0.000,0.000,1.000,5.000,0.000
000000000010000684,2000,false,VB,004,13.000,2.000,1.551,1.021,1.083,6.500,5.808
000000000080000162,2000,false,VB,008,48.000,3.000,0.841,0.375,1.000,4.250,4.466
000000000010000685,3000,false,VB,004,54.000,1.000,6.377,3.837,2.208,13.250,15.315
000000000030000156,3000,false,ND,004,22.000,1.000,0.000,0.000,1.000,6.000,0.000
000000000010000686,2000,false,VB,006,33.000,1.000,4.762,3.231,1.375,8.250,9.190
000000000090000040,2000,false,ND,008,21.000,0.000,0.000,0.000,1.000,1.000,1.000
000000000010000687,4000,false,VB,010,45.000,2.000,2.500,1.573,1.000,2.500,5.038
000000000080000163,2000,false,VB,001,16.000,3.000,4.943,3.727,1.750,10.500,6.787
000000000010000688,2000,false,VB,010,180.000,1.000,9.685,4.084,1.167,7.000,21.268
000000000080000164,4000,false,VB,009,53.000,3.000,9.666,6.228,1.833,11.000,20.347
000000000080000164,3000,false,VB,002,53.000,3.000,4.954,2.985,1.000,6.000,5.372
000000000080000165,3000,false,VB,001,35.000,1.000,12.275,8.406,1.958,11.750,12.275
000000000030000157,1000,false,ND,002,39.000,1.000,0.000,0.000,1.125,6.750,0.000
000000000080000166,1000,false,VB,010,39.000,2.000,3.510,2.447,1.000,5.750,10.329
000000000090000041,1000,false,ND,004,21.000,3.000,0.000,0.000,1.000,1.000,1.000
000000000090000041,2000,false,ND,005,21.000,0.000,0.000,0.000,1.000,1.000,1.000
000000000080000167,2000,false,VB,005,34.000,3.000,4.148,2.836,2.583,15.500,17.976
000000000010000689,1000,false,VB,003,133.000,2.000,24.799,14.878,1.458,8.750,27.944
000000000010000690,3000,false,VB,007,31.000,0.000,0.000,0.000,1.000,1.000,0.000
000000000010000691,3000,false,VB,001,57.000,2.000,46.252,9.733,14.292,85.750,83.948
000000000010000692,3000,false,VB,005,31.000,3.000,0.000,0.000,1.000,1.000,0.000
000000000010000693,1000,false,VB,006,69.000,1.000,49.338,9.364,14.417,86.500,68.070
000000000010000694,1000,false,VB,007,55.000,1.000,67.043,15.105,33.083,198.500,141.992
000000000010000694,4000,false,VB,007,55.000,3.000,63.048,15.222,36.042,216.250,330.434
000000000010000695,2000,false,VB,004,144.000,3.000,2.893,1.977,1.000,2.000,9.441
000000000010000695,1000,false,VB,007,144.000,3.000,2.052,1.339,1.000,1.250,3.590
000000000030000158,3000,false,PD,007,105.000,0.000,0.000,0.000,1.917,11.500,0.000
000000000030000158,4000,false,PD,008,105.000,2.000,0.000,0.000,2.208,13.250,0.000
000000000010000696,1000,false,VB,009,172.000,3.000,4.830,2.164,1.000,3.250,5.894
000000000010000697,2000,false,VB,001,30.000,0.000,8.370,5.969,1.708,10.250,15.470
000000000010000698,2000,false,VB,002,57.000,1.000,5.079,3.789,1.000,3.000,9.141
000000000010000699,2000,false,VB,009,44.000,1.000,4.669,3.265,1.000,5.500,5.144
000000000010000700,3000,false,VB,008,14.000,0.000,0.594,0.462,1.000,1.000,1.345
000000000010000701,2000,false,VB,007,112.000,2.000,0.000,0.000,1.000,1.000,0.000
000000000010000701,1000,false,VB,007,112.000,3.000,0.000,0.000,1.000,1.000,0.000
000000000010000702,1000,false,VB,006,41.000,3.000,0.000,0.000,1.000,1.000,0.000
000000000010000702,3000,false,VB,005,41.000,0.000,0.000,0.000,1.000,1.000,0.000
000000000010000703,4000,false,VB,005,34.000,3.000,4.048,2.342,1.250,7.500,10.919
000000000010000703,3000,false,VB,004,34.000,1.000,0.823,0.511,1.000,3.500,4.365
000000000010000704,1000,false,VB,003,38.000,1.000,32.184,6.758,37.542,225.250,162.859
000000000080000168,2000,false,VB,003,47.000,3.000,13.454,8.717,2.000,12.000,13.454
000000000010000705,1000,false,VB,010,31.000,2.000,0.000,0.000,1.000,1.000,0.000
000000000010000705,3000,false,VB,003,31.000,0.000,0.000,0.000,1.000,1.000,0.000
000000000010000706,2000,false,VB,007,131.000,0.000,2.902,1.643,1.000,2.250,7.612
000000000010000706,1000,false,VB,001,131.000,0.000,13.017,5.428,2.000,12.000,26.223
000000000030000159,3000,false,PD,001,19.000,3.000,0.000,0.000,1.000,4.250,0.000
000000000030000159,1000,false,ND,002,19.000,3.000,0.000,0.000,1.583,9.500,0.000
000000000010000707,4000,false,VB,003,87.000,1.000,14.158,7.490,1.542,9.250,15.303
000000000010000708,1000,false,VB,002,76.000,1.000,6.540,3.621,1.000,5.000,6.540
000000000010000709,3000,false,VB,008,104.000,1.000,214.139,41.402,28.750,172.500,214.139
000000000010000709,4000,false,VB,006,104.000,1.000,69.315,17.415,9.125,54.750,119.140
000000000010000710,4000,false,VB,006,29.000,2.000,45.413,11.102,33.292,199.750,245.280
000000000010000711,1000,false,VB,007,17.000,0.000,12.917,3.240,10.875,65.250,70.738
000000000030000160,4000,false,ND,001,54.000,2.000,0.000,0.000,1.000,4.250,0.000
000000000010000712,4000,false,VB,001,29.000,0.000,25.584,5.165,28.667,172.000,208.084
000000000010000713,1000,false,VB,003,30.000,1.000,0.000,0.000,1.000,1.000,0.000
000000000010000714,4000,false,VB,002,13.000,3.000,7.541,2.768,9.250,55.500,45.315
000000000010000715,1000,false,VB,002,13.000,3.000,5.189,2.227,10.667,64.000,29.142
000000000010000716,2000,false,VB,006,16.000,1.000,0.406,0.336,1.000,1.000,0.554
000000000010000716,1000,false,VB,001,16.000,3.000,0.458,0.364,1.000,1.000,0.763
000000000010000717,1000,false,VB,010,103.000,1.000,15.233,8.814,2.167,13.000,23.048
000000000010000718,3000,false,VB,008,29.000,0.000,6.488,3.982,1.500,9.000,10.684
000000000080000169,1000,false,VB,010,34.000,3.000,2.914,1.517,1.750,10.500,8.196
000000000010000719,1000,false,VB,009,27.000,3.000,33.607,8.497,33.292,199.750,187.902
000000000010000720,2000,false,VB,003,12.000,2.000,2.322,1.614,1.000,6.000,5.303
000000000010000720,4000,false,VB,001,12.000,3.000,0.401,0.305,1.000,2.000,2.383
000000000010000721,2000,false,VB,009,44.000,0.000,20.086,3.371,17.167,103.000,128.293
000000000010000722,2000,false,VB,008,60.000,3.000,4.082,2.646,1.000,5.000,12.780
000000000010000723,1000,false,VB,008,149.000,3.000,30.349,14.985,2.125,12.750,30.349
000000000030000161,2000,false,PD,008,105.000,0.000,0.000,0.000,1.000,2.500,0.000
000000000010000724,1000,false,VB,007,8.000,2.000,13.894,6.412,20.917,125.500,96.029
000000000010000724,4000,false,VB,010,8.000,1.000,11.253,5.419,23.375,140.250,131.725
000000000030000162,1000,false,ND,010,29.000,3.000,0.000,0.000,2.792,16.750,0.000
000000000030000162,3000,false,ND,003,29.000,1.000,0.000,0.000,1.375,8.250,0.000
000000000090000042,3000,false,ND,010,9.000,0.000,0.000,0.000,1.000,1.000,1.000
000000000030000163,2000,false,PD,007,56.000,3.000,0.000,0.000,1.000,5.000,0.000
000000000010000725,4000,false,VB,003,59.000,1.000,65.927,10.588,24.083,144.500,155.467
000000000010000726,3000,false,VB,008,46.000,0.000,16.933,3.700,8.583,51.500,73.019
000000000030000164,1000,false,PD,003,23.000,2.000,0.000,0.000,1.000,4.250,0.000
000000000010000727,1000,false,VB,002,147.000,0.000,26.623,13.003,2.000,12.000,26.623
000000000010000727,4000,false,VB,010,147.000,1.000,6.548,3.121,1.000,4.250,8.686
000000000090000043,1000,false,ND,010,44.000,2.000,0.000,0.000,1.000,1.000,1.000
000000000010000728,4000,false,VB,004,118.000,3.000,29.502,16.350,2.167,13.000,42.411
000000000080000170,2000,false,VB,009,14.000,0.000,2.770,1.942,2.292,13.750,17.247
000000000080000170,4000,false,VB,007,14.000,3.000,4.260,3.159,1.667,10.000,12.135
000000000010000729,2000,false,VB,003,12.000,1.000,0.000,0.000,1.000,1.000,0.000
000000000080000171,3000,false,VB,005,30.000,3.000,2.790,1.521,1.167,7.000,8.579
000000000030000165,3000,false,PD,002,82.000,1.000,0.000,0.000,2.292,13.750,0.000
000000000010000730,1000,false,VB,009,53.000,2.000,0.000,0.000,1.000,1.000,0.000
000000000010000731,2000,false,VB,007,149.000,2.000,83.477,18.446,8.792,52.750,146.529
000000000010000731,4000,false,VB,003,149.000,2.000,100.468,19.737,19.458,116.750,185.016
000000000010000732,2000,false,VB,007,18.000,0.000,2.388,1.543,1.458,8.750,6.593
000000000010000733,1000,false,VB,006,72.000,0.000,97.042,19.771,24.375,146.250,212.746
000000000010000734,2000,false,VB,002,222.000,1.000,13.901,6.961,1.000,4.500,18.478
000000000010000735,2000,false,VB,002,102.000,2.000,8.224,3.691,1.500,9.000,11.858
000000000010000736,2000,false,VB,005,102.000,2.000,105.000,16.443,15.083,90.500,105.000
000000000010000736,4000,false,VB,008,102.000,0.000,186.742,29.247,29.833,179.000,374.138
000000000010000737,3000,false,VB,007,97.000,0.000,66.138,12.727,17.292,103.750,131.207
000000000080000172,2000,false,VB,002,48.000,2.000,2.557,1.396,1.042,6.250,7.168
000000000080000172,3000,false,VB,003,48.000,3.000,5.664,3.434,1.042,6.250,13.088
000000000080000173,1000,false,VB,009,60.000,1.000,3.725,2.299,1.000,4.500,7.682
000000000090000044,2000,false,ND,006,19.000,2.000,0.000,0.000,1.000,1.000,1.000
000000000030000166,2000,false,ND,008,8.000,2.000,0.000,0.000,1.000,4.000,0.000
000000000010000738,4000,false,VB,007,55.000,3.000,4.890,2.869,1.000,6.000,8.974
000000000010000739,3000,false,VB,002,113.000,1.000,7.379,3.144,1.000,4.750,12.316
000000000010000739,4000,false,VB,004,113.000,3.000,8.218,3.663,1.667,10.000,25.627
000000000010000740,4000,false,VB,006,86.000,2.000,61.298,8.344,22.125,132.750,120.892
000000000010000740,2000,false,VB,007,86.000,0.000,67.530,8.846,34.875,209.250,202.166
000000000010000741,1000,false,VB,009,122.000,2.000,19.283,12.394,1.000,5.750,19.283
000000000010000741,3000,false,VB,005,0.000,1.000,9.705,6.680,1.000,3.750,15.743
000000000080000174,1000,false,VB,006,31.000,0.000,6.005,3.069,2.542,15.250,17.663
000000000080000174,2000,false,VB,007,31.000,3.000,2.387,1.350,1.208,7.250,7.380
000000000010000742,1000,false,VB,004,240.000,2.000,16.839,5.055,1.083,6.500,21.402
000000000010000743,3000,false,VB,002,144.000,0.000,24.870,11.768,3.083,18.500,62.495
000000000010000744,2000,false,VB,008,179.000,1.000,4.758,2.510,1.000,2.250,4.872
000000000030000167,1000,false,PD,008,35.000,1.000,0.000,0.000,1.292,7.750,0.000
000000000010000745,2000,false,VB,003,104.000,2.000,5.511,3.953,1.000,2.000,5.511
000000000010000746,3000,false,VB,010,136.000,3.000,171.803,23.481,28.875,173.250,390.262
000000000010000747,3000,false,VB,002,60.000,3.000,8.401,4.563,2.375,14.250,25.184
000000000010000747,4000,false,VB,004,60.000,1.000,17.886,10.289,2.333,14.000,18.033
000000000010000748,1000,false,VB,002,51.000,2.000,20.543,4.103,7.375,44.250,50.866
000000000030000168,2000,false,ND,008,36.000,2.000,0.000,0.000,1.375,8.250,0.000
000000000030000169,4000,false,ND,008,43.000,2.000,0.000,0.000,1.000,6.000,0.000
000000000030000169,1000,false,PD,005,43.000,2.000,0.000,0.000,2.417,14.500,0.000
000000000010000749,3000,false,VB,009,125.000,2.000,7.557,5.277,1.000,2.000,9.416
000000000030000170,3000,false,ND,001,135.000,2.000,0.000,0.000,2.042,12.250,0.000
000000000080000175,4000,false,VB,010,40.000,1.000,2.727,1.942,1.250,7.500,12.552
000000000010000750,3000,false,VB,007,149.000,2.000,6.361,2.553,1.000,4.000,10.880
000000000080000176,3000,false,VB,007,95.000,3.000,16.339,9.732,2.167,13.000,40.336
000000000080000176,2000,false,VB,004,95.000,2.000,17.335,10.855,1.417,8.500,19.941
000000000010000751,2000,false,VB,003,59.000,2.000,0.000,0.000,1.000,1.000,0.000
000000000010000752,4000,false,VB,001,7.000,2.000,0.000,0.000,1.000,1.000,0.000
000000000010000753,4000,false,VB,004,19.000,2.000,28.895,7.480,27.667,166.000,163.079
000000000010000753,1000,false,VB,002,19.000,0.000,26.727,7.483,31.000,186.000,141.216
000000000010000754,2000,false,VB,001,61.000,2.000,0.000,0.000,1.000,1.000,0.000
000000000030000171,2000,false,ND,009,49.000,3.000,0.000,0.000,1.000,5.500,0.000
000000000030000171,4000,false,PD,010,49.000,1.000,0.000,0.000,1.000,5.750,0.000
000000000010000755,3000,false,VB,002,48.000,1.000,0.000,0.000,1.000,1.000,0.000
000000000010000756,3000,false,VB,005,183.000,1.000,8.060,2.655,1.000,3.250,9.931
000000000010000757,4000,false,VB,010,13.000,0.000,0.000,0.000,1.000,1.000,0.000
000000000080000177,3000,false,VB,009,128.000,2.000,26.292,14.328,1.667,10.000,26.292
000000000080000177,2000,false,VB,003,128.000,1.000,3.628,2.003,1.000,5.250,12.368
000000000080000178,3000,false,VB,008,55.000,2.000,7.369,4.759,1.125,6.750,11.504
000000000010000758,2000,false,VB,007,155.000,3.000,9.634,4.034,1.000,3.750,9.634
000000000010000759,3000,false,VB,004,125.000,1.000,7.765,4.521,1.000,4.000,7.765
000000000030000172,1000,false,ND,003,56.000,1.000,0.000,0.000,2.208,13.250,0.000
000000000010000760,3000,false,VB,006,49.000,3.000,8.394,5.745,1.042,6.250,12.299
000000000010000761,1000,false,VB,001,184.000,3.000,12.574,5.790,1.000,6.000,22.497
000000000080000179,4000,false,VB,004,20.000,3.000,2.301,1.516,1.000,4.000,2.695
000000000080000179,3000,false,VB,008,20.000,2.000,1.802,1.213,1.083,6.500,8.432
000000000010000762,4000,false,VB,003,38.000,2.000,10.585,6.035,3.417,20.500,35.211
000000000080000180,3000,false,VB,006,9.000,2.000,3.065,2.494,1.542,9.250,12.625
000000000010000763,4000,false,VB,004,239.000,1.000,12.371,5.045,1.000,3.250,13.412
000000000010000763,1000,false,VB,008,239.000,3.000,15.770,7.751,1.000,4.500,15.770
000000000080000181,4000,false,VB,008,13.000,3.000,2.195,1.655,1.042,6.250,6.954
000000000010000764,1000,false,VB,006,27.000,0.000,3.090,1.891,1.292,7.750,7.195
000000000010000764,3000,false,VB,007,27.000,2.000,9.487,5.164,2.708,16.250,20.986
000000000010000765,3000,false,VB,003,0.000,3.000,8.371,5.875,2.208,13.250,18.553
000000000010000766,2000,false,VB,007,56.000,1.000,49.279,7.960,27.125,162.750,216.835
000000000010000767,2000,false,VB,002,144.000,2.000,0.000,0.000,1.000,1.000,0.000
000000000080000182,1000,false,VB,005,50.000,3.000,3.133,1.910,1.125,6.750,8.630
000000000030000173,2000,false,PD,005,96.000,2.000,0.000,0.000,1.583,9.500,0.000
000000000010000768,1000,false,VB,003,40.000,0.000,7.776,5.627,1.625,9.750,17.133
000000000010000769,2000,false,VB,007,57.000,3.000,5.223,3.430,1.000,3.500,7.902
000000000010000770,4000,false,VB,009,51.000,3.000,112.036,30.039,40.292,241.750,346.745
000000000030000174,4000,false,PD,002,123.000,3.000,0.000,0.000,1.000,3.000,0.000
000000000010000771,1000,false,VB,010,75.000,3.000,4.684,3.102,1.375,8.250,22.171
000000000030000175,4000,false,PD,005,20.000,1.000,0.000,0.000,1.000,4.750,0.000
000000000030000175,3000,false,PD,010,20.000,2.000,0.000,0.000,1.542,9.250,0.000
000000000010000772,1000,false,VB,006,95.000,2.000,2.304,1.357,1.000,3.750,11.794
000000000010000773,3000,false,VB,007,131.000,1.000,2.446,0.946,1.000,3.000,8.793
000000000010000774,4000,false,VB,003,16.000,1.000,0.815,0.631,1.000,3.500,4.675
000000000010000775,4000,false,VB,004,140.000,2.000,5.580,1.899,1.167,7.000,18.397
000000000010000776,1000,false,VB,010,21.000,2.000,0.000,0.000,1.000,1.000,0.000
000000000080000183,2000,false,VB,001,12.000,0.000,1.682,1.163,1.000,5.750,5.767
000000000010000777,4000,false,VB,004,222.000,0.000,15.890,4.619,1.167,7.000,15.890
000000000080000184,4000,false,VB,005,45.000,1.000,5.431,3.799,1.000,5.000,11.248
000000000010000778,1000,false,VB,010,97.000,2.000,27.309,4.557,17.500,105.000,138.131
000000000010000779,4000,false,VB,005,119.000,1.000,24.157,13.410,1.625,9.750,30.127
000000000090000045,2000,false,ND,006,34.000,2.000,0.000,0.000,1.000,1.000,1.000
000000000010000780,1000,false,VB,008,86.000,2.000,5.166,3.200,1.000,3.250,5.166
000000000010000781,2000,false,VB,003,98.000,1.000,13.545,6.739,1.708,10.250,27.012
000000000010000782,2000,false,VB,008,52.000,3.000,1.611,1.151,1.000,1.250,3.331
000000000010000783,4000,false,VB,007,53.000,0.000,1.255,0.639,1.000,2.250,4.127
000000000030000176,4000,false,PD,001,12.000,1.000,0.000,0.000,1.000,2.250,0.000
000000000010000784,1000,false,VB,007,47.000,1.000,29.030,4.170,15.875,95.250,111.984
000000000080000185,1000,false,VB,010,109.000,0.000,16.703,7.903,1.917,11.500,27.417
000000000010000785,2000,false,VB,006,139.000,1.000,2.869,1.971,1.000,1.000,4.190
000000000010000786,2000,false,VB,010,74.000,0.000,8.546,5.437,1.000,4.500,8.679
000000000010000787,1000,false,VB,001,35.000,1.000,6.242,3.952,1.208,7.250,10.827
000000000010000788,3000,false,VB,010,59.000,1.000,45.216,11.595,35.750,214.500,311.872
000000000010000788,2000,false,VB,001,59.000,3.000,13.521,2.789,13.000,78.000,82.146
000000000010000789,4000,false,VB,005,58.000,0.000,0.000,0.000,1.000,1.000,0.000
000000000030000177,1000,false,PD,002,82.000,2.000,0.000,0.000,1.000,5.750,0.000
000000000010000790,2000,false,VB,006,48.000,0.000,0.750,0.426,1.000,1.750,1.535
000000000010000791,4000,false,VB,001,10.000,3.000,0.219,0.189,1.000,1.000,0.474
000000000010000792,3000,false,VB,002,33.000,2.000,1.194,0.871,1.000,1.500,1.755
000000000010000793,2000,false,VB,004,148.000,2.000,39.716,21.103,2.292,13.750,40.584
000000000030000178,4000,false,PD,004,33.000,3.000,0.000,0.000,1.000,3.250,0.000
000000000030000178,3000,false,PD,005,33.000,1.000,0.000,0.000,2.667,16.000,0.000
000000000010000794,1000,false,VB,002,91.000,0.000,9.993,5.570,1.000,5.750,12.334
000000000010000795,4000,false,VB,005,58.000,1.000,3.518,1.937,1.500,9.000,12.726
000000000010000795,3000,false,VB,008,58.000,0.000,4.414,2.658,1.000,3.500,6.976
000000000090000046,2000,false,ND,005,21.000,2.000,0.000,0.000,1.000,1.000,1.000
000000000010000796,3000,false,VB,007,123.000,3.000,31.320,4.584,14.625,87.750,194.344
000000000010000797,1000,false,VB,003,85.000,3.000,0.000,0.000,1.000,1.000,0.000
000000000010000797,3000,false,VB,007,85.000,0.000,0.000,0.000,1.000,1.000,0.000
000000000010000798,1000,false,VB,006,10.000,0.000,30.453,10.473,39.500,237.000,187.303
000000000030000179,1000,false,ND,007,54.000,1.000,0.000,0.000,1.000,5.500,0.000
000000000030000180,3000,false,PD,005,93.000,3.000,0.000,0.000,1.583,9.500,0.000
000000000030000181,4000,false,ND,003,21.000,2.000,0.000,0.000,1.000,5.000,0.000
000000000030000182,3000,false,PD,005,0.000,1.000,0.000,0.000,1.000,4.750,0.000
000000000010000799,4000,false,VB,009,20.000,0.000,0.259,0.193,1.000,1.000,1.306
000000000010000799,3000,false,VB,008,20.000,2.000,0.599,0.415,1.000,1.500,1.446
000000000010000800,4000,false,VB,002,47.000,0.000,3.280,2.680,1.000,1.500,4.292
000000000010000801,4000,false,VB,001,22.000,2.000,0.000,0.000,1.000,1.000,0.000
000000000010000802,2000,false,VB,005,37.000,0.000,32.117,7.080,16.750,100.500,77.053
000000000010000803,2000,false,VB,010,140.000,0.000,6.160,3.348,1.000,2.500,9.727
000000000010000803,4000,false,VB,008,140.000,2.000,2.337,1.201,1.000,1.500,4.162
000000000010000804,2000,false,VB,007,98.000,2.000,0.000,0.000,1.000,1.000,0.000
000000000010000805,1000,false,VB,002,16.000,3.000,0.749,0.540,1.000,4.250,3.051
000000000010000805,4000,false,VB,010,16.000,1.000,1.048,0.858,1.000,3.750,5.473
000000000010000806,4000,false,VB,006,9.000,2.000,3.949,2.982,1.917,11.500,8.072
000000000010000807,2000,false,VB,001,10.000,2.000,1.179,0.889,1.000,4.000,3.734
000000000010000808,2000,false,VB,008,82.000,1.000,61.764,12.992,13.917,83.500,129.394
000000000010000808,4000,false,VB,008,82.000,3.000,32.860,6.642,19.917,119.500,160.708
000000000010000809,2000,false,VB,008,146.000,3.000,14.243,8.385,1.458,8.750,16.691
000000000010000809,4000,false,VB,008,146.000,3.000,15.992,8.231,2.417,14.500,40.433
000000000080000186,3000,false,VB,010,10.000,2.000,2.323,1.697,1.708,10.250,5.146
000000000010000810,4000,false,VB,005,17.000,0.000,18.625,6.739,35.292,211.750,100.906
000000000010000811,1000,false,VB,008,60.000,3.000,1.576,1.069,1.000,3.250,6.200
000000000030000183,1000,false,ND,009,16.000,1.000,0.000,0.000,1.000,5.500,0.000
000000000010000812,1000,false,VB,009,55.000,0.000,144.647,20.775,38.292,229.750,343.234
000000000030000184,2000,false,ND,001,23.000,3.000,0.000,0.000,2.167,13.000,0.000
000000000010000813,1000,false,VB,001,96.000,3.000,74.124,13.051,26.542,159.250,199.277
000000000010000814,2000,false,VB,010,27.000,3.000,1.312,0.727,1.000,4.500,3.288
000000000030000185,3000,false,PD,006,102.000,1.000,0.000,0.000,1.042,6.250,0.000
000000000010000815,2000,false,VB,003,129.000,2.000,47.364,8.329,19.500,117.000,279.857
000000000080000187,3000,false,VB,009,37.000,1.000,1.797,0.946,1.000,5.250,4.454
000000000010000816,4000,false,VB,003,9.000,1.000,1.930,1.411,1.042,6.250,3.234
000000000010000817,4000,false,VB,010,42.000,1.000,8.966,4.726,1.750,10.500,17.809
000000000010000817,1000,false,VB,007,42.000,1.000,3.949,2.330,1.083,6.500,5.355
000000000080000188,4000,false,VB,004,102.000,0.000,23.555,14.304,1.667,10.000,26.993
000000000030000186,2000,false,ND,009,75.000,2.000,0.000,0.000,1.000,5.000,0.000
000000000010000818,2000,false,VB,006,49.000,1.000,1.801,1.307,1.000,4.500,7.752
000000000010000819,3000,false,VB,009,17.000,1.000,4.777,3.475,1.417,8.500,11.011
000000000010000820,1000,false,VB,001,42.000,3.000,1.704,1.176,1.000,1.750,1.814
000000000010000820,4000,false,VB,005,42.000,1.000,1.942,1.341,1.000,1.750,2.717
000000000010000821,2000,false,VB,001,45.000,1.000,24.081,5.090,10.708,64.250,69.194
000000000010000821,3000,false,VB,010,45.000,3.000,36.279,5.351,37.833,227.000,130.141
000000000010000822,3000,false,VB,002,42.000,2.000,0.236,0.177,1.000,1.000,0.538
000000000010000823,2000,false,VB,001,38.000,0.000,5.385,2.860,1.875,11.250,10.461
000000000030000187,3000,false,ND,005,67.000,1.000,0.000,0.000,1.208,7.250,0.000
000000000030000187,1000,false,ND,007,0.000,2.000,0.000,0.000,1.000,6.000,0.000
000000000080000189,1000,false,VB,001,15.000,1.000,0.922,0.725,1.000,5.000,6.107
000000000080000189,2000,false,VB,005,15.000,1.000,2.189,1.707,1.042,6.250,8.896
000000000010000824,1000,false,VB,005,97.000,1.000,16.467,10.279,1.542,9.250,19.962
000000000010000824,4000,false,VB,001,97.000,3.000,9.227,5.501,1.333,8.000,25.075
000000000010000825,1000,false,VB,001,57.000,0.000,0.000,0.000,1.000,1.000,0.000
000000000010000825,4000,false,VB,008,57.000,0.000,0.000,0.000,1.000,1.000,0.000
000000000010000826,4000,false,VB,002,82.000,1.000,115.699,15.420,35.375,212.250,333.039
000000000010000826,1000,false,VB,009,82.000,3.000,46.635,9.169,19.708,118.250,182.431
000000000030000188,3000,false,ND,007,14.000,0.000,0.000,0.000,1.000,2.000,0.000
000000000010000827,2000,false,VB,008,209.000,2.000,9.477,2.645,1.000,3.750,14.074
000000000080000190,4000,false,VB,007,22.000,1.000,1.172,0.764,1.000,3.250,2.667
000000000010000828,3000,false,VB,002,163.000,1.000,11.078,3.793,1.625,9.750,30.888
000000000010000829,1000,false,VB,004,59.000,3.000,6.970,3.154,1.833,11.000,19.951
000000000010000830,2000,false,VB,001,135.000,3.000,9.120,5.471,1.000,3.250,9.120
000000000080000191,4000,false,VB,002,150.000,0.000,9.526,5.449,1.000,5.000,19.428
000000000030000189,2000,false,PD,009,91.000,0.000,0.000,0.000,1.000,1.500,0.000
000000000030000189,3000,false,PD,008,91.000,0.000,0.000,0.000,1.667,10.000,0.000
000000000010000831,3000,false,VB,001,48.000,3.000,1.183,0.855,1.000,2.500,6.029
000000000010000831,1000,false,VB,003,48.000,2.000,0.658,0.493,1.000,1.000,1.544
000000000010000832,3000,false,VB,007,20.000,3.000,0.194,0.150,1.000,1.000,1.126
000000000010000832,4000,false,VB,010,20.000,3.000,0.521,0.404,1.000,1.500,2.263
000000000090000047,1000,false,ND,006,14.000,3.000,0.000,0.000,1.000,1.000,1.000
000000000010000833,3000,false,VB,010,134.000,1.000,148.712,30.654,35.250,211.500,398.040
000000000010000834,4000,false,VB,009,27.000,0.000,2.711,2.023,1.667,10.000,13.451
000000000090000048,1000,false,ND,005,20.000,1.000,0.000,0.000,1.000,1.000,1.000
000000000030000190,1000,false,ND,009,117.000,0.000,0.000,0.000,1.000,5.000,0.000
000000000010000835,2000,false,VB,003,102.000,1.000,4.855,3.283,1.000,2.500,8.000
000000000010000836,3000,false,VB,003,93.000,2.000,14.217,9.523,1.167,7.000,23.739
000000000030000191,2000,false,PD,006,60.000,0.000,0.000,0.000,1.000,3.250,0.000
000000000030000192,4000,false,ND,009,0.000,3.000,0.000,0.000,1.500,9.000,0.000
000000000030000192,1000,false,PD,003,129.000,0.000,0.000,0.000,1.000,4.000,0.000
000000000010000837,1000,false,VB,002,135.000,3.000,3.376,2.330,1.000,1.000,4.526
000000000010000837,2000,false,VB,003,135.000,1.000,1.933,1.276,1.000,1.250,5.633
000000000010000838,2000,false,VB,001,217.000,2.000,16.235,7.144,1.000,6.000,16.235
000000000010000839,4000,false,VB,008,47.000,1.000,0.870,0.543,1.000,1.250,2.002
000000000010000839,1000,false,VB,007,47.000,2.000,0.448,0.267,1.000,1.500,2.699
000000000010000840,4000,false,VB,009,22.000,0.000,2.023,1.360,1.250,7.500,7.164
000000000010000841,3000,false,VB,007,114.000,1.000,0.000,0.000,1.000,1.000,0.000
000000000010000841,4000,false,VB,007,114.000,0.000,0.000,0.000,1.000,1.000,0.000
000000000010000842,1000,false,VB,010,51.000,0.000,37.592,8.609,31.333,188.000,210.389
000000000010000842,3000,false,VB,007,51.000,0.000,34.565,7.848,31.750,190.500,139.233
000000000080000192,1000,false,VB,005,0.000,2.000,3.851,3.099,1.833,11.000,10.922
000000000030000193,1000,false,PD,010,22.000,0.000,0.000,0.000,1.000,4.000,0.000
000000000030000194,1000,false,ND,001,17.000,2.000,0.000,0.000,1.000,6.000,0.000
000000000010000843,2000,false,VB,004,124.000,3.000,7.572,3.701,1.000,3.250,7.572
000000000010000843,4000,false,VB,006,124.000,3.000,5.224,2.881,1.000,2.500,7.452
000000000010000844,3000,false,VB,006,40.000,2.000,2.933,1.515,1.000,5.250,4.525
000000000080000193,1000,false,VB,006,27.000,0.000,3.567,2.614,1.000,5.000,5.486
000000000010000845,2000,false,VB,009,34.000,2.000,1.870,1.078,1.667,10.000,11.059
000000000010000845,3000,false,VB,003,34.000,0.000,1.803,1.215,1.000,4.000,6.016
000000000030000195,3000,false,ND,005,17.000,3.000,0.000,0.000,1.625,9.750,0.000
000000000010000846,2000,false,VB,010,38.000,1.000,0.000,0.000,1.000,1.000,0.000
000000000010000846,1000,false,VB,008,38.000,2.000,0.000,0.000,1.000,1.000,0.000
000000000010000847,3000,false,VB,007,0.000,3.000,4.424,3.091,1.833,11.000,7.094
000000000080000194,3000,false,VB,001,11.000,2.000,1.887,1.360,1.917,11.500,13.431
000000000080000194,1000,false,VB,004,11.000,0.000,2.438,1.581,1.875,11.250,9.544
000000000080000195,3000,false,VB,001,70.000,0.000,1.451,0.934,1.000,3.250,9.198
000000000010000848,3000,false,VB,004,42.000,2.000,1.568,0.967,1.083,6.500,5.315
000000000010000849,1000,false,VB,006,39.000,2.000,2.041,1.425,1.000,1.750,2.161
000000000080000196,3000,false,VB,005,58.000,2.000,8.384,5.734,1.250,7.500,11.513
000000000080000196,2000,false,VB,004,58.000,0.000,18.076,10.028,2.792,16.750,25.622
000000000010000850,4000,false,VB,005,76.000,0.000,5.941,2.631,1.250,7.500,11.519
000000000010000850,2000,false,VB,001,76.000,3.000,7.249,3.175,1.000,5.500,8.229
000000000080000197,1000,false,VB,001,109.000,1.000,25.958,14.595,2.333,14.000,41.308
000000000010000851,3000,false,VB,008,48.000,1.000,3.082,1.928,1.583,9.500,18.962
000000000010000851,2000,false,VB,009,48.000,2.000,11.895,7.366,1.625,9.750,11.895
000000000010000852,1000,false,VB,002,148.000,0.000,14.821,7.549,1.667,10.000,28.487
000000000010000852,4000,false,VB,007,148.000,1.000,14.983,8.482,1.000,5.000,14.983
000000000010000853,1000,false,VB,010,177.000,2.000,8.046,3.240,1.250,7.500,15.379
000000000010000854,4000,false,VB,004,105.000,3.000,141.524,28.251,30.250,181.500,390.227
000000000010000854,1000,false,VB,010,105.000,0.000,60.898,10.750,20.333,122.000,253.033
000000000010000855,4000,false,VB,003,36.000,2.000,1.894,1.117,1.167,7.000,12.079
000000000010000856,1000,false,VB,003,27.000,0.000,0.000,0.000,1.000,1.000,0.000
000000000090000049,2000,false,ND,010,27.000,1.000,0.000,0.000,1.000,1.000,1.000
000000000090000049,4000,false,ND,007,27.000,1.000,0.000,0.000,1.000,1.000,1.000
000000000010000857,2000,false,VB,009,20.000,2.000,0.546,0.379,1.000,1.500,1.066
000000000010000857,1000,false,VB,007,20.000,1.000,0.713,0.495,1.000,1.500,1.398
000000000010000858,1000,false,VB,001,60.000,3.000,1.180,0.702,1.000,2.500,3.433
000000000010000858,4000,false,VB,004,60.000,2.000,0.421,0.330,1.000,1.000,0.577
000000000010000859,1000,false,VB,004,144.000,1.000,6.464,4.159,1.000,4.000,9.699
000000000010000859,2000,false,VB,010,144.000,3.000,14.838,8.022,1.458,8.750,15.985
000000000010000860,3000,false,VB,008,129.000,3.000,6.499,3.562,1.000,6.000,11.992
000000000010000860,1000,false,VB,006,129.000,2.000,19.937,12.756,1.000,5.750,19.937
000000000010000861,3000,false,VB,010,51.000,3.000,4.145,2.241,1.000,5.500,5.850
000000000030000196,3000,false,ND,004,62.000,3.000,0.000,0.000,1.000,6.000,0.000
000000000010000862,4000,false,VB,009,30.000,0.000,5.243,3.340,2.083,12.500,11.187
000000000010000863,4000,false,VB,003,37.000,2.000,0.791,0.634,1.000,1.000,1.976
000000000010000863,3000,false,VB,001,0.000,1.000,0.494,0.348,1.000,1.750,1.460
000000000010000864,4000,false,VB,002,77.000,1.000,4.829,2.598,1.000,4.000,8.769
000000000010000864,3000,false,VB,010,77.000,3.000,1.447,0.892,1.000,1.250,1.857
000000000080000198,2000,false,VB,002,13.000,2.000,2.809,2.167,1.042,6.250,6.940
000000000010000865,1000,false,VB,001,60.000,3.000,45.186,10.757,23.125,138.750,131.279
000000000010000865,4000,false,VB,004,60.000,3.000,60.698,15.183,33.417,200.500,277.351
000000000080000199,2000,false,VB,007,13.000,2.000,1.048,0.739,1.167,7.000,4.278
000000000010000866,2000,false,VB,002,7.000,1.000,0.442,0.367,1.000,2.000,1.609
000000000010000866,4000,false,VB,006,7.000,3.000,0.225,0.182,1.000,2.500,1.332
000000000010000867,4000,false,VB,008,45.000,0.000,1.791,1.407,1.000,1.500,2.506
000000000090000050,4000,false,ND,009,26.000,0.000,0.000,0.000,1.000,1.000,1.000
000000000010000868,4000,false,VB,001,93.000,0.000,5.279,2.902,1.125,6.750,14.394
000000000030000197,3000,false,PD,006,35.000,1.000,0.000,0.000,1.833,11.000,0.000
000000000030000197,4000,false,ND,006,35.000,1.000,0.000,0.000,1.000,3.000,0.000
000000000010000869,1000,false,VB,007,222.000,1.000,15.566,3.405,1.500,9.000,18.059
000000000080000200,1000,false,VB,001,20.000,3.000,3.085,2.193,2.125,12.750,16.824
000000000010000870,3000,false,VB,003,114.000,0.000,12.454,8.597,1.000,3.750,12.454
000000000010000871,4000,false,VB,003,45.000,3.000,0.438,0.252,1.000,1.750,2.293
000000000030000198,2000,false,ND,003,54.000,1.000,0.000,0.000,1.000,4.250,0.000
000000000010000872,2000,false,VB,008,102.000,1.000,14.440,8.655,1.500,9.000,28.591
000000000010000873,2000,false,VB,006,150.000,3.000,7.914,3.847,1.292,7.750,24.779
000000000010000873,1000,false,VB,002,150.000,0.000,9.010,4.082,1.292,7.750,11.435
000000000010000874,1000,false,VB,006,43.000,3.000,0.000,0.000,1.000,1.000,0.000
000000000030000199,3000,false,ND,010,27.000,3.000,0.000,0.000,2.708,16.250,0.000
000000000010000875,2000,false,VB,005,55.000,0.000,4.350,2.350,1.792,10.750,20.504
000000000030000200,1000,false,PD,002,7.000,2.000,0.000,0.000,1.000,3.000,0.000
000000000080000201,1000,false,VB,007,62.000,1.000,6.978,4.436,1.000,4.250,6.978
000000000090000051,3000,false,ND,007,50.000,2.000,0.000,0.000,1.000,1.000,1.000
000000000010000876,4000,false,VB,008,137.000,0.000,18.605,8.796,1.458,8.750,18.605
000000000010000877,4000,false,VB,010,142.000,3.000,2.630,1.214,1.000,4.000,11.152
000000000010000877,2000,false,VB,007,142.000,2.000,5.647,3.059,1.000,2.500,5.647
000000000010000878,2000,false,VB,004,161.000,1.000,3.346,1.385,1.000,3.750,8.963
000000000090000052,4000,false,ND,002,52.000,3.000,0.000,0.000,1.000,1.000,1.000
000000000090000052,1000,false,ND,001,52.000,3.000,0.000,0.000,1.000,1.000,1.000
000000000010000879,2000,false,VB,009,80.000,2.000,2.592,1.512,1.000,1.500,3.863
000000000010000879,4000,false,VB,001,80.000,1.000,1.850,1.132,1.000,1.250,1.850
000000000010000880,3000,false,VB,008,48.000,1.000,0.000,0.000,1.000,1.000,0.000
000000000010000880,1000,false,VB,005,48.000,1.000,0.000,0.000,1.000,1.000,0.000
000000000030000201,2000,false,ND,001,36.000,1.000,0.000,0.000,2.667,16.000,0.000
000000000010000881,2000,false,VB,009,26.000,2.000,1.009,0.657,1.000,3.500,2.550
000000000010000882,2000,false,VB,006,53.000,0.000,96.012,15.411,26.292,157.750,187.427
000000000080000202,2000,false,VB,004,81.000,3.000,7.108,4.022,1.250,7.500,9.856
000000000010000883,3000,false,VB,003,86.000,1.000,29.500,7.442,8.708,52.250,74.217
000000000080000203,2000,false,VB,006,119.000,3.000,7.252,4.458,1.000,4.500,10.035
000000000010000884,4000,false,VB,009,10.000,0.000,20.578,9.151,21.500,129.000,64.849
000000000010000885,2000,false,VB,005,34.000,3.000,0.000,0.000,1.000,1.000,0.000
000000000010000886,4000,false,VB,003,35.000,3.000,5.241,3.184,2.208,13.250,16.699
000000000080000204,4000,false,VB,003,117.000,3.000,22.945,14.776,1.375,8.250,23.849
000000000010000887,3000,false,VB,009,97.000,1.000,24.444,14.528,1.833,11.000,30.703
000000000010000887,2000,false,VB,002,97.000,2.000,6.508,3.762,1.875,11.250,14.907
000000000010000888,2000,false,VB,002,144.000,3.000,4.390,2.155,1.000,6.000,19.647
000000000010000889,4000,false,VB,004,238.000,3.000,7.050,2.592,1.250,7.500,14.587
000000000030000202,3000,false,PD,009,32.000,2.000,0.000,0.000,1.625,9.750,0.000
000000000010000890,2000,false,VB,004,33.000,2.000,0.970,0.645,1.000,2.500,3.994
000000000010000891,2000,false,VB,007,41.000,0.000,1.154,0.874,1.000,1.500,3.408
000000000010000892,3000,false,VB,009,114.000,3.000,8.741,5.417,1.000,4.500,11.419
000000000010000892,1000,false,VB,009,114.000,0.000,19.379,11.380,1.292,7.750,26.085
000000000030000203,1000,false,ND,005,18.000,0.000,0.000,0.000,1.000,6.000,0.000
000000000010000893,4000,false,VB,003,102.000,3.000,1.617,0.995,1.000,1.000,2.147
000000000010000893,3000,false,VB,006,102.000,1.000,3.182,2.082,1.000,1.500,5.401
000000000010000894,4000,false,VB,007,12.000,1.000,0.638,0.524,1.000,1.500,1.530
000000000010000894,1000,false,VB,010,12.000,2.000,1.125,0.890,1.000,4.000,3.893
000000000010000895,2000,false,VB,009,8.000,0.000,0.000,0.000,1.000,1.000,0.000
000000000010000895,4000,false,VB,008,8.000,2.000,0.000,0.000,1.000,1.000,0.000
000000000080000205,1000,false,VB,006,20.000,0.000,2.480,1.937,1.000,5.000,8.293
000000000010000896,2000,false,VB,004,109.000,1.000,12.704,6.944,1.833,11.000,29.422
000000000080000206,3000,false,VB,003,43.000,2.000,3.070,2.161,1.333,8.000,16.290
000000000010000897,2000,false,VB,007,126.000,0.000,20.628,8.632,1.667,10.000,20.628
000000000010000898,3000,false,VB,005,28.000,1.000,0.289,0.206,1.000,1.000,1.613
000000000030000204,3000,false,PD,004,23.000,3.000,0.000,0.000,1.000,5.500,0.000
000000000010000899,3000,false,VB,010,128.000,1.000,0.000,0.000,1.000,1.000,0.000
000000000090000053,3000,false,ND,006,35.000,3.000,0.000,0.000,1.000,1.000,1.000
000000000090000053,2000,false,ND,005,35.000,3.000,0.000,0.000,1.000,1.000,1.000
000000000010000900,2000,false,VB,007,41.000,0.000,3.754,1.743,2.708,16.250,17.283
000000000010000901,4000,false,VB,008,57.000,0.000,3.998,1.804,1.667,10.000,12.409
000000000030000205,2000,false,ND,002,0.000,3.000,0.000,0.000,1.000,3.500,0.000
000000000010000902,4000,false,VB,007,38.000,0.000,0.000,0.000,1.000,1.000,0.000
000000000010000902,2000,false,VB,001,38.000,0.000,0.000,0.000,1.000,1.000,0.000
000000000010000903,3000,false,VB,004,9.000,1.000,0.000,0.000,1.000,1.000,0.000
000000000030000206,2000,false,PD,003,51.000,3.000,0.000,0.000,1.333,8.000,0.000
000000000030000206,3000,false,ND,003,51.000,1.000,0.000,0.000,1.458,8.750,0.000
000000000010000904,1000,false,VB,001,146.000,1.000,34.005,19.376,1.750,10.500,37.556
000000000010000905,1000,false,VB,002,31.000,2.000,5.146,3.055,2.375,14.250,18.113
000000000010000906,3000,false,VB,008,79.000,1.000,3.623,2.248,1.000,4.250,9.724
000000000010000906,2000,false,VB,003,79.000,1.000,4.458,2.902,1.083,6.500,14.872
000000000010000907,2000,false,VB,006,91.000,3.000,45.633,6.669,21.958,131.750,181.618
000000000010000908,2000,false,VB,010,16.000,0.000,0.000,0.000,1.000,1.000,0.000
000000000030000207,1000,false,ND,006,112.000,2.000,0.000,0.000,1.000,4.500,0.000
000000000080000207,2000,false,VB,001,48.000,3.000,13.021,8.141,2.083,12.500,15.418
000000000010000909,3000,false,VB,008,183.000,0.000,12.640,4.164,1.625,9.750,23.957
000000000010000910,3000,false,VB,009,219.000,0.000,6.393,2.762,1.000,1.750,8.020
000000000010000910,2000,false,VB,007,219.000,0.000,2.599,0.853,1.000,3.000,7.955
000000000010000911,1000,false,VB,005,38.000,1.000,0.905,0.720,1.000,1.000,1.231
000000000080000208,2000,false,VB,001,27.000,3.000,3.090,2.021,1.000,5.250,3.952
000000000080000209,2000,false,VB,003,16.000,1.000,1.555,1.172,1.000,4.250,6.085
000000000080000209,3000,false,VB,001,16.000,2.000,2.490,1.728,1.167,7.000,6.005
000000000010000912,2000,false,VB,006,159.000,0.000,6.802,2.478,1.000,3.000,8.983
000000000030000208,1000,false,PD,010,49.000,1.000,0.000,0.000,1.000,3.750,0.000
000000000010000913,3000,false,VB,007,89.000,3.000,172.657,30.109,30.208,181.250,288.578
000000000010000914,3000,false,VB,002,119.000,1.000,10.483,4.650,1.000,5.250,11.724
000000000010000915,4000,false,VB,006,137.000,2.000,70.872,8.701,26.583,159.500,370.175
000000000010000916,2000,false,VB,001,99.000,0.000,60.939,8.112,16.208,97.250,91.705
000000000010000917,3000,false,VB,009,49.000,1.000,0.000,0.000,1.000,1.000,0.000
000000000010000918,1000,false,VB,008,62.000,2.000,0.000,0.000,1.000,1.000,0.000
000000000010000919,4000,false,VB,003,154.000,2.000,2.295,1.060,1.000,3.250,6.009
000000000010000920,3000,false,VB,006,63.000,0.000,4.620,3.683,1.000,2.000,7.901
000000000010000920,2000,false,VB,009,63.000,3.000,3.196,2.130,1.000,5.500,12.927
000000000030000209,2000,false,PD,010,100.000,3.000,0.000,0.000,1.542,9.250,0.000
000000000030000210,1000,false,PD,008,55.000,1.000,0.000,0.000,1.167,7.000,0.000
000000000010000921,2000,false,VB,001,46.000,2.000,3.025,1.599,1.000,3.500,3.102
000000000010000922,1000,false,VB,008,43.000,1.000,0.214,0.160,1.000,1.000,0.773
000000000090000054,1000,false,ND,009,12.000,0.000,0.000,0.000,1.000,1.000,1.000
000000000030000211,3000,false,PD,007,54.000,2.000,0.000,0.000,1.333,8.000,0.000
000000000010000923,1000,false,VB,003,123.000,0.000,7.524,3.843,1.000,6.000,12.222
000000000010000924,2000,false,VB,009,57.000,0.000,52.289,6.522,18.000,108.000,143.656
000000000010000925,2000,false,VB,007,64.000,2.000,7.041,4.811,1.583,9.500,26.002
000000000010000926,4000,false,VB,002,130.000,3.000,0.000,0.000,1.000,1.000,0.000
000000000010000927,4000,false,VB,005,21.000,1.000,7.083,2.084,8.458,50.750,25.841
000000000010000927,1000,false,VB,010,21.000,0.000,15.428,3.855,11.417,68.500,69.448
000000000010000928,1000,false,VB,009,75.000,0.000,11.135,6.642,2.125,12.750,33.818
000000000010000929,1000,false,VB,010,11.000,3.000,19.803,8.540,37.750,226.500,160.144
000000000030000212,1000,false,ND,003,96.000,1.000,0.000,0.000,1.000,5.750,0.000
000000000090000055,2000,false,ND,005,56.000,3.000,0.000,0.000,1.000,1.000,1.000
000000000010000930,1000,false,VB,001,121.000,1.000,7.188,4.684,1.000,3.750,15.518
000000000030000213,4000,false,ND,004,52.000,2.000,0.000,0.000,1.542,9.250,0.000
000000000010000931,2000,false,VB,003,46.000,2.000,28.288,4.617,28.625,171.750,157.572
000000000010000932,3000,false,VB,008,223.000,3.000,3.506,1.165,1.000,4.250,10.455
000000000010000933,1000,false,VB,003,43.000,3.000,0.582,0.442,1.000,1.000,2.172
000000000010000934,3000,false,VB,001,131.000,0.000,3.594,1.807,1.000,6.000,14.709
000000000010000935,2000,false,VB,004,119.000,1.000,0.000,0.000,1.000,1.000,0.000
000000000010000936,2000,false,VB,002,63.000,2.000,10.237,5.920,1.667,10.000,12.601
000000000080000210,4000,false,VB,007,22.000,1.000,2.090,1.286,1.833,11.000,14.961
000000000090000056,1000,false,ND,004,17.000,0.000,0.000,0.000,1.000,1.000,1.000
000000000010000937,2000,false,VB,010,24.000,0.000,2.439,1.513,1.167,7.000,9.878
000000000090000057,4000,false,ND,009,12.000,2.000,0.000,0.000,1.000,1.000,1.000
000000000030000214,3000,false,PD,010,71.000,0.000,0.000,0.000,1.542,9.250,0.000
000000000010000938,3000,false,VB,002,49.000,0.000,2.082,1.317,1.000,3.500,4.536
000000000010000938,2000,false,VB,010,49.000,3.000,8.134,4.968,1.125,6.750,12.593
000000000010000939,1000,false,VB,006,41.000,0.000,0.000,0.000,1.000,1.000,0.000
000000000030000215,1000,false,PD,003,30.000,0.000,0.000,0.000,2.292,13.750,0.000
000000000010000940,3000,false,VB,004,16.000,0.000,1.500,0.897,1.500,9.000,10.656
000000000030000216,4000,false,PD,006,79.000,0.000,0.000,0.000,2.167,13.000,0.000
000000000080000211,1000,false,VB,001,56.000,1.000,8.565,4.435,3.250,19.500,32.189
000000000030000217,4000,false,ND,009,56.000,0.000,0.000,0.000,1.000,3.750,0.000
000000000030000217,3000,false,PD,009,56.000,2.000,0.000,0.000,1.000,3.750,0.000
000000000080000212,2000,false,VB,003,125.000,3.000,9.159,5.502,1.000,4.500,16.849
000000000080000212,3000,false,VB,006,125.000,3.000,19.067,10.997,1.125,6.750,19.067
000000000090000058,4000,false,ND,010,17.000,0.000,0.000,0.000,1.000,1.000,1.000
000000000010000941,1000,false,VB,009,42.000,0.000,50.609,8.529,21.417,128.500,139.822
000000000010000941,3000,false,VB,002,42.000,0.000,22.160,4.656,15.542,93.250,124.995
000000000010000942,3000,false,VB,010,137.000,0.000,24.763,11.796,1.625,9.750,30.215
000000000010000942,4000,false,VB,001,137.000,3.000,1.908,0.989,1.000,2.750,9.846
000000000030000218,1000,false,ND,010,56.000,1.000,0.000,0.000,2.250,13.500,0.000
000000000010000943,4000,false,VB,002,239.000,3.000,13.349,6.271,1.000,5.000,26.693
000000000010000944,2000,false,VB,005,54.000,1.000,2.746,1.669,1.000,2.500,4.122
000000000010000945,2000,false,VB,001,50.000,2.000,38.786,6.979,11.833,71.000,47.928
000000000010000945,3000,false,VB,006,50.000,0.000,32.713,5.527,10.333,62.000,68.242
000000000010000946,4000,false,VB,001,31.000,3.000,0.000,0.000,1.000,1.000,0.000
000000000010000946,3000,false,VB,003,31.000,3.000,0.000,0.000,1.000,1.000,0.000
000000000030000219,1000,false,ND,004,8.000,1.000,0.000,0.000,1.583,9.500,0.000
000000000010000947,4000,false,VB,005,36.000,0.000,5.779,4.110,1.000,5.250,6.838
000000000010000948,4000,false,VB,008,14.000,2.000,3.101,2.493,1.208,7.250,5.200
000000000010000949,3000,false,VB,005,33.000,3.000,13.759,2.735,8.875,53.250,45.974
000000000030000220,2000,false,ND,009,119.000,2.000,0.000,0.000,2.167,13.000,0.000
000000000010000950,1000,false,VB,004,107.000,0.000,13.050,7.881,1.625,9.750,28.225
000000000080000213,2000,false,VB,005,38.000,1.000,6.116,4.244,1.458,8.750,11.689
000000000010000951,1000,false,VB,007,46.000,1.000,3.649,2.028,1.000,4.500,4.093
000000000010000952,4000,false,VB,003,112.000,2.000,6.411,2.900,2.333,14.000,18.807
000000000080000214,3000,false,VB,004,17.000,1.000,2.183,1.825,1.000,2.750,5.101
000000000080000214,1000,false,VB,006,17.000,3.000,3.025,2.314,1.333,8.000,5.479
000000000010000953,2000,false,VB,010,24.000,1.000,1.716,1.040,1.000,3.750,3.477
000000000010000954,3000,false,VB,006,68.000,2.000,0.000,0.000,1.000,1.000,0.000
000000000010000955,1000,false,VB,010,124.000,2.000,0.000,0.000,1.000,1.000,0.000
000000000010000955,4000,false,VB,002,124.000,2.000,0.000,0.000,1.000,1.000,0.000
000000000010000956,1000,false,VB,004,46.000,1.000,3.154,1.677,1.000,4.250,3.620
000000000010000957,2000,false,VB,008,57.000,0.000,5.013,2.806,1.000,4.500,8.035
000000000010000957,1000,false,VB,010,57.000,1.000,2.743,1.433,1.000,5.000,4.071
000000000010000958,1000,false,VB,002,145.000,1.000,20.148,11.912,1.042,6.250,20.148
000000000090000059,4000,false,ND,010,48.000,1.000,0.000,0.000,1.000,1.000,1.000
000000000030000221,4000,false,ND,008,55.000,0.000,0.000,0.000,1.000,2.000,0.000
000000000010000959,4000,false,VB,002,42.000,1.000,67.772,12.723,30.042,180.250,165.927
000000000030000222,1000,false,PD,006,61.000,0.000,0.000,0.000,1.292,7.750,0.000
000000000030000222,2000,false,ND,003,61.000,3.000,0.000,0.000,1.458,8.750,0.000
000000000010000960,1000,false,VB,003,31.000,2.000,0.798,0.495,1.000,1.750,1.437
000000000010000961,1000,false,VB,003,16.000,1.000,1.523,0.962,1.792,10.750,6.316
000000000010000961,4000,false,VB,006,16.000,1.000,5.430,3.356,2.208,13.250,14.414
000000000010000962,2000,false,VB,010,42.000,3.000,13.107,1.709,14.125,84.750,56.585
000000000010000962,1000,false,VB,002,42.000,0.000,27.428,4.340,17.958,107.750,135.199
000000000030000223,4000,false,ND,007,35.000,2.000,0.000,0.000,1.500,9.000,0.000
000000000030000223,3000,false,PD,005,35.000,3.000,0.000,0.000,1.417,8.500,0.000
000000000030000224,2000,false,ND,007,114.000,2.000,0.000,0.000,1.625,9.750,0.000
000000000030000224,4000,false,PD,006,114.000,0.000,0.000,0.000,2.500,15.000,0.000
000000000010000963,4000,false,VB,002,27.000,2.000,4.631,3.244,1.250,7.500,6.033
000000000010000964,2000,false,VB,007,50.000,0.000,3.507,2.194,1.083,6.500,9.183
000000000010000965,4000,false,VB,009,58.000,1.000,15.833,9.595,1.958,11.750,25.918
000000000010000966,2000,false,VB,001,92.000,0.000,5.778,4.165,1.000,5.750,12.717
000000000030000225,1000,false,ND,009,47.000,2.000,0.000,0.000,2.167,13.000,0.000
000000000030000225,4000,false,ND,004,47.000,2.000,0.000,0.000,1.583,9.500,0.000
000000000010000967,1000,false,VB,010,47.000,2.000,31.948,9.357,11.542,69.250,74.616
000000000030000226,1000,false,ND,007,47.000,2.000,0.000,0.000,2.000,12.000,0.000
000000000010000968,2000,false,VB,001,36.000,2.000,4.996,3.445,1.000,4.750,5.472
000000000010000968,4000,false,VB,003,36.000,1.000,5.710,3.701,3.083,18.500,30.005
000000000080000215,4000,false,VB,007,24.000,2.000,0.530,0.343,1.000,2.500,1.844
000000000030000227,3000,false,PD,010,34.000,2.000,0.000,0.000,1.000,5.750,0.000
000000000010000969,1000,false,VB,009,47.000,2.000,0.000,0.000,1.000,1.000,0.000
000000000010000970,1000,false,VB,007,37.000,3.000,39.084,7.995,20.583,123.500,115.704
000000000010000971,3000,false,VB,010,31.000,0.000,29.353,6.639,40.833,245.000,160.386
000000000010000972,4000,false,VB,004,19.000,2.000,37.051,12.803,26.208,157.250,115.334
000000000010000973,2000,false,VB,010,28.000,2.000,0.546,0.345,1.000,1.750,1.562
000000000030000228,2000,false,ND,003,84.000,1.000,0.000,0.000,1.000,4.750,0.000
000000000010000974,3000,false,VB,004,32.000,3.000,6.448,3.768,1.875,11.250,9.741
000000000010000975,2000,false,VB,005,75.000,2.000,0.000,0.000,1.000,1.000,0.000
000000000030000229,3000,false,PD,004,129.000,1.000,0.000,0.000,2.500,15.000,0.000
000000000010000976,1000,false,VB,009,66.000,2.000,6.044,4.229,1.000,3.500,9.485
000000000010000977,2000,false,VB,009,82.000,2.000,5.842,3.874,1.000,2.750,6.869
000000000090000060,3000,false,ND,004,44.000,2.000,0.000,0.000,1.000,1.000,1.000
000000000090000060,1000,false,ND,003,44.000,3.000,0.000,0.000,1.000,1.000,1.000
000000000080000216,1000,false,VB,003,52.000,2.000,9.940,6.693,1.292,7.750,16.257
000000000080000216,4000,false,VB,002,52.000,3.000,10.349,6.354,1.750,10.500,21.998
000000000030000230,1000,false,ND,002,80.000,0.000,0.000,0.000,1.000,1.250,0.000
000000000030000230,4000,false,PD,008,80.000,2.000,0.000,0.000,1.000,3.000,0.000
000000000030000231,1000,false,PD,004,19.000,1.000,0.000,0.000,1.500,9.000,0.000
000000000030000232,1000,false,PD,008,24.000,0.000,0.000,0.000,1.125,6.750,0.000
000000000010000978,4000,false,VB,003,97.000,1.000,0.000,0.000,1.000,1.000,0.000
000000000080000217,2000,false,VB,009,54.000,1.000,10.889,6.122,1.708,10.250,18.833
000000000010000979,2000,false,VB,007,76.000,3.000,9.659,6.654,1.458,8.750,20.248
000000000010000980,4000,false,VB,010,134.000,2.000,17.311,10.340,1.250,7.500,18.154
000000000010000981,3000,false,VB,009,60.000,3.000,1.492,1.191,1.000,1.000,1.539
000000000090000061,3000,false,ND,008,37.000,2.000,0.000,0.000,1.000,1.000,1.000
000000000030000233,1000,false,PD,008,14.000,3.000,0.000,0.000,1.750,10.500,0.000
000000000030000233,4000,false,VB,002,14.000,3.000,3.440,2.657,1.250,7.500,7.184
000000000090000062,4000,false,ND,007,51.000,2.000,0.000,0.000,1.000,1.000,1.000
000000000010000982,2000,false,VB,009,130.000,1.000,2.247,0.827,1.000,3.250,8.489
000000000030000234,1000,false,ND,010,89.000,0.000,0.000,0.000,1.000,5.500,0.000
000000000030000235,4000,false,ND,003,36.000,1.000,0.000,0.000,1.000,6.000,0.000
000000000010000983,4000,false,VB,005,125.000,2.000,11.797,7.243,1.250,7.500,27.554
000000000010000984,3000,false,VB,007,119.000,2.000,0.000,0.000,1.000,1.000,0.000
000000000010000985,4000,false,VB,003,147.000,0.000,312.208,47.869,35.917,215.500,473.142
000000000080000218,3000,false,VB,009,9.000,2.000,1.702,1.523,1.000,2.250,3.418
000000000080000218,1000,false,VB,008,9.000,2.000,3.152,2.427,2.500,15.000,10.021
000000000030000236,2000,false,ND,009,62.000,2.000,0.000,0.000,2.125,12.750,0.000
000000000010000986,2000,false,VB,008,37.000,2.000,0.000,0.000,1.000,1.000,0.000
000000000010000987,3000,false,VB,002,0.000,1.000,6.520,4.847,1.250,7.500,11.662
000000000010000988,1000,false,VB,001,200.000,1.000,4.997,2.096,1.000,4.000,15.874
000000000010000989,1000,false,VB,010,208.000,1.000,10.368,4.404,1.625,9.750,37.620
000000000010000990,2000,false,VB,007,208.000,1.000,15.760,7.017,1.000,6.000,26.893
000000000010000990,3000,false,VB,002,208.000,3.000,4.552,1.745,1.000,3.750,12.559
000000000010000991,3000,false,VB,001,42.000,0.000,49.210,7.268,29.958,179.750,175.423
000000000010000992,2000,false,VB,003,138.000,0.000,12.770,5.560,1.625,9.750,31.620
000000000010000992,3000,false,VB,001,138.000,1.000,12.812,6.267,1.625,9.750,30.001
000000000030000237,2000,false,ND,006,131.000,3.000,0.000,0.000,1.458,8.750,0.000
000000000010000993,4000,false,VB,010,54.000,1.000,3.253,1.580,1.083,6.500,10.693
000000000010000994,1000,false,VB,002,18.000,2.000,0.707,0.482,1.000,3.500,3.709
000000000010000995,3000,false,VB,010,23.000,0.000,0.000,0.000,1.000,1.000,0.000
000000000010000996,4000,false,VB,002,22.000,3.000,1.380,0.943,1.000,3.000,3.483
000000000010000997,1000,false,VB,005,0.000,3.000,5.516,2.992,1.417,8.500,14.140
000000000010000997,2000,false,VB,010,40.000,2.000,3.878,2.465,1.000,6.000,5.242
000000000010000998,2000,false,VB,003,39.000,3.000,37.611,7.018,21.708,130.250,141.246
000000000010000999,3000,false,VB,005,91.000,1.000,0.000,0.000,1.000,1.000,0.000
000000000010001000,4000,false,VB,005,23.000,1.000,16.943,4.075,11.833,71.000,33.984
000000000010001001,1000,false,VB,006,16.000,1.000,15.366,4.164,15.500,93.000,65.467
000000000030000238,2000,false,PD,009,73.000,2.000,0.000,0.000,1.000,3.750,0.000
000000000010001002,4000,false,VB,001,40.000,1.000,14.809,9.880,2.542,15.250,15.697
000000000010001002,1000,false,VB,010,40.000,0.000,9.530,7.278,1.292,7.750,10.532
000000000030000239,1000,false,PD,001,42.000,2.000,0.000,0.000,1.125,6.750,0.000
000000000010001003,1000,false,VB,002,97.000,2.000,20.369,12.850,1.417,8.500,20.369
000000000010001004,4000,false,VB,005,12.000,0.000,0.219,0.159,1.000,1.750,1.577
000000000010001005,2000,false,VB,001,157.000,1.000,14.063,7.047,1.000,5.500,16.528
000000000030000240,3000,false,ND,010,76.000,0.000,0.000,0.000,1.708,10.250,0.000
000000000030000241,4000,false,ND,007,45.000,1.000,0.000,0.000,1.000,2.750,0.000
000000000010001006,3000,false,VB,010,140.000,3.000,103.699,19.139,19.708,118.250,222.557
000000000010001006,1000,false,VB,002,140.000,3.000,136.574,22.737,21.208,127.250,152.635
000000000030000242,4000,false,ND,004,97.000,0.000,0.000,0.000,1.417,8.500,0.000
000000000030000243,1000,false,PD,003,110.000,3.000,0.000,0.000,1.333,8.000,0.000
000000000010001007,1000,false,VB,009,48.000,2.000,8.752,6.073,1.083,6.500,14.615
000000000010001008,1000,false,VB,009,11.000,0.000,4.981,1.261,16.000,96.000,98.787
000000000010001009,1000,false,VB,003,55.000,3.000,112.491,18.883,34.208,205.250,137.200
000000000080000219,2000,false,VB,005,14.000,3.000,4.009,3.260,1.000,6.000,7.607
000000000090000063,2000,false,ND,004,36.000,0.000,0.000,0.000,1.000,1.000,1.000
000000000010001010,4000,false,VB,007,140.000,3.000,348.388,65.930,35.583,213.500,384.176
000000000080000220,2000,false,VB,004,56.000,3.000,6.849,4.698,1.042,6.250,6.849
000000000010001011,1000,false,VB,010,86.000,2.000,0.000,0.000,1.000,1.000,0.000
000000000010001011,4000,false,VB,007,0.000,0.000,0.000,0.000,1.000,1.000,0.000
000000000080000221,2000,false,VB,001,25.000,3.000,2.824,2.130,1.000,4.250,4.100
000000000010001012,1000,false,VB,002,0.000,3.000,3.984,2.202,1.000,3.250,6.255
000000000010001013,1000,false,VB,002,102.000,2.000,3.628,1.937,1.000,6.000,14.050
000000000010001014,2000,false,VB,001,62.000,3.000,6.654,4.447,1.042,6.250,11.465
000000000010001014,3000,false,VB,008,62.000,3.000,7.812,5.267,1.083,6.500,8.582
000000000010001015,2000,false,VB,009,131.000,3.000,12.243,7.205,1.000,6.000,22.381
000000000010001016,4000,false,VB,004,47.000,2.000,0.319,0.261,1.000,1.000,1.050
000000000010001017,1000,false,VB,001,231.000,3.000,7.820,3.144,1.000,6.000,20.129
000000000010001018,3000,false,VB,006,10.000,0.000,0.814,0.573,1.000,3.000,1.681
000000000010001019,2000,false,VB,005,134.000,1.000,9.266,4.971,1.000,5.250,15.428
000000000010001020,4000,false,VB,002,12.000,1.000,0.000,0.000,1.000,1.000,0.000
000000000010001021,4000,false,VB,008,87.000,0.000,10.266,5.375,1.625,9.750,11.199
000000000010001022,2000,false,VB,005,13.000,0.000,0.566,0.397,1.000,3.750,3.460
000000000010001023,3000,false,VB,009,38.000,1.000,7.714,5.044,2.292,13.750,12.298
000000000010001023,4000,false,VB,004,38.000,2.000,3.247,2.370,1.000,4.250,8.633
000000000010001024,3000,false,VB,003,47.000,2.000,1.709,1.135,1.000,4.500,6.671
000000000010001025,1000,false,VB,004,39.000,2.000,17.066,2.993,8.250,49.500,47.102
000000000010001026,1000,false,VB,004,78.000,3.000,3.706,2.594,1.000,3.500,6.000
000000000010001026,4000,false,VB,009,78.000,1.000,12.587,7.553,1.667,10.000,20.788
000000000010001027,4000,false,VB,008,92.000,2.000,12.317,7.394,2.042,12.250,34.781
000000000010001028,1000,false,VB,002,80.000,3.000,6.130,4.305,1.000,4.750,13.262
000000000080000222,1000,false,VB,006,33.000,3.000,6.990,4.748,1.292,7.750,14.004
000000000080000222,3000,false,VB,005,33.000,3.000,2.172,1.574,1.000,3.000,5.534
000000000010001029,3000,false,VB,009,67.000,0.000,7.379,4.520,1.000,6.000,7.379
000000000030000244,4000,false,PD,008,123.000,3.000,0.000,0.000,1.667,10.000,0.000
000000000090000064,1000,false,ND,006,53.000,3.000,0.000,0.000,1.000,1.000,1.000
000000000010001030,4000,false,VB,002,142.000,2.000,6.071,2.865,1.083,6.500,22.229
000000000010001031,1000,false,VB,005,114.000,0.000,5.790,2.643,2.000,12.000,21.662
000000000010001031,2000,false,VB,008,114.000,1.000,12.450,5.181,1.333,8.000,13.398
000000000030000245,1000,false,PD,006,55.000,1.000,0.000,0.000,3.042,18.250,0.000
000000000010001032,1000,false,VB,004,28.000,0.000,0.000,0.000,1.000,1.000,0.000
000000000010001033,1000,false,VB,004,93.000,2.000,82.276,11.370,16.333,98.000,150.992
000000000010001033,2000,false,VB,002,93.000,0.000,80.389,11.400,29.208,175.250,164.732
000000000010001034,4000,false,VB,002,80.000,1.000,2.752,1.903,1.000,1.500,4.990
000000000010001035,1000,false,VB,002,56.000,0.000,5.908,2.838,1.917,11.500,11.488
000000000010001036,4000,false,VB,002,76.000,1.000,5.000,3.296,1.000,4.750,9.980
000000000080000223,1000,false,VB,008,9.000,0.000,1.066,0.857,1.292,7.750,5.259
000000000080000224,1000,false,VB,009,43.000,1.000,8.519,6.222,1.000,5.750,9.035
000000000010001037,1000,false,VB,002,73.000,2.000,74.436,12.027,19.000,114.000,114.680
000000000010001038,1000,false,VB,009,145.000,1.000,7.154,3.377,1.000,5.750,14.671
000000000080000225,1000,false,VB,004,20.000,0.000,1.595,1.264,1.000,3.250,4.191
000000000090000065,4000,false,ND,002,12.000,3.000,0.000,0.000,1.000,1.000,1.000
000000000090000065,3000,false,ND,002,12.000,0.000,0.000,0.000,1.000,1.000,1.000
000000000030000246,4000,false,PD,009,30.000,1.000,0.000,0.000,1.000,4.000,0.000
000000000030000247,4000,false,PD,010,8.000,1.000,0.000,0.000,1.708,10.250,0.000
000000000010001039,3000,false,VB,009,16.000,0.000,35.871,14.318,37.958,227.750,125.764
000000000010001040,1000,false,VB,009,217.000,1.000,8.618,2.997,1.000,2.750,8.618
000000000030000248,4000,false,PD,003,20.000,0.000,0.000,0.000,1.000,4.000,0.000
000000000030000248,2000,false,PD,005,20.000,3.000,0.000,0.000,1.000,4.000,0.000
000000000080000226,4000,false,VB,008,42.000,1.000,8.403,5.777,1.417,8.500,18.305
000000000030000249,2000,false,PD,004,76.000,3.000,0.000,0.000,1.917,11.500,0.000
000000000080000227,3000,false,VB,009,11.000,1.000,0.572,0.439,1.000,5.000,3.373
000000000030000250,4000,false,ND,002,35.000,1.000,0.000,0.000,1.208,7.250,0.000
000000000010001041,2000,false,VB,001,52.000,3.000,11.698,5.531,2.458,14.750,26.750
000000000010001041,1000,false,VB,003,52.000,0.000,2.338,1.337,1.000,5.000,9.162
000000000080000228,4000,false,VB,007,42.000,2.000,15.490,9.711,2.542,15.250,27.804
000000000030000251,1000,false,ND,010,57.000,3.000,0.000,0.000,1.167,7.000,0.000
000000000030000252,1000,false,ND,002,16.000,3.000,0.000,0.000,1.333,8.000,0.000
000000000010001042,1000,false,VB,004,75.000,0.000,1.615,1.259,1.000,1.000,2.344
000000000010001043,2000,false,VB,010,89.000,0.000,117.346,20.123,28.917,173.500,336.432
000000000030000253,3000,false,ND,007,58.000,2.000,0.000,0.000,1.083,6.500,0.000
000000000010001044,3000,false,VB,001,52.000,3.000,2.825,1.435,1.000,4.000,3.818
000000000010001045,3000,false,VB,004,20.000,0.000,0.500,0.372,1.000,1.000,0.897
000000000030000254,3000,false,PD,007,35.000,3.000,0.000,0.000,1.000,5.750,0.000
000000000080000229,2000,false,VB,007,24.000,2.000,3.669,2.795,1.208,7.250,11.101
000000000080000230,1000,false,VB,009,32.000,2.000,2.470,1.593,2.000,12.000,20.119
000000000080000230,4000,false,VB,002,32.000,1.000,2.262,1.501,1.000,3.500,6.228
000000000010001046,3000,false,VB,008,47.000,3.000,4.425,3.382,1.000,3.250,8.922
000000000010001047,2000,false,VB,003,110.000,2.000,16.845,8.790,2.083,12.500,28.819
000000000010001048,1000,false,VB,008,36.000,2.000,34.917,6.508,18.042,108.250,119.827
000000000010001049,4000,false,VB,007,56.000,3.000,39.370,9.161,11.000,66.000,98.935
000000000010001050,1000,false,VB,007,59.000,1.000,14.978,9.667,2.000,12.000,14.978
000000000010001051,3000,false,VB,002,21.000,1.000,0.000,0.000,1.000,1.000,0.000
000000000010001052,2000,false,VB,008,33.000,2.000,3.407,2.420,1.000,5.500,6.476
000000000010001053,1000,false,VB,009,199.000,2.000,22.983,8.439,1.333,8.000,22.983
000000000010001054,1000,false,VB,003,46.000,0.000,5.052,3.285,1.500,9.000,11.235
000000000080000231,1000,false,VB,002,57.000,1.000,0.839,0.472,1.000,2.750,3.335
000000000010001055,3000,false,VB,010,41.000,3.000,0.000,0.000,1.000,1.000,0.000
000000000010001056,4000,false,VB,009,32.000,2.000,0.933,0.623,1.000,1.250,0.952
000000000010001057,2000,false,VB,008,7.000,1.000,0.253,0.210,1.000,1.000,1.130
000000000010001057,3000,false,VB,005,7.000,2.000,0.159,0.135,1.000,1.500,1.175
000000000010001058,3000,false,VB,001,19.000,3.000,2.363,1.393,2.042,12.250,9.816
000000000030000255,1000,false,PD,001,125.000,2.000,0.000,0.000,2.042,12.250,0.000
000000000010001059,1000,false,VB,005,203.000,0.000,5.847,1.967,1.000,3.000,6.359
000000000010001059,4000,false,VB,008,203.000,2.000,14.077,4.223,1.750,10.500,35.071
000000000010001060,4000,false,VB,006,45.000,2.000,0.390,0.272,1.000,1.000,0.889
000000000010001061,4000,false,VB,007,27.000,0.000,38.904,7.672,19.958,119.750,108.661
000000000010001061,2000,false,VB,006,27.000,0.000,14.803,3.758,11.792,70.750,72.806
000000000010001062,3000,false,VB,006,40.000,1.000,0.000,0.000,1.000,1.000,0.000
000000000010001063,2000,false,VB,010,72.000,0.000,3.298,2.155,1.083,6.500,10.580
000000000010001063,1000,false,VB,006,72.000,0.000,6.356,4.039,1.167,7.000,18.105
000000000010001064,3000,false,VB,004,7.000,3.000,0.507,0.437,1.000,3.250,2.927
000000000010001065,4000,false,VB,002,19.000,0.000,3.110,2.239,1.000,4.750,6.468
000000000030000256,3000,false,PD,006,118.000,2.000,0.000,0.000,1.000,6.000,0.000
000000000010001066,2000,false,VB,006,58.000,3.000,0.000,0.000,1.000,1.000,0.000
000000000030000257,2000,false,PD,009,40.000,2.000,0.000,0.000,1.375,8.250,0.000
000000000030000257,3000,false,PD,007,40.000,0.000,0.000,0.000,1.417,8.500,0.000
000000000010001067,3000,false,VB,002,25.000,1.000,23.545,6.378,39.250,235.500,231.481
000000000010001068,3000,false,VB,010,59.000,2.000,71.353,9.601,21.542,129.250,103.082
000000000010001069,1000,false,VB,003,0.000,1.000,2.964,1.327,1.000,4.000,11.622
000000000010001070,3000,false,VB,008,89.000,1.000,72.913,16.241,11.875,71.250,121.830
000000000010001070,4000,false,VB,009,89.000,1.000,38.778,10.424,22.833,137.000,241.556
000000000010001071,2000,false,VB,009,94.000,1.000,5.607,3.440,1.000,3.250,6.259
000000000080000232,2000,false,VB,009,17.000,3.000,3.279,2.604,1.375,8.250,5.912
000000000080000233,3000,false,VB,006,93.000,1.000,13.015,7.276,1.792,10.750,14.667
000000000030000258,2000,false,PD,002,34.000,2.000,0.000,0.000,1.000,6.000,0.000
000000000010001072,2000,false,VB,002,40.000,2.000,0.000,0.000,1.000,1.000,0.000
000000000010001073,2000,false,VB,004,34.000,0.000,1.081,0.609,1.000,3.750,3.732
000000000010001074,3000,false,VB,004,187.000,3.000,7.362,2.408,1.625,9.750,23.468
000000000010001075,4000,false,VB,008,135.000,2.000,3.566,1.669,1.000,2.000,4.903
000000000030000259,1000,false,PD,010,45.000,0.000,0.000,0.000,1.375,8.250,0.000
000000000080000234,2000,false,VB,005,24.000,0.000,4.409,2.404,1.792,10.750,12.411
000000000080000234,4000,false,VB,008,24.000,1.000,4.772,3.176,1.125,6.750,9.383
000000000030000260,3000,false,PD,005,42.000,3.000,0.000,0.000,1.000,3.500,0.000
000000000080000235,3000,false,VB,002,97.000,2.000,6.194,4.194,1.042,6.250,20.401
000000000010001076,4000,false,VB,002,128.000,1.000,23.045,8.348,2.792,16.750,23.045
000000000010001077,2000,false,VB,010,39.000,3.000,1.168,0.941,1.000,1.000,1.183
000000000010001078,1000,false,VB,002,30.000,1.000,0.000,0.000,1.000,1.000,0.000
000000000010001079,4000,false,VB,005,60.000,2.000,108.240,27.235,36.958,221.750,246.973
000000000010001080,3000,false,VB,007,225.000,1.000,19.647,6.387,1.000,6.000,19.647
000000000010001081,1000,false,VB,003,143.000,2.000,9.758,5.093,1.125,6.750,18.645
000000000010001082,1000,false,VB,002,37.000,0.000,48.111,14.853,38.458,230.750,171.259
000000000010001083,4000,false,VB,006,53.000,2.000,8.179,5.689,1.000,5.750,11.046
000000000010001084,1000,false,VB,010,75.000,2.000,41.280,5.828,18.958,113.750,149.281
000000000010001085,2000,false,VB,006,81.000,1.000,8.346,6.023,1.000,5.250,11.066
000000000010001085,1000,false,VB,004,81.000,2.000,9.515,6.721,1.000,4.000,11.350
000000000030000261,2000,false,PD,005,44.000,1.000,0.000,0.000,1.042,6.250,0.000
000000000010001086,1000,false,VB,008,142.000,3.000,6.505,3.886,1.000,3.000,8.871
000000000010001087,3000,false,VB,010,191.000,3.000,4.357,2.169,1.000,2.500,10.322
000000000010001087,4000,false,VB,009,191.000,3.000,5.132,2.127,1.000,3.500,8.010
000000000010001088,2000,false,VB,007,17.000,1.000,3.147,2.410,1.000,4.500,4.922
000000000010001089,1000,false,VB,009,16.000,0.000,13.337,4.038,30.125,180.750,97.347
000000000010001089,2000,false,VB,002,16.000,2.000,17.289,6.786,25.958,155.750,165.067
000000000010001090,4000,false,VB,005,123.000,2.000,8.506,4.059,1.000,4.500,11.227
000000000010001091,3000,false,VB,004,9.000,1.000,10.433,4.566,20.542,123.250,107.794
000000000010001092,1000,false,VB,007,40.000,3.000,3.843,2.019,2.000,12.000,9.845
000000000080000236,3000,false,VB,005,30.000,3.000,5.142,3.707,1.333,8.000,7.415
000000000010001093,4000,false,VB,010,16.000,1.000,2.056,1.398,1.000,5.000,5.979
000000000010001094,1000,false,VB,001,46.000,3.000,55.812,9.376,24.250,145.500,194.995
000000000010001095,3000,false,VB,006,94.000,2.000,0.000,0.000,1.000,1.000,0.000
000000000080000237,2000,false,VB,005,40.000,0.000,12.442,7.226,2.250,13.500,18.727
000000000010001096,4000,false,VB,004,0.000,3.000,1.227,0.684,1.000,4.000,5.682
000000000010001096,3000,false,VB,005,59.000,3.000,6.895,3.679,1.042,6.250,10.770
000000000010001097,1000,false,VB,007,84.000,1.000,0.705,0.510,1.000,1.000,1.855
000000000080000238,4000,false,VB,001,104.000,1.000,6.379,4.046,1.000,3.000,9.131
000000000030000262,2000,false,PD,001,30.000,2.000,0.000,0.000,1.083,6.500,0.000
000000000010001098,1000,false,VB,003,35.000,2.000,1.326,0.865,1.000,2.500,2.624
000000000010001098,2000,false,VB,004,35.000,1.000,2.890,1.776,1.500,9.000,10.988
000000000080000239,2000,false,VB,002,17.000,0.000,1.121,0.720,1.708,10.250,8.522
000000000010001099,3000,false,VB,010,218.000,2.000,9.421,2.756,1.000,3.500,12.758
000000000080000240,4000,false,VB,010,27.000,2.000,3.300,1.693,2.292,13.750,12.585
000000000080000241,1000,false,VB,007,78.000,2.000,13.624,8.599,1.958,11.750,13.897
000000000010001100,2000,false,VB,004,129.000,0.000,2.519,0.881,1.000,3.500,5.524
000000000010001101,4000,false,VB,009,106.000,0.000,0.000,0.000,1.000,1.000,0.000
000000000030000263,4000,false,PD,008,11.000,3.000,0.000,0.000,1.000,4.250,0.000
000000000030000264,4000,false,PD,004,48.000,3.000,0.000,0.000,1.000,2.500,0.000
000000000010001102,1000,false,VB,006,145.000,3.000,0.000,0.000,1.000,1.000,0.000
000000000010001103,4000,false,VB,001,104.000,3.000,3.733,1.804,1.000,4.250,5.985
000000000010001104,2000,false,VB,008,59.000,0.000,4.048,2.023,1.833,11.000,12.699
000000000030000265,4000,false,ND,009,58.000,0.000,0.000,0.000,1.250,7.500,0.000
000000000010001105,4000,false,VB,004,55.000,2.000,11.976,8.210,1.625,9.750,21.723
000000000010001106,3000,false,VB,001,149.000,2.000,7.555,3.361,1.000,3.500,11.499
000000000010001107,3000,false,VB,004,79.000,0.000,3.411,2.378,1.000,3.250,7.394
000000000010001108,2000,false,VB,008,125.000,1.000,15.069,9.016,1.708,10.250,17.891
000000000010001109,4000,false,VB,005,14.000,2.000,2.674,1.658,2.167,13.000,7.474
000000000010001109,2000,false,VB,001,14.000,3.000,1.223,0.857,1.167,7.000,9.357
000000000010001110,4000,false,VB,004,86.000,2.000,1.920,1.081,1.000,4.250,9.261
000000000010001111,1000,false,VB,002,46.000,1.000,0.000,0.000,1.000,1.000,0.000
000000000090000066,2000,false,ND,003,17.000,3.000,0.000,0.000,1.000,1.000,1.000
000000000090000066,1000,false,ND,006,17.000,1.000,0.000,0.000,1.000,1.000,1.000
000000000010001112,2000,false,VB,002,94.000,2.000,1.527,1.013,1.000,1.000,1.527
000000000030000266,1000,false,PD,001,92.000,3.000,0.000,0.000,1.875,11.250,0.000
000000000010001113,2000,false,VB,003,8.000,3.000,12.901,4.241,22.875,137.250,92.113
000000000030000267,4000,false,ND,002,72.000,1.000,0.000,0.000,1.333,8.000,0.000
000000000030000268,3000,false,PD,008,79.000,0.000,0.000,0.000,1.250,7.500,0.000
000000000030000268,1000,false,PD,003,79.000,3.000,0.000,0.000,1.583,9.500,0.000
000000000010001114,3000,false,VB,003,40.000,3.000,85.930,23.241,32.042,192.250,158.332
000000000010001115,4000,false,VB,008,50.000,0.000,8.994,4.699,1.708,10.250,18.136
000000000010001115,3000,false,VB,003,50.000,2.000,3.160,1.632,1.292,7.750,11.639
000000000010001116,2000,false,VB,003,38.000,1.000,9.672,6.085,2.250,13.500,10.162
000000000010001117,1000,false,VB,003,53.000,1.000,2.201,1.256,1.000,4.000,5.762
000000000010001118,4000,false,VB,002,36.000,3.000,7.571,3.851,2.083,12.500,18.184
000000000010001119,1000,false,VB,006,14.000,0.000,1.149,0.759,1.250,7.500,8.152
000000000090000067,4000,false,ND,004,27.000,2.000,0.000,0.000,1.000,1.000,1.000
000000000090000067,2000,false,ND,003,27.000,1.000,0.000,0.000,1.000,1.000,1.000
000000000010001120,1000,false,VB,002,15.000,3.000,0.000,0.000,1.000,1.000,0.000
000000000010001121,2000,false,VB,006,16.000,0.000,0.641,0.537,1.000,1.000,1.710
000000000010001121,3000,false,VB,005,16.000,0.000,1.376,1.183,1.000,1.500,1.891
000000000010001122,4000,false,VB,002,117.000,3.000,166.199,37.956,37.958,227.750,334.059
000000000010001123,2000,false,VB,004,59.000,3.000,1.285,0.767,1.000,2.500,4.326
000000000010001124,4000,false,VB,002,138.000,3.000,6.232,3.699,1.083,6.500,17.550
000000000010001125,1000,false,VB,002,144.000,2.000,208.435,26.571,26.292,157.750,269.567
000000000030000269,3000,false,PD,004,54.000,3.000,0.000,0.000,1.000,5.750,0.000
000000000010001126,3000,false,VB,001,20.000,2.000,43.107,14.962,26.958,161.750,174.245
000000000010001127,1000,false,VB,001,0.000,2.000,15.514,8.362,2.042,12.250,35.825
000000000010001127,3000,false,VB,001,144.000,0.000,18.471,9.283,2.833,17.000,54.124
000000000010001128,4000,false,VB,010,184.000,2.000,9.107,3.340,1.000,5.500,11.529
000000000010001129,3000,false,VB,007,32.000,0.000,2.811,1.975,1.000,5.500,8.624
000000000010001130,2000,false,VB,006,106.000,2.000,2.704,1.787,1.000,1.500,2.704
000000000010001131,3000,false,VB,009,0.000,3.000,5.077,1.933,1.417,8.500,12.312
000000000010001132,4000,false,VB,005,18.000,1.000,0.524,0.357,1.000,1.750,2.365
000000000010001133,1000,false,VB,008,18.000,3.000,12.865,2.694,10.500,63.000,37.486
000000000010001133,3000,false,VB,007,18.000,0.000,17.611,4.788,38.292,229.750,147.298
000000000010001134,3000,false,VB,009,7.000,3.000,13.877,5.558,35.458,212.750,124.190
000000000090000068,4000,false,ND,005,54.000,1.000,0.000,0.000,1.000,1.000,1.000
000000000010001135,2000,false,VB,006,130.000,1.000,171.658,22.741,30.208,181.250,338.463
000000000010001136,3000,false,VB,010,46.000,0.000,9.985,2.519,9.792,58.750,38.288
000000000090000069,3000,false,ND,001,33.000,3.000,0.000,0.000,1.000,1.000,1.000
000000000010001137,2000,false,VB,004,39.000,1.000,103.075,30.338,33.667,202.000,239.715
000000000010001138,1000,false,VB,003,188.000,3.000,8.750,3.825,1.000,3.250,8.750
000000000010001139,1000,false,VB,006,59.000,0.000,3.231,1.184,1.000,5.250,6.690
000000000010001140,1000,false,VB,005,72.000,3.000,58.703,15.390,23.458,140.750,147.995
000000000010001140,3000,false,VB,009,72.000,2.000,41.835,13.418,20.042,120.250,125.620
000000000030000270,4000,false,PD,010,150.000,2.000,0.000,0.000,1.042,6.250,0.000
000000000010001141,4000,false,VB,003,136.000,2.000,6.612,3.576,1.000,4.250,13.150
000000000010001142,2000,false,VB,003,121.000,1.000,5.840,2.873,1.083,6.500,20.791
000000000010001143,3000,false,VB,003,112.000,2.000,29.045,17.621,2.042,12.250,29.045
000000000010001144,1000,false,VB,008,190.000,0.000,5.596,1.513,1.000,4.000,11.103
000000000090000070,4000,false,ND,007,51.000,2.000,0.000,0.000,1.000,1.000,1.000
000000000030000271,4000,false,PD,006,9.000,1.000,0.000,0.000,1.042,6.250,0.000
000000000010001145,3000,false,VB,004,9.000,3.000,1.801,1.432,1.167,7.000,4.498
000000000010001146,4000,false,VB,005,42.000,1.000,11.744,8.125,1.667,10.000,21.838
000000000010001146,1000,false,VB,010,42.000,1.000,5.056,3.328,1.625,9.750,16.875
000000000010001147,3000,false,VB,003,14.000,1.000,0.231,0.164,1.000,1.750,1.642
000000000010001148,4000,false,VB,002,9.000,3.000,2.487,1.765,1.375,8.250,6.959
000000000010001149,3000,false,VB,009,90.000,3.000,0.000,0.000,1.000,1.000,0.000
000000000030000272,1000,false,ND,004,109.000,2.000,0.000,0.000,1.458,8.750,0.000
000000000010001150,4000,false,VB,005,63.000,1.000,140.842,29.023,34.792,208.750,288.653
000000000010001151,3000,false,VB,009,107.000,2.000,13.345,9.791,1.000,4.250,18.436
000000000030000273,4000,false,ND,003,134.000,2.000,0.000,0.000,1.000,5.750,0.000
000000000010001152,4000,false,VB,005,69.000,3.000,0.000,0.000,1.000,1.000,0.000
000000000010001152,2000,false,VB,005,69.000,3.000,0.000,0.000,1.000,1.000,0.000
000000000010001153,3000,false,VB,008,25.000,2.000,2.220,1.321,1.000,6.000,6.427
000000000080000242,2000,false,VB,004,19.000,1.000,0.972,0.616,1.000,3.000,3.922
000000000080000242,3000,false,VB,003,19.000,2.000,1.173,0.799,1.083,6.500,9.413
000000000030000274,1000,false,PD,007,42.000,2.000,0.000,0.000,1.375,8.250,0.000
000000000030000275,1000,false,ND,006,31.000,1.000,0.000,0.000,1.000,2.750,0.000
000000000010001154,3000,false,VB,003,146.000,0.000,7.312,3.615,1.000,5.750,8.673
000000000030000276,4000,false,PD,003,83.000,2.000,0.000,0.000,1.667,10.000,0.000
000000000010001155,3000,false,VB,007,35.000,3.000,78.133,13.368,37.833,227.000,172.777
000000000010001156,3000,false,VB,006,149.000,0.000,7.970,3.685,1.000,4.500,13.556
000000000080000243,3000,false,VB,001,10.000,1.000,0.865,0.582,1.000,4.250,2.509
000000000090000071,1000,false,ND,003,33.000,1.000,0.000,0.000,1.000,1.000,1.000
000000000090000072,1000,false,ND,004,60.000,2.000,0.000,0.000,1.000,1.000,1.000
000000000010001157,3000,false,VB,005,150.000,3.000,24.390,14.671,1.167,7.000,25.330
000000000010001158,1000,false,VB,009,107.000,2.000,7.626,3.668,1.000,5.000,7.626
000000000090000073,1000,false,ND,009,22.000,0.000,0.000,0.000,1.000,1.000,1.000
000000000030000277,4000,false,ND,005,60.000,0.000,0.000,0.000,1.167,7.000,0.000
000000000030000277,3000,false,ND,004,60.000,3.000,0.000,0.000,1.167,7.000,0.000
000000000010001159,2000,false,VB,008,16.000,0.000,0.000,0.000,1.000,1.000,0.000
000000000010001159,4000,false,VB,010,16.000,3.000,0.000,0.000,1.000,1.000,0.000
000000000080000244,1000,false,VB,005,56.000,2.000,1.398,0.825,1.000,3.500,3.702
000000000080000245,4000,false,VB,001,24.000,0.000,4.413,3.063,1.333,8.000,11.660
000000000010001160,3000,false,VB,007,25.000,1.000,5.267,3.851,1.458,8.750,15.885
000000000010001160,4000,false,VB,009,25.000,2.000,7.078,5.275,1.542,9.250,7.078
000000000030000278,3000,false,ND,010,34.000,2.000,0.000,0.000,1.125,6.750,0.000
000000000030000279,2000,false,ND,004,22.000,2.000,0.000,0.000,1.000,5.250,0.000
000000000030000280,2000,false,PD,005,26.000,2.000,0.000,0.000,2.000,12.000,0.000
000000000010001161,1000,false,VB,002,55.000,3.000,4.553,2.247,1.333,8.000,14.972
000000000010001162,3000,false,VB,009,54.000,0.000,12.782,7.921,1.708,10.250,12.782
000000000090000074,2000,false,ND,010,35.000,2.000,0.000,0.000,1.000,1.000,1.000
000000000010001163,3000,false,VB,007,26.000,1.000,2.245,1.735,1.000,2.000,3.923
000000000010001164,1000,false,VB,002,39.000,2.000,8.023,4.166,2.125,12.750,15.427
000000000010001164,3000,false,VB,001,39.000,2.000,1.072,0.610,1.000,3.000,3.595
000000000080000246,1000,false,VB,007,16.000,2.000,4.712,3.467,1.625,9.750,6.338
000000000080000246,4000,false,VB,003,16.000,3.000,4.694,3.589,1.542,9.250,10.469
000000000010001165,2000,false,VB,007,77.000,0.000,0.000,0.000,1.000,1.000,0.000
000000000010001166,4000,false,VB,010,32.000,2.000,22.041,6.433,25.792,154.750,119.844
000000000010001167,4000,false,VB,007,142.000,3.000,144.075,25.863,25.333,152.000,209.202
000000000010001168,2000,false,VB,002,47.000,0.000,18.094,4.426,12.333,74.000,74.323
000000000010001169,4000,false,VB,007,109.000,3.000,6.766,3.452,1.000,3.250,6.766
000000000010001169,1000,false,VB,004,109.000,0.000,3.382,1.775,1.000,3.250,5.648
000000000010001170,4000,false,VB,007,128.000,0.000,6.209,3.057,1.167,7.000,17.572
000000000010001171,4000,false,VB,005,29.000,3.000,5.075,3.005,2.208,13.250,11.343
000000000010001172,1000,false,VB,006,73.000,0.000,11.690,6.754,2.333,14.000,14.386
000000000010001173,4000,false,VB,003,140.000,3.000,0.000,0.000,1.000,1.000,0.000
000000000030000281,3000,false,PD,001,40.000,1.000,0.000,0.000,1.000,5.500,0.000
000000000010001174,4000,false,VB,005,41.000,2.000,85.859,17.787,29.292,175.750,122.830
000000000010001175,4000,false,VB,002,36.000,2.000,50.040,10.377,32.083,192.500,241.941
000000000030000282,1000,false,ND,003,142.000,0.000,0.000,0.000,1.042,6.250,0.000
000000000010001176,4000,false,VB,001,55.000,3.000,0.775,0.624,1.000,1.000,0.813
000000000030000283,3000,false,PD,003,150.000,2.000,0.000,0.000,1.000,2.250,0.000
000000000030000283,1000,false,ND,003,150.000,1.000,0.000,0.000,1.167,7.000,0.000
000000000010001177,2000,false,VB,003,17.000,0.000,1.939,1.174,2.542,15.250,17.794
000000000010001177,3000,false,VB,006,17.000,0.000,0.916,0.576,1.000,4.000,3.692
000000000080000247,1000,false,VB,010,26.000,0.000,3.347,2.349,1.000,5.750,7.795
000000000080000247,3000,false,VB,006,26.000,2.000,2.118,1.608,1.000,4.500,4.155
000000000010001178,4000,false,VB,008,221.000,0.000,7.791,2.766,1.000,4.000,14.805
000000000010001178,2000,false,VB,001,221.000,2.000,9.220,4.622,1.000,2.250,9.712
000000000010001179,2000,false,VB,005,123.000,1.000,5.781,3.787,1.000,4.000,8.284
000000000010001179,3000,false,VB,002,123.000,2.000,19.135,12.209,1.500,9.000,29.671
000000000030000284,3000,false,ND,006,46.000,0.000,0.000,0.000,1.708,10.250,0.000
000000000030000284,2000,false,PD,005,46.000,3.000,0.000,0.000,1.625,9.750,0.000
000000000010001180,4000,false,VB,004,127.000,0.000,11.111,5.398,1.625,9.750,17.200
000000000010001181,1000,false,VB,001,34.000,2.000,5.067,3.108,1.208,7.250,8.325
000000000010001182,4000,false,VB,009,19.000,2.000,24.843,6.387,21.708,130.250,130.538
000000000010001182,3000,false,VB,004,19.000,1.000,6.978,2.110,11.458,68.750,74.432
000000000010001183,2000,false,VB,001,36.000,1.000,4.873,3.157,1.000,6.000,8.874
000000000010001183,3000,false,VB,007,36.000,0.000,2.397,1.489,1.625,9.750,7.745
000000000010001184,1000,false,VB,001,109.000,0.000,192.264,27.461,31.667,190.000,386.722
000000000030000285,4000,false,ND,003,56.000,3.000,0.000,0.000,1.000,5.750,0.000
000000000010001185,4000,false,VB,007,20.000,3.000,0.000,0.000,1.000,1.000,0.000
000000000030000286,1000,false,PD,010,8.000,2.000,0.000,0.000,1.417,8.500,0.000
000000000030000286,4000,false,ND,010,8.000,3.000,0.000,0.000,1.250,7.500,0.000
000000000010001186,2000,false,VB,001,60.000,2.000,2.113,1.153,1.000,5.250,4.564
000000000010001186,3000,false,VB,002,60.000,3.000,8.702,4.118,2.250,13.500,11.832
000000000010001187,4000,false,VB,005,93.000,1.000,0.000,0.000,1.000,1.000,0.000
000000000030000287,4000,false,PD,003,0.000,3.000,0.000,0.000,1.542,9.250,0.000
000000000010001188,1000,false,VB,009,119.000,3.000,13.566,8.338,1.000,4.500,13.566
000000000010001188,4000,false,VB,005,119.000,0.000,12.451,7.472,1.333,8.000,13.590
000000000010001189,4000,false,VB,007,31.000,0.000,0.000,0.000,1.000,1.000,0.000
000000000010001190,4000,false,VB,006,41.000,3.000,2.526,1.578,1.000,3.000,2.561
000000000080000248,2000,false,VB,007,30.000,2.000,2.289,1.262,1.000,4.750,6.078
000000000080000248,4000,false,VB,002,30.000,0.000,1.828,1.063,1.625,9.750,10.237
000000000010001191,3000,false,VB,003,13.000,1.000,0.000,0.000,1.000,1.000,0.000
000000000030000288,2000,false,ND,008,22.000,2.000,0.000,0.000,1.000,5.250,0.000
000000000030000288,3000,false,ND,005,22.000,0.000,0.000,0.000,1.083,6.500,0.000
000000000010001192,4000,false,VB,007,35.000,3.000,5.048,3.437,1.042,6.250,6.941
000000000010001193,4000,false,VB,005,17.000,1.000,11.471,4.031,27.625,165.750,169.130
000000000010001194,2000,false,VB,005,52.000,3.000,0.000,0.000,1.000,1.000,0.000
000000000010001195,2000,false,VB,010,152.000,1.000,21.288,10.753,1.375,8.250,21.288
000000000010001195,3000,false,VB,003,152.000,0.000,6.121,3.354,1.000,2.250,6.121
000000000010001196,4000,false,VB,004,40.000,0.000,16.481,2.443,15.667,94.000,92.277
000000000010001197,1000,false,VB,005,59.000,3.000,2.099,1.566,1.000,2.500,4.915
000000000010001198,1000,false,VB,008,181.000,1.000,14.047,4.908,1.000,6.000,19.602
000000000010001198,4000,false,VB,001,181.000,1.000,19.999,6.243,1.750,10.500,22.561
000000000010001199,3000,false,VB,007,144.000,0.000,3.891,2.074,1.000,5.000,11.450
000000000080000249,1000,false,VB,001,56.000,1.000,7.822,4.385,1.167,7.000,12.620
000000000080000250,2000,false,VB,001,55.000,0.000,3.137,1.725,1.083,6.500,11.539
000000000010001200,1000,false,VB,006,28.000,3.000,9.180,2.277,16.917,101.500,64.267
000000000010001200,3000,false,VB,008,28.000,0.000,25.994,6.285,18.792,112.750,75.357
000000000010001201,2000,false,VB,009,200.000,3.000,7.363,2.088,1.000,3.750,12.995
000000000010001201,3000,false,VB,003,200.000,0.000,4.658,1.575,1.000,6.000,14.670
000000000010001202,2000,false,VB,001,40.000,2.000,9.077,4.011,2.583,15.500,10.433
000000000010001203,4000,false,VB,002,101.000,0.000,165.321,36.835,35.667,214.000,212.860
000000000010001204,4000,false,VB,002,56.000,1.000,0.649,0.373,1.000,1.500,1.652
000000000010001204,3000,false,VB,009,56.000,3.000,1.426,0.907,1.000,1.000,1.426
000000000010001205,1000,false,VB,009,101.000,3.000,18.823,12.335,1.375,8.250,18.823
000000000010001206,3000,false,VB,008,35.000,3.000,6.828,4.072,1.667,10.000,17.000
000000000010001207,4000,false,VB,002,79.000,1.000,19.910,12.894,1.583,9.500,23.659
000000000010001208,4000,false,VB,010,0.000,0.000,0.000,0.000,1.000,1.000,0.000
000000000010001209,2000,false,VB,007,95.000,0.000,25.752,14.823,2.083,12.500,25.752
000000000010001210,4000,false,VB,006,134.000,2.000,218.447,22.511,32.625,195.750,218.447
000000000010001210,3000,false,VB,008,134.000,2.000,34.436,4.623,13.500,81.000,101.767
000000000030000289,4000,false,ND,010,50.000,0.000,0.000,0.000,1.250,7.500,0.000
000000000090000075,1000,false,ND,004,38.000,0.000,0.000,0.000,1.000,1.000,1.000
000000000090000075,4000,false,ND,010,38.000,1.000,0.000,0.000,1.000,1.000,1.000
000000000010001211,1000,false,VB,007,124.000,1.000,7.756,3.627,1.167,7.000,16.067
000000000030000290,4000,false,PD,008,142.000,2.000,0.000,0.000,1.542,9.250,0.000
000000000010001212,2000,false,VB,009,40.000,2.000,0.000,0.000,1.000,1.000,0.000
000000000010001213,2000,false,VB,010,49.000,1.000,40.873,8.359,30.000,180.000,237.226
000000000030000291,4000,false,ND,006,50.000,1.000,0.000,0.000,1.000,3.750,0.000
000000000030000291,1000,false,ND,002,50.000,1.000,0.000,0.000,1.417,8.500,0.000
000000000030000292,3000,false,PD,007,37.000,2.000,0.000,0.000,1.833,11.000,0.000
000000000010001214,3000,false,VB,005,114.000,2.000,23.476,14.271,1.625,9.750,23.476
000000000010001214,2000,false,VB,007,114.000,2.000,6.923,4.349,1.167,7.000,12.483
000000000010001215,2000,false,VB,005,46.000,1.000,7.686,3.666,2.542,15.250,16.376
000000000010001216,2000,false,VB,009,11.000,1.000,0.000,0.000,1.000,1.000,0.000
000000000010001217,3000,false,VB,004,56.000,1.000,1.180,0.750,1.000,1.000,1.180
000000000010001217,1000,false,VB,010,56.000,1.000,1.751,1.056,1.000,2.500,2.704
000000000030000293,2000,false,PD,009,34.000,0.000,0.000,0.000,1.000,3.250,0.000
000000000030000293,3000,false,PD,004,34.000,0.000,0.000,0.000,1.000,2.750,0.000
000000000010001218,4000,false,VB,001,51.000,3.000,0.000,0.000,1.000,1.000,0.000
000000000080000251,2000,false,VB,002,24.000,3.000,4.994,3.507,1.833,11.000,8.261
000000000030000294,2000,false,ND,007,42.000,2.000,0.000,0.000,1.750,10.500,0.000
000000000030000294,1000,false,PD,010,0.000,0.000,0.000,0.000,1.083,6.500,0.000
000000000030000295,3000,false,ND,008,120.000,1.000,0.000,0.000,1.000,5.250,0.000
000000000010001219,1000,false,VB,001,46.000,3.000,1.096,0.859,1.000,1.000,1.242
000000000010001220,3000,false,VB,007,169.000,3.000,2.634,1.241,1.000,3.000,5.290
000000000010001221,2000,false,VB,004,27.000,1.000,5.861,3.888,1.792,10.750,17.756
000000000010001221,3000,false,VB,004,27.000,0.000,2.495,1.938,1.000,2.500,2.817
000000000010001222,1000,false,VB,006,28.000,0.000,0.000,0.000,1.000,1.000,0.000
000000000010001223,4000,false,VB,007,49.000,0.000,12.104,7.484,2.083,12.500,19.631
000000000080000252,1000,false,VB,010,80.000,3.000,6.148,3.594,1.375,8.250,17.629
000000000010001224,2000,false,VB,003,30.000,0.000,40.142,9.541,23.542,141.250,177.634
000000000010001225,2000,false,VB,003,22.000,1.000,33.029,7.880,23.958,143.750,151.748
000000000010001226,3000,false,VB,009,13.000,2.000,0.000,0.000,1.000,1.000,0.000
000000000010001227,1000,false,VB,006,227.000,0.000,6.537,2.366,1.000,5.000,18.753
000000000080000253,3000,false,VB,002,0.000,2.000,2.551,1.800,1.000,4.000,4.838
000000000080000254,4000,false,VB,004,54.000,2.000,8.034,4.815,1.875,11.250,17.116
000000000030000296,3000,false,PD,009,44.000,3.000,0.000,0.000,1.000,6.000,0.000
000000000010001228,1000,false,VB,008,56.000,0.000,1.444,0.694,1.000,5.750,10.876
000000000010001228,4000,false,VB,008,56.000,0.000,2.213,1.171,1.000,4.250,3.631
000000000010001229,1000,false,VB,007,59.000,1.000,2.396,1.361,1.000,3.000,4.320
000000000010001229,4000,false,VB,004,59.000,2.000,0.382,0.255,1.000,1.000,1.450
000000000010001230,3000,false,VB,004,0.000,2.000,9.359,7.016,1.333,8.000,9.401
000000000030000297,3000,false,ND,010,43.000,0.000,0.000,0.000,1.458,8.750,0.000
000000000080000255,4000,false,VB,010,16.000,2.000,3.411,2.369,1.167,7.000,7.824
000000000010001231,1000,false,VB,002,147.000,2.000,150.504,25.598,16.625,99.750,159.885
000000000030000298,1000,false,ND,006,127.000,1.000,0.000,0.000,1.417,8.500,0.000
000000000030000299,2000,false,ND,009,110.000,0.000,0.000,0.000,1.000,5.250,0.000
000000000080000256,1000,false,VB,009,58.000,2.000,9.906,6.471,1.208,7.250,9.906
000000000010001232,2000,false,VB,005,24.000,1.000,5.071,1.360,11.042,66.250,62.414
000000000080000257,2000,false,VB,001,55.000,3.000,6.028,3.807,1.000,5.000,6.780
000000000010001233,2000,false,VB,004,58.000,1.000,3.442,1.814,1.458,8.750,12.386
000000000010001233,3000,false,VB,007,58.000,0.000,7.092,3.458,2.000,12.000,16.854
000000000010001234,3000,false,VB,010,57.000,0.000,0.000,0.000,1.000,1.000,0.000
000000000010001235,2000,false,VB,003,118.000,0.000,12.891,8.432,1.000,4.500,19.037
000000000010001236,4000,false,VB,001,16.000,2.000,16.050,6.246,27.583,165.500,124.751
000000000010001236,2000,false,VB,005,16.000,2.000,8.184,3.018,14.333,86.000,72.797
000000000010001237,2000,false,VB,004,48.000,1.000,0.964,0.665,1.000,1.000,1.061
000000000010001238,3000,false,VB,007,201.000,0.000,14.238,6.996,1.000,5.000,18.238
000000000090000076,4000,false,ND,003,40.000,3.000,0.000,0.000,1.000,1.000,1.000
000000000010001239,4000,false,VB,001,49.000,1.000,3.747,2.087,1.000,5.500,5.146
000000000010001239,2000,false,VB,001,49.000,0.000,2.869,1.515,1.458,8.750,9.150
000000000010001240,2000,false,VB,004,58.000,3.000,1.628,0.774,1.000,2.500,3.064
000000000030000300,3000,false,ND,009,105.000,0.000,0.000,0.000,1.833,11.000,0.000
000000000010001241,3000,false,VB,004,26.000,0.000,1.000,0.678,1.000,3.750,4.514
000000000010001242,1000,false,VB,007,196.000,3.000,13.005,4.427,1.000,6.000,14.280
000000000010001243,4000,false,VB,009,56.000,3.000,118.887,18.448,42.583,255.500,178.681
000000000010001243,3000,false,VB,004,56.000,0.000,120.240,23.280,38.000,228.000,310.121
000000000010001244,4000,false,VB,003,101.000,2.000,10.502,5.883,1.000,5.750,11.889
000000000010001245,1000,false,VB,007,26.000,2.000,45.566,11.415,26.625,159.750,135.860
000000000080000258,4000,false,VB,001,20.000,1.000,1.786,1.290,1.542,9.250,8.711
000000000080000258,2000,false,VB,005,20.000,3.000,4.259,3.327,1.000,5.500,8.429
000000000010001246,2000,false,VB,007,38.000,1.000,0.000,0.000,1.000,1.000,0.000
000000000010001247,1000,false,VB,005,127.000,3.000,0.000,0.000,1.000,1.000,0.000
000000000090000077,1000,false,ND,003,35.000,2.000,0.000,0.000,1.000,1.000,1.000
000000000010001248,2000,false,VB,008,14.000,2.000,0.000,0.000,1.000,1.000,0.000
000000000010001249,3000,false,VB,004,170.000,3.000,1.890,0.710,1.000,2.750,8.317
000000000010001250,4000,false,VB,004,118.000,1.000,13.582,6.016,1.875,11.250,33.281
000000000080000259,1000,false,VB,002,59.000,3.000,4.795,3.042,1.167,7.000,10.739
000000000010001251,2000,false,VB,001,21.000,2.000,2.740,2.041,1.000,6.000,6.463
000000000010001252,2000,false,VB,002,38.000,2.000,0.000,0.000,1.000,1.000,0.000
000000000010001253,1000,false,VB,005,68.000,3.000,0.000,0.000,1.000,1.000,0.000
000000000010001254,4000,false,VB,009,99.000,2.000,139.286,30.284,22.042,132.250,276.234
000000000010001255,3000,false,VB,008,17.000,3.000,3.121,1.813,1.833,11.000,7.437
000000000010001256,1000,false,VB,004,102.000,3.000,165.517,23.846,26.542,159.250,221.040
000000000010001256,4000,false,VB,009,0.000,3.000,91.301,12.458,22.167,133.000,162.375
000000000030000301,2000,false,ND,002,55.000,1.000,0.000,0.000,1.708,10.250,0.000
000000000030000301,4000,false,PD,003,55.000,2.000,0.000,0.000,1.000,5.000,0.000
000000000010001257,3000,false,VB,006,126.000,3.000,0.000,0.000,1.000,1.000,0.000
000000000010001258,4000,false,VB,009,51.000,0.000,11.913,8.065,1.292,7.750,12.302
000000000090000078,3000,false,ND,008,12.000,1.000,0.000,0.000,1.000,1.000,1.000
000000000090000078,4000,false,ND,003,12.000,3.000,0.000,0.000,1.000,1.000,1.000
000000000010001259,1000,false,VB,010,162.000,2.000,1.834,0.664,1.000,3.000,4.965
000000000010001260,2000,false,VB,002,217.000,2.000,19.717,5.778,1.167,7.000,19.717
000000000080000260,4000,false,VB,007,13.000,3.000,0.870,0.686,1.000,5.250,4.418
000000000010001261,3000,false,VB,009,228.000,3.000,12.804,3.913,1.083,6.500,22.560
000000000080000261,3000,false,VB,004,110.000,1.000,15.417,9.150,1.000,6.000,15.417
000000000010001262,3000,false,VB,009,56.000,2.000,0.000,0.000,1.000,1.000,0.000
000000000010001263,1000,false,VB,001,57.000,2.000,35.015,12.135,18.250,109.500,156.959
000000000010001264,2000,false,VB,001,78.000,0.000,15.891,9.389,1.458,8.750,15.891
000000000010001264,3000,false,VB,005,78.000,2.000,10.905,6.084,1.708,10.250,18.882
000000000010001265,1000,false,VB,002,89.000,1.000,15.953,9.352,1.500,9.000,15.953
000000000010001266,1000,false,VB,001,27.000,1.000,1.174,0.748,1.000,1.750,1.812
000000000010001267,3000,false,VB,003,44.000,0.000,1.916,1.112,1.000,5.500,4.198
000000000010001268,4000,false,VB,004,14.000,0.000,18.216,5.154,20.417,122.500,73.182
000000000080000262,2000,false,VB,001,50.000,2.000,2.236,1.474,1.000,5.000,8.537
000000000080000262,1000,false,VB,007,50.000,2.000,5.355,3.847,1.000,5.250,11.328
000000000030000302,1000,false,PD,009,14.000,3.000,0.000,0.000,1.000,4.500,0.000
000000000010001269,4000,false,VB,008,94.000,2.000,12.640,8.207,1.417,8.500,28.744
000000000010001270,4000,false,VB,007,35.000,0.000,9.975,7.228,1.458,8.750,18.595
000000000030000303,4000,false,PD,002,0.000,3.000,0.000,0.000,1.083,6.500,0.000
000000000090000079,2000,false,ND,002,20.000,2.000,0.000,0.000,1.000,1.000,1.000
000000000090000079,4000,false,ND,001,20.000,1.000,0.000,0.000,1.000,1.000,1.000
000000000010001271,4000,false,VB,007,41.000,2.000,0.000,0.000,1.000,1.000,0.000
000000000010001272,1000,false,VB,003,44.000,0.000,2.318,1.373,1.417,8.500,14.117
000000000010001273,1000,false,VB,008,50.000,2.000,41.595,8.314,27.667,166.000,119.076
000000000010001274,1000,false,VB,008,86.000,2.000,5.357,3.316,1.167,7.000,9.561
000000000010001275,1000,false,VB,009,115.000,2.000,9.435,5.757,1.000,5.250,18.519
000000000010001276,2000,false,VB,005,41.000,1.000,2.485,1.145,1.125,6.750,7.211
000000000010001277,4000,false,VB,003,140.000,0.000,7.604,4.479,1.250,7.500,17.521
000000000010001278,4000,false,VB,007,34.000,1.000,14.780,3.199,22.333,134.000,169.717
000000000010001279,3000,false,VB,009,65.000,0.000,0.000,0.000,1.000,1.000,0.000
000000000010001280,4000,false,VB,010,48.000,0.000,3.271,2.211,1.000,5.250,8.953
000000000010001281,1000,false,VB,009,22.000,1.000,2.827,1.676,1.667,10.000,13.839
000000000090000080,2000,false,ND,003,13.000,3.000,0.000,0.000,1.000,1.000,1.000
000000000090000080,4000,false,ND,001,13.000,0.000,0.000,0.000,1.000,1.000,1.000
000000000030000304,2000,false,ND,010,58.000,0.000,0.000,0.000,1.708,10.250,0.000
000000000080000263,3000,false,VB,002,135.000,3.000,21.811,11.419,1.875,11.250,21.811
000000000010001282,4000,false,VB,008,44.000,1.000,2.721,1.278,1.000,5.250,3.773
000000000010001283,1000,false,VB,003,28.000,1.000,15.591,2.873,16.667,100.000,106.783
000000000010001283,3000,false,VB,008,28.000,2.000,25.399,5.006,22.917,137.500,124.179
000000000010001284,2000,false,VB,002,38.000,3.000,31.789,7.904,16.542,99.250,68.213
000000000010001285,3000,false,VB,007,52.000,1.000,38.650,6.564,36.917,221.500,331.114
000000000030000305,3000,false,PD,008,60.000,3.000,0.000,0.000,1.000,2.500,0.000
000000000010001286,2000,false,VB,004,30.000,3.000,5.124,2.722,2.458,14.750,10.984
000000000030000306,2000,false,PD,001,42.000,2.000,0.000,0.000,1.708,10.250,0.000
000000000010001287,2000,false,VB,010,117.000,2.000,7.528,4.617,1.417,8.500,24.568
000000000080000264,4000,false,VB,003,146.000,3.000,6.079,3.905,1.000,5.250,21.367
000000000010001288,3000,false,VB,006,108.000,0.000,8.398,4.528,1.000,6.000,8.398
000000000010001289,2000,false,VB,010,97.000,1.000,1.946,1.409,1.000,2.000,4.628
000000000010001290,2000,false,VB,003,21.000,1.000,3.697,2.505,1.125,6.750,5.726
000000000010001291,1000,false,VB,001,0.000,1.000,3.242,2.417,1.000,2.750,5.640
000000000010001291,2000,false,VB,008,37.000,0.000,8.144,5.740,1.958,11.750,19.831
000000000010001292,2000,false,VB,007,86.000,0.000,1.830,1.162,1.000,1.000,2.054
000000000010001293,3000,false,VB,001,10.000,1.000,0.202,0.163,1.000,1.000,1.241
000000000010001294,1000,false,VB,009,39.000,3.000,59.244,8.809,22.500,135.000,93.707
000000000010001295,2000,false,VB,007,101.000,2.000,6.978,4.222,1.000,3.250,8.814
000000000030000307,2000,false,ND,010,50.000,1.000,0.000,0.000,1.042,6.250,0.000
000000000030000308,1000,false,ND,007,43.000,3.000,0.000,0.000,2.208,13.250,0.000
000000000030000308,3000,false,PD,002,43.000,3.000,0.000,0.000,1.000,3.250,0.000
000000000010001296,3000,false,VB,001,136.000,3.000,0.000,0.000,1.000,1.000,0.000
000000000010001297,1000,false,VB,009,57.000,3.000,9.740,4.943,2.167,13.000,16.608
000000000010001298,4000,false,VB,007,102.000,0.000,1.537,0.895,1.000,1.250,1.832
000000000010001298,2000,false,VB,010,102.000,3.000,0.779,0.454,1.000,1.250,2.785
000000000010001299,3000,false,VB,007,108.000,1.000,16.624,10.330,1.292,7.750,26.874
000000000010001300,3000,false,VB,001,184.000,0.000,9.166,4.220,1.000,3.000,9.166
000000000010001300,4000,false,VB,007,184.000,2.000,17.192,7.916,1.000,6.000,23.260
000000000090000081,1000,false,ND,010,42.000,2.000,0.000,0.000,1.000,1.000,1.000
000000000090000081,4000,false,ND,002,42.000,1.000,0.000,0.000,1.000,1.000,1.000
000000000010001301,1000,false,VB,008,34.000,0.000,2.605,1.808,1.250,7.500,7.850
000000000010001302,2000,false,VB,010,100.000,0.000,11.896,7.693,1.000,6.000,11.896
000000000030000309,2000,false,PD,006,18.000,3.000,0.000,0.000,1.000,3.250,0.000
000000000010001303,4000,false,VB,001,134.000,2.000,190.757,40.419,27.500,165.000,199.092
000000000080000265,2000,false,VB,002,12.000,0.000,3.338,2.770,1.417,8.500,13.146
000000000010001304,1000,false,VB,006,130.000,0.000,103.172,19.337,15.917,95.500,106.108
000000000010001305,2000,false,VB,010,38.000,3.000,1.252,0.688,1.000,3.750,5.922
000000000010001306,3000,false,VB,001,40.000,1.000,1.870,1.341,1.000,1.500,3.225
000000000030000310,3000,false,PD,003,127.000,3.000,0.000,0.000,2.292,13.750,0.000
000000000010001307,3000,false,VB,008,33.000,3.000,9.328,6.430,2.208,13.250,18.061
000000000080000266,3000,false,VB,005,50.000,0.000,11.801,6.858,2.375,14.250,22.982
000000000010001308,2000,false,VB,008,57.000,1.000,42.460,9.976,36.708,220.250,230.197
000000000010001309,2000,false,VB,002,117.000,0.000,3.079,1.844,1.000,2.000,5.838
000000000030000311,4000,false,ND,009,92.000,1.000,0.000,0.000,1.000,5.500,0.000
000000000010001310,3000,false,VB,007,43.000,2.000,0.000,0.000,1.000,1.000,0.000
000000000080000267,4000,false,VB,006,139.000,1.000,3.668,2.058,1.000,3.500,7.099
000000000030000312,2000,false,PD,009,30.000,1.000,0.000,0.000,1.500,9.000,0.000
000000000030000312,3000,false,ND,003,30.000,2.000,0.000,0.000,1.500,9.000,0.000
000000000010001311,4000,false,VB,003,50.000,3.000,6.012,3.122,1.208,7.250,9.283
000000000010001312,3000,false,VB,004,26.000,0.000,5.152,2.929,2.458,14.750,18.412
000000000090000082,1000,false,ND,005,53.000,1.000,0.000,0.000,1.000,1.000,1.000
000000000090000082,4000,false,ND,005,53.000,3.000,0.000,0.000,1.000,1.000,1.000
000000000010001313,3000,false,VB,002,48.000,2.000,119.414,13.389,41.583,249.500,293.174
000000000010001314,3000,false,VB,008,42.000,1.000,24.325,7.111,11.250,67.500,91.418
000000000010001315,4000,false,VB,003,55.000,2.000,51.500,8.171,30.625,183.750,128.251
000000000090000083,4000,false,ND,008,11.000,3.000,0.000,0.000,1.000,1.000,1.000
000000000010001316,3000,false,VB,003,0.000,1.000,0.000,0.000,1.000,1.000,0.000
000000000010001316,2000,false,VB,009,128.000,1.000,0.000,0.000,1.000,1.000,0.000
000000000010001317,3000,false,VB,001,39.000,3.000,60.511,11.074,37.875,227.250,236.706
000000000010001318,2000,false,VB,002,106.000,0.000,22.930,13.974,1.500,9.000,22.930
000000000010001318,4000,false,VB,005,0.000,3.000,13.108,6.526,1.500,9.000,16.938
000000000010001319,4000,false,VB,001,38.000,1.000,1.305,0.864,1.000,3.250,3.675
000000000010001319,1000,false,VB,003,38.000,3.000,6.947,4.989,1.000,5.500,6.947
000000000010001320,3000,false,VB,003,57.000,2.000,101.017,20.590,26.917,161.500,142.131
000000000010001321,1000,false,VB,003,31.000,0.000,4.798,2.930,1.417,8.500,13.290
000000000010001321,2000,false,VB,007,31.000,2.000,2.861,1.721,1.000,4.250,3.554
000000000030000313,1000,false,ND,001,59.000,1.000,0.000,0.000,1.000,4.750,0.000
000000000030000314,4000,false,PD,008,9.000,2.000,0.000,0.000,1.000,4.750,0.000
000000000090000084,3000,false,ND,008,52.000,1.000,0.000,0.000,1.000,1.000,1.000
000000000010001322,4000,false,VB,001,100.000,3.000,0.000,0.000,1.000,1.000,0.000
000000000010001323,1000,false,VB,002,129.000,2.000,5.913,2.183,1.083,6.500,8.025
000000000010001324,2000,false,VB,010,35.000,1.000,83.056,25.311,28.250,169.500,175.764
000000000010001325,4000,false,VB,006,51.000,0.000,9.592,4.101,2.708,16.250,14.341
000000000010001326,2000,false,VB,007,15.000,0.000,0.000,0.000,1.000,1.000,0.000
000000000010001326,4000,false,VB,009,15.000,3.000,0.000,0.000,1.000,1.000,0.000
000000000010001327,3000,false,VB,002,112.000,2.000,10.502,6.148,1.000,5.250,16.812
000000000010001327,2000,false,VB,005,112.000,2.000,4.160,2.295,1.042,6.250,20.554
000000000030000315,2000,false,PD,008,88.000,2.000,0.000,0.000,2.208,13.250,0.000
000000000010001328,4000,false,VB,010,53.000,2.000,2.545,1.587,1.000,5.500,5.362
000000000010001329,2000,false,VB,009,28.000,2.000,0.000,0.000,1.000,1.000,0.000
000000000010001330,3000,false,VB,006,114.000,1.000,9.687,5.691,1.000,4.750,15.254
