Ebeln,Ebelp,Etenr,Eindt,Menge,Wemng
4500000000,00010,0001,2025-01-03T00:00:00,119.000,119.000
4500000001,00010,0001,2025-06-30T00:00:00,139.000,139.000
4500000002,00010,0001,2026-01-17T00:00:00,133.000,133.000
4500000003,00010,0001,2026-07-27T00:00:00,131.000,131.000
4500000004,00010,0001,2024-12-07T00:00:00,113.000,113.000
4500000005,00010,0001,2025-06-05T00:00:00,107.000,0.000
4500000006,00010,0001,2025-07-23T00:00:00,118.000,74.000
4500000007,00010,0001,2026-02-06T00:00:00,115.000,0.000
4500000008,00010,0001,2026-03-13T00:00:00,118.000,118.000
4500000009,00010,0001,2024-12-14T00:00:00,103.000,103.000
4500000010,00010,0001,2025-05-20T00:00:00,100.000,54.000
4500000011,00010,0001,2025-07-21T00:00:00,92.000,92.000
4500000012,00010,0001,2025-12-21T00:00:00,93.000,93.000
4500000013,00010,0001,2026-05-11T00:00:00,101.000,101.000
4500000014,00010,0001,2026-10-10T00:00:00,103.000,0.000
4500000015,00010,0001,2025-01-18T00:00:00,11.000,0.000
4500000016,00010,0001,2025-02-25T00:00:00,15.000,0.000
4500000017,00010,0001,2025-03-20T00:00:00,15.000,15.000
4500000018,00010,0001,2025-09-19T00:00:00,7.000,4.000
4500000019,00010,0001,2025-12-15T00:00:00,11.000,0.000
4500000020,00010,0001,2026-01-14T00:00:00,11.000,11.000
4500000021,00010,0001,2024-11-06T00:00:00,4.000,4.000
4500000022,00010,0001,2025-03-01T00:00:00,5.000,5.000
4500000023,00010,0001,2025-04-26T00:00:00,4.000,4.000
4500000024,00010,0001,2025-06-28T00:00:00,4.000,0.000
4500000025,00010,0001,2025-08-11T00:00:00,7.000,7.000
4500000026,00010,0001,2026-02-22T00:00:00,6.000,6.000
4500000027,00010,0001,2026-04-18T00:00:00,5.000,5.000
4500000028,00010,0001,2024-10-17T00:00:00,5.000,0.000
4500000029,00010,0001,2024-11-21T00:00:00,9.000,9.000
4500000030,00010,0001,2025-01-22T00:00:00,8.000,8.000
4500000031,00010,0001,2025-06-02T00:00:00,5.000,3.000
4500000032,00010,0001,2025-09-12T00:00:00,5.000,5.000
4500000033,00010,0001,2026-05-27T00:00:00,9.000,9.000
4500000034,00010,0001,2024-10-30T00:00:00,13.000,0.000
4500000035,00010,0001,2024-12-19T00:00:00,19.000,19.000
4500000036,00010,0001,2025-05-16T00:00:00,13.000,7.000
4500000037,00010,0001,2025-08-23T00:00:00,14.000,14.000
4500000038,00010,0001,2025-12-22T00:00:00,16.000,16.000
4500000039,00010,0001,2026-09-14T00:00:00,15.000,0.000
4500000040,00010,0001,2024-11-02T00:00:00,10.000,10.000
4500000041,00010,0001,2025-04-10T00:00:00,7.000,7.000
4500000042,00010,0001,2025-06-21T00:00:00,6.000,6.000
4500000043,00010,0001,2025-10-24T00:00:00,8.000,8.000
4500000044,00010,0001,2026-07-05T00:00:00,8.000,8.000
4500000045,00010,0001,2024-12-15T00:00:00,100.000,100.000
4500000046,00010,0001,2025-03-19T00:00:00,105.000,105.000
4500000047,00010,0001,2025-05-28T00:00:00,116.000,116.000
4500000048,00010,0001,2025-08-02T00:00:00,91.000,91.000
4500000049,00010,0001,2025-10-26T00:00:00,108.000,108.000
4500000050,00010,0001,2026-02-03T00:00:00,113.000,113.000
4500000051,00010,0001,2026-04-09T00:00:00,100.000,100.000
4500000052,00010,0001,2026-08-18T00:00:00,101.000,101.000
4500000053,00010,0001,2024-12-06T00:00:00,189.000,0.000
4500000054,00010,0001,2025-01-24T00:00:00,200.000,200.000
4500000055,00010,0001,2025-07-18T00:00:00,169.000,169.000
4500000056,00010,0001,2026-01-17T00:00:00,177.000,177.000
4500000057,00010,0001,2026-10-12T00:00:00,181.000,0.000
4500000058,00010,0001,2025-07-11T00:00:00,7.000,7.000
4500000059,00010,0001,2026-07-02T00:00:00,7.000,7.000
4500000060,00010,0001,2027-03-06T00:00:00,7.000,0.000
4500000061,00010,0001,2025-04-19T00:00:00,15.000,0.000
4500000062,00010,0001,2025-05-01T00:00:00,22.000,22.000
4500000063,00010,0001,2026-01-12T00:00:00,15.000,15.000
4500000064,00010,0001,2026-05-08T00:00:00,14.000,0.000
4500000065,00010,0001,2026-06-23T00:00:00,16.000,16.000
4500000066,00010,0001,2026-09-15T00:00:00,26.000,0.000
4500000067,00010,0001,2025-04-17T00:00:00,17.000,17.000
4500000068,00010,0001,2025-11-24T00:00:00,18.000,0.000
4500000069,00010,0001,2025-12-22T00:00:00,21.000,21.000
4500000070,00010,0001,2026-08-06T00:00:00,18.000,18.000
4500000071,00010,0001,2024-11-10T00:00:00,10.000,10.000
4500000072,00010,0001,2025-04-07T00:00:00,6.000,6.000
4500000073,00010,0001,2025-07-05T00:00:00,7.000,7.000
4500000074,00010,0001,2026-06-01T00:00:00,8.000,0.000
4500000075,00010,0001,2026-06-28T00:00:00,8.000,8.000
4500000076,00010,0001,2024-11-05T00:00:00,16.000,0.000
4500000077,00010,0001,2025-01-06T00:00:00,23.000,23.000
4500000078,00010,0001,2026-03-03T00:00:00,19.000,19.000
4500000079,00010,0001,2026-06-25T00:00:00,19.000,0.000
4500000080,00010,0001,2026-07-17T00:00:00,24.000,24.000
4500000081,00010,0001,2025-04-03T00:00:00,4.000,0.000
4500000082,00010,0001,2025-04-26T00:00:00,4.000,0.000
4500000083,00010,0001,2025-05-13T00:00:00,4.000,3.000
4500000084,00010,0001,2025-11-06T00:00:00,4.000,4.000
4500000085,00010,0001,2026-11-27T00:00:00,4.000,0.000
4500000086,00010,0001,2024-12-21T00:00:00,175.000,175.000
4500000087,00010,0001,2025-05-03T00:00:00,147.000,108.000
4500000088,00010,0001,2025-08-08T00:00:00,148.000,148.000
4500000089,00010,0001,2025-11-22T00:00:00,151.000,151.000
4500000090,00010,0001,2026-03-24T00:00:00,156.000,156.000
4500000091,00010,0001,2026-09-11T00:00:00,148.000,0.000
4500000092,00010,0001,2025-10-13T00:00:00,2.000,2.000
4500000093,00010,0001,2025-12-07T00:00:00,3.000,0.000
4500000094,00010,0001,2025-12-29T00:00:00,4.000,4.000
4500000095,00010,0001,2026-06-28T00:00:00,2.000,2.000
4500000096,00010,0001,2026-08-31T00:00:00,3.000,0.000
4500000097,00010,0001,2026-10-05T00:00:00,3.000,0.000
4500000098,00010,0001,2024-11-29T00:00:00,5.000,5.000
4500000099,00010,0001,2025-04-22T00:00:00,5.000,5.000
4500000100,00010,0001,2026-03-29T00:00:00,4.000,4.000
4500000101,00010,0001,2026-08-05T00:00:00,5.000,0.000
4500000102,00010,0001,2026-08-29T00:00:00,8.000,8.000
4500000103,00010,0001,2024-10-29T00:00:00,4.000,4.000
4500000104,00010,0001,2025-02-08T00:00:00,3.000,3.000
4500000105,00010,0001,2025-11-23T00:00:00,3.000,3.000
4500000106,00010,0001,2025-12-30T00:00:00,3.000,0.000
4500000107,00010,0001,2026-01-22T00:00:00,3.000,0.000
4500000108,00010,0001,2026-03-09T00:00:00,3.000,0.000
4500000109,00010,0001,2026-03-24T00:00:00,4.000,4.000
4500000110,00010,0001,2026-07-09T00:00:00,4.000,4.000
4500000111,00010,0001,2024-11-30T00:00:00,132.000,132.000
4500000112,00010,0001,2025-02-24T00:00:00,97.000,97.000
4500000113,00010,0001,2025-07-05T00:00:00,103.000,103.000
4500000114,00010,0001,2025-11-08T00:00:00,95.000,95.000
4500000115,00010,0001,2026-01-27T00:00:00,96.000,0.000
4500000116,00010,0001,2026-02-22T00:00:00,135.000,135.000
4500000117,00010,0001,2026-06-22T00:00:00,93.000,93.000
4500000118,00010,0001,2026-09-07T00:00:00,101.000,101.000
4500000119,00010,0001,2024-12-03T00:00:00,115.000,115.000
4500000120,00010,0001,2025-03-04T00:00:00,109.000,109.000
4500000121,00010,0001,2025-05-24T00:00:00,90.000,90.000
4500000122,00010,0001,2025-08-28T00:00:00,95.000,0.000
4500000123,00010,0001,2025-09-08T00:00:00,137.000,137.000
4500000124,00010,0001,2025-12-22T00:00:00,106.000,0.000
4500000125,00010,0001,2026-01-17T00:00:00,148.000,148.000
4500000126,00010,0001,2026-04-17T00:00:00,95.000,95.000
4500000127,00010,0001,2026-08-16T00:00:00,109.000,109.000
4500000128,00010,0001,2024-11-10T00:00:00,187.000,130.000
4500000129,00010,0001,2025-03-12T00:00:00,183.000,0.000
4500000130,00010,0001,2025-03-28T00:00:00,202.000,112.000
4500000131,00010,0001,2025-08-17T00:00:00,186.000,186.000
4500000132,00010,0001,2026-02-08T00:00:00,179.000,179.000
4500000133,00010,0001,2026-05-31T00:00:00,2.000,2.000
4500000134,00010,0001,2025-06-29T00:00:00,3.000,0.000
4500000135,00010,0001,2025-08-17T00:00:00,3.000,0.000
4500000136,00010,0001,2025-09-13T00:00:00,3.000,3.000
4500000137,00010,0001,2026-02-07T00:00:00,2.000,0.000
4500000138,00010,0001,2026-03-06T00:00:00,3.000,0.000
4500000139,00010,0001,2026-03-31T00:00:00,3.000,3.000
4500000140,00010,0001,2024-12-11T00:00:00,25.000,14.000
4500000141,00010,0001,2025-04-13T00:00:00,23.000,23.000
4500000142,00010,0001,2026-01-07T00:00:00,21.000,0.000
4500000143,00010,0001,2026-02-12T00:00:00,21.000,21.000
4500000144,00010,0001,2024-10-27T00:00:00,52.000,35.000
4500000145,00010,0001,2025-02-03T00:00:00,55.000,55.000
4500000146,00010,0001,2025-06-24T00:00:00,55.000,55.000
4500000147,00010,0001,2025-11-21T00:00:00,53.000,53.000
4500000148,00010,0001,2026-04-19T00:00:00,55.000,55.000
4500000149,00010,0001,2024-12-06T00:00:00,231.000,231.000
4500000150,00010,0001,2025-07-11T00:00:00,248.000,248.000
4500000151,00010,0001,2026-03-14T00:00:00,218.000,218.000
4500000152,00010,0001,2026-08-12T00:00:00,211.000,211.000
4500000153,00010,0001,2024-10-09T00:00:00,18.000,18.000
4500000154,00010,0001,2025-05-07T00:00:00,14.000,14.000
4500000155,00010,0001,2026-03-22T00:00:00,14.000,14.000
4500000156,00010,0001,2026-08-26T00:00:00,16.000,16.000
4500000157,00010,0001,2025-03-28T00:00:00,18.000,18.000
4500000158,00010,0001,2026-02-18T00:00:00,18.000,18.000
4500000159,00010,0001,2026-09-05T00:00:00,20.000,0.000
4500000160,00010,0001,2026-10-05T00:00:00,20.000,0.000
4500000161,00010,0001,2025-01-29T00:00:00,199.000,199.000
4500000162,00010,0001,2025-09-27T00:00:00,207.000,0.000
4500000163,00010,0001,2025-09-29T00:00:00,230.000,230.000
4500000164,00010,0001,2026-05-05T00:00:00,200.000,200.000
4500000165,00010,0001,2026-10-25T00:00:00,4.000,0.000
4500000166,00010,0001,2026-03-29T00:00:00,1.000,0.000
4500000167,00010,0001,2026-05-11T00:00:00,1.000,1.000
4500000168,00010,0001,2024-11-21T00:00:00,5.000,3.000
4500000169,00010,0001,2025-08-24T00:00:00,6.000,6.000
4500000170,00010,0001,2025-11-19T00:00:00,5.000,0.000
4500000171,00010,0001,2025-12-19T00:00:00,5.000,5.000
4500000172,00010,0001,2026-05-12T00:00:00,6.000,6.000
4500000173,00010,0001,2024-10-14T00:00:00,11.000,5.000
4500000174,00010,0001,2025-03-01T00:00:00,10.000,0.000
4500000175,00010,0001,2025-04-11T00:00:00,12.000,12.000
4500000176,00010,0001,2025-12-01T00:00:00,10.000,0.000
4500000177,00010,0001,2025-12-18T00:00:00,12.000,12.000
4500000178,00010,0001,2025-03-18T00:00:00,8.000,0.000
4500000179,00010,0001,2025-04-30T00:00:00,8.000,8.000
4500000180,00010,0001,2025-06-24T00:00:00,14.000,0.000
4500000181,00010,0001,2025-07-15T00:00:00,6.000,6.000
4500000182,00010,0001,2025-12-31T00:00:00,6.000,6.000
4500000183,00010,0001,2026-08-09T00:00:00,8.000,0.000
4500000184,00010,0001,2026-09-26T00:00:00,14.000,0.000
4500000185,00010,0001,2024-11-08T00:00:00,3.000,0.000
4500000186,00010,0001,2024-12-05T00:00:00,3.000,3.000
4500000187,00010,0001,2025-03-01T00:00:00,4.000,4.000
4500000188,00010,0001,2025-05-22T00:00:00,4.000,4.000
4500000189,00010,0001,2025-07-17T00:00:00,8.000,8.000
4500000190,00010,0001,2026-03-16T00:00:00,4.000,4.000
4500000191,00010,0001,2026-06-29T00:00:00,6.000,6.000
4500000192,00010,0001,2026-08-27T00:00:00,9.000,9.000
4500000193,00010,0001,2024-12-25T00:00:00,66.000,66.000
4500000194,00010,0001,2025-10-04T00:00:00,66.000,66.000
4500000195,00010,0001,2026-05-27T00:00:00,72.000,51.000
4500000196,00010,0001,2026-11-24T00:00:00,66.000,0.000
4500000197,00010,0001,2025-01-04T00:00:00,246.000,129.000
4500000198,00010,0001,2025-03-23T00:00:00,332.000,332.000
4500000199,00010,0001,2026-01-16T00:00:00,210.000,0.000
4500000200,00010,0001,2026-02-27T00:00:00,233.000,178.000
4500000201,00010,0001,2026-08-02T00:00:00,208.000,208.000
4500000202,00010,0001,2024-11-20T00:00:00,114.000,48.000
4500000203,00010,0001,2025-01-20T00:00:00,107.000,107.000
4500000204,00010,0001,2025-04-30T00:00:00,121.000,121.000
4500000205,00010,0001,2025-11-08T00:00:00,121.000,0.000
4500000206,00010,0001,2025-12-07T00:00:00,121.000,121.000
4500000207,00010,0001,2026-04-18T00:00:00,116.000,0.000
4500000208,00010,0001,2026-05-10T00:00:00,121.000,0.000
4500000209,00010,0001,2026-06-25T00:00:00,121.000,121.000
4500000210,00010,0001,2024-11-22T00:00:00,2.000,2.000
4500000211,00010,0001,2025-04-13T00:00:00,3.000,3.000
4500000212,00010,0001,2025-06-21T00:00:00,3.000,3.000
4500000213,00010,0001,2025-07-03T00:00:00,5.000,5.000
4500000214,00010,0001,2026-05-30T00:00:00,2.000,2.000
4500000215,00010,0001,2026-08-12T00:00:00,3.000,2.000
4500000216,00010,0001,2025-05-04T00:00:00,12.000,12.000
4500000217,00010,0001,2026-04-09T00:00:00,12.000,9.000
4500000218,00010,0001,2027-01-29T00:00:00,12.000,0.000
4500000219,00010,0001,2025-01-07T00:00:00,14.000,14.000
4500000220,00010,0001,2026-06-13T00:00:00,15.000,15.000
4500000221,00010,0001,2024-12-09T00:00:00,5.000,5.000
4500000222,00010,0001,2025-06-08T00:00:00,4.000,4.000
4500000223,00010,0001,2026-04-14T00:00:00,5.000,5.000
4500000224,00010,0001,2026-09-29T00:00:00,4.000,0.000
4500000225,00010,0001,2024-10-30T00:00:00,12.000,12.000
4500000226,00010,0001,2025-07-11T00:00:00,11.000,11.000
4500000227,00010,0001,2026-02-27T00:00:00,12.000,12.000
4500000228,00010,0001,2026-09-09T00:00:00,11.000,0.000
4500000229,00010,0001,2024-10-23T00:00:00,2.000,2.000
4500000230,00010,0001,2024-11-11T00:00:00,6.000,4.000
4500000231,00010,0001,2025-02-23T00:00:00,3.000,0.000
4500000232,00010,0001,2025-03-30T00:00:00,6.000,6.000
4500000233,00010,0001,2025-05-30T00:00:00,2.000,1.000
4500000234,00010,0001,2025-07-14T00:00:00,5.000,0.000
4500000235,00010,0001,2025-08-31T00:00:00,5.000,5.000
4500000236,00010,0001,2025-12-18T00:00:00,5.000,5.000
4500000237,00010,0001,2026-04-16T00:00:00,4.000,0.000
4500000238,00010,0001,2026-05-30T00:00:00,4.000,3.000
4500000239,00010,0001,2026-08-10T00:00:00,5.000,0.000
4500000240,00010,0001,2026-09-09T00:00:00,5.000,5.000
4500000241,00010,0001,2024-11-11T00:00:00,71.000,71.000
4500000242,00010,0001,2025-01-07T00:00:00,59.000,0.000
4500000243,00010,0001,2025-02-25T00:00:00,71.000,71.000
4500000244,00010,0001,2025-05-21T00:00:00,66.000,66.000
4500000245,00010,0001,2025-08-11T00:00:00,54.000,0.000
4500000246,00010,0001,2025-09-14T00:00:00,70.000,35.000
4500000247,00010,0001,2025-10-31T00:00:00,71.000,71.000
4500000248,00010,0001,2026-01-18T00:00:00,59.000,59.000
4500000249,00010,0001,2026-04-01T00:00:00,62.000,62.000
4500000250,00010,0001,2026-07-22T00:00:00,64.000,64.000
4500000251,00010,0001,2025-01-20T00:00:00,16.000,0.000
4500000252,00010,0001,2025-02-27T00:00:00,18.000,18.000
4500000253,00010,0001,2025-09-30T00:00:00,11.000,11.000
4500000254,00010,0001,2026-06-10T00:00:00,13.000,13.000
4500000255,00010,0001,2024-10-14T00:00:00,5.000,5.000
4500000256,00010,0001,2025-03-20T00:00:00,5.000,0.000
4500000257,00010,0001,2025-04-09T00:00:00,5.000,5.000
4500000258,00010,0001,2025-10-29T00:00:00,5.000,5.000
4500000259,00010,0001,2026-03-17T00:00:00,4.000,4.000
4500000260,00010,0001,2024-11-16T00:00:00,5.000,0.000
4500000261,00010,0001,2024-12-26T00:00:00,5.000,5.000
4500000262,00010,0001,2025-10-04T00:00:00,5.000,0.000
4500000263,00010,0001,2025-10-30T00:00:00,9.000,7.000
4500000264,00010,0001,2026-02-17T00:00:00,9.000,0.000
4500000265,00010,0001,2026-03-21T00:00:00,9.000,9.000
4500000266,00010,0001,2026-09-22T00:00:00,8.000,0.000
4500000267,00010,0001,2025-04-11T00:00:00,5.000,0.000
4500000268,00010,0001,2025-04-25T00:00:00,5.000,3.000
4500000269,00010,0001,2025-09-17T00:00:00,5.000,3.000
4500000270,00010,0001,2026-09-07T00:00:00,5.000,0.000
4500000271,00010,0001,2026-09-19T00:00:00,5.000,0.000
4500000272,00010,0001,2025-01-02T00:00:00,8.000,5.000
4500000273,00010,0001,2025-06-20T00:00:00,6.000,6.000
4500000274,00010,0001,2025-12-24T00:00:00,5.000,5.000
4500000275,00010,0001,2026-03-04T00:00:00,8.000,0.000
4500000276,00010,0001,2026-04-20T00:00:00,8.000,8.000
4500000277,00010,0001,2026-08-04T00:00:00,6.000,6.000
4500000278,00010,0001,2024-11-06T00:00:00,11.000,11.000
4500000279,00010,0001,2025-06-12T00:00:00,7.000,0.000
4500000280,00010,0001,2025-07-15T00:00:00,10.000,10.000
4500000281,00010,0001,2025-12-07T00:00:00,6.000,3.000
4500000282,00010,0001,2026-05-28T00:00:00,8.000,0.000
4500000283,00010,0001,2026-06-19T00:00:00,13.000,13.000
4500000284,00010,0001,2024-10-11T00:00:00,6.000,6.000
4500000285,00010,0001,2025-04-27T00:00:00,6.000,0.000
4500000286,00010,0001,2025-05-05T00:00:00,6.000,6.000
4500000287,00010,0001,2026-03-03T00:00:00,8.000,8.000
4500000288,00010,0001,2026-06-06T00:00:00,6.000,0.000
4500000289,00010,0001,2026-07-03T00:00:00,8.000,6.000
4500000290,00010,0001,2026-09-12T00:00:00,5.000,0.000
4500000291,00010,0001,2024-12-07T00:00:00,15.000,15.000
4500000292,00010,0001,2025-06-30T00:00:00,14.000,14.000
4500000293,00010,0001,2026-01-09T00:00:00,15.000,15.000
4500000294,00010,0001,2024-10-14T00:00:00,5.000,5.000
4500000295,00010,0001,2025-07-11T00:00:00,5.000,0.000
4500000296,00010,0001,2025-08-25T00:00:00,6.000,6.000
4500000297,00010,0001,2026-01-23T00:00:00,6.000,0.000
4500000298,00010,0001,2026-02-23T00:00:00,6.000,6.000
4500000299,00010,0001,2026-05-31T00:00:00,5.000,5.000
4500000300,00010,0001,2026-01-28T00:00:00,2.000,1.000
4500000301,00010,0001,2026-07-12T00:00:00,3.000,3.000
4500000302,00010,0001,2024-12-26T00:00:00,85.000,85.000
4500000303,00010,0001,2025-05-05T00:00:00,79.000,0.000
4500000304,00010,0001,2025-05-31T00:00:00,85.000,57.000
4500000305,00010,0001,2025-07-28T00:00:00,76.000,76.000
4500000306,00010,0001,2025-10-27T00:00:00,77.000,0.000
4500000307,00010,0001,2025-12-15T00:00:00,85.000,85.000
4500000308,00010,0001,2026-05-09T00:00:00,85.000,85.000
4500000309,00010,0001,2026-08-29T00:00:00,84.000,84.000
4500000310,00010,0001,2024-12-15T00:00:00,12.000,5.000
4500000311,00010,0001,2025-06-05T00:00:00,11.000,11.000
4500000312,00010,0001,2026-01-04T00:00:00,12.000,12.000
4500000313,00010,0001,2026-05-22T00:00:00,12.000,12.000
4500000314,00010,0001,2025-03-04T00:00:00,9.000,9.000
4500000315,00010,0001,2025-08-08T00:00:00,10.000,0.000
4500000316,00010,0001,2025-09-23T00:00:00,11.000,11.000
4500000317,00010,0001,2026-06-25T00:00:00,9.000,9.000
4500000318,00010,0001,2024-11-27T00:00:00,83.000,83.000
4500000319,00010,0001,2025-04-26T00:00:00,82.000,82.000
4500000320,00010,0001,2025-09-23T00:00:00,87.000,87.000
4500000321,00010,0001,2026-01-12T00:00:00,81.000,0.000
4500000322,00010,0001,2026-02-08T00:00:00,100.000,100.000
4500000323,00010,0001,2026-08-07T00:00:00,98.000,51.000
4500000324,00010,0001,2025-02-20T00:00:00,4.000,4.000
4500000325,00010,0001,2025-09-12T00:00:00,4.000,4.000
4500000326,00010,0001,2026-02-16T00:00:00,4.000,4.000
4500000327,00010,0001,2026-07-11T00:00:00,4.000,4.000
4500000328,00010,0001,2024-11-02T00:00:00,100.000,100.000
4500000329,00010,0001,2025-01-06T00:00:00,63.000,63.000
4500000330,00010,0001,2025-03-24T00:00:00,76.000,76.000
4500000331,00010,0001,2025-06-30T00:00:00,74.000,74.000
4500000332,00010,0001,2025-09-05T00:00:00,137.000,137.000
4500000333,00010,0001,2026-01-08T00:00:00,80.000,0.000
4500000334,00010,0001,2026-02-01T00:00:00,113.000,113.000
4500000335,00010,0001,2026-04-23T00:00:00,68.000,0.000
4500000336,00010,0001,2026-05-25T00:00:00,114.000,114.000
4500000337,00010,0001,2026-09-04T00:00:00,89.000,0.000
4500000338,00010,0001,2024-11-09T00:00:00,141.000,86.000
4500000339,00010,0001,2025-03-25T00:00:00,116.000,116.000
4500000340,00010,0001,2025-09-13T00:00:00,124.000,124.000
4500000341,00010,0001,2026-02-19T00:00:00,128.000,128.000
4500000342,00010,0001,2026-08-14T00:00:00,129.000,129.000
4500000343,00010,0001,2025-03-12T00:00:00,15.000,15.000
4500000344,00010,0001,2026-02-09T00:00:00,15.000,0.000
4500000345,00010,0001,2026-03-08T00:00:00,15.000,15.000
4500000346,00010,0001,2025-01-27T00:00:00,165.000,165.000
4500000347,00010,0001,2025-07-23T00:00:00,164.000,0.000
4500000348,00010,0001,2025-08-16T00:00:00,165.000,165.000
4500000349,00010,0001,2026-02-01T00:00:00,165.000,105.000
4500000350,00010,0001,2026-06-01T00:00:00,165.000,165.000
4500000351,00010,0001,2025-11-27T00:00:00,7.000,5.000
4500000352,00010,0001,2026-06-28T00:00:00,7.000,7.000
4500000353,00010,0001,2024-11-06T00:00:00,6.000,6.000
4500000354,00010,0001,2026-04-16T00:00:00,5.000,5.000
4500000355,00010,0001,2026-09-20T00:00:00,5.000,0.000
4500000356,00010,0001,2026-10-31T00:00:00,5.000,0.000
4500000357,00010,0001,2025-10-09T00:00:00,1.000,1.000
4500000358,00010,0001,2025-11-07T00:00:00,2.000,2.000
4500000359,00010,0001,2026-05-14T00:00:00,1.000,1.000
4500000360,00010,0001,2025-12-22T00:00:00,3.000,3.000
4500000361,00010,0001,2026-09-06T00:00:00,3.000,0.000
4500000362,00010,0001,2025-05-17T00:00:00,12.000,0.000
4500000363,00010,0001,2025-06-01T00:00:00,12.000,12.000
4500000364,00010,0001,2026-05-26T00:00:00,10.000,0.000
4500000365,00010,0001,2026-07-22T00:00:00,12.000,12.000
4500000366,00010,0001,2027-01-30T00:00:00,22.000,0.000
4500000367,00010,0001,2027-03-20T00:00:00,10.000,0.000
4500000368,00010,0001,2027-03-28T00:00:00,10.000,0.000
4500000369,00010,0001,2024-10-31T00:00:00,124.000,0.000
4500000370,00010,0001,2024-12-29T00:00:00,126.000,0.000
4500000371,00010,0001,2025-01-02T00:00:00,126.000,126.000
4500000372,00010,0001,2025-05-06T00:00:00,126.000,126.000
4500000373,00010,0001,2025-10-09T00:00:00,126.000,0.000
4500000374,00010,0001,2025-11-15T00:00:00,126.000,126.000
4500000375,00010,0001,2026-02-25T00:00:00,116.000,116.000
4500000376,00010,0001,2026-07-18T00:00:00,126.000,126.000
4500000377,00010,0001,2024-09-28T00:00:00,83.000,83.000
4500000378,00010,0001,2025-01-04T00:00:00,86.000,86.000
4500000379,00010,0001,2025-04-23T00:00:00,85.000,85.000
4500000380,00010,0001,2025-07-13T00:00:00,82.000,0.000
4500000381,00010,0001,2025-08-10T00:00:00,105.000,105.000
4500000382,00010,0001,2025-11-06T00:00:00,93.000,93.000
4500000383,00010,0001,2026-02-24T00:00:00,87.000,87.000
4500000384,00010,0001,2026-06-06T00:00:00,98.000,98.000
4500000385,00010,0001,2025-06-04T00:00:00,8.000,6.000
4500000386,00010,0001,2025-10-01T00:00:00,8.000,8.000
4500000387,00010,0001,2026-03-09T00:00:00,9.000,9.000
4500000388,00010,0001,2026-06-11T00:00:00,7.000,7.000
4500000389,00010,0001,2026-11-06T00:00:00,5.000,0.000
4500000390,00010,0001,2024-11-08T00:00:00,14.000,14.000
4500000391,00010,0001,2025-05-26T00:00:00,9.000,0.000
4500000392,00010,0001,2025-06-27T00:00:00,9.000,9.000
4500000393,00010,0001,2025-12-03T00:00:00,11.000,11.000
4500000394,00010,0001,2026-02-11T00:00:00,12.000,12.000
4500000395,00010,0001,2026-09-27T00:00:00,8.000,0.000
4500000396,00010,0001,2025-02-21T00:00:00,10.000,10.000
4500000397,00010,0001,2025-09-17T00:00:00,9.000,9.000
4500000398,00010,0001,2026-05-24T00:00:00,9.000,0.000
4500000399,00010,0001,2026-06-29T00:00:00,12.000,8.000
4500000400,00010,0001,2026-10-05T00:00:00,18.000,0.000
4500000401,00010,0001,2025-02-24T00:00:00,12.000,12.000
4500000402,00010,0001,2026-01-26T00:00:00,11.000,11.000
4500000403,00010,0001,2026-08-31T00:00:00,12.000,0.000
4500000404,00010,0001,2024-10-18T00:00:00,7.000,7.000
4500000405,00010,0001,2025-01-04T00:00:00,10.000,10.000
4500000406,00010,0001,2025-07-07T00:00:00,9.000,5.000
4500000407,00010,0001,2025-08-29T00:00:00,11.000,11.000
4500000408,00010,0001,2026-04-05T00:00:00,7.000,7.000
4500000409,00010,0001,2026-07-25T00:00:00,9.000,9.000
4500000410,00010,0001,2024-12-02T00:00:00,3.000,3.000
4500000411,00010,0001,2025-05-25T00:00:00,3.000,3.000
4500000412,00010,0001,2025-09-12T00:00:00,2.000,2.000
4500000413,00010,0001,2025-11-10T00:00:00,3.000,0.000
4500000414,00010,0001,2025-11-28T00:00:00,3.000,0.000
4500000415,00010,0001,2025-12-14T00:00:00,3.000,3.000
4500000416,00010,0001,2026-07-06T00:00:00,2.000,1.000
4500000417,00010,0001,2026-07-23T00:00:00,3.000,3.000
4500000418,00010,0001,2025-05-05T00:00:00,11.000,11.000
4500000419,00010,0001,2026-01-02T00:00:00,10.000,10.000
4500000420,00010,0001,2026-07-08T00:00:00,10.000,10.000
4500000421,00010,0001,2025-01-28T00:00:00,8.000,5.000
4500000422,00010,0001,2025-04-16T00:00:00,7.000,7.000
4500000423,00010,0001,2025-08-07T00:00:00,6.000,6.000
4500000424,00010,0001,2026-01-22T00:00:00,8.000,0.000
4500000425,00010,0001,2026-02-12T00:00:00,8.000,8.000
4500000426,00010,0001,2026-08-16T00:00:00,6.000,6.000
4500000427,00010,0001,2024-11-17T00:00:00,8.000,8.000
4500000428,00010,0001,2025-10-11T00:00:00,7.000,0.000
4500000429,00010,0001,2025-11-28T00:00:00,7.000,7.000
4500000430,00010,0001,2026-08-05T00:00:00,8.000,8.000
4500000431,00010,0001,2024-12-31T00:00:00,106.000,52.000
4500000432,00010,0001,2025-05-20T00:00:00,102.000,0.000
4500000433,00010,0001,2025-06-11T00:00:00,116.000,116.000
4500000434,00010,0001,2026-02-21T00:00:00,104.000,104.000
4500000435,00010,0001,2026-08-14T00:00:00,97.000,97.000
4500000436,00010,0001,2025-03-23T00:00:00,8.000,8.000
4500000437,00010,0001,2025-07-18T00:00:00,16.000,16.000
4500000438,00010,0001,2026-10-11T00:00:00,8.000,0.000
4500000439,00010,0001,2025-01-24T00:00:00,103.000,103.000
4500000440,00010,0001,2025-08-03T00:00:00,94.000,94.000
4500000441,00010,0001,2026-01-27T00:00:00,101.000,101.000
4500000442,00010,0001,2026-08-11T00:00:00,105.000,0.000
4500000443,00010,0001,2026-09-17T00:00:00,120.000,0.000
4500000444,00010,0001,2025-02-06T00:00:00,26.000,0.000
4500000445,00010,0001,2025-03-16T00:00:00,30.000,30.000
4500000446,00010,0001,2026-07-04T00:00:00,22.000,22.000
4500000447,00010,0001,2025-01-14T00:00:00,7.000,4.000
4500000448,00010,0001,2025-05-03T00:00:00,11.000,11.000
4500000449,00010,0001,2024-10-30T00:00:00,150.000,150.000
4500000450,00010,0001,2025-03-31T00:00:00,138.000,138.000
4500000451,00010,0001,2025-10-09T00:00:00,126.000,126.000
4500000452,00010,0001,2026-03-18T00:00:00,142.000,142.000
4500000453,00010,0001,2026-09-26T00:00:00,137.000,0.000
4500000454,00010,0001,2026-02-21T00:00:00,1.000,0.000
4500000455,00010,0001,2026-03-01T00:00:00,1.000,1.000
4500000456,00010,0001,2026-08-15T00:00:00,1.000,1.000
4500000457,00010,0001,2026-09-08T00:00:00,2.000,0.000
4500000458,00010,0001,2026-10-28T00:00:00,1.000,0.000
4500000459,00010,0001,2025-01-07T00:00:00,173.000,173.000
4500000460,00010,0001,2025-06-30T00:00:00,160.000,0.000
4500000461,00010,0001,2025-07-13T00:00:00,195.000,195.000
4500000462,00010,0001,2026-01-23T00:00:00,150.000,150.000
4500000463,00010,0001,2026-06-25T00:00:00,167.000,167.000
4500000464,00010,0001,2025-01-06T00:00:00,165.000,165.000
4500000465,00010,0001,2025-05-21T00:00:00,140.000,97.000
4500000466,00010,0001,2025-09-26T00:00:00,150.000,150.000
4500000467,00010,0001,2026-01-11T00:00:00,153.000,153.000
4500000468,00010,0001,2026-07-06T00:00:00,147.000,147.000
4500000469,00010,0001,2025-01-17T00:00:00,21.000,21.000
4500000470,00010,0001,2025-11-14T00:00:00,21.000,0.000
4500000471,00010,0001,2025-12-25T00:00:00,21.000,21.000
4500000472,00010,0001,2026-07-26T00:00:00,18.000,18.000
4500000473,00010,0001,2024-12-21T00:00:00,70.000,70.000
4500000474,00010,0001,2025-05-05T00:00:00,76.000,76.000
4500000475,00010,0001,2025-09-07T00:00:00,73.000,73.000
4500000476,00010,0001,2026-03-14T00:00:00,78.000,78.000
4500000477,00010,0001,2026-07-10T00:00:00,70.000,70.000
4500000478,00010,0001,2025-09-01T00:00:00,2.000,2.000
4500000479,00010,0001,2026-05-05T00:00:00,2.000,1.000
4500000480,00010,0001,2024-11-30T00:00:00,9.000,6.000
4500000481,00010,0001,2025-03-13T00:00:00,8.000,8.000
4500000482,00010,0001,2025-09-04T00:00:00,9.000,9.000
4500000483,00010,0001,2026-05-19T00:00:00,8.000,8.000
4500000484,00010,0001,2024-12-31T00:00:00,3.000,2.000
4500000485,00010,0001,2025-01-17T00:00:00,5.000,3.000
4500000486,00010,0001,2025-03-02T00:00:00,4.000,4.000
4500000487,00010,0001,2025-09-04T00:00:00,3.000,3.000
4500000488,00010,0001,2026-01-23T00:00:00,5.000,5.000
4500000489,00010,0001,2026-03-17T00:00:00,5.000,2.000
4500000490,00010,0001,2026-04-20T00:00:00,5.000,5.000
4500000491,00010,0001,2024-12-23T00:00:00,10.000,0.000
4500000492,00010,0001,2025-01-20T00:00:00,12.000,12.000
4500000493,00010,0001,2026-08-07T00:00:00,11.000,0.000
4500000494,00010,0001,2026-08-28T00:00:00,12.000,12.000
4500000495,00010,0001,2025-01-17T00:00:00,98.000,0.000
4500000496,00010,0001,2025-01-17T00:00:00,130.000,0.000
4500000497,00010,0001,2025-03-16T00:00:00,130.000,72.000
4500000498,00010,0001,2025-06-28T00:00:00,117.000,93.000
4500000499,00010,0001,2025-12-27T00:00:00,105.000,105.000
4500000500,00010,0001,2026-04-15T00:00:00,98.000,98.000
4500000501,00010,0001,2026-08-16T00:00:00,110.000,0.000
4500000502,00010,0001,2026-10-18T00:00:00,130.000,0.000
4500000503,00010,0001,2024-11-03T00:00:00,3.000,3.000
4500000504,00010,0001,2024-12-12T00:00:00,7.000,7.000
4500000505,00010,0001,2025-04-08T00:00:00,5.000,5.000
4500000506,00010,0001,2025-09-29T00:00:00,6.000,6.000
4500000507,00010,0001,2025-11-30T00:00:00,3.000,3.000
4500000508,00010,0001,2026-03-29T00:00:00,3.000,0.000
4500000509,00010,0001,2026-04-21T00:00:00,3.000,3.000
4500000510,00010,0001,2026-07-02T00:00:00,5.000,5.000
4500000511,00010,0001,2026-07-25T00:00:00,8.000,8.000
4500000512,00010,0001,2025-04-07T00:00:00,3.000,2.000
4500000513,00010,0001,2025-08-30T00:00:00,5.000,4.000
4500000514,00010,0001,2026-09-08T00:00:00,3.000,0.000
4500000515,00010,0001,2027-01-27T00:00:00,6.000,0.000
4500000516,00010,0001,2025-06-19T00:00:00,7.000,7.000
4500000517,00010,0001,2025-07-29T00:00:00,7.000,0.000
4500000518,00010,0001,2025-09-18T00:00:00,7.000,7.000
4500000519,00010,0001,2026-02-19T00:00:00,7.000,7.000
4500000520,00010,0001,2026-04-14T00:00:00,7.000,7.000
4500000521,00010,0001,2024-11-03T00:00:00,9.000,9.000
4500000522,00010,0001,2025-04-28T00:00:00,9.000,9.000
4500000523,00010,0001,2026-01-22T00:00:00,9.000,9.000
4500000524,00010,0001,2026-04-25T00:00:00,8.000,0.000
4500000525,00010,0001,2026-06-10T00:00:00,9.000,9.000
4500000526,00010,0001,2025-02-19T00:00:00,11.000,6.000
4500000527,00010,0001,2025-03-15T00:00:00,17.000,17.000
4500000528,00010,0001,2025-07-10T00:00:00,10.000,10.000
4500000529,00010,0001,2025-09-13T00:00:00,8.000,8.000
4500000530,00010,0001,2024-12-04T00:00:00,13.000,13.000
4500000531,00010,0001,2026-05-08T00:00:00,12.000,12.000
4500000532,00010,0001,2024-10-13T00:00:00,18.000,0.000
4500000533,00010,0001,2024-11-12T00:00:00,18.000,18.000
4500000534,00010,0001,2025-04-13T00:00:00,13.000,13.000
4500000535,00010,0001,2025-10-24T00:00:00,18.000,18.000
4500000536,00010,0001,2026-05-03T00:00:00,15.000,15.000
4500000537,00010,0001,2024-10-12T00:00:00,9.000,9.000
4500000538,00010,0001,2025-07-12T00:00:00,8.000,8.000
4500000539,00010,0001,2026-03-21T00:00:00,6.000,6.000
4500000540,00010,0001,2025-04-20T00:00:00,4.000,4.000
4500000541,00010,0001,2025-11-28T00:00:00,5.000,5.000
4500000542,00010,0001,2026-02-10T00:00:00,5.000,3.000
4500000543,00010,0001,2026-03-23T00:00:00,3.000,3.000
4500000544,00010,0001,2026-05-17T00:00:00,3.000,3.000
4500000545,00010,0001,2026-09-20T00:00:00,4.000,0.000
4500000546,00010,0001,2024-10-02T00:00:00,4.000,4.000
4500000547,00010,0001,2025-03-29T00:00:00,4.000,0.000
4500000548,00010,0001,2025-05-30T00:00:00,4.000,4.000
4500000549,00010,0001,2025-11-15T00:00:00,4.000,4.000
4500000550,00010,0001,2026-01-25T00:00:00,3.000,3.000
4500000551,00010,0001,2025-01-27T00:00:00,7.000,7.000
4500000552,00010,0001,2025-07-22T00:00:00,6.000,0.000
4500000553,00010,0001,2025-09-01T00:00:00,9.000,9.000
4500000554,00010,0001,2026-06-06T00:00:00,6.000,3.000
4500000555,00010,0001,2026-07-19T00:00:00,9.000,0.000
4500000556,00010,0001,2026-07-27T00:00:00,9.000,0.000
4500000557,00010,0001,2026-09-17T00:00:00,9.000,0.000
4500000558,00010,0001,2024-11-23T00:00:00,9.000,9.000
4500000559,00010,0001,2025-12-23T00:00:00,9.000,0.000
4500000560,00010,0001,2025-12-27T00:00:00,9.000,0.000
4500000561,00010,0001,2026-02-20T00:00:00,12.000,12.000
4500000562,00010,0001,2026-07-16T00:00:00,5.000,0.000
4500000563,00010,0001,2026-08-21T00:00:00,5.000,0.000
4500000564,00010,0001,2026-09-19T00:00:00,8.000,0.000
4500000565,00010,0001,2024-11-25T00:00:00,2.000,2.000
4500000566,00010,0001,2025-11-23T00:00:00,2.000,1.000
4500000567,00010,0001,2026-04-22T00:00:00,2.000,0.000
4500000568,00010,0001,2026-05-15T00:00:00,2.000,0.000
4500000569,00010,0001,2026-06-02T00:00:00,2.000,2.000
4500000570,00010,0001,2024-11-10T00:00:00,9.000,9.000
4500000571,00010,0001,2026-01-27T00:00:00,6.000,3.000
4500000572,00010,0001,2026-05-26T00:00:00,5.000,0.000
4500000573,00010,0001,2026-06-24T00:00:00,5.000,5.000
4500000574,00010,0001,2025-01-18T00:00:00,9.000,9.000
4500000575,00010,0001,2025-05-27T00:00:00,11.000,0.000
4500000576,00010,0001,2025-05-31T00:00:00,13.000,0.000
4500000577,00010,0001,2025-06-26T00:00:00,13.000,13.000
4500000578,00010,0001,2026-01-21T00:00:00,8.000,8.000
4500000579,00010,0001,2026-05-24T00:00:00,7.000,7.000
4500000580,00010,0001,2026-02-15T00:00:00,3.000,3.000
4500000581,00010,0001,2026-07-04T00:00:00,4.000,0.000
4500000582,00010,0001,2026-08-05T00:00:00,4.000,4.000
4500000583,00010,0001,2024-10-21T00:00:00,163.000,163.000
4500000584,00010,0001,2025-03-05T00:00:00,149.000,149.000
4500000585,00010,0001,2025-08-26T00:00:00,157.000,157.000
4500000586,00010,0001,2025-12-22T00:00:00,151.000,151.000
4500000587,00010,0001,2026-05-25T00:00:00,166.000,166.000
4500000588,00010,0001,2024-11-10T00:00:00,10.000,10.000
4500000589,00010,0001,2025-07-25T00:00:00,8.000,0.000
4500000590,00010,0001,2025-08-02T00:00:00,9.000,9.000
4500000591,00010,0001,2026-03-10T00:00:00,9.000,9.000
4500000592,00010,0001,2026-07-20T00:00:00,9.000,9.000
4500000593,00010,0001,2025-01-09T00:00:00,135.000,135.000
4500000594,00010,0001,2025-07-07T00:00:00,139.000,139.000
4500000595,00010,0001,2025-11-02T00:00:00,252.000,252.000
4500000596,00010,0001,2026-08-18T00:00:00,119.000,119.000
4500000597,00010,0001,2026-12-17T00:00:00,104.000,0.000
4500000598,00010,0001,2025-01-16T00:00:00,11.000,8.000
4500000599,00010,0001,2025-07-17T00:00:00,12.000,8.000
4500000600,00010,0001,2025-11-14T00:00:00,19.000,19.000
4500000601,00010,0001,2026-09-21T00:00:00,10.000,0.000
4500000602,00010,0001,2026-10-25T00:00:00,14.000,0.000
4500000603,00010,0001,2024-12-03T00:00:00,41.000,0.000
4500000604,00010,0001,2025-01-13T00:00:00,56.000,56.000
4500000605,00010,0001,2025-06-05T00:00:00,41.000,22.000
4500000606,00010,0001,2025-07-03T00:00:00,55.000,55.000
4500000607,00010,0001,2025-12-14T00:00:00,34.000,34.000
4500000608,00010,0001,2026-02-28T00:00:00,66.000,66.000
4500000609,00010,0001,2026-08-03T00:00:00,34.000,19.000
4500000610,00010,0001,2026-09-29T00:00:00,50.000,0.000
4500000611,00010,0001,2025-03-23T00:00:00,5.000,5.000
4500000612,00010,0001,2025-09-03T00:00:00,10.000,0.000
4500000613,00010,0001,2025-09-15T00:00:00,11.000,8.000
4500000614,00010,0001,2026-09-21T00:00:00,5.000,0.000
4500000615,00010,0001,2024-11-23T00:00:00,5.000,3.000
4500000616,00010,0001,2024-12-26T00:00:00,7.000,7.000
4500000617,00010,0001,2026-05-31T00:00:00,3.000,3.000
4500000618,00010,0001,2026-07-11T00:00:00,6.000,6.000
4500000619,00010,0001,2024-10-12T00:00:00,2.000,2.000
4500000620,00010,0001,2025-10-05T00:00:00,2.000,2.000
4500000621,00010,0001,2025-12-11T00:00:00,3.000,3.000
4500000622,00010,0001,2026-08-17T00:00:00,3.000,0.000
4500000623,00010,0001,2026-08-16T00:00:00,3.000,3.000
4500000624,00010,0001,2024-11-02T00:00:00,15.000,15.000
4500000625,00010,0001,2025-08-26T00:00:00,12.000,12.000
4500000626,00010,0001,2026-02-20T00:00:00,12.000,12.000
4500000627,00010,0001,2026-07-22T00:00:00,11.000,11.000
4500000628,00010,0001,2025-03-27T00:00:00,13.000,13.000
4500000629,00010,0001,2026-06-26T00:00:00,12.000,12.000
4500000630,00010,0001,2024-12-01T00:00:00,4.000,3.000
4500000631,00010,0001,2025-03-02T00:00:00,9.000,9.000
4500000632,00010,0001,2025-08-24T00:00:00,5.000,5.000
4500000633,00010,0001,2025-10-01T00:00:00,10.000,10.000
4500000634,00010,0001,2026-10-04T00:00:00,7.000,0.000
4500000635,00010,0001,2026-12-05T00:00:00,7.000,0.000
4500000636,00010,0001,2024-10-19T00:00:00,17.000,17.000
4500000637,00010,0001,2025-07-26T00:00:00,17.000,9.000
4500000638,00010,0001,2026-02-23T00:00:00,18.000,18.000
4500000639,00010,0001,2026-09-28T00:00:00,18.000,0.000
4500000640,00010,0001,2025-05-02T00:00:00,11.000,8.000
4500000641,00010,0001,2025-09-26T00:00:00,17.000,17.000
4500000642,00010,0001,2025-05-04T00:00:00,11.000,11.000
4500000643,00010,0001,2026-11-22T00:00:00,12.000,0.000
4500000644,00010,0001,2025-05-01T00:00:00,3.000,3.000
4500000645,00010,0001,2025-07-16T00:00:00,2.000,2.000
4500000646,00010,0001,2025-12-06T00:00:00,2.000,2.000
4500000647,00010,0001,2026-08-18T00:00:00,2.000,1.000
4500000648,00010,0001,2024-12-29T00:00:00,43.000,43.000
4500000649,00010,0001,2025-04-10T00:00:00,51.000,0.000
4500000650,00010,0001,2025-04-18T00:00:00,54.000,0.000
4500000651,00010,0001,2025-06-22T00:00:00,54.000,0.000
4500000652,00010,0001,2025-06-24T00:00:00,54.000,54.000
4500000653,00010,0001,2025-11-09T00:00:00,45.000,45.000
4500000654,00010,0001,2026-03-01T00:00:00,46.000,46.000
4500000655,00010,0001,2026-07-03T00:00:00,43.000,43.000
4500000656,00010,0001,2025-11-22T00:00:00,1.000,1.000
4500000657,00010,0001,2026-07-23T00:00:00,1.000,1.000
4500000658,00010,0001,2026-10-09T00:00:00,2.000,0.000
4500000659,00010,0001,2024-10-19T00:00:00,8.000,4.000
4500000660,00010,0001,2024-11-14T00:00:00,11.000,11.000
4500000661,00010,0001,2025-10-30T00:00:00,8.000,0.000
4500000662,00010,0001,2025-11-30T00:00:00,8.000,8.000
4500000663,00010,0001,2026-02-12T00:00:00,7.000,5.000
4500000664,00010,0001,2026-08-16T00:00:00,8.000,8.000
4500000665,00010,0001,2024-10-16T00:00:00,19.000,19.000
4500000666,00010,0001,2025-07-21T00:00:00,14.000,14.000
4500000667,00010,0001,2025-12-11T00:00:00,13.000,13.000
4500000668,00010,0001,2026-08-17T00:00:00,15.000,15.000
4500000669,00010,0001,2024-11-06T00:00:00,3.000,0.000
4500000670,00010,0001,2024-11-12T00:00:00,3.000,3.000
4500000671,00010,0001,2025-02-02T00:00:00,4.000,4.000
4500000672,00010,0001,2025-03-06T00:00:00,7.000,0.000
4500000673,00010,0001,2025-03-12T00:00:00,3.000,3.000
4500000674,00010,0001,2025-06-15T00:00:00,4.000,4.000
4500000675,00010,0001,2025-07-13T00:00:00,7.000,7.000
4500000676,00010,0001,2025-12-20T00:00:00,3.000,3.000
4500000677,00010,0001,2026-01-10T00:00:00,6.000,6.000
4500000678,00010,0001,2026-05-02T00:00:00,3.000,0.000
4500000679,00010,0001,2026-06-02T00:00:00,3.000,3.000
4500000680,00010,0001,2026-07-29T00:00:00,4.000,4.000
4500000681,00010,0001,2024-11-14T00:00:00,86.000,39.000
4500000682,00010,0001,2024-12-31T00:00:00,73.000,73.000
4500000683,00010,0001,2025-03-24T00:00:00,67.000,0.000
4500000684,00010,0001,2025-04-18T00:00:00,85.000,85.000
4500000685,00010,0001,2025-07-22T00:00:00,71.000,71.000
4500000686,00010,0001,2025-10-27T00:00:00,75.000,75.000
4500000687,00010,0001,2026-02-21T00:00:00,78.000,33.000
4500000688,00010,0001,2026-03-13T00:00:00,103.000,103.000
4500000689,00010,0001,2026-09-03T00:00:00,64.000,64.000
4500000690,00010,0001,2024-10-26T00:00:00,138.000,138.000
4500000691,00010,0001,2025-03-27T00:00:00,121.000,121.000
4500000692,00010,0001,2025-10-03T00:00:00,149.000,0.000
4500000693,00010,0001,2025-11-15T00:00:00,174.000,88.000
4500000694,00010,0001,2026-02-22T00:00:00,134.000,134.000
4500000695,00010,0001,2026-08-25T00:00:00,134.000,0.000
4500000696,00010,0001,2026-09-13T00:00:00,157.000,0.000
4500000697,00010,0001,2024-11-07T00:00:00,94.000,94.000
4500000698,00010,0001,2025-04-19T00:00:00,96.000,96.000
4500000699,00010,0001,2025-10-30T00:00:00,96.000,96.000
4500000700,00010,0001,2026-04-19T00:00:00,87.000,51.000
4500000701,00010,0001,2026-09-07T00:00:00,87.000,0.000
4500000702,00010,0001,2024-10-08T00:00:00,2.000,2.000
4500000703,00010,0001,2025-01-03T00:00:00,3.000,3.000
4500000704,00010,0001,2025-05-23T00:00:00,4.000,0.000
4500000705,00010,0001,2025-06-11T00:00:00,4.000,4.000
4500000706,00010,0001,2025-09-17T00:00:00,2.000,2.000
4500000707,00010,0001,2025-10-22T00:00:00,4.000,0.000
4500000708,00010,0001,2025-10-30T00:00:00,4.000,4.000
4500000709,00010,0001,2026-07-03T00:00:00,2.000,2.000
4500000710,00010,0001,2024-10-19T00:00:00,5.000,5.000
4500000711,00010,0001,2025-06-21T00:00:00,5.000,5.000
4500000712,00010,0001,2026-06-11T00:00:00,5.000,5.000
4500000713,00010,0001,2025-01-15T00:00:00,6.000,0.000
4500000714,00010,0001,2025-02-19T00:00:00,6.000,6.000
4500000715,00010,0001,2025-10-15T00:00:00,7.000,0.000
4500000716,00010,0001,2025-10-22T00:00:00,7.000,7.000
4500000717,00010,0001,2026-06-10T00:00:00,6.000,6.000
4500000718,00010,0001,2026-10-02T00:00:00,13.000,0.000
4500000719,00010,0001,2025-06-24T00:00:00,21.000,0.000
4500000720,00010,0001,2025-07-26T00:00:00,24.000,0.000
4500000721,00010,0001,2025-09-01T00:00:00,27.000,19.000
4500000722,00010,0001,2026-09-07T00:00:00,20.000,20.000
4500000723,00010,0001,2026-02-18T00:00:00,3.000,0.000
4500000724,00010,0001,2026-03-21T00:00:00,3.000,3.000
4500000725,00010,0001,2026-05-21T00:00:00,2.000,2.000
4500000726,00010,0001,2025-01-25T00:00:00,4.000,0.000
4500000727,00010,0001,2025-03-11T00:00:00,4.000,4.000
4500000728,00010,0001,2025-08-28T00:00:00,4.000,4.000
4500000729,00010,0001,2026-02-21T00:00:00,4.000,2.000
4500000730,00010,0001,2026-04-30T00:00:00,4.000,0.000
4500000731,00010,0001,2026-05-30T00:00:00,4.000,4.000
4500000732,00010,0001,2024-12-22T00:00:00,3.000,3.000
4500000733,00010,0001,2025-02-16T00:00:00,3.000,3.000
4500000734,00010,0001,2025-09-06T00:00:00,3.000,3.000
4500000735,00010,0001,2026-07-19T00:00:00,5.000,5.000
4500000736,00010,0001,2025-01-06T00:00:00,110.000,61.000
4500000737,00010,0001,2025-02-20T00:00:00,118.000,118.000
4500000738,00010,0001,2025-06-28T00:00:00,118.000,0.000
4500000739,00010,0001,2025-07-20T00:00:00,118.000,118.000
4500000740,00010,0001,2025-11-27T00:00:00,117.000,0.000
4500000741,00010,0001,2026-01-06T00:00:00,118.000,118.000
4500000742,00010,0001,2026-05-05T00:00:00,107.000,107.000
4500000743,00010,0001,2026-08-25T00:00:00,118.000,68.000
4500000744,00010,0001,2024-10-21T00:00:00,5.000,4.000
4500000745,00010,0001,2025-04-05T00:00:00,5.000,0.000
4500000746,00010,0001,2025-04-25T00:00:00,5.000,5.000
4500000747,00010,0001,2026-09-18T00:00:00,5.000,0.000
4500000748,00010,0001,2024-11-27T00:00:00,4.000,4.000
4500000749,00010,0001,2025-06-19T00:00:00,3.000,3.000
4500000750,00010,0001,2026-06-06T00:00:00,5.000,5.000
4500000751,00010,0001,2025-05-23T00:00:00,7.000,7.000
4500000752,00010,0001,2025-11-11T00:00:00,6.000,5.000
4500000753,00010,0001,2026-04-08T00:00:00,7.000,0.000
4500000754,00010,0001,2026-05-10T00:00:00,7.000,7.000
4500000755,00010,0001,2025-01-31T00:00:00,5.000,5.000
4500000756,00010,0001,2025-06-26T00:00:00,5.000,5.000
4500000757,00010,0001,2026-01-25T00:00:00,5.000,0.000
4500000758,00010,0001,2026-02-28T00:00:00,5.000,3.000
4500000759,00010,0001,2026-10-20T00:00:00,4.000,0.000
4500000760,00010,0001,2024-11-03T00:00:00,3.000,3.000
4500000761,00010,0001,2025-02-07T00:00:00,5.000,5.000
4500000762,00010,0001,2025-10-17T00:00:00,5.000,0.000
4500000763,00010,0001,2025-11-15T00:00:00,7.000,3.000
4500000764,00010,0001,2025-12-18T00:00:00,8.000,0.000
4500000765,00010,0001,2026-01-22T00:00:00,5.000,5.000
4500000766,00010,0001,2026-04-10T00:00:00,4.000,4.000
4500000767,00010,0001,2024-11-05T00:00:00,12.000,12.000
4500000768,00010,0001,2025-10-05T00:00:00,9.000,9.000
4500000769,00010,0001,2026-09-09T00:00:00,9.000,0.000
4500000770,00010,0001,2024-10-26T00:00:00,3.000,0.000
4500000771,00010,0001,2024-12-09T00:00:00,4.000,0.000
4500000772,00010,0001,2024-12-21T00:00:00,4.000,4.000
4500000773,00010,0001,2025-07-23T00:00:00,3.000,3.000
4500000774,00010,0001,2025-12-28T00:00:00,4.000,4.000
4500000775,00010,0001,2026-09-20T00:00:00,4.000,0.000
4500000776,00010,0001,2024-11-01T00:00:00,14.000,14.000
4500000777,00010,0001,2025-07-14T00:00:00,13.000,13.000
4500000778,00010,0001,2026-03-18T00:00:00,13.000,13.000
4500000779,00010,0001,2024-11-15T00:00:00,239.000,239.000
4500000780,00010,0001,2025-03-24T00:00:00,208.000,208.000
4500000781,00010,0001,2025-08-25T00:00:00,194.000,115.000
4500000782,00010,0001,2025-12-29T00:00:00,205.000,205.000
4500000783,00010,0001,2026-06-25T00:00:00,229.000,229.000
4500000784,00010,0001,2024-11-21T00:00:00,46.000,46.000
4500000785,00010,0001,2025-02-28T00:00:00,44.000,44.000
4500000786,00010,0001,2025-07-27T00:00:00,55.000,55.000
4500000787,00010,0001,2025-12-03T00:00:00,44.000,44.000
4500000788,00010,0001,2026-03-23T00:00:00,43.000,0.000
4500000789,00010,0001,2026-04-16T00:00:00,57.000,57.000
4500000790,00010,0001,2026-09-07T00:00:00,52.000,52.000
4500000791,00010,0001,2024-10-11T00:00:00,6.000,3.000
4500000792,00010,0001,2024-11-14T00:00:00,6.000,0.000
4500000793,00010,0001,2024-11-27T00:00:00,6.000,6.000
4500000794,00010,0001,2025-03-12T00:00:00,6.000,6.000
4500000795,00010,0001,2026-02-15T00:00:00,5.000,5.000
4500000796,00010,0001,2026-08-21T00:00:00,4.000,4.000
4500000797,00010,0001,2024-12-24T00:00:00,53.000,0.000
4500000798,00010,0001,2025-01-24T00:00:00,67.000,67.000
4500000799,00010,0001,2025-05-16T00:00:00,49.000,49.000
4500000800,00010,0001,2025-08-17T00:00:00,89.000,89.000
4500000801,00010,0001,2026-05-23T00:00:00,48.000,48.000
4500000802,00010,0001,2026-08-10T00:00:00,87.000,87.000
4500000803,00010,0001,2024-11-23T00:00:00,12.000,12.000
4500000804,00010,0001,2025-04-14T00:00:00,8.000,5.000
4500000805,00010,0001,2025-04-27T00:00:00,12.000,12.000
4500000806,00010,0001,2025-11-18T00:00:00,8.000,8.000
4500000807,00010,0001,2026-01-24T00:00:00,8.000,8.000
4500000808,00010,0001,2026-08-07T00:00:00,7.000,0.000
4500000809,00010,0001,2026-08-24T00:00:00,7.000,0.000
4500000810,00010,0001,2026-10-09T00:00:00,10.000,0.000
4500000811,00010,0001,2025-02-26T00:00:00,6.000,6.000
4500000812,00010,0001,2025-09-10T00:00:00,6.000,6.000
4500000813,00010,0001,2026-08-06T00:00:00,6.000,6.000
4500000814,00010,0001,2025-01-20T00:00:00,7.000,7.000
4500000815,00010,0001,2025-07-04T00:00:00,6.000,0.000
4500000816,00010,0001,2025-08-11T00:00:00,6.000,4.000
4500000817,00010,0001,2025-11-02T00:00:00,10.000,10.000
4500000818,00010,0001,2026-06-19T00:00:00,6.000,0.000
4500000819,00010,0001,2026-07-31T00:00:00,6.000,6.000
4500000820,00010,0001,2026-10-21T00:00:00,12.000,0.000
4500000821,00010,0001,2024-11-07T00:00:00,101.000,101.000
4500000822,00010,0001,2025-03-19T00:00:00,130.000,130.000
4500000823,00010,0001,2025-07-23T00:00:00,109.000,0.000
4500000824,00010,0001,2025-09-10T00:00:00,131.000,131.000
4500000825,00010,0001,2026-01-12T00:00:00,136.000,136.000
4500000826,00010,0001,2026-05-21T00:00:00,114.000,114.000
4500000827,00010,0001,2026-08-27T00:00:00,106.000,48.000
4500000828,00010,0001,2025-05-31T00:00:00,14.000,14.000
4500000829,00010,0001,2026-10-23T00:00:00,13.000,0.000
4500000830,00010,0001,2024-11-16T00:00:00,11.000,11.000
4500000831,00010,0001,2025-05-18T00:00:00,9.000,9.000
4500000832,00010,0001,2025-11-20T00:00:00,9.000,9.000
4500000833,00010,0001,2026-08-06T00:00:00,11.000,0.000
4500000834,00010,0001,2025-02-03T00:00:00,4.000,4.000
4500000835,00010,0001,2025-05-30T00:00:00,4.000,0.000
4500000836,00010,0001,2025-07-12T00:00:00,4.000,4.000
4500000837,00010,0001,2025-09-06T00:00:00,4.000,4.000
4500000838,00010,0001,2026-04-28T00:00:00,4.000,4.000
4500000839,00010,0001,2024-10-31T00:00:00,84.000,84.000
4500000840,00010,0001,2025-02-27T00:00:00,74.000,74.000
4500000841,00010,0001,2025-07-18T00:00:00,79.000,0.000
4500000842,00010,0001,2025-08-12T00:00:00,99.000,40.000
4500000843,00010,0001,2025-10-05T00:00:00,71.000,71.000
4500000844,00010,0001,2026-02-17T00:00:00,75.000,0.000
4500000845,00010,0001,2026-03-22T00:00:00,94.000,94.000
4500000846,00010,0001,2026-07-15T00:00:00,86.000,67.000
4500000847,00010,0001,2026-10-19T00:00:00,64.000,0.000
4500000848,00010,0001,2024-10-09T00:00:00,5.000,5.000
4500000849,00010,0001,2024-12-18T00:00:00,6.000,0.000
4500000850,00010,0001,2025-01-13T00:00:00,6.000,6.000
4500000851,00010,0001,2025-05-04T00:00:00,7.000,0.000
4500000852,00010,0001,2025-05-29T00:00:00,7.000,7.000
4500000853,00010,0001,2025-11-24T00:00:00,7.000,7.000
4500000854,00010,0001,2026-03-04T00:00:00,7.000,7.000
4500000855,00010,0001,2026-09-22T00:00:00,8.000,0.000
4500000856,00010,0001,2025-09-15T00:00:00,2.000,2.000
4500000857,00010,0001,2026-11-10T00:00:00,2.000,0.000
4500000858,00010,0001,2025-01-03T00:00:00,3.000,3.000
4500000859,00010,0001,2025-09-07T00:00:00,3.000,3.000
4500000860,00010,0001,2025-11-30T00:00:00,3.000,3.000
4500000861,00010,0001,2026-09-26T00:00:00,3.000,0.000
4500000862,00010,0001,2026-03-24T00:00:00,2.000,1.000
4500000863,00010,0001,2026-07-03T00:00:00,2.000,2.000
4500000864,00010,0001,2024-11-01T00:00:00,10.000,10.000
4500000865,00010,0001,2025-06-16T00:00:00,11.000,0.000
4500000866,00010,0001,2025-08-11T00:00:00,11.000,0.000
4500000867,00010,0001,2025-08-26T00:00:00,11.000,0.000
4500000868,00010,0001,2025-10-12T00:00:00,11.000,11.000
4500000869,00010,0001,2026-03-01T00:00:00,10.000,10.000
4500000870,00010,0001,2026-06-28T00:00:00,11.000,11.000
4500000871,00010,0001,2025-03-16T00:00:00,9.000,9.000
4500000872,00010,0001,2026-01-02T00:00:00,8.000,8.000
4500000873,00010,0001,2026-07-30T00:00:00,8.000,8.000
4500000874,00010,0001,2027-02-09T00:00:00,8.000,0.000
4500000875,00010,0001,2025-04-03T00:00:00,1.000,0.000
4500000876,00010,0001,2025-05-21T00:00:00,1.000,1.000
4500000877,00010,0001,2025-09-06T00:00:00,1.000,0.000
4500000878,00010,0001,2025-10-15T00:00:00,1.000,1.000
4500000879,00010,0001,2025-01-16T00:00:00,98.000,65.000
4500000880,00010,0001,2025-04-20T00:00:00,98.000,98.000
4500000881,00010,0001,2025-10-15T00:00:00,98.000,98.000
4500000882,00010,0001,2026-04-12T00:00:00,92.000,92.000
4500000883,00010,0001,2026-09-07T00:00:00,98.000,98.000
4500000884,00010,0001,2024-11-27T00:00:00,6.000,6.000
4500000885,00010,0001,2025-03-31T00:00:00,7.000,7.000
4500000886,00010,0001,2026-01-02T00:00:00,7.000,0.000
4500000887,00010,0001,2026-02-21T00:00:00,10.000,0.000
4500000888,00010,0001,2026-03-06T00:00:00,10.000,0.000
4500000889,00010,0001,2026-04-17T00:00:00,10.000,10.000
4500000890,00010,0001,2025-01-14T00:00:00,18.000,18.000
4500000891,00010,0001,2026-01-02T00:00:00,14.000,14.000
4500000892,00010,0001,2026-12-12T00:00:00,3.000,0.000
4500000893,00010,0001,2024-10-07T00:00:00,7.000,7.000
4500000894,00010,0001,2024-12-21T00:00:00,8.000,8.000
4500000895,00010,0001,2025-04-28T00:00:00,9.000,9.000
4500000896,00010,0001,2025-06-02T00:00:00,8.000,8.000
4500000897,00010,0001,2026-06-20T00:00:00,8.000,0.000
4500000898,00010,0001,2026-07-06T00:00:00,8.000,8.000
4500000899,00010,0001,2026-07-04T00:00:00,4.000,4.000
4500000900,00010,0001,2025-04-04T00:00:00,6.000,6.000
4500000901,00010,0001,2026-04-11T00:00:00,6.000,0.000
4500000902,00010,0001,2026-05-03T00:00:00,6.000,6.000
4500000903,00010,0001,2027-03-22T00:00:00,6.000,0.000
4500000904,00010,0001,2025-03-14T00:00:00,5.000,5.000
4500000905,00010,0001,2025-07-27T00:00:00,4.000,4.000
4500000906,00010,0001,2025-10-27T00:00:00,4.000,3.000
4500000907,00010,0001,2025-08-19T00:00:00,2.000,1.000
4500000908,00010,0001,2025-09-16T00:00:00,2.000,0.000
4500000909,00010,0001,2025-10-18T00:00:00,2.000,0.000
4500000910,00010,0001,2025-12-14T00:00:00,2.000,2.000
4500000911,00010,0001,2025-04-28T00:00:00,1.000,1.000
4500000912,00010,0001,2025-08-03T00:00:00,1.000,1.000
4500000913,00010,0001,2025-12-16T00:00:00,1.000,0.000
4500000914,00010,0001,2026-02-15T00:00:00,1.000,1.000
4500000915,00010,0001,2026-08-20T00:00:00,1.000,1.000
4500000916,00010,0001,2024-10-07T00:00:00,4.000,4.000
4500000917,00010,0001,2024-12-26T00:00:00,6.000,6.000
4500000918,00010,0001,2025-02-04T00:00:00,5.000,5.000
4500000919,00010,0001,2025-04-17T00:00:00,6.000,6.000
4500000920,00010,0001,2025-05-01T00:00:00,11.000,11.000
4500000921,00010,0001,2025-10-23T00:00:00,5.000,0.000
4500000922,00010,0001,2025-12-10T00:00:00,7.000,7.000
4500000923,00010,0001,2025-12-31T00:00:00,11.000,11.000
4500000924,00010,0001,2026-05-15T00:00:00,10.000,0.000
4500000925,00010,0001,2026-06-15T00:00:00,10.000,10.000
4500000926,00010,0001,2025-02-22T00:00:00,7.000,7.000
4500000927,00010,0001,2025-04-02T00:00:00,4.000,4.000
4500000928,00010,0001,2025-05-23T00:00:00,4.000,4.000
4500000929,00010,0001,2025-07-07T00:00:00,6.000,5.000
4500000930,00010,0001,2025-12-01T00:00:00,5.000,5.000
4500000931,00010,0001,2026-04-03T00:00:00,6.000,6.000
4500000932,00010,0001,2026-05-19T00:00:00,3.000,3.000
4500000933,00010,0001,2026-09-06T00:00:00,6.000,6.000
4500000934,00010,0001,2024-12-10T00:00:00,140.000,140.000
4500000935,00010,0001,2025-07-07T00:00:00,140.000,76.000
4500000936,00010,0001,2025-11-12T00:00:00,140.000,0.000
4500000937,00010,0001,2025-11-29T00:00:00,140.000,140.000
4500000938,00010,0001,2026-05-22T00:00:00,131.000,131.000
4500000939,00010,0001,2024-09-24T00:00:00,7.000,7.000
4500000940,00010,0001,2024-12-22T00:00:00,11.000,0.000
4500000941,00010,0001,2025-01-31T00:00:00,11.000,8.000
4500000942,00010,0001,2025-05-16T00:00:00,9.000,9.000
4500000943,00010,0001,2025-08-24T00:00:00,10.000,10.000
4500000944,00010,0001,2025-10-27T00:00:00,7.000,7.000
4500000945,00010,0001,2026-01-19T00:00:00,10.000,10.000
4500000946,00010,0001,2026-09-22T00:00:00,8.000,0.000
4500000947,00010,0001,2024-10-19T00:00:00,1.000,1.000
4500000948,00010,0001,2025-01-15T00:00:00,2.000,2.000
4500000949,00010,0001,2025-04-12T00:00:00,2.000,2.000
4500000950,00010,0001,2025-09-11T00:00:00,2.000,2.000
4500000951,00010,0001,2025-10-21T00:00:00,2.000,0.000
4500000952,00010,0001,2025-11-13T00:00:00,2.000,0.000
4500000953,00010,0001,2025-11-24T00:00:00,2.000,2.000
4500000954,00010,0001,2026-01-13T00:00:00,2.000,1.000
4500000955,00010,0001,2026-02-04T00:00:00,2.000,2.000
4500000956,00010,0001,2024-11-25T00:00:00,251.000,251.000
4500000957,00010,0001,2025-05-09T00:00:00,245.000,128.000
4500000958,00010,0001,2025-08-28T00:00:00,231.000,231.000
4500000959,00010,0001,2026-03-13T00:00:00,245.000,0.000
4500000960,00010,0001,2026-04-27T00:00:00,251.000,0.000
4500000961,00010,0001,2026-05-17T00:00:00,251.000,0.000
4500000962,00010,0001,2026-06-23T00:00:00,251.000,0.000
4500000963,00010,0001,2026-07-09T00:00:00,251.000,251.000
4500000964,00010,0001,2024-10-08T00:00:00,186.000,186.000
4500000965,00010,0001,2025-04-20T00:00:00,192.000,192.000
4500000966,00010,0001,2025-09-16T00:00:00,185.000,185.000
4500000967,00010,0001,2026-03-17T00:00:00,188.000,77.000
4500000968,00010,0001,2026-06-12T00:00:00,191.000,191.000
4500000969,00010,0001,2024-12-05T00:00:00,4.000,4.000
4500000970,00010,0001,2026-08-25T00:00:00,4.000,0.000
4500000971,00010,0001,2026-09-06T00:00:00,4.000,0.000
4500000972,00010,0001,2026-10-11T00:00:00,4.000,0.000
4500000973,00010,0001,2025-01-28T00:00:00,164.000,164.000
4500000974,00010,0001,2025-08-21T00:00:00,173.000,173.000
4500000975,00010,0001,2026-04-21T00:00:00,170.000,170.000
4500000976,00010,0001,2026-11-13T00:00:00,166.000,0.000
4500000977,00010,0001,2025-04-07T00:00:00,3.000,3.000
4500000978,00010,0001,2025-11-16T00:00:00,3.000,0.000
4500000979,00010,0001,2025-12-19T00:00:00,4.000,4.000
4500000980,00010,0001,2026-02-20T00:00:00,7.000,5.000
4500000981,00010,0001,2026-12-02T00:00:00,3.000,0.000
4500000982,00010,0001,2025-01-30T00:00:00,18.000,0.000
4500000983,00010,0001,2025-03-06T00:00:00,22.000,22.000
4500000984,00010,0001,2026-02-09T00:00:00,12.000,12.000
4500000985,00010,0001,2026-06-15T00:00:00,24.000,24.000
4500000986,00010,0001,2025-06-12T00:00:00,12.000,12.000
4500000987,00010,0001,2026-01-13T00:00:00,13.000,13.000
4500000988,00010,0001,2026-04-23T00:00:00,24.000,0.000
4500000989,00010,0001,2026-06-11T00:00:00,11.000,11.000
4500000990,00010,0001,2025-02-24T00:00:00,18.000,18.000
4500000991,00010,0001,2026-08-18T00:00:00,19.000,0.000
4500000992,00010,0001,2026-09-15T00:00:00,19.000,0.000
4500000993,00010,0001,2024-10-08T00:00:00,17.000,0.000
4500000994,00010,0001,2024-11-03T00:00:00,17.000,0.000
4500000995,00010,0001,2024-12-25T00:00:00,23.000,0.000
4500000996,00010,0001,2025-01-30T00:00:00,23.000,23.000
4500000997,00010,0001,2025-09-19T00:00:00,23.000,0.000
4500000998,00010,0001,2025-10-21T00:00:00,23.000,23.000
4500000999,00010,0001,2026-06-12T00:00:00,18.000,9.000
4500001000,00010,0001,2025-01-17T00:00:00,9.000,9.000
4500001001,00010,0001,2026-09-08T00:00:00,9.000,5.000
4500001002,00010,0001,2026-07-14T00:00:00,4.000,4.000
4500001003,00010,0001,2025-02-27T00:00:00,10.000,6.000
4500001004,00010,0001,2025-08-12T00:00:00,14.000,14.000
4500001005,00010,0001,2026-12-03T00:00:00,8.000,0.000
4500001006,00010,0001,2024-12-23T00:00:00,4.000,4.000
4500001007,00010,0001,2025-05-13T00:00:00,4.000,0.000
4500001008,00010,0001,2025-05-20T00:00:00,4.000,0.000
4500001009,00010,0001,2025-06-20T00:00:00,5.000,5.000
4500001010,00010,0001,2026-04-29T00:00:00,4.000,4.000
4500001011,00010,0001,2024-11-15T00:00:00,2.000,2.000
4500001012,00010,0001,2025-01-25T00:00:00,3.000,3.000
4500001013,00010,0001,2025-09-06T00:00:00,3.000,3.000
4500001014,00010,0001,2026-04-26T00:00:00,2.000,2.000
4500001015,00010,0001,2026-06-20T00:00:00,2.000,2.000
4500001016,00010,0001,2026-08-08T00:00:00,3.000,3.000
4500001017,00010,0001,2025-04-14T00:00:00,6.000,6.000
4500001018,00010,0001,2026-06-17T00:00:00,6.000,6.000
4500001019,00010,0001,2024-11-07T00:00:00,168.000,98.000
4500001020,00010,0001,2025-02-21T00:00:00,173.000,173.000
4500001021,00010,0001,2025-10-26T00:00:00,186.000,186.000
4500001022,00010,0001,2026-04-23T00:00:00,191.000,191.000
4500001023,00010,0001,2025-01-05T00:00:00,194.000,194.000
4500001024,00010,0001,2025-05-23T00:00:00,172.000,0.000
4500001025,00010,0001,2025-06-28T00:00:00,204.000,204.000
4500001026,00010,0001,2025-12-22T00:00:00,172.000,172.000
4500001027,00010,0001,2026-07-05T00:00:00,177.000,0.000
4500001028,00010,0001,2026-07-31T00:00:00,192.000,0.000
4500001029,00010,0001,2026-09-07T00:00:00,204.000,204.000
4500001030,00010,0001,2024-11-06T00:00:00,14.000,14.000
4500001031,00010,0001,2025-09-26T00:00:00,15.000,15.000
4500001032,00010,0001,2026-07-04T00:00:00,13.000,13.000
4500001033,00010,0001,2024-12-04T00:00:00,3.000,2.000
4500001034,00010,0001,2025-02-03T00:00:00,4.000,4.000
4500001035,00010,0001,2025-07-22T00:00:00,3.000,0.000
4500001036,00010,0001,2025-08-29T00:00:00,3.000,3.000
4500001037,00010,0001,2025-12-13T00:00:00,2.000,0.000
4500001038,00010,0001,2026-01-22T00:00:00,2.000,2.000
4500001039,00010,0001,2026-08-31T00:00:00,2.000,2.000
4500001040,00010,0001,2026-09-09T00:00:00,4.000,0.000
4500001041,00010,0001,2026-09-23T00:00:00,1.000,0.000
4500001042,00010,0001,2025-07-23T00:00:00,2.000,2.000
4500001043,00010,0001,2026-01-16T00:00:00,2.000,0.000
4500001044,00010,0001,2026-02-11T00:00:00,2.000,2.000
4500001045,00010,0001,2026-06-22T00:00:00,2.000,2.000
4500001046,00010,0001,2025-02-12T00:00:00,17.000,0.000
4500001047,00010,0001,2025-03-07T00:00:00,17.000,17.000
4500001048,00010,0001,2026-09-14T00:00:00,16.000,0.000
4500001049,00010,0001,2025-04-02T00:00:00,14.000,14.000
4500001050,00010,0001,2025-10-17T00:00:00,14.000,14.000
4500001051,00010,0001,2026-05-08T00:00:00,12.000,12.000
4500001052,00010,0001,2025-01-10T00:00:00,10.000,10.000
4500001053,00010,0001,2026-04-29T00:00:00,10.000,0.000
4500001054,00010,0001,2026-05-21T00:00:00,10.000,0.000
4500001055,00010,0001,2026-07-03T00:00:00,10.000,10.000
4500001056,00010,0001,2026-12-27T00:00:00,3.000,0.000
4500001057,00010,0001,2024-11-09T00:00:00,131.000,131.000
4500001058,00010,0001,2025-03-28T00:00:00,123.000,123.000
4500001059,00010,0001,2025-08-13T00:00:00,131.000,131.000
4500001060,00010,0001,2025-12-02T00:00:00,131.000,131.000
4500001061,00010,0001,2026-04-03T00:00:00,118.000,118.000
4500001062,00010,0001,2026-07-21T00:00:00,131.000,0.000
4500001063,00010,0001,2026-08-21T00:00:00,131.000,0.000
4500001064,00010,0001,2025-02-13T00:00:00,24.000,0.000
4500001065,00010,0001,2025-02-21T00:00:00,29.000,29.000
4500001066,00010,0001,2026-08-02T00:00:00,19.000,19.000
4500001067,00010,0001,2024-12-31T00:00:00,6.000,0.000
4500001068,00010,0001,2025-01-28T00:00:00,11.000,0.000
4500001069,00010,0001,2025-03-13T00:00:00,11.000,0.000
4500001070,00010,0001,2025-03-28T00:00:00,13.000,13.000
4500001071,00010,0001,2025-11-14T00:00:00,8.000,8.000
4500001072,00010,0001,2026-04-09T00:00:00,8.000,8.000
4500001073,00010,0001,2026-11-27T00:00:00,6.000,0.000
4500001074,00010,0001,2025-02-24T00:00:00,119.000,119.000
4500001075,00010,0001,2025-06-05T00:00:00,218.000,218.000
4500001076,00010,0001,2026-01-27T00:00:00,94.000,0.000
4500001077,00010,0001,2026-03-27T00:00:00,118.000,118.000
4500001078,00010,0001,2026-07-02T00:00:00,214.000,214.000
4500001079,00010,0001,2025-11-08T00:00:00,1.000,0.000
4500001080,00010,0001,2025-12-07T00:00:00,1.000,1.000
4500001081,00010,0001,2026-01-16T00:00:00,2.000,2.000
4500001082,00010,0001,2025-02-05T00:00:00,274.000,159.000
4500001083,00010,0001,2025-07-22T00:00:00,260.000,260.000
4500001084,00010,0001,2026-03-25T00:00:00,281.000,170.000
4500001085,00010,0001,2026-08-07T00:00:00,443.000,443.000
4500001086,00010,0001,2024-11-20T00:00:00,209.000,209.000
4500001087,00010,0001,2025-05-10T00:00:00,196.000,196.000
4500001088,00010,0001,2025-09-29T00:00:00,184.000,0.000
4500001089,00010,0001,2025-11-15T00:00:00,225.000,150.000
4500001090,00010,0001,2026-02-06T00:00:00,184.000,184.000
4500001091,00010,0001,2026-06-14T00:00:00,188.000,0.000
4500001092,00010,0001,2026-08-15T00:00:00,225.000,0.000
4500001093,00010,0001,2026-08-21T00:00:00,265.000,113.000
4500001094,00010,0001,2024-11-01T00:00:00,59.000,59.000
4500001095,00010,0001,2025-03-31T00:00:00,52.000,52.000
4500001096,00010,0001,2025-09-11T00:00:00,53.000,53.000
4500001097,00010,0001,2026-01-19T00:00:00,47.000,47.000
4500001098,00010,0001,2026-06-19T00:00:00,56.000,56.000
4500001099,00010,0001,2024-11-22T00:00:00,79.000,79.000
4500001100,00010,0001,2025-04-23T00:00:00,82.000,0.000
4500001101,00010,0001,2025-05-11T00:00:00,105.000,62.000
4500001102,00010,0001,2025-08-29T00:00:00,91.000,0.000
4500001103,00010,0001,2025-09-07T00:00:00,112.000,0.000
4500001104,00010,0001,2025-10-05T00:00:00,119.000,119.000
4500001105,00010,0001,2026-03-14T00:00:00,85.000,85.000
4500001106,00010,0001,2026-08-15T00:00:00,86.000,0.000
4500001107,00010,0001,2024-11-02T00:00:00,54.000,54.000
4500001108,00010,0001,2025-01-06T00:00:00,51.000,51.000
4500001109,00010,0001,2025-03-15T00:00:00,45.000,45.000
4500001110,00010,0001,2025-05-04T00:00:00,90.000,90.000
4500001111,00010,0001,2025-08-30T00:00:00,44.000,44.000
4500001112,00010,0001,2025-10-27T00:00:00,44.000,0.000
4500001113,00010,0001,2025-12-04T00:00:00,67.000,67.000
4500001114,00010,0001,2026-02-13T00:00:00,42.000,42.000
4500001115,00010,0001,2026-03-28T00:00:00,96.000,96.000
4500001116,00010,0001,2026-08-14T00:00:00,39.000,39.000
4500001117,00010,0001,2026-10-26T00:00:00,55.000,0.000
4500001118,00010,0001,2024-11-07T00:00:00,74.000,74.000
4500001119,00010,0001,2025-04-17T00:00:00,71.000,71.000
4500001120,00010,0001,2025-09-18T00:00:00,81.000,81.000
4500001121,00010,0001,2026-03-01T00:00:00,75.000,0.000
4500001122,00010,0001,2026-02-27T00:00:00,91.000,91.000
4500001123,00010,0001,2026-09-28T00:00:00,93.000,0.000
4500001124,00010,0001,2025-02-03T00:00:00,29.000,15.000
4500001125,00010,0001,2026-01-31T00:00:00,27.000,0.000
4500001126,00010,0001,2026-03-05T00:00:00,33.000,0.000
4500001127,00010,0001,2026-04-11T00:00:00,33.000,0.000
4500001128,00010,0001,2026-05-01T00:00:00,33.000,33.000
4500001129,00010,0001,2024-12-25T00:00:00,7.000,0.000
4500001130,00010,0001,2025-01-03T00:00:00,7.000,7.000
4500001131,00010,0001,2025-05-02T00:00:00,10.000,0.000
4500001132,00010,0001,2025-06-14T00:00:00,12.000,12.000
4500001133,00010,0001,2026-04-17T00:00:00,7.000,7.000
4500001134,00010,0001,2026-10-11T00:00:00,8.000,0.000
4500001135,00010,0001,2026-11-11T00:00:00,8.000,0.000
4500001136,00010,0001,2025-02-16T00:00:00,20.000,0.000
4500001137,00010,0001,2025-03-12T00:00:00,21.000,21.000
4500001138,00010,0001,2026-05-13T00:00:00,17.000,17.000
4500001139,00010,0001,2025-02-09T00:00:00,46.000,46.000
4500001140,00010,0001,2025-08-02T00:00:00,49.000,49.000
4500001141,00010,0001,2026-02-11T00:00:00,47.000,0.000
4500001142,00010,0001,2026-03-01T00:00:00,55.000,55.000
4500001143,00010,0001,2026-09-13T00:00:00,47.000,0.000
4500001144,00010,0001,2025-01-01T00:00:00,7.000,7.000
4500001145,00010,0001,2025-12-25T00:00:00,6.000,6.000
4500001146,00010,0001,2026-03-20T00:00:00,7.000,7.000
4500001147,00010,0001,2025-01-09T00:00:00,7.000,7.000
4500001148,00010,0001,2025-07-23T00:00:00,4.000,4.000
4500001149,00010,0001,2025-10-21T00:00:00,4.000,4.000
4500001150,00010,0001,2025-11-26T00:00:00,4.000,4.000
4500001151,00010,0001,2025-12-13T00:00:00,7.000,7.000
4500001152,00010,0001,2026-06-02T00:00:00,5.000,0.000
4500001153,00010,0001,2026-06-20T00:00:00,5.000,0.000
4500001154,00010,0001,2026-07-21T00:00:00,7.000,7.000
4500001155,00010,0001,2024-12-01T00:00:00,6.000,0.000
4500001156,00010,0001,2025-01-16T00:00:00,8.000,8.000
4500001157,00010,0001,2025-05-03T00:00:00,8.000,6.000
4500001158,00010,0001,2025-06-09T00:00:00,7.000,7.000
4500001159,00010,0001,2025-08-09T00:00:00,8.000,8.000
4500001160,00010,0001,2025-10-08T00:00:00,8.000,8.000
4500001161,00010,0001,2025-11-20T00:00:00,7.000,7.000
4500001162,00010,0001,2026-06-19T00:00:00,8.000,8.000
4500001163,00010,0001,2026-07-23T00:00:00,6.000,6.000
4500001164,00010,0001,2024-11-25T00:00:00,16.000,7.000
4500001165,00010,0001,2025-04-04T00:00:00,15.000,15.000
4500001166,00010,0001,2026-02-25T00:00:00,15.000,15.000
4500001167,00010,0001,2024-11-09T00:00:00,19.000,19.000
4500001168,00010,0001,2025-04-10T00:00:00,14.000,14.000
4500001169,00010,0001,2025-09-27T00:00:00,15.000,15.000
4500001170,00010,0001,2024-10-02T00:00:00,9.000,9.000
4500001171,00010,0001,2025-05-20T00:00:00,7.000,3.000
4500001172,00010,0001,2025-08-09T00:00:00,8.000,8.000
4500001173,00010,0001,2026-07-24T00:00:00,8.000,8.000
4500001174,00010,0001,2024-12-30T00:00:00,16.000,16.000
4500001175,00010,0001,2025-07-31T00:00:00,16.000,16.000
4500001176,00010,0001,2026-06-09T00:00:00,16.000,16.000
4500001177,00010,0001,2025-09-23T00:00:00,1.000,1.000
4500001178,00010,0001,2024-10-28T00:00:00,11.000,11.000
4500001179,00010,0001,2025-06-16T00:00:00,11.000,11.000
4500001180,00010,0001,2026-03-31T00:00:00,8.000,8.000
4500001181,00010,0001,2024-12-01T00:00:00,8.000,0.000
4500001182,00010,0001,2024-12-14T00:00:00,10.000,10.000
4500001183,00010,0001,2025-09-17T00:00:00,8.000,8.000
4500001184,00010,0001,2026-01-07T00:00:00,9.000,0.000
4500001185,00010,0001,2026-02-12T00:00:00,9.000,9.000
4500001186,00010,0001,2025-03-08T00:00:00,5.000,0.000
4500001187,00010,0001,2025-03-24T00:00:00,5.000,5.000
4500001188,00010,0001,2025-05-17T00:00:00,5.000,5.000
4500001189,00010,0001,2026-04-03T00:00:00,5.000,5.000
4500001190,00010,0001,2024-11-08T00:00:00,5.000,5.000
4500001191,00010,0001,2024-12-06T00:00:00,3.000,3.000
4500001192,00010,0001,2025-01-26T00:00:00,4.000,4.000
4500001193,00010,0001,2025-04-03T00:00:00,3.000,3.000
4500001194,00010,0001,2025-07-24T00:00:00,3.000,3.000
4500001195,00010,0001,2026-05-07T00:00:00,3.000,3.000
4500001196,00010,0001,2024-11-05T00:00:00,3.000,3.000
4500001197,00010,0001,2025-06-13T00:00:00,5.000,5.000
4500001198,00010,0001,2025-10-08T00:00:00,4.000,0.000
4500001199,00010,0001,2025-11-24T00:00:00,5.000,0.000
4500001200,00010,0001,2025-12-22T00:00:00,5.000,0.000
4500001201,00010,0001,2026-01-14T00:00:00,5.000,5.000
4500001202,00010,0001,2026-02-23T00:00:00,8.000,8.000
4500001203,00010,0001,2025-08-30T00:00:00,1.000,1.000
4500001204,00010,0001,2026-02-22T00:00:00,1.000,1.000
4500001205,00010,0001,2025-05-28T00:00:00,9.000,7.000
4500001206,00010,0001,2025-11-09T00:00:00,15.000,15.000
4500001207,00010,0001,2026-12-07T00:00:00,9.000,0.000
4500001208,00010,0001,2025-08-07T00:00:00,2.000,2.000
4500001209,00010,0001,2026-06-04T00:00:00,2.000,2.000
4500001210,00010,0001,2026-02-15T00:00:00,4.000,4.000
4500001211,00010,0001,2026-05-02T00:00:00,3.000,0.000
4500001212,00010,0001,2026-05-17T00:00:00,3.000,1.000
4500001213,00010,0001,2026-10-13T00:00:00,4.000,0.000
4500001214,00010,0001,2024-11-08T00:00:00,2.000,2.000
4500001215,00010,0001,2024-12-31T00:00:00,3.000,3.000
4500001216,00010,0001,2025-02-08T00:00:00,5.000,5.000
4500001217,00010,0001,2025-10-30T00:00:00,3.000,3.000
4500001218,00010,0001,2025-11-08T00:00:00,5.000,5.000
4500001219,00010,0001,2026-04-14T00:00:00,2.000,2.000
4500001220,00010,0001,2026-07-31T00:00:00,2.000,2.000
4500001221,00010,0001,2024-11-18T00:00:00,126.000,0.000
4500001222,00010,0001,2024-12-19T00:00:00,156.000,0.000
4500001223,00010,0001,2025-01-25T00:00:00,171.000,171.000
4500001224,00010,0001,2025-07-22T00:00:00,123.000,123.000
4500001225,00010,0001,2025-12-13T00:00:00,107.000,107.000
4500001226,00010,0001,2026-06-05T00:00:00,102.000,102.000
4500001227,00010,0001,2026-11-11T00:00:00,109.000,0.000
4500001228,00010,0001,2025-05-05T00:00:00,5.000,5.000
4500001229,00010,0001,2025-08-17T00:00:00,5.000,0.000
4500001230,00010,0001,2025-10-01T00:00:00,5.000,5.000
4500001231,00010,0001,2026-02-19T00:00:00,3.000,3.000
4500001232,00010,0001,2026-07-18T00:00:00,6.000,0.000
4500001233,00010,0001,2026-08-19T00:00:00,6.000,6.000
4500001234,00010,0001,2026-06-21T00:00:00,2.000,0.000
4500001235,00010,0001,2026-07-28T00:00:00,2.000,2.000
4500001236,00010,0001,2024-11-21T00:00:00,109.000,109.000
4500001237,00010,0001,2025-04-29T00:00:00,93.000,0.000
4500001238,00010,0001,2025-06-04T00:00:00,109.000,59.000
4500001239,00010,0001,2025-08-22T00:00:00,90.000,49.000
4500001240,00010,0001,2025-11-01T00:00:00,97.000,97.000
4500001241,00010,0001,2026-03-31T00:00:00,104.000,104.000
4500001242,00010,0001,2026-08-23T00:00:00,105.000,105.000
4500001243,00010,0001,2024-12-23T00:00:00,118.000,118.000
4500001244,00010,0001,2025-05-03T00:00:00,105.000,56.000
4500001245,00010,0001,2025-06-28T00:00:00,110.000,0.000
4500001246,00010,0001,2025-07-10T00:00:00,118.000,118.000
4500001247,00010,0001,2025-10-30T00:00:00,96.000,0.000
4500001248,00010,0001,2025-11-08T00:00:00,118.000,118.000
4500001249,00010,0001,2026-02-11T00:00:00,102.000,102.000
4500001250,00010,0001,2026-05-31T00:00:00,94.000,94.000
4500001251,00010,0001,2026-08-12T00:00:00,102.000,62.000
4500001252,00010,0001,2025-02-19T00:00:00,10.000,10.000
4500001253,00010,0001,2026-01-07T00:00:00,10.000,10.000
4500001254,00010,0001,2026-05-04T00:00:00,11.000,5.000
4500001255,00010,0001,2026-06-22T00:00:00,10.000,0.000
4500001256,00010,0001,2026-07-10T00:00:00,10.000,0.000
4500001257,00010,0001,2026-08-24T00:00:00,10.000,10.000
4500001258,00010,0001,2025-02-11T00:00:00,11.000,0.000
4500001259,00010,0001,2025-02-25T00:00:00,14.000,14.000
4500001260,00010,0001,2025-09-15T00:00:00,12.000,12.000
4500001261,00010,0001,2026-05-15T00:00:00,12.000,12.000
4500001262,00010,0001,2026-11-12T00:00:00,12.000,0.000
4500001263,00010,0001,2024-11-11T00:00:00,7.000,5.000
4500001264,00010,0001,2025-02-07T00:00:00,5.000,3.000
4500001265,00010,0001,2025-05-20T00:00:00,5.000,5.000
4500001266,00010,0001,2025-10-12T00:00:00,5.000,0.000
4500001267,00010,0001,2025-11-25T00:00:00,7.000,7.000
4500001268,00010,0001,2026-02-27T00:00:00,5.000,5.000
4500001269,00010,0001,2026-05-22T00:00:00,5.000,5.000
4500001270,00010,0001,2025-04-02T00:00:00,2.000,0.000
4500001271,00010,0001,2025-04-29T00:00:00,2.000,2.000
4500001272,00010,0001,2025-07-04T00:00:00,4.000,4.000
4500001273,00010,0001,2024-11-10T00:00:00,4.000,4.000
4500001274,00010,0001,2025-03-15T00:00:00,5.000,5.000
4500001275,00010,0001,2025-07-29T00:00:00,5.000,5.000
4500001276,00010,0001,2026-02-08T00:00:00,4.000,2.000
4500001277,00010,0001,2026-06-18T00:00:00,4.000,4.000
4500001278,00010,0001,2025-11-03T00:00:00,2.000,2.000
4500001279,00010,0001,2026-06-30T00:00:00,2.000,2.000
4500001280,00010,0001,2025-11-17T00:00:00,2.000,2.000
4500001281,00010,0001,2026-08-04T00:00:00,2.000,2.000
4500001282,00010,0001,2026-10-18T00:00:00,2.000,0.000
4500001283,00010,0001,2024-11-16T00:00:00,146.000,0.000
4500001284,00010,0001,2024-12-12T00:00:00,185.000,0.000
4500001285,00010,0001,2025-01-10T00:00:00,209.000,209.000
4500001286,00010,0001,2025-05-22T00:00:00,156.000,156.000
4500001287,00010,0001,2025-10-14T00:00:00,166.000,68.000
4500001288,00010,0001,2025-11-25T00:00:00,205.000,205.000
4500001289,00010,0001,2026-03-31T00:00:00,167.000,167.000
4500001290,00010,0001,2026-08-08T00:00:00,142.000,66.000
4500001291,00010,0001,2026-10-05T00:00:00,237.000,0.000
4500001292,00010,0001,2025-01-05T00:00:00,13.000,13.000
4500001293,00010,0001,2025-08-15T00:00:00,11.000,11.000
4500001294,00010,0001,2025-10-12T00:00:00,20.000,20.000
4500001295,00010,0001,2026-09-03T00:00:00,11.000,11.000
4500001296,00010,0001,2025-01-14T00:00:00,4.000,0.000
4500001297,00010,0001,2025-02-20T00:00:00,5.000,5.000
4500001298,00010,0001,2025-09-19T00:00:00,3.000,3.000
4500001299,00010,0001,2026-03-18T00:00:00,3.000,3.000
4500001300,00010,0001,2026-10-26T00:00:00,3.000,0.000
4500001301,00010,0001,2024-12-07T00:00:00,12.000,12.000
4500001302,00010,0001,2025-11-30T00:00:00,14.000,6.000
4500001303,00010,0001,2026-01-23T00:00:00,10.000,10.000
4500001304,00010,0001,2025-03-12T00:00:00,3.000,0.000
4500001305,00010,0001,2025-04-19T00:00:00,3.000,0.000
4500001306,00010,0001,2025-05-24T00:00:00,3.000,3.000
4500001307,00010,0001,2025-09-04T00:00:00,4.000,4.000
4500001308,00010,0001,2025-11-26T00:00:00,7.000,0.000
4500001309,00010,0001,2025-12-16T00:00:00,3.000,3.000
4500001310,00010,0001,2026-06-30T00:00:00,3.000,3.000
4500001311,00010,0001,2026-08-19T00:00:00,6.000,6.000
4500001312,00010,0001,2024-10-17T00:00:00,5.000,3.000
4500001313,00010,0001,2025-09-10T00:00:00,5.000,0.000
4500001314,00010,0001,2025-10-02T00:00:00,5.000,5.000
4500001315,00010,0001,2026-03-15T00:00:00,5.000,5.000
4500001316,00010,0001,2026-06-05T00:00:00,5.000,5.000
4500001317,00010,0001,2024-10-10T00:00:00,7.000,7.000
4500001318,00010,0001,2025-06-13T00:00:00,7.000,0.000
4500001319,00010,0001,2025-06-27T00:00:00,7.000,7.000
4500001320,00010,0001,2025-10-07T00:00:00,7.000,4.000
4500001321,00010,0001,2025-12-03T00:00:00,6.000,6.000
4500001322,00010,0001,2026-06-13T00:00:00,7.000,4.000
4500001323,00010,0001,2026-08-19T00:00:00,6.000,0.000
4500001324,00010,0001,2024-11-05T00:00:00,11.000,6.000
4500001325,00010,0001,2025-10-14T00:00:00,13.000,6.000
4500001326,00010,0001,2026-01-03T00:00:00,13.000,0.000
4500001327,00010,0001,2026-02-07T00:00:00,13.000,13.000
4500001328,00010,0001,2024-12-10T00:00:00,18.000,0.000
4500001329,00010,0001,2025-01-03T00:00:00,22.000,0.000
4500001330,00010,0001,2025-02-25T00:00:00,26.000,16.000
4500001331,00010,0001,2025-04-29T00:00:00,32.000,32.000
4500001332,00010,0001,2026-05-11T00:00:00,14.000,0.000
4500001333,00010,0001,2026-06-22T00:00:00,14.000,14.000
4500001334,00010,0001,2026-10-07T00:00:00,30.000,0.000
4500001335,00010,0001,2025-01-06T00:00:00,14.000,14.000
4500001336,00010,0001,2025-03-28T00:00:00,12.000,12.000
4500001337,00010,0001,2025-10-01T00:00:00,11.000,0.000
4500001338,00010,0001,2025-11-15T00:00:00,11.000,6.000
4500001339,00010,0001,2025-11-29T00:00:00,18.000,18.000
4500001340,00010,0001,2026-08-19T00:00:00,12.000,12.000
4500001341,00010,0001,2026-10-29T00:00:00,23.000,0.000
4500001342,00010,0001,2024-09-22T00:00:00,5.000,3.000
4500001343,00010,0001,2024-12-25T00:00:00,5.000,5.000
4500001344,00010,0001,2025-10-24T00:00:00,5.000,0.000
4500001345,00010,0001,2025-11-30T00:00:00,5.000,5.000
4500001346,00010,0001,2026-01-24T00:00:00,4.000,4.000
4500001347,00010,0001,2026-06-11T00:00:00,4.000,4.000
4500001348,00010,0001,2026-02-17T00:00:00,3.000,0.000
4500001349,00010,0001,2026-04-17T00:00:00,5.000,2.000
4500001350,00010,0001,2026-04-28T00:00:00,5.000,5.000
4500001351,00010,0001,2024-10-28T00:00:00,58.000,58.000
4500001352,00010,0001,2025-03-17T00:00:00,56.000,56.000
4500001353,00010,0001,2025-06-16T00:00:00,62.000,62.000
4500001354,00010,0001,2025-10-09T00:00:00,54.000,22.000
4500001355,00010,0001,2025-12-06T00:00:00,62.000,62.000
4500001356,00010,0001,2026-02-25T00:00:00,65.000,65.000
4500001357,00010,0001,2026-07-18T00:00:00,70.000,0.000
4500001358,00010,0001,2026-08-07T00:00:00,70.000,70.000
4500001359,00010,0001,2024-11-20T00:00:00,180.000,180.000
4500001360,00010,0001,2025-10-12T00:00:00,166.000,118.000
4500001361,00010,0001,2026-04-03T00:00:00,165.000,165.000
4500001362,00010,0001,2024-12-03T00:00:00,50.000,50.000
4500001363,00010,0001,2025-03-08T00:00:00,53.000,53.000
4500001364,00010,0001,2025-04-14T00:00:00,99.000,99.000
4500001365,00010,0001,2025-10-02T00:00:00,75.000,75.000
4500001366,00010,0001,2025-12-10T00:00:00,62.000,38.000
4500001367,00010,0001,2026-01-27T00:00:00,87.000,0.000
4500001368,00010,0001,2026-02-19T00:00:00,73.000,73.000
4500001369,00010,0001,2026-04-23T00:00:00,60.000,60.000
4500001370,00010,0001,2026-06-08T00:00:00,110.000,0.000
4500001371,00010,0001,2026-07-17T00:00:00,85.000,85.000
4500001372,00010,0001,2026-10-19T00:00:00,69.000,0.000
4500001373,00010,0001,2026-06-12T00:00:00,1.000,1.000
4500001374,00010,0001,2026-09-22T00:00:00,1.000,0.000
4500001375,00010,0001,2024-10-21T00:00:00,15.000,0.000
4500001376,00010,0001,2024-11-23T00:00:00,20.000,9.000
4500001377,00010,0001,2025-02-15T00:00:00,17.000,17.000
4500001378,00010,0001,2025-08-13T00:00:00,15.000,15.000
4500001379,00010,0001,2024-11-22T00:00:00,11.000,0.000
4500001380,00010,0001,2024-12-19T00:00:00,13.000,13.000
4500001381,00010,0001,2025-08-11T00:00:00,6.000,6.000
4500001382,00010,0001,2026-06-18T00:00:00,7.000,7.000
4500001383,00010,0001,2026-08-20T00:00:00,14.000,14.000
4500001384,00010,0001,2024-10-21T00:00:00,132.000,132.000
4500001385,00010,0001,2025-03-29T00:00:00,137.000,137.000
4500001386,00010,0001,2025-11-18T00:00:00,147.000,147.000
4500001387,00010,0001,2026-07-01T00:00:00,138.000,79.000
4500001388,00010,0001,2024-11-03T00:00:00,5.000,0.000
4500001389,00010,0001,2024-12-11T00:00:00,5.000,5.000
4500001390,00010,0001,2025-01-21T00:00:00,3.000,0.000
4500001391,00010,0001,2025-03-11T00:00:00,3.000,3.000
4500001392,00010,0001,2025-03-20T00:00:00,6.000,6.000
4500001393,00010,0001,2025-11-18T00:00:00,5.000,5.000
4500001394,00010,0001,2026-03-19T00:00:00,5.000,5.000
4500001395,00010,0001,2026-07-31T00:00:00,3.000,0.000
4500001396,00010,0001,2026-09-01T00:00:00,3.000,1.000
4500001397,00010,0001,2025-01-30T00:00:00,309.000,309.000
4500001398,00010,0001,2025-09-19T00:00:00,285.000,285.000
4500001399,00010,0001,2026-06-02T00:00:00,295.000,295.000
4500001400,00010,0001,2025-02-12T00:00:00,99.000,99.000
4500001401,00010,0001,2025-05-03T00:00:00,171.000,171.000
4500001402,00010,0001,2025-12-01T00:00:00,76.000,76.000
4500001403,00010,0001,2026-03-17T00:00:00,150.000,150.000
4500001404,00010,0001,2026-09-19T00:00:00,91.000,0.000
4500001405,00010,0001,2026-11-16T00:00:00,124.000,0.000
4500001406,00010,0001,2025-03-05T00:00:00,3.000,3.000
4500001407,00010,0001,2025-10-31T00:00:00,3.000,3.000
4500001408,00010,0001,2026-03-25T00:00:00,6.000,0.000
4500001409,00010,0001,2026-04-13T00:00:00,6.000,6.000
4500001410,00010,0001,2027-01-04T00:00:00,3.000,0.000
4500001411,00010,0001,2025-03-07T00:00:00,10.000,10.000
4500001412,00010,0001,2026-03-27T00:00:00,8.000,4.000
4500001413,00010,0001,2026-06-14T00:00:00,12.000,6.000
4500001414,00010,0001,2026-10-10T00:00:00,18.000,0.000
4500001415,00010,0001,2025-01-21T00:00:00,6.000,6.000
4500001416,00010,0001,2025-09-05T00:00:00,6.000,0.000
4500001417,00010,0001,2025-10-03T00:00:00,7.000,7.000
4500001418,00010,0001,2026-02-17T00:00:00,6.000,6.000
4500001419,00010,0001,2026-09-29T00:00:00,6.000,0.000
4500001420,00010,0001,2025-01-22T00:00:00,14.000,14.000
4500001421,00010,0001,2026-07-15T00:00:00,15.000,0.000
4500001422,00010,0001,2026-09-03T00:00:00,17.000,17.000
4500001423,00010,0001,2025-01-30T00:00:00,12.000,12.000
4500001424,00010,0001,2025-08-22T00:00:00,11.000,7.000
4500001425,00010,0001,2026-05-08T00:00:00,11.000,11.000
4500001426,00010,0001,2024-10-11T00:00:00,9.000,0.000
4500001427,00010,0001,2024-11-10T00:00:00,9.000,9.000
4500001428,00010,0001,2025-04-21T00:00:00,9.000,9.000
4500001429,00010,0001,2025-08-09T00:00:00,7.000,7.000
4500001430,00010,0001,2026-02-10T00:00:00,8.000,0.000
4500001431,00010,0001,2026-03-12T00:00:00,8.000,0.000
4500001432,00010,0001,2026-03-19T00:00:00,8.000,8.000
4500001433,00010,0001,2024-11-23T00:00:00,82.000,43.000
4500001434,00010,0001,2025-01-14T00:00:00,141.000,141.000
4500001435,00010,0001,2025-06-21T00:00:00,87.000,64.000
4500001436,00010,0001,2025-08-20T00:00:00,141.000,141.000
4500001437,00010,0001,2026-02-03T00:00:00,108.000,0.000
4500001438,00010,0001,2026-03-19T00:00:00,137.000,0.000
4500001439,00010,0001,2026-04-24T00:00:00,141.000,141.000
4500001440,00010,0001,2026-09-12T00:00:00,100.000,0.000
4500001441,00010,0001,2025-01-31T00:00:00,215.000,215.000
4500001442,00010,0001,2025-09-08T00:00:00,194.000,0.000
4500001443,00010,0001,2025-10-27T00:00:00,227.000,227.000
4500001444,00010,0001,2026-04-29T00:00:00,190.000,0.000
4500001445,00010,0001,2026-06-20T00:00:00,220.000,92.000
4500001446,00010,0001,2026-11-02T00:00:00,216.000,0.000
4500001447,00010,0001,2024-11-19T00:00:00,181.000,181.000
4500001448,00010,0001,2025-04-28T00:00:00,147.000,0.000
4500001449,00010,0001,2025-05-22T00:00:00,179.000,179.000
4500001450,00010,0001,2025-10-27T00:00:00,156.000,156.000
4500001451,00010,0001,2026-03-11T00:00:00,157.000,157.000
4500001452,00010,0001,2026-07-16T00:00:00,149.000,149.000
4500001453,00010,0001,2025-02-25T00:00:00,12.000,6.000
4500001454,00010,0001,2025-07-15T00:00:00,24.000,24.000
4500001455,00010,0001,2026-02-20T00:00:00,15.000,0.000
4500001456,00010,0001,2026-03-31T00:00:00,15.000,15.000
4500001457,00010,0001,2026-06-15T00:00:00,27.000,27.000
4500001458,00010,0001,2025-02-22T00:00:00,11.000,11.000
4500001459,00010,0001,2026-08-01T00:00:00,10.000,10.000
4500001460,00010,0001,2025-02-07T00:00:00,10.000,10.000
4500001461,00010,0001,2025-05-17T00:00:00,8.000,8.000
4500001462,00010,0001,2025-11-19T00:00:00,8.000,0.000
4500001463,00010,0001,2026-01-10T00:00:00,10.000,10.000
4500001464,00010,0001,2026-07-16T00:00:00,8.000,6.000
4500001465,00010,0001,2024-11-11T00:00:00,4.000,0.000
4500001466,00010,0001,2024-11-30T00:00:00,8.000,8.000
4500001467,00010,0001,2025-01-17T00:00:00,5.000,3.000
4500001468,00010,0001,2025-03-02T00:00:00,11.000,11.000
4500001469,00010,0001,2026-01-27T00:00:00,4.000,4.000
4500001470,00010,0001,2026-04-10T00:00:00,6.000,6.000
4500001471,00010,0001,2026-07-08T00:00:00,4.000,4.000
4500001472,00010,0001,2026-08-08T00:00:00,10.000,10.000
4500001473,00010,0001,2025-06-10T00:00:00,1.000,1.000
4500001474,00010,0001,2026-02-19T00:00:00,1.000,1.000
4500001475,00010,0001,2026-05-26T00:00:00,1.000,1.000
4500001476,00010,0001,2026-09-08T00:00:00,1.000,0.000
4500001477,00010,0001,2026-10-10T00:00:00,1.000,0.000
4500001478,00010,0001,2025-06-11T00:00:00,4.000,4.000
4500001479,00010,0001,2025-12-04T00:00:00,3.000,3.000
4500001480,00010,0001,2026-02-11T00:00:00,7.000,7.000
4500001481,00010,0001,2024-11-02T00:00:00,15.000,15.000
4500001482,00010,0001,2025-04-22T00:00:00,14.000,14.000
4500001483,00010,0001,2026-02-15T00:00:00,18.000,7.000
4500001484,00010,0001,2026-04-09T00:00:00,24.000,13.000
4500001485,00010,0001,2024-12-19T00:00:00,17.000,17.000
4500001486,00010,0001,2026-01-13T00:00:00,14.000,0.000
4500001487,00010,0001,2026-02-24T00:00:00,14.000,14.000
4500001488,00010,0001,2024-11-12T00:00:00,120.000,63.000
4500001489,00010,0001,2025-04-06T00:00:00,122.000,122.000
4500001490,00010,0001,2025-11-07T00:00:00,130.000,0.000
4500001491,00010,0001,2025-11-21T00:00:00,135.000,98.000
4500001492,00010,0001,2026-05-04T00:00:00,116.000,116.000
4500001493,00010,0001,2024-10-01T00:00:00,5.000,5.000
4500001494,00010,0001,2025-09-02T00:00:00,4.000,4.000
4500001495,00010,0001,2026-03-30T00:00:00,5.000,5.000
4500001496,00010,0001,2026-05-17T00:00:00,5.000,5.000
4500001497,00010,0001,2026-04-08T00:00:00,1.000,1.000
4500001498,00010,0001,2026-06-23T00:00:00,1.000,1.000
4500001499,00010,0001,2026-08-28T00:00:00,1.000,0.000
4500001500,00010,0001,2026-10-04T00:00:00,1.000,0.000
4500001501,00010,0001,2024-10-07T00:00:00,2.000,2.000
4500001502,00010,0001,2024-11-20T00:00:00,3.000,3.000
4500001503,00010,0001,2025-01-10T00:00:00,2.000,2.000
4500001504,00010,0001,2025-01-18T00:00:00,4.000,4.000
4500001505,00010,0001,2025-06-06T00:00:00,4.000,4.000
4500001506,00010,0001,2025-09-03T00:00:00,2.000,2.000
4500001507,00010,0001,2025-10-09T00:00:00,2.000,2.000
4500001508,00010,0001,2025-11-08T00:00:00,4.000,4.000
4500001509,00010,0001,2026-04-23T00:00:00,3.000,3.000
4500001510,00010,0001,2026-09-22T00:00:00,2.000,0.000
4500001511,00010,0001,2024-12-04T00:00:00,40.000,31.000
4500001512,00010,0001,2025-01-19T00:00:00,35.000,35.000
4500001513,00010,0001,2025-05-02T00:00:00,31.000,31.000
4500001514,00010,0001,2025-08-02T00:00:00,33.000,33.000
4500001515,00010,0001,2025-12-05T00:00:00,38.000,0.000
4500001516,00010,0001,2025-12-29T00:00:00,40.000,40.000
4500001517,00010,0001,2026-03-20T00:00:00,31.000,31.000
4500001518,00010,0001,2026-07-10T00:00:00,39.000,21.000
4500001519,00010,0001,2025-05-29T00:00:00,5.000,0.000
4500001520,00010,0001,2025-06-15T00:00:00,8.000,8.000
4500001521,00010,0001,2026-05-23T00:00:00,5.000,5.000
4500001522,00010,0001,2026-10-08T00:00:00,5.000,0.000
4500001523,00010,0001,2024-11-24T00:00:00,8.000,8.000
4500001524,00010,0001,2025-05-28T00:00:00,12.000,12.000
4500001525,00010,0001,2025-08-11T00:00:00,10.000,10.000
4500001526,00010,0001,2026-04-27T00:00:00,12.000,12.000
4500001527,00010,0001,2026-09-02T00:00:00,8.000,8.000
4500001528,00010,0001,2024-11-02T00:00:00,9.000,0.000
4500001529,00010,0001,2024-12-30T00:00:00,11.000,11.000
4500001530,00010,0001,2025-05-10T00:00:00,6.000,6.000
4500001531,00010,0001,2026-06-02T00:00:00,8.000,8.000
4500001532,00010,0001,2025-01-26T00:00:00,4.000,4.000
4500001533,00010,0001,2025-08-03T00:00:00,5.000,0.000
4500001534,00010,0001,2025-09-22T00:00:00,5.000,5.000
4500001535,00010,0001,2026-08-31T00:00:00,4.000,4.000
4500001536,00010,0001,2024-11-20T00:00:00,5.000,5.000
4500001537,00010,0001,2025-04-27T00:00:00,7.000,7.000
4500001538,00010,0001,2025-10-16T00:00:00,4.000,4.000
4500001539,00010,0001,2026-01-15T00:00:00,6.000,6.000
4500001540,00010,0001,2026-06-05T00:00:00,4.000,0.000
4500001541,00010,0001,2026-06-28T00:00:00,4.000,4.000
4500001542,00010,0001,2025-01-21T00:00:00,8.000,4.000
4500001543,00010,0001,2025-04-09T00:00:00,13.000,13.000
4500001544,00010,0001,2026-03-20T00:00:00,7.000,0.000
4500001545,00010,0001,2026-05-02T00:00:00,7.000,7.000
4500001546,00010,0001,2026-07-23T00:00:00,6.000,6.000
4500001547,00010,0001,2026-08-21T00:00:00,12.000,0.000
4500001548,00010,0001,2024-10-21T00:00:00,2.000,2.000
4500001549,00010,0001,2025-02-26T00:00:00,4.000,4.000
4500001550,00010,0001,2025-07-23T00:00:00,2.000,2.000
4500001551,00010,0001,2026-01-19T00:00:00,3.000,0.000
4500001552,00010,0001,2026-01-28T00:00:00,3.000,3.000
4500001553,00010,0001,2026-05-06T00:00:00,2.000,2.000
4500001554,00010,0001,2026-06-20T00:00:00,3.000,3.000
4500001555,00010,0001,2024-10-13T00:00:00,4.000,4.000
4500001556,00010,0001,2024-12-09T00:00:00,3.000,0.000
4500001557,00010,0001,2025-01-07T00:00:00,3.000,3.000
4500001558,00010,0001,2025-03-13T00:00:00,4.000,4.000
4500001559,00010,0001,2025-11-28T00:00:00,3.000,0.000
4500001560,00010,0001,2026-01-11T00:00:00,3.000,3.000
4500001561,00010,0001,2026-05-09T00:00:00,4.000,4.000
4500001562,00010,0001,2026-06-14T00:00:00,4.000,2.000
4500001563,00010,0001,2026-08-20T00:00:00,4.000,4.000
4500001564,00010,0001,2024-11-10T00:00:00,8.000,8.000
4500001565,00010,0001,2025-03-01T00:00:00,8.000,8.000
4500001566,00010,0001,2025-07-02T00:00:00,8.000,0.000
4500001567,00010,0001,2025-07-29T00:00:00,8.000,8.000
4500001568,00010,0001,2026-05-08T00:00:00,10.000,10.000
4500001569,00010,0001,2024-11-04T00:00:00,19.000,19.000
4500001570,00010,0001,2025-10-23T00:00:00,21.000,21.000
4500001571,00010,0001,2026-08-22T00:00:00,17.000,17.000
4500001572,00010,0001,2024-12-07T00:00:00,243.000,243.000
4500001573,00010,0001,2025-06-24T00:00:00,264.000,264.000
4500001574,00010,0001,2026-03-06T00:00:00,261.000,261.000
4500001575,00010,0001,2025-02-23T00:00:00,13.000,13.000
4500001576,00010,0001,2025-07-20T00:00:00,10.000,10.000
4500001577,00010,0001,2025-12-20T00:00:00,13.000,13.000
4500001578,00010,0001,2026-09-10T00:00:00,12.000,12.000
4500001579,00010,0001,2024-12-20T00:00:00,8.000,8.000
4500001580,00010,0001,2025-05-08T00:00:00,6.000,6.000
4500001581,00010,0001,2025-11-14T00:00:00,7.000,7.000
4500001582,00010,0001,2026-01-27T00:00:00,7.000,7.000
4500001583,00010,0001,2026-05-20T00:00:00,5.000,5.000
4500001584,00010,0001,2026-08-23T00:00:00,6.000,6.000
4500001585,00010,0001,2026-10-19T00:00:00,6.000,0.000
4500001586,00010,0001,2024-12-29T00:00:00,45.000,45.000
4500001587,00010,0001,2025-02-28T00:00:00,45.000,0.000
4500001588,00010,0001,2025-04-04T00:00:00,66.000,66.000
4500001589,00010,0001,2025-06-10T00:00:00,39.000,39.000
4500001590,00010,0001,2025-09-20T00:00:00,48.000,0.000
4500001591,00010,0001,2025-10-23T00:00:00,65.000,65.000
4500001592,00010,0001,2026-01-27T00:00:00,48.000,48.000
4500001593,00010,0001,2026-03-08T00:00:00,44.000,44.000
4500001594,00010,0001,2026-06-30T00:00:00,46.000,46.000
4500001595,00010,0001,2026-08-23T00:00:00,41.000,41.000
4500001596,00010,0001,2025-02-15T00:00:00,8.000,5.000
4500001597,00010,0001,2025-05-15T00:00:00,12.000,12.000
4500001598,00010,0001,2026-04-16T00:00:00,7.000,7.000
4500001599,00010,0001,2026-11-13T00:00:00,8.000,0.000
4500001600,00010,0001,2025-03-04T00:00:00,8.000,0.000
4500001601,00010,0001,2025-04-21T00:00:00,8.000,0.000
4500001602,00010,0001,2025-04-27T00:00:00,9.000,9.000
4500001603,00010,0001,2027-02-20T00:00:00,7.000,0.000
4500001604,00010,0001,2025-03-02T00:00:00,9.000,9.000
4500001605,00010,0001,2026-08-06T00:00:00,8.000,0.000
4500001606,00010,0001,2026-09-10T00:00:00,10.000,0.000
4500001607,00010,0001,2024-12-24T00:00:00,9.000,5.000
4500001608,00010,0001,2025-07-13T00:00:00,10.000,10.000
4500001609,00010,0001,2026-08-23T00:00:00,10.000,10.000
4500001610,00010,0001,2024-12-06T00:00:00,54.000,54.000
4500001611,00010,0001,2025-02-09T00:00:00,48.000,48.000
4500001612,00010,0001,2025-05-22T00:00:00,45.000,0.000
4500001613,00010,0001,2025-06-19T00:00:00,55.000,55.000
4500001614,00010,0001,2025-09-18T00:00:00,45.000,32.000
4500001615,00010,0001,2025-11-28T00:00:00,35.000,19.000
4500001616,00010,0001,2025-12-18T00:00:00,52.000,52.000
4500001617,00010,0001,2026-03-22T00:00:00,36.000,36.000
4500001618,00010,0001,2026-06-07T00:00:00,48.000,48.000
4500001619,00010,0001,2026-09-25T00:00:00,51.000,0.000
4500001620,00010,0001,2024-11-25T00:00:00,5.000,3.000
4500001621,00010,0001,2025-07-24T00:00:00,4.000,4.000
4500001622,00010,0001,2026-05-31T00:00:00,5.000,5.000
4500001623,00010,0001,2024-10-17T00:00:00,7.000,0.000
4500001624,00010,0001,2024-12-10T00:00:00,7.000,7.000
4500001625,00010,0001,2025-04-04T00:00:00,7.000,7.000
4500001626,00010,0001,2026-06-02T00:00:00,5.000,0.000
4500001627,00010,0001,2026-06-12T00:00:00,5.000,0.000
4500001628,00010,0001,2026-07-10T00:00:00,7.000,7.000
4500001629,00010,0001,2024-12-23T00:00:00,4.000,4.000
4500001630,00010,0001,2025-05-01T00:00:00,3.000,1.000
4500001631,00010,0001,2025-10-09T00:00:00,3.000,3.000
4500001632,00010,0001,2026-03-25T00:00:00,4.000,0.000
4500001633,00010,0001,2026-05-03T00:00:00,4.000,4.000
4500001634,00010,0001,2026-08-17T00:00:00,3.000,0.000
4500001635,00010,0001,2026-09-25T00:00:00,6.000,0.000
4500001636,00010,0001,2025-03-12T00:00:00,3.000,0.000
4500001637,00010,0001,2025-04-11T00:00:00,4.000,4.000
4500001638,00010,0001,2025-07-28T00:00:00,7.000,0.000
4500001639,00010,0001,2025-08-13T00:00:00,7.000,7.000
4500001640,00010,0001,2024-11-14T00:00:00,99.000,0.000
4500001641,00010,0001,2024-12-16T00:00:00,113.000,113.000
4500001642,00010,0001,2025-04-16T00:00:00,84.000,0.000
4500001643,00010,0001,2025-05-11T00:00:00,99.000,99.000
4500001644,00010,0001,2025-11-13T00:00:00,90.000,90.000
4500001645,00010,0001,2026-04-15T00:00:00,97.000,97.000
4500001646,00010,0001,2026-09-08T00:00:00,91.000,0.000
4500001647,00010,0001,2026-10-11T00:00:00,111.000,0.000
4500001648,00010,0001,2024-12-14T00:00:00,22.000,22.000
4500001649,00010,0001,2025-10-24T00:00:00,22.000,22.000
4500001650,00010,0001,2026-08-31T00:00:00,21.000,21.000
4500001651,00010,0001,2024-10-06T00:00:00,5.000,2.000
4500001652,00010,0001,2025-04-22T00:00:00,5.000,5.000
4500001653,00010,0001,2026-01-27T00:00:00,6.000,6.000
4500001654,00010,0001,2026-08-17T00:00:00,6.000,6.000
4500001655,00010,0001,2026-04-19T00:00:00,2.000,2.000
4500001656,00010,0001,2024-12-25T00:00:00,11.000,11.000
4500001657,00010,0001,2025-09-22T00:00:00,11.000,11.000
4500001658,00010,0001,2026-02-18T00:00:00,12.000,12.000
4500001659,00010,0001,2025-03-24T00:00:00,18.000,18.000
4500001660,00010,0001,2025-12-06T00:00:00,15.000,0.000
4500001661,00010,0001,2026-01-03T00:00:00,19.000,19.000
4500001662,00010,0001,2026-04-13T00:00:00,34.000,34.000
4500001663,00010,0001,2024-10-30T00:00:00,7.000,7.000
4500001664,00010,0001,2025-03-07T00:00:00,8.000,8.000
4500001665,00010,0001,2025-05-02T00:00:00,15.000,15.000
4500001666,00010,0001,2026-04-17T00:00:00,12.000,0.000
4500001667,00010,0001,2026-05-20T00:00:00,12.000,12.000
4500001668,00010,0001,2026-10-16T00:00:00,7.000,0.000
4500001669,00010,0001,2025-01-22T00:00:00,10.000,10.000
4500001670,00010,0001,2025-10-26T00:00:00,7.000,4.000
4500001671,00010,0001,2026-08-26T00:00:00,10.000,10.000
4500001672,00010,0001,2025-01-03T00:00:00,15.000,15.000
4500001673,00010,0001,2025-11-22T00:00:00,14.000,14.000
4500001674,00010,0001,2026-06-16T00:00:00,11.000,11.000
4500001675,00010,0001,2026-12-27T00:00:00,12.000,0.000
4500001676,00010,0001,2025-01-01T00:00:00,60.000,0.000
4500001677,00010,0001,2025-02-19T00:00:00,65.000,65.000
4500001678,00010,0001,2025-08-27T00:00:00,56.000,56.000
4500001679,00010,0001,2026-02-19T00:00:00,58.000,0.000
4500001680,00010,0001,2026-03-09T00:00:00,65.000,65.000
4500001681,00010,0001,2026-08-30T00:00:00,64.000,0.000
4500001682,00010,0001,2026-10-13T00:00:00,65.000,0.000
4500001683,00010,0001,2024-11-27T00:00:00,50.000,50.000
4500001684,00010,0001,2025-02-03T00:00:00,62.000,0.000
4500001685,00010,0001,2025-04-04T00:00:00,77.000,77.000
4500001686,00010,0001,2025-08-06T00:00:00,48.000,48.000
4500001687,00010,0001,2025-09-30T00:00:00,87.000,52.000
4500001688,00010,0001,2026-01-17T00:00:00,56.000,56.000
4500001689,00010,0001,2026-04-26T00:00:00,43.000,21.000
4500001690,00010,0001,2026-05-21T00:00:00,57.000,57.000
4500001691,00010,0001,2026-08-30T00:00:00,51.000,51.000
4500001692,00010,0001,2025-06-07T00:00:00,4.000,4.000
4500001693,00010,0001,2026-04-09T00:00:00,4.000,4.000
4500001694,00010,0001,2027-02-14T00:00:00,4.000,0.000
4500001695,00010,0001,2024-09-16T00:00:00,5.000,5.000
4500001696,00010,0001,2024-11-23T00:00:00,5.000,5.000
4500001697,00010,0001,2025-07-09T00:00:00,4.000,4.000
4500001698,00010,0001,2026-02-17T00:00:00,4.000,4.000
4500001699,00010,0001,2025-08-09T00:00:00,5.000,0.000
4500001700,00010,0001,2025-09-06T00:00:00,5.000,2.000
4500001701,00010,0001,2025-09-17T00:00:00,5.000,5.000
4500001702,00010,0001,2025-12-29T00:00:00,5.000,5.000
4500001703,00010,0001,2026-03-01T00:00:00,5.000,5.000
4500001704,00010,0001,2026-07-04T00:00:00,5.000,5.000
4500001705,00010,0001,2025-02-26T00:00:00,8.000,8.000
4500001706,00010,0001,2025-07-05T00:00:00,9.000,9.000
4500001707,00010,0001,2025-10-04T00:00:00,9.000,6.000
4500001708,00010,0001,2025-12-22T00:00:00,7.000,7.000
4500001709,00010,0001,2026-05-18T00:00:00,7.000,0.000
4500001710,00010,0001,2026-06-27T00:00:00,7.000,6.000
4500001711,00010,0001,2025-02-09T00:00:00,4.000,4.000
4500001712,00010,0001,2025-08-22T00:00:00,4.000,4.000
4500001713,00010,0001,2026-02-12T00:00:00,4.000,4.000
4500001714,00010,0001,2026-08-19T00:00:00,4.000,4.000
4500001715,00010,0001,2024-12-25T00:00:00,18.000,18.000
4500001716,00010,0001,2026-07-12T00:00:00,18.000,18.000
4500001717,00010,0001,2025-01-01T00:00:00,10.000,10.000
4500001718,00010,0001,2025-04-01T00:00:00,17.000,0.000
4500001719,00010,0001,2025-04-24T00:00:00,7.000,7.000
4500001720,00010,0001,2025-12-12T00:00:00,7.000,0.000
4500001721,00010,0001,2026-01-02T00:00:00,9.000,9.000
4500001722,00010,0001,2026-08-02T00:00:00,9.000,9.000
4500001723,00010,0001,2026-12-14T00:00:00,9.000,0.000
4500001724,00010,0001,2024-12-17T00:00:00,74.000,74.000
4500001725,00010,0001,2025-06-25T00:00:00,61.000,61.000
4500001726,00010,0001,2025-10-18T00:00:00,59.000,59.000
4500001727,00010,0001,2026-03-07T00:00:00,63.000,63.000
4500001728,00010,0001,2026-09-19T00:00:00,65.000,0.000
4500001729,00010,0001,2025-02-01T00:00:00,97.000,97.000
4500001730,00010,0001,2025-09-06T00:00:00,86.000,0.000
4500001731,00010,0001,2025-10-02T00:00:00,102.000,102.000
4500001732,00010,0001,2026-04-08T00:00:00,87.000,0.000
4500001733,00010,0001,2026-05-25T00:00:00,102.000,55.000
4500001734,00010,0001,2026-09-17T00:00:00,84.000,0.000
4500001735,00010,0001,2025-04-08T00:00:00,5.000,5.000
4500001736,00010,0001,2025-11-24T00:00:00,6.000,4.000
4500001737,00010,0001,2026-05-22T00:00:00,5.000,5.000
4500001738,00010,0001,2026-12-01T00:00:00,6.000,0.000
4500001739,00010,0001,2026-12-24T00:00:00,8.000,0.000
4500001740,00010,0001,2024-11-19T00:00:00,102.000,61.000
4500001741,00010,0001,2025-01-24T00:00:00,102.000,0.000
4500001742,00010,0001,2025-02-26T00:00:00,102.000,102.000
4500001743,00010,0001,2025-07-11T00:00:00,96.000,0.000
4500001744,00010,0001,2025-08-07T00:00:00,102.000,0.000
4500001745,00010,0001,2025-08-30T00:00:00,102.000,0.000
4500001746,00010,0001,2025-10-03T00:00:00,102.000,102.000
4500001747,00010,0001,2026-01-16T00:00:00,95.000,95.000
4500001748,00010,0001,2026-04-26T00:00:00,81.000,81.000
4500001749,00010,0001,2026-07-21T00:00:00,89.000,89.000
4500001750,00010,0001,2025-04-24T00:00:00,7.000,3.000
4500001751,00010,0001,2026-02-04T00:00:00,7.000,7.000
4500001752,00010,0001,2024-11-20T00:00:00,6.000,0.000
4500001753,00010,0001,2025-01-17T00:00:00,9.000,9.000
4500001754,00010,0001,2025-03-30T00:00:00,5.000,0.000
4500001755,00010,0001,2025-05-08T00:00:00,5.000,5.000
4500001756,00010,0001,2025-08-19T00:00:00,4.000,2.000
4500001757,00010,0001,2025-10-01T00:00:00,8.000,0.000
4500001758,00010,0001,2025-11-16T00:00:00,8.000,6.000
4500001759,00010,0001,2026-04-06T00:00:00,4.000,4.000
4500001760,00010,0001,2026-08-05T00:00:00,4.000,0.000
4500001761,00010,0001,2026-09-15T00:00:00,6.000,0.000
4500001762,00010,0001,2026-10-01T00:00:00,6.000,0.000
4500001763,00010,0001,2024-11-20T00:00:00,4.000,4.000
4500001764,00010,0001,2025-01-16T00:00:00,9.000,9.000
4500001765,00010,0001,2025-04-28T00:00:00,4.000,2.000
4500001766,00010,0001,2025-07-16T00:00:00,5.000,5.000
4500001767,00010,0001,2025-11-28T00:00:00,7.000,5.000
4500001768,00010,0001,2026-05-04T00:00:00,7.000,7.000
4500001769,00010,0001,2026-09-15T00:00:00,4.000,0.000
4500001770,00010,0001,2024-12-13T00:00:00,8.000,0.000
4500001771,00010,0001,2025-01-17T00:00:00,8.000,8.000
4500001772,00010,0001,2025-04-17T00:00:00,6.000,6.000
4500001773,00010,0001,2025-06-01T00:00:00,10.000,10.000
4500001774,00010,0001,2026-01-16T00:00:00,7.000,7.000
4500001775,00010,0001,2026-06-04T00:00:00,4.000,3.000
4500001776,00010,0001,2024-11-17T00:00:00,76.000,0.000
4500001777,00010,0001,2024-11-24T00:00:00,86.000,86.000
4500001778,00010,0001,2025-05-26T00:00:00,71.000,71.000
4500001779,00010,0001,2025-11-16T00:00:00,67.000,67.000
4500001780,00010,0001,2026-05-08T00:00:00,77.000,77.000
4500001781,00010,0001,2024-12-26T00:00:00,134.000,134.000
4500001782,00010,0001,2025-06-13T00:00:00,120.000,120.000
4500001783,00010,0001,2025-12-04T00:00:00,121.000,121.000
4500001784,00010,0001,2026-06-23T00:00:00,117.000,117.000
4500001785,00010,0001,2024-10-04T00:00:00,11.000,11.000
4500001786,00010,0001,2025-07-28T00:00:00,11.000,5.000
4500001787,00010,0001,2025-11-01T00:00:00,13.000,0.000
4500001788,00010,0001,2025-12-09T00:00:00,13.000,13.000
4500001789,00010,0001,2026-07-07T00:00:00,13.000,13.000
4500001790,00010,0001,2024-10-17T00:00:00,20.000,20.000
4500001791,00010,0001,2025-01-23T00:00:00,19.000,19.000
4500001792,00010,0001,2025-03-17T00:00:00,20.000,20.000
4500001793,00010,0001,2025-05-05T00:00:00,21.000,0.000
4500001794,00010,0001,2025-06-04T00:00:00,29.000,29.000
4500001795,00010,0001,2025-08-18T00:00:00,20.000,0.000
4500001796,00010,0001,2025-09-17T00:00:00,31.000,31.000
4500001797,00010,0001,2026-01-02T00:00:00,23.000,23.000
4500001798,00010,0001,2026-02-26T00:00:00,24.000,0.000
4500001799,00010,0001,2026-04-11T00:00:00,31.000,31.000
4500001800,00010,0001,2026-06-04T00:00:00,20.000,12.000
4500001801,00010,0001,2026-08-03T00:00:00,26.000,18.000
4500001802,00010,0001,2025-04-11T00:00:00,10.000,0.000
4500001803,00010,0001,2025-05-03T00:00:00,10.000,10.000
4500001804,00010,0001,2025-11-01T00:00:00,11.000,11.000
4500001805,00010,0001,2026-01-28T00:00:00,9.000,0.000
4500001806,00010,0001,2026-02-25T00:00:00,11.000,11.000
4500001807,00010,0001,2025-04-09T00:00:00,2.000,2.000
4500001808,00010,0001,2025-09-06T00:00:00,4.000,4.000
4500001809,00010,0001,2024-11-07T00:00:00,5.000,0.000
4500001810,00010,0001,2024-11-13T00:00:00,5.000,5.000
4500001811,00010,0001,2025-06-07T00:00:00,5.000,5.000
4500001812,00010,0001,2026-01-01T00:00:00,3.000,2.000
4500001813,00010,0001,2025-02-03T00:00:00,6.000,6.000
4500001814,00010,0001,2025-05-23T00:00:00,5.000,5.000
4500001815,00010,0001,2026-05-03T00:00:00,4.000,4.000
4500001816,00010,0001,2026-07-19T00:00:00,4.000,4.000
4500001817,00010,0001,2024-12-03T00:00:00,75.000,75.000
4500001818,00010,0001,2025-03-28T00:00:00,67.000,67.000
4500001819,00010,0001,2025-06-29T00:00:00,84.000,0.000
4500001820,00010,0001,2025-07-19T00:00:00,84.000,84.000
4500001821,00010,0001,2025-12-03T00:00:00,81.000,81.000
4500001822,00010,0001,2026-03-21T00:00:00,84.000,0.000
4500001823,00010,0001,2026-04-29T00:00:00,84.000,84.000
4500001824,00010,0001,2026-09-04T00:00:00,84.000,84.000
4500001825,00010,0001,2024-12-06T00:00:00,69.000,55.000
4500001826,00010,0001,2024-12-25T00:00:00,106.000,106.000
4500001827,00010,0001,2025-05-26T00:00:00,58.000,58.000
4500001828,00010,0001,2025-07-21T00:00:00,119.000,119.000
4500001829,00010,0001,2025-11-26T00:00:00,44.000,44.000
4500001830,00010,0001,2026-02-21T00:00:00,68.000,68.000
4500001831,00010,0001,2026-04-16T00:00:00,119.000,119.000
4500001832,00010,0001,2026-08-18T00:00:00,52.000,52.000
4500001833,00010,0001,2026-09-26T00:00:00,116.000,0.000
4500001834,00010,0001,2025-01-04T00:00:00,76.000,76.000
4500001835,00010,0001,2025-07-06T00:00:00,67.000,67.000
4500001836,00010,0001,2025-12-03T00:00:00,70.000,0.000
4500001837,00010,0001,2025-12-20T00:00:00,85.000,41.000
4500001838,00010,0001,2026-02-23T00:00:00,109.000,109.000
4500001839,00010,0001,2026-10-20T00:00:00,68.000,0.000
4500001840,00010,0001,2025-02-26T00:00:00,6.000,0.000
4500001841,00010,0001,2025-04-14T00:00:00,7.000,7.000
4500001842,00010,0001,2027-01-01T00:00:00,5.000,0.000
4500001843,00010,0001,2025-02-03T00:00:00,10.000,10.000
4500001844,00010,0001,2025-05-17T00:00:00,19.000,19.000
4500001845,00010,0001,2026-02-26T00:00:00,8.000,6.000
4500001846,00010,0001,2026-05-14T00:00:00,14.000,14.000
4500001847,00010,0001,2025-01-26T00:00:00,241.000,241.000
4500001848,00010,0001,2025-08-18T00:00:00,222.000,90.000
4500001849,00010,0001,2025-10-21T00:00:00,304.000,304.000
4500001850,00010,0001,2026-08-15T00:00:00,218.000,218.000
4500001851,00010,0001,2025-01-08T00:00:00,20.000,20.000
4500001852,00010,0001,2025-11-16T00:00:00,19.000,19.000
4500001853,00010,0001,2026-06-28T00:00:00,19.000,0.000
4500001854,00010,0001,2026-07-15T00:00:00,19.000,0.000
4500001855,00010,0001,2026-08-27T00:00:00,21.000,21.000
4500001856,00010,0001,2024-11-25T00:00:00,2.000,2.000
4500001857,00010,0001,2025-07-14T00:00:00,2.000,2.000
4500001858,00010,0001,2025-11-06T00:00:00,2.000,2.000
4500001859,00010,0001,2026-05-02T00:00:00,3.000,3.000
4500001860,00010,0001,2026-08-04T00:00:00,2.000,2.000
4500001861,00010,0001,2026-11-14T00:00:00,3.000,0.000
4500001862,00010,0001,2025-01-07T00:00:00,4.000,4.000
4500001863,00010,0001,2026-07-01T00:00:00,4.000,0.000
4500001864,00010,0001,2026-07-14T00:00:00,4.000,4.000
4500001865,00010,0001,2024-11-04T00:00:00,6.000,4.000
4500001866,00010,0001,2024-11-12T00:00:00,11.000,0.000
4500001867,00010,0001,2024-12-25T00:00:00,7.000,4.000
4500001868,00010,0001,2025-01-31T00:00:00,9.000,0.000
4500001869,00010,0001,2025-02-17T00:00:00,9.000,9.000
4500001870,00010,0001,2025-07-30T00:00:00,6.000,6.000
4500001871,00010,0001,2026-02-22T00:00:00,8.000,0.000
4500001872,00010,0001,2026-04-01T00:00:00,8.000,8.000
4500001873,00010,0001,2026-07-04T00:00:00,7.000,7.000
4500001874,00010,0001,2026-08-24T00:00:00,9.000,0.000
4500001875,00010,0001,2026-09-15T00:00:00,9.000,0.000
4500001876,00010,0001,2024-10-26T00:00:00,11.000,11.000
4500001877,00010,0001,2025-07-24T00:00:00,11.000,11.000
4500001878,00010,0001,2026-05-18T00:00:00,11.000,11.000
4500001879,00010,0001,2025-02-13T00:00:00,3.000,2.000
4500001880,00010,0001,2025-03-06T00:00:00,5.000,2.000
4500001881,00010,0001,2025-07-15T00:00:00,5.000,3.000
4500001882,00010,0001,2025-11-16T00:00:00,7.000,7.000
4500001883,00010,0001,2026-11-11T00:00:00,3.000,0.000
4500001884,00010,0001,2025-01-19T00:00:00,4.000,4.000
4500001885,00010,0001,2025-08-13T00:00:00,4.000,0.000
4500001886,00010,0001,2025-09-05T00:00:00,4.000,4.000
4500001887,00010,0001,2026-01-02T00:00:00,8.000,8.000
4500001888,00010,0001,2025-01-14T00:00:00,10.000,6.000
4500001889,00010,0001,2025-08-03T00:00:00,10.000,0.000
4500001890,00010,0001,2025-08-26T00:00:00,10.000,10.000
4500001891,00010,0001,2026-06-27T00:00:00,10.000,5.000
4500001892,00010,0001,2026-10-08T00:00:00,10.000,0.000
4500001893,00010,0001,2025-01-11T00:00:00,11.000,11.000
4500001894,00010,0001,2026-02-15T00:00:00,10.000,10.000
4500001895,00010,0001,2026-12-08T00:00:00,10.000,0.000
4500001896,00010,0001,2026-06-19T00:00:00,6.000,0.000
4500001897,00010,0001,2026-07-15T00:00:00,6.000,6.000
4500001898,00010,0001,2025-02-15T00:00:00,7.000,4.000
4500001899,00010,0001,2025-05-08T00:00:00,13.000,5.000
4500001900,00010,0001,2025-11-26T00:00:00,7.000,7.000
4500001901,00010,0001,2026-10-20T00:00:00,8.000,0.000
4500001902,00010,0001,2025-05-08T00:00:00,3.000,3.000
4500001903,00010,0001,2025-10-09T00:00:00,6.000,6.000
4500001904,00010,0001,2024-11-21T00:00:00,7.000,7.000
4500001905,00010,0001,2025-02-18T00:00:00,11.000,0.000
4500001906,00010,0001,2025-04-04T00:00:00,17.000,17.000
4500001907,00010,0001,2025-12-02T00:00:00,10.000,7.000
4500001908,00010,0001,2026-06-22T00:00:00,9.000,9.000
4500001909,00010,0001,2024-12-07T00:00:00,6.000,6.000
4500001910,00010,0001,2025-11-24T00:00:00,6.000,6.000
4500001911,00010,0001,2026-05-26T00:00:00,6.000,6.000
4500001912,00010,0001,2024-11-29T00:00:00,9.000,9.000
4500001913,00010,0001,2025-03-09T00:00:00,8.000,0.000
4500001914,00010,0001,2025-04-04T00:00:00,8.000,8.000
4500001915,00010,0001,2025-12-09T00:00:00,7.000,7.000
4500001916,00010,0001,2026-06-25T00:00:00,9.000,9.000
4500001917,00010,0001,2026-10-21T00:00:00,7.000,0.000
4500001918,00010,0001,2024-11-27T00:00:00,11.000,0.000
4500001919,00010,0001,2025-01-24T00:00:00,14.000,14.000
4500001920,00010,0001,2025-09-03T00:00:00,11.000,5.000
4500001921,00010,0001,2025-11-19T00:00:00,10.000,10.000
4500001922,00010,0001,2026-02-06T00:00:00,11.000,11.000
4500001923,00010,0001,2026-01-23T00:00:00,1.000,0.000
4500001924,00010,0001,2026-02-11T00:00:00,1.000,1.000
4500001925,00010,0001,2026-07-15T00:00:00,2.000,2.000
4500001926,00010,0001,2026-08-01T00:00:00,4.000,2.000
4500001927,00010,0001,2025-04-29T00:00:00,13.000,13.000
4500001928,00010,0001,2025-10-15T00:00:00,11.000,0.000
4500001929,00010,0001,2025-11-03T00:00:00,11.000,11.000
4500001930,00010,0001,2026-10-14T00:00:00,12.000,0.000
4500001931,00010,0001,2024-12-30T00:00:00,1.000,0.000
4500001932,00010,0001,2025-02-04T00:00:00,1.000,0.000
4500001933,00010,0001,2025-03-05T00:00:00,1.000,1.000
4500001934,00010,0001,2025-01-20T00:00:00,8.000,0.000
4500001935,00010,0001,2025-03-09T00:00:00,8.000,6.000
4500001936,00010,0001,2025-11-28T00:00:00,6.000,6.000
4500001937,00010,0001,2024-11-08T00:00:00,49.000,49.000
4500001938,00010,0001,2025-04-29T00:00:00,49.000,0.000
4500001939,00010,0001,2025-05-17T00:00:00,57.000,57.000
4500001940,00010,0001,2025-12-08T00:00:00,44.000,44.000
4500001941,00010,0001,2026-05-29T00:00:00,47.000,0.000
4500001942,00010,0001,2026-06-07T00:00:00,58.000,58.000
4500001943,00010,0001,2024-12-12T00:00:00,171.000,0.000
4500001944,00010,0001,2025-01-04T00:00:00,180.000,180.000
4500001945,00010,0001,2025-07-18T00:00:00,148.000,148.000
4500001946,00010,0001,2026-02-14T00:00:00,155.000,155.000
4500001947,00010,0001,2026-09-03T00:00:00,170.000,170.000
4500001948,00010,0001,2024-10-01T00:00:00,4.000,4.000
4500001949,00010,0001,2024-11-25T00:00:00,4.000,2.000
4500001950,00010,0001,2025-02-05T00:00:00,7.000,7.000
4500001951,00010,0001,2025-04-04T00:00:00,7.000,0.000
4500001952,00010,0001,2025-05-10T00:00:00,7.000,7.000
4500001953,00010,0001,2025-06-01T00:00:00,6.000,6.000
4500001954,00010,0001,2025-12-11T00:00:00,7.000,0.000
4500001955,00010,0001,2025-12-26T00:00:00,7.000,7.000
4500001956,00010,0001,2026-03-03T00:00:00,6.000,6.000
4500001957,00010,0001,2026-03-26T00:00:00,5.000,0.000
4500001958,00010,0001,2026-04-25T00:00:00,5.000,5.000
4500001959,00010,0001,2026-09-07T00:00:00,5.000,0.000
4500001960,00010,0001,2025-03-10T00:00:00,5.000,5.000
4500001961,00010,0001,2025-06-02T00:00:00,5.000,5.000
4500001962,00010,0001,2026-01-29T00:00:00,5.000,3.000
4500001963,00010,0001,2026-04-23T00:00:00,5.000,2.000
4500001964,00010,0001,2026-07-11T00:00:00,5.000,5.000
4500001965,00010,0001,2026-08-09T00:00:00,1.000,1.000
4500001966,00010,0001,2024-09-30T00:00:00,6.000,6.000
4500001967,00010,0001,2025-07-01T00:00:00,8.000,5.000
4500001968,00010,0001,2025-08-01T00:00:00,8.000,8.000
4500001969,00010,0001,2025-09-06T00:00:00,6.000,6.000
4500001970,00010,0001,2026-04-21T00:00:00,7.000,0.000
4500001971,00010,0001,2026-05-22T00:00:00,7.000,7.000
4500001972,00010,0001,2026-07-16T00:00:00,6.000,6.000
4500001973,00010,0001,2024-12-29T00:00:00,11.000,0.000
4500001974,00010,0001,2025-02-19T00:00:00,14.000,14.000
4500001975,00010,0001,2026-03-27T00:00:00,13.000,13.000
4500001976,00010,0001,2026-11-19T00:00:00,9.000,0.000
4500001977,00010,0001,2026-10-27T00:00:00,1.000,0.000
4500001978,00010,0001,2024-11-03T00:00:00,2.000,2.000
4500001979,00010,0001,2024-12-15T00:00:00,3.000,3.000
4500001980,00010,0001,2025-05-15T00:00:00,2.000,2.000
4500001981,00010,0001,2025-07-19T00:00:00,3.000,3.000
4500001982,00010,0001,2025-11-23T00:00:00,3.000,3.000
4500001983,00010,0001,2026-03-06T00:00:00,2.000,2.000
4500001984,00010,0001,2026-05-04T00:00:00,2.000,0.000
4500001985,00010,0001,2026-05-31T00:00:00,2.000,2.000
4500001986,00010,0001,2026-08-25T00:00:00,2.000,0.000
4500001987,00010,0001,2024-12-13T00:00:00,12.000,12.000
4500001988,00010,0001,2025-05-13T00:00:00,11.000,0.000
4500001989,00010,0001,2025-06-26T00:00:00,11.000,0.000
4500001990,00010,0001,2025-07-23T00:00:00,11.000,11.000
4500001991,00010,0001,2025-12-28T00:00:00,10.000,10.000
4500001992,00010,0001,2024-11-08T00:00:00,295.000,295.000
4500001993,00010,0001,2025-07-01T00:00:00,289.000,289.000
4500001994,00010,0001,2026-01-20T00:00:00,315.000,315.000
4500001995,00010,0001,2026-08-28T00:00:00,282.000,0.000
4500001996,00010,0001,2026-09-19T00:00:00,301.000,0.000
4500001997,00010,0001,2024-11-06T00:00:00,90.000,68.000
4500001998,00010,0001,2025-01-10T00:00:00,88.000,88.000
4500001999,00010,0001,2025-06-14T00:00:00,78.000,78.000
4500002000,00010,0001,2025-09-20T00:00:00,77.000,33.000
4500002001,00010,0001,2025-11-19T00:00:00,78.000,78.000
4500002002,00010,0001,2026-04-07T00:00:00,87.000,87.000
4500002003,00010,0001,2026-08-07T00:00:00,73.000,73.000
4500002004,00010,0001,2024-12-23T00:00:00,8.000,4.000
4500002005,00010,0001,2025-01-26T00:00:00,8.000,8.000
4500002006,00010,0001,2025-04-11T00:00:00,5.000,5.000
4500002007,00010,0001,2025-06-18T00:00:00,5.000,5.000
4500002008,00010,0001,2026-09-09T00:00:00,9.000,0.000
4500002009,00010,0001,2025-06-10T00:00:00,2.000,2.000
4500002010,00010,0001,2026-07-15T00:00:00,2.000,2.000
4500002011,00010,0001,2024-11-26T00:00:00,2.000,2.000
4500002012,00010,0001,2025-08-03T00:00:00,3.000,3.000
4500002013,00010,0001,2025-12-27T00:00:00,4.000,4.000
4500002014,00010,0001,2026-04-04T00:00:00,4.000,4.000
4500002015,00010,0001,2026-07-02T00:00:00,2.000,2.000
4500002016,00010,0001,2026-08-08T00:00:00,4.000,4.000
4500002017,00010,0001,2024-10-23T00:00:00,164.000,164.000
4500002018,00010,0001,2025-03-05T00:00:00,153.000,153.000
4500002019,00010,0001,2025-08-25T00:00:00,156.000,156.000
4500002020,00010,0001,2026-01-02T00:00:00,157.000,0.000
4500002021,00010,0001,2026-02-15T00:00:00,186.000,186.000
4500002022,00010,0001,2026-08-18T00:00:00,186.000,186.000
4500002023,00010,0001,2024-12-03T00:00:00,36.000,36.000
4500002024,00010,0001,2025-03-04T00:00:00,36.000,36.000
4500002025,00010,0001,2025-06-21T00:00:00,34.000,0.000
4500002026,00010,0001,2025-07-29T00:00:00,45.000,45.000
4500002027,00010,0001,2025-11-14T00:00:00,38.000,0.000
4500002028,00010,0001,2025-11-30T00:00:00,45.000,45.000
4500002029,00010,0001,2026-03-27T00:00:00,35.000,35.000
4500002030,00010,0001,2026-06-08T00:00:00,37.000,37.000
4500002031,00010,0001,2026-09-15T00:00:00,39.000,0.000
4500002032,00010,0001,2024-11-01T00:00:00,90.000,90.000
4500002033,00010,0001,2025-01-28T00:00:00,87.000,87.000
4500002034,00010,0001,2025-04-25T00:00:00,81.000,81.000
4500002035,00010,0001,2025-07-03T00:00:00,69.000,0.000
4500002036,00010,0001,2025-07-19T00:00:00,103.000,45.000
4500002037,00010,0001,2025-08-12T00:00:00,119.000,52.000
4500002038,00010,0001,2025-10-26T00:00:00,74.000,0.000
4500002039,00010,0001,2025-11-23T00:00:00,106.000,106.000
4500002040,00010,0001,2026-02-16T00:00:00,75.000,75.000
4500002041,00010,0001,2026-05-29T00:00:00,77.000,77.000
4500002042,00010,0001,2026-08-27T00:00:00,83.000,83.000
4500002043,00010,0001,2026-03-25T00:00:00,5.000,5.000
4500002044,00010,0001,2026-07-06T00:00:00,9.000,5.000
4500002045,00010,0001,2024-09-30T00:00:00,4.000,4.000
4500002046,00010,0001,2024-12-13T00:00:00,2.000,2.000
4500002047,00010,0001,2025-04-18T00:00:00,2.000,2.000
4500002048,00010,0001,2025-05-01T00:00:00,5.000,3.000
4500002049,00010,0001,2025-07-11T00:00:00,5.000,5.000
4500002050,00010,0001,2025-08-08T00:00:00,3.000,2.000
4500002051,00010,0001,2025-09-20T00:00:00,4.000,4.000
4500002052,00010,0001,2025-10-23T00:00:00,4.000,4.000
4500002053,00010,0001,2026-01-31T00:00:00,4.000,4.000
4500002054,00010,0001,2026-06-19T00:00:00,3.000,3.000
4500002055,00010,0001,2026-07-03T00:00:00,5.000,5.000
4500002056,00010,0001,2024-09-18T00:00:00,5.000,5.000
4500002057,00010,0001,2025-02-28T00:00:00,6.000,6.000
4500002058,00010,0001,2025-08-27T00:00:00,4.000,4.000
4500002059,00010,0001,2025-10-23T00:00:00,5.000,5.000
4500002060,00010,0001,2026-01-16T00:00:00,3.000,0.000
4500002061,00010,0001,2026-02-20T00:00:00,3.000,3.000
4500002062,00010,0001,2026-03-14T00:00:00,4.000,4.000
4500002063,00010,0001,2024-11-10T00:00:00,7.000,0.000
4500002064,00010,0001,2024-12-26T00:00:00,9.000,5.000
4500002065,00010,0001,2025-01-18T00:00:00,9.000,9.000
4500002066,00010,0001,2025-10-28T00:00:00,4.000,4.000
4500002067,00010,0001,2026-02-19T00:00:00,6.000,6.000
4500002068,00010,0001,2026-07-01T00:00:00,6.000,6.000
4500002069,00010,0001,2026-07-25T00:00:00,10.000,10.000
4500002070,00010,0001,2025-01-03T00:00:00,6.000,6.000
4500002071,00010,0001,2025-02-26T00:00:00,10.000,8.000
4500002072,00010,0001,2025-12-05T00:00:00,5.000,5.000
4500002073,00010,0001,2026-05-17T00:00:00,5.000,3.000
4500002074,00010,0001,2026-08-24T00:00:00,5.000,5.000
4500002075,00010,0001,2026-10-15T00:00:00,10.000,0.000
4500002076,00010,0001,2024-12-08T00:00:00,119.000,119.000
4500002077,00010,0001,2025-05-27T00:00:00,119.000,119.000
4500002078,00010,0001,2025-10-10T00:00:00,102.000,102.000
4500002079,00010,0001,2026-02-23T00:00:00,117.000,0.000
4500002080,00010,0001,2026-04-02T00:00:00,119.000,0.000
4500002081,00010,0001,2026-05-08T00:00:00,119.000,119.000
4500002082,00010,0001,2026-09-16T00:00:00,115.000,0.000
4500002083,00010,0001,2025-02-06T00:00:00,115.000,115.000
4500002084,00010,0001,2025-10-08T00:00:00,114.000,0.000
4500002085,00010,0001,2025-10-16T00:00:00,127.000,0.000
4500002086,00010,0001,2025-11-27T00:00:00,137.000,137.000
4500002087,00010,0001,2026-10-12T00:00:00,112.000,0.000
4500002088,00010,0001,2025-01-23T00:00:00,23.000,23.000
4500002089,00010,0001,2025-12-27T00:00:00,29.000,29.000
4500002090,00010,0001,2024-12-05T00:00:00,245.000,245.000
4500002091,00010,0001,2025-07-16T00:00:00,245.000,245.000
4500002092,00010,0001,2026-02-13T00:00:00,267.000,267.000
4500002093,00010,0001,2024-12-24T00:00:00,6.000,6.000
4500002094,00010,0001,2025-04-25T00:00:00,3.000,3.000
4500002095,00010,0001,2025-10-12T00:00:00,5.000,5.000
4500002096,00010,0001,2026-03-22T00:00:00,5.000,5.000
4500002097,00010,0001,2026-08-03T00:00:00,3.000,3.000
4500002098,00010,0001,2026-04-09T00:00:00,1.000,1.000
4500002099,00010,0001,2025-02-06T00:00:00,257.000,257.000
4500002100,00010,0001,2026-04-13T00:00:00,238.000,0.000
4500002101,00010,0001,2026-05-04T00:00:00,267.000,0.000
4500002102,00010,0001,2026-06-11T00:00:00,288.000,0.000
4500002103,00010,0001,2026-07-01T00:00:00,294.000,0.000
4500002104,00010,0001,2026-07-26T00:00:00,294.000,294.000
4500002105,00010,0001,2024-12-02T00:00:00,99.000,66.000
4500002106,00010,0001,2025-03-16T00:00:00,99.000,0.000
4500002107,00010,0001,2025-05-05T00:00:00,126.000,126.000
4500002108,00010,0001,2025-11-11T00:00:00,102.000,102.000
4500002109,00010,0001,2026-04-29T00:00:00,92.000,47.000
4500002110,00010,0001,2026-07-17T00:00:00,98.000,64.000
4500002111,00010,0001,2026-10-31T00:00:00,104.000,0.000
4500002112,00010,0001,2024-12-27T00:00:00,9.000,9.000
4500002113,00010,0001,2025-03-16T00:00:00,4.000,4.000
4500002114,00010,0001,2025-04-17T00:00:00,5.000,5.000
4500002115,00010,0001,2025-05-10T00:00:00,9.000,0.000
4500002116,00010,0001,2025-06-11T00:00:00,9.000,9.000
4500002117,00010,0001,2025-12-26T00:00:00,9.000,9.000
4500002118,00010,0001,2026-04-10T00:00:00,6.000,6.000
4500002119,00010,0001,2026-07-20T00:00:00,5.000,0.000
4500002120,00010,0001,2026-08-25T00:00:00,5.000,0.000
4500002121,00010,0001,2026-09-26T00:00:00,5.000,0.000
4500002122,00010,0001,2024-11-13T00:00:00,6.000,6.000
4500002123,00010,0001,2025-05-28T00:00:00,8.000,8.000
4500002124,00010,0001,2025-10-16T00:00:00,6.000,0.000
4500002125,00010,0001,2025-10-25T00:00:00,8.000,8.000
4500002126,00010,0001,2026-03-19T00:00:00,8.000,8.000
4500002127,00010,0001,2026-07-24T00:00:00,6.000,6.000
4500002128,00010,0001,2025-05-10T00:00:00,5.000,5.000
4500002129,00010,0001,2025-12-19T00:00:00,10.000,4.000
4500002130,00010,0001,2026-04-03T00:00:00,9.000,9.000
4500002131,00010,0001,2024-11-06T00:00:00,175.000,175.000
4500002132,00010,0001,2025-03-23T00:00:00,157.000,157.000
4500002133,00010,0001,2025-09-02T00:00:00,152.000,0.000
4500002134,00010,0001,2025-09-27T00:00:00,172.000,81.000
4500002135,00010,0001,2025-12-07T00:00:00,233.000,0.000
4500002136,00010,0001,2026-01-09T00:00:00,185.000,185.000
4500002137,00010,0001,2026-06-13T00:00:00,165.000,123.000
4500002138,00010,0001,2026-10-23T00:00:00,142.000,0.000
4500002139,00010,0001,2024-11-08T00:00:00,146.000,146.000
4500002140,00010,0001,2025-05-08T00:00:00,148.000,148.000
4500002141,00010,0001,2025-09-20T00:00:00,160.000,160.000
4500002142,00010,0001,2026-04-17T00:00:00,152.000,152.000
4500002143,00010,0001,2025-01-24T00:00:00,82.000,0.000
4500002144,00010,0001,2025-03-14T00:00:00,104.000,104.000
4500002145,00010,0001,2025-05-24T00:00:00,167.000,167.000
4500002146,00010,0001,2026-03-11T00:00:00,77.000,77.000
4500002147,00010,0001,2026-06-12T00:00:00,140.000,140.000
4500002148,00010,0001,2024-12-04T00:00:00,126.000,126.000
4500002149,00010,0001,2025-04-16T00:00:00,143.000,143.000
4500002150,00010,0001,2025-11-02T00:00:00,136.000,0.000
4500002151,00010,0001,2025-11-20T00:00:00,160.000,160.000
4500002152,00010,0001,2026-04-28T00:00:00,132.000,132.000
4500002153,00010,0001,2024-12-05T00:00:00,199.000,199.000
4500002154,00010,0001,2025-05-27T00:00:00,188.000,94.000
4500002155,00010,0001,2025-09-23T00:00:00,223.000,223.000
4500002156,00010,0001,2026-04-09T00:00:00,203.000,0.000
4500002157,00010,0001,2026-04-11T00:00:00,245.000,245.000
4500002158,00010,0001,2026-10-03T00:00:00,2.000,0.000
4500002159,00010,0001,2024-11-07T00:00:00,12.000,12.000
4500002160,00010,0001,2025-06-02T00:00:00,12.000,9.000
4500002161,00010,0001,2025-09-20T00:00:00,11.000,0.000
4500002162,00010,0001,2025-10-10T00:00:00,12.000,0.000
4500002163,00010,0001,2025-10-30T00:00:00,12.000,12.000
4500002164,00010,0001,2026-05-11T00:00:00,11.000,11.000
4500002165,00010,0001,2025-05-31T00:00:00,4.000,4.000
4500002166,00010,0001,2024-11-06T00:00:00,3.000,3.000
4500002167,00010,0001,2025-09-21T00:00:00,3.000,3.000
4500002168,00010,0001,2026-05-17T00:00:00,3.000,3.000
4500002169,00010,0001,2025-02-09T00:00:00,274.000,274.000
4500002170,00010,0001,2025-12-22T00:00:00,271.000,271.000
4500002171,00010,0001,2027-01-14T00:00:00,259.000,0.000
4500002172,00010,0001,2025-02-01T00:00:00,49.000,49.000
4500002173,00010,0001,2025-07-15T00:00:00,48.000,48.000
4500002174,00010,0001,2025-12-17T00:00:00,52.000,52.000
4500002175,00010,0001,2026-06-08T00:00:00,45.000,19.000
4500002176,00010,0001,2026-07-31T00:00:00,66.000,66.000
4500002177,00010,0001,2024-11-22T00:00:00,198.000,0.000
4500002178,00010,0001,2025-01-05T00:00:00,221.000,221.000
4500002179,00010,0001,2025-08-16T00:00:00,185.000,185.000
4500002180,00010,0001,2026-01-18T00:00:00,176.000,176.000
4500002181,00010,0001,2026-08-10T00:00:00,181.000,181.000
4500002182,00010,0001,2025-01-09T00:00:00,7.000,7.000
4500002183,00010,0001,2025-03-08T00:00:00,6.000,6.000
4500002184,00010,0001,2025-08-02T00:00:00,6.000,6.000
4500002185,00010,0001,2026-05-03T00:00:00,7.000,0.000
4500002186,00010,0001,2026-06-09T00:00:00,7.000,7.000
4500002187,00010,0001,2026-07-03T00:00:00,6.000,0.000
4500002188,00010,0001,2026-07-18T00:00:00,7.000,7.000
4500002189,00010,0001,2025-01-29T00:00:00,3.000,2.000
4500002190,00010,0001,2025-06-29T00:00:00,3.000,2.000
4500002191,00010,0001,2025-09-04T00:00:00,3.000,3.000
4500002192,00010,0001,2026-06-20T00:00:00,3.000,3.000
4500002193,00010,0001,2026-08-15T00:00:00,3.000,3.000
4500002194,00010,0001,2026-09-18T00:00:00,2.000,0.000
4500002195,00010,0001,2025-03-29T00:00:00,10.000,0.000
4500002196,00010,0001,2025-05-01T00:00:00,10.000,10.000
4500002197,00010,0001,2025-10-10T00:00:00,8.000,8.000
4500002198,00010,0001,2026-05-22T00:00:00,8.000,8.000
4500002199,00010,0001,2026-12-17T00:00:00,8.000,0.000
4500002200,00010,0001,2024-10-19T00:00:00,2.000,1.000
4500002201,00010,0001,2025-01-08T00:00:00,3.000,3.000
4500002202,00010,0001,2025-02-10T00:00:00,5.000,5.000
4500002203,00010,0001,2025-10-14T00:00:00,3.000,3.000
4500002204,00010,0001,2026-03-09T00:00:00,2.000,0.000
4500002205,00010,0001,2026-03-17T00:00:00,2.000,2.000
4500002206,00010,0001,2024-10-20T00:00:00,10.000,10.000
4500002207,00010,0001,2025-05-14T00:00:00,12.000,0.000
4500002208,00010,0001,2025-06-04T00:00:00,12.000,0.000
4500002209,00010,0001,2025-07-19T00:00:00,12.000,12.000
4500002210,00010,0001,2026-08-18T00:00:00,12.000,12.000
4500002211,00010,0001,2024-10-19T00:00:00,11.000,11.000
4500002212,00010,0001,2025-02-10T00:00:00,9.000,9.000
4500002213,00010,0001,2025-05-15T00:00:00,10.000,10.000
4500002214,00010,0001,2026-01-02T00:00:00,11.000,11.000
4500002215,00010,0001,2026-05-18T00:00:00,9.000,9.000
4500002216,00010,0001,2025-04-25T00:00:00,2.000,0.000
4500002217,00010,0001,2025-05-25T00:00:00,2.000,2.000
4500002218,00010,0001,2025-11-21T00:00:00,2.000,1.000
4500002219,00010,0001,2025-12-28T00:00:00,2.000,2.000
4500002220,00010,0001,2026-03-20T00:00:00,2.000,0.000
4500002221,00010,0001,2026-04-27T00:00:00,2.000,2.000
4500002222,00010,0001,2026-07-13T00:00:00,2.000,2.000
4500002223,00010,0001,2026-08-15T00:00:00,2.000,2.000
4500002224,00010,0001,2024-11-01T00:00:00,10.000,7.000
4500002225,00010,0001,2024-12-23T00:00:00,13.000,13.000
4500002226,00010,0001,2025-05-29T00:00:00,7.000,7.000
4500002227,00010,0001,2025-08-29T00:00:00,5.000,5.000
4500002228,00010,0001,2026-04-04T00:00:00,9.000,9.000
4500002229,00010,0001,2026-06-11T00:00:00,8.000,6.000
4500002230,00010,0001,2025-05-28T00:00:00,3.000,3.000
4500002231,00010,0001,2026-03-23T00:00:00,4.000,3.000
4500002232,00010,0001,2026-04-22T00:00:00,7.000,0.000
4500002233,00010,0001,2026-05-05T00:00:00,7.000,7.000
4500002234,00010,0001,2024-11-01T00:00:00,11.000,0.000
4500002235,00010,0001,2024-12-23T00:00:00,11.000,6.000
4500002236,00010,0001,2025-01-19T00:00:00,15.000,15.000
4500002237,00010,0001,2025-09-16T00:00:00,10.000,10.000
4500002238,00010,0001,2025-12-07T00:00:00,10.000,0.000
4500002239,00010,0001,2026-01-29T00:00:00,10.000,10.000
4500002240,00010,0001,2026-06-11T00:00:00,8.000,8.000
4500002241,00010,0001,2025-05-09T00:00:00,4.000,4.000
4500002242,00010,0001,2025-06-30T00:00:00,8.000,8.000
4500002243,00010,0001,2026-07-20T00:00:00,4.000,4.000
4500002244,00010,0001,2027-01-16T00:00:00,8.000,0.000
4500002245,00010,0001,2026-01-09T00:00:00,2.000,2.000
4500002246,00010,0001,2025-04-17T00:00:00,8.000,0.000
4500002247,00010,0001,2025-06-05T00:00:00,8.000,8.000
4500002248,00010,0001,2025-09-24T00:00:00,5.000,5.000
4500002249,00010,0001,2026-01-17T00:00:00,5.000,0.000
4500002250,00010,0001,2026-03-12T00:00:00,5.000,5.000
4500002251,00010,0001,2026-04-01T00:00:00,10.000,5.000
4500002252,00010,0001,2026-06-20T00:00:00,7.000,0.000
4500002253,00010,0001,2026-07-31T00:00:00,7.000,7.000
4500002254,00010,0001,2024-10-12T00:00:00,7.000,7.000
4500002255,00010,0001,2024-12-20T00:00:00,6.000,0.000
4500002256,00010,0001,2025-01-10T00:00:00,7.000,7.000
4500002257,00010,0001,2025-11-11T00:00:00,6.000,6.000
4500002258,00010,0001,2025-09-15T00:00:00,1.000,1.000
4500002259,00010,0001,2025-01-05T00:00:00,1.000,1.000
4500002260,00010,0001,2025-12-18T00:00:00,1.000,1.000
4500002261,00010,0001,2026-04-08T00:00:00,1.000,1.000
4500002262,00010,0001,2025-01-13T00:00:00,13.000,13.000
4500002263,00010,0001,2026-03-22T00:00:00,14.000,14.000
4500002264,00010,0001,2025-05-18T00:00:00,11.000,11.000
4500002265,00010,0001,2026-07-08T00:00:00,10.000,10.000
4500002266,00010,0001,2027-02-16T00:00:00,20.000,0.000
4500002267,00010,0001,2027-03-19T00:00:00,12.000,0.000
4500002268,00010,0001,2025-04-11T00:00:00,14.000,11.000
4500002269,00010,0001,2025-10-31T00:00:00,24.000,24.000
4500002270,00010,0001,2024-10-22T00:00:00,71.000,71.000
4500002271,00010,0001,2025-03-06T00:00:00,78.000,51.000
4500002272,00010,0001,2025-04-25T00:00:00,63.000,63.000
4500002273,00010,0001,2025-08-08T00:00:00,82.000,82.000
4500002274,00010,0001,2025-12-04T00:00:00,62.000,0.000
4500002275,00010,0001,2026-01-07T00:00:00,87.000,87.000
4500002276,00010,0001,2026-04-19T00:00:00,82.000,46.000
4500002277,00010,0001,2026-07-05T00:00:00,90.000,90.000
4500002278,00010,0001,2026-09-26T00:00:00,96.000,0.000
4500002279,00010,0001,2024-11-02T00:00:00,187.000,187.000
4500002280,00010,0001,2025-05-05T00:00:00,197.000,133.000
4500002281,00010,0001,2025-07-30T00:00:00,161.000,161.000
4500002282,00010,0001,2025-12-17T00:00:00,160.000,120.000
4500002283,00010,0001,2026-03-02T00:00:00,175.000,175.000
4500002284,00010,0001,2026-08-16T00:00:00,173.000,81.000
4500002285,00010,0001,2024-11-04T00:00:00,9.000,0.000
4500002286,00010,0001,2024-12-16T00:00:00,11.000,11.000
4500002287,00010,0001,2026-02-19T00:00:00,8.000,8.000
4500002288,00010,0001,2026-08-20T00:00:00,8.000,8.000
4500002289,00010,0001,2024-10-30T00:00:00,246.000,246.000
4500002290,00010,0001,2025-04-27T00:00:00,222.000,0.000
4500002291,00010,0001,2025-06-06T00:00:00,257.000,257.000
4500002292,00010,0001,2025-11-30T00:00:00,228.000,228.000
4500002293,00010,0001,2026-08-11T00:00:00,218.000,142.000
4500002294,00010,0001,2024-11-20T00:00:00,77.000,37.000
4500002295,00010,0001,2025-02-17T00:00:00,62.000,62.000
4500002296,00010,0001,2025-07-07T00:00:00,66.000,66.000
4500002297,00010,0001,2025-12-05T00:00:00,76.000,76.000
4500002298,00010,0001,2026-04-08T00:00:00,74.000,74.000
4500002299,00010,0001,2026-07-22T00:00:00,76.000,76.000
4500002300,00010,0001,2024-10-08T00:00:00,3.000,3.000
4500002301,00010,0001,2026-02-26T00:00:00,2.000,2.000
4500002302,00010,0001,2026-03-11T00:00:00,3.000,0.000
4500002303,00010,0001,2026-04-16T00:00:00,3.000,3.000
4500002304,00010,0001,2025-04-08T00:00:00,17.000,17.000
4500002305,00010,0001,2026-02-02T00:00:00,15.000,15.000
4500002306,00010,0001,2026-08-03T00:00:00,30.000,30.000
4500002307,00010,0001,2024-11-18T00:00:00,5.000,5.000
4500002308,00010,0001,2025-04-16T00:00:00,4.000,4.000
4500002309,00010,0001,2026-01-13T00:00:00,4.000,4.000
4500002310,00010,0001,2026-09-17T00:00:00,6.000,0.000
4500002311,00010,0001,2025-10-20T00:00:00,1.000,1.000
4500002312,00010,0001,2025-11-27T00:00:00,2.000,2.000
4500002313,00010,0001,2026-10-09T00:00:00,1.000,0.000
4500002314,00010,0001,2024-10-17T00:00:00,5.000,5.000
4500002315,00010,0001,2025-07-25T00:00:00,6.000,6.000
4500002316,00010,0001,2026-04-16T00:00:00,6.000,6.000
4500002317,00010,0001,2026-09-26T00:00:00,5.000,0.000
4500002318,00010,0001,2025-10-13T00:00:00,1.000,1.000
4500002319,00010,0001,2026-06-30T00:00:00,1.000,1.000
4500002320,00010,0001,2024-12-18T00:00:00,4.000,2.000
4500002321,00010,0001,2025-05-20T00:00:00,5.000,5.000
4500002322,00010,0001,2025-08-25T00:00:00,4.000,4.000
4500002323,00010,0001,2025-12-16T00:00:00,4.000,4.000
4500002324,00010,0001,2026-04-26T00:00:00,4.000,4.000
4500002325,00010,0001,2026-09-26T00:00:00,4.000,0.000
4500002326,00010,0001,2025-02-04T00:00:00,18.000,18.000
4500002327,00010,0001,2025-08-14T00:00:00,16.000,16.000
4500002328,00010,0001,2026-01-01T00:00:00,17.000,17.000
4500002329,00010,0001,2026-10-03T00:00:00,15.000,0.000
4500002330,00010,0001,2025-01-06T00:00:00,11.000,11.000
4500002331,00010,0001,2025-12-02T00:00:00,11.000,0.000
4500002332,00010,0001,2025-12-19T00:00:00,14.000,14.000
4500002333,00010,0001,2026-10-14T00:00:00,12.000,0.000
4500002334,00010,0001,2024-12-25T00:00:00,24.000,0.000
4500002335,00010,0001,2025-01-14T00:00:00,33.000,33.000
4500002336,00010,0001,2025-04-17T00:00:00,16.000,9.000
4500002337,00010,0001,2025-05-02T00:00:00,28.000,28.000
4500002338,00010,0001,2025-08-03T00:00:00,15.000,0.000
4500002339,00010,0001,2025-08-18T00:00:00,26.000,26.000
4500002340,00010,0001,2025-11-05T00:00:00,23.000,0.000
4500002341,00010,0001,2025-12-30T00:00:00,35.000,24.000
4500002342,00010,0001,2026-01-06T00:00:00,38.000,38.000
4500002343,00010,0001,2026-07-11T00:00:00,24.000,0.000
4500002344,00010,0001,2026-08-31T00:00:00,33.000,0.000
4500002345,00010,0001,2026-05-28T00:00:00,3.000,3.000
4500002346,00010,0001,2025-09-05T00:00:00,5.000,5.000
4500002347,00010,0001,2026-04-11T00:00:00,4.000,0.000
4500002348,00010,0001,2026-04-27T00:00:00,4.000,0.000
4500002349,00010,0001,2026-05-27T00:00:00,4.000,2.000
4500002350,00010,0001,2024-10-20T00:00:00,17.000,17.000
4500002351,00010,0001,2025-06-04T00:00:00,18.000,18.000
4500002352,00010,0001,2026-05-02T00:00:00,18.000,18.000
4500002353,00010,0001,2024-11-15T00:00:00,9.000,9.000
4500002354,00010,0001,2025-07-14T00:00:00,6.000,6.000
4500002355,00010,0001,2025-09-18T00:00:00,5.000,5.000
4500002356,00010,0001,2026-01-31T00:00:00,5.000,5.000
4500002357,00010,0001,2026-04-27T00:00:00,7.000,7.000
4500002358,00010,0001,2024-10-28T00:00:00,12.000,12.000
4500002359,00010,0001,2025-06-04T00:00:00,8.000,8.000
4500002360,00010,0001,2025-11-18T00:00:00,8.000,8.000
4500002361,00010,0001,2025-02-03T00:00:00,3.000,3.000
4500002362,00010,0001,2025-06-03T00:00:00,6.000,6.000
4500002363,00010,0001,2026-09-18T00:00:00,3.000,0.000
4500002364,00010,0001,2026-10-21T00:00:00,4.000,0.000
4500002365,00010,0001,2025-01-24T00:00:00,4.000,2.000
4500002366,00010,0001,2025-04-14T00:00:00,6.000,6.000
4500002367,00010,0001,2026-02-17T00:00:00,4.000,2.000
4500002368,00010,0001,2026-05-07T00:00:00,6.000,6.000
4500002369,00010,0001,2024-11-10T00:00:00,15.000,15.000
4500002370,00010,0001,2025-11-29T00:00:00,14.000,14.000
4500002371,00010,0001,2026-08-18T00:00:00,13.000,13.000
4500002372,00010,0001,2025-08-31T00:00:00,2.000,2.000
4500002373,00010,0001,2026-07-27T00:00:00,2.000,2.000
4500002374,00010,0001,2026-09-17T00:00:00,2.000,0.000
4500002375,00010,0001,2025-08-20T00:00:00,2.000,0.000
4500002376,00010,0001,2025-09-06T00:00:00,2.000,2.000
4500002377,00010,0001,2025-11-01T00:00:00,4.000,4.000
4500002378,00010,0001,2025-04-30T00:00:00,13.000,9.000
4500002379,00010,0001,2025-07-30T00:00:00,20.000,20.000
4500002380,00010,0001,2026-06-12T00:00:00,13.000,13.000
4500002381,00010,0001,2026-10-03T00:00:00,11.000,0.000
4500002382,00010,0001,2025-01-05T00:00:00,326.000,326.000
4500002383,00010,0001,2025-08-22T00:00:00,287.000,0.000
4500002384,00010,0001,2025-09-29T00:00:00,341.000,0.000
4500002385,00010,0001,2025-11-03T00:00:00,383.000,383.000
4500002386,00010,0001,2026-08-27T00:00:00,293.000,0.000
4500002387,00010,0001,2026-10-15T00:00:00,341.000,0.000
4500002388,00010,0001,2025-01-07T00:00:00,94.000,43.000
4500002389,00010,0001,2025-03-26T00:00:00,122.000,122.000
4500002390,00010,0001,2026-02-10T00:00:00,81.000,81.000
4500002391,00010,0001,2026-09-26T00:00:00,91.000,0.000
4500002392,00010,0001,2024-11-24T00:00:00,4.000,4.000
4500002393,00010,0001,2024-12-11T00:00:00,10.000,10.000
4500002394,00010,0001,2025-06-14T00:00:00,4.000,4.000
4500002395,00010,0001,2025-08-23T00:00:00,4.000,0.000
4500002396,00010,0001,2025-09-16T00:00:00,4.000,4.000
4500002397,00010,0001,2026-01-08T00:00:00,9.000,9.000
4500002398,00010,0001,2025-02-15T00:00:00,10.000,10.000
4500002399,00010,0001,2026-03-25T00:00:00,10.000,10.000
4500002400,00010,0001,2024-10-28T00:00:00,68.000,68.000
4500002401,00010,0001,2024-12-27T00:00:00,44.000,44.000
4500002402,00010,0001,2025-03-04T00:00:00,64.000,64.000
4500002403,00010,0001,2025-05-03T00:00:00,66.000,66.000
4500002404,00010,0001,2025-07-15T00:00:00,50.000,50.000
4500002405,00010,0001,2025-09-08T00:00:00,71.000,71.000
4500002406,00010,0001,2025-10-30T00:00:00,59.000,0.000
4500002407,00010,0001,2025-12-14T00:00:00,76.000,76.000
4500002408,00010,0001,2026-02-17T00:00:00,45.000,45.000
4500002409,00010,0001,2026-04-01T00:00:00,91.000,91.000
4500002410,00010,0001,2026-08-08T00:00:00,65.000,0.000
4500002411,00010,0001,2026-08-20T00:00:00,89.000,89.000
4500002412,00010,0001,2024-10-16T00:00:00,3.000,3.000
4500002413,00010,0001,2025-01-15T00:00:00,2.000,2.000
4500002414,00010,0001,2025-05-29T00:00:00,2.000,2.000
4500002415,00010,0001,2025-06-07T00:00:00,4.000,4.000
4500002416,00010,0001,2026-02-25T00:00:00,3.000,3.000
4500002417,00010,0001,2026-03-30T00:00:00,2.000,1.000
4500002418,00010,0001,2026-05-31T00:00:00,3.000,1.000
4500002419,00010,0001,2026-06-25T00:00:00,3.000,0.000
4500002420,00010,0001,2026-07-29T00:00:00,2.000,0.000
4500002421,00010,0001,2026-08-16T00:00:00,2.000,2.000
4500002422,00010,0001,2024-10-23T00:00:00,37.000,37.000
4500002423,00010,0001,2024-12-24T00:00:00,36.000,36.000
4500002424,00010,0001,2025-03-15T00:00:00,37.000,37.000
4500002425,00010,0001,2025-04-28T00:00:00,44.000,44.000
4500002426,00010,0001,2025-07-04T00:00:00,33.000,0.000
4500002427,00010,0001,2025-08-08T00:00:00,50.000,50.000
4500002428,00010,0001,2025-10-15T00:00:00,31.000,19.000
4500002429,00010,0001,2025-11-29T00:00:00,47.000,47.000
4500002430,00010,0001,2026-04-12T00:00:00,40.000,40.000
4500002431,00010,0001,2026-05-31T00:00:00,29.000,29.000
4500002432,00010,0001,2026-07-07T00:00:00,24.000,0.000
4500002433,00010,0001,2026-07-22T00:00:00,40.000,40.000
4500002434,00010,0001,2026-09-26T00:00:00,29.000,0.000
4500002435,00010,0001,2025-02-26T00:00:00,5.000,5.000
4500002436,00010,0001,2025-11-04T00:00:00,5.000,0.000
4500002437,00010,0001,2025-11-06T00:00:00,7.000,4.000
4500002438,00010,0001,2026-05-24T00:00:00,5.000,0.000
4500002439,00010,0001,2026-06-11T00:00:00,5.000,5.000
4500002440,00010,0001,2026-09-11T00:00:00,11.000,0.000
4500002441,00010,0001,2025-03-13T00:00:00,7.000,0.000
4500002442,00010,0001,2025-04-04T00:00:00,7.000,7.000
4500002443,00010,0001,2025-11-30T00:00:00,6.000,6.000
4500002444,00010,0001,2026-08-14T00:00:00,6.000,6.000
4500002445,00010,0001,2025-01-11T00:00:00,25.000,25.000
4500002446,00010,0001,2026-02-24T00:00:00,26.000,0.000
4500002447,00010,0001,2026-03-27T00:00:00,26.000,0.000
4500002448,00010,0001,2026-04-30T00:00:00,26.000,26.000
4500002449,00010,0001,2024-12-05T00:00:00,10.000,10.000
4500002450,00010,0001,2025-02-25T00:00:00,7.000,7.000
4500002451,00010,0001,2025-05-30T00:00:00,10.000,0.000
4500002452,00010,0001,2025-06-03T00:00:00,10.000,6.000
4500002453,00010,0001,2025-07-16T00:00:00,14.000,10.000
4500002454,00010,0001,2026-01-21T00:00:00,10.000,10.000
4500002455,00010,0001,2026-10-02T00:00:00,8.000,0.000
4500002456,00010,0001,2026-11-06T00:00:00,10.000,0.000
4500002457,00010,0001,2025-01-18T00:00:00,17.000,17.000
4500002458,00010,0001,2025-07-06T00:00:00,19.000,19.000
4500002459,00010,0001,2025-12-24T00:00:00,21.000,21.000
4500002460,00010,0001,2025-02-09T00:00:00,10.000,10.000
4500002461,00010,0001,2026-07-27T00:00:00,9.000,9.000
4500002462,00010,0001,2027-01-19T00:00:00,11.000,0.000
4500002463,00010,0001,2024-11-12T00:00:00,23.000,23.000
4500002464,00010,0001,2025-08-26T00:00:00,20.000,20.000
4500002465,00010,0001,2026-09-06T00:00:00,17.000,0.000
4500002466,00010,0001,2025-03-26T00:00:00,14.000,14.000
4500002467,00010,0001,2025-09-20T00:00:00,11.000,11.000
4500002468,00010,0001,2025-12-28T00:00:00,12.000,7.000
4500002469,00010,0001,2026-05-25T00:00:00,14.000,14.000
4500002470,00010,0001,2024-11-14T00:00:00,28.000,0.000
4500002471,00010,0001,2025-01-03T00:00:00,40.000,40.000
4500002472,00010,0001,2025-03-31T00:00:00,28.000,28.000
4500002473,00010,0001,2025-06-18T00:00:00,28.000,0.000
4500002474,00010,0001,2025-07-23T00:00:00,44.000,44.000
4500002475,00010,0001,2025-10-24T00:00:00,33.000,33.000
4500002476,00010,0001,2025-12-31T00:00:00,35.000,35.000
4500002477,00010,0001,2026-04-03T00:00:00,29.000,29.000
4500002478,00010,0001,2026-06-21T00:00:00,25.000,25.000
4500002479,00010,0001,2026-10-12T00:00:00,40.000,0.000
4500002480,00010,0001,2024-11-13T00:00:00,101.000,101.000
4500002481,00010,0001,2025-05-18T00:00:00,107.000,49.000
4500002482,00010,0001,2025-08-07T00:00:00,122.000,90.000
4500002483,00010,0001,2025-12-29T00:00:00,106.000,0.000
4500002484,00010,0001,2026-01-09T00:00:00,126.000,126.000
4500002485,00010,0001,2026-08-25T00:00:00,115.000,115.000
4500002486,00010,0001,2024-11-01T00:00:00,219.000,219.000
4500002487,00010,0001,2025-05-18T00:00:00,193.000,126.000
4500002488,00010,0001,2025-10-03T00:00:00,224.000,0.000
4500002489,00010,0001,2025-11-13T00:00:00,228.000,0.000
4500002490,00010,0001,2025-12-27T00:00:00,228.000,228.000
4500002491,00010,0001,2026-06-19T00:00:00,216.000,137.000
4500002492,00010,0001,2025-10-27T00:00:00,2.000,1.000
4500002493,00010,0001,2026-06-26T00:00:00,2.000,0.000
4500002494,00010,0001,2026-08-24T00:00:00,2.000,2.000
4500002495,00010,0001,2024-11-28T00:00:00,101.000,101.000
4500002496,00010,0001,2025-02-13T00:00:00,78.000,78.000
4500002497,00010,0001,2025-05-29T00:00:00,63.000,63.000
4500002498,00010,0001,2025-08-15T00:00:00,71.000,71.000
4500002499,00010,0001,2025-11-08T00:00:00,159.000,159.000
4500002500,00010,0001,2026-02-02T00:00:00,69.000,69.000
4500002501,00010,0001,2026-05-24T00:00:00,95.000,0.000
4500002502,00010,0001,2026-06-20T00:00:00,136.000,136.000
4500002503,00010,0001,2026-09-05T00:00:00,70.000,70.000
4500002504,00010,0001,2025-01-05T00:00:00,10.000,10.000
4500002505,00010,0001,2025-07-21T00:00:00,9.000,9.000
4500002506,00010,0001,2026-02-17T00:00:00,8.000,8.000
4500002507,00010,0001,2026-08-18T00:00:00,9.000,9.000
4500002508,00010,0001,2024-10-13T00:00:00,93.000,93.000
4500002509,00010,0001,2024-12-01T00:00:00,58.000,58.000
4500002510,00010,0001,2025-01-27T00:00:00,75.000,75.000
4500002511,00010,0001,2025-03-14T00:00:00,46.000,28.000
4500002512,00010,0001,2025-04-30T00:00:00,54.000,0.000
4500002513,00010,0001,2025-06-03T00:00:00,100.000,100.000
4500002514,00010,0001,2025-07-10T00:00:00,87.000,87.000
4500002515,00010,0001,2025-09-27T00:00:00,66.000,66.000
4500002516,00010,0001,2025-11-23T00:00:00,61.000,61.000
4500002517,00010,0001,2026-01-09T00:00:00,70.000,70.000
4500002518,00010,0001,2026-03-11T00:00:00,64.000,64.000
4500002519,00010,0001,2026-05-08T00:00:00,80.000,80.000
4500002520,00010,0001,2026-07-11T00:00:00,56.000,56.000
4500002521,00010,0001,2026-09-14T00:00:00,76.000,0.000
4500002522,00010,0001,2024-10-21T00:00:00,78.000,78.000
4500002523,00010,0001,2025-01-11T00:00:00,73.000,0.000
4500002524,00010,0001,2025-02-07T00:00:00,104.000,0.000
4500002525,00010,0001,2025-02-17T00:00:00,128.000,128.000
4500002526,00010,0001,2025-05-24T00:00:00,66.000,66.000
4500002527,00010,0001,2025-07-27T00:00:00,74.000,74.000
4500002528,00010,0001,2025-09-09T00:00:00,59.000,59.000
4500002529,00010,0001,2025-11-18T00:00:00,68.000,40.000
4500002530,00010,0001,2025-12-21T00:00:00,102.000,102.000
4500002531,00010,0001,2026-05-05T00:00:00,85.000,0.000
4500002532,00010,0001,2026-05-31T00:00:00,109.000,0.000
4500002533,00010,0001,2026-06-05T00:00:00,128.000,128.000
4500002534,00010,0001,2026-09-22T00:00:00,66.000,0.000
4500002535,00010,0001,2024-12-31T00:00:00,17.000,17.000
4500002536,00010,0001,2025-12-14T00:00:00,18.000,18.000
4500002537,00010,0001,2026-05-10T00:00:00,18.000,9.000
4500002538,00010,0001,2026-07-25T00:00:00,17.000,17.000
4500002539,00010,0001,2025-05-26T00:00:00,4.000,4.000
4500002540,00010,0001,2025-12-16T00:00:00,4.000,4.000
4500002541,00010,0001,2024-12-30T00:00:00,1.000,0.000
4500002542,00010,0001,2025-02-01T00:00:00,1.000,1.000
4500002543,00010,0001,2026-06-07T00:00:00,2.000,1.000
4500002544,00010,0001,2026-07-15T00:00:00,2.000,2.000
4500002545,00010,0001,2026-09-24T00:00:00,2.000,0.000
4500002546,00010,0001,2024-12-13T00:00:00,7.000,7.000
4500002547,00010,0001,2025-01-23T00:00:00,12.000,9.000
4500002548,00010,0001,2025-11-11T00:00:00,5.000,0.000
4500002549,00010,0001,2025-12-04T00:00:00,5.000,5.000
4500002550,00010,0001,2024-10-09T00:00:00,15.000,15.000
4500002551,00010,0001,2025-07-23T00:00:00,13.000,9.000
4500002552,00010,0001,2025-09-06T00:00:00,12.000,12.000
4500002553,00010,0001,2026-03-07T00:00:00,12.000,12.000
4500002554,00010,0001,2026-08-08T00:00:00,12.000,12.000
4500002555,00010,0001,2026-04-04T00:00:00,1.000,0.000
4500002556,00010,0001,2026-05-10T00:00:00,2.000,0.000
4500002557,00010,0001,2026-06-12T00:00:00,2.000,0.000
4500002558,00010,0001,2026-07-17T00:00:00,2.000,2.000
4500002559,00010,0001,2025-04-26T00:00:00,10.000,10.000
4500002560,00010,0001,2026-10-19T00:00:00,10.000,0.000
4500002561,00010,0001,2026-10-29T00:00:00,10.000,0.000
4500002562,00010,0001,2024-12-15T00:00:00,8.000,8.000
4500002563,00010,0001,2025-05-20T00:00:00,7.000,7.000
4500002564,00010,0001,2025-09-02T00:00:00,9.000,9.000
4500002565,00010,0001,2026-01-08T00:00:00,7.000,7.000
4500002566,00010,0001,2026-07-17T00:00:00,8.000,0.000
4500002567,00010,0001,2026-08-11T00:00:00,9.000,4.000
4500002568,00010,0001,2024-11-13T00:00:00,141.000,141.000
4500002569,00010,0001,2025-03-10T00:00:00,154.000,0.000
4500002570,00010,0001,2025-03-28T00:00:00,182.000,182.000
4500002571,00010,0001,2025-08-26T00:00:00,136.000,136.000
4500002572,00010,0001,2026-01-03T00:00:00,132.000,0.000
4500002573,00010,0001,2026-02-01T00:00:00,164.000,164.000
4500002574,00010,0001,2026-05-23T00:00:00,122.000,0.000
4500002575,00010,0001,2026-06-29T00:00:00,157.000,0.000
4500002576,00010,0001,2026-07-21T00:00:00,187.000,187.000
4500002577,00010,0001,2025-11-14T00:00:00,1.000,1.000
4500002578,00010,0001,2026-04-28T00:00:00,1.000,0.000
4500002579,00010,0001,2026-05-16T00:00:00,1.000,1.000
4500002580,00010,0001,2025-06-19T00:00:00,2.000,2.000
4500002581,00010,0001,2026-04-23T00:00:00,2.000,2.000
4500002582,00010,0001,2026-09-17T00:00:00,2.000,0.000
4500002583,00010,0001,2024-10-11T00:00:00,63.000,63.000
4500002584,00010,0001,2025-01-19T00:00:00,56.000,56.000
4500002585,00010,0001,2025-02-28T00:00:00,56.000,56.000
4500002586,00010,0001,2025-06-14T00:00:00,79.000,45.000
4500002587,00010,0001,2025-08-21T00:00:00,60.000,60.000
4500002588,00010,0001,2025-11-01T00:00:00,79.000,79.000
4500002589,00010,0001,2026-02-17T00:00:00,79.000,79.000
4500002590,00010,0001,2026-05-27T00:00:00,58.000,58.000
4500002591,00010,0001,2026-08-20T00:00:00,60.000,0.000
4500002592,00010,0001,2026-09-27T00:00:00,79.000,0.000
4500002593,00010,0001,2025-02-15T00:00:00,8.000,0.000
4500002594,00010,0001,2025-04-09T00:00:00,8.000,8.000
4500002595,00010,0001,2026-06-27T00:00:00,8.000,8.000
4500002596,00010,0001,2026-10-26T00:00:00,16.000,0.000
4500002597,00010,0001,2024-09-27T00:00:00,26.000,26.000
4500002598,00010,0001,2024-12-20T00:00:00,22.000,22.000
4500002599,00010,0001,2025-02-20T00:00:00,27.000,27.000
4500002600,00010,0001,2025-05-28T00:00:00,27.000,0.000
4500002601,00010,0001,2025-07-10T00:00:00,29.000,29.000
4500002602,00010,0001,2025-10-09T00:00:00,22.000,22.000
4500002603,00010,0001,2026-01-10T00:00:00,25.000,25.000
4500002604,00010,0001,2026-04-17T00:00:00,23.000,23.000
4500002605,00010,0001,2026-07-15T00:00:00,24.000,24.000
4500002606,00010,0001,2024-10-21T00:00:00,15.000,15.000
4500002607,00010,0001,2025-06-26T00:00:00,14.000,14.000
4500002608,00010,0001,2026-02-05T00:00:00,15.000,15.000
4500002609,00010,0001,2026-08-21T00:00:00,15.000,15.000
4500002610,00010,0001,2025-05-21T00:00:00,7.000,7.000
4500002611,00010,0001,2026-06-13T00:00:00,6.000,6.000
4500002612,00010,0001,2027-02-15T00:00:00,6.000,0.000
4500002613,00010,0001,2024-11-21T00:00:00,4.000,3.000
4500002614,00010,0001,2025-04-07T00:00:00,5.000,0.000
4500002615,00010,0001,2025-04-29T00:00:00,5.000,5.000
4500002616,00010,0001,2025-10-29T00:00:00,5.000,5.000
4500002617,00010,0001,2026-01-10T00:00:00,7.000,7.000
4500002618,00010,0001,2026-02-22T00:00:00,3.000,3.000
4500002619,00010,0001,2026-06-01T00:00:00,5.000,5.000
4500002620,00010,0001,2026-07-06T00:00:00,5.000,5.000
4500002621,00010,0001,2026-08-31T00:00:00,5.000,5.000
4500002622,00010,0001,2026-10-04T00:00:00,3.000,0.000
4500002623,00010,0001,2024-10-27T00:00:00,9.000,9.000
4500002624,00010,0001,2025-04-09T00:00:00,10.000,10.000
4500002625,00010,0001,2026-01-08T00:00:00,9.000,9.000
4500002626,00010,0001,2024-12-10T00:00:00,101.000,101.000
4500002627,00010,0001,2025-04-11T00:00:00,110.000,110.000
4500002628,00010,0001,2025-07-29T00:00:00,109.000,109.000
4500002629,00010,0001,2025-12-06T00:00:00,101.000,50.000
4500002630,00010,0001,2026-02-21T00:00:00,103.000,103.000
4500002631,00010,0001,2026-06-17T00:00:00,110.000,110.000
4500002632,00010,0001,2026-10-05T00:00:00,116.000,0.000
4500002633,00010,0001,2024-12-13T00:00:00,159.000,159.000
4500002634,00010,0001,2025-07-12T00:00:00,150.000,150.000
4500002635,00010,0001,2025-12-26T00:00:00,159.000,159.000
4500002636,00010,0001,2026-08-08T00:00:00,159.000,159.000
4500002637,00010,0001,2025-06-01T00:00:00,1.000,1.000
4500002638,00010,0001,2025-10-25T00:00:00,1.000,1.000
4500002639,00010,0001,2025-08-12T00:00:00,1.000,0.000
4500002640,00010,0001,2025-08-16T00:00:00,1.000,1.000
4500002641,00010,0001,2026-05-02T00:00:00,1.000,1.000
4500002642,00010,0001,2026-05-27T00:00:00,1.000,1.000
4500002643,00010,0001,2024-10-28T00:00:00,8.000,8.000
4500002644,00010,0001,2025-02-18T00:00:00,8.000,8.000
4500002645,00010,0001,2025-05-25T00:00:00,8.000,8.000
4500002646,00010,0001,2025-10-04T00:00:00,8.000,8.000
4500002647,00010,0001,2026-02-01T00:00:00,7.000,7.000
4500002648,00010,0001,2025-02-19T00:00:00,12.000,12.000
4500002649,00010,0001,2026-01-07T00:00:00,12.000,12.000
4500002650,00010,0001,2027-01-05T00:00:00,12.000,0.000
4500002651,00010,0001,2024-12-05T00:00:00,4.000,4.000
4500002652,00010,0001,2025-02-07T00:00:00,4.000,4.000
4500002653,00010,0001,2025-05-01T00:00:00,3.000,3.000
4500002654,00010,0001,2026-04-07T00:00:00,4.000,2.000
4500002655,00010,0001,2026-07-13T00:00:00,4.000,0.000
4500002656,00010,0001,2026-08-09T00:00:00,4.000,4.000
4500002657,00010,0001,2025-06-29T00:00:00,7.000,7.000
4500002658,00010,0001,2026-05-13T00:00:00,7.000,7.000
4500002659,00010,0001,2025-03-28T00:00:00,14.000,14.000
4500002660,00010,0001,2026-07-17T00:00:00,9.000,6.000
4500002661,00010,0001,2025-02-08T00:00:00,9.000,9.000
4500002662,00010,0001,2025-08-04T00:00:00,10.000,0.000
4500002663,00010,0001,2025-08-08T00:00:00,13.000,13.000
4500002664,00010,0001,2026-01-20T00:00:00,23.000,23.000
4500002665,00010,0001,2024-12-06T00:00:00,1.000,0.000
4500002666,00010,0001,2024-12-31T00:00:00,1.000,0.000
4500002667,00010,0001,2025-01-24T00:00:00,1.000,0.000
4500002668,00010,0001,2025-03-13T00:00:00,1.000,1.000
4500002669,00010,0001,2025-08-27T00:00:00,1.000,1.000
4500002670,00010,0001,2025-07-05T00:00:00,34.000,23.000
4500002671,00010,0001,2026-10-03T00:00:00,33.000,0.000
4500002672,00010,0001,2026-10-29T00:00:00,36.000,0.000
4500002673,00010,0001,2024-11-04T00:00:00,60.000,60.000
4500002674,00010,0001,2025-01-12T00:00:00,112.000,112.000
4500002675,00010,0001,2025-06-20T00:00:00,49.000,0.000
4500002676,00010,0001,2025-07-19T00:00:00,67.000,67.000
4500002677,00010,0001,2025-08-26T00:00:00,108.000,108.000
4500002678,00010,0001,2026-02-10T00:00:00,59.000,59.000
4500002679,00010,0001,2026-05-09T00:00:00,41.000,41.000
4500002680,00010,0001,2026-07-30T00:00:00,44.000,44.000
4500002681,00010,0001,2026-10-15T00:00:00,49.000,0.000
4500002682,00010,0001,2024-11-13T00:00:00,116.000,116.000
4500002683,00010,0001,2025-05-03T00:00:00,109.000,109.000
4500002684,00010,0001,2025-10-08T00:00:00,98.000,98.000
4500002685,00010,0001,2026-03-22T00:00:00,98.000,98.000
4500002686,00010,0001,2026-08-04T00:00:00,96.000,96.000
4500002687,00010,0001,2024-12-14T00:00:00,15.000,15.000
4500002688,00010,0001,2026-01-03T00:00:00,21.000,21.000
4500002689,00010,0001,2024-09-18T00:00:00,3.000,3.000
4500002690,00010,0001,2024-10-18T00:00:00,2.000,1.000
4500002691,00010,0001,2025-02-11T00:00:00,3.000,0.000
4500002692,00010,0001,2025-03-06T00:00:00,3.000,3.000
4500002693,00010,0001,2025-06-13T00:00:00,2.000,2.000
4500002694,00010,0001,2025-08-03T00:00:00,3.000,1.000
4500002695,00010,0001,2025-08-17T00:00:00,2.000,2.000
4500002696,00010,0001,2026-09-03T00:00:00,2.000,0.000
4500002697,00010,0001,2024-10-24T00:00:00,10.000,0.000
4500002698,00010,0001,2024-11-21T00:00:00,10.000,10.000
4500002699,00010,0001,2025-08-17T00:00:00,10.000,0.000
4500002700,00010,0001,2025-10-03T00:00:00,10.000,0.000
4500002701,00010,0001,2025-11-09T00:00:00,10.000,10.000
4500002702,00010,0001,2026-05-24T00:00:00,10.000,10.000
4500002703,00010,0001,2025-02-28T00:00:00,9.000,9.000
4500002704,00010,0001,2026-08-10T00:00:00,9.000,0.000
4500002705,00010,0001,2026-09-03T00:00:00,10.000,6.000
4500002706,00010,0001,2025-03-20T00:00:00,4.000,4.000
4500002707,00010,0001,2025-10-11T00:00:00,4.000,2.000
4500002708,00010,0001,2026-01-28T00:00:00,6.000,6.000
4500002709,00010,0001,2024-11-07T00:00:00,6.000,0.000
4500002710,00010,0001,2024-12-31T00:00:00,10.000,10.000
4500002711,00010,0001,2025-06-06T00:00:00,7.000,6.000
4500002712,00010,0001,2025-10-09T00:00:00,7.000,7.000
4500002713,00010,0001,2025-12-08T00:00:00,15.000,15.000
4500002714,00010,0001,2025-01-09T00:00:00,78.000,78.000
4500002715,00010,0001,2025-04-07T00:00:00,84.000,84.000
4500002716,00010,0001,2025-06-23T00:00:00,72.000,72.000
4500002717,00010,0001,2025-09-04T00:00:00,54.000,54.000
4500002718,00010,0001,2025-11-29T00:00:00,70.000,51.000
4500002719,00010,0001,2026-01-20T00:00:00,71.000,71.000
4500002720,00010,0001,2026-04-15T00:00:00,58.000,0.000
4500002721,00010,0001,2026-04-18T00:00:00,82.000,0.000
4500002722,00010,0001,2026-05-17T00:00:00,103.000,53.000
4500002723,00010,0001,2026-06-29T00:00:00,73.000,73.000
4500002724,00010,0001,2026-08-21T00:00:00,56.000,56.000
4500002725,00010,0001,2024-11-19T00:00:00,100.000,100.000
4500002726,00010,0001,2025-02-09T00:00:00,74.000,74.000
4500002727,00010,0001,2025-04-25T00:00:00,65.000,65.000
4500002728,00010,0001,2025-05-30T00:00:00,132.000,0.000
4500002729,00010,0001,2025-07-24T00:00:00,94.000,0.000
4500002730,00010,0001,2025-08-29T00:00:00,123.000,0.000
4500002731,00010,0001,2025-09-13T00:00:00,139.000,139.000
4500002732,00010,0001,2026-01-30T00:00:00,94.000,94.000
4500002733,00010,0001,2026-05-17T00:00:00,86.000,86.000
4500002734,00010,0001,2026-07-14T00:00:00,69.000,69.000
4500002735,00010,0001,2026-09-26T00:00:00,139.000,0.000
4500002736,00010,0001,2024-12-09T00:00:00,9.000,9.000
4500002737,00010,0001,2026-05-31T00:00:00,9.000,9.000
4500002738,00010,0001,2024-10-08T00:00:00,4.000,4.000
4500002739,00010,0001,2024-12-11T00:00:00,2.000,2.000
4500002740,00010,0001,2025-01-18T00:00:00,2.000,2.000
4500002741,00010,0001,2025-02-20T00:00:00,2.000,2.000
4500002742,00010,0001,2025-03-04T00:00:00,4.000,4.000
4500002743,00010,0001,2025-07-16T00:00:00,2.000,1.000
4500002744,00010,0001,2025-08-10T00:00:00,2.000,2.000
4500002745,00010,0001,2025-08-29T00:00:00,3.000,3.000
4500002746,00010,0001,2025-12-02T00:00:00,2.000,2.000
4500002747,00010,0001,2026-01-19T00:00:00,3.000,3.000
4500002748,00010,0001,2025-02-24T00:00:00,6.000,6.000
4500002749,00010,0001,2025-10-08T00:00:00,5.000,5.000
4500002750,00010,0001,2026-04-21T00:00:00,5.000,5.000
4500002751,00010,0001,2024-12-22T00:00:00,8.000,0.000
4500002752,00010,0001,2025-01-19T00:00:00,8.000,8.000
4500002753,00010,0001,2025-07-15T00:00:00,10.000,10.000
4500002754,00010,0001,2026-04-24T00:00:00,9.000,9.000
4500002755,00010,0001,2025-01-14T00:00:00,10.000,10.000
4500002756,00010,0001,2025-06-09T00:00:00,10.000,5.000
4500002757,00010,0001,2025-07-16T00:00:00,16.000,16.000
4500002758,00010,0001,2026-05-19T00:00:00,10.000,0.000
4500002759,00010,0001,2026-06-26T00:00:00,10.000,10.000
4500002760,00010,0001,2025-01-01T00:00:00,11.000,6.000
4500002761,00010,0001,2025-08-19T00:00:00,11.000,5.000
4500002762,00010,0001,2026-03-10T00:00:00,11.000,11.000
4500002763,00010,0001,2024-11-23T00:00:00,5.000,0.000
4500002764,00010,0001,2024-12-21T00:00:00,5.000,5.000
4500002765,00010,0001,2025-04-15T00:00:00,8.000,0.000
4500002766,00010,0001,2025-05-06T00:00:00,11.000,11.000
4500002767,00010,0001,2026-07-05T00:00:00,7.000,7.000
4500002768,00010,0001,2026-08-21T00:00:00,13.000,0.000
4500002769,00010,0001,2026-10-12T00:00:00,15.000,0.000
4500002770,00010,0001,2025-05-07T00:00:00,26.000,26.000
4500002771,00010,0001,2026-07-14T00:00:00,25.000,0.000
4500002772,00010,0001,2026-08-08T00:00:00,25.000,25.000
4500002773,00010,0001,2026-02-16T00:00:00,2.000,2.000
4500002774,00010,0001,2026-08-10T00:00:00,2.000,0.000
4500002775,00010,0001,2025-05-06T00:00:00,17.000,17.000
4500002776,00010,0001,2026-10-12T00:00:00,18.000,0.000
4500002777,00010,0001,2024-12-10T00:00:00,141.000,104.000
4500002778,00010,0001,2025-02-18T00:00:00,206.000,206.000
4500002779,00010,0001,2025-08-10T00:00:00,112.000,74.000
4500002780,00010,0001,2025-10-15T00:00:00,188.000,188.000
4500002781,00010,0001,2026-02-24T00:00:00,100.000,100.000
4500002782,00010,0001,2026-05-29T00:00:00,111.000,0.000
4500002783,00010,0001,2026-07-21T00:00:00,144.000,0.000
4500002784,00010,0001,2026-08-07T00:00:00,168.000,0.000
4500002785,00010,0001,2026-09-05T00:00:00,199.000,199.000
4500002786,00010,0001,2024-11-22T00:00:00,11.000,0.000
4500002787,00010,0001,2024-12-11T00:00:00,11.000,11.000
4500002788,00010,0001,2025-09-19T00:00:00,8.000,8.000
4500002789,00010,0001,2026-04-23T00:00:00,8.000,8.000
4500002790,00010,0001,2024-11-26T00:00:00,191.000,0.000
4500002791,00010,0001,2024-12-19T00:00:00,205.000,205.000
4500002792,00010,0001,2025-08-12T00:00:00,182.000,182.000
4500002793,00010,0001,2026-03-14T00:00:00,206.000,206.000
4500002794,00010,0001,2024-11-11T00:00:00,99.000,99.000
4500002795,00010,0001,2025-03-01T00:00:00,92.000,92.000
4500002796,00010,0001,2025-07-14T00:00:00,83.000,0.000
4500002797,00010,0001,2025-08-06T00:00:00,98.000,98.000
4500002798,00010,0001,2025-12-13T00:00:00,99.000,99.000
4500002799,00010,0001,2026-05-29T00:00:00,97.000,97.000
4500002800,00010,0001,2025-01-22T00:00:00,3.000,2.000
4500002801,00010,0001,2025-04-24T00:00:00,5.000,5.000
4500002802,00010,0001,2026-04-25T00:00:00,3.000,0.000
4500002803,00010,0001,2026-05-24T00:00:00,3.000,0.000
4500002804,00010,0001,2026-07-11T00:00:00,4.000,4.000
4500002805,00010,0001,2027-01-02T00:00:00,3.000,0.000
4500002806,00010,0001,2025-02-13T00:00:00,3.000,1.000
4500002807,00010,0001,2025-03-29T00:00:00,4.000,0.000
4500002808,00010,0001,2025-04-30T00:00:00,4.000,2.000
4500002809,00010,0001,2025-09-12T00:00:00,5.000,5.000
4500002810,00010,0001,2026-07-23T00:00:00,3.000,3.000
4500002811,00010,0001,2024-09-28T00:00:00,13.000,0.000
4500002812,00010,0001,2024-11-14T00:00:00,13.000,13.000
4500002813,00010,0001,2025-05-17T00:00:00,12.000,12.000
4500002814,00010,0001,2025-12-29T00:00:00,13.000,13.000
4500002815,00010,0001,2026-06-24T00:00:00,13.000,13.000
4500002816,00010,0001,2026-09-30T00:00:00,2.000,0.000
4500002817,00010,0001,2024-11-30T00:00:00,10.000,10.000
4500002818,00010,0001,2025-04-12T00:00:00,8.000,8.000
4500002819,00010,0001,2025-10-04T00:00:00,10.000,10.000
4500002820,00010,0001,2026-06-01T00:00:00,8.000,8.000
4500002821,00010,0001,2025-03-12T00:00:00,14.000,0.000
4500002822,00010,0001,2025-04-21T00:00:00,17.000,0.000
4500002823,00010,0001,2025-05-27T00:00:00,17.000,12.000
4500002824,00010,0001,2025-08-10T00:00:00,18.000,0.000
4500002825,00010,0001,2025-09-21T00:00:00,18.000,18.000
4500002826,00010,0001,2026-08-22T00:00:00,16.000,6.000
4500002827,00010,0001,2026-09-24T00:00:00,15.000,0.000
4500002828,00010,0001,2024-12-20T00:00:00,120.000,0.000
4500002829,00010,0001,2025-01-13T00:00:00,130.000,130.000
4500002830,00010,0001,2025-09-28T00:00:00,128.000,87.000
4500002831,00010,0001,2026-02-18T00:00:00,126.000,126.000
4500002832,00010,0001,2025-04-30T00:00:00,16.000,8.000
4500002833,00010,0001,2026-04-17T00:00:00,16.000,16.000
4500002834,00010,0001,2027-01-27T00:00:00,16.000,0.000
4500002835,00010,0001,2024-12-08T00:00:00,9.000,9.000
4500002836,00010,0001,2025-03-26T00:00:00,9.000,9.000
4500002837,00010,0001,2026-03-31T00:00:00,6.000,6.000
4500002838,00010,0001,2024-11-14T00:00:00,6.000,0.000
4500002839,00010,0001,2024-12-21T00:00:00,6.000,6.000
4500002840,00010,0001,2025-05-02T00:00:00,6.000,6.000
4500002841,00010,0001,2025-08-31T00:00:00,9.000,5.000
4500002842,00010,0001,2025-09-13T00:00:00,15.000,8.000
4500002843,00010,0001,2026-02-10T00:00:00,10.000,10.000
4500002844,00010,0001,2026-04-14T00:00:00,17.000,17.000
4500002845,00010,0001,2026-08-11T00:00:00,2.000,2.000
4500002846,00010,0001,2026-03-17T00:00:00,1.000,1.000
4500002847,00010,0001,2024-12-15T00:00:00,4.000,3.000
4500002848,00010,0001,2025-05-13T00:00:00,5.000,5.000
4500002849,00010,0001,2025-11-26T00:00:00,5.000,5.000
4500002850,00010,0001,2025-12-27T00:00:00,4.000,4.000
4500002851,00010,0001,2026-05-08T00:00:00,5.000,5.000
4500002852,00010,0001,2024-11-25T00:00:00,6.000,0.000
4500002853,00010,0001,2024-12-21T00:00:00,6.000,6.000
4500002854,00010,0001,2025-08-26T00:00:00,5.000,5.000
4500002855,00010,0001,2026-05-12T00:00:00,5.000,5.000
4500002856,00010,0001,2026-10-09T00:00:00,6.000,0.000
4500002857,00010,0001,2024-10-31T00:00:00,51.000,0.000
4500002858,00010,0001,2024-11-30T00:00:00,51.000,51.000
4500002859,00010,0001,2025-02-20T00:00:00,51.000,0.000
4500002860,00010,0001,2025-04-09T00:00:00,51.000,51.000
4500002861,00010,0001,2025-08-15T00:00:00,51.000,21.000
4500002862,00010,0001,2025-10-05T00:00:00,48.000,25.000
4500002863,00010,0001,2025-12-22T00:00:00,51.000,51.000
4500002864,00010,0001,2026-05-31T00:00:00,51.000,0.000
4500002865,00010,0001,2026-07-04T00:00:00,51.000,51.000
4500002866,00010,0001,2024-11-04T00:00:00,20.000,20.000
4500002867,00010,0001,2025-08-21T00:00:00,20.000,20.000
4500002868,00010,0001,2026-04-08T00:00:00,22.000,22.000
4500002869,00010,0001,2024-10-07T00:00:00,5.000,0.000
4500002870,00010,0001,2024-12-02T00:00:00,5.000,5.000
4500002871,00010,0001,2025-04-16T00:00:00,6.000,6.000
4500002872,00010,0001,2025-11-05T00:00:00,5.000,5.000
4500002873,00010,0001,2025-12-08T00:00:00,4.000,4.000
4500002874,00010,0001,2026-05-20T00:00:00,4.000,4.000
4500002875,00010,0001,2025-01-13T00:00:00,9.000,0.000
4500002876,00010,0001,2025-03-01T00:00:00,11.000,11.000
4500002877,00010,0001,2025-08-09T00:00:00,8.000,8.000
4500002878,00010,0001,2026-07-05T00:00:00,8.000,8.000
4500002879,00010,0001,2026-11-29T00:00:00,16.000,0.000
4500002880,00010,0001,2026-03-12T00:00:00,1.000,1.000
4500002881,00010,0001,2026-06-13T00:00:00,1.000,0.000
4500002882,00010,0001,2026-07-08T00:00:00,1.000,0.000
4500002883,00010,0001,2026-08-19T00:00:00,1.000,1.000
4500002884,00010,0001,2024-10-13T00:00:00,3.000,3.000
4500002885,00010,0001,2025-03-01T00:00:00,3.000,3.000
4500002886,00010,0001,2025-04-18T00:00:00,3.000,3.000
4500002887,00010,0001,2025-12-02T00:00:00,3.000,3.000
4500002888,00010,0001,2026-02-06T00:00:00,5.000,0.000
4500002889,00010,0001,2026-02-12T00:00:00,5.000,0.000
4500002890,00010,0001,2026-03-14T00:00:00,5.000,5.000
4500002891,00010,0001,2024-11-18T00:00:00,131.000,0.000
4500002892,00010,0001,2024-11-28T00:00:00,159.000,159.000
4500002893,00010,0001,2025-05-21T00:00:00,123.000,0.000
4500002894,00010,0001,2025-06-17T00:00:00,155.000,155.000
4500002895,00010,0001,2025-12-16T00:00:00,105.000,105.000
4500002896,00010,0001,2026-04-13T00:00:00,105.000,0.000
4500002897,00010,0001,2026-05-12T00:00:00,135.000,135.000
4500002898,00010,0001,2026-09-30T00:00:00,122.000,0.000
4500002899,00010,0001,2025-03-20T00:00:00,10.000,0.000
4500002900,00010,0001,2025-04-29T00:00:00,12.000,7.000
4500002901,00010,0001,2025-11-16T00:00:00,9.000,9.000
4500002902,00010,0001,2026-03-29T00:00:00,17.000,17.000
4500002903,00010,0001,2024-10-20T00:00:00,4.000,4.000
4500002904,00010,0001,2025-02-03T00:00:00,4.000,4.000
4500002905,00010,0001,2025-08-27T00:00:00,3.000,3.000
4500002906,00010,0001,2026-07-17T00:00:00,4.000,4.000
4500002907,00010,0001,2025-01-11T00:00:00,5.000,0.000
4500002908,00010,0001,2025-02-04T00:00:00,6.000,5.000
4500002909,00010,0001,2025-05-15T00:00:00,10.000,10.000
4500002910,00010,0001,2026-06-20T00:00:00,6.000,6.000
4500002911,00010,0001,2026-09-28T00:00:00,11.000,0.000
4500002912,00010,0001,2024-11-11T00:00:00,14.000,0.000
4500002913,00010,0001,2024-12-03T00:00:00,14.000,14.000
4500002914,00010,0001,2025-10-02T00:00:00,14.000,0.000
4500002915,00010,0001,2025-11-19T00:00:00,14.000,14.000
4500002916,00010,0001,2024-11-12T00:00:00,7.000,7.000
4500002917,00010,0001,2025-01-06T00:00:00,14.000,14.000
4500002918,00010,0001,2025-05-19T00:00:00,5.000,5.000
4500002919,00010,0001,2025-10-10T00:00:00,10.000,0.000
4500002920,00010,0001,2025-11-12T00:00:00,12.000,0.000
4500002921,00010,0001,2025-12-05T00:00:00,12.000,12.000
4500002922,00010,0001,2026-02-14T00:00:00,6.000,6.000
4500002923,00010,0001,2026-06-29T00:00:00,8.000,8.000
4500002924,00010,0001,2026-07-23T00:00:00,14.000,14.000
4500002925,00010,0001,2025-05-15T00:00:00,17.000,17.000
4500002926,00010,0001,2027-02-28T00:00:00,15.000,0.000
4500002927,00010,0001,2025-02-21T00:00:00,5.000,3.000
4500002928,00010,0001,2025-04-02T00:00:00,7.000,7.000
4500002929,00010,0001,2025-09-24T00:00:00,4.000,4.000
4500002930,00010,0001,2026-01-01T00:00:00,8.000,6.000
4500002931,00010,0001,2026-07-06T00:00:00,4.000,3.000
4500002932,00010,0001,2026-12-04T00:00:00,4.000,0.000
4500002933,00010,0001,2025-05-15T00:00:00,6.000,6.000
4500002934,00010,0001,2026-01-27T00:00:00,6.000,6.000
4500002935,00010,0001,2026-10-01T00:00:00,6.000,0.000
4500002936,00010,0001,2025-09-05T00:00:00,15.000,15.000
4500002937,00010,0001,2026-04-21T00:00:00,12.000,12.000
4500002938,00010,0001,2025-07-24T00:00:00,3.000,3.000
4500002939,00010,0001,2026-04-14T00:00:00,3.000,2.000
4500002940,00010,0001,2025-01-16T00:00:00,113.000,113.000
4500002941,00010,0001,2025-07-28T00:00:00,108.000,108.000
4500002942,00010,0001,2026-02-11T00:00:00,101.000,101.000
4500002943,00010,0001,2026-08-15T00:00:00,93.000,93.000
4500002944,00010,0001,2025-11-09T00:00:00,2.000,2.000
4500002945,00010,0001,2024-10-18T00:00:00,7.000,7.000
4500002946,00010,0001,2025-06-13T00:00:00,7.000,7.000
4500002947,00010,0001,2026-08-06T00:00:00,8.000,8.000
4500002948,00010,0001,2024-11-17T00:00:00,5.000,0.000
4500002949,00010,0001,2024-11-22T00:00:00,8.000,8.000
4500002950,00010,0001,2025-06-03T00:00:00,5.000,5.000
4500002951,00010,0001,2025-09-17T00:00:00,4.000,4.000
4500002952,00010,0001,2025-11-20T00:00:00,8.000,8.000
4500002953,00010,0001,2025-02-20T00:00:00,11.000,11.000
4500002954,00010,0001,2025-11-15T00:00:00,14.000,14.000
4500002955,00010,0001,2026-10-12T00:00:00,13.000,0.000
4500002956,00010,0001,2025-01-13T00:00:00,10.000,10.000
4500002957,00010,0001,2025-07-16T00:00:00,7.000,7.000
4500002958,00010,0001,2026-03-01T00:00:00,9.000,9.000
4500002959,00010,0001,2026-06-10T00:00:00,7.000,7.000
4500002960,00010,0001,2024-12-04T00:00:00,97.000,0.000
4500002961,00010,0001,2025-01-09T00:00:00,103.000,103.000
4500002962,00010,0001,2025-07-07T00:00:00,103.000,0.000
4500002963,00010,0001,2025-08-08T00:00:00,103.000,103.000
4500002964,00010,0001,2026-03-13T00:00:00,103.000,0.000
4500002965,00010,0001,2026-03-30T00:00:00,103.000,78.000
4500002966,00010,0001,2026-08-28T00:00:00,103.000,103.000
4500002967,00010,0001,2025-01-16T00:00:00,84.000,84.000
4500002968,00010,0001,2025-10-12T00:00:00,85.000,85.000
4500002969,00010,0001,2026-08-16T00:00:00,84.000,84.000
4500002970,00010,0001,2024-12-18T00:00:00,150.000,0.000
4500002971,00010,0001,2025-01-29T00:00:00,185.000,185.000
4500002972,00010,0001,2025-09-24T00:00:00,127.000,127.000
4500002973,00010,0001,2026-02-25T00:00:00,141.000,141.000
4500002974,00010,0001,2026-08-12T00:00:00,139.000,0.000
4500002975,00010,0001,2024-10-16T00:00:00,16.000,16.000
4500002976,00010,0001,2025-06-01T00:00:00,17.000,17.000
4500002977,00010,0001,2026-03-24T00:00:00,17.000,17.000
4500002978,00010,0001,2024-10-05T00:00:00,117.000,117.000
4500002979,00010,0001,2025-01-11T00:00:00,114.000,114.000
4500002980,00010,0001,2025-03-27T00:00:00,118.000,61.000
4500002981,00010,0001,2025-06-15T00:00:00,119.000,119.000
4500002982,00010,0001,2025-08-24T00:00:00,118.000,81.000
4500002983,00010,0001,2025-12-13T00:00:00,126.000,126.000
4500002984,00010,0001,2026-04-14T00:00:00,155.000,155.000
4500002985,00010,0001,2026-07-01T00:00:00,115.000,115.000
4500002986,00010,0001,2025-03-25T00:00:00,23.000,0.000
4500002987,00010,0001,2025-04-18T00:00:00,26.000,26.000
4500002988,00010,0001,2026-11-17T00:00:00,22.000,0.000
4500002989,00010,0001,2026-11-23T00:00:00,22.000,0.000
4500002990,00010,0001,2024-11-22T00:00:00,104.000,104.000
4500002991,00010,0001,2025-04-18T00:00:00,104.000,104.000
4500002992,00010,0001,2025-07-13T00:00:00,104.000,68.000
4500002993,00010,0001,2025-09-05T00:00:00,104.000,51.000
4500002994,00010,0001,2025-11-15T00:00:00,104.000,0.000
4500002995,00010,0001,2025-11-14T00:00:00,104.000,104.000
4500002996,00010,0001,2026-03-26T00:00:00,104.000,104.000
4500002997,00010,0001,2026-07-27T00:00:00,104.000,104.000
4500002998,00010,0001,2025-01-24T00:00:00,4.000,4.000
4500002999,00010,0001,2026-01-16T00:00:00,4.000,4.000
4500003000,00010,0001,2024-11-17T00:00:00,6.000,6.000
4500003001,00010,0001,2025-06-19T00:00:00,4.000,3.000
4500003002,00010,0001,2025-12-14T00:00:00,5.000,5.000
4500003003,00010,0001,2026-09-25T00:00:00,7.000,0.000
4500003004,00010,0001,2026-09-19T00:00:00,3.000,0.000
4500003005,00010,0001,2026-05-21T00:00:00,1.000,1.000
4500003006,00010,0001,2025-01-17T00:00:00,8.000,8.000
4500003007,00010,0001,2026-04-14T00:00:00,8.000,8.000
4500003008,00010,0001,2026-07-11T00:00:00,1.000,1.000
4500003009,00010,0001,2026-01-25T00:00:00,1.000,1.000
4500003010,00010,0001,2024-11-07T00:00:00,67.000,67.000
4500003011,00010,0001,2025-06-06T00:00:00,73.000,73.000
4500003012,00010,0001,2025-12-09T00:00:00,73.000,73.000
4500003013,00010,0001,2026-06-14T00:00:00,73.000,73.000
4500003014,00010,0001,2025-03-20T00:00:00,1.000,1.000
4500003015,00010,0001,2025-12-19T00:00:00,1.000,1.000
4500003016,00010,0001,2024-10-27T00:00:00,179.000,179.000
4500003017,00010,0001,2025-05-10T00:00:00,173.000,173.000
4500003018,00010,0001,2025-09-26T00:00:00,161.000,0.000
4500003019,00010,0001,2025-10-28T00:00:00,186.000,186.000
4500003020,00010,0001,2026-04-07T00:00:00,164.000,164.000
4500003021,00010,0001,2026-09-19T00:00:00,187.000,0.000
4500003022,00010,0001,2024-10-23T00:00:00,174.000,0.000
4500003023,00010,0001,2024-11-20T00:00:00,190.000,190.000
4500003024,00010,0001,2025-03-19T00:00:00,162.000,162.000
4500003025,00010,0001,2025-08-08T00:00:00,146.000,146.000
4500003026,00010,0001,2026-01-20T00:00:00,152.000,152.000
4500003027,00010,0001,2026-05-06T00:00:00,147.000,147.000
4500003028,00010,0001,2026-08-16T00:00:00,141.000,141.000
4500003029,00010,0001,2024-10-15T00:00:00,48.000,32.000
4500003030,00010,0001,2024-11-24T00:00:00,37.000,18.000
4500003031,00010,0001,2024-12-22T00:00:00,61.000,61.000
4500003032,00010,0001,2025-03-20T00:00:00,42.000,32.000
4500003033,00010,0001,2025-04-15T00:00:00,72.000,48.000
4500003034,00010,0001,2025-07-18T00:00:00,52.000,52.000
4500003035,00010,0001,2025-09-18T00:00:00,60.000,60.000
4500003036,00010,0001,2025-12-03T00:00:00,51.000,51.000
4500003037,00010,0001,2026-03-23T00:00:00,67.000,67.000
4500003038,00010,0001,2026-05-28T00:00:00,64.000,64.000
4500003039,00010,0001,2026-07-20T00:00:00,46.000,0.000
4500003040,00010,0001,2026-08-18T00:00:00,78.000,0.000
4500003041,00010,0001,2026-09-12T00:00:00,86.000,0.000
4500003042,00010,0001,2024-12-29T00:00:00,42.000,0.000
4500003043,00010,0001,2025-01-10T00:00:00,46.000,46.000
4500003044,00010,0001,2025-12-30T00:00:00,39.000,39.000
4500003045,00010,0001,2025-03-18T00:00:00,9.000,0.000
4500003046,00010,0001,2025-04-12T00:00:00,9.000,9.000
4500003047,00010,0001,2025-10-30T00:00:00,11.000,5.000
4500003048,00010,0001,2026-02-14T00:00:00,14.000,14.000
4500003049,00010,0001,2025-03-31T00:00:00,10.000,10.000
4500003050,00010,0001,2025-10-26T00:00:00,8.000,8.000
4500003051,00010,0001,2026-04-20T00:00:00,16.000,16.000
4500003052,00010,0001,2025-04-15T00:00:00,9.000,0.000
4500003053,00010,0001,2025-04-23T00:00:00,11.000,11.000
4500003054,00010,0001,2026-01-18T00:00:00,7.000,7.000
4500003055,00010,0001,2026-09-28T00:00:00,8.000,0.000
4500003056,00010,0001,2024-11-17T00:00:00,5.000,5.000
4500003057,00010,0001,2025-05-13T00:00:00,5.000,5.000
4500003058,00010,0001,2025-07-02T00:00:00,9.000,9.000
4500003059,00010,0001,2026-05-10T00:00:00,4.000,0.000
4500003060,00010,0001,2026-06-20T00:00:00,4.000,0.000
4500003061,00010,0001,2026-07-22T00:00:00,5.000,0.000
4500003062,00010,0001,2026-08-10T00:00:00,7.000,7.000
4500003063,00010,0001,2024-11-08T00:00:00,4.000,4.000
4500003064,00010,0001,2025-11-12T00:00:00,4.000,4.000
4500003065,00010,0001,2026-03-25T00:00:00,4.000,3.000
4500003066,00010,0001,2026-08-07T00:00:00,5.000,5.000
4500003067,00010,0001,2025-02-16T00:00:00,9.000,9.000
4500003068,00010,0001,2025-05-28T00:00:00,10.000,10.000
4500003069,00010,0001,2026-02-26T00:00:00,7.000,5.000
4500003070,00010,0001,2026-04-28T00:00:00,13.000,0.000
4500003071,00010,0001,2026-05-23T00:00:00,10.000,10.000
4500003072,00010,0001,2026-10-15T00:00:00,5.000,0.000
4500003073,00010,0001,2026-05-17T00:00:00,2.000,2.000
4500003074,00010,0001,2024-11-04T00:00:00,13.000,0.000
4500003075,00010,0001,2024-11-08T00:00:00,15.000,15.000
4500003076,00010,0001,2025-04-14T00:00:00,9.000,0.000
4500003077,00010,0001,2025-05-30T00:00:00,9.000,9.000
4500003078,00010,0001,2026-02-25T00:00:00,13.000,13.000
4500003079,00010,0001,2026-08-26T00:00:00,10.000,0.000
4500003080,00010,0001,2026-10-07T00:00:00,14.000,0.000
4500003081,00010,0001,2025-08-25T00:00:00,9.000,9.000
4500003082,00010,0001,2026-07-01T00:00:00,8.000,0.000
4500003083,00010,0001,2026-08-18T00:00:00,8.000,4.000
4500003084,00010,0001,2027-02-01T00:00:00,10.000,0.000
4500003085,00010,0001,2025-01-09T00:00:00,24.000,24.000
4500003086,00010,0001,2025-03-26T00:00:00,26.000,26.000
4500003087,00010,0001,2025-08-08T00:00:00,26.000,26.000
4500003088,00010,0001,2025-11-04T00:00:00,26.000,26.000
4500003089,00010,0001,2025-12-21T00:00:00,26.000,26.000
4500003090,00010,0001,2026-04-01T00:00:00,26.000,26.000
4500003091,00010,0001,2026-06-25T00:00:00,23.000,14.000
4500003092,00010,0001,2026-09-16T00:00:00,26.000,0.000
4500003093,00010,0001,2024-12-14T00:00:00,66.000,66.000
4500003094,00010,0001,2025-06-08T00:00:00,66.000,66.000
4500003095,00010,0001,2025-12-09T00:00:00,65.000,65.000
4500003096,00010,0001,2026-05-15T00:00:00,75.000,0.000
4500003097,00010,0001,2026-06-26T00:00:00,84.000,84.000
4500003098,00010,0001,2024-10-26T00:00:00,168.000,168.000
4500003099,00010,0001,2025-03-28T00:00:00,148.000,148.000
4500003100,00010,0001,2025-10-01T00:00:00,168.000,168.000
4500003101,00010,0001,2026-03-19T00:00:00,164.000,164.000
4500003102,00010,0001,2026-10-07T00:00:00,154.000,0.000
4500003103,00010,0001,2024-10-26T00:00:00,4.000,0.000
4500003104,00010,0001,2024-11-27T00:00:00,8.000,4.000
4500003105,00010,0001,2024-12-18T00:00:00,8.000,8.000
4500003106,00010,0001,2025-09-10T00:00:00,6.000,6.000
4500003107,00010,0001,2026-09-18T00:00:00,6.000,0.000
4500003108,00010,0001,2025-06-02T00:00:00,6.000,6.000
4500003109,00010,0001,2026-07-25T00:00:00,6.000,6.000
4500003110,00010,0001,2024-11-20T00:00:00,85.000,85.000
4500003111,00010,0001,2025-03-28T00:00:00,68.000,68.000
4500003112,00010,0001,2025-07-23T00:00:00,78.000,0.000
4500003113,00010,0001,2025-09-03T00:00:00,92.000,0.000
4500003114,00010,0001,2025-09-29T00:00:00,103.000,103.000
4500003115,00010,0001,2026-03-07T00:00:00,82.000,0.000
4500003116,00010,0001,2026-04-14T00:00:00,101.000,101.000
4500003117,00010,0001,2026-09-23T00:00:00,84.000,0.000
4500003118,00010,0001,2024-11-24T00:00:00,121.000,94.000
4500003119,00010,0001,2025-03-27T00:00:00,126.000,0.000
4500003120,00010,0001,2025-04-18T00:00:00,154.000,154.000
4500003121,00010,0001,2025-09-25T00:00:00,122.000,122.000
4500003122,00010,0001,2026-02-19T00:00:00,132.000,0.000
4500003123,00010,0001,2026-04-04T00:00:00,161.000,161.000
4500003124,00010,0001,2026-08-29T00:00:00,109.000,109.000
4500003125,00010,0001,2025-04-11T00:00:00,4.000,4.000
4500003126,00010,0001,2025-12-25T00:00:00,3.000,3.000
4500003127,00010,0001,2026-08-15T00:00:00,3.000,3.000
4500003128,00010,0001,2026-11-10T00:00:00,6.000,0.000
4500003129,00010,0001,2025-06-07T00:00:00,5.000,5.000
4500003130,00010,0001,2025-03-23T00:00:00,16.000,11.000
4500003131,00010,0001,2025-10-22T00:00:00,14.000,14.000
4500003132,00010,0001,2026-07-29T00:00:00,15.000,0.000
4500003133,00010,0001,2026-09-05T00:00:00,15.000,0.000
4500003134,00010,0001,2026-09-08T00:00:00,18.000,0.000
4500003135,00010,0001,2026-10-25T00:00:00,21.000,0.000
4500003136,00010,0001,2024-11-06T00:00:00,108.000,108.000
4500003137,00010,0001,2025-03-15T00:00:00,120.000,120.000
4500003138,00010,0001,2025-08-09T00:00:00,115.000,115.000
4500003139,00010,0001,2026-01-29T00:00:00,99.000,49.000
4500003140,00010,0001,2026-04-17T00:00:00,114.000,0.000
4500003141,00010,0001,2026-05-15T00:00:00,130.000,0.000
4500003142,00010,0001,2026-06-16T00:00:00,143.000,143.000
4500003143,00010,0001,2024-11-07T00:00:00,7.000,7.000
4500003144,00010,0001,2025-08-14T00:00:00,10.000,10.000
4500003145,00010,0001,2025-11-13T00:00:00,8.000,4.000
4500003146,00010,0001,2025-12-10T00:00:00,15.000,0.000
4500003147,00010,0001,2025-12-28T00:00:00,19.000,19.000
4500003148,00010,0001,2026-03-22T00:00:00,8.000,8.000
4500003149,00010,0001,2024-12-04T00:00:00,12.000,12.000
4500003150,00010,0001,2025-08-30T00:00:00,11.000,0.000
4500003151,00010,0001,2025-10-01T00:00:00,11.000,11.000
4500003152,00010,0001,2026-02-17T00:00:00,13.000,6.000
4500003153,00010,0001,2026-03-31T00:00:00,18.000,18.000
4500003154,00010,0001,2025-01-23T00:00:00,1.000,0.000
4500003155,00010,0001,2025-02-13T00:00:00,1.000,1.000
4500003156,00010,0001,2025-06-13T00:00:00,1.000,1.000
4500003157,00010,0001,2026-02-27T00:00:00,1.000,1.000
4500003158,00010,0001,2025-02-13T00:00:00,8.000,8.000
4500003159,00010,0001,2025-09-20T00:00:00,8.000,8.000
4500003160,00010,0001,2026-03-05T00:00:00,16.000,16.000
4500003161,00010,0001,2025-02-25T00:00:00,4.000,4.000
4500003162,00010,0001,2025-11-24T00:00:00,3.000,3.000
4500003163,00010,0001,2026-05-28T00:00:00,3.000,3.000
4500003164,00010,0001,2024-12-06T00:00:00,6.000,6.000
4500003165,00010,0001,2025-12-30T00:00:00,6.000,6.000
4500003166,00010,0001,2025-01-06T00:00:00,102.000,102.000
4500003167,00010,0001,2025-04-11T00:00:00,113.000,113.000
4500003168,00010,0001,2025-06-20T00:00:00,121.000,0.000
4500003169,00010,0001,2025-07-19T00:00:00,121.000,121.000
4500003170,00010,0001,2025-10-19T00:00:00,111.000,111.000
4500003171,00010,0001,2026-02-13T00:00:00,112.000,112.000
4500003172,00010,0001,2026-06-15T00:00:00,121.000,121.000
4500003173,00010,0001,2025-03-20T00:00:00,3.000,3.000
4500003174,00010,0001,2025-11-22T00:00:00,2.000,0.000
4500003175,00010,0001,2025-12-23T00:00:00,2.000,2.000
4500003176,00010,0001,2026-05-14T00:00:00,4.000,4.000
4500003177,00010,0001,2025-03-24T00:00:00,3.000,3.000
4500003178,00010,0001,2025-10-06T00:00:00,2.000,1.000
4500003179,00010,0001,2026-03-02T00:00:00,2.000,0.000
4500003180,00010,0001,2026-04-15T00:00:00,3.000,3.000
4500003181,00010,0001,2025-02-04T00:00:00,157.000,0.000
4500003182,00010,0001,2025-03-13T00:00:00,182.000,182.000
4500003183,00010,0001,2025-08-03T00:00:00,155.000,155.000
4500003184,00010,0001,2025-12-20T00:00:00,138.000,0.000
4500003185,00010,0001,2026-01-29T00:00:00,164.000,164.000
4500003186,00010,0001,2026-07-25T00:00:00,151.000,0.000
4500003187,00010,0001,2026-08-29T00:00:00,187.000,187.000
4500003188,00010,0001,2025-01-23T00:00:00,72.000,0.000
4500003189,00010,0001,2025-03-03T00:00:00,86.000,86.000
4500003190,00010,0001,2025-09-03T00:00:00,63.000,63.000
4500003191,00010,0001,2025-12-22T00:00:00,133.000,133.000
4500003192,00010,0001,2026-09-12T00:00:00,61.000,0.000
4500003193,00010,0001,2027-01-01T00:00:00,121.000,0.000
4500003194,00010,0001,2026-06-06T00:00:00,1.000,1.000
4500003195,00010,0001,2026-08-16T00:00:00,1.000,1.000
4500003196,00010,0001,2024-11-09T00:00:00,7.000,7.000
4500003197,00010,0001,2025-01-07T00:00:00,3.000,3.000
4500003198,00010,0001,2025-02-28T00:00:00,6.000,0.000
4500003199,00010,0001,2025-04-15T00:00:00,6.000,6.000
4500003200,00010,0001,2025-08-28T00:00:00,3.000,3.000
4500003201,00010,0001,2026-06-17T00:00:00,3.000,3.000
4500003202,00010,0001,2024-12-13T00:00:00,8.000,0.000
4500003203,00010,0001,2025-01-08T00:00:00,11.000,11.000
4500003204,00010,0001,2025-11-14T00:00:00,8.000,0.000
4500003205,00010,0001,2025-12-04T00:00:00,8.000,8.000
4500003206,00010,0001,2026-04-19T00:00:00,6.000,6.000
4500003207,00010,0001,2026-10-21T00:00:00,7.000,0.000
4500003208,00010,0001,2026-11-02T00:00:00,10.000,0.000
4500003209,00010,0001,2025-03-24T00:00:00,3.000,3.000
4500003210,00010,0001,2025-08-03T00:00:00,6.000,6.000
4500003211,00010,0001,2026-10-27T00:00:00,3.000,0.000
4500003212,00010,0001,2025-03-01T00:00:00,16.000,16.000
4500003213,00010,0001,2026-09-11T00:00:00,15.000,0.000
4500003214,00010,0001,2026-03-14T00:00:00,2.000,1.000
4500003215,00010,0001,2026-06-01T00:00:00,2.000,2.000
4500003216,00010,0001,2026-01-20T00:00:00,4.000,4.000
4500003217,00010,0001,2024-10-24T00:00:00,2.000,2.000
4500003218,00010,0001,2025-01-15T00:00:00,2.000,2.000
4500003219,00010,0001,2025-03-24T00:00:00,2.000,0.000
4500003220,00010,0001,2025-04-16T00:00:00,2.000,2.000
4500003221,00010,0001,2025-10-01T00:00:00,2.000,0.000
4500003222,00010,0001,2025-11-13T00:00:00,3.000,3.000
4500003223,00010,0001,2026-04-15T00:00:00,2.000,2.000
4500003224,00010,0001,2025-02-05T00:00:00,3.000,3.000
4500003225,00010,0001,2025-04-01T00:00:00,3.000,3.000
4500003226,00010,0001,2025-04-30T00:00:00,6.000,6.000
4500003227,00010,0001,2025-12-08T00:00:00,4.000,4.000
4500003228,00010,0001,2026-03-06T00:00:00,3.000,0.000
4500003229,00010,0001,2026-03-18T00:00:00,6.000,6.000
4500003230,00010,0001,2026-06-09T00:00:00,3.000,3.000
4500003231,00010,0001,2026-07-21T00:00:00,6.000,0.000
4500003232,00010,0001,2026-08-23T00:00:00,6.000,0.000
4500003233,00010,0001,2025-02-19T00:00:00,6.000,6.000
4500003234,00010,0001,2025-11-22T00:00:00,4.000,4.000
4500003235,00010,0001,2026-04-29T00:00:00,4.000,0.000
4500003236,00010,0001,2026-06-14T00:00:00,4.000,4.000
4500003237,00010,0001,2026-11-02T00:00:00,5.000,0.000
4500003238,00010,0001,2026-11-27T00:00:00,7.000,0.000
4500003239,00010,0001,2024-10-18T00:00:00,217.000,0.000
4500003240,00010,0001,2024-11-23T00:00:00,270.000,270.000
4500003241,00010,0001,2025-03-23T00:00:00,203.000,0.000
4500003242,00010,0001,2025-05-01T00:00:00,246.000,0.000
4500003243,00010,0001,2025-06-06T00:00:00,277.000,277.000
4500003244,00010,0001,2025-10-20T00:00:00,202.000,125.000
4500003245,00010,0001,2026-01-30T00:00:00,205.000,205.000
4500003246,00010,0001,2026-07-03T00:00:00,218.000,218.000
4500003247,00010,0001,2024-10-28T00:00:00,10.000,10.000
4500003248,00010,0001,2025-08-04T00:00:00,9.000,9.000
4500003249,00010,0001,2026-01-06T00:00:00,8.000,6.000
4500003250,00010,0001,2026-07-05T00:00:00,9.000,9.000
4500003251,00010,0001,2024-12-23T00:00:00,2.000,0.000
4500003252,00010,0001,2025-02-13T00:00:00,2.000,2.000
4500003253,00010,0001,2025-09-27T00:00:00,2.000,1.000
4500003254,00010,0001,2026-01-31T00:00:00,3.000,0.000
4500003255,00010,0001,2026-03-17T00:00:00,3.000,2.000
4500003256,00010,0001,2026-04-27T00:00:00,3.000,3.000
4500003257,00010,0001,2026-06-17T00:00:00,3.000,3.000
4500003258,00010,0001,2026-08-09T00:00:00,3.000,3.000
4500003259,00010,0001,2025-03-10T00:00:00,3.000,0.000
4500003260,00010,0001,2025-04-17T00:00:00,3.000,3.000
4500003261,00010,0001,2025-10-12T00:00:00,3.000,3.000
4500003262,00010,0001,2026-07-14T00:00:00,3.000,3.000
4500003263,00010,0001,2024-12-16T00:00:00,1.000,1.000
4500003264,00010,0001,2025-05-21T00:00:00,1.000,1.000
4500003265,00010,0001,2025-06-18T00:00:00,1.000,1.000
4500003266,00010,0001,2026-06-10T00:00:00,1.000,0.000
4500003267,00010,0001,2026-07-07T00:00:00,1.000,1.000
4500003268,00010,0001,2025-01-15T00:00:00,1.000,1.000
4500003269,00010,0001,2025-03-26T00:00:00,1.000,1.000
4500003270,00010,0001,2025-04-14T00:00:00,1.000,1.000
4500003271,00010,0001,2025-05-01T00:00:00,1.000,1.000
4500003272,00010,0001,2025-07-23T00:00:00,1.000,1.000
4500003273,00010,0001,2026-09-26T00:00:00,1.000,0.000
4500003274,00010,0001,2024-11-21T00:00:00,10.000,10.000
4500003275,00010,0001,2025-05-13T00:00:00,10.000,10.000
4500003276,00010,0001,2026-08-26T00:00:00,9.000,0.000
4500003277,00010,0001,2024-11-28T00:00:00,84.000,84.000
4500003278,00010,0001,2025-01-22T00:00:00,62.000,62.000
4500003279,00010,0001,2025-03-07T00:00:00,126.000,126.000
4500003280,00010,0001,2025-08-13T00:00:00,103.000,103.000
4500003281,00010,0001,2025-10-09T00:00:00,163.000,163.000
4500003282,00010,0001,2026-04-15T00:00:00,61.000,61.000
4500003283,00010,0001,2026-07-16T00:00:00,82.000,0.000
4500003284,00010,0001,2026-08-07T00:00:00,113.000,0.000
4500003285,00010,0001,2024-11-14T00:00:00,20.000,20.000
4500003286,00010,0001,2025-03-21T00:00:00,18.000,0.000
4500003287,00010,0001,2025-04-28T00:00:00,18.000,18.000
4500003288,00010,0001,2025-09-24T00:00:00,17.000,0.000
4500003289,00010,0001,2025-10-30T00:00:00,23.000,23.000
4500003290,00010,0001,2026-05-06T00:00:00,14.000,0.000
4500003291,00010,0001,2026-06-09T00:00:00,14.000,14.000
4500003292,00010,0001,2026-09-14T00:00:00,15.000,0.000
4500003293,00010,0001,2024-09-30T00:00:00,6.000,3.000
4500003294,00010,0001,2024-11-16T00:00:00,4.000,2.000
4500003295,00010,0001,2025-05-09T00:00:00,4.000,4.000
4500003296,00010,0001,2025-08-17T00:00:00,4.000,0.000
4500003297,00010,0001,2025-08-26T00:00:00,6.000,6.000
4500003298,00010,0001,2025-11-12T00:00:00,4.000,4.000
4500003299,00010,0001,2026-03-27T00:00:00,6.000,6.000
4500003300,00010,0001,2025-03-09T00:00:00,5.000,5.000
4500003301,00010,0001,2025-11-03T00:00:00,4.000,0.000
4500003302,00010,0001,2025-12-05T00:00:00,4.000,4.000
4500003303,00010,0001,2026-07-14T00:00:00,4.000,4.000
4500003304,00010,0001,2025-02-15T00:00:00,8.000,0.000
4500003305,00010,0001,2025-03-04T00:00:00,8.000,8.000
4500003306,00010,0001,2025-12-18T00:00:00,6.000,6.000
4500003307,00010,0001,2026-05-17T00:00:00,12.000,12.000
4500003308,00010,0001,2025-05-15T00:00:00,7.000,4.000
4500003309,00010,0001,2026-01-18T00:00:00,6.000,6.000
4500003310,00010,0001,2026-06-20T00:00:00,6.000,0.000
4500003311,00010,0001,2026-07-14T00:00:00,7.000,0.000
4500003312,00010,0001,2026-08-29T00:00:00,7.000,0.000
4500003313,00010,0001,2026-09-30T00:00:00,7.000,0.000
4500003314,00010,0001,2024-11-07T00:00:00,3.000,0.000
4500003315,00010,0001,2024-12-29T00:00:00,7.000,7.000
4500003316,00010,0001,2025-05-30T00:00:00,5.000,5.000
4500003317,00010,0001,2025-12-20T00:00:00,3.000,3.000
4500003318,00010,0001,2026-06-01T00:00:00,3.000,3.000
4500003319,00010,0001,2026-11-02T00:00:00,7.000,0.000
4500003320,00010,0001,2024-10-16T00:00:00,6.000,6.000
4500003321,00010,0001,2025-07-04T00:00:00,6.000,6.000
4500003322,00010,0001,2025-10-30T00:00:00,7.000,7.000
4500003323,00010,0001,2026-03-21T00:00:00,7.000,5.000
4500003324,00010,0001,2026-07-06T00:00:00,7.000,7.000
4500003325,00010,0001,2025-01-29T00:00:00,2.000,2.000
4500003326,00010,0001,2025-03-16T00:00:00,4.000,0.000
4500003327,00010,0001,2025-04-27T00:00:00,4.000,4.000
4500003328,00010,0001,2026-08-10T00:00:00,2.000,2.000
4500003329,00010,0001,2025-01-29T00:00:00,4.000,4.000
4500003330,00010,0001,2026-01-22T00:00:00,4.000,0.000
4500003331,00010,0001,2026-02-05T00:00:00,4.000,4.000
4500003332,00010,0001,2025-02-11T00:00:00,13.000,0.000
4500003333,00010,0001,2025-02-20T00:00:00,13.000,0.000
4500003334,00010,0001,2025-04-02T00:00:00,14.000,14.000
4500003335,00010,0001,2026-06-06T00:00:00,14.000,14.000
4500003336,00010,0001,2024-10-31T00:00:00,18.000,12.000
4500003337,00010,0001,2025-02-12T00:00:00,16.000,16.000
4500003338,00010,0001,2025-08-17T00:00:00,18.000,18.000
4500003339,00010,0001,2024-10-10T00:00:00,4.000,0.000
4500003340,00010,0001,2024-11-15T00:00:00,4.000,0.000
4500003341,00010,0001,2024-12-27T00:00:00,4.000,4.000
4500003342,00010,0001,2025-10-28T00:00:00,4.000,4.000
4500003343,00010,0001,2026-10-01T00:00:00,4.000,0.000
4500003344,00010,0001,2024-12-02T00:00:00,30.000,0.000
4500003345,00010,0001,2024-12-30T00:00:00,51.000,0.000
4500003346,00010,0001,2025-01-26T00:00:00,54.000,0.000
4500003347,00010,0001,2025-02-16T00:00:00,54.000,54.000
4500003348,00010,0001,2025-06-01T00:00:00,31.000,31.000
4500003349,00010,0001,2025-07-13T00:00:00,24.000,24.000
4500003350,00010,0001,2025-11-07T00:00:00,36.000,36.000
4500003351,00010,0001,2025-12-24T00:00:00,36.000,36.000
4500003352,00010,0001,2026-03-14T00:00:00,25.000,25.000
4500003353,00010,0001,2026-04-19T00:00:00,54.000,0.000
4500003354,00010,0001,2026-06-01T00:00:00,43.000,43.000
4500003355,00010,0001,2026-08-14T00:00:00,26.000,26.000
4500003356,00010,0001,2026-09-25T00:00:00,54.000,0.000
4500003357,00010,0001,2024-10-21T00:00:00,121.000,90.000
4500003358,00010,0001,2025-02-02T00:00:00,129.000,129.000
4500003359,00010,0001,2025-06-21T00:00:00,132.000,0.000
4500003360,00010,0001,2025-07-25T00:00:00,156.000,156.000
4500003361,00010,0001,2026-01-06T00:00:00,124.000,124.000
4500003362,00010,0001,2026-06-30T00:00:00,138.000,0.000
4500003363,00010,0001,2026-08-06T00:00:00,177.000,105.000
4500003364,00010,0001,2025-01-30T00:00:00,3.000,3.000
4500003365,00010,0001,2025-05-01T00:00:00,6.000,6.000
4500003366,00010,0001,2026-06-18T00:00:00,3.000,3.000
4500003367,00010,0001,2026-10-21T00:00:00,6.000,0.000
4500003368,00010,0001,2024-10-30T00:00:00,7.000,7.000
4500003369,00010,0001,2025-06-03T00:00:00,9.000,9.000
4500003370,00010,0001,2025-10-09T00:00:00,6.000,0.000
4500003371,00010,0001,2025-11-05T00:00:00,6.000,0.000
4500003372,00010,0001,2026-01-01T00:00:00,6.000,6.000
4500003373,00010,0001,2024-12-07T00:00:00,4.000,4.000
4500003374,00010,0001,2025-03-07T00:00:00,5.000,3.000
4500003375,00010,0001,2025-04-15T00:00:00,4.000,4.000
4500003376,00010,0001,2025-10-07T00:00:00,5.000,0.000
4500003377,00010,0001,2025-11-22T00:00:00,5.000,2.000
4500003378,00010,0001,2026-02-04T00:00:00,4.000,0.000
4500003379,00010,0001,2026-03-24T00:00:00,5.000,0.000
4500003380,00010,0001,2026-04-01T00:00:00,5.000,5.000
4500003381,00010,0001,2026-07-28T00:00:00,4.000,4.000
4500003382,00010,0001,2024-12-06T00:00:00,189.000,0.000
4500003383,00010,0001,2025-01-09T00:00:00,207.000,207.000
4500003384,00010,0001,2025-07-25T00:00:00,188.000,188.000
4500003385,00010,0001,2026-01-10T00:00:00,191.000,0.000
4500003386,00010,0001,2026-02-20T00:00:00,207.000,207.000
4500003387,00010,0001,2026-09-07T00:00:00,194.000,194.000
4500003388,00010,0001,2026-06-09T00:00:00,2.000,1.000
4500003389,00010,0001,2026-08-19T00:00:00,3.000,0.000
4500003390,00010,0001,2026-09-07T00:00:00,2.000,0.000
4500003391,00010,0001,2026-10-14T00:00:00,2.000,0.000
4500003392,00010,0001,2026-11-26T00:00:00,2.000,0.000
4500003393,00010,0001,2024-10-24T00:00:00,6.000,6.000
4500003394,00010,0001,2025-01-05T00:00:00,5.000,5.000
4500003395,00010,0001,2025-04-05T00:00:00,4.000,0.000
4500003396,00010,0001,2025-04-24T00:00:00,4.000,4.000
4500003397,00010,0001,2025-07-05T00:00:00,3.000,3.000
4500003398,00010,0001,2025-08-14T00:00:00,8.000,8.000
4500003399,00010,0001,2026-09-21T00:00:00,7.000,0.000
4500003400,00010,0001,2024-12-19T00:00:00,10.000,10.000
4500003401,00010,0001,2025-09-21T00:00:00,8.000,0.000
4500003402,00010,0001,2025-10-29T00:00:00,10.000,0.000
4500003403,00010,0001,2025-11-13T00:00:00,10.000,10.000
4500003404,00010,0001,2026-08-08T00:00:00,10.000,10.000
4500003405,00010,0001,2024-11-18T00:00:00,7.000,7.000
4500003406,00010,0001,2025-02-27T00:00:00,8.000,0.000
4500003407,00010,0001,2025-04-06T00:00:00,8.000,8.000
4500003408,00010,0001,2025-09-15T00:00:00,11.000,11.000
4500003409,00010,0001,2026-03-21T00:00:00,8.000,4.000
4500003410,00010,0001,2026-05-23T00:00:00,15.000,0.000
4500003411,00010,0001,2026-06-25T00:00:00,11.000,11.000
4500003412,00010,0001,2026-08-20T00:00:00,19.000,19.000
4500003413,00010,0001,2024-12-18T00:00:00,3.000,3.000
4500003414,00010,0001,2025-05-25T00:00:00,3.000,3.000
4500003415,00010,0001,2025-07-27T00:00:00,3.000,3.000
4500003416,00010,0001,2025-08-15T00:00:00,3.000,3.000
4500003417,00010,0001,2026-01-23T00:00:00,3.000,3.000
4500003418,00010,0001,2026-09-17T00:00:00,3.000,0.000
4500003419,00010,0001,2025-02-10T00:00:00,5.000,5.000
4500003420,00010,0001,2025-12-09T00:00:00,5.000,5.000
4500003421,00010,0001,2027-01-02T00:00:00,5.000,0.000
4500003422,00010,0001,2024-10-28T00:00:00,5.000,5.000
4500003423,00010,0001,2025-06-30T00:00:00,5.000,0.000
4500003424,00010,0001,2025-08-16T00:00:00,5.000,5.000
4500003425,00010,0001,2025-11-23T00:00:00,5.000,5.000
4500003426,00010,0001,2026-08-12T00:00:00,6.000,6.000
4500003427,00010,0001,2025-01-24T00:00:00,299.000,0.000
4500003428,00010,0001,2025-03-08T00:00:00,330.000,330.000
4500003429,00010,0001,2026-04-16T00:00:00,312.000,312.000
4500003430,00010,0001,2025-03-05T00:00:00,10.000,0.000
4500003431,00010,0001,2025-04-08T00:00:00,10.000,10.000
4500003432,00010,0001,2025-08-08T00:00:00,22.000,22.000
4500003433,00010,0001,2026-05-14T00:00:00,11.000,11.000
4500003434,00010,0001,2026-10-02T00:00:00,23.000,0.000
4500003435,00010,0001,2025-02-10T00:00:00,313.000,0.000
4500003436,00010,0001,2025-03-08T00:00:00,357.000,357.000
4500003437,00010,0001,2025-11-07T00:00:00,278.000,278.000
4500003438,00010,0001,2026-07-15T00:00:00,309.000,221.000
4500003439,00010,0001,2026-12-25T00:00:00,294.000,0.000
4500003440,00010,0001,2024-11-06T00:00:00,6.000,3.000
4500003441,00010,0001,2025-03-15T00:00:00,5.000,5.000
4500003442,00010,0001,2025-10-24T00:00:00,5.000,0.000
4500003443,00010,0001,2025-10-26T00:00:00,6.000,6.000
4500003444,00010,0001,2026-08-04T00:00:00,5.000,0.000
4500003445,00010,0001,2026-09-07T00:00:00,5.000,0.000
4500003446,00010,0001,2026-10-04T00:00:00,6.000,0.000
4500003447,00010,0001,2024-10-18T00:00:00,24.000,18.000
4500003448,00010,0001,2025-01-11T00:00:00,21.000,21.000
4500003449,00010,0001,2025-05-07T00:00:00,27.000,27.000
4500003450,00010,0001,2025-09-25T00:00:00,26.000,0.000
4500003451,00010,0001,2025-10-29T00:00:00,29.000,29.000
4500003452,00010,0001,2026-04-17T00:00:00,24.000,24.000
4500003453,00010,0001,2026-09-26T00:00:00,26.000,0.000
4500003454,00010,0001,2024-11-19T00:00:00,64.000,64.000
4500003455,00010,0001,2025-06-05T00:00:00,64.000,64.000
4500003456,00010,0001,2026-02-04T00:00:00,67.000,0.000
4500003457,00010,0001,2026-03-01T00:00:00,74.000,74.000
4500003458,00010,0001,2026-10-07T00:00:00,70.000,0.000
4500003459,00010,0001,2024-10-11T00:00:00,227.000,227.000
4500003460,00010,0001,2025-05-29T00:00:00,246.000,246.000
4500003461,00010,0001,2025-11-19T00:00:00,262.000,262.000
4500003462,00010,0001,2026-05-19T00:00:00,236.000,0.000
4500003463,00010,0001,2026-06-29T00:00:00,269.000,269.000
4500003464,00010,0001,2024-10-16T00:00:00,137.000,137.000
4500003465,00010,0001,2025-03-27T00:00:00,158.000,158.000
4500003466,00010,0001,2025-08-26T00:00:00,151.000,151.000
4500003467,00010,0001,2026-01-04T00:00:00,143.000,143.000
4500003468,00010,0001,2026-05-26T00:00:00,150.000,150.000
4500003469,00010,0001,2024-11-08T00:00:00,2.000,0.000
4500003470,00010,0001,2024-11-23T00:00:00,2.000,2.000
4500003471,00010,0001,2025-01-09T00:00:00,2.000,2.000
4500003472,00010,0001,2025-07-16T00:00:00,2.000,1.000
4500003473,00010,0001,2025-08-10T00:00:00,4.000,0.000
4500003474,00010,0001,2025-09-16T00:00:00,4.000,4.000
4500003475,00010,0001,2025-11-01T00:00:00,2.000,2.000
4500003476,00010,0001,2026-08-30T00:00:00,3.000,3.000
4500003477,00010,0001,2024-11-10T00:00:00,16.000,16.000
4500003478,00010,0001,2025-05-12T00:00:00,12.000,0.000
4500003479,00010,0001,2025-05-18T00:00:00,12.000,0.000
4500003480,00010,0001,2025-07-20T00:00:00,14.000,14.000
4500003481,00010,0001,2026-02-04T00:00:00,12.000,12.000
4500003482,00010,0001,2026-10-02T00:00:00,12.000,0.000
4500003483,00010,0001,2025-01-13T00:00:00,4.000,3.000
4500003484,00010,0001,2025-04-14T00:00:00,8.000,0.000
4500003485,00010,0001,2025-04-26T00:00:00,8.000,8.000
4500003486,00010,0001,2026-06-17T00:00:00,4.000,3.000
4500003487,00010,0001,2026-11-04T00:00:00,4.000,0.000
4500003488,00010,0001,2026-12-15T00:00:00,4.000,0.000
4500003489,00010,0001,2025-01-06T00:00:00,10.000,10.000
4500003490,00010,0001,2025-09-19T00:00:00,10.000,0.000
4500003491,00010,0001,2025-11-01T00:00:00,10.000,10.000
4500003492,00010,0001,2026-11-16T00:00:00,10.000,0.000
4500003493,00010,0001,2024-10-18T00:00:00,7.000,7.000
4500003494,00010,0001,2025-02-16T00:00:00,8.000,8.000
4500003495,00010,0001,2025-06-01T00:00:00,9.000,7.000
4500003496,00010,0001,2025-07-10T00:00:00,5.000,0.000
4500003497,00010,0001,2025-08-25T00:00:00,5.000,5.000
4500003498,00010,0001,2026-02-24T00:00:00,6.000,0.000
4500003499,00010,0001,2026-03-07T00:00:00,6.000,6.000
4500003500,00010,0001,2026-05-15T00:00:00,7.000,7.000
4500003501,00010,0001,2026-08-29T00:00:00,8.000,8.000
4500003502,00010,0001,2024-10-15T00:00:00,3.000,3.000
4500003503,00010,0001,2024-11-25T00:00:00,3.000,3.000
4500003504,00010,0001,2025-01-24T00:00:00,3.000,3.000
4500003505,00010,0001,2025-06-14T00:00:00,4.000,0.000
4500003506,00010,0001,2025-07-15T00:00:00,4.000,0.000
4500003507,00010,0001,2025-08-24T00:00:00,5.000,0.000
4500003508,00010,0001,2025-09-26T00:00:00,5.000,5.000
4500003509,00010,0001,2026-07-17T00:00:00,5.000,0.000
4500003510,00010,0001,2026-07-31T00:00:00,5.000,5.000
4500003511,00010,0001,2024-11-12T00:00:00,60.000,60.000
4500003512,00010,0001,2025-05-13T00:00:00,68.000,68.000
4500003513,00010,0001,2025-12-24T00:00:00,58.000,58.000
4500003514,00010,0001,2026-07-03T00:00:00,58.000,0.000
4500003515,00010,0001,2026-08-17T00:00:00,65.000,0.000
4500003516,00010,0001,2026-09-08T00:00:00,70.000,70.000
4500003517,00010,0001,2024-11-10T00:00:00,78.000,78.000
4500003518,00010,0001,2025-03-17T00:00:00,70.000,70.000
4500003519,00010,0001,2025-06-12T00:00:00,70.000,70.000
4500003520,00010,0001,2025-11-21T00:00:00,67.000,67.000
4500003521,00010,0001,2026-03-11T00:00:00,64.000,37.000
4500003522,00010,0001,2026-05-17T00:00:00,69.000,69.000
4500003523,00010,0001,2026-08-19T00:00:00,60.000,60.000
4500003524,00010,0001,2025-03-09T00:00:00,7.000,0.000
4500003525,00010,0001,2025-04-19T00:00:00,7.000,7.000
4500003526,00010,0001,2026-02-02T00:00:00,9.000,9.000
4500003527,00010,0001,2026-04-25T00:00:00,5.000,5.000
4500003528,00010,0001,2024-10-21T00:00:00,3.000,3.000
4500003529,00010,0001,2025-11-12T00:00:00,3.000,0.000
4500003530,00010,0001,2025-11-21T00:00:00,3.000,3.000
4500003531,00010,0001,2025-12-16T00:00:00,3.000,3.000
4500003532,00010,0001,2026-07-19T00:00:00,3.000,3.000
4500003533,00010,0001,2024-10-13T00:00:00,2.000,2.000
4500003534,00010,0001,2024-11-01T00:00:00,3.000,3.000
4500003535,00010,0001,2025-02-27T00:00:00,2.000,2.000
4500003536,00010,0001,2025-03-07T00:00:00,4.000,4.000
4500003537,00010,0001,2025-07-09T00:00:00,3.000,3.000
4500003538,00010,0001,2025-08-26T00:00:00,3.000,3.000
4500003539,00010,0001,2026-02-01T00:00:00,2.000,2.000
4500003540,00010,0001,2025-01-14T00:00:00,5.000,5.000
4500003541,00010,0001,2025-06-26T00:00:00,4.000,0.000
4500003542,00010,0001,2025-07-11T00:00:00,4.000,4.000
4500003543,00010,0001,2026-04-27T00:00:00,4.000,4.000
4500003544,00010,0001,2025-02-20T00:00:00,81.000,81.000
4500003545,00010,0001,2025-05-16T00:00:00,147.000,0.000
4500003546,00010,0001,2025-06-21T00:00:00,164.000,164.000
4500003547,00010,0001,2026-04-11T00:00:00,80.000,37.000
4500003548,00010,0001,2026-04-25T00:00:00,96.000,96.000
4500003549,00010,0001,2026-10-02T00:00:00,160.000,0.000
4500003550,00010,0001,2025-01-14T00:00:00,6.000,4.000
4500003551,00010,0001,2025-01-23T00:00:00,11.000,0.000
4500003552,00010,0001,2025-03-02T00:00:00,14.000,14.000
4500003553,00010,0001,2025-09-04T00:00:00,7.000,7.000
4500003554,00010,0001,2026-06-18T00:00:00,9.000,0.000
4500003555,00010,0001,2026-06-24T00:00:00,9.000,9.000
4500003556,00010,0001,2024-12-30T00:00:00,10.000,10.000
4500003557,00010,0001,2025-10-02T00:00:00,12.000,12.000
4500003558,00010,0001,2026-08-05T00:00:00,16.000,16.000
4500003559,00010,0001,2026-10-16T00:00:00,28.000,0.000
4500003560,00010,0001,2024-12-12T00:00:00,11.000,11.000
4500003561,00010,0001,2025-06-07T00:00:00,11.000,11.000
4500003562,00010,0001,2025-10-15T00:00:00,11.000,11.000
4500003563,00010,0001,2026-06-21T00:00:00,14.000,0.000
4500003564,00010,0001,2026-08-15T00:00:00,14.000,14.000
4500003565,00010,0001,2024-12-29T00:00:00,169.000,169.000
4500003566,00010,0001,2025-12-18T00:00:00,161.000,161.000
4500003567,00010,0001,2026-11-06T00:00:00,155.000,0.000
4500003568,00010,0001,2026-12-15T00:00:00,166.000,0.000
4500003569,00010,0001,2024-11-17T00:00:00,84.000,0.000
4500003570,00010,0001,2024-12-24T00:00:00,115.000,115.000
4500003571,00010,0001,2025-02-26T00:00:00,52.000,52.000
4500003572,00010,0001,2025-04-29T00:00:00,63.000,63.000
4500003573,00010,0001,2025-07-24T00:00:00,60.000,60.000
4500003574,00010,0001,2025-10-08T00:00:00,52.000,41.000
4500003575,00010,0001,2025-11-26T00:00:00,97.000,97.000
4500003576,00010,0001,2026-04-03T00:00:00,67.000,0.000
4500003577,00010,0001,2026-04-27T00:00:00,101.000,101.000
4500003578,00010,0001,2026-07-28T00:00:00,63.000,63.000
4500003579,00010,0001,2026-10-20T00:00:00,63.000,0.000
4500003580,00010,0001,2024-12-24T00:00:00,204.000,204.000
4500003581,00010,0001,2025-09-26T00:00:00,185.000,185.000
4500003582,00010,0001,2026-07-30T00:00:00,199.000,199.000
4500003583,00010,0001,2024-12-06T00:00:00,14.000,14.000
4500003584,00010,0001,2025-12-21T00:00:00,11.000,0.000
4500003585,00010,0001,2026-01-20T00:00:00,15.000,15.000
4500003586,00010,0001,2024-12-30T00:00:00,24.000,24.000
4500003587,00010,0001,2025-12-24T00:00:00,23.000,23.000
4500003588,00010,0001,2026-06-05T00:00:00,18.000,18.000
4500003589,00010,0001,2024-12-16T00:00:00,5.000,5.000
4500003590,00010,0001,2025-06-20T00:00:00,4.000,4.000
4500003591,00010,0001,2026-01-17T00:00:00,5.000,5.000
4500003592,00010,0001,2026-06-02T00:00:00,3.000,3.000
4500003593,00010,0001,2026-06-23T00:00:00,6.000,3.000
4500003594,00010,0001,2024-10-23T00:00:00,6.000,0.000
4500003595,00010,0001,2024-11-20T00:00:00,6.000,6.000
4500003596,00010,0001,2025-04-22T00:00:00,7.000,7.000
4500003597,00010,0001,2026-04-09T00:00:00,6.000,6.000
4500003598,00010,0001,2026-09-08T00:00:00,8.000,8.000
4500003599,00010,0001,2024-09-26T00:00:00,10.000,10.000
4500003600,00010,0001,2025-06-23T00:00:00,8.000,0.000
4500003601,00010,0001,2025-08-14T00:00:00,8.000,8.000
4500003602,00010,0001,2026-04-13T00:00:00,8.000,0.000
4500003603,00010,0001,2026-04-24T00:00:00,8.000,8.000
4500003604,00010,0001,2024-12-11T00:00:00,114.000,114.000
4500003605,00010,0001,2025-04-10T00:00:00,88.000,88.000
4500003606,00010,0001,2025-09-11T00:00:00,96.000,96.000
4500003607,00010,0001,2026-03-01T00:00:00,105.000,54.000
4500003608,00010,0001,2026-04-16T00:00:00,144.000,144.000
4500003609,00010,0001,2024-11-25T00:00:00,22.000,0.000
4500003610,00010,0001,2025-01-17T00:00:00,32.000,0.000
4500003611,00010,0001,2025-02-16T00:00:00,41.000,41.000
4500003612,00010,0001,2025-07-06T00:00:00,16.000,16.000
4500003613,00010,0001,2025-09-20T00:00:00,36.000,36.000
4500003614,00010,0001,2026-02-20T00:00:00,21.000,0.000
4500003615,00010,0001,2026-03-07T00:00:00,31.000,31.000
4500003616,00010,0001,2026-06-21T00:00:00,18.000,0.000
4500003617,00010,0001,2026-07-10T00:00:00,26.000,0.000
4500003618,00010,0001,2026-08-20T00:00:00,38.000,38.000
4500003619,00010,0001,2025-11-02T00:00:00,1.000,1.000
4500003620,00010,0001,2026-08-25T00:00:00,1.000,1.000
4500003621,00010,0001,2026-10-03T00:00:00,2.000,0.000
4500003622,00010,0001,2026-09-25T00:00:00,2.000,0.000
4500003623,00010,0001,2024-11-11T00:00:00,7.000,0.000
4500003624,00010,0001,2025-01-03T00:00:00,7.000,7.000
4500003625,00010,0001,2025-07-15T00:00:00,7.000,5.000
4500003626,00010,0001,2025-12-07T00:00:00,5.000,5.000
4500003627,00010,0001,2026-07-04T00:00:00,7.000,7.000
4500003628,00010,0001,2026-10-18T00:00:00,5.000,0.000
4500003629,00010,0001,2024-10-14T00:00:00,2.000,0.000
4500003630,00010,0001,2024-11-26T00:00:00,3.000,3.000
4500003631,00010,0001,2024-12-07T00:00:00,5.000,3.000
4500003632,00010,0001,2025-02-16T00:00:00,5.000,0.000
4500003633,00010,0001,2025-03-29T00:00:00,5.000,3.000
4500003634,00010,0001,2025-04-12T00:00:00,5.000,5.000
4500003635,00010,0001,2026-09-08T00:00:00,2.000,0.000
4500003636,00010,0001,2025-02-15T00:00:00,10.000,8.000
4500003637,00010,0001,2026-09-17T00:00:00,8.000,0.000
4500003638,00010,0001,2025-07-04T00:00:00,10.000,10.000
4500003639,00010,0001,2026-04-22T00:00:00,10.000,0.000
4500003640,00010,0001,2026-05-09T00:00:00,10.000,10.000
4500003641,00010,0001,2025-04-08T00:00:00,8.000,6.000
4500003642,00010,0001,2025-11-02T00:00:00,8.000,8.000
4500003643,00010,0001,2026-05-23T00:00:00,8.000,8.000
4500003644,00010,0001,2024-10-24T00:00:00,2.000,2.000
4500003645,00010,0001,2025-02-25T00:00:00,3.000,0.000
4500003646,00010,0001,2025-03-05T00:00:00,3.000,3.000
4500003647,00010,0001,2026-01-04T00:00:00,2.000,2.000
4500003648,00010,0001,2026-02-21T00:00:00,2.000,2.000
4500003649,00010,0001,2026-07-07T00:00:00,3.000,3.000
4500003650,00010,0001,2026-10-02T00:00:00,2.000,0.000
4500003651,00010,0001,2024-12-13T00:00:00,3.000,3.000
4500003652,00010,0001,2025-07-14T00:00:00,3.000,0.000
4500003653,00010,0001,2025-07-26T00:00:00,3.000,3.000
4500003654,00010,0001,2026-06-21T00:00:00,4.000,0.000
4500003655,00010,0001,2026-07-20T00:00:00,4.000,4.000
4500003656,00010,0001,2024-11-22T00:00:00,4.000,4.000
4500003657,00010,0001,2025-08-17T00:00:00,4.000,3.000
4500003658,00010,0001,2026-03-06T00:00:00,4.000,4.000
4500003659,00010,0001,2024-11-13T00:00:00,5.000,5.000
4500003660,00010,0001,2025-03-16T00:00:00,8.000,3.000
4500003661,00010,0001,2025-04-03T00:00:00,8.000,8.000
4500003662,00010,0001,2025-09-08T00:00:00,7.000,7.000
4500003663,00010,0001,2026-03-22T00:00:00,6.000,6.000
4500003664,00010,0001,2025-02-07T00:00:00,11.000,11.000
4500003665,00010,0001,2025-10-20T00:00:00,13.000,13.000
4500003666,00010,0001,2026-08-17T00:00:00,11.000,11.000
4500003667,00010,0001,2025-02-20T00:00:00,6.000,6.000
4500003668,00010,0001,2025-11-19T00:00:00,7.000,3.000
4500003669,00010,0001,2026-08-21T00:00:00,6.000,6.000
4500003670,00010,0001,2024-12-05T00:00:00,4.000,4.000
4500003671,00010,0001,2025-01-31T00:00:00,4.000,4.000
4500003672,00010,0001,2025-09-28T00:00:00,5.000,5.000
4500003673,00010,0001,2025-12-12T00:00:00,4.000,4.000
4500003674,00010,0001,2026-07-29T00:00:00,4.000,4.000
4500003675,00010,0001,2025-02-25T00:00:00,13.000,0.000
4500003676,00010,0001,2025-03-28T00:00:00,13.000,13.000
4500003677,00010,0001,2026-01-24T00:00:00,13.000,13.000
4500003678,00010,0001,2026-10-19T00:00:00,13.000,0.000
4500003679,00010,0001,2025-05-21T00:00:00,4.000,4.000
4500003680,00010,0001,2026-02-23T00:00:00,4.000,4.000
4500003681,00010,0001,2025-01-20T00:00:00,5.000,0.000
4500003682,00010,0001,2025-01-24T00:00:00,5.000,3.000
4500003683,00010,0001,2025-04-09T00:00:00,4.000,0.000
4500003684,00010,0001,2025-05-16T00:00:00,5.000,5.000
4500003685,00010,0001,2025-07-20T00:00:00,6.000,0.000
4500003686,00010,0001,2025-08-18T00:00:00,6.000,0.000
4500003687,00010,0001,2025-08-24T00:00:00,8.000,4.000
4500003688,00010,0001,2025-10-12T00:00:00,9.000,9.000
4500003689,00010,0001,2026-05-05T00:00:00,6.000,6.000
4500003690,00010,0001,2026-07-16T00:00:00,4.000,0.000
4500003691,00010,0001,2026-08-05T00:00:00,4.000,0.000
4500003692,00010,0001,2026-09-14T00:00:00,6.000,0.000
4500003693,00010,0001,2024-11-11T00:00:00,8.000,0.000
4500003694,00010,0001,2024-12-14T00:00:00,10.000,10.000
4500003695,00010,0001,2025-08-05T00:00:00,6.000,0.000
4500003696,00010,0001,2025-09-06T00:00:00,6.000,6.000
4500003697,00010,0001,2026-03-02T00:00:00,7.000,7.000
4500003698,00010,0001,2026-07-26T00:00:00,6.000,6.000
4500003699,00010,0001,2026-10-07T00:00:00,6.000,0.000
4500003700,00010,0001,2026-10-14T00:00:00,7.000,0.000
4500003701,00010,0001,2024-11-17T00:00:00,18.000,18.000
4500003702,00010,0001,2025-03-25T00:00:00,16.000,16.000
4500003703,00010,0001,2026-02-12T00:00:00,17.000,17.000
4500003704,00010,0001,2026-09-05T00:00:00,17.000,17.000
4500003705,00010,0001,2024-11-18T00:00:00,8.000,8.000
4500003706,00010,0001,2025-07-08T00:00:00,8.000,0.000
4500003707,00010,0001,2025-08-17T00:00:00,8.000,8.000
4500003708,00010,0001,2026-04-16T00:00:00,11.000,11.000
4500003709,00010,0001,2024-11-05T00:00:00,3.000,3.000
4500003710,00010,0001,2025-08-22T00:00:00,2.000,2.000
4500003711,00010,0001,2025-11-01T00:00:00,2.000,2.000
4500003712,00010,0001,2024-11-17T00:00:00,4.000,4.000
4500003713,00010,0001,2024-12-08T00:00:00,7.000,7.000
4500003714,00010,0001,2026-05-10T00:00:00,5.000,5.000
4500003715,00010,0001,2026-07-11T00:00:00,8.000,8.000
4500003716,00010,0001,2024-11-06T00:00:00,15.000,15.000
4500003717,00010,0001,2025-08-03T00:00:00,12.000,0.000
4500003718,00010,0001,2025-08-23T00:00:00,17.000,17.000
4500003719,00010,0001,2025-12-22T00:00:00,11.000,11.000
4500003720,00010,0001,2026-03-12T00:00:00,13.000,0.000
4500003721,00010,0001,2026-05-01T00:00:00,13.000,7.000
4500003722,00010,0001,2026-05-28T00:00:00,18.000,18.000
4500003723,00010,0001,2025-03-10T00:00:00,8.000,8.000
4500003724,00010,0001,2026-02-12T00:00:00,8.000,8.000
4500003725,00010,0001,2026-12-09T00:00:00,8.000,0.000
4500003726,00010,0001,2025-04-20T00:00:00,16.000,0.000
4500003727,00010,0001,2025-06-08T00:00:00,18.000,18.000
4500003728,00010,0001,2027-01-01T00:00:00,15.000,0.000
4500003729,00010,0001,2025-02-08T00:00:00,16.000,16.000
4500003730,00010,0001,2025-10-04T00:00:00,15.000,15.000
4500003731,00010,0001,2026-01-22T00:00:00,14.000,14.000
4500003732,00010,0001,2026-06-21T00:00:00,9.000,6.000
4500003733,00010,0001,2026-03-20T00:00:00,6.000,6.000
4500003734,00010,0001,2026-08-03T00:00:00,6.000,6.000
4500003735,00010,0001,2026-02-08T00:00:00,2.000,0.000
4500003736,00010,0001,2026-03-25T00:00:00,2.000,2.000
4500003737,00010,0001,2025-01-14T00:00:00,190.000,0.000
4500003738,00010,0001,2025-02-28T00:00:00,205.000,205.000
4500003739,00010,0001,2026-01-24T00:00:00,170.000,170.000
4500003740,00010,0001,2026-11-02T00:00:00,167.000,0.000
4500003741,00010,0001,2024-11-04T00:00:00,15.000,15.000
4500003742,00010,0001,2025-09-15T00:00:00,15.000,15.000
4500003743,00010,0001,2026-05-17T00:00:00,15.000,0.000
4500003744,00010,0001,2026-05-29T00:00:00,15.000,15.000
4500003745,00010,0001,2024-11-05T00:00:00,28.000,28.000
4500003746,00010,0001,2025-01-17T00:00:00,28.000,28.000
4500003747,00010,0001,2025-03-25T00:00:00,33.000,33.000
4500003748,00010,0001,2025-05-23T00:00:00,29.000,29.000
4500003749,00010,0001,2025-07-22T00:00:00,31.000,0.000
4500003750,00010,0001,2025-09-09T00:00:00,42.000,0.000
4500003751,00010,0001,2025-09-22T00:00:00,56.000,56.000
4500003752,00010,0001,2026-01-21T00:00:00,29.000,29.000
4500003753,00010,0001,2026-03-07T00:00:00,30.000,30.000
4500003754,00010,0001,2026-06-09T00:00:00,28.000,0.000
4500003755,00010,0001,2026-07-09T00:00:00,43.000,43.000
4500003756,00010,0001,2026-08-29T00:00:00,28.000,28.000
4500003757,00010,0001,2026-05-05T00:00:00,2.000,2.000
4500003758,00010,0001,2026-06-14T00:00:00,4.000,4.000
4500003759,00010,0001,2024-12-22T00:00:00,13.000,8.000
4500003760,00010,0001,2025-06-29T00:00:00,17.000,12.000
4500003761,00010,0001,2025-08-27T00:00:00,25.000,15.000
4500003762,00010,0001,2026-07-03T00:00:00,18.000,18.000
4500003763,00010,0001,2024-12-27T00:00:00,10.000,0.000
4500003764,00010,0001,2025-02-07T00:00:00,12.000,8.000
4500003765,00010,0001,2025-02-12T00:00:00,15.000,0.000
4500003766,00010,0001,2025-03-15T00:00:00,15.000,12.000
4500003767,00010,0001,2026-07-04T00:00:00,7.000,0.000
4500003768,00010,0001,2026-07-19T00:00:00,7.000,0.000
4500003769,00010,0001,2026-08-29T00:00:00,10.000,0.000
4500003770,00010,0001,2026-09-15T00:00:00,10.000,0.000
4500003771,00010,0001,2025-03-04T00:00:00,6.000,6.000
4500003772,00010,0001,2025-11-05T00:00:00,6.000,3.000
4500003773,00010,0001,2025-11-25T00:00:00,8.000,0.000
4500003774,00010,0001,2025-12-27T00:00:00,10.000,10.000
4500003775,00010,0001,2026-08-04T00:00:00,5.000,0.000
4500003776,00010,0001,2026-08-11T00:00:00,7.000,0.000
4500003777,00010,0001,2026-09-28T00:00:00,7.000,0.000
4500003778,00010,0001,2025-03-27T00:00:00,12.000,12.000
4500003779,00010,0001,2026-01-21T00:00:00,10.000,10.000
4500003780,00010,0001,2026-07-08T00:00:00,11.000,11.000
4500003781,00010,0001,2026-10-14T00:00:00,22.000,0.000
4500003782,00010,0001,2025-01-29T00:00:00,18.000,18.000
4500003783,00010,0001,2025-09-06T00:00:00,16.000,16.000
4500003784,00010,0001,2026-04-25T00:00:00,19.000,19.000
4500003785,00010,0001,2026-10-01T00:00:00,14.000,0.000
4500003786,00010,0001,2026-10-15T00:00:00,18.000,0.000
4500003787,00010,0001,2024-11-02T00:00:00,5.000,0.000
4500003788,00010,0001,2024-12-20T00:00:00,7.000,0.000
4500003789,00010,0001,2025-01-29T00:00:00,7.000,7.000
4500003790,00010,0001,2025-06-08T00:00:00,5.000,0.000
4500003791,00010,0001,2025-07-17T00:00:00,5.000,0.000
4500003792,00010,0001,2025-08-27T00:00:00,5.000,5.000
4500003793,00010,0001,2025-12-03T00:00:00,5.000,5.000
4500003794,00010,0001,2025-02-01T00:00:00,7.000,0.000
4500003795,00010,0001,2025-02-21T00:00:00,7.000,0.000
4500003796,00010,0001,2025-04-03T00:00:00,7.000,7.000
4500003797,00010,0001,2026-01-04T00:00:00,8.000,0.000
4500003798,00010,0001,2026-01-31T00:00:00,8.000,8.000
4500003799,00010,0001,2026-04-11T00:00:00,8.000,8.000
4500003800,00010,0001,2026-08-01T00:00:00,7.000,7.000
4500003801,00010,0001,2024-11-06T00:00:00,4.000,4.000
4500003802,00010,0001,2025-04-07T00:00:00,4.000,4.000
4500003803,00010,0001,2025-11-13T00:00:00,3.000,3.000
4500003804,00010,0001,2026-04-23T00:00:00,3.000,3.000
4500003805,00010,0001,2024-09-25T00:00:00,9.000,0.000
4500003806,00010,0001,2024-11-07T00:00:00,9.000,9.000
4500003807,00010,0001,2025-03-17T00:00:00,9.000,4.000
4500003808,00010,0001,2025-04-26T00:00:00,9.000,9.000
4500003809,00010,0001,2025-12-12T00:00:00,9.000,9.000
4500003810,00010,0001,2026-05-12T00:00:00,8.000,0.000
4500003811,00010,0001,2026-06-01T00:00:00,8.000,8.000
4500003812,00010,0001,2024-11-28T00:00:00,5.000,5.000
4500003813,00010,0001,2025-05-21T00:00:00,8.000,8.000
4500003814,00010,0001,2025-12-21T00:00:00,5.000,0.000
4500003815,00010,0001,2026-01-30T00:00:00,7.000,0.000
4500003816,00010,0001,2026-02-27T00:00:00,7.000,7.000
4500003817,00010,0001,2026-08-10T00:00:00,6.000,6.000
4500003818,00010,0001,2025-03-10T00:00:00,1.000,1.000
4500003819,00010,0001,2025-08-28T00:00:00,1.000,1.000
4500003820,00010,0001,2025-12-03T00:00:00,1.000,1.000
4500003821,00010,0001,2026-01-24T00:00:00,1.000,1.000
4500003822,00010,0001,2026-09-21T00:00:00,1.000,0.000
4500003823,00010,0001,2024-11-23T00:00:00,9.000,9.000
4500003824,00010,0001,2025-08-11T00:00:00,6.000,3.000
4500003825,00010,0001,2025-09-13T00:00:00,10.000,10.000
4500003826,00010,0001,2025-01-23T00:00:00,77.000,77.000
4500003827,00010,0001,2025-04-16T00:00:00,135.000,135.000
4500003828,00010,0001,2025-12-08T00:00:00,68.000,68.000
4500003829,00010,0001,2026-03-30T00:00:00,125.000,64.000
4500003830,00010,0001,2026-07-07T00:00:00,129.000,129.000
4500003831,00010,0001,2025-01-05T00:00:00,263.000,170.000
4500003832,00010,0001,2025-05-18T00:00:00,227.000,227.000
4500003833,00010,0001,2025-12-26T00:00:00,232.000,0.000
4500003834,00010,0001,2026-01-20T00:00:00,258.000,258.000
4500003835,00010,0001,2026-08-05T00:00:00,232.000,232.000
4500003836,00010,0001,2024-11-06T00:00:00,9.000,9.000
4500003837,00010,0001,2025-06-08T00:00:00,14.000,14.000
4500003838,00010,0001,2026-09-05T00:00:00,10.000,10.000
4500003839,00010,0001,2025-04-23T00:00:00,13.000,0.000
4500003840,00010,0001,2025-05-24T00:00:00,13.000,13.000
4500003841,00010,0001,2026-08-05T00:00:00,12.000,0.000
4500003842,00010,0001,2026-08-23T00:00:00,14.000,14.000
4500003843,00010,0001,2024-11-28T00:00:00,13.000,13.000
4500003844,00010,0001,2025-04-01T00:00:00,14.000,14.000
4500003845,00010,0001,2025-12-19T00:00:00,12.000,12.000
4500003846,00010,0001,2024-11-01T00:00:00,7.000,0.000
4500003847,00010,0001,2024-12-09T00:00:00,7.000,7.000
4500003848,00010,0001,2024-12-15T00:00:00,13.000,0.000
4500003849,00010,0001,2025-02-05T00:00:00,13.000,13.000
4500003850,00010,0001,2025-04-02T00:00:00,9.000,4.000
4500003851,00010,0001,2025-05-30T00:00:00,11.000,11.000
4500003852,00010,0001,2025-10-03T00:00:00,7.000,7.000
4500003853,00010,0001,2025-12-25T00:00:00,7.000,7.000
4500003854,00010,0001,2026-06-15T00:00:00,7.000,7.000
4500003855,00010,0001,2026-10-07T00:00:00,7.000,0.000
4500003856,00010,0001,2025-02-20T00:00:00,290.000,290.000
4500003857,00010,0001,2025-12-13T00:00:00,290.000,290.000
4500003858,00010,0001,2026-08-20T00:00:00,277.000,277.000
4500003859,00010,0001,2025-06-05T00:00:00,5.000,0.000
4500003860,00010,0001,2025-07-05T00:00:00,5.000,5.000
4500003861,00010,0001,2026-07-31T00:00:00,5.000,5.000
4500003862,00010,0001,2024-11-26T00:00:00,3.000,3.000
4500003863,00010,0001,2025-07-12T00:00:00,4.000,4.000
4500003864,00010,0001,2025-12-21T00:00:00,4.000,4.000
4500003865,00010,0001,2026-07-16T00:00:00,3.000,3.000
4500003866,00010,0001,2024-12-05T00:00:00,13.000,13.000
4500003867,00010,0001,2025-07-19T00:00:00,11.000,11.000
4500003868,00010,0001,2025-12-27T00:00:00,10.000,0.000
4500003869,00010,0001,2026-01-19T00:00:00,10.000,0.000
4500003870,00010,0001,2026-02-08T00:00:00,10.000,10.000
4500003871,00010,0001,2026-09-11T00:00:00,10.000,0.000
4500003872,00010,0001,2026-10-15T00:00:00,13.000,0.000
4500003873,00010,0001,2024-11-15T00:00:00,72.000,72.000
4500003874,00010,0001,2025-04-07T00:00:00,73.000,73.000
4500003875,00010,0001,2025-09-22T00:00:00,71.000,71.000
4500003876,00010,0001,2026-02-04T00:00:00,76.000,0.000
4500003877,00010,0001,2026-03-15T00:00:00,95.000,95.000
4500003878,00010,0001,2026-08-13T00:00:00,72.000,72.000
4500003879,00010,0001,2025-03-08T00:00:00,11.000,11.000
4500003880,00010,0001,2026-01-16T00:00:00,11.000,8.000
4500003881,00010,0001,2026-12-27T00:00:00,11.000,0.000
4500003882,00010,0001,2025-04-16T00:00:00,2.000,2.000
4500003883,00010,0001,2025-08-17T00:00:00,2.000,2.000
4500003884,00010,0001,2026-02-21T00:00:00,2.000,2.000
4500003885,00010,0001,2026-05-16T00:00:00,2.000,2.000
4500003886,00010,0001,2024-10-19T00:00:00,9.000,9.000
4500003887,00010,0001,2025-02-11T00:00:00,8.000,8.000
4500003888,00010,0001,2026-01-14T00:00:00,9.000,9.000
4500003889,00010,0001,2026-03-19T00:00:00,9.000,6.000
4500003890,00010,0001,2026-09-30T00:00:00,9.000,0.000
4500003891,00010,0001,2024-10-15T00:00:00,3.000,3.000
4500003892,00010,0001,2024-12-07T00:00:00,4.000,2.000
4500003893,00010,0001,2025-04-20T00:00:00,6.000,6.000
4500003894,00010,0001,2025-05-16T00:00:00,3.000,3.000
4500003895,00010,0001,2025-06-19T00:00:00,4.000,4.000
4500003896,00010,0001,2025-08-09T00:00:00,4.000,4.000
4500003897,00010,0001,2025-09-27T00:00:00,3.000,2.000
4500003898,00010,0001,2026-01-17T00:00:00,7.000,7.000
4500003899,00010,0001,2026-05-25T00:00:00,4.000,3.000
4500003900,00010,0001,2025-02-08T00:00:00,3.000,3.000
4500003901,00010,0001,2025-07-03T00:00:00,3.000,3.000
4500003902,00010,0001,2025-10-20T00:00:00,6.000,6.000
4500003903,00010,0001,2026-08-12T00:00:00,3.000,0.000
4500003904,00010,0001,2026-09-08T00:00:00,3.000,3.000
4500003905,00010,0001,2024-10-29T00:00:00,2.000,2.000
4500003906,00010,0001,2025-08-30T00:00:00,2.000,2.000
4500003907,00010,0001,2025-10-24T00:00:00,4.000,0.000
4500003908,00010,0001,2025-12-04T00:00:00,4.000,4.000
4500003909,00010,0001,2026-03-07T00:00:00,3.000,3.000
4500003910,00010,0001,2026-06-02T00:00:00,2.000,2.000
4500003911,00010,0001,2026-09-14T00:00:00,2.000,0.000
4500003912,00010,0001,2024-11-26T00:00:00,122.000,122.000
4500003913,00010,0001,2025-04-23T00:00:00,108.000,108.000
4500003914,00010,0001,2025-08-14T00:00:00,103.000,0.000
4500003915,00010,0001,2025-08-11T00:00:00,128.000,0.000
4500003916,00010,0001,2025-10-09T00:00:00,153.000,0.000
4500003917,00010,0001,2025-11-10T00:00:00,189.000,189.000
4500003918,00010,0001,2026-04-09T00:00:00,99.000,0.000
4500003919,00010,0001,2026-05-08T00:00:00,133.000,0.000
4500003920,00010,0001,2026-05-23T00:00:00,164.000,164.000
4500003921,00010,0001,2026-09-30T00:00:00,111.000,0.000
4500003922,00010,0001,2026-03-10T00:00:00,1.000,0.000
4500003923,00010,0001,2026-03-31T00:00:00,1.000,1.000
4500003924,00010,0001,2024-11-17T00:00:00,4.000,2.000
4500003925,00010,0001,2025-03-06T00:00:00,5.000,5.000
4500003926,00010,0001,2025-09-08T00:00:00,4.000,4.000
4500003927,00010,0001,2026-02-19T00:00:00,6.000,3.000
4500003928,00010,0001,2026-03-03T00:00:00,7.000,7.000
4500003929,00010,0001,2024-10-29T00:00:00,4.000,4.000
4500003930,00010,0001,2025-01-30T00:00:00,2.000,1.000
4500003931,00010,0001,2025-04-09T00:00:00,2.000,2.000
4500003932,00010,0001,2025-07-31T00:00:00,2.000,2.000
4500003933,00010,0001,2026-01-12T00:00:00,2.000,0.000
4500003934,00010,0001,2026-02-23T00:00:00,5.000,0.000
4500003935,00010,0001,2026-03-12T00:00:00,5.000,5.000
4500003936,00010,0001,2026-07-31T00:00:00,2.000,2.000
4500003937,00010,0001,2024-10-18T00:00:00,79.000,39.000
4500003938,00010,0001,2024-12-27T00:00:00,73.000,46.000
4500003939,00010,0001,2025-04-25T00:00:00,82.000,82.000
4500003940,00010,0001,2025-09-21T00:00:00,79.000,50.000
4500003941,00010,0001,2025-12-22T00:00:00,82.000,82.000
4500003942,00010,0001,2026-06-10T00:00:00,82.000,82.000
4500003943,00010,0001,2025-02-19T00:00:00,3.000,3.000
4500003944,00010,0001,2026-04-05T00:00:00,3.000,3.000
4500003945,00010,0001,2026-08-01T00:00:00,3.000,0.000
4500003946,00010,0001,2026-08-31T00:00:00,3.000,3.000
4500003947,00010,0001,2024-11-04T00:00:00,6.000,6.000
4500003948,00010,0001,2025-05-11T00:00:00,4.000,3.000
4500003949,00010,0001,2025-08-18T00:00:00,4.000,4.000
4500003950,00010,0001,2026-03-13T00:00:00,4.000,4.000
4500003951,00010,0001,2025-01-16T00:00:00,9.000,9.000
4500003952,00010,0001,2025-12-07T00:00:00,8.000,0.000
4500003953,00010,0001,2026-01-08T00:00:00,8.000,8.000
4500003954,00010,0001,2026-07-04T00:00:00,8.000,4.000
4500003955,00010,0001,2026-07-24T00:00:00,13.000,0.000
4500003956,00010,0001,2026-09-11T00:00:00,13.000,0.000
4500003957,00010,0001,2026-10-01T00:00:00,13.000,0.000
4500003958,00010,0001,2026-11-23T00:00:00,16.000,0.000
4500003959,00010,0001,2024-10-07T00:00:00,6.000,6.000
4500003960,00010,0001,2024-12-14T00:00:00,3.000,3.000
4500003961,00010,0001,2025-03-08T00:00:00,3.000,3.000
4500003962,00010,0001,2025-05-18T00:00:00,2.000,2.000
4500003963,00010,0001,2025-06-02T00:00:00,6.000,6.000
4500003964,00010,0001,2025-11-04T00:00:00,4.000,2.000
4500003965,00010,0001,2025-11-28T00:00:00,2.000,2.000
4500003966,00010,0001,2026-01-28T00:00:00,5.000,5.000
4500003967,00010,0001,2026-04-06T00:00:00,3.000,3.000
4500003968,00010,0001,2026-05-12T00:00:00,2.000,2.000
4500003969,00010,0001,2024-09-29T00:00:00,6.000,0.000
4500003970,00010,0001,2024-11-17T00:00:00,6.000,0.000
4500003971,00010,0001,2024-11-30T00:00:00,6.000,0.000
4500003972,00010,0001,2025-01-08T00:00:00,6.000,6.000
4500003973,00010,0001,2025-09-08T00:00:00,7.000,7.000
4500003974,00010,0001,2026-01-23T00:00:00,7.000,7.000
4500003975,00010,0001,2026-06-20T00:00:00,7.000,0.000
4500003976,00010,0001,2026-07-26T00:00:00,7.000,7.000
4500003977,00010,0001,2024-12-14T00:00:00,107.000,107.000
4500003978,00010,0001,2025-06-16T00:00:00,110.000,110.000
4500003979,00010,0001,2025-12-02T00:00:00,118.000,118.000
4500003980,00010,0001,2026-05-31T00:00:00,121.000,121.000
4500003981,00010,0001,2024-11-17T00:00:00,101.000,0.000
4500003982,00010,0001,2024-11-20T00:00:00,128.000,0.000
4500003983,00010,0001,2024-12-22T00:00:00,142.000,142.000
4500003984,00010,0001,2025-06-04T00:00:00,128.000,128.000
4500003985,00010,0001,2025-11-02T00:00:00,114.000,114.000
4500003986,00010,0001,2026-03-08T00:00:00,115.000,115.000
4500003987,00010,0001,2026-06-29T00:00:00,115.000,115.000
4500003988,00010,0001,2025-01-06T00:00:00,3.000,2.000
4500003989,00010,0001,2025-08-15T00:00:00,4.000,4.000
4500003990,00010,0001,2026-02-08T00:00:00,5.000,5.000
4500003991,00010,0001,2025-01-16T00:00:00,6.000,0.000
4500003992,00010,0001,2025-02-28T00:00:00,6.000,6.000
4500003993,00010,0001,2026-09-14T00:00:00,6.000,0.000
4500003994,00010,0001,2024-12-22T00:00:00,125.000,125.000
4500003995,00010,0001,2025-05-01T00:00:00,131.000,131.000
4500003996,00010,0001,2025-09-05T00:00:00,123.000,123.000
4500003997,00010,0001,2025-12-10T00:00:00,109.000,47.000
4500003998,00010,0001,2026-02-17T00:00:00,110.000,69.000
4500003999,00010,0001,2026-04-15T00:00:00,97.000,97.000
4500004000,00010,0001,2026-07-06T00:00:00,101.000,67.000
4500004001,00010,0001,2026-09-01T00:00:00,95.000,95.000
4500004002,00010,0001,2025-05-04T00:00:00,3.000,3.000
4500004003,00010,0001,2026-05-03T00:00:00,3.000,3.000
4500004004,00010,0001,2026-08-07T00:00:00,3.000,0.000
4500004005,00010,0001,2026-09-26T00:00:00,3.000,0.000
4500004006,00010,0001,2024-10-29T00:00:00,202.000,202.000
4500004007,00010,0001,2025-05-10T00:00:00,207.000,207.000
4500004008,00010,0001,2025-12-29T00:00:00,207.000,207.000
4500004009,00010,0001,2026-09-02T00:00:00,207.000,207.000
4500004010,00010,0001,2024-11-21T00:00:00,217.000,217.000
4500004011,00010,0001,2025-07-23T00:00:00,238.000,238.000
4500004012,00010,0001,2026-03-03T00:00:00,215.000,0.000
4500004013,00010,0001,2026-04-18T00:00:00,252.000,252.000
4500004014,00010,0001,2024-12-22T00:00:00,22.000,22.000
4500004015,00010,0001,2026-06-11T00:00:00,20.000,20.000
4500004016,00010,0001,2026-04-08T00:00:00,2.000,2.000
4500004017,00010,0001,2025-01-20T00:00:00,255.000,255.000
4500004018,00010,0001,2025-10-27T00:00:00,247.000,247.000
4500004019,00010,0001,2026-10-02T00:00:00,245.000,0.000
4500004020,00010,0001,2025-01-20T00:00:00,162.000,162.000
4500004021,00010,0001,2025-07-09T00:00:00,132.000,0.000
4500004022,00010,0001,2025-07-30T00:00:00,164.000,81.000
4500004023,00010,0001,2025-09-22T00:00:00,237.000,237.000
4500004024,00010,0001,2026-04-10T00:00:00,145.000,145.000
4500004025,00010,0001,2026-07-28T00:00:00,291.000,0.000
4500004026,00010,0001,2026-09-08T00:00:00,317.000,317.000
4500004027,00010,0001,2025-01-26T00:00:00,5.000,5.000
4500004028,00010,0001,2025-07-02T00:00:00,4.000,4.000
4500004029,00010,0001,2025-12-15T00:00:00,4.000,0.000
4500004030,00010,0001,2026-02-07T00:00:00,4.000,4.000
4500004031,00010,0001,2026-07-13T00:00:00,4.000,4.000
4500004032,00010,0001,2025-04-07T00:00:00,6.000,3.000
4500004033,00010,0001,2025-04-20T00:00:00,8.000,8.000
4500004034,00010,0001,2025-12-18T00:00:00,4.000,2.000
4500004035,00010,0001,2026-03-23T00:00:00,6.000,6.000
4500004036,00010,0001,2026-10-16T00:00:00,4.000,0.000
4500004037,00010,0001,2027-01-13T00:00:00,8.000,0.000
4500004038,00010,0001,2024-11-17T00:00:00,3.000,0.000
4500004039,00010,0001,2024-12-04T00:00:00,4.000,4.000
4500004040,00010,0001,2025-05-09T00:00:00,3.000,3.000
4500004041,00010,0001,2025-11-07T00:00:00,3.000,0.000
4500004042,00010,0001,2025-12-12T00:00:00,3.000,2.000
4500004043,00010,0001,2026-03-07T00:00:00,4.000,0.000
4500004044,00010,0001,2026-04-29T00:00:00,4.000,4.000
4500004045,00010,0001,2026-09-28T00:00:00,5.000,0.000
4500004046,00010,0001,2024-11-09T00:00:00,7.000,0.000
4500004047,00010,0001,2024-11-18T00:00:00,7.000,0.000
4500004048,00010,0001,2024-12-22T00:00:00,7.000,0.000
4500004049,00010,0001,2025-02-09T00:00:00,7.000,7.000
4500004050,00010,0001,2026-01-29T00:00:00,10.000,5.000
4500004051,00010,0001,2026-03-15T00:00:00,7.000,7.000
4500004052,00010,0001,2026-06-30T00:00:00,8.000,0.000
4500004053,00010,0001,2026-08-17T00:00:00,8.000,4.000
4500004054,00010,0001,2024-11-14T00:00:00,12.000,12.000
4500004055,00010,0001,2025-02-10T00:00:00,7.000,7.000
4500004056,00010,0001,2025-04-29T00:00:00,12.000,12.000
4500004057,00010,0001,2025-05-29T00:00:00,19.000,19.000
4500004058,00010,0001,2026-10-02T00:00:00,12.000,0.000
4500004059,00010,0001,2025-02-22T00:00:00,10.000,5.000
4500004060,00010,0001,2025-06-02T00:00:00,14.000,0.000
4500004061,00010,0001,2025-06-30T00:00:00,16.000,16.000
4500004062,00010,0001,2026-08-01T00:00:00,9.000,0.000
4500004063,00010,0001,2026-08-14T00:00:00,9.000,0.000
4500004064,00010,0001,2026-09-13T00:00:00,11.000,0.000
4500004065,00010,0001,2025-01-10T00:00:00,9.000,9.000
4500004066,00010,0001,2025-07-02T00:00:00,6.000,6.000
4500004067,00010,0001,2025-11-08T00:00:00,6.000,3.000
4500004068,00010,0001,2026-05-19T00:00:00,7.000,7.000
4500004069,00010,0001,2024-12-07T00:00:00,199.000,199.000
4500004070,00010,0001,2025-10-03T00:00:00,188.000,0.000
4500004071,00010,0001,2025-10-14T00:00:00,201.000,201.000
4500004072,00010,0001,2026-07-24T00:00:00,188.000,0.000
4500004073,00010,0001,2026-08-12T00:00:00,208.000,208.000
4500004074,00010,0001,2024-11-05T00:00:00,13.000,13.000
4500004075,00010,0001,2025-08-24T00:00:00,11.000,11.000
4500004076,00010,0001,2024-11-17T00:00:00,5.000,0.000
4500004077,00010,0001,2024-12-07T00:00:00,6.000,6.000
4500004078,00010,0001,2025-08-05T00:00:00,4.000,4.000
4500004079,00010,0001,2026-07-14T00:00:00,3.000,3.000
4500004080,00010,0001,2026-09-11T00:00:00,3.000,0.000
4500004081,00010,0001,2026-10-09T00:00:00,5.000,0.000
4500004082,00010,0001,2024-11-23T00:00:00,3.000,2.000
4500004083,00010,0001,2025-04-26T00:00:00,3.000,3.000
4500004084,00010,0001,2025-08-31T00:00:00,3.000,0.000
4500004085,00010,0001,2025-10-14T00:00:00,3.000,3.000
4500004086,00010,0001,2025-10-30T00:00:00,3.000,3.000
4500004087,00010,0001,2025-12-03T00:00:00,2.000,2.000
4500004088,00010,0001,2026-05-02T00:00:00,3.000,3.000
4500004089,00010,0001,2026-06-18T00:00:00,3.000,3.000
4500004090,00010,0001,2024-12-31T00:00:00,12.000,12.000
4500004091,00010,0001,2026-02-11T00:00:00,8.000,8.000
4500004092,00010,0001,2026-10-22T00:00:00,8.000,0.000
4500004093,00010,0001,2024-12-01T00:00:00,6.000,0.000
4500004094,00010,0001,2025-01-15T00:00:00,11.000,11.000
4500004095,00010,0001,2025-06-08T00:00:00,7.000,0.000
4500004096,00010,0001,2025-07-02T00:00:00,7.000,0.000
4500004097,00010,0001,2025-07-28T00:00:00,9.000,9.000
4500004098,00010,0001,2025-11-15T00:00:00,7.000,7.000
4500004099,00010,0001,2026-02-07T00:00:00,6.000,3.000
4500004100,00010,0001,2026-05-06T00:00:00,7.000,7.000
4500004101,00010,0001,2026-09-26T00:00:00,7.000,0.000
4500004102,00010,0001,2024-11-08T00:00:00,6.000,0.000
4500004103,00010,0001,2024-12-22T00:00:00,8.000,8.000
4500004104,00010,0001,2025-08-04T00:00:00,3.000,0.000
4500004105,00010,0001,2025-09-23T00:00:00,3.000,0.000
4500004106,00010,0001,2025-10-09T00:00:00,3.000,2.000
4500004107,00010,0001,2026-01-15T00:00:00,5.000,4.000
4500004108,00010,0001,2026-02-20T00:00:00,7.000,7.000
4500004109,00010,0001,2026-08-03T00:00:00,4.000,4.000
4500004110,00010,0001,2025-06-01T00:00:00,6.000,0.000
4500004111,00010,0001,2025-06-24T00:00:00,8.000,4.000
4500004112,00010,0001,2025-11-03T00:00:00,6.000,0.000
4500004113,00010,0001,2025-12-13T00:00:00,7.000,7.000
4500004114,00010,0001,2026-05-01T00:00:00,6.000,0.000
4500004115,00010,0001,2026-06-01T00:00:00,8.000,8.000
4500004116,00010,0001,2024-11-11T00:00:00,9.000,9.000
4500004117,00010,0001,2025-08-04T00:00:00,6.000,6.000
4500004118,00010,0001,2025-10-05T00:00:00,5.000,5.000
4500004119,00010,0001,2026-04-19T00:00:00,8.000,8.000
4500004120,00010,0001,2026-08-01T00:00:00,7.000,7.000
4500004121,00010,0001,2025-01-31T00:00:00,4.000,4.000
4500004122,00010,0001,2025-04-15T00:00:00,4.000,4.000
4500004123,00010,0001,2025-09-06T00:00:00,5.000,0.000
4500004124,00010,0001,2025-09-21T00:00:00,5.000,5.000
4500004125,00010,0001,2026-06-07T00:00:00,6.000,6.000
4500004126,00010,0001,2026-08-20T00:00:00,6.000,0.000
4500004127,00010,0001,2026-09-14T00:00:00,6.000,0.000
4500004128,00010,0001,2025-02-18T00:00:00,12.000,0.000
4500004129,00010,0001,2025-03-20T00:00:00,12.000,12.000
4500004130,00010,0001,2025-12-31T00:00:00,14.000,14.000
4500004131,00010,0001,2024-10-18T00:00:00,43.000,32.000
4500004132,00010,0001,2025-01-04T00:00:00,50.000,50.000
4500004133,00010,0001,2025-03-07T00:00:00,40.000,0.000
4500004134,00010,0001,2025-04-08T00:00:00,53.000,0.000
4500004135,00010,0001,2025-05-04T00:00:00,76.000,76.000
4500004136,00010,0001,2025-09-01T00:00:00,45.000,45.000
4500004137,00010,0001,2025-11-29T00:00:00,42.000,42.000
4500004138,00010,0001,2026-01-16T00:00:00,37.000,37.000
4500004139,00010,0001,2026-04-07T00:00:00,41.000,41.000
4500004140,00010,0001,2026-06-07T00:00:00,40.000,40.000
4500004141,00010,0001,2026-10-07T00:00:00,43.000,0.000
4500004142,00010,0001,2024-10-18T00:00:00,100.000,0.000
4500004143,00010,0001,2024-12-02T00:00:00,102.000,0.000
4500004144,00010,0001,2024-12-27T00:00:00,102.000,102.000
4500004145,00010,0001,2025-06-21T00:00:00,67.000,0.000
4500004146,00010,0001,2025-07-22T00:00:00,98.000,98.000
4500004147,00010,0001,2026-01-25T00:00:00,85.000,85.000
4500004148,00010,0001,2026-05-06T00:00:00,69.000,69.000
4500004149,00010,0001,2026-08-14T00:00:00,87.000,87.000
4500004150,00010,0001,2024-11-29T00:00:00,11.000,11.000
4500004151,00010,0001,2025-12-22T00:00:00,11.000,0.000
4500004152,00010,0001,2026-01-31T00:00:00,11.000,11.000
4500004153,00010,0001,2026-04-27T00:00:00,3.000,3.000
4500004154,00010,0001,2025-01-15T00:00:00,96.000,96.000
4500004155,00010,0001,2025-07-21T00:00:00,90.000,90.000
4500004156,00010,0001,2026-01-27T00:00:00,106.000,82.000
4500004157,00010,0001,2026-06-06T00:00:00,106.000,106.000
4500004158,00010,0001,2025-01-11T00:00:00,78.000,78.000
4500004159,00010,0001,2025-06-06T00:00:00,66.000,66.000
4500004160,00010,0001,2025-10-23T00:00:00,75.000,0.000
4500004161,00010,0001,2025-11-15T00:00:00,91.000,91.000
4500004162,00010,0001,2026-04-02T00:00:00,165.000,165.000
4500004163,00010,0001,2025-01-22T00:00:00,4.000,0.000
4500004164,00010,0001,2025-02-24T00:00:00,4.000,4.000
4500004165,00010,0001,2025-07-09T00:00:00,4.000,4.000
4500004166,00010,0001,2025-10-05T00:00:00,4.000,0.000
4500004167,00010,0001,2025-10-13T00:00:00,4.000,4.000
4500004168,00010,0001,2025-12-13T00:00:00,4.000,0.000
4500004169,00010,0001,2026-01-13T00:00:00,4.000,0.000
4500004170,00010,0001,2026-01-31T00:00:00,4.000,0.000
4500004171,00010,0001,2026-03-05T00:00:00,4.000,4.000
4500004172,00010,0001,2026-05-06T00:00:00,4.000,4.000
4500004173,00010,0001,2024-10-12T00:00:00,6.000,6.000
4500004174,00010,0001,2025-01-05T00:00:00,5.000,5.000
4500004175,00010,0001,2025-04-12T00:00:00,5.000,5.000
4500004176,00010,0001,2025-07-11T00:00:00,5.000,5.000
4500004177,00010,0001,2026-06-08T00:00:00,6.000,2.000
4500004178,00010,0001,2026-07-23T00:00:00,5.000,5.000
4500004179,00010,0001,2025-01-14T00:00:00,4.000,4.000
4500004180,00010,0001,2025-06-03T00:00:00,4.000,4.000
4500004181,00010,0001,2026-05-18T00:00:00,4.000,4.000
4500004182,00010,0001,2025-01-26T00:00:00,11.000,11.000
4500004183,00010,0001,2025-04-06T00:00:00,9.000,0.000
4500004184,00010,0001,2025-05-05T00:00:00,9.000,4.000
4500004185,00010,0001,2025-07-03T00:00:00,15.000,0.000
4500004186,00010,0001,2025-08-26T00:00:00,11.000,0.000
4500004187,00010,0001,2025-09-11T00:00:00,11.000,11.000
4500004188,00010,0001,2026-02-23T00:00:00,12.000,12.000
4500004189,00010,0001,2026-05-19T00:00:00,10.000,0.000
4500004190,00010,0001,2026-06-13T00:00:00,10.000,10.000
4500004191,00010,0001,2024-11-08T00:00:00,8.000,8.000
4500004192,00010,0001,2025-04-25T00:00:00,7.000,0.000
4500004193,00010,0001,2025-05-29T00:00:00,9.000,4.000
4500004194,00010,0001,2025-07-10T00:00:00,9.000,0.000
4500004195,00010,0001,2025-08-03T00:00:00,5.000,0.000
4500004196,00010,0001,2025-08-25T00:00:00,8.000,8.000
4500004197,00010,0001,2026-01-27T00:00:00,5.000,5.000
4500004198,00010,0001,2026-06-23T00:00:00,5.000,5.000
4500004199,00010,0001,2024-11-04T00:00:00,4.000,4.000
4500004200,00010,0001,2025-07-27T00:00:00,3.000,3.000
4500004201,00010,0001,2026-07-03T00:00:00,4.000,3.000
4500004202,00010,0001,2026-09-21T00:00:00,3.000,0.000
4500004203,00010,0001,2024-10-22T00:00:00,5.000,0.000
4500004204,00010,0001,2024-12-12T00:00:00,7.000,7.000
4500004205,00010,0001,2025-01-13T00:00:00,3.000,3.000
4500004206,00010,0001,2025-03-09T00:00:00,6.000,6.000
4500004207,00010,0001,2025-07-08T00:00:00,3.000,0.000
4500004208,00010,0001,2025-08-16T00:00:00,6.000,6.000
4500004209,00010,0001,2025-10-17T00:00:00,6.000,6.000
4500004210,00010,0001,2026-07-19T00:00:00,5.000,5.000
4500004211,00010,0001,2026-08-31T00:00:00,5.000,4.000
4500004212,00010,0001,2025-03-05T00:00:00,13.000,13.000
4500004213,00010,0001,2026-01-28T00:00:00,12.000,0.000
4500004214,00010,0001,2026-02-24T00:00:00,12.000,8.000
4500004215,00010,0001,2026-09-17T00:00:00,12.000,0.000
4500004216,00010,0001,2024-11-21T00:00:00,16.000,16.000
4500004217,00010,0001,2025-08-18T00:00:00,15.000,0.000
4500004218,00010,0001,2025-09-05T00:00:00,17.000,0.000
4500004219,00010,0001,2025-10-08T00:00:00,20.000,20.000
4500004220,00010,0001,2026-07-16T00:00:00,13.000,13.000
4500004221,00010,0001,2024-12-27T00:00:00,4.000,4.000
4500004222,00010,0001,2025-02-05T00:00:00,7.000,0.000
4500004223,00010,0001,2025-03-23T00:00:00,3.000,0.000
4500004224,00010,0001,2025-04-06T00:00:00,6.000,6.000
4500004225,00010,0001,2025-12-10T00:00:00,4.000,4.000
4500004226,00010,0001,2026-03-07T00:00:00,4.000,2.000
4500004227,00010,0001,2026-06-13T00:00:00,3.000,2.000
4500004228,00010,0001,2026-08-04T00:00:00,5.000,0.000
4500004229,00010,0001,2026-09-10T00:00:00,6.000,0.000
4500004230,00010,0001,2026-10-18T00:00:00,6.000,0.000
4500004231,00010,0001,2024-10-20T00:00:00,6.000,6.000
4500004232,00010,0001,2025-02-09T00:00:00,7.000,7.000
4500004233,00010,0001,2025-03-23T00:00:00,11.000,11.000
4500004234,00010,0001,2025-07-27T00:00:00,11.000,11.000
4500004235,00010,0001,2026-01-19T00:00:00,9.000,9.000
4500004236,00010,0001,2026-05-26T00:00:00,7.000,0.000
4500004237,00010,0001,2026-06-22T00:00:00,9.000,0.000
4500004238,00010,0001,2026-08-04T00:00:00,9.000,0.000
4500004239,00010,0001,2026-08-18T00:00:00,9.000,9.000
4500004240,00010,0001,2025-01-02T00:00:00,9.000,9.000
4500004241,00010,0001,2025-09-25T00:00:00,10.000,4.000
4500004242,00010,0001,2026-02-07T00:00:00,10.000,10.000
4500004243,00010,0001,2024-10-27T00:00:00,17.000,17.000
4500004244,00010,0001,2025-07-10T00:00:00,15.000,15.000
4500004245,00010,0001,2025-09-18T00:00:00,17.000,17.000
4500004246,00010,0001,2026-02-27T00:00:00,16.000,16.000
4500004247,00010,0001,2025-11-03T00:00:00,17.000,17.000
4500004248,00010,0001,2026-05-09T00:00:00,18.000,18.000
4500004249,00010,0001,2024-10-31T00:00:00,41.000,41.000
4500004250,00010,0001,2025-03-08T00:00:00,45.000,45.000
4500004251,00010,0001,2025-06-26T00:00:00,44.000,44.000
4500004252,00010,0001,2025-09-05T00:00:00,53.000,53.000
4500004253,00010,0001,2025-12-29T00:00:00,38.000,38.000
4500004254,00010,0001,2026-04-01T00:00:00,41.000,21.000
4500004255,00010,0001,2026-05-17T00:00:00,72.000,72.000
4500004256,00010,0001,2026-11-03T00:00:00,49.000,0.000
4500004257,00010,0001,2024-11-26T00:00:00,45.000,45.000
4500004258,00010,0001,2025-02-10T00:00:00,71.000,32.000
4500004259,00010,0001,2025-04-17T00:00:00,59.000,59.000
4500004260,00010,0001,2025-08-18T00:00:00,34.000,20.000
4500004261,00010,0001,2025-10-10T00:00:00,48.000,48.000
4500004262,00010,0001,2026-01-10T00:00:00,34.000,34.000
4500004263,00010,0001,2026-04-04T00:00:00,25.000,25.000
4500004264,00010,0001,2026-06-13T00:00:00,65.000,65.000
4500004265,00010,0001,2026-10-26T00:00:00,33.000,0.000
4500004266,00010,0001,2024-11-13T00:00:00,100.000,0.000
4500004267,00010,0001,2024-12-02T00:00:00,114.000,0.000
4500004268,00010,0001,2025-01-11T00:00:00,142.000,0.000
4500004269,00010,0001,2025-03-04T00:00:00,142.000,142.000
4500004270,00010,0001,2025-07-26T00:00:00,93.000,0.000
4500004271,00010,0001,2025-08-22T00:00:00,133.000,133.000
4500004272,00010,0001,2025-12-01T00:00:00,92.000,0.000
4500004273,00010,0001,2026-01-17T00:00:00,124.000,124.000
4500004274,00010,0001,2026-04-16T00:00:00,105.000,0.000
4500004275,00010,0001,2026-05-27T00:00:00,126.000,126.000
4500004276,00010,0001,2026-09-28T00:00:00,116.000,0.000
4500004277,00010,0001,2024-11-18T00:00:00,267.000,162.000
4500004278,00010,0001,2025-04-15T00:00:00,285.000,0.000
4500004279,00010,0001,2025-06-02T00:00:00,316.000,0.000
4500004280,00010,0001,2025-06-20T00:00:00,330.000,330.000
4500004281,00010,0001,2026-04-04T00:00:00,267.000,267.000
4500004282,00010,0001,2026-11-23T00:00:00,2.000,0.000
4500004283,00010,0001,2027-01-08T00:00:00,4.000,0.000
4500004284,00010,0001,2025-03-05T00:00:00,3.000,3.000
4500004285,00010,0001,2025-07-16T00:00:00,6.000,4.000
4500004286,00010,0001,2026-03-15T00:00:00,3.000,2.000
4500004287,00010,0001,2026-06-15T00:00:00,5.000,0.000
4500004288,00010,0001,2026-06-28T00:00:00,6.000,6.000
4500004289,00010,0001,2025-06-13T00:00:00,6.000,6.000
4500004290,00010,0001,2025-11-17T00:00:00,4.000,0.000
4500004291,00010,0001,2025-12-30T00:00:00,7.000,7.000
4500004292,00010,0001,2026-06-19T00:00:00,4.000,4.000
4500004293,00010,0001,2026-07-16T00:00:00,7.000,7.000
4500004294,00010,0001,2026-01-24T00:00:00,1.000,1.000
4500004295,00010,0001,2026-05-02T00:00:00,1.000,0.000
4500004296,00010,0001,2026-06-21T00:00:00,1.000,1.000
4500004297,00010,0001,2024-10-28T00:00:00,7.000,7.000
4500004298,00010,0001,2025-03-20T00:00:00,8.000,8.000
4500004299,00010,0001,2025-08-09T00:00:00,9.000,9.000
4500004300,00010,0001,2026-07-08T00:00:00,8.000,8.000
4500004301,00010,0001,2024-10-08T00:00:00,4.000,4.000
4500004302,00010,0001,2025-04-22T00:00:00,4.000,4.000
4500004303,00010,0001,2026-03-03T00:00:00,4.000,2.000
4500004304,00010,0001,2025-01-15T00:00:00,151.000,108.000
4500004305,00010,0001,2025-04-22T00:00:00,161.000,0.000
4500004306,00010,0001,2025-06-10T00:00:00,163.000,0.000
4500004307,00010,0001,2025-07-04T00:00:00,163.000,163.000
4500004308,00010,0001,2025-12-13T00:00:00,140.000,140.000
4500004309,00010,0001,2026-03-26T00:00:00,143.000,82.000
4500004310,00010,0001,2026-07-06T00:00:00,157.000,157.000
4500004311,00010,0001,2024-10-22T00:00:00,11.000,7.000
4500004312,00010,0001,2025-02-11T00:00:00,7.000,7.000
4500004313,00010,0001,2025-05-22T00:00:00,8.000,8.000
4500004314,00010,0001,2025-09-18T00:00:00,8.000,8.000
4500004315,00010,0001,2025-12-30T00:00:00,8.000,8.000
4500004316,00010,0001,2026-04-25T00:00:00,7.000,0.000
4500004317,00010,0001,2026-05-02T00:00:00,7.000,0.000
4500004318,00010,0001,2026-06-17T00:00:00,12.000,12.000
4500004319,00010,0001,2025-04-09T00:00:00,6.000,0.000
4500004320,00010,0001,2025-05-05T00:00:00,7.000,7.000
4500004321,00010,0001,2026-11-02T00:00:00,6.000,0.000
4500004322,00010,0001,2025-01-23T00:00:00,13.000,13.000
4500004323,00010,0001,2025-10-31T00:00:00,15.000,0.000
4500004324,00010,0001,2025-12-12T00:00:00,18.000,18.000
4500004325,00010,0001,2026-07-31T00:00:00,15.000,15.000
4500004326,00010,0001,2026-12-31T00:00:00,14.000,0.000
4500004327,00010,0001,2024-12-04T00:00:00,7.000,7.000
4500004328,00010,0001,2025-02-05T00:00:00,17.000,17.000
4500004329,00010,0001,2026-07-10T00:00:00,10.000,10.000
4500004330,00010,0001,2026-11-29T00:00:00,10.000,0.000
4500004331,00010,0001,2025-03-09T00:00:00,5.000,3.000
4500004332,00010,0001,2025-04-10T00:00:00,8.000,0.000
4500004333,00010,0001,2025-04-24T00:00:00,8.000,5.000
4500004334,00010,0001,2026-02-07T00:00:00,4.000,4.000
4500004335,00010,0001,2026-06-22T00:00:00,6.000,6.000
4500004336,00010,0001,2026-10-22T00:00:00,5.000,0.000
4500004337,00010,0001,2025-01-11T00:00:00,129.000,0.000
4500004338,00010,0001,2025-02-02T00:00:00,165.000,107.000
4500004339,00010,0001,2025-04-13T00:00:00,222.000,222.000
4500004340,00010,0001,2025-11-20T00:00:00,124.000,124.000
4500004341,00010,0001,2026-04-03T00:00:00,113.000,0.000
4500004342,00010,0001,2026-05-08T00:00:00,146.000,146.000
4500004343,00010,0001,2026-08-27T00:00:00,128.000,128.000
4500004344,00010,0001,2025-01-03T00:00:00,59.000,0.000
4500004345,00010,0001,2025-02-11T00:00:00,63.000,63.000
4500004346,00010,0001,2025-09-20T00:00:00,57.000,57.000
4500004347,00010,0001,2026-02-12T00:00:00,51.000,51.000
4500004348,00010,0001,2026-08-04T00:00:00,53.000,53.000
4500004349,00010,0001,2024-11-22T00:00:00,218.000,218.000
4500004350,00010,0001,2025-05-04T00:00:00,208.000,0.000
4500004351,00010,0001,2025-06-18T00:00:00,236.000,0.000
4500004352,00010,0001,2025-07-19T00:00:00,245.000,245.000
4500004353,00010,0001,2026-03-07T00:00:00,200.000,200.000
4500004354,00010,0001,2026-08-20T00:00:00,226.000,121.000
4500004355,00010,0001,2025-01-25T00:00:00,66.000,66.000
4500004356,00010,0001,2025-07-07T00:00:00,66.000,0.000
4500004357,00010,0001,2025-08-11T00:00:00,71.000,71.000
4500004358,00010,0001,2026-03-13T00:00:00,63.000,63.000
4500004359,00010,0001,2026-08-13T00:00:00,65.000,65.000
4500004360,00010,0001,2024-10-22T00:00:00,190.000,190.000
4500004361,00010,0001,2025-06-03T00:00:00,200.000,200.000
4500004362,00010,0001,2026-02-06T00:00:00,192.000,0.000
4500004363,00010,0001,2026-03-02T00:00:00,208.000,208.000
4500004364,00010,0001,2026-09-05T00:00:00,184.000,184.000
4500004365,00010,0001,2024-11-17T00:00:00,40.000,0.000
4500004366,00010,0001,2025-01-14T00:00:00,45.000,45.000
4500004367,00010,0001,2025-06-20T00:00:00,43.000,21.000
4500004368,00010,0001,2025-09-12T00:00:00,43.000,43.000
4500004369,00010,0001,2026-02-03T00:00:00,44.000,44.000
4500004370,00010,0001,2026-06-13T00:00:00,38.000,0.000
4500004371,00010,0001,2026-07-10T00:00:00,45.000,45.000
4500004372,00010,0001,2024-11-14T00:00:00,29.000,29.000
4500004373,00010,0001,2025-01-26T00:00:00,29.000,29.000
4500004374,00010,0001,2025-06-20T00:00:00,26.000,26.000
4500004375,00010,0001,2025-09-19T00:00:00,24.000,24.000
4500004376,00010,0001,2025-12-07T00:00:00,29.000,17.000
4500004377,00010,0001,2026-02-17T00:00:00,26.000,15.000
4500004378,00010,0001,2026-04-10T00:00:00,29.000,23.000
4500004379,00010,0001,2026-07-13T00:00:00,29.000,29.000
4500004380,00010,0001,2025-01-03T00:00:00,1.000,1.000
4500004381,00010,0001,2026-03-17T00:00:00,1.000,1.000
4500004382,00010,0001,2025-08-18T00:00:00,1.000,1.000
4500004383,00010,0001,2026-05-16T00:00:00,1.000,1.000
4500004384,00010,0001,2024-10-17T00:00:00,7.000,7.000
4500004385,00010,0001,2024-12-11T00:00:00,5.000,0.000
4500004386,00010,0001,2025-01-03T00:00:00,5.000,5.000
4500004387,00010,0001,2025-06-04T00:00:00,5.000,5.000
4500004388,00010,0001,2025-09-08T00:00:00,5.000,5.000
4500004389,00010,0001,2026-01-08T00:00:00,7.000,0.000
4500004390,00010,0001,2026-02-17T00:00:00,7.000,7.000
4500004391,00010,0001,2026-06-22T00:00:00,6.000,6.000
4500004392,00010,0001,2026-09-08T00:00:00,6.000,0.000
4500004393,00010,0001,2024-10-27T00:00:00,8.000,8.000
4500004394,00010,0001,2025-03-13T00:00:00,8.000,8.000
4500004395,00010,0001,2025-08-16T00:00:00,7.000,5.000
4500004396,00010,0001,2025-10-21T00:00:00,6.000,6.000
4500004397,00010,0001,2026-03-21T00:00:00,8.000,8.000
4500004398,00010,0001,2024-11-01T00:00:00,160.000,160.000
4500004399,00010,0001,2025-05-08T00:00:00,182.000,0.000
4500004400,00010,0001,2025-05-26T00:00:00,188.000,188.000
4500004401,00010,0001,2025-11-23T00:00:00,171.000,171.000
4500004402,00010,0001,2026-04-26T00:00:00,169.000,86.000
4500004403,00010,0001,2026-10-04T00:00:00,184.000,0.000
4500004404,00010,0001,2024-09-30T00:00:00,5.000,5.000
4500004405,00010,0001,2025-02-28T00:00:00,3.000,0.000
4500004406,00010,0001,2025-04-05T00:00:00,3.000,3.000
4500004407,00010,0001,2025-11-02T00:00:00,3.000,3.000
4500004408,00010,0001,2026-02-12T00:00:00,3.000,3.000
4500004409,00010,0001,2026-02-25T00:00:00,4.000,3.000
4500004410,00010,0001,2026-05-27T00:00:00,5.000,5.000
4500004411,00010,0001,2026-08-19T00:00:00,3.000,0.000
4500004412,00010,0001,2026-08-25T00:00:00,3.000,3.000
4500004413,00010,0001,2024-11-09T00:00:00,2.000,0.000
4500004414,00010,0001,2024-12-18T00:00:00,2.000,0.000
4500004415,00010,0001,2024-12-23T00:00:00,2.000,2.000
4500004416,00010,0001,2025-03-21T00:00:00,2.000,2.000
4500004417,00010,0001,2026-07-19T00:00:00,2.000,1.000
4500004418,00010,0001,2026-09-19T00:00:00,2.000,0.000
4500004419,00010,0001,2025-01-14T00:00:00,122.000,122.000
4500004420,00010,0001,2025-09-28T00:00:00,116.000,116.000
4500004421,00010,0001,2026-04-10T00:00:00,115.000,115.000
4500004422,00010,0001,2024-11-24T00:00:00,92.000,0.000
4500004423,00010,0001,2024-12-19T00:00:00,96.000,96.000
4500004424,00010,0001,2025-05-08T00:00:00,96.000,96.000
4500004425,00010,0001,2025-09-01T00:00:00,88.000,88.000
4500004426,00010,0001,2026-01-08T00:00:00,94.000,94.000
4500004427,00010,0001,2026-06-02T00:00:00,96.000,96.000
4500004428,00010,0001,2024-11-04T00:00:00,132.000,132.000
4500004429,00010,0001,2025-04-13T00:00:00,132.000,132.000
4500004430,00010,0001,2025-09-30T00:00:00,132.000,132.000
4500004431,00010,0001,2026-04-25T00:00:00,131.000,58.000
4500004432,00010,0001,2026-07-17T00:00:00,129.000,0.000
4500004433,00010,0001,2026-09-08T00:00:00,132.000,132.000
4500004434,00010,0001,2024-11-17T00:00:00,100.000,100.000
4500004435,00010,0001,2025-03-03T00:00:00,90.000,0.000
4500004436,00010,0001,2025-05-04T00:00:00,113.000,113.000
4500004437,00010,0001,2025-08-25T00:00:00,96.000,96.000
4500004438,00010,0001,2025-12-22T00:00:00,105.000,50.000
4500004439,00010,0001,2026-02-18T00:00:00,147.000,147.000
4500004440,00010,0001,2026-09-04T00:00:00,91.000,0.000
4500004441,00010,0001,2026-11-05T00:00:00,111.000,0.000
4500004442,00010,0001,2024-12-10T00:00:00,61.000,0.000
4500004443,00010,0001,2025-01-15T00:00:00,67.000,67.000
4500004444,00010,0001,2025-10-12T00:00:00,72.000,72.000
4500004445,00010,0001,2026-07-17T00:00:00,63.000,0.000
4500004446,00010,0001,2026-08-05T00:00:00,70.000,70.000
4500004447,00010,0001,2025-02-28T00:00:00,16.000,16.000
4500004448,00010,0001,2025-08-26T00:00:00,14.000,0.000
4500004449,00010,0001,2025-09-04T00:00:00,17.000,17.000
4500004450,00010,0001,2026-05-03T00:00:00,15.000,15.000
4500004451,00010,0001,2025-02-02T00:00:00,4.000,3.000
4500004452,00010,0001,2025-08-26T00:00:00,4.000,2.000
4500004453,00010,0001,2025-12-12T00:00:00,7.000,0.000
4500004454,00010,0001,2026-01-07T00:00:00,7.000,7.000
4500004455,00010,0001,2026-08-14T00:00:00,4.000,4.000
4500004456,00010,0001,2027-01-20T00:00:00,4.000,0.000
4500004457,00010,0001,2024-10-02T00:00:00,17.000,17.000
4500004458,00010,0001,2025-05-22T00:00:00,16.000,16.000
4500004459,00010,0001,2025-11-07T00:00:00,17.000,17.000
4500004460,00010,0001,2026-06-17T00:00:00,16.000,16.000
4500004461,00010,0001,2024-10-01T00:00:00,9.000,9.000
4500004462,00010,0001,2024-12-01T00:00:00,9.000,9.000
4500004463,00010,0001,2025-10-23T00:00:00,9.000,9.000
4500004464,00010,0001,2026-01-03T00:00:00,8.000,8.000
4500004465,00010,0001,2026-06-18T00:00:00,8.000,8.000
4500004466,00010,0001,2024-11-29T00:00:00,8.000,8.000
4500004467,00010,0001,2025-06-04T00:00:00,7.000,7.000
4500004468,00010,0001,2025-10-06T00:00:00,8.000,6.000
4500004469,00010,0001,2026-03-30T00:00:00,7.000,4.000
4500004470,00010,0001,2025-02-16T00:00:00,69.000,49.000
4500004471,00010,0001,2025-07-11T00:00:00,122.000,122.000
4500004472,00010,0001,2026-08-20T00:00:00,67.000,0.000
4500004473,00010,0001,2026-09-26T00:00:00,74.000,0.000
4500004474,00010,0001,2027-01-06T00:00:00,104.000,0.000
4500004475,00010,0001,2025-02-13T00:00:00,105.000,0.000
4500004476,00010,0001,2025-03-07T00:00:00,130.000,130.000
4500004477,00010,0001,2025-10-09T00:00:00,96.000,39.000
4500004478,00010,0001,2025-12-26T00:00:00,127.000,127.000
4500004479,00010,0001,2026-08-06T00:00:00,105.000,105.000
4500004480,00010,0001,2027-01-16T00:00:00,106.000,0.000
4500004481,00010,0001,2025-03-26T00:00:00,6.000,6.000
4500004482,00010,0001,2025-05-12T00:00:00,6.000,6.000
4500004483,00010,0001,2025-08-23T00:00:00,5.000,0.000
4500004484,00010,0001,2025-08-24T00:00:00,5.000,0.000
4500004485,00010,0001,2025-09-26T00:00:00,7.000,0.000
4500004486,00010,0001,2025-11-11T00:00:00,7.000,7.000
4500004487,00010,0001,2025-12-29T00:00:00,6.000,6.000
4500004488,00010,0001,2026-09-11T00:00:00,5.000,0.000
4500004489,00010,0001,2024-11-25T00:00:00,136.000,0.000
4500004490,00010,0001,2025-01-08T00:00:00,159.000,159.000
4500004491,00010,0001,2025-08-26T00:00:00,136.000,136.000
4500004492,00010,0001,2026-02-06T00:00:00,125.000,125.000
4500004493,00010,0001,2026-07-02T00:00:00,127.000,127.000
4500004494,00010,0001,2025-06-21T00:00:00,9.000,9.000
4500004495,00010,0001,2026-06-10T00:00:00,8.000,8.000
4500004496,00010,0001,2027-04-11T00:00:00,8.000,0.000
4500004497,00010,0001,2025-01-11T00:00:00,4.000,4.000
4500004498,00010,0001,2025-01-19T00:00:00,8.000,0.000
4500004499,00010,0001,2025-03-18T00:00:00,12.000,12.000
4500004500,00010,0001,2025-10-11T00:00:00,5.000,5.000
4500004501,00010,0001,2025-11-27T00:00:00,9.000,7.000
4500004502,00010,0001,2026-05-08T00:00:00,6.000,6.000
4500004503,00010,0001,2026-10-04T00:00:00,4.000,0.000
4500004504,00010,0001,2026-11-06T00:00:00,6.000,0.000
4500004505,00010,0001,2026-11-30T00:00:00,6.000,0.000
4500004506,00010,0001,2025-01-07T00:00:00,72.000,72.000
4500004507,00010,0001,2025-05-04T00:00:00,64.000,0.000
4500004508,00010,0001,2025-06-07T00:00:00,76.000,76.000
4500004509,00010,0001,2025-10-09T00:00:00,56.000,56.000
4500004510,00010,0001,2026-01-17T00:00:00,112.000,69.000
4500004511,00010,0001,2026-06-20T00:00:00,66.000,66.000
4500004512,00010,0001,2026-10-17T00:00:00,58.000,0.000
4500004513,00010,0001,2024-12-31T00:00:00,225.000,225.000
4500004514,00010,0001,2025-07-20T00:00:00,196.000,196.000
4500004515,00010,0001,2026-03-09T00:00:00,213.000,213.000
4500004516,00010,0001,2026-10-05T00:00:00,203.000,0.000
4500004517,00010,0001,2024-12-28T00:00:00,83.000,83.000
4500004518,00010,0001,2025-04-24T00:00:00,70.000,70.000
4500004519,00010,0001,2025-09-11T00:00:00,76.000,76.000
4500004520,00010,0001,2025-12-24T00:00:00,65.000,45.000
4500004521,00010,0001,2026-03-23T00:00:00,114.000,114.000
4500004522,00010,0001,2026-10-23T00:00:00,77.000,0.000
4500004523,00010,0001,2025-03-04T00:00:00,7.000,7.000
4500004524,00010,0001,2025-08-30T00:00:00,5.000,0.000
4500004525,00010,0001,2025-10-04T00:00:00,5.000,5.000
4500004526,00010,0001,2026-02-10T00:00:00,5.000,5.000
4500004527,00010,0001,2026-07-20T00:00:00,5.000,5.000
4500004528,00010,0001,2024-12-25T00:00:00,9.000,9.000
4500004529,00010,0001,2025-04-21T00:00:00,8.000,8.000
4500004530,00010,0001,2025-12-09T00:00:00,10.000,10.000
4500004531,00010,0001,2025-01-05T00:00:00,6.000,6.000
4500004532,00010,0001,2025-05-09T00:00:00,5.000,5.000
4500004533,00010,0001,2026-05-15T00:00:00,6.000,6.000
4500004534,00010,0001,2026-07-15T00:00:00,5.000,5.000
4500004535,00010,0001,2025-01-04T00:00:00,9.000,9.000
4500004536,00010,0001,2025-06-23T00:00:00,5.000,5.000
4500004537,00010,0001,2026-01-29T00:00:00,8.000,0.000
4500004538,00010,0001,2026-03-17T00:00:00,8.000,8.000
4500004539,00010,0001,2026-09-21T00:00:00,6.000,0.000
4500004540,00010,0001,2026-11-01T00:00:00,6.000,0.000
4500004541,00010,0001,2025-02-01T00:00:00,5.000,4.000
4500004542,00010,0001,2025-03-29T00:00:00,9.000,9.000
4500004543,00010,0001,2026-04-18T00:00:00,5.000,5.000
4500004544,00010,0001,2026-09-30T00:00:00,6.000,0.000
4500004545,00010,0001,2025-01-01T00:00:00,18.000,18.000
4500004546,00010,0001,2025-12-16T00:00:00,21.000,21.000
4500004547,00010,0001,2025-01-22T00:00:00,73.000,73.000
4500004548,00010,0001,2025-05-09T00:00:00,74.000,74.000
4500004549,00010,0001,2025-09-01T00:00:00,68.000,68.000
4500004550,00010,0001,2025-12-24T00:00:00,75.000,0.000
4500004551,00010,0001,2026-01-26T00:00:00,98.000,98.000
4500004552,00010,0001,2026-05-03T00:00:00,68.000,0.000
4500004553,00010,0001,2026-06-02T00:00:00,103.000,103.000
4500004554,00010,0001,2026-11-05T00:00:00,62.000,0.000
4500004555,00010,0001,2026-11-21T00:00:00,81.000,0.000
4500004556,00010,0001,2025-01-22T00:00:00,143.000,0.000
4500004557,00010,0001,2025-01-28T00:00:00,179.000,127.000
4500004558,00010,0001,2025-07-26T00:00:00,141.000,85.000
4500004559,00010,0001,2026-01-03T00:00:00,152.000,152.000
4500004560,00010,0001,2026-06-09T00:00:00,167.000,116.000
4500004561,00010,0001,2026-11-14T00:00:00,145.000,0.000
4500004562,00010,0001,2024-10-06T00:00:00,14.000,14.000
4500004563,00010,0001,2025-06-23T00:00:00,15.000,15.000
4500004564,00010,0001,2026-01-21T00:00:00,15.000,15.000
4500004565,00010,0001,2026-07-28T00:00:00,15.000,15.000
4500004566,00010,0001,2025-01-29T00:00:00,6.000,3.000
4500004567,00010,0001,2025-06-13T00:00:00,6.000,3.000
4500004568,00010,0001,2025-08-28T00:00:00,7.000,7.000
4500004569,00010,0001,2026-01-04T00:00:00,7.000,7.000
4500004570,00010,0001,2026-08-18T00:00:00,5.000,3.000
4500004571,00010,0001,2026-09-25T00:00:00,5.000,0.000
4500004572,00010,0001,2025-05-21T00:00:00,10.000,0.000
4500004573,00010,0001,2025-06-29T00:00:00,12.000,12.000
4500004574,00010,0001,2026-01-16T00:00:00,22.000,0.000
4500004575,00010,0001,2026-02-01T00:00:00,24.000,24.000
4500004576,00010,0001,2025-02-12T00:00:00,40.000,0.000
4500004577,00010,0001,2025-03-08T00:00:00,47.000,20.000
4500004578,00010,0001,2025-08-08T00:00:00,38.000,25.000
4500004579,00010,0001,2026-01-30T00:00:00,39.000,39.000
4500004580,00010,0001,2025-09-26T00:00:00,3.000,3.000
4500004581,00010,0001,2026-02-11T00:00:00,6.000,0.000
4500004582,00010,0001,2026-03-25T00:00:00,7.000,7.000
4500004583,00010,0001,2025-01-28T00:00:00,244.000,244.000
4500004584,00010,0001,2025-10-16T00:00:00,246.000,246.000
4500004585,00010,0001,2026-06-01T00:00:00,229.000,0.000
4500004586,00010,0001,2026-06-28T00:00:00,254.000,254.000
4500004587,00010,0001,2024-11-23T00:00:00,17.000,8.000
4500004588,00010,0001,2025-02-03T00:00:00,25.000,16.000
4500004589,00010,0001,2025-10-03T00:00:00,18.000,9.000
4500004590,00010,0001,2026-01-12T00:00:00,22.000,0.000
4500004591,00010,0001,2026-03-06T00:00:00,25.000,25.000
4500004592,00010,0001,2024-11-13T00:00:00,13.000,13.000
4500004593,00010,0001,2025-04-27T00:00:00,11.000,11.000
4500004594,00010,0001,2025-09-19T00:00:00,12.000,12.000
4500004595,00010,0001,2025-11-26T00:00:00,12.000,12.000
4500004596,00010,0001,2026-03-13T00:00:00,12.000,0.000
4500004597,00010,0001,2026-04-22T00:00:00,12.000,8.000
4500004598,00010,0001,2024-11-14T00:00:00,34.000,0.000
4500004599,00010,0001,2024-12-04T00:00:00,40.000,40.000
4500004600,00010,0001,2025-04-05T00:00:00,40.000,40.000
4500004601,00010,0001,2025-09-08T00:00:00,40.000,40.000
4500004602,00010,0001,2026-03-16T00:00:00,37.000,37.000
4500004603,00010,0001,2026-09-25T00:00:00,35.000,0.000
4500004604,00010,0001,2024-12-13T00:00:00,13.000,13.000
4500004605,00010,0001,2025-09-02T00:00:00,11.000,6.000
4500004606,00010,0001,2026-04-23T00:00:00,13.000,13.000
4500004607,00010,0001,2025-02-15T00:00:00,6.000,6.000
4500004608,00010,0001,2025-12-02T00:00:00,5.000,2.000
4500004609,00010,0001,2026-02-15T00:00:00,7.000,7.000
4500004610,00010,0001,2027-01-01T00:00:00,5.000,0.000
4500004611,00010,0001,2024-12-25T00:00:00,30.000,30.000
4500004612,00010,0001,2025-10-14T00:00:00,24.000,24.000
4500004613,00010,0001,2025-01-11T00:00:00,9.000,0.000
4500004614,00010,0001,2025-01-09T00:00:00,11.000,11.000
4500004615,00010,0001,2025-06-20T00:00:00,11.000,8.000
4500004616,00010,0001,2025-10-14T00:00:00,9.000,9.000
4500004617,00010,0001,2026-05-14T00:00:00,11.000,0.000
4500004618,00010,0001,2026-06-23T00:00:00,11.000,11.000
4500004619,00010,0001,2024-11-30T00:00:00,163.000,163.000
4500004620,00010,0001,2025-04-24T00:00:00,137.000,0.000
4500004621,00010,0001,2025-06-01T00:00:00,157.000,157.000
4500004622,00010,0001,2025-12-16T00:00:00,148.000,148.000
4500004623,00010,0001,2026-05-10T00:00:00,146.000,146.000
4500004624,00010,0001,2024-10-03T00:00:00,129.000,129.000
4500004625,00010,0001,2025-02-10T00:00:00,138.000,0.000
4500004626,00010,0001,2025-03-28T00:00:00,141.000,141.000
4500004627,00010,0001,2025-09-16T00:00:00,141.000,141.000
4500004628,00010,0001,2026-01-03T00:00:00,141.000,141.000
4500004629,00010,0001,2026-06-13T00:00:00,129.000,129.000
4500004630,00010,0001,2025-03-21T00:00:00,4.000,4.000
4500004631,00010,0001,2025-11-07T00:00:00,4.000,0.000
4500004632,00010,0001,2026-01-06T00:00:00,5.000,0.000
4500004633,00010,0001,2026-01-17T00:00:00,6.000,6.000
4500004634,00010,0001,2026-09-20T00:00:00,4.000,0.000
4500004635,00010,0001,2026-11-07T00:00:00,4.000,0.000
4500004636,00010,0001,2025-02-14T00:00:00,13.000,13.000
4500004637,00010,0001,2025-10-05T00:00:00,13.000,9.000
4500004638,00010,0001,2026-07-30T00:00:00,16.000,16.000
4500004639,00010,0001,2026-12-20T00:00:00,15.000,0.000
4500004640,00010,0001,2025-04-07T00:00:00,9.000,9.000
4500004641,00010,0001,2025-10-21T00:00:00,10.000,6.000
4500004642,00010,0001,2026-05-24T00:00:00,9.000,5.000
4500004643,00010,0001,2024-11-10T00:00:00,8.000,5.000
4500004644,00010,0001,2025-03-19T00:00:00,5.000,4.000
4500004645,00010,0001,2025-05-03T00:00:00,9.000,7.000
4500004646,00010,0001,2025-06-27T00:00:00,5.000,0.000
4500004647,00010,0001,2025-08-11T00:00:00,5.000,5.000
4500004648,00010,0001,2026-03-14T00:00:00,7.000,5.000
4500004649,00010,0001,2026-08-13T00:00:00,6.000,6.000
4500004650,00010,0001,2025-02-14T00:00:00,5.000,0.000
4500004651,00010,0001,2025-03-25T00:00:00,5.000,5.000
4500004652,00010,0001,2025-11-04T00:00:00,5.000,5.000
4500004653,00010,0001,2026-06-27T00:00:00,5.000,5.000
4500004654,00010,0001,2024-11-05T00:00:00,5.000,5.000
4500004655,00010,0001,2025-09-28T00:00:00,8.000,8.000
4500004656,00010,0001,2025-10-31T00:00:00,13.000,13.000
4500004657,00010,0001,2025-05-06T00:00:00,11.000,0.000
4500004658,00010,0001,2025-05-19T00:00:00,11.000,11.000
4500004659,00010,0001,2026-01-07T00:00:00,10.000,10.000
4500004660,00010,0001,2026-08-26T00:00:00,10.000,10.000
4500004661,00010,0001,2024-10-16T00:00:00,1.000,1.000
4500004662,00010,0001,2025-01-26T00:00:00,3.000,3.000
4500004663,00010,0001,2025-02-27T00:00:00,1.000,0.000
4500004664,00010,0001,2025-04-24T00:00:00,1.000,1.000
4500004665,00010,0001,2025-11-15T00:00:00,2.000,0.000
4500004666,00010,0001,2025-12-22T00:00:00,3.000,3.000
4500004667,00010,0001,2026-03-05T00:00:00,1.000,0.000
4500004668,00010,0001,2026-04-05T00:00:00,3.000,0.000
4500004669,00010,0001,2026-04-29T00:00:00,3.000,3.000
4500004670,00010,0001,2026-07-18T00:00:00,2.000,0.000
4500004671,00010,0001,2026-08-16T00:00:00,2.000,1.000
4500004672,00010,0001,2026-09-27T00:00:00,1.000,0.000
4500004673,00010,0001,2024-10-31T00:00:00,8.000,8.000
4500004674,00010,0001,2025-09-19T00:00:00,8.000,8.000
4500004675,00010,0001,2026-03-31T00:00:00,8.000,8.000
4500004676,00010,0001,2024-12-18T00:00:00,31.000,31.000
4500004677,00010,0001,2025-09-26T00:00:00,27.000,27.000
4500004678,00010,0001,2026-03-16T00:00:00,30.000,30.000
4500004679,00010,0001,2024-09-22T00:00:00,13.000,13.000
4500004680,00010,0001,2025-09-10T00:00:00,13.000,13.000
4500004681,00010,0001,2026-03-16T00:00:00,10.000,0.000
4500004682,00010,0001,2026-03-19T00:00:00,10.000,10.000
4500004683,00010,0001,2025-05-23T00:00:00,8.000,8.000
4500004684,00010,0001,2026-06-08T00:00:00,7.000,7.000
4500004685,00010,0001,2025-06-04T00:00:00,10.000,10.000
4500004686,00010,0001,2026-10-14T00:00:00,10.000,0.000
4500004687,00010,0001,2026-11-07T00:00:00,10.000,0.000
4500004688,00010,0001,2026-12-16T00:00:00,10.000,0.000
4500004689,00010,0001,2027-05-03T00:00:00,16.000,0.000
4500004690,00010,0001,2024-10-03T00:00:00,5.000,5.000
4500004691,00010,0001,2025-01-09T00:00:00,6.000,0.000
4500004692,00010,0001,2025-02-04T00:00:00,6.000,0.000
4500004693,00010,0001,2025-02-28T00:00:00,7.000,7.000
4500004694,00010,0001,2025-11-11T00:00:00,5.000,5.000
4500004695,00010,0001,2026-03-28T00:00:00,5.000,5.000
4500004696,00010,0001,2026-07-12T00:00:00,5.000,0.000
4500004697,00010,0001,2026-08-09T00:00:00,7.000,7.000
4500004698,00010,0001,2024-10-13T00:00:00,4.000,2.000
4500004699,00010,0001,2024-12-27T00:00:00,4.000,4.000
4500004700,00010,0001,2025-05-01T00:00:00,7.000,7.000
4500004701,00010,0001,2026-02-11T00:00:00,4.000,4.000
4500004702,00010,0001,2026-04-30T00:00:00,5.000,5.000
4500004703,00010,0001,2026-07-31T00:00:00,7.000,7.000
4500004704,00010,0001,2026-09-28T00:00:00,4.000,0.000
4500004705,00010,0001,2024-10-28T00:00:00,19.000,0.000
4500004706,00010,0001,2024-11-18T00:00:00,19.000,0.000
4500004707,00010,0001,2024-12-10T00:00:00,21.000,21.000
4500004708,00010,0001,2025-03-20T00:00:00,12.000,12.000
4500004709,00010,0001,2025-09-12T00:00:00,13.000,13.000
4500004710,00010,0001,2026-03-08T00:00:00,13.000,13.000
4500004711,00010,0001,2026-07-27T00:00:00,14.000,14.000
4500004712,00010,0001,2024-11-01T00:00:00,172.000,0.000
4500004713,00010,0001,2024-12-08T00:00:00,196.000,0.000
4500004714,00010,0001,2025-01-27T00:00:00,217.000,0.000
4500004715,00010,0001,2025-02-27T00:00:00,217.000,217.000
4500004716,00010,0001,2025-11-08T00:00:00,194.000,194.000
4500004717,00010,0001,2026-05-16T00:00:00,169.000,124.000
4500004718,00010,0001,2026-10-07T00:00:00,174.000,0.000
4500004719,00010,0001,2024-11-06T00:00:00,8.000,8.000
4500004720,00010,0001,2025-06-04T00:00:00,8.000,8.000
4500004721,00010,0001,2026-07-29T00:00:00,9.000,9.000
4500004722,00010,0001,2024-11-10T00:00:00,252.000,252.000
4500004723,00010,0001,2025-06-11T00:00:00,271.000,271.000
4500004724,00010,0001,2025-12-02T00:00:00,260.000,111.000
4500004725,00010,0001,2026-03-23T00:00:00,283.000,283.000
4500004726,00010,0001,2026-10-20T00:00:00,245.000,0.000
4500004727,00010,0001,2025-02-01T00:00:00,7.000,7.000
4500004728,00010,0001,2026-04-16T00:00:00,7.000,0.000
4500004729,00010,0001,2026-05-02T00:00:00,7.000,4.000
4500004730,00010,0001,2026-10-22T00:00:00,7.000,0.000
4500004731,00010,0001,2024-11-26T00:00:00,5.000,5.000
4500004732,00010,0001,2025-07-05T00:00:00,5.000,5.000
4500004733,00010,0001,2026-01-25T00:00:00,5.000,5.000
4500004734,00010,0001,2025-03-19T00:00:00,14.000,14.000
4500004735,00010,0001,2026-04-02T00:00:00,14.000,9.000
4500004736,00010,0001,2026-12-20T00:00:00,13.000,0.000
4500004737,00010,0001,2024-09-25T00:00:00,6.000,4.000
4500004738,00010,0001,2025-01-04T00:00:00,6.000,3.000
4500004739,00010,0001,2025-02-11T00:00:00,6.000,6.000
4500004740,00010,0001,2025-05-11T00:00:00,6.000,0.000
4500004741,00010,0001,2025-06-11T00:00:00,6.000,6.000
4500004742,00010,0001,2026-03-04T00:00:00,5.000,5.000
4500004743,00010,0001,2025-05-12T00:00:00,10.000,10.000
4500004744,00010,0001,2026-02-12T00:00:00,10.000,10.000
4500004745,00010,0001,2026-10-11T00:00:00,10.000,0.000
4500004746,00010,0001,2027-01-12T00:00:00,14.000,0.000
4500004747,00010,0001,2024-11-13T00:00:00,6.000,3.000
4500004748,00010,0001,2025-02-17T00:00:00,7.000,7.000
4500004749,00010,0001,2025-08-24T00:00:00,7.000,0.000
4500004750,00010,0001,2025-10-07T00:00:00,7.000,7.000
4500004751,00010,0001,2026-04-14T00:00:00,6.000,0.000
4500004752,00010,0001,2026-05-25T00:00:00,8.000,0.000
4500004753,00010,0001,2026-06-11T00:00:00,9.000,9.000
4500004754,00010,0001,2024-12-26T00:00:00,131.000,131.000
4500004755,00010,0001,2025-09-18T00:00:00,114.000,0.000
4500004756,00010,0001,2025-10-31T00:00:00,128.000,0.000
4500004757,00010,0001,2025-12-06T00:00:00,138.000,138.000
4500004758,00010,0001,2026-09-24T00:00:00,122.000,0.000
4500004759,00010,0001,2025-03-15T00:00:00,19.000,19.000
4500004760,00010,0001,2025-08-31T00:00:00,16.000,13.000
4500004761,00010,0001,2026-09-30T00:00:00,14.000,0.000
4500004762,00010,0001,2026-04-26T00:00:00,3.000,3.000
4500004763,00010,0001,2025-01-08T00:00:00,97.000,97.000
4500004764,00010,0001,2025-08-20T00:00:00,95.000,95.000
4500004765,00010,0001,2026-04-14T00:00:00,99.000,99.000
4500004766,00010,0001,2026-10-19T00:00:00,84.000,0.000
4500004767,00010,0001,2025-01-13T00:00:00,13.000,13.000
4500004768,00010,0001,2025-06-04T00:00:00,12.000,0.000
4500004769,00010,0001,2025-07-12T00:00:00,12.000,12.000
4500004770,00010,0001,2025-12-01T00:00:00,11.000,11.000
4500004771,00010,0001,2026-10-06T00:00:00,13.000,0.000
4500004772,00010,0001,2026-12-08T00:00:00,2.000,0.000
4500004773,00010,0001,2025-01-13T00:00:00,9.000,0.000
4500004774,00010,0001,2025-01-25T00:00:00,9.000,4.000
4500004775,00010,0001,2025-02-24T00:00:00,9.000,0.000
4500004776,00010,0001,2025-04-13T00:00:00,10.000,10.000
4500004777,00010,0001,2025-09-30T00:00:00,5.000,5.000
4500004778,00010,0001,2024-10-25T00:00:00,8.000,8.000
4500004779,00010,0001,2025-02-01T00:00:00,5.000,5.000
4500004780,00010,0001,2025-08-22T00:00:00,5.000,5.000
4500004781,00010,0001,2026-02-04T00:00:00,9.000,9.000
4500004782,00010,0001,2026-07-26T00:00:00,7.000,7.000
4500004783,00010,0001,2024-12-26T00:00:00,277.000,277.000
4500004784,00010,0001,2025-10-14T00:00:00,292.000,292.000
4500004785,00010,0001,2026-08-04T00:00:00,276.000,0.000
4500004786,00010,0001,2026-08-11T00:00:00,312.000,312.000
4500004787,00010,0001,2025-02-10T00:00:00,77.000,0.000
4500004788,00010,0001,2025-03-14T00:00:00,82.000,82.000
4500004789,00010,0001,2025-11-28T00:00:00,78.000,0.000
4500004790,00010,0001,2025-12-26T00:00:00,82.000,0.000
4500004791,00010,0001,2026-02-01T00:00:00,82.000,82.000
4500004792,00010,0001,2026-09-25T00:00:00,82.000,0.000
4500004793,00010,0001,2026-10-31T00:00:00,82.000,0.000
4500004794,00010,0001,2025-05-08T00:00:00,2.000,0.000
4500004795,00010,0001,2025-05-25T00:00:00,2.000,2.000
4500004796,00010,0001,2025-09-04T00:00:00,2.000,2.000
4500004797,00010,0001,2026-03-13T00:00:00,2.000,0.000
4500004798,00010,0001,2026-04-06T00:00:00,2.000,2.000
4500004799,00010,0001,2025-11-30T00:00:00,1.000,1.000
4500004800,00010,0001,2026-01-13T00:00:00,1.000,1.000
4500004801,00010,0001,2024-12-28T00:00:00,1.000,1.000
4500004802,00010,0001,2025-09-15T00:00:00,2.000,0.000
4500004803,00010,0001,2025-10-17T00:00:00,2.000,2.000
4500004804,00010,0001,2026-02-08T00:00:00,2.000,2.000
4500004805,00010,0001,2024-12-08T00:00:00,7.000,3.000
4500004806,00010,0001,2025-05-25T00:00:00,8.000,5.000
4500004807,00010,0001,2025-06-29T00:00:00,11.000,11.000
4500004808,00010,0001,2026-10-02T00:00:00,9.000,0.000
4500004809,00010,0001,2025-02-14T00:00:00,12.000,0.000
4500004810,00010,0001,2025-03-10T00:00:00,13.000,13.000
4500004811,00010,0001,2026-04-22T00:00:00,13.000,10.000
4500004812,00010,0001,2026-08-10T00:00:00,10.000,10.000
4500004813,00010,0001,2024-11-22T00:00:00,6.000,6.000
4500004814,00010,0001,2025-04-29T00:00:00,3.000,3.000
4500004815,00010,0001,2025-08-02T00:00:00,3.000,3.000
4500004816,00010,0001,2025-09-19T00:00:00,6.000,6.000
4500004817,00010,0001,2025-01-25T00:00:00,173.000,173.000
4500004818,00010,0001,2026-03-22T00:00:00,163.000,163.000
4500004819,00010,0001,2025-01-23T00:00:00,187.000,187.000
4500004820,00010,0001,2025-06-04T00:00:00,165.000,165.000
4500004821,00010,0001,2025-10-11T00:00:00,170.000,170.000
4500004822,00010,0001,2026-01-24T00:00:00,169.000,169.000
4500004823,00010,0001,2026-05-20T00:00:00,164.000,164.000
4500004824,00010,0001,2026-03-12T00:00:00,1.000,1.000
4500004825,00010,0001,2026-08-12T00:00:00,1.000,1.000
4500004826,00010,0001,2025-10-04T00:00:00,1.000,0.000
4500004827,00010,0001,2025-11-16T00:00:00,1.000,0.000
4500004828,00010,0001,2025-12-08T00:00:00,1.000,1.000
4500004829,00010,0001,2026-05-16T00:00:00,1.000,1.000
4500004830,00010,0001,2026-06-22T00:00:00,1.000,1.000
4500004831,00010,0001,2026-04-01T00:00:00,3.000,3.000
4500004832,00010,0001,2024-10-20T00:00:00,47.000,47.000
4500004833,00010,0001,2025-01-25T00:00:00,63.000,63.000
4500004834,00010,0001,2025-06-13T00:00:00,74.000,74.000
4500004835,00010,0001,2025-10-29T00:00:00,56.000,0.000
4500004836,00010,0001,2025-11-20T00:00:00,74.000,51.000
4500004837,00010,0001,2026-03-11T00:00:00,51.000,51.000
4500004838,00010,0001,2026-05-31T00:00:00,53.000,53.000
4500004839,00010,0001,2026-09-26T00:00:00,48.000,0.000
4500004840,00010,0001,2024-10-26T00:00:00,3.000,3.000
4500004841,00010,0001,2025-05-16T00:00:00,3.000,3.000
4500004842,00010,0001,2025-11-21T00:00:00,3.000,3.000
4500004843,00010,0001,2026-03-19T00:00:00,3.000,3.000
4500004844,00010,0001,2026-06-25T00:00:00,3.000,3.000
4500004845,00010,0001,2024-10-10T00:00:00,5.000,5.000
4500004846,00010,0001,2024-11-04T00:00:00,4.000,4.000
4500004847,00010,0001,2025-12-23T00:00:00,5.000,5.000
4500004848,00010,0001,2024-12-01T00:00:00,7.000,0.000
4500004849,00010,0001,2025-01-03T00:00:00,8.000,8.000
4500004850,00010,0001,2025-07-07T00:00:00,5.000,0.000
4500004851,00010,0001,2025-07-25T00:00:00,8.000,8.000
4500004852,00010,0001,2025-10-11T00:00:00,7.000,7.000
4500004853,00010,0001,2025-12-10T00:00:00,6.000,6.000
4500004854,00010,0001,2026-03-07T00:00:00,7.000,7.000
4500004855,00010,0001,2026-03-30T00:00:00,5.000,2.000
4500004856,00010,0001,2026-08-07T00:00:00,6.000,6.000
4500004857,00010,0001,2024-10-20T00:00:00,3.000,2.000
4500004858,00010,0001,2025-05-16T00:00:00,4.000,4.000
4500004859,00010,0001,2025-10-11T00:00:00,4.000,4.000
4500004860,00010,0001,2026-01-10T00:00:00,3.000,1.000
4500004861,00010,0001,2026-01-23T00:00:00,4.000,0.000
4500004862,00010,0001,2026-02-17T00:00:00,3.000,3.000
4500004863,00010,0001,2026-04-25T00:00:00,3.000,3.000
4500004864,00010,0001,2024-12-05T00:00:00,82.000,82.000
4500004865,00010,0001,2025-05-19T00:00:00,71.000,71.000
4500004866,00010,0001,2025-11-05T00:00:00,74.000,74.000
4500004867,00010,0001,2026-05-13T00:00:00,79.000,79.000
4500004868,00010,0001,2026-10-11T00:00:00,81.000,0.000
4500004869,00010,0001,2024-12-15T00:00:00,134.000,134.000
4500004870,00010,0001,2025-08-04T00:00:00,140.000,140.000
4500004871,00010,0001,2026-03-10T00:00:00,135.000,135.000
4500004872,00010,0001,2025-02-05T00:00:00,7.000,7.000
4500004873,00010,0001,2026-01-08T00:00:00,8.000,8.000
4500004874,00010,0001,2026-03-13T00:00:00,17.000,17.000
4500004875,00010,0001,2026-12-21T00:00:00,7.000,0.000
4500004876,00010,0001,2025-02-07T00:00:00,29.000,29.000
4500004877,00010,0001,2026-04-04T00:00:00,26.000,26.000
4500004878,00010,0001,2024-11-01T00:00:00,4.000,4.000
4500004879,00010,0001,2024-12-08T00:00:00,5.000,5.000
4500004880,00010,0001,2025-02-24T00:00:00,5.000,5.000
4500004881,00010,0001,2025-06-12T00:00:00,5.000,0.000
4500004882,00010,0001,2025-07-05T00:00:00,5.000,5.000
4500004883,00010,0001,2025-10-10T00:00:00,3.000,2.000
4500004884,00010,0001,2026-04-08T00:00:00,5.000,4.000
4500004885,00010,0001,2026-05-06T00:00:00,5.000,5.000
4500004886,00010,0001,2024-12-18T00:00:00,90.000,90.000
4500004887,00010,0001,2025-03-21T00:00:00,89.000,89.000
4500004888,00010,0001,2025-07-16T00:00:00,101.000,101.000
4500004889,00010,0001,2025-10-09T00:00:00,101.000,0.000
4500004890,00010,0001,2025-10-29T00:00:00,101.000,101.000
4500004891,00010,0001,2026-01-23T00:00:00,101.000,101.000
4500004892,00010,0001,2026-04-30T00:00:00,83.000,83.000
4500004893,00010,0001,2026-08-12T00:00:00,88.000,88.000
4500004894,00010,0001,2024-11-19T00:00:00,238.000,238.000
4500004895,00010,0001,2025-06-04T00:00:00,221.000,221.000
4500004896,00010,0001,2025-12-09T00:00:00,242.000,242.000
4500004897,00010,0001,2026-05-17T00:00:00,210.000,210.000
4500004898,00010,0001,2026-10-09T00:00:00,205.000,0.000
4500004899,00010,0001,2024-12-25T00:00:00,152.000,94.000
4500004900,00010,0001,2025-04-26T00:00:00,131.000,131.000
4500004901,00010,0001,2025-12-05T00:00:00,149.000,60.000
4500004902,00010,0001,2026-01-29T00:00:00,199.000,0.000
4500004903,00010,0001,2026-03-15T00:00:00,199.000,199.000
4500004904,00010,0001,2024-10-12T00:00:00,3.000,1.000
4500004905,00010,0001,2024-11-11T00:00:00,3.000,1.000
4500004906,00010,0001,2025-02-23T00:00:00,3.000,3.000
4500004907,00010,0001,2025-04-27T00:00:00,2.000,2.000
4500004908,00010,0001,2025-09-04T00:00:00,3.000,3.000
4500004909,00010,0001,2025-11-06T00:00:00,2.000,2.000
4500004910,00010,0001,2026-04-23T00:00:00,3.000,3.000
4500004911,00010,0001,2026-09-01T00:00:00,3.000,3.000
4500004912,00010,0001,2025-02-06T00:00:00,235.000,235.000
4500004913,00010,0001,2026-03-28T00:00:00,248.000,248.000
4500004914,00010,0001,2024-12-14T00:00:00,4.000,4.000
4500004915,00010,0001,2025-05-12T00:00:00,4.000,4.000
4500004916,00010,0001,2025-12-19T00:00:00,4.000,4.000
4500004917,00010,0001,2026-03-11T00:00:00,3.000,3.000
4500004918,00010,0001,2026-06-18T00:00:00,3.000,0.000
4500004919,00010,0001,2026-07-20T00:00:00,4.000,0.000
4500004920,00010,0001,2026-08-27T00:00:00,4.000,4.000
4500004921,00010,0001,2024-10-23T00:00:00,2.000,2.000
4500004922,00010,0001,2025-04-07T00:00:00,3.000,3.000
4500004923,00010,0001,2025-08-08T00:00:00,3.000,3.000
4500004924,00010,0001,2026-04-09T00:00:00,3.000,3.000
4500004925,00010,0001,2026-06-06T00:00:00,2.000,2.000
4500004926,00010,0001,2026-07-03T00:00:00,3.000,3.000
4500004927,00010,0001,2026-09-16T00:00:00,2.000,0.000
4500004928,00010,0001,2024-11-14T00:00:00,14.000,14.000
4500004929,00010,0001,2025-10-12T00:00:00,14.000,14.000
4500004930,00010,0001,2026-05-25T00:00:00,13.000,8.000
4500004931,00010,0001,2026-08-12T00:00:00,14.000,14.000
4500004932,00010,0001,2024-12-21T00:00:00,5.000,5.000
4500004933,00010,0001,2025-09-09T00:00:00,6.000,0.000
4500004934,00010,0001,2025-09-26T00:00:00,6.000,6.000
4500004935,00010,0001,2026-02-27T00:00:00,4.000,4.000
4500004936,00010,0001,2026-05-05T00:00:00,3.000,3.000
4500004937,00010,0001,2026-08-27T00:00:00,4.000,4.000
4500004938,00010,0001,2025-02-08T00:00:00,14.000,0.000
4500004939,00010,0001,2025-02-23T00:00:00,14.000,9.000
4500004940,00010,0001,2025-06-08T00:00:00,24.000,24.000
4500004941,00010,0001,2026-10-15T00:00:00,13.000,0.000
4500004942,00010,0001,2024-10-06T00:00:00,11.000,11.000
4500004943,00010,0001,2025-07-29T00:00:00,9.000,0.000
4500004944,00010,0001,2025-09-25T00:00:00,11.000,8.000
4500004945,00010,0001,2026-02-18T00:00:00,8.000,8.000
4500004946,00010,0001,2025-10-14T00:00:00,2.000,2.000
4500004947,00010,0001,2026-06-09T00:00:00,2.000,2.000
4500004948,00010,0001,2026-09-12T00:00:00,2.000,0.000
4500004949,00010,0001,2026-10-19T00:00:00,2.000,0.000
4500004950,00010,0001,2026-10-17T00:00:00,2.000,0.000
4500004951,00010,0001,2024-11-10T00:00:00,45.000,45.000
4500004952,00010,0001,2025-04-04T00:00:00,51.000,51.000
4500004953,00010,0001,2025-09-12T00:00:00,51.000,31.000
4500004954,00010,0001,2025-11-21T00:00:00,50.000,50.000
4500004955,00010,0001,2026-03-22T00:00:00,51.000,51.000
4500004956,00010,0001,2026-09-08T00:00:00,48.000,48.000
4500004957,00010,0001,2025-01-15T00:00:00,114.000,114.000
4500004958,00010,0001,2025-05-04T00:00:00,120.000,120.000
4500004959,00010,0001,2025-09-17T00:00:00,122.000,122.000
4500004960,00010,0001,2026-01-21T00:00:00,130.000,0.000
4500004961,00010,0001,2026-03-22T00:00:00,130.000,87.000
4500004962,00010,0001,2026-07-14T00:00:00,125.000,125.000
4500004963,00010,0001,2026-03-06T00:00:00,1.000,1.000
4500004964,00010,0001,2024-11-10T00:00:00,8.000,8.000
4500004965,00010,0001,2025-01-19T00:00:00,8.000,8.000
4500004966,00010,0001,2025-04-06T00:00:00,10.000,0.000
4500004967,00010,0001,2025-04-15T00:00:00,10.000,10.000
4500004968,00010,0001,2025-11-01T00:00:00,5.000,5.000
4500004969,00010,0001,2025-12-17T00:00:00,10.000,10.000
4500004970,00010,0001,2026-06-26T00:00:00,5.000,5.000
4500004971,00010,0001,2025-02-28T00:00:00,6.000,3.000
4500004972,00010,0001,2025-08-27T00:00:00,6.000,6.000
4500004973,00010,0001,2026-02-20T00:00:00,6.000,6.000
4500004974,00010,0001,2024-10-13T00:00:00,9.000,9.000
4500004975,00010,0001,2025-05-18T00:00:00,7.000,7.000
4500004976,00010,0001,2026-02-08T00:00:00,8.000,8.000
4500004977,00010,0001,2024-12-21T00:00:00,13.000,13.000
4500004978,00010,0001,2025-07-25T00:00:00,9.000,9.000
4500004979,00010,0001,2026-03-01T00:00:00,9.000,0.000
4500004980,00010,0001,2026-03-23T00:00:00,13.000,0.000
4500004981,00010,0001,2026-04-24T00:00:00,15.000,15.000
4500004982,00010,0001,2026-12-09T00:00:00,9.000,0.000
4500004983,00010,0001,2024-12-13T00:00:00,16.000,16.000
4500004984,00010,0001,2026-02-06T00:00:00,18.000,0.000
4500004985,00010,0001,2026-03-11T00:00:00,18.000,12.000
4500004986,00010,0001,2026-07-11T00:00:00,18.000,0.000
4500004987,00010,0001,2026-09-01T00:00:00,19.000,0.000
4500004988,00010,0001,2026-10-03T00:00:00,19.000,0.000
4500004989,00010,0001,2024-11-30T00:00:00,251.000,0.000
4500004990,00010,0001,2025-01-18T00:00:00,291.000,291.000
4500004991,00010,0001,2025-09-03T00:00:00,229.000,168.000
4500004992,00010,0001,2026-02-21T00:00:00,223.000,223.000
4500004993,00010,0001,2026-09-11T00:00:00,245.000,0.000
4500004994,00010,0001,2026-10-24T00:00:00,287.000,0.000
4500004995,00010,0001,2026-11-14T00:00:00,328.000,0.000
4500004996,00010,0001,2024-12-26T00:00:00,137.000,137.000
4500004997,00010,0001,2025-07-07T00:00:00,145.000,145.000
4500004998,00010,0001,2026-02-28T00:00:00,140.000,0.000
4500004999,00010,0001,2026-04-15T00:00:00,154.000,154.000
4500005000,00010,0001,2026-11-10T00:00:00,137.000,0.000
4500005001,00010,0001,2025-04-12T00:00:00,6.000,6.000
4500005002,00010,0001,2025-11-10T00:00:00,11.000,11.000
4500005003,00010,0001,2024-10-07T00:00:00,3.000,3.000
4500005004,00010,0001,2025-07-04T00:00:00,2.000,2.000
4500005005,00010,0001,2025-08-05T00:00:00,2.000,0.000
4500005006,00010,0001,2025-09-23T00:00:00,2.000,1.000
4500005007,00010,0001,2025-09-26T00:00:00,3.000,3.000
4500005008,00010,0001,2025-12-31T00:00:00,2.000,2.000
4500005009,00010,0001,2026-06-08T00:00:00,2.000,0.000
4500005010,00010,0001,2026-07-17T00:00:00,2.000,2.000
4500005011,00010,0001,2025-03-08T00:00:00,20.000,20.000
4500005012,00010,0001,2026-03-01T00:00:00,21.000,0.000
4500005013,00010,0001,2026-03-18T00:00:00,24.000,24.000
4500005014,00010,0001,2025-01-08T00:00:00,16.000,16.000
4500005015,00010,0001,2025-06-11T00:00:00,14.000,0.000
4500005016,00010,0001,2025-07-11T00:00:00,14.000,14.000
4500005017,00010,0001,2026-03-03T00:00:00,17.000,17.000
4500005018,00010,0001,2025-03-05T00:00:00,11.000,11.000
4500005019,00010,0001,2026-06-09T00:00:00,10.000,10.000
4500005020,00010,0001,2026-07-07T00:00:00,5.000,0.000
4500005021,00010,0001,2026-08-11T00:00:00,5.000,5.000
4500005022,00010,0001,2026-04-21T00:00:00,2.000,1.000
4500005023,00010,0001,2025-11-29T00:00:00,1.000,1.000
4500005024,00010,0001,2026-09-27T00:00:00,1.000,0.000
4500005025,00010,0001,2026-05-11T00:00:00,2.000,2.000
4500005026,00010,0001,2025-02-03T00:00:00,275.000,275.000
4500005027,00010,0001,2025-09-26T00:00:00,256.000,256.000
4500005028,00010,0001,2026-06-13T00:00:00,260.000,260.000
4500005029,00010,0001,2026-12-20T00:00:00,278.000,0.000
4500005030,00010,0001,2025-02-10T00:00:00,13.000,13.000
4500005031,00010,0001,2025-06-16T00:00:00,12.000,12.000
4500005032,00010,0001,2026-05-24T00:00:00,13.000,9.000
4500005033,00010,0001,2026-09-18T00:00:00,12.000,0.000
4500005034,00010,0001,2024-12-12T00:00:00,10.000,0.000
4500005035,00010,0001,2025-01-30T00:00:00,10.000,10.000
4500005036,00010,0001,2025-07-30T00:00:00,15.000,15.000
4500005037,00010,0001,2026-10-03T00:00:00,13.000,0.000
4500005038,00010,0001,2025-05-05T00:00:00,8.000,8.000
4500005039,00010,0001,2025-09-21T00:00:00,16.000,0.000
4500005040,00010,0001,2025-10-26T00:00:00,18.000,18.000
4500005041,00010,0001,2024-10-29T00:00:00,6.000,6.000
4500005042,00010,0001,2025-06-26T00:00:00,5.000,5.000
4500005043,00010,0001,2025-08-10T00:00:00,5.000,5.000
4500005044,00010,0001,2026-04-10T00:00:00,6.000,6.000
4500005045,00010,0001,2026-07-08T00:00:00,6.000,6.000
4500005046,00010,0001,2025-02-04T00:00:00,203.000,203.000
4500005047,00010,0001,2025-09-06T00:00:00,191.000,191.000
4500005048,00010,0001,2026-03-05T00:00:00,179.000,0.000
4500005049,00010,0001,2026-04-06T00:00:00,210.000,210.000
4500005050,00010,0001,2025-01-22T00:00:00,105.000,0.000
4500005051,00010,0001,2025-02-24T00:00:00,130.000,130.000
4500005052,00010,0001,2025-09-05T00:00:00,135.000,74.000
4500005053,00010,0001,2025-11-29T00:00:00,139.000,0.000
4500005054,00010,0001,2026-01-19T00:00:00,139.000,139.000
4500005055,00010,0001,2026-07-16T00:00:00,126.000,126.000
4500005056,00010,0001,2025-01-22T00:00:00,9.000,9.000
4500005057,00010,0001,2025-05-17T00:00:00,11.000,11.000
4500005058,00010,0001,2025-12-05T00:00:00,10.000,0.000
4500005059,00010,0001,2025-12-22T00:00:00,11.000,11.000
4500005060,00010,0001,2026-04-14T00:00:00,9.000,0.000
4500005061,00010,0001,2026-06-01T00:00:00,9.000,9.000
4500005062,00010,0001,2026-08-29T00:00:00,9.000,9.000
4500005063,00010,0001,2025-04-30T00:00:00,4.000,4.000
4500005064,00010,0001,2025-11-11T00:00:00,4.000,4.000
4500005065,00010,0001,2026-05-22T00:00:00,4.000,4.000
4500005066,00010,0001,2027-01-09T00:00:00,4.000,0.000
4500005067,00010,0001,2025-01-15T00:00:00,3.000,2.000
4500005068,00010,0001,2025-04-23T00:00:00,5.000,0.000
4500005069,00010,0001,2025-05-25T00:00:00,5.000,0.000
4500005070,00010,0001,2025-06-30T00:00:00,4.000,4.000
4500005071,00010,0001,2026-02-24T00:00:00,3.000,3.000
4500005072,00010,0001,2026-07-31T00:00:00,3.000,3.000
4500005073,00010,0001,2024-11-11T00:00:00,5.000,0.000
4500005074,00010,0001,2024-11-25T00:00:00,5.000,5.000
4500005075,00010,0001,2025-01-27T00:00:00,4.000,4.000
4500005076,00010,0001,2025-07-19T00:00:00,4.000,4.000
4500005077,00010,0001,2025-11-18T00:00:00,3.000,3.000
4500005078,00010,0001,2026-05-09T00:00:00,4.000,4.000
4500005079,00010,0001,2024-11-17T00:00:00,4.000,2.000
4500005080,00010,0001,2024-12-11T00:00:00,5.000,5.000
4500005081,00010,0001,2025-04-18T00:00:00,4.000,4.000
4500005082,00010,0001,2025-10-14T00:00:00,3.000,3.000
4500005083,00010,0001,2026-06-11T00:00:00,3.000,3.000
4500005084,00010,0001,2026-09-14T00:00:00,2.000,0.000
4500005085,00010,0001,2024-10-25T00:00:00,10.000,10.000
4500005086,00010,0001,2025-11-06T00:00:00,11.000,6.000
4500005087,00010,0001,2026-03-10T00:00:00,10.000,7.000
4500005088,00010,0001,2026-05-29T00:00:00,11.000,7.000
4500005089,00010,0001,2026-09-14T00:00:00,11.000,0.000
4500005090,00010,0001,2024-10-31T00:00:00,6.000,6.000
4500005091,00010,0001,2025-03-17T00:00:00,6.000,6.000
4500005092,00010,0001,2025-08-23T00:00:00,6.000,6.000
4500005093,00010,0001,2024-10-12T00:00:00,7.000,7.000
4500005094,00010,0001,2025-02-06T00:00:00,4.000,4.000
4500005095,00010,0001,2025-09-18T00:00:00,7.000,7.000
4500005096,00010,0001,2026-01-07T00:00:00,4.000,0.000
4500005097,00010,0001,2026-02-11T00:00:00,4.000,4.000
4500005098,00010,0001,2026-03-24T00:00:00,7.000,7.000
4500005099,00010,0001,2026-07-16T00:00:00,4.000,4.000
4500005100,00010,0001,2026-09-13T00:00:00,6.000,0.000
4500005101,00010,0001,2024-10-09T00:00:00,13.000,0.000
4500005102,00010,0001,2024-11-06T00:00:00,13.000,0.000
4500005103,00010,0001,2024-12-16T00:00:00,13.000,0.000
4500005104,00010,0001,2024-12-27T00:00:00,13.000,0.000
4500005105,00010,0001,2025-02-15T00:00:00,13.000,8.000
4500005106,00010,0001,2025-07-11T00:00:00,13.000,0.000
4500005107,00010,0001,2025-08-07T00:00:00,13.000,13.000
4500005108,00010,0001,2026-02-14T00:00:00,13.000,13.000
4500005109,00010,0001,2024-12-10T00:00:00,10.000,10.000
4500005110,00010,0001,2025-04-03T00:00:00,9.000,9.000
4500005111,00010,0001,2025-09-03T00:00:00,10.000,10.000
4500005112,00010,0001,2026-01-12T00:00:00,8.000,8.000
4500005113,00010,0001,2026-06-14T00:00:00,8.000,8.000
4500005114,00010,0001,2024-11-22T00:00:00,8.000,6.000
4500005115,00010,0001,2025-09-15T00:00:00,8.000,0.000
4500005116,00010,0001,2025-10-11T00:00:00,9.000,9.000
4500005117,00010,0001,2024-12-30T00:00:00,5.000,0.000
4500005118,00010,0001,2025-01-22T00:00:00,5.000,0.000
4500005119,00010,0001,2025-03-17T00:00:00,5.000,5.000
4500005120,00010,0001,2026-06-22T00:00:00,5.000,5.000
4500005121,00010,0001,2026-08-23T00:00:00,5.000,5.000
4500005122,00010,0001,2026-10-11T00:00:00,4.000,0.000
4500005123,00010,0001,2025-03-10T00:00:00,1.000,1.000
4500005124,00010,0001,2025-05-03T00:00:00,1.000,1.000
4500005125,00010,0001,2025-08-16T00:00:00,1.000,1.000
4500005126,00010,0001,2025-10-22T00:00:00,1.000,0.000
4500005127,00010,0001,2025-11-20T00:00:00,1.000,0.000
4500005128,00010,0001,2025-12-25T00:00:00,1.000,1.000
4500005129,00010,0001,2026-04-10T00:00:00,1.000,0.000
4500005130,00010,0001,2026-04-17T00:00:00,1.000,1.000
4500005131,00010,0001,2026-07-27T00:00:00,1.000,1.000
4500005132,00010,0001,2024-11-06T00:00:00,5.000,5.000
4500005133,00010,0001,2025-01-07T00:00:00,10.000,10.000
4500005134,00010,0001,2025-12-07T00:00:00,9.000,0.000
4500005135,00010,0001,2026-01-13T00:00:00,13.000,13.000
4500005136,00010,0001,2024-11-10T00:00:00,15.000,0.000
4500005137,00010,0001,2024-12-21T00:00:00,15.000,15.000
4500005138,00010,0001,2025-07-20T00:00:00,12.000,0.000
4500005139,00010,0001,2025-09-03T00:00:00,18.000,12.000
4500005140,00010,0001,2025-11-05T00:00:00,13.000,0.000
4500005141,00010,0001,2025-12-28T00:00:00,13.000,0.000
4500005142,00010,0001,2026-01-08T00:00:00,13.000,0.000
4500005143,00010,0001,2026-03-03T00:00:00,13.000,8.000
4500005144,00010,0001,2026-05-05T00:00:00,21.000,21.000
4500005145,00010,0001,2026-09-25T00:00:00,13.000,0.000
4500005146,00010,0001,2026-10-09T00:00:00,20.000,0.000
4500005147,00010,0001,2025-01-06T00:00:00,8.000,8.000
4500005148,00010,0001,2025-04-09T00:00:00,7.000,7.000
4500005149,00010,0001,2025-09-27T00:00:00,8.000,8.000
4500005150,00010,0001,2026-09-16T00:00:00,9.000,0.000
4500005151,00010,0001,2024-12-16T00:00:00,6.000,6.000
4500005152,00010,0001,2025-06-19T00:00:00,5.000,5.000
4500005153,00010,0001,2025-09-26T00:00:00,4.000,4.000
4500005154,00010,0001,2026-03-28T00:00:00,5.000,0.000
4500005155,00010,0001,2026-05-21T00:00:00,7.000,7.000
4500005156,00010,0001,2026-09-19T00:00:00,4.000,0.000
4500005157,00010,0001,2025-01-06T00:00:00,18.000,18.000
4500005158,00010,0001,2025-07-16T00:00:00,18.000,18.000
4500005159,00010,0001,2026-04-13T00:00:00,16.000,0.000
4500005160,00010,0001,2026-05-14T00:00:00,16.000,16.000
4500005161,00010,0001,2026-10-03T00:00:00,17.000,0.000
4500005162,00010,0001,2025-04-20T00:00:00,17.000,17.000
4500005163,00010,0001,2025-11-20T00:00:00,16.000,16.000
4500005164,00010,0001,2025-01-04T00:00:00,10.000,10.000
4500005165,00010,0001,2026-01-13T00:00:00,9.000,9.000
4500005166,00010,0001,2026-04-03T00:00:00,9.000,0.000
4500005167,00010,0001,2026-05-23T00:00:00,9.000,9.000
4500005168,00010,0001,2026-07-03T00:00:00,18.000,18.000
4500005169,00010,0001,2025-03-06T00:00:00,7.000,7.000
4500005170,00010,0001,2025-12-25T00:00:00,8.000,8.000
4500005171,00010,0001,2026-06-21T00:00:00,8.000,5.000
4500005172,00010,0001,2026-08-20T00:00:00,12.000,12.000
4500005173,00010,0001,2025-01-17T00:00:00,275.000,275.000
4500005174,00010,0001,2025-10-03T00:00:00,266.000,266.000
4500005175,00010,0001,2026-07-06T00:00:00,285.000,0.000
4500005176,00010,0001,2026-08-11T00:00:00,318.000,318.000
4500005177,00010,0001,2025-01-11T00:00:00,214.000,214.000
4500005178,00010,0001,2026-01-16T00:00:00,193.000,0.000
4500005179,00010,0001,2026-01-28T00:00:00,210.000,210.000
4500005180,00010,0001,2024-11-15T00:00:00,11.000,0.000
4500005181,00010,0001,2025-01-01T00:00:00,11.000,11.000
4500005182,00010,0001,2025-12-11T00:00:00,12.000,12.000
4500005183,00010,0001,2025-09-15T00:00:00,1.000,1.000
4500005184,00010,0001,2026-04-03T00:00:00,1.000,1.000
4500005185,00010,0001,2026-07-22T00:00:00,1.000,0.000
4500005186,00010,0001,2026-08-23T00:00:00,1.000,1.000
4500005187,00010,0001,2026-09-27T00:00:00,1.000,0.000
4500005188,00010,0001,2025-10-28T00:00:00,1.000,1.000
4500005189,00010,0001,2026-05-30T00:00:00,1.000,1.000
4500005190,00010,0001,2026-07-08T00:00:00,1.000,1.000
4500005191,00010,0001,2026-08-02T00:00:00,1.000,1.000
4500005192,00010,0001,2026-11-06T00:00:00,3.000,0.000
4500005193,00010,0001,2025-02-17T00:00:00,6.000,6.000
4500005194,00010,0001,2025-12-11T00:00:00,6.000,0.000
4500005195,00010,0001,2026-01-24T00:00:00,8.000,8.000
4500005196,00010,0001,2027-01-09T00:00:00,6.000,0.000
4500005197,00010,0001,2025-05-08T00:00:00,10.000,10.000
4500005198,00010,0001,2025-11-10T00:00:00,8.000,8.000
4500005199,00010,0001,2026-04-20T00:00:00,10.000,10.000
4500005200,00010,0001,2026-08-02T00:00:00,18.000,0.000
4500005201,00010,0001,2026-09-13T00:00:00,18.000,0.000
4500005202,00010,0001,2026-10-16T00:00:00,8.000,0.000
4500005203,00010,0001,2024-11-01T00:00:00,2.000,2.000
4500005204,00010,0001,2025-01-22T00:00:00,3.000,3.000
4500005205,00010,0001,2025-04-09T00:00:00,6.000,0.000
4500005206,00010,0001,2025-05-30T00:00:00,6.000,0.000
4500005207,00010,0001,2025-06-29T00:00:00,6.000,5.000
4500005208,00010,0001,2025-12-15T00:00:00,4.000,4.000
4500005209,00010,0001,2026-04-01T00:00:00,2.000,0.000
4500005210,00010,0001,2026-04-07T00:00:00,2.000,2.000
4500005211,00010,0001,2026-06-12T00:00:00,3.000,3.000
4500005212,00010,0001,2025-07-25T00:00:00,1.000,1.000
4500005213,00010,0001,2025-09-21T00:00:00,1.000,1.000
4500005214,00010,0001,2025-11-21T00:00:00,1.000,1.000
4500005215,00010,0001,2026-01-12T00:00:00,1.000,1.000
4500005216,00010,0001,2026-08-07T00:00:00,1.000,0.000
4500005217,00010,0001,2026-09-06T00:00:00,1.000,1.000
4500005218,00010,0001,2026-03-13T00:00:00,6.000,6.000
4500005219,00010,0001,2025-06-05T00:00:00,1.000,1.000
4500005220,00010,0001,2026-06-26T00:00:00,1.000,1.000
4500005221,00010,0001,2026-11-03T00:00:00,1.000,0.000
4500005222,00010,0001,2024-10-03T00:00:00,6.000,0.000
4500005223,00010,0001,2024-11-09T00:00:00,6.000,6.000
4500005224,00010,0001,2025-05-08T00:00:00,6.000,6.000
4500005225,00010,0001,2025-08-10T00:00:00,7.000,0.000
4500005226,00010,0001,2025-08-25T00:00:00,7.000,7.000
4500005227,00010,0001,2026-04-05T00:00:00,7.000,7.000
4500005228,00010,0001,2024-11-12T00:00:00,92.000,0.000
4500005229,00010,0001,2024-12-12T00:00:00,106.000,0.000
4500005230,00010,0001,2025-01-17T00:00:00,131.000,71.000
4500005231,00010,0001,2025-06-01T00:00:00,93.000,93.000
4500005232,00010,0001,2025-09-07T00:00:00,95.000,95.000
4500005233,00010,0001,2026-01-15T00:00:00,91.000,0.000
4500005234,00010,0001,2026-02-25T00:00:00,112.000,0.000
4500005235,00010,0001,2026-03-14T00:00:00,131.000,131.000
4500005236,00010,0001,2026-10-06T00:00:00,108.000,0.000
4500005237,00010,0001,2025-01-20T00:00:00,242.000,242.000
4500005238,00010,0001,2025-10-15T00:00:00,242.000,242.000
4500005239,00010,0001,2026-06-10T00:00:00,222.000,0.000
4500005240,00010,0001,2026-07-28T00:00:00,264.000,264.000
4500005241,00010,0001,2025-02-16T00:00:00,4.000,4.000
4500005242,00010,0001,2025-04-04T00:00:00,4.000,3.000
4500005243,00010,0001,2025-06-20T00:00:00,4.000,4.000
4500005244,00010,0001,2025-08-21T00:00:00,4.000,4.000
4500005245,00010,0001,2025-09-26T00:00:00,3.000,3.000
4500005246,00010,0001,2025-11-03T00:00:00,4.000,4.000
4500005247,00010,0001,2026-02-02T00:00:00,4.000,0.000
4500005248,00010,0001,2026-03-02T00:00:00,4.000,4.000
4500005249,00010,0001,2025-07-28T00:00:00,2.000,2.000
4500005250,00010,0001,2025-11-04T00:00:00,2.000,1.000
4500005251,00010,0001,2026-01-19T00:00:00,2.000,0.000
4500005252,00010,0001,2026-02-22T00:00:00,2.000,2.000
4500005253,00010,0001,2024-10-18T00:00:00,1.000,1.000
4500005254,00010,0001,2024-12-07T00:00:00,1.000,1.000
4500005255,00010,0001,2025-05-07T00:00:00,1.000,1.000
4500005256,00010,0001,2026-04-02T00:00:00,1.000,1.000
4500005257,00010,0001,2026-05-20T00:00:00,1.000,1.000
4500005258,00010,0001,2026-01-29T00:00:00,3.000,0.000
4500005259,00010,0001,2026-03-07T00:00:00,3.000,3.000
4500005260,00010,0001,2026-08-19T00:00:00,2.000,0.000
4500005261,00010,0001,2026-10-05T00:00:00,2.000,0.000
4500005262,00010,0001,2024-12-21T00:00:00,9.000,0.000
4500005263,00010,0001,2025-01-24T00:00:00,9.000,9.000
4500005264,00010,0001,2025-12-08T00:00:00,9.000,9.000
4500005265,00010,0001,2026-09-11T00:00:00,14.000,0.000
4500005266,00010,0001,2025-05-04T00:00:00,9.000,9.000
4500005267,00010,0001,2025-11-13T00:00:00,17.000,17.000
4500005268,00010,0001,2026-11-01T00:00:00,9.000,0.000
4500005269,00010,0001,2027-03-24T00:00:00,17.000,0.000
4500005270,00010,0001,2024-12-15T00:00:00,14.000,0.000
4500005271,00010,0001,2025-01-05T00:00:00,17.000,17.000
4500005272,00010,0001,2025-07-24T00:00:00,17.000,17.000
4500005273,00010,0001,2026-02-25T00:00:00,16.000,16.000
4500005274,00010,0001,2025-01-23T00:00:00,7.000,5.000
4500005275,00010,0001,2025-11-20T00:00:00,8.000,8.000
4500005276,00010,0001,2026-11-04T00:00:00,9.000,0.000
4500005277,00010,0001,2025-01-29T00:00:00,2.000,2.000
4500005278,00010,0001,2025-07-02T00:00:00,2.000,2.000
4500005279,00010,0001,2026-04-29T00:00:00,2.000,2.000
4500005280,00010,0001,2025-05-07T00:00:00,22.000,22.000
4500005281,00010,0001,2026-02-07T00:00:00,18.000,18.000
4500005282,00010,0001,2025-02-26T00:00:00,7.000,7.000
4500005283,00010,0001,2025-10-08T00:00:00,7.000,7.000
4500005284,00010,0001,2026-02-23T00:00:00,13.000,0.000
4500005285,00010,0001,2026-03-19T00:00:00,6.000,3.000
4500005286,00010,0001,2026-05-18T00:00:00,9.000,0.000
4500005287,00010,0001,2026-06-12T00:00:00,9.000,9.000
4500005288,00010,0001,2026-10-06T00:00:00,14.000,0.000
4500005289,00010,0001,2024-11-11T00:00:00,17.000,0.000
4500005290,00010,0001,2024-12-27T00:00:00,21.000,21.000
4500005291,00010,0001,2025-11-22T00:00:00,17.000,17.000
4500005292,00010,0001,2026-09-13T00:00:00,19.000,0.000
4500005293,00010,0001,2025-01-31T00:00:00,5.000,5.000
4500005294,00010,0001,2025-05-09T00:00:00,4.000,4.000
4500005295,00010,0001,2026-03-26T00:00:00,5.000,0.000
4500005296,00010,0001,2026-04-15T00:00:00,5.000,5.000
4500005297,00010,0001,2026-09-02T00:00:00,5.000,5.000
4500005298,00010,0001,2026-01-01T00:00:00,4.000,4.000
4500005299,00010,0001,2026-07-14T00:00:00,4.000,4.000
4500005300,00010,0001,2025-03-10T00:00:00,7.000,7.000
4500005301,00010,0001,2026-05-04T00:00:00,6.000,6.000
4500005302,00010,0001,2026-12-14T00:00:00,6.000,0.000
4500005303,00010,0001,2026-11-03T00:00:00,2.000,0.000
4500005304,00010,0001,2025-11-28T00:00:00,2.000,2.000
4500005305,00010,0001,2026-11-09T00:00:00,2.000,0.000
4500005306,00010,0001,2024-11-04T00:00:00,2.000,1.000
4500005307,00010,0001,2025-01-03T00:00:00,3.000,3.000
4500005308,00010,0001,2025-07-30T00:00:00,2.000,2.000
4500005309,00010,0001,2025-11-15T00:00:00,3.000,3.000
4500005310,00010,0001,2026-01-27T00:00:00,2.000,2.000
4500005311,00010,0001,2026-05-15T00:00:00,3.000,3.000
4500005312,00010,0001,2026-09-28T00:00:00,2.000,0.000
4500005313,00010,0001,2024-11-06T00:00:00,116.000,57.000
4500005314,00010,0001,2025-01-18T00:00:00,110.000,67.000
4500005315,00010,0001,2025-04-01T00:00:00,101.000,0.000
4500005316,00010,0001,2025-04-22T00:00:00,121.000,121.000
4500005317,00010,0001,2025-08-09T00:00:00,103.000,103.000
4500005318,00010,0001,2025-12-18T00:00:00,109.000,109.000
4500005319,00010,0001,2026-04-04T00:00:00,100.000,100.000
4500005320,00010,0001,2026-08-07T00:00:00,105.000,0.000
4500005321,00010,0001,2026-09-11T00:00:00,137.000,0.000
4500005322,00010,0001,2024-12-02T00:00:00,4.000,2.000
4500005323,00010,0001,2025-01-05T00:00:00,6.000,6.000
4500005324,00010,0001,2025-08-19T00:00:00,4.000,4.000
4500005325,00010,0001,2026-01-25T00:00:00,6.000,6.000
4500005326,00010,0001,2026-04-22T00:00:00,5.000,5.000
4500005327,00010,0001,2026-05-13T00:00:00,9.000,9.000
4500005328,00010,0001,2024-12-12T00:00:00,53.000,53.000
4500005329,00010,0001,2025-06-19T00:00:00,45.000,45.000
4500005330,00010,0001,2026-01-03T00:00:00,53.000,53.000
4500005331,00010,0001,2026-06-23T00:00:00,47.000,47.000
4500005332,00010,0001,2025-01-11T00:00:00,4.000,0.000
4500005333,00010,0001,2025-02-23T00:00:00,4.000,4.000
4500005334,00010,0001,2025-05-03T00:00:00,9.000,9.000
4500005335,00010,0001,2026-05-26T00:00:00,5.000,5.000
4500005336,00010,0001,2027-01-04T00:00:00,4.000,0.000
4500005337,00010,0001,2024-11-01T00:00:00,57.000,26.000
4500005338,00010,0001,2024-12-04T00:00:00,58.000,58.000
4500005339,00010,0001,2025-03-14T00:00:00,50.000,50.000
4500005340,00010,0001,2025-04-25T00:00:00,45.000,19.000
4500005341,00010,0001,2025-07-06T00:00:00,53.000,0.000
4500005342,00010,0001,2025-08-07T00:00:00,65.000,65.000
4500005343,00010,0001,2025-11-02T00:00:00,57.000,57.000
4500005344,00010,0001,2026-02-02T00:00:00,57.000,57.000
4500005345,00010,0001,2026-04-22T00:00:00,64.000,39.000
4500005346,00010,0001,2026-05-26T00:00:00,54.000,54.000
4500005347,00010,0001,2026-09-17T00:00:00,60.000,0.000
4500005348,00010,0001,2024-10-20T00:00:00,12.000,12.000
4500005349,00010,0001,2025-06-19T00:00:00,17.000,17.000
4500005350,00010,0001,2026-02-08T00:00:00,12.000,12.000
4500005351,00010,0001,2026-06-11T00:00:00,15.000,15.000
4500005352,00010,0001,2025-04-09T00:00:00,17.000,0.000
4500005353,00010,0001,2025-05-28T00:00:00,17.000,17.000
4500005354,00010,0001,2025-09-03T00:00:00,30.000,17.000
4500005355,00010,0001,2025-02-10T00:00:00,18.000,18.000
4500005356,00010,0001,2027-01-29T00:00:00,16.000,0.000
4500005357,00010,0001,2025-05-17T00:00:00,8.000,0.000
4500005358,00010,0001,2025-06-18T00:00:00,10.000,0.000
4500005359,00010,0001,2025-07-28T00:00:00,12.000,8.000
4500005360,00010,0001,2026-05-25T00:00:00,9.000,5.000
4500005361,00010,0001,2026-07-13T00:00:00,13.000,13.000
4500005362,00010,0001,2026-07-20T00:00:00,4.000,4.000
4500005363,00010,0001,2026-07-14T00:00:00,1.000,1.000
4500005364,00010,0001,2025-05-24T00:00:00,2.000,1.000
4500005365,00010,0001,2026-04-05T00:00:00,2.000,0.000
4500005366,00010,0001,2026-05-13T00:00:00,2.000,0.000
4500005367,00010,0001,2026-05-23T00:00:00,2.000,2.000
4500005368,00010,0001,2026-05-20T00:00:00,3.000,3.000
4500005369,00010,0001,2026-07-08T00:00:00,3.000,3.000
4500005370,00010,0001,2024-12-27T00:00:00,8.000,8.000
4500005371,00010,0001,2025-12-02T00:00:00,7.000,7.000
4500005372,00010,0001,2026-04-15T00:00:00,7.000,4.000
4500005373,00010,0001,2024-11-17T00:00:00,14.000,14.000
4500005374,00010,0001,2025-08-03T00:00:00,13.000,13.000
4500005375,00010,0001,2026-05-22T00:00:00,14.000,14.000
4500005376,00010,0001,2025-01-19T00:00:00,13.000,0.000
4500005377,00010,0001,2025-02-15T00:00:00,13.000,13.000
4500005378,00010,0001,2025-09-28T00:00:00,13.000,10.000
4500005379,00010,0001,2026-06-30T00:00:00,15.000,15.000
4500005380,00010,0001,2026-12-17T00:00:00,12.000,0.000
4500005381,00010,0001,2025-10-30T00:00:00,2.000,2.000
4500005382,00010,0001,2024-10-22T00:00:00,17.000,7.000
4500005383,00010,0001,2024-12-31T00:00:00,17.000,17.000
4500005384,00010,0001,2025-07-29T00:00:00,15.000,0.000
4500005385,00010,0001,2025-08-26T00:00:00,17.000,17.000
4500005386,00010,0001,2026-07-15T00:00:00,16.000,0.000
4500005387,00010,0001,2026-08-13T00:00:00,16.000,16.000
4500005388,00010,0001,2024-11-08T00:00:00,9.000,9.000
4500005389,00010,0001,2025-03-19T00:00:00,10.000,10.000
4500005390,00010,0001,2025-10-23T00:00:00,12.000,12.000
4500005391,00010,0001,2026-06-11T00:00:00,9.000,9.000
4500005392,00010,0001,2024-12-31T00:00:00,16.000,9.000
4500005393,00010,0001,2025-07-30T00:00:00,14.000,0.000
4500005394,00010,0001,2025-08-11T00:00:00,14.000,14.000
4500005395,00010,0001,2025-12-23T00:00:00,17.000,17.000
4500005396,00010,0001,2026-05-24T00:00:00,17.000,0.000
4500005397,00010,0001,2026-07-01T00:00:00,17.000,17.000
4500005398,00010,0001,2024-12-24T00:00:00,144.000,69.000
4500005399,00010,0001,2025-05-25T00:00:00,155.000,98.000
4500005400,00010,0001,2025-12-08T00:00:00,143.000,143.000
4500005401,00010,0001,2026-07-13T00:00:00,149.000,149.000
4500005402,00010,0001,2024-11-14T00:00:00,10.000,10.000
4500005403,00010,0001,2025-01-01T00:00:00,19.000,19.000
4500005404,00010,0001,2025-07-30T00:00:00,12.000,9.000
4500005405,00010,0001,2025-09-20T00:00:00,17.000,0.000
4500005406,00010,0001,2025-10-17T00:00:00,11.000,11.000
4500005407,00010,0001,2026-08-29T00:00:00,8.000,8.000
4500005408,00010,0001,2025-04-26T00:00:00,14.000,14.000
4500005409,00010,0001,2026-02-26T00:00:00,12.000,12.000
4500005410,00010,0001,2026-07-19T00:00:00,24.000,24.000
4500005411,00010,0001,2025-04-27T00:00:00,4.000,0.000
4500005412,00010,0001,2025-05-24T00:00:00,4.000,0.000
4500005413,00010,0001,2025-06-16T00:00:00,4.000,4.000
4500005414,00010,0001,2026-03-18T00:00:00,4.000,4.000
4500005415,00010,0001,2025-08-14T00:00:00,6.000,4.000
4500005416,00010,0001,2026-07-29T00:00:00,6.000,6.000
4500005417,00010,0001,2025-10-10T00:00:00,1.000,1.000
4500005418,00010,0001,2024-10-25T00:00:00,3.000,0.000
4500005419,00010,0001,2024-11-25T00:00:00,3.000,3.000
4500005420,00010,0001,2025-02-20T00:00:00,2.000,2.000
4500005421,00010,0001,2025-03-16T00:00:00,4.000,4.000
4500005422,00010,0001,2025-06-22T00:00:00,2.000,2.000
4500005423,00010,0001,2025-07-01T00:00:00,4.000,3.000
4500005424,00010,0001,2026-01-26T00:00:00,2.000,0.000
4500005425,00010,0001,2026-03-03T00:00:00,4.000,0.000
4500005426,00010,0001,2026-03-13T00:00:00,5.000,5.000
4500005427,00010,0001,2024-09-26T00:00:00,5.000,4.000
4500005428,00010,0001,2025-04-14T00:00:00,5.000,5.000
4500005429,00010,0001,2025-10-10T00:00:00,5.000,5.000
4500005430,00010,0001,2026-02-21T00:00:00,5.000,0.000
4500005431,00010,0001,2026-04-19T00:00:00,5.000,5.000
4500005432,00010,0001,2024-10-10T00:00:00,6.000,6.000
4500005433,00010,0001,2025-03-10T00:00:00,5.000,5.000
4500005434,00010,0001,2025-05-11T00:00:00,4.000,0.000
4500005435,00010,0001,2025-06-17T00:00:00,4.000,4.000
4500005436,00010,0001,2025-08-20T00:00:00,5.000,5.000
4500005437,00010,0001,2025-10-17T00:00:00,4.000,4.000
4500005438,00010,0001,2026-06-28T00:00:00,5.000,5.000
4500005439,00010,0001,2025-03-20T00:00:00,4.000,4.000
4500005440,00010,0001,2026-02-02T00:00:00,4.000,4.000
4500005441,00010,0001,2026-10-08T00:00:00,4.000,0.000
4500005442,00010,0001,2024-12-17T00:00:00,177.000,177.000
4500005443,00010,0001,2025-04-25T00:00:00,125.000,125.000
4500005444,00010,0001,2025-09-06T00:00:00,141.000,0.000
4500005445,00010,0001,2025-10-19T00:00:00,181.000,126.000
4500005446,00010,0001,2026-01-28T00:00:00,138.000,0.000
4500005447,00010,0001,2026-02-07T00:00:00,168.000,0.000
4500005448,00010,0001,2026-03-19T00:00:00,192.000,192.000
4500005449,00010,0001,2026-08-24T00:00:00,141.000,0.000
4500005450,00010,0001,2026-10-26T00:00:00,202.000,0.000
4500005451,00010,0001,2025-01-09T00:00:00,6.000,0.000
4500005452,00010,0001,2025-03-11T00:00:00,8.000,4.000
4500005453,00010,0001,2025-04-01T00:00:00,11.000,8.000
4500005454,00010,0001,2025-10-05T00:00:00,7.000,0.000
4500005455,00010,0001,2025-10-15T00:00:00,7.000,0.000
4500005456,00010,0001,2025-11-15T00:00:00,7.000,7.000
4500005457,00010,0001,2026-07-17T00:00:00,6.000,6.000
4500005458,00010,0001,2025-03-04T00:00:00,327.000,155.000
4500005459,00010,0001,2025-10-11T00:00:00,307.000,230.000
4500005460,00010,0001,2026-08-30T00:00:00,319.000,319.000
4500005461,00010,0001,2024-12-29T00:00:00,44.000,44.000
4500005462,00010,0001,2025-02-16T00:00:00,80.000,80.000
4500005463,00010,0001,2025-09-12T00:00:00,42.000,42.000
4500005464,00010,0001,2025-11-07T00:00:00,78.000,78.000
4500005465,00010,0001,2026-06-09T00:00:00,50.000,50.000
4500005466,00010,0001,2026-09-26T00:00:00,47.000,0.000
4500005467,00010,0001,2026-11-02T00:00:00,71.000,0.000
4500005468,00010,0001,2025-02-25T00:00:00,4.000,4.000
4500005469,00010,0001,2025-09-25T00:00:00,4.000,4.000
4500005470,00010,0001,2026-05-19T00:00:00,4.000,0.000
4500005471,00010,0001,2026-07-02T00:00:00,5.000,0.000
4500005472,00010,0001,2026-08-06T00:00:00,5.000,5.000
4500005473,00010,0001,2024-11-18T00:00:00,7.000,7.000
4500005474,00010,0001,2026-05-25T00:00:00,4.000,4.000
4500005475,00010,0001,2024-11-22T00:00:00,10.000,10.000
4500005476,00010,0001,2025-10-22T00:00:00,12.000,8.000
4500005477,00010,0001,2026-08-31T00:00:00,10.000,10.000
4500005478,00010,0001,2024-11-15T00:00:00,4.000,4.000
4500005479,00010,0001,2025-02-18T00:00:00,2.000,0.000
4500005480,00010,0001,2025-03-20T00:00:00,3.000,3.000
4500005481,00010,0001,2025-04-26T00:00:00,5.000,2.000
4500005482,00010,0001,2026-01-23T00:00:00,2.000,0.000
4500005483,00010,0001,2026-02-06T00:00:00,2.000,2.000
4500005484,00010,0001,2026-10-15T00:00:00,2.000,0.000
4500005485,00010,0001,2025-06-01T00:00:00,1.000,1.000
4500005486,00010,0001,2025-12-25T00:00:00,1.000,1.000
4500005487,00010,0001,2025-01-31T00:00:00,6.000,0.000
4500005488,00010,0001,2025-02-12T00:00:00,6.000,5.000
4500005489,00010,0001,2025-05-03T00:00:00,10.000,0.000
4500005490,00010,0001,2025-06-08T00:00:00,12.000,12.000
4500005491,00010,0001,2026-08-04T00:00:00,5.000,5.000
4500005492,00010,0001,2024-11-29T00:00:00,112.000,112.000
4500005493,00010,0001,2025-05-12T00:00:00,97.000,97.000
4500005494,00010,0001,2025-11-21T00:00:00,101.000,101.000
4500005495,00010,0001,2026-05-04T00:00:00,106.000,106.000
4500005496,00010,0001,2026-10-27T00:00:00,94.000,0.000
4500005497,00010,0001,2024-12-17T00:00:00,25.000,25.000
4500005498,00010,0001,2025-04-27T00:00:00,22.000,0.000
4500005499,00010,0001,2025-06-25T00:00:00,26.000,26.000
4500005500,00010,0001,2025-09-11T00:00:00,21.000,0.000
4500005501,00010,0001,2025-10-26T00:00:00,26.000,26.000
4500005502,00010,0001,2026-04-29T00:00:00,20.000,0.000
4500005503,00010,0001,2026-05-06T00:00:00,26.000,26.000
4500005504,00010,0001,2026-07-16T00:00:00,19.000,19.000
4500005505,00010,0001,2024-11-28T00:00:00,64.000,64.000
4500005506,00010,0001,2025-06-20T00:00:00,65.000,0.000
4500005507,00010,0001,2025-07-21T00:00:00,69.000,0.000
4500005508,00010,0001,2025-08-08T00:00:00,69.000,69.000
4500005509,00010,0001,2025-12-30T00:00:00,55.000,55.000
4500005510,00010,0001,2026-06-18T00:00:00,59.000,59.000
4500005511,00010,0001,2024-11-30T00:00:00,25.000,0.000
4500005512,00010,0001,2025-01-01T00:00:00,25.000,19.000
4500005513,00010,0001,2025-11-30T00:00:00,23.000,0.000
4500005514,00010,0001,2026-01-11T00:00:00,27.000,20.000
4500005515,00010,0001,2026-05-02T00:00:00,26.000,26.000
4500005516,00010,0001,2024-11-25T00:00:00,157.000,0.000
4500005517,00010,0001,2025-01-08T00:00:00,160.000,160.000
4500005518,00010,0001,2025-06-13T00:00:00,160.000,160.000
4500005519,00010,0001,2025-10-26T00:00:00,160.000,160.000
4500005520,00010,0001,2026-04-08T00:00:00,153.000,64.000
4500005521,00010,0001,2026-06-02T00:00:00,160.000,160.000
4500005522,00010,0001,2024-12-11T00:00:00,134.000,134.000
4500005523,00010,0001,2025-05-15T00:00:00,138.000,138.000
4500005524,00010,0001,2025-09-24T00:00:00,130.000,130.000
4500005525,00010,0001,2026-03-10T00:00:00,132.000,132.000
4500005526,00010,0001,2026-09-15T00:00:00,141.000,0.000
4500005527,00010,0001,2025-04-18T00:00:00,7.000,0.000
4500005528,00010,0001,2025-05-26T00:00:00,8.000,8.000
4500005529,00010,0001,2026-08-09T00:00:00,7.000,7.000
4500005530,00010,0001,2026-10-13T00:00:00,2.000,0.000
4500005531,00010,0001,2025-01-28T00:00:00,13.000,13.000
4500005532,00010,0001,2026-03-08T00:00:00,12.000,12.000
4500005533,00010,0001,2024-11-10T00:00:00,12.000,0.000
4500005534,00010,0001,2024-12-16T00:00:00,15.000,15.000
4500005535,00010,0001,2025-05-24T00:00:00,6.000,6.000
4500005536,00010,0001,2025-08-25T00:00:00,6.000,3.000
4500005537,00010,0001,2025-09-29T00:00:00,11.000,11.000
4500005538,00010,0001,2026-07-31T00:00:00,9.000,6.000
4500005539,00010,0001,2025-03-07T00:00:00,15.000,15.000
4500005540,00010,0001,2025-09-19T00:00:00,13.000,0.000
4500005541,00010,0001,2025-10-12T00:00:00,13.000,13.000
4500005542,00010,0001,2026-08-08T00:00:00,15.000,15.000
4500005543,00010,0001,2025-04-30T00:00:00,8.000,0.000
4500005544,00010,0001,2025-05-14T00:00:00,10.000,10.000
4500005545,00010,0001,2026-01-26T00:00:00,10.000,10.000
4500005546,00010,0001,2026-08-17T00:00:00,10.000,10.000
4500005547,00010,0001,2024-11-12T00:00:00,3.000,3.000
4500005548,00010,0001,2025-06-08T00:00:00,4.000,4.000
4500005549,00010,0001,2025-12-18T00:00:00,3.000,3.000
4500005550,00010,0001,2026-04-04T00:00:00,3.000,3.000
4500005551,00010,0001,2026-07-01T00:00:00,3.000,0.000
4500005552,00010,0001,2026-08-01T00:00:00,3.000,3.000
4500005553,00010,0001,2024-11-11T00:00:00,8.000,0.000
4500005554,00010,0001,2024-12-04T00:00:00,8.000,8.000
4500005555,00010,0001,2025-03-25T00:00:00,6.000,6.000
4500005556,00010,0001,2025-08-26T00:00:00,7.000,7.000
4500005557,00010,0001,2026-07-06T00:00:00,5.000,5.000
4500005558,00010,0001,2026-09-03T00:00:00,5.000,0.000
4500005559,00010,0001,2024-10-24T00:00:00,10.000,10.000
4500005560,00010,0001,2025-03-13T00:00:00,11.000,11.000
4500005561,00010,0001,2026-01-07T00:00:00,11.000,11.000
4500005562,00010,0001,2026-08-20T00:00:00,10.000,10.000
4500005563,00010,0001,2024-12-15T00:00:00,25.000,0.000
4500005564,00010,0001,2025-01-10T00:00:00,29.000,29.000
4500005565,00010,0001,2026-01-01T00:00:00,29.000,29.000
4500005566,00010,0001,2026-07-21T00:00:00,24.000,24.000
4500005567,00010,0001,2025-02-01T00:00:00,9.000,9.000
4500005568,00010,0001,2025-11-27T00:00:00,8.000,0.000
4500005569,00010,0001,2025-12-10T00:00:00,8.000,8.000
4500005570,00010,0001,2026-09-02T00:00:00,9.000,9.000
4500005571,00010,0001,2025-01-12T00:00:00,13.000,13.000
4500005572,00010,0001,2025-06-04T00:00:00,11.000,11.000
4500005573,00010,0001,2026-05-12T00:00:00,11.000,11.000
4500005574,00010,0001,2024-11-13T00:00:00,92.000,92.000
4500005575,00010,0001,2025-04-04T00:00:00,106.000,69.000
4500005576,00010,0001,2025-07-11T00:00:00,103.000,103.000
4500005577,00010,0001,2026-01-08T00:00:00,101.000,101.000
4500005578,00010,0001,2026-05-29T00:00:00,99.000,99.000
4500005579,00010,0001,2024-11-19T00:00:00,110.000,110.000
4500005580,00010,0001,2025-05-29T00:00:00,109.000,76.000
4500005581,00010,0001,2025-11-10T00:00:00,114.000,114.000
4500005582,00010,0001,2026-07-31T00:00:00,114.000,114.000
4500005583,00010,0001,2025-03-11T00:00:00,15.000,15.000
4500005584,00010,0001,2025-11-10T00:00:00,15.000,15.000
4500005585,00010,0001,2026-07-13T00:00:00,15.000,15.000
4500005586,00010,0001,2025-02-06T00:00:00,9.000,0.000
4500005587,00010,0001,2025-03-11T00:00:00,9.000,9.000
4500005588,00010,0001,2027-01-22T00:00:00,9.000,0.000
4500005589,00010,0001,2025-05-20T00:00:00,14.000,14.000
4500005590,00010,0001,2026-11-27T00:00:00,14.000,0.000
4500005591,00010,0001,2025-06-06T00:00:00,3.000,3.000
4500005592,00010,0001,2026-03-17T00:00:00,2.000,1.000
4500005593,00010,0001,2026-07-20T00:00:00,3.000,2.000
4500005594,00010,0001,2024-11-02T00:00:00,25.000,10.000
4500005595,00010,0001,2024-11-27T00:00:00,35.000,35.000
4500005596,00010,0001,2025-03-18T00:00:00,27.000,27.000
4500005597,00010,0001,2025-05-01T00:00:00,49.000,49.000
4500005598,00010,0001,2025-09-04T00:00:00,22.000,22.000
4500005599,00010,0001,2025-11-16T00:00:00,26.000,0.000
4500005600,00010,0001,2025-12-20T00:00:00,37.000,37.000
4500005601,00010,0001,2026-01-26T00:00:00,58.000,58.000
4500005602,00010,0001,2026-07-02T00:00:00,23.000,23.000
4500005603,00010,0001,2026-09-17T00:00:00,28.000,0.000
4500005604,00010,0001,2024-11-10T00:00:00,45.000,45.000
4500005605,00010,0001,2025-03-08T00:00:00,44.000,44.000
4500005606,00010,0001,2025-08-12T00:00:00,42.000,42.000
4500005607,00010,0001,2025-12-04T00:00:00,46.000,46.000
4500005608,00010,0001,2026-04-04T00:00:00,40.000,40.000
4500005609,00010,0001,2026-07-31T00:00:00,45.000,24.000
4500005610,00010,0001,2026-10-27T00:00:00,42.000,0.000
4500005611,00010,0001,2025-04-17T00:00:00,5.000,5.000
4500005612,00010,0001,2025-06-15T00:00:00,6.000,6.000
4500005613,00010,0001,2026-04-11T00:00:00,6.000,6.000
4500005614,00010,0001,2026-07-07T00:00:00,4.000,4.000
4500005615,00010,0001,2024-10-11T00:00:00,5.000,5.000
4500005616,00010,0001,2025-02-04T00:00:00,3.000,3.000
4500005617,00010,0001,2025-03-19T00:00:00,4.000,0.000
4500005618,00010,0001,2025-04-06T00:00:00,4.000,0.000
4500005619,00010,0001,2025-05-15T00:00:00,4.000,0.000
4500005620,00010,0001,2025-06-14T00:00:00,4.000,4.000
4500005621,00010,0001,2025-11-23T00:00:00,4.000,4.000
4500005622,00010,0001,2025-12-29T00:00:00,5.000,0.000
4500005623,00010,0001,2026-02-18T00:00:00,5.000,5.000
4500005624,00010,0001,2024-10-13T00:00:00,36.000,0.000
4500005625,00010,0001,2024-11-26T00:00:00,46.000,46.000
4500005626,00010,0001,2025-04-24T00:00:00,36.000,19.000
4500005627,00010,0001,2025-08-06T00:00:00,39.000,0.000
4500005628,00010,0001,2025-09-01T00:00:00,46.000,46.000
4500005629,00010,0001,2026-01-28T00:00:00,35.000,35.000
4500005630,00010,0001,2026-05-26T00:00:00,36.000,36.000
4500005631,00010,0001,2026-10-06T00:00:00,33.000,0.000
4500005632,00010,0001,2024-10-17T00:00:00,6.000,6.000
4500005633,00010,0001,2025-02-28T00:00:00,11.000,0.000
4500005634,00010,0001,2025-03-22T00:00:00,11.000,0.000
4500005635,00010,0001,2025-05-17T00:00:00,12.000,0.000
4500005636,00010,0001,2025-06-06T00:00:00,12.000,8.000
4500005637,00010,0001,2025-10-29T00:00:00,10.000,10.000
4500005638,00010,0001,2026-10-09T00:00:00,7.000,0.000
4500005639,00010,0001,2025-02-25T00:00:00,3.000,0.000
4500005640,00010,0001,2025-03-21T00:00:00,3.000,3.000
4500005641,00010,0001,2025-07-28T00:00:00,4.000,0.000
4500005642,00010,0001,2025-08-31T00:00:00,5.000,5.000
4500005643,00010,0001,2025-12-08T00:00:00,3.000,0.000
4500005644,00010,0001,2026-01-15T00:00:00,3.000,3.000
4500005645,00010,0001,2026-02-03T00:00:00,5.000,0.000
4500005646,00010,0001,2026-03-12T00:00:00,4.000,0.000
4500005647,00010,0001,2026-03-21T00:00:00,4.000,4.000
4500005648,00010,0001,2026-10-19T00:00:00,3.000,0.000
4500005649,00010,0001,2025-01-16T00:00:00,16.000,0.000
4500005650,00010,0001,2025-02-11T00:00:00,16.000,9.000
4500005651,00010,0001,2025-07-12T00:00:00,13.000,13.000
4500005652,00010,0001,2026-02-28T00:00:00,19.000,0.000
4500005653,00010,0001,2026-03-17T00:00:00,19.000,19.000
4500005654,00010,0001,2026-12-03T00:00:00,18.000,0.000
4500005655,00010,0001,2024-10-15T00:00:00,3.000,3.000
4500005656,00010,0001,2025-01-10T00:00:00,5.000,5.000
4500005657,00010,0001,2025-11-19T00:00:00,3.000,3.000
4500005658,00010,0001,2026-07-13T00:00:00,3.000,0.000
4500005659,00010,0001,2026-07-26T00:00:00,3.000,2.000
4500005660,00010,0001,2024-10-25T00:00:00,2.000,2.000
4500005661,00010,0001,2025-02-22T00:00:00,3.000,3.000
4500005662,00010,0001,2025-04-27T00:00:00,5.000,5.000
4500005663,00010,0001,2025-06-28T00:00:00,4.000,4.000
4500005664,00010,0001,2025-08-08T00:00:00,4.000,4.000
4500005665,00010,0001,2025-11-22T00:00:00,4.000,4.000
4500005666,00010,0001,2026-04-13T00:00:00,4.000,2.000
4500005667,00010,0001,2026-05-05T00:00:00,2.000,2.000
4500005668,00010,0001,2026-07-03T00:00:00,5.000,3.000
4500005669,00010,0001,2026-08-02T00:00:00,5.000,5.000
4500005670,00010,0001,2024-12-18T00:00:00,2.000,2.000
4500005671,00010,0001,2025-04-15T00:00:00,3.000,3.000
4500005672,00010,0001,2025-07-24T00:00:00,2.000,2.000
4500005673,00010,0001,2025-10-23T00:00:00,3.000,3.000
4500005674,00010,0001,2026-03-25T00:00:00,2.000,1.000
4500005675,00010,0001,2026-05-28T00:00:00,3.000,3.000
4500005676,00010,0001,2026-07-11T00:00:00,2.000,2.000
4500005677,00010,0001,2024-11-21T00:00:00,2.000,0.000
4500005678,00010,0001,2024-12-25T00:00:00,4.000,0.000
4500005679,00010,0001,2024-12-27T00:00:00,4.000,3.000
4500005680,00010,0001,2025-04-12T00:00:00,3.000,3.000
4500005681,00010,0001,2025-06-21T00:00:00,2.000,2.000
4500005682,00010,0001,2025-08-24T00:00:00,2.000,2.000
4500005683,00010,0001,2025-12-26T00:00:00,2.000,2.000
4500005684,00010,0001,2026-01-22T00:00:00,4.000,4.000
4500005685,00010,0001,2026-09-04T00:00:00,3.000,3.000
4500005686,00010,0001,2024-11-29T00:00:00,6.000,6.000
4500005687,00010,0001,2025-01-30T00:00:00,3.000,0.000
4500005688,00010,0001,2025-03-05T00:00:00,3.000,3.000
4500005689,00010,0001,2025-08-01T00:00:00,3.000,3.000
4500005690,00010,0001,2025-12-13T00:00:00,3.000,0.000
4500005691,00010,0001,2026-01-17T00:00:00,3.000,3.000
4500005692,00010,0001,2026-07-24T00:00:00,3.000,3.000
4500005693,00010,0001,2026-08-02T00:00:00,6.000,0.000
4500005694,00010,0001,2026-09-17T00:00:00,6.000,0.000
4500005695,00010,0001,2025-01-12T00:00:00,3.000,0.000
4500005696,00010,0001,2025-02-11T00:00:00,4.000,0.000
4500005697,00010,0001,2025-03-18T00:00:00,4.000,0.000
4500005698,00010,0001,2025-04-03T00:00:00,4.000,4.000
4500005699,00010,0001,2025-08-22T00:00:00,2.000,0.000
4500005700,00010,0001,2025-09-20T00:00:00,4.000,0.000
4500005701,00010,0001,2025-10-30T00:00:00,4.000,4.000
4500005702,00010,0001,2026-02-08T00:00:00,3.000,3.000
4500005703,00010,0001,2026-05-26T00:00:00,3.000,2.000
4500005704,00010,0001,2025-03-01T00:00:00,10.000,10.000
4500005705,00010,0001,2025-10-20T00:00:00,12.000,0.000
4500005706,00010,0001,2025-11-07T00:00:00,12.000,12.000
4500005707,00010,0001,2026-12-10T00:00:00,13.000,0.000
4500005708,00010,0001,2026-12-27T00:00:00,13.000,0.000
4500005709,00010,0001,2024-12-08T00:00:00,124.000,124.000
4500005710,00010,0001,2025-02-23T00:00:00,106.000,106.000
4500005711,00010,0001,2025-07-28T00:00:00,135.000,135.000
4500005712,00010,0001,2025-10-24T00:00:00,105.000,105.000
4500005713,00010,0001,2026-03-12T00:00:00,124.000,124.000
4500005714,00010,0001,2026-07-25T00:00:00,124.000,124.000
4500005715,00010,0001,2025-07-24T00:00:00,1.000,1.000
4500005716,00010,0001,2026-01-02T00:00:00,1.000,1.000
4500005717,00010,0001,2026-04-20T00:00:00,1.000,1.000
4500005718,00010,0001,2026-09-03T00:00:00,1.000,0.000
4500005719,00010,0001,2026-09-29T00:00:00,1.000,0.000
4500005720,00010,0001,2024-11-17T00:00:00,6.000,0.000
4500005721,00010,0001,2024-12-13T00:00:00,6.000,6.000
4500005722,00010,0001,2025-03-11T00:00:00,6.000,6.000
4500005723,00010,0001,2025-04-10T00:00:00,6.000,0.000
4500005724,00010,0001,2025-05-20T00:00:00,6.000,6.000
4500005725,00010,0001,2025-11-03T00:00:00,6.000,6.000
4500005726,00010,0001,2026-01-25T00:00:00,6.000,6.000
4500005727,00010,0001,2026-07-15T00:00:00,6.000,0.000
4500005728,00010,0001,2026-08-01T00:00:00,6.000,0.000
4500005729,00010,0001,2026-09-08T00:00:00,6.000,0.000
4500005730,00010,0001,2024-10-09T00:00:00,11.000,11.000
4500005731,00010,0001,2025-04-22T00:00:00,14.000,14.000
4500005732,00010,0001,2025-12-11T00:00:00,11.000,11.000
4500005733,00010,0001,2026-05-23T00:00:00,11.000,11.000
4500005734,00010,0001,2026-07-02T00:00:00,10.000,10.000
4500005735,00010,0001,2025-01-05T00:00:00,47.000,23.000
4500005736,00010,0001,2025-02-28T00:00:00,44.000,0.000
4500005737,00010,0001,2025-04-02T00:00:00,56.000,39.000
4500005738,00010,0001,2025-07-17T00:00:00,47.000,47.000
4500005739,00010,0001,2025-11-18T00:00:00,52.000,52.000
4500005740,00010,0001,2026-03-30T00:00:00,48.000,48.000
4500005741,00010,0001,2026-08-13T00:00:00,50.000,50.000
4500005742,00010,0001,2024-11-29T00:00:00,125.000,125.000
4500005743,00010,0001,2025-07-08T00:00:00,121.000,121.000
4500005744,00010,0001,2026-01-31T00:00:00,128.000,86.000
4500005745,00010,0001,2026-07-09T00:00:00,121.000,121.000
4500005746,00010,0001,2024-11-05T00:00:00,4.000,0.000
4500005747,00010,0001,2024-12-02T00:00:00,4.000,4.000
4500005748,00010,0001,2024-12-13T00:00:00,7.000,3.000
4500005749,00010,0001,2025-03-26T00:00:00,4.000,0.000
4500005750,00010,0001,2025-04-09T00:00:00,7.000,7.000
4500005751,00010,0001,2025-07-01T00:00:00,4.000,4.000
4500005752,00010,0001,2025-11-24T00:00:00,6.000,6.000
4500005753,00010,0001,2026-02-25T00:00:00,5.000,5.000
4500005754,00010,0001,2024-11-11T00:00:00,8.000,8.000
4500005755,00010,0001,2025-07-05T00:00:00,6.000,6.000
4500005756,00010,0001,2026-03-06T00:00:00,7.000,4.000
4500005757,00010,0001,2026-07-24T00:00:00,8.000,8.000
4500005758,00010,0001,2024-11-30T00:00:00,15.000,15.000
4500005759,00010,0001,2025-07-25T00:00:00,15.000,15.000
4500005760,00010,0001,2025-10-24T00:00:00,11.000,11.000
4500005761,00010,0001,2026-04-02T00:00:00,13.000,13.000
4500005762,00010,0001,2024-11-11T00:00:00,57.000,0.000
4500005763,00010,0001,2024-12-15T00:00:00,70.000,70.000
4500005764,00010,0001,2025-06-06T00:00:00,46.000,46.000
4500005765,00010,0001,2025-10-31T00:00:00,51.000,34.000
4500005766,00010,0001,2026-01-29T00:00:00,51.000,51.000
4500005767,00010,0001,2026-05-31T00:00:00,49.000,49.000
4500005768,00010,0001,2026-10-24T00:00:00,48.000,0.000
4500005769,00010,0001,2025-02-11T00:00:00,2.000,2.000
4500005770,00010,0001,2025-06-05T00:00:00,2.000,2.000
4500005771,00010,0001,2025-12-19T00:00:00,2.000,2.000
4500005772,00010,0001,2026-04-25T00:00:00,2.000,2.000
4500005773,00010,0001,2026-08-09T00:00:00,2.000,1.000
4500005774,00010,0001,2024-11-29T00:00:00,98.000,98.000
4500005775,00010,0001,2025-03-29T00:00:00,80.000,0.000
4500005776,00010,0001,2025-04-26T00:00:00,112.000,0.000
4500005777,00010,0001,2025-05-21T00:00:00,116.000,0.000
4500005778,00010,0001,2025-06-29T00:00:00,116.000,116.000
4500005779,00010,0001,2025-11-28T00:00:00,79.000,57.000
4500005780,00010,0001,2026-02-24T00:00:00,78.000,0.000
4500005781,00010,0001,2026-03-26T00:00:00,111.000,111.000
4500005782,00010,0001,2026-09-08T00:00:00,88.000,88.000
4500005783,00010,0001,2024-12-15T00:00:00,149.000,149.000
4500005784,00010,0001,2025-05-21T00:00:00,160.000,160.000
4500005785,00010,0001,2025-09-11T00:00:00,135.000,135.000
4500005786,00010,0001,2025-12-16T00:00:00,132.000,132.000
4500005787,00010,0001,2026-04-18T00:00:00,160.000,0.000
4500005788,00010,0001,2026-06-02T00:00:00,160.000,0.000
4500005789,00010,0001,2026-06-30T00:00:00,160.000,85.000
4500005790,00010,0001,2026-09-24T00:00:00,144.000,0.000
4500005791,00010,0001,2024-11-11T00:00:00,97.000,97.000
4500005792,00010,0001,2025-03-04T00:00:00,96.000,96.000
4500005793,00010,0001,2025-06-04T00:00:00,94.000,94.000
4500005794,00010,0001,2025-09-06T00:00:00,89.000,89.000
4500005795,00010,0001,2026-01-18T00:00:00,93.000,0.000
4500005796,00010,0001,2026-02-02T00:00:00,115.000,0.000
4500005797,00010,0001,2026-03-27T00:00:00,115.000,115.000
4500005798,00010,0001,2026-08-01T00:00:00,93.000,93.000
4500005799,00010,0001,2025-09-10T00:00:00,2.000,2.000
4500005800,00010,0001,2026-07-10T00:00:00,2.000,2.000
4500005801,00010,0001,2024-11-27T00:00:00,6.000,3.000
4500005802,00010,0001,2025-01-15T00:00:00,10.000,10.000
4500005803,00010,0001,2025-02-19T00:00:00,4.000,2.000
4500005804,00010,0001,2025-06-16T00:00:00,7.000,3.000
4500005805,00010,0001,2025-08-10T00:00:00,4.000,4.000
4500005806,00010,0001,2025-09-16T00:00:00,9.000,9.000
4500005807,00010,0001,2026-07-10T00:00:00,5.000,3.000
4500005808,00010,0001,2026-08-24T00:00:00,8.000,8.000
4500005809,00010,0001,2024-12-07T00:00:00,3.000,0.000
4500005810,00010,0001,2024-12-19T00:00:00,3.000,3.000
4500005811,00010,0001,2025-06-30T00:00:00,4.000,4.000
4500005812,00010,0001,2025-11-01T00:00:00,3.000,3.000
4500005813,00010,0001,2026-02-22T00:00:00,3.000,3.000
4500005814,00010,0001,2026-06-18T00:00:00,4.000,4.000
4500005815,00010,0001,2025-03-24T00:00:00,10.000,10.000
4500005816,00010,0001,2025-07-23T00:00:00,8.000,8.000
4500005817,00010,0001,2026-03-14T00:00:00,10.000,0.000
4500005818,00010,0001,2026-04-03T00:00:00,12.000,12.000
4500005819,00010,0001,2026-10-29T00:00:00,7.000,0.000
4500005820,00010,0001,2024-11-17T00:00:00,12.000,12.000
4500005821,00010,0001,2025-04-28T00:00:00,14.000,14.000
4500005822,00010,0001,2026-05-17T00:00:00,12.000,12.000
4500005823,00010,0001,2026-10-01T00:00:00,12.000,0.000
4500005824,00010,0001,2024-11-15T00:00:00,14.000,0.000
4500005825,00010,0001,2024-12-28T00:00:00,14.000,14.000
4500005826,00010,0001,2025-11-07T00:00:00,12.000,12.000
4500005827,00010,0001,2026-07-02T00:00:00,10.000,10.000
4500005828,00010,0001,2026-10-03T00:00:00,13.000,0.000
4500005829,00010,0001,2026-05-29T00:00:00,1.000,1.000
4500005830,00010,0001,2024-09-20T00:00:00,5.000,5.000
4500005831,00010,0001,2024-10-23T00:00:00,5.000,0.000
4500005832,00010,0001,2024-12-09T00:00:00,5.000,0.000
4500005833,00010,0001,2024-12-23T00:00:00,7.000,5.000
4500005834,00010,0001,2025-05-03T00:00:00,7.000,7.000
4500005835,00010,0001,2025-06-19T00:00:00,5.000,0.000
4500005836,00010,0001,2025-08-12T00:00:00,5.000,5.000
4500005837,00010,0001,2025-12-20T00:00:00,6.000,6.000
4500005838,00010,0001,2026-07-29T00:00:00,4.000,4.000
4500005839,00010,0001,2025-01-26T00:00:00,6.000,0.000
4500005840,00010,0001,2025-02-23T00:00:00,7.000,7.000
4500005841,00010,0001,2026-02-07T00:00:00,6.000,0.000
4500005842,00010,0001,2026-03-12T00:00:00,6.000,0.000
4500005843,00010,0001,2026-03-26T00:00:00,7.000,7.000
4500005844,00010,0001,2025-09-28T00:00:00,19.000,11.000
4500005845,00010,0001,2026-06-12T00:00:00,20.000,20.000
4500005846,00010,0001,2025-01-28T00:00:00,208.000,208.000
4500005847,00010,0001,2025-07-04T00:00:00,402.000,285.000
4500005848,00010,0001,2026-02-08T00:00:00,163.000,163.000
4500005849,00010,0001,2026-08-15T00:00:00,191.000,0.000
4500005850,00010,0001,2026-09-14T00:00:00,216.000,0.000
4500005851,00010,0001,2026-11-21T00:00:00,285.000,0.000
4500005852,00010,0001,2024-10-01T00:00:00,3.000,3.000
4500005853,00010,0001,2025-01-05T00:00:00,3.000,3.000
4500005854,00010,0001,2025-03-05T00:00:00,2.000,0.000
4500005855,00010,0001,2025-03-30T00:00:00,2.000,2.000
4500005856,00010,0001,2024-12-05T00:00:00,9.000,9.000
4500005857,00010,0001,2025-08-22T00:00:00,10.000,5.000
4500005858,00010,0001,2025-11-29T00:00:00,10.000,10.000
4500005859,00010,0001,2025-12-23T00:00:00,7.000,7.000
4500005860,00010,0001,2026-04-07T00:00:00,10.000,10.000
4500005861,00010,0001,2026-06-06T00:00:00,7.000,7.000
4500005862,00010,0001,2026-09-01T00:00:00,10.000,10.000
4500005863,00010,0001,2025-03-24T00:00:00,13.000,13.000
4500005864,00010,0001,2027-01-18T00:00:00,12.000,0.000
4500005865,00010,0001,2025-04-01T00:00:00,31.000,0.000
4500005866,00010,0001,2025-05-18T00:00:00,31.000,0.000
4500005867,00010,0001,2025-06-15T00:00:00,31.000,31.000
4500005868,00010,0001,2026-11-25T00:00:00,28.000,0.000
4500005869,00010,0001,2026-12-06T00:00:00,28.000,0.000
4500005870,00010,0001,2025-04-14T00:00:00,13.000,13.000
4500005871,00010,0001,2026-02-20T00:00:00,12.000,12.000
4500005872,00010,0001,2025-04-26T00:00:00,9.000,9.000
4500005873,00010,0001,2026-09-30T00:00:00,9.000,0.000
4500005874,00010,0001,2024-11-25T00:00:00,131.000,131.000
4500005875,00010,0001,2025-04-12T00:00:00,133.000,133.000
4500005876,00010,0001,2025-10-18T00:00:00,145.000,145.000
4500005877,00010,0001,2026-02-04T00:00:00,126.000,126.000
4500005878,00010,0001,2026-07-09T00:00:00,129.000,60.000
4500005879,00010,0001,2026-08-29T00:00:00,135.000,135.000
4500005880,00010,0001,2025-04-18T00:00:00,23.000,0.000
4500005881,00010,0001,2025-05-23T00:00:00,28.000,0.000
4500005882,00010,0001,2025-06-17T00:00:00,28.000,28.000
4500005883,00010,0001,2026-09-21T00:00:00,23.000,0.000
4500005884,00010,0001,2025-02-19T00:00:00,24.000,11.000
4500005885,00010,0001,2025-07-04T00:00:00,30.000,30.000
4500005886,00010,0001,2024-11-13T00:00:00,11.000,0.000
4500005887,00010,0001,2024-12-23T00:00:00,11.000,7.000
4500005888,00010,0001,2025-06-18T00:00:00,9.000,9.000
4500005889,00010,0001,2026-02-14T00:00:00,8.000,8.000
4500005890,00010,0001,2026-01-30T00:00:00,4.000,4.000
4500005891,00010,0001,2026-08-10T00:00:00,3.000,3.000
4500005892,00010,0001,2026-09-27T00:00:00,2.000,0.000
4500005893,00010,0001,2024-12-20T00:00:00,12.000,0.000
4500005894,00010,0001,2025-02-07T00:00:00,12.000,0.000
4500005895,00010,0001,2025-03-17T00:00:00,14.000,7.000
4500005896,00010,0001,2025-06-10T00:00:00,11.000,11.000
4500005897,00010,0001,2025-10-24T00:00:00,9.000,0.000
4500005898,00010,0001,2025-12-10T00:00:00,11.000,11.000
4500005899,00010,0001,2026-08-06T00:00:00,11.000,11.000
4500005900,00010,0001,2025-01-04T00:00:00,4.000,3.000
4500005901,00010,0001,2025-08-22T00:00:00,3.000,2.000
4500005902,00010,0001,2025-11-06T00:00:00,5.000,5.000
4500005903,00010,0001,2026-04-26T00:00:00,5.000,5.000
4500005904,00010,0001,2026-07-28T00:00:00,3.000,0.000
4500005905,00010,0001,2026-08-17T00:00:00,6.000,0.000
4500005906,00010,0001,2024-11-29T00:00:00,114.000,0.000
4500005907,00010,0001,2024-12-14T00:00:00,127.000,98.000
4500005908,00010,0001,2025-07-11T00:00:00,121.000,121.000
4500005909,00010,0001,2026-01-03T00:00:00,121.000,121.000
4500005910,00010,0001,2026-07-04T00:00:00,131.000,78.000
4500005911,00010,0001,2024-12-15T00:00:00,25.000,0.000
4500005912,00010,0001,2025-01-19T00:00:00,34.000,34.000
4500005913,00010,0001,2025-03-12T00:00:00,25.000,13.000
4500005914,00010,0001,2025-04-28T00:00:00,34.000,0.000
4500005915,00010,0001,2025-05-08T00:00:00,34.000,34.000
4500005916,00010,0001,2025-08-04T00:00:00,22.000,22.000
4500005917,00010,0001,2025-10-05T00:00:00,27.000,27.000
4500005918,00010,0001,2025-12-11T00:00:00,27.000,0.000
4500005919,00010,0001,2026-01-08T00:00:00,34.000,34.000
4500005920,00010,0001,2026-04-12T00:00:00,30.000,30.000
4500005921,00010,0001,2026-07-24T00:00:00,24.000,24.000
4500005922,00010,0001,2026-09-09T00:00:00,19.000,19.000
4500005923,00010,0001,2024-09-26T00:00:00,52.000,52.000
4500005924,00010,0001,2025-02-05T00:00:00,62.000,62.000
4500005925,00010,0001,2025-07-19T00:00:00,65.000,0.000
4500005926,00010,0001,2025-08-04T00:00:00,65.000,65.000
4500005927,00010,0001,2025-10-30T00:00:00,56.000,56.000
4500005928,00010,0001,2026-03-16T00:00:00,62.000,62.000
4500005929,00010,0001,2026-08-20T00:00:00,52.000,52.000
4500005930,00010,0001,2025-11-14T00:00:00,2.000,0.000
4500005931,00010,0001,2025-12-08T00:00:00,2.000,0.000
4500005932,00010,0001,2025-12-24T00:00:00,2.000,0.000
4500005933,00010,0001,2026-01-18T00:00:00,2.000,0.000
4500005934,00010,0001,2026-03-12T00:00:00,2.000,2.000
4500005935,00010,0001,2026-04-24T00:00:00,2.000,2.000
4500005936,00010,0001,2025-03-05T00:00:00,7.000,7.000
4500005937,00010,0001,2025-10-14T00:00:00,8.000,0.000
4500005938,00010,0001,2025-11-19T00:00:00,8.000,8.000
4500005939,00010,0001,2026-04-15T00:00:00,16.000,0.000
4500005940,00010,0001,2026-05-23T00:00:00,10.000,4.000
4500005941,00010,0001,2026-09-22T00:00:00,12.000,0.000
4500005942,00010,0001,2025-02-08T00:00:00,140.000,140.000
4500005943,00010,0001,2025-09-02T00:00:00,138.000,138.000
4500005944,00010,0001,2026-04-01T00:00:00,122.000,122.000
4500005945,00010,0001,2026-09-30T00:00:00,121.000,0.000
4500005946,00010,0001,2025-02-08T00:00:00,90.000,90.000
4500005947,00010,0001,2025-06-12T00:00:00,173.000,0.000
4500005948,00010,0001,2025-07-17T00:00:00,103.000,103.000
4500005949,00010,0001,2025-10-17T00:00:00,176.000,176.000
4500005950,00010,0001,2026-07-15T00:00:00,85.000,85.000
4500005951,00010,0001,2026-11-01T00:00:00,161.000,0.000
4500005952,00010,0001,2024-11-15T00:00:00,99.000,99.000
4500005953,00010,0001,2025-07-18T00:00:00,99.000,0.000
4500005954,00010,0001,2025-08-11T00:00:00,99.000,99.000
4500005955,00010,0001,2026-03-06T00:00:00,99.000,72.000
4500005956,00010,0001,2026-06-19T00:00:00,96.000,96.000
4500005957,00010,0001,2024-11-03T00:00:00,92.000,92.000
4500005958,00010,0001,2025-02-18T00:00:00,86.000,86.000
4500005959,00010,0001,2025-04-25T00:00:00,166.000,166.000
4500005960,00010,0001,2025-09-21T00:00:00,88.000,47.000
4500005961,00010,0001,2025-10-20T00:00:00,118.000,118.000
4500005962,00010,0001,2026-02-18T00:00:00,79.000,79.000
4500005963,00010,0001,2026-04-12T00:00:00,161.000,94.000
4500005964,00010,0001,2026-06-02T00:00:00,156.000,156.000
4500005965,00010,0001,2024-09-24T00:00:00,6.000,6.000
4500005966,00010,0001,2025-03-14T00:00:00,8.000,8.000
4500005967,00010,0001,2025-07-06T00:00:00,7.000,7.000
4500005968,00010,0001,2026-08-18T00:00:00,7.000,0.000
4500005969,00010,0001,2026-09-21T00:00:00,7.000,0.000
4500005970,00010,0001,2025-02-09T00:00:00,205.000,205.000
4500005971,00010,0001,2025-07-01T00:00:00,391.000,391.000
4500005972,00010,0001,2026-06-30T00:00:00,208.000,208.000
4500005973,00010,0001,2026-12-12T00:00:00,388.000,0.000
4500005974,00010,0001,2024-12-26T00:00:00,6.000,6.000
4500005975,00010,0001,2025-05-24T00:00:00,6.000,6.000
4500005976,00010,0001,2025-08-27T00:00:00,10.000,0.000
4500005977,00010,0001,2025-09-10T00:00:00,4.000,4.000
4500005978,00010,0001,2026-05-07T00:00:00,6.000,6.000
4500005979,00010,0001,2024-11-27T00:00:00,4.000,4.000
4500005980,00010,0001,2025-10-02T00:00:00,3.000,0.000
4500005981,00010,0001,2025-10-11T00:00:00,3.000,0.000
4500005982,00010,0001,2025-11-27T00:00:00,3.000,3.000
4500005983,00010,0001,2026-01-08T00:00:00,2.000,2.000
4500005984,00010,0001,2026-03-16T00:00:00,2.000,0.000
4500005985,00010,0001,2026-04-05T00:00:00,2.000,2.000
4500005986,00010,0001,2026-05-26T00:00:00,4.000,4.000
4500005987,00010,0001,2026-08-02T00:00:00,2.000,2.000
4500005988,00010,0001,2024-11-03T00:00:00,3.000,0.000
4500005989,00010,0001,2024-12-07T00:00:00,3.000,3.000
4500005990,00010,0001,2025-04-21T00:00:00,3.000,3.000
4500005991,00010,0001,2025-08-22T00:00:00,3.000,3.000
4500005992,00010,0001,2026-01-06T00:00:00,3.000,2.000
4500005993,00010,0001,2026-04-23T00:00:00,3.000,3.000
4500005994,00010,0001,2025-01-26T00:00:00,7.000,7.000
4500005995,00010,0001,2025-05-25T00:00:00,7.000,7.000
4500005996,00010,0001,2025-10-04T00:00:00,5.000,5.000
4500005997,00010,0001,2026-03-09T00:00:00,6.000,6.000
4500005998,00010,0001,2025-06-05T00:00:00,6.000,0.000
4500005999,00010,0001,2025-06-23T00:00:00,6.000,4.000
4500006000,00010,0001,2025-10-01T00:00:00,10.000,10.000
4500006001,00010,0001,2026-05-07T00:00:00,6.000,6.000
4500006002,00010,0001,2026-08-14T00:00:00,8.000,8.000
4500006003,00010,0001,2025-01-31T00:00:00,13.000,13.000
4500006004,00010,0001,2026-02-27T00:00:00,12.000,12.000
4500006005,00010,0001,2025-05-05T00:00:00,15.000,8.000
4500006006,00010,0001,2026-06-26T00:00:00,15.000,15.000
4500006007,00010,0001,2024-10-11T00:00:00,2.000,2.000
4500006008,00010,0001,2025-03-20T00:00:00,2.000,1.000
4500006009,00010,0001,2025-05-30T00:00:00,2.000,2.000
4500006010,00010,0001,2025-07-18T00:00:00,2.000,2.000
4500006011,00010,0001,2025-09-10T00:00:00,2.000,2.000
4500006012,00010,0001,2025-10-11T00:00:00,2.000,2.000
4500006013,00010,0001,2026-04-09T00:00:00,2.000,0.000
4500006014,00010,0001,2026-05-16T00:00:00,2.000,2.000
4500006015,00010,0001,2024-12-25T00:00:00,7.000,7.000
4500006016,00010,0001,2025-04-24T00:00:00,9.000,9.000
4500006017,00010,0001,2026-02-28T00:00:00,6.000,6.000
4500006018,00010,0001,2026-05-04T00:00:00,13.000,13.000
4500006019,00010,0001,2026-12-03T00:00:00,5.000,0.000
4500006020,00010,0001,2025-01-01T00:00:00,3.000,0.000
4500006021,00010,0001,2025-02-06T00:00:00,3.000,1.000
4500006022,00010,0001,2025-03-05T00:00:00,3.000,0.000
4500006023,00010,0001,2025-03-19T00:00:00,3.000,3.000
4500006024,00010,0001,2025-11-19T00:00:00,3.000,0.000
4500006025,00010,0001,2025-12-19T00:00:00,3.000,0.000
4500006026,00010,0001,2025-12-30T00:00:00,3.000,3.000
4500006027,00010,0001,2026-06-05T00:00:00,3.000,0.000
4500006028,00010,0001,2026-07-16T00:00:00,3.000,3.000
4500006029,00010,0001,2024-10-22T00:00:00,8.000,8.000
4500006030,00010,0001,2024-12-08T00:00:00,6.000,6.000
4500006031,00010,0001,2024-12-22T00:00:00,12.000,12.000
4500006032,00010,0001,2025-06-28T00:00:00,10.000,10.000
4500006033,00010,0001,2025-12-20T00:00:00,7.000,7.000
4500006034,00010,0001,2026-02-13T00:00:00,12.000,0.000
4500006035,00010,0001,2026-03-12T00:00:00,5.000,5.000
4500006036,00010,0001,2026-04-29T00:00:00,5.000,5.000
4500006037,00010,0001,2024-11-03T00:00:00,6.000,6.000
4500006038,00010,0001,2025-10-27T00:00:00,9.000,9.000
4500006039,00010,0001,2026-07-12T00:00:00,6.000,3.000
4500006040,00010,0001,2024-11-26T00:00:00,36.000,21.000
4500006041,00010,0001,2025-01-18T00:00:00,30.000,30.000
4500006042,00010,0001,2025-05-14T00:00:00,38.000,26.000
4500006043,00010,0001,2025-08-12T00:00:00,32.000,32.000
4500006044,00010,0001,2025-12-24T00:00:00,37.000,37.000
4500006045,00010,0001,2026-06-06T00:00:00,36.000,36.000
4500006046,00010,0001,2024-12-21T00:00:00,7.000,7.000
4500006047,00010,0001,2025-05-28T00:00:00,10.000,0.000
4500006048,00010,0001,2025-07-05T00:00:00,10.000,10.000
4500006049,00010,0001,2026-06-23T00:00:00,9.000,9.000
4500006050,00010,0001,2024-11-13T00:00:00,9.000,9.000
4500006051,00010,0001,2025-07-23T00:00:00,8.000,8.000
4500006052,00010,0001,2026-03-02T00:00:00,8.000,6.000
4500006053,00010,0001,2026-05-12T00:00:00,8.000,8.000
4500006054,00010,0001,2024-10-29T00:00:00,4.000,4.000
4500006055,00010,0001,2025-03-27T00:00:00,5.000,0.000
4500006056,00010,0001,2025-04-25T00:00:00,5.000,0.000
4500006057,00010,0001,2025-05-26T00:00:00,5.000,3.000
4500006058,00010,0001,2025-11-25T00:00:00,4.000,0.000
4500006059,00010,0001,2026-01-04T00:00:00,4.000,4.000
4500006060,00010,0001,2026-09-11T00:00:00,5.000,0.000
4500006061,00010,0001,2025-02-26T00:00:00,16.000,16.000
4500006062,00010,0001,2026-07-13T00:00:00,16.000,0.000
4500006063,00010,0001,2026-08-12T00:00:00,16.000,0.000
4500006064,00010,0001,2026-09-12T00:00:00,18.000,0.000
4500006065,00010,0001,2025-04-11T00:00:00,19.000,19.000
4500006066,00010,0001,2025-12-20T00:00:00,20.000,20.000
4500006067,00010,0001,2025-01-16T00:00:00,10.000,5.000
4500006068,00010,0001,2025-02-11T00:00:00,12.000,12.000
4500006069,00010,0001,2025-08-09T00:00:00,7.000,0.000
4500006070,00010,0001,2025-08-28T00:00:00,7.000,7.000
4500006071,00010,0001,2026-01-02T00:00:00,14.000,14.000
4500006072,00010,0001,2024-12-10T00:00:00,87.000,87.000
4500006073,00010,0001,2025-05-09T00:00:00,78.000,78.000
4500006074,00010,0001,2025-11-01T00:00:00,79.000,79.000
4500006075,00010,0001,2026-03-16T00:00:00,79.000,79.000
4500006076,00010,0001,2026-09-06T00:00:00,84.000,0.000
4500006077,00010,0001,2024-12-21T00:00:00,109.000,109.000
4500006078,00010,0001,2025-05-18T00:00:00,108.000,74.000
4500006079,00010,0001,2025-07-16T00:00:00,165.000,165.000
4500006080,00010,0001,2026-02-28T00:00:00,99.000,0.000
4500006081,00010,0001,2026-04-06T00:00:00,135.000,0.000
4500006082,00010,0001,2026-05-01T00:00:00,163.000,163.000
4500006083,00010,0001,2026-11-15T00:00:00,93.000,0.000
4500006084,00010,0001,2024-11-13T00:00:00,7.000,7.000
4500006085,00010,0001,2025-05-12T00:00:00,9.000,0.000
4500006086,00010,0001,2025-06-02T00:00:00,11.000,0.000
4500006087,00010,0001,2025-07-30T00:00:00,11.000,11.000
4500006088,00010,0001,2026-05-13T00:00:00,8.000,0.000
4500006089,00010,0001,2026-06-18T00:00:00,11.000,11.000
4500006090,00010,0001,2024-12-03T00:00:00,5.000,5.000
4500006091,00010,0001,2025-06-13T00:00:00,9.000,9.000
4500006092,00010,0001,2025-09-12T00:00:00,6.000,6.000
4500006093,00010,0001,2024-12-30T00:00:00,5.000,5.000
4500006094,00010,0001,2025-03-30T00:00:00,4.000,0.000
4500006095,00010,0001,2025-04-26T00:00:00,4.000,2.000
4500006096,00010,0001,2025-07-10T00:00:00,5.000,5.000
4500006097,00010,0001,2025-11-22T00:00:00,4.000,0.000
4500006098,00010,0001,2026-01-02T00:00:00,5.000,5.000
4500006099,00010,0001,2026-05-02T00:00:00,5.000,5.000
4500006100,00010,0001,2026-06-17T00:00:00,4.000,4.000
4500006101,00010,0001,2025-07-06T00:00:00,8.000,0.000
4500006102,00010,0001,2025-07-21T00:00:00,8.000,8.000
4500006103,00010,0001,2026-02-15T00:00:00,11.000,8.000
4500006104,00010,0001,2026-03-12T00:00:00,13.000,13.000
4500006105,00010,0001,2024-11-18T00:00:00,66.000,46.000
4500006106,00010,0001,2025-01-23T00:00:00,102.000,0.000
4500006107,00010,0001,2025-02-22T00:00:00,75.000,0.000
4500006108,00010,0001,2025-03-30T00:00:00,84.000,84.000
4500006109,00010,0001,2025-06-19T00:00:00,48.000,0.000
4500006110,00010,0001,2025-06-23T00:00:00,67.000,0.000
4500006111,00010,0001,2025-08-08T00:00:00,78.000,0.000
4500006112,00010,0001,2025-09-18T00:00:00,103.000,103.000
4500006113,00010,0001,2026-01-14T00:00:00,50.000,50.000
4500006114,00010,0001,2026-03-31T00:00:00,107.000,107.000
4500006115,00010,0001,2026-09-07T00:00:00,41.000,0.000
4500006116,00010,0001,2025-01-30T00:00:00,8.000,0.000
4500006117,00010,0001,2025-04-05T00:00:00,8.000,0.000
4500006118,00010,0001,2025-04-12T00:00:00,10.000,10.000
4500006119,00010,0001,2026-01-22T00:00:00,11.000,11.000
4500006120,00010,0001,2026-10-23T00:00:00,8.000,0.000
4500006121,00010,0001,2026-11-02T00:00:00,8.000,0.000
4500006122,00010,0001,2025-07-27T00:00:00,3.000,3.000
4500006123,00010,0001,2025-10-14T00:00:00,4.000,4.000
4500006124,00010,0001,2025-11-29T00:00:00,3.000,3.000
4500006125,00010,0001,2026-07-17T00:00:00,4.000,0.000
4500006126,00010,0001,2026-08-06T00:00:00,4.000,0.000
4500006127,00010,0001,2026-09-12T00:00:00,4.000,0.000
4500006128,00010,0001,2024-11-10T00:00:00,110.000,0.000
4500006129,00010,0001,2024-12-18T00:00:00,126.000,126.000
4500006130,00010,0001,2025-03-06T00:00:00,92.000,92.000
4500006131,00010,0001,2025-06-09T00:00:00,118.000,118.000
4500006132,00010,0001,2025-07-25T00:00:00,104.000,0.000
4500006133,00010,0001,2025-09-16T00:00:00,126.000,126.000
4500006134,00010,0001,2026-01-17T00:00:00,98.000,98.000
4500006135,00010,0001,2026-04-03T00:00:00,125.000,125.000
4500006136,00010,0001,2026-06-24T00:00:00,116.000,116.000
4500006137,00010,0001,2025-05-22T00:00:00,5.000,0.000
4500006138,00010,0001,2025-06-12T00:00:00,6.000,0.000
4500006139,00010,0001,2025-08-03T00:00:00,6.000,6.000
4500006140,00010,0001,2026-06-07T00:00:00,5.000,0.000
4500006141,00010,0001,2026-06-14T00:00:00,5.000,5.000
4500006142,00010,0001,2024-11-01T00:00:00,10.000,10.000
4500006143,00010,0001,2025-10-08T00:00:00,14.000,7.000
4500006144,00010,0001,2026-01-03T00:00:00,11.000,0.000
4500006145,00010,0001,2026-02-08T00:00:00,11.000,8.000
4500006146,00010,0001,2026-08-06T00:00:00,14.000,14.000
4500006147,00010,0001,2024-09-26T00:00:00,3.000,2.000
4500006148,00010,0001,2024-10-22T00:00:00,3.000,3.000
4500006149,00010,0001,2025-05-10T00:00:00,3.000,3.000
4500006150,00010,0001,2025-11-21T00:00:00,3.000,0.000
4500006151,00010,0001,2025-12-25T00:00:00,3.000,0.000
4500006152,00010,0001,2026-01-31T00:00:00,3.000,3.000
4500006153,00010,0001,2026-06-26T00:00:00,3.000,3.000
4500006154,00010,0001,2024-12-03T00:00:00,22.000,0.000
4500006155,00010,0001,2025-01-20T00:00:00,24.000,24.000
4500006156,00010,0001,2025-12-10T00:00:00,18.000,18.000
4500006157,00010,0001,2026-07-22T00:00:00,18.000,18.000
4500006158,00010,0001,2024-11-18T00:00:00,7.000,0.000
4500006159,00010,0001,2024-12-17T00:00:00,7.000,0.000
4500006160,00010,0001,2025-01-06T00:00:00,7.000,7.000
4500006161,00010,0001,2025-08-10T00:00:00,8.000,8.000
4500006162,00010,0001,2026-07-17T00:00:00,7.000,7.000
4500006163,00010,0001,2024-11-17T00:00:00,13.000,13.000
4500006164,00010,0001,2025-03-03T00:00:00,19.000,19.000
4500006165,00010,0001,2025-10-16T00:00:00,13.000,7.000
4500006166,00010,0001,2025-12-21T00:00:00,14.000,14.000
4500006167,00010,0001,2026-05-02T00:00:00,15.000,15.000
4500006168,00010,0001,2025-01-04T00:00:00,247.000,247.000
4500006169,00010,0001,2025-09-27T00:00:00,241.000,241.000
4500006170,00010,0001,2026-04-12T00:00:00,221.000,221.000
4500006171,00010,0001,2024-11-20T00:00:00,3.000,0.000
4500006172,00010,0001,2024-12-02T00:00:00,3.000,3.000
4500006173,00010,0001,2025-03-19T00:00:00,3.000,3.000
4500006174,00010,0001,2025-07-24T00:00:00,2.000,0.000
4500006175,00010,0001,2025-08-28T00:00:00,3.000,3.000
4500006176,00010,0001,2025-12-13T00:00:00,2.000,2.000
4500006177,00010,0001,2026-07-14T00:00:00,3.000,3.000
4500006178,00010,0001,2024-11-08T00:00:00,1.000,1.000
4500006179,00010,0001,2026-02-01T00:00:00,1.000,1.000
4500006180,00010,0001,2026-07-17T00:00:00,1.000,1.000
4500006181,00010,0001,2024-11-23T00:00:00,9.000,9.000
4500006182,00010,0001,2025-05-05T00:00:00,11.000,11.000
4500006183,00010,0001,2026-03-24T00:00:00,8.000,8.000
4500006184,00010,0001,2024-12-29T00:00:00,19.000,19.000
4500006185,00010,0001,2026-01-08T00:00:00,20.000,20.000
4500006186,00010,0001,2026-08-25T00:00:00,18.000,18.000
4500006187,00010,0001,2024-10-30T00:00:00,5.000,5.000
4500006188,00010,0001,2025-08-27T00:00:00,4.000,4.000
4500006189,00010,0001,2026-01-23T00:00:00,4.000,2.000
4500006190,00010,0001,2026-03-04T00:00:00,6.000,6.000
4500006191,00010,0001,2025-02-19T00:00:00,15.000,15.000
4500006192,00010,0001,2025-07-16T00:00:00,14.000,14.000
4500006193,00010,0001,2026-05-15T00:00:00,15.000,15.000
4500006194,00010,0001,2026-10-06T00:00:00,13.000,0.000
4500006195,00010,0001,2024-11-17T00:00:00,88.000,88.000
4500006196,00010,0001,2025-05-18T00:00:00,105.000,105.000
4500006197,00010,0001,2025-10-17T00:00:00,86.000,86.000
4500006198,00010,0001,2026-03-15T00:00:00,86.000,86.000
4500006199,00010,0001,2026-08-09T00:00:00,86.000,69.000
4500006200,00010,0001,2024-11-20T00:00:00,73.000,73.000
4500006201,00010,0001,2025-06-19T00:00:00,65.000,65.000
4500006202,00010,0001,2026-01-05T00:00:00,62.000,62.000
4500006203,00010,0001,2026-06-17T00:00:00,64.000,64.000
4500006204,00010,0001,2024-11-07T00:00:00,5.000,0.000
4500006205,00010,0001,2024-12-10T00:00:00,5.000,0.000
4500006206,00010,0001,2024-12-12T00:00:00,5.000,5.000
4500006207,00010,0001,2025-08-18T00:00:00,5.000,2.000
4500006208,00010,0001,2025-09-23T00:00:00,5.000,5.000
4500006209,00010,0001,2026-02-04T00:00:00,3.000,3.000
4500006210,00010,0001,2026-02-23T00:00:00,6.000,6.000
4500006211,00010,0001,2026-09-12T00:00:00,4.000,0.000
4500006212,00010,0001,2025-03-26T00:00:00,13.000,13.000
4500006213,00010,0001,2025-10-30T00:00:00,12.000,12.000
4500006214,00010,0001,2026-06-26T00:00:00,12.000,12.000
4500006215,00010,0001,2024-11-15T00:00:00,6.000,6.000
4500006216,00010,0001,2025-02-24T00:00:00,6.000,6.000
4500006217,00010,0001,2025-07-05T00:00:00,8.000,6.000
4500006218,00010,0001,2026-04-05T00:00:00,6.000,6.000
4500006219,00010,0001,2026-06-18T00:00:00,9.000,9.000
4500006220,00010,0001,2026-10-10T00:00:00,8.000,0.000
4500006221,00010,0001,2025-01-29T00:00:00,3.000,1.000
4500006222,00010,0001,2025-04-23T00:00:00,3.000,3.000
4500006223,00010,0001,2026-04-17T00:00:00,3.000,0.000
4500006224,00010,0001,2026-05-20T00:00:00,3.000,0.000
4500006225,00010,0001,2026-06-18T00:00:00,3.000,3.000
4500006226,00010,0001,2025-07-24T00:00:00,1.000,1.000
4500006227,00010,0001,2025-11-13T00:00:00,1.000,0.000
4500006228,00010,0001,2025-12-15T00:00:00,1.000,1.000
4500006229,00010,0001,2026-02-10T00:00:00,1.000,1.000
4500006230,00010,0001,2025-11-30T00:00:00,1.000,1.000
4500006231,00010,0001,2026-07-06T00:00:00,1.000,1.000
4500006232,00010,0001,2026-09-03T00:00:00,1.000,1.000
4500006233,00010,0001,2024-11-02T00:00:00,1.000,0.000
4500006234,00010,0001,2024-11-16T00:00:00,1.000,1.000
4500006235,00010,0001,2025-03-17T00:00:00,1.000,1.000
4500006236,00010,0001,2025-08-19T00:00:00,1.000,1.000
4500006237,00010,0001,2025-02-03T00:00:00,10.000,5.000
4500006238,00010,0001,2025-06-04T00:00:00,10.000,0.000
4500006239,00010,0001,2025-07-22T00:00:00,10.000,7.000
4500006240,00010,0001,2025-11-11T00:00:00,10.000,10.000
4500006241,00010,0001,2026-03-05T00:00:00,10.000,0.000
4500006242,00010,0001,2026-03-30T00:00:00,10.000,4.000
4500006243,00010,0001,2026-05-11T00:00:00,10.000,10.000
4500006244,00010,0001,2025-05-21T00:00:00,4.000,3.000
4500006245,00010,0001,2026-02-02T00:00:00,4.000,0.000
4500006246,00010,0001,2026-04-02T00:00:00,5.000,5.000
4500006247,00010,0001,2026-10-16T00:00:00,9.000,0.000
4500006248,00010,0001,2026-11-09T00:00:00,5.000,0.000
4500006249,00010,0001,2025-04-13T00:00:00,21.000,21.000
4500006250,00010,0001,2026-04-25T00:00:00,23.000,0.000
4500006251,00010,0001,2026-07-01T00:00:00,26.000,26.000
4500006252,00010,0001,2025-08-25T00:00:00,1.000,1.000
4500006253,00010,0001,2026-02-11T00:00:00,1.000,1.000
4500006254,00010,0001,2024-10-29T00:00:00,90.000,0.000
4500006255,00010,0001,2024-11-24T00:00:00,109.000,109.000
4500006256,00010,0001,2025-05-13T00:00:00,72.000,72.000
4500006257,00010,0001,2025-10-09T00:00:00,75.000,75.000
4500006258,00010,0001,2026-01-26T00:00:00,97.000,97.000
4500006259,00010,0001,2026-07-06T00:00:00,87.000,0.000
4500006260,00010,0001,2026-08-04T00:00:00,102.000,0.000
4500006261,00010,0001,2026-08-13T00:00:00,109.000,109.000
4500006262,00010,0001,2024-11-22T00:00:00,69.000,38.000
4500006263,00010,0001,2025-02-14T00:00:00,62.000,0.000
4500006264,00010,0001,2025-03-13T00:00:00,73.000,73.000
4500006265,00010,0001,2025-09-29T00:00:00,62.000,62.000
4500006266,00010,0001,2026-04-11T00:00:00,71.000,0.000
4500006267,00010,0001,2026-06-07T00:00:00,73.000,0.000
4500006268,00010,0001,2026-06-21T00:00:00,73.000,73.000
4500006269,00010,0001,2025-02-28T00:00:00,3.000,0.000
4500006270,00010,0001,2025-04-02T00:00:00,3.000,3.000
4500006271,00010,0001,2025-05-20T00:00:00,3.000,3.000
4500006272,00010,0001,2025-11-11T00:00:00,3.000,3.000
4500006273,00010,0001,2024-10-16T00:00:00,3.000,3.000
4500006274,00010,0001,2024-12-09T00:00:00,3.000,2.000
4500006275,00010,0001,2025-02-18T00:00:00,5.000,2.000
4500006276,00010,0001,2025-03-08T00:00:00,5.000,5.000
4500006277,00010,0001,2025-08-30T00:00:00,3.000,0.000
4500006278,00010,0001,2025-10-12T00:00:00,3.000,3.000
4500006279,00010,0001,2026-05-29T00:00:00,4.000,2.000
4500006280,00010,0001,2026-08-06T00:00:00,3.000,3.000
4500006281,00010,0001,2024-12-27T00:00:00,231.000,231.000
4500006282,00010,0001,2025-07-18T00:00:00,219.000,89.000
4500006283,00010,0001,2025-09-10T00:00:00,214.000,140.000
4500006284,00010,0001,2026-01-29T00:00:00,220.000,220.000
4500006285,00010,0001,2026-08-06T00:00:00,231.000,231.000
4500006286,00010,0001,2024-11-23T00:00:00,50.000,0.000
4500006287,00010,0001,2024-12-12T00:00:00,66.000,66.000
4500006288,00010,0001,2025-02-09T00:00:00,103.000,103.000
4500006289,00010,0001,2025-08-24T00:00:00,53.000,53.000
4500006290,00010,0001,2025-10-09T00:00:00,100.000,100.000
4500006291,00010,0001,2026-04-01T00:00:00,57.000,57.000
4500006292,00010,0001,2026-05-17T00:00:00,107.000,0.000
4500006293,00010,0001,2026-07-03T00:00:00,107.000,53.000
4500006294,00010,0001,2026-08-15T00:00:00,103.000,75.000
4500006295,00010,0001,2025-07-31T00:00:00,11.000,11.000
4500006296,00010,0001,2026-11-09T00:00:00,10.000,0.000
4500006297,00010,0001,2026-11-26T00:00:00,10.000,0.000
4500006298,00010,0001,2024-12-29T00:00:00,61.000,0.000
4500006299,00010,0001,2025-01-11T00:00:00,75.000,75.000
4500006300,00010,0001,2025-06-10T00:00:00,53.000,53.000
4500006301,00010,0001,2025-10-12T00:00:00,53.000,41.000
4500006302,00010,0001,2026-02-04T00:00:00,59.000,59.000
4500006303,00010,0001,2026-06-04T00:00:00,53.000,53.000
4500006304,00010,0001,2026-12-05T00:00:00,53.000,0.000
4500006305,00010,0001,2024-12-22T00:00:00,230.000,0.000
4500006306,00010,0001,2025-01-29T00:00:00,242.000,242.000
4500006307,00010,0001,2026-01-29T00:00:00,216.000,216.000
4500006308,00010,0001,2026-12-05T00:00:00,206.000,0.000
4500006309,00010,0001,2025-01-08T00:00:00,6.000,6.000
4500006310,00010,0001,2025-07-18T00:00:00,4.000,0.000
4500006311,00010,0001,2025-09-04T00:00:00,4.000,0.000
4500006312,00010,0001,2025-09-16T00:00:00,4.000,3.000
4500006313,00010,0001,2026-01-23T00:00:00,4.000,4.000
4500006314,00010,0001,2024-09-30T00:00:00,3.000,3.000
4500006315,00010,0001,2025-01-07T00:00:00,5.000,5.000
4500006316,00010,0001,2025-02-27T00:00:00,6.000,6.000
4500006317,00010,0001,2025-07-10T00:00:00,6.000,6.000
4500006318,00010,0001,2025-10-03T00:00:00,6.000,3.000
4500006319,00010,0001,2025-11-15T00:00:00,3.000,3.000
4500006320,00010,0001,2026-07-10T00:00:00,6.000,6.000
4500006321,00010,0001,2024-12-30T00:00:00,12.000,12.000
4500006322,00010,0001,2025-04-29T00:00:00,7.000,0.000
4500006323,00010,0001,2025-05-17T00:00:00,7.000,0.000
4500006324,00010,0001,2025-06-27T00:00:00,11.000,11.000
4500006325,00010,0001,2026-01-25T00:00:00,7.000,7.000
4500006326,00010,0001,2026-06-01T00:00:00,8.000,0.000
4500006327,00010,0001,2026-06-21T00:00:00,8.000,8.000
4500006328,00010,0001,2026-09-12T00:00:00,17.000,0.000
4500006329,00010,0001,2026-11-03T00:00:00,12.000,0.000
4500006330,00010,0001,2024-10-21T00:00:00,3.000,0.000
4500006331,00010,0001,2024-11-15T00:00:00,3.000,3.000
4500006332,00010,0001,2025-04-13T00:00:00,3.000,0.000
4500006333,00010,0001,2025-06-09T00:00:00,3.000,0.000
4500006334,00010,0001,2025-06-15T00:00:00,3.000,0.000
4500006335,00010,0001,2025-07-13T00:00:00,3.000,3.000
4500006336,00010,0001,2025-10-29T00:00:00,4.000,4.000
4500006337,00010,0001,2026-06-04T00:00:00,3.000,3.000
4500006338,00010,0001,2025-03-25T00:00:00,19.000,19.000
4500006339,00010,0001,2026-03-17T00:00:00,16.000,0.000
4500006340,00010,0001,2026-04-16T00:00:00,16.000,0.000
4500006341,00010,0001,2026-05-17T00:00:00,16.000,16.000
4500006342,00010,0001,2025-12-24T00:00:00,2.000,2.000
4500006343,00010,0001,2026-05-19T00:00:00,2.000,2.000
4500006344,00010,0001,2026-10-05T00:00:00,4.000,0.000
4500006345,00010,0001,2026-11-07T00:00:00,3.000,0.000
4500006346,00010,0001,2026-12-14T00:00:00,4.000,0.000
4500006347,00010,0001,2027-01-02T00:00:00,5.000,0.000
4500006348,00010,0001,2024-10-09T00:00:00,8.000,0.000
4500006349,00010,0001,2024-11-30T00:00:00,8.000,0.000
4500006350,00010,0001,2024-12-16T00:00:00,8.000,8.000
4500006351,00010,0001,2025-02-13T00:00:00,10.000,10.000
4500006352,00010,0001,2025-07-29T00:00:00,9.000,5.000
4500006353,00010,0001,2025-11-01T00:00:00,10.000,10.000
4500006354,00010,0001,2026-02-03T00:00:00,10.000,10.000
4500006355,00010,0001,2024-12-12T00:00:00,8.000,0.000
4500006356,00010,0001,2024-12-31T00:00:00,8.000,8.000
4500006357,00010,0001,2025-03-04T00:00:00,6.000,0.000
4500006358,00010,0001,2025-03-23T00:00:00,6.000,6.000
4500006359,00010,0001,2025-11-01T00:00:00,6.000,6.000
4500006360,00010,0001,2025-12-03T00:00:00,5.000,5.000
4500006361,00010,0001,2026-06-27T00:00:00,6.000,0.000
4500006362,00010,0001,2026-07-27T00:00:00,6.000,6.000
4500006363,00010,0001,2025-01-06T00:00:00,14.000,6.000
4500006364,00010,0001,2025-09-18T00:00:00,17.000,17.000
4500006365,00010,0001,2026-11-15T00:00:00,16.000,0.000
4500006366,00010,0001,2025-01-21T00:00:00,16.000,16.000
4500006367,00010,0001,2025-08-17T00:00:00,18.000,0.000
4500006368,00010,0001,2025-10-12T00:00:00,25.000,25.000
4500006369,00010,0001,2026-07-23T00:00:00,13.000,0.000
4500006370,00010,0001,2026-09-05T00:00:00,18.000,0.000
4500006371,00010,0001,2026-09-18T00:00:00,24.000,0.000
4500006372,00010,0001,2025-01-04T00:00:00,1.000,1.000
4500006373,00010,0001,2025-04-04T00:00:00,1.000,0.000
4500006374,00010,0001,2025-05-02T00:00:00,1.000,1.000
4500006375,00010,0001,2025-11-07T00:00:00,1.000,1.000
4500006376,00010,0001,2026-08-17T00:00:00,1.000,1.000
4500006377,00010,0001,2024-11-25T00:00:00,159.000,159.000
4500006378,00010,0001,2025-03-29T00:00:00,141.000,141.000
4500006379,00010,0001,2025-08-19T00:00:00,158.000,158.000
4500006380,00010,0001,2026-01-05T00:00:00,142.000,142.000
4500006381,00010,0001,2026-04-11T00:00:00,165.000,0.000
4500006382,00010,0001,2026-05-13T00:00:00,207.000,207.000
4500006383,00010,0001,2026-09-27T00:00:00,141.000,0.000
4500006384,00010,0001,2025-05-06T00:00:00,11.000,0.000
4500006385,00010,0001,2025-05-30T00:00:00,13.000,13.000
4500006386,00010,0001,2026-03-01T00:00:00,10.000,10.000
4500006387,00010,0001,2027-02-26T00:00:00,10.000,0.000
4500006388,00010,0001,2024-11-18T00:00:00,138.000,138.000
4500006389,00010,0001,2025-04-10T00:00:00,151.000,61.000
4500006390,00010,0001,2025-05-29T00:00:00,141.000,141.000
4500006391,00010,0001,2025-11-07T00:00:00,155.000,155.000
4500006392,00010,0001,2026-03-11T00:00:00,171.000,171.000
4500006393,00010,0001,2026-09-03T00:00:00,138.000,138.000
4500006394,00010,0001,2024-10-26T00:00:00,4.000,0.000
4500006395,00010,0001,2024-12-06T00:00:00,4.000,3.000
4500006396,00010,0001,2025-03-09T00:00:00,6.000,6.000
4500006397,00010,0001,2025-08-02T00:00:00,8.000,0.000
4500006398,00010,0001,2025-09-15T00:00:00,8.000,0.000
4500006399,00010,0001,2025-10-02T00:00:00,8.000,8.000
4500006400,00010,0001,2026-08-19T00:00:00,7.000,7.000
4500006401,00010,0001,2024-12-26T00:00:00,108.000,0.000
4500006402,00010,0001,2025-02-18T00:00:00,132.000,132.000
4500006403,00010,0001,2025-09-14T00:00:00,117.000,117.000
4500006404,00010,0001,2026-03-26T00:00:00,111.000,111.000
4500006405,00010,0001,2026-10-25T00:00:00,121.000,0.000
4500006406,00010,0001,2026-11-12T00:00:00,136.000,0.000
4500006407,00010,0001,2024-12-16T00:00:00,8.000,3.000
4500006408,00010,0001,2025-01-03T00:00:00,8.000,6.000
4500006409,00010,0001,2025-05-07T00:00:00,7.000,7.000
4500006410,00010,0001,2025-12-16T00:00:00,5.000,0.000
4500006411,00010,0001,2026-01-17T00:00:00,5.000,5.000
4500006412,00010,0001,2026-10-17T00:00:00,5.000,0.000
4500006413,00010,0001,2025-03-24T00:00:00,6.000,6.000
4500006414,00010,0001,2026-05-23T00:00:00,7.000,0.000
4500006415,00010,0001,2026-06-23T00:00:00,11.000,0.000
4500006416,00010,0001,2026-07-21T00:00:00,14.000,0.000
4500006417,00010,0001,2026-08-21T00:00:00,14.000,14.000
4500006418,00010,0001,2025-04-11T00:00:00,6.000,6.000
4500006419,00010,0001,2026-07-13T00:00:00,6.000,0.000
4500006420,00010,0001,2026-09-04T00:00:00,6.000,6.000
4500006421,00010,0001,2025-03-19T00:00:00,4.000,4.000
4500006422,00010,0001,2025-07-06T00:00:00,7.000,7.000
4500006423,00010,0001,2026-09-09T00:00:00,3.000,0.000
4500006424,00010,0001,2027-02-23T00:00:00,6.000,0.000
4500006425,00010,0001,2024-10-13T00:00:00,2.000,0.000
4500006426,00010,0001,2024-11-08T00:00:00,3.000,3.000
4500006427,00010,0001,2025-05-03T00:00:00,3.000,3.000
4500006428,00010,0001,2025-06-22T00:00:00,3.000,3.000
4500006429,00010,0001,2025-09-13T00:00:00,3.000,0.000
4500006430,00010,0001,2025-10-22T00:00:00,3.000,2.000
4500006431,00010,0001,2025-11-29T00:00:00,4.000,2.000
4500006432,00010,0001,2026-01-12T00:00:00,2.000,2.000
4500006433,00010,0001,2026-01-27T00:00:00,5.000,5.000
4500006434,00010,0001,2024-12-23T00:00:00,97.000,0.000
4500006435,00010,0001,2025-01-15T00:00:00,97.000,0.000
4500006436,00010,0001,2025-02-14T00:00:00,97.000,97.000
4500006437,00010,0001,2025-06-11T00:00:00,97.000,97.000
4500006438,00010,0001,2025-09-25T00:00:00,97.000,97.000
4500006439,00010,0001,2026-01-15T00:00:00,89.000,66.000
4500006440,00010,0001,2026-03-19T00:00:00,84.000,0.000
4500006441,00010,0001,2026-04-02T00:00:00,97.000,97.000
4500006442,00010,0001,2026-07-18T00:00:00,97.000,97.000
4500006443,00010,0001,2024-11-01T00:00:00,155.000,0.000
4500006444,00010,0001,2024-11-21T00:00:00,165.000,0.000
4500006445,00010,0001,2025-01-03T00:00:00,165.000,94.000
4500006446,00010,0001,2025-04-04T00:00:00,150.000,0.000
4500006447,00010,0001,2025-05-17T00:00:00,165.000,165.000
4500006448,00010,0001,2025-12-27T00:00:00,165.000,118.000
4500006449,00010,0001,2026-05-10T00:00:00,165.000,165.000
4500006450,00010,0001,2025-02-06T00:00:00,5.000,5.000
4500006451,00010,0001,2025-08-01T00:00:00,5.000,5.000
4500006452,00010,0001,2026-01-25T00:00:00,7.000,7.000
4500006453,00010,0001,2026-12-03T00:00:00,5.000,0.000
4500006454,00010,0001,2025-01-17T00:00:00,108.000,108.000
4500006455,00010,0001,2025-07-06T00:00:00,108.000,108.000
4500006456,00010,0001,2025-11-15T00:00:00,108.000,108.000
4500006457,00010,0001,2026-06-09T00:00:00,108.000,108.000
4500006458,00010,0001,2025-03-12T00:00:00,8.000,8.000
4500006459,00010,0001,2025-09-13T00:00:00,7.000,5.000
4500006460,00010,0001,2025-12-12T00:00:00,8.000,8.000
4500006461,00010,0001,2026-06-29T00:00:00,10.000,10.000
4500006462,00010,0001,2026-10-07T00:00:00,8.000,0.000
4500006463,00010,0001,2024-11-02T00:00:00,3.000,3.000
4500006464,00010,0001,2025-01-18T00:00:00,5.000,0.000
4500006465,00010,0001,2025-02-09T00:00:00,8.000,8.000
4500006466,00010,0001,2025-05-11T00:00:00,6.000,6.000
4500006467,00010,0001,2025-09-01T00:00:00,4.000,2.000
4500006468,00010,0001,2025-09-25T00:00:00,7.000,5.000
4500006469,00010,0001,2026-06-13T00:00:00,5.000,0.000
4500006470,00010,0001,2026-07-08T00:00:00,5.000,2.000
4500006471,00010,0001,2026-08-18T00:00:00,3.000,3.000
4500006472,00010,0001,2024-10-03T00:00:00,6.000,6.000
4500006473,00010,0001,2024-11-08T00:00:00,4.000,4.000
4500006474,00010,0001,2025-06-14T00:00:00,5.000,5.000
4500006475,00010,0001,2026-04-04T00:00:00,4.000,4.000
4500006476,00010,0001,2026-08-13T00:00:00,4.000,4.000
4500006477,00010,0001,2024-10-26T00:00:00,141.000,141.000
4500006478,00010,0001,2025-04-21T00:00:00,143.000,68.000
4500006479,00010,0001,2025-07-21T00:00:00,140.000,140.000
4500006480,00010,0001,2026-01-29T00:00:00,149.000,149.000
4500006481,00010,0001,2026-07-26T00:00:00,156.000,156.000
4500006482,00010,0001,2024-10-30T00:00:00,7.000,7.000
4500006483,00010,0001,2025-03-30T00:00:00,9.000,9.000
4500006484,00010,0001,2025-08-04T00:00:00,8.000,8.000
4500006485,00010,0001,2025-11-12T00:00:00,10.000,10.000
4500006486,00010,0001,2026-02-02T00:00:00,10.000,10.000
4500006487,00010,0001,2026-04-09T00:00:00,11.000,11.000
4500006488,00010,0001,2024-11-18T00:00:00,6.000,6.000
4500006489,00010,0001,2025-04-25T00:00:00,5.000,5.000
4500006490,00010,0001,2024-12-03T00:00:00,7.000,0.000
4500006491,00010,0001,2024-12-25T00:00:00,7.000,0.000
4500006492,00010,0001,2025-02-02T00:00:00,9.000,0.000
4500006493,00010,0001,2025-02-18T00:00:00,9.000,9.000
4500006494,00010,0001,2026-02-13T00:00:00,9.000,9.000
4500006495,00010,0001,2026-06-27T00:00:00,5.000,5.000
4500006496,00010,0001,2024-12-29T00:00:00,4.000,4.000
4500006497,00010,0001,2025-07-12T00:00:00,4.000,4.000
4500006498,00010,0001,2026-04-17T00:00:00,5.000,0.000
4500006499,00010,0001,2026-04-28T00:00:00,5.000,2.000
4500006500,00010,0001,2026-08-21T00:00:00,7.000,7.000
4500006501,00010,0001,2024-10-19T00:00:00,2.000,2.000
4500006502,00010,0001,2025-07-21T00:00:00,2.000,0.000
4500006503,00010,0001,2025-08-31T00:00:00,2.000,2.000
4500006504,00010,0001,2025-11-23T00:00:00,3.000,2.000
4500006505,00010,0001,2026-05-31T00:00:00,2.000,1.000
4500006506,00010,0001,2026-07-09T00:00:00,3.000,3.000
4500006507,00010,0001,2024-11-28T00:00:00,11.000,0.000
4500006508,00010,0001,2025-01-10T00:00:00,11.000,0.000
4500006509,00010,0001,2025-02-13T00:00:00,11.000,11.000
4500006510,00010,0001,2025-10-21T00:00:00,9.000,0.000
4500006511,00010,0001,2025-11-27T00:00:00,11.000,11.000
4500006512,00010,0001,2026-07-15T00:00:00,9.000,0.000
4500006513,00010,0001,2026-07-30T00:00:00,9.000,9.000
4500006514,00010,0001,2024-12-08T00:00:00,9.000,9.000
4500006515,00010,0001,2025-02-15T00:00:00,9.000,7.000
4500006516,00010,0001,2025-08-17T00:00:00,9.000,9.000
4500006517,00010,0001,2026-01-01T00:00:00,9.000,9.000
4500006518,00010,0001,2026-08-07T00:00:00,9.000,9.000
4500006519,00010,0001,2025-05-08T00:00:00,6.000,6.000
4500006520,00010,0001,2026-02-23T00:00:00,5.000,3.000
4500006521,00010,0001,2026-08-19T00:00:00,8.000,0.000
4500006522,00010,0001,2026-09-23T00:00:00,9.000,0.000
4500006523,00010,0001,2026-11-03T00:00:00,6.000,0.000
4500006524,00010,0001,2025-01-10T00:00:00,11.000,11.000
4500006525,00010,0001,2025-06-01T00:00:00,11.000,0.000
4500006526,00010,0001,2025-06-05T00:00:00,13.000,13.000
4500006527,00010,0001,2025-09-21T00:00:00,11.000,11.000
4500006528,00010,0001,2026-04-03T00:00:00,13.000,13.000
4500006529,00010,0001,2024-12-19T00:00:00,9.000,0.000
4500006530,00010,0001,2025-01-27T00:00:00,12.000,12.000
4500006531,00010,0001,2025-03-07T00:00:00,19.000,0.000
4500006532,00010,0001,2025-04-21T00:00:00,7.000,7.000
4500006533,00010,0001,2025-12-05T00:00:00,12.000,0.000
4500006534,00010,0001,2026-01-21T00:00:00,16.000,16.000
4500006535,00010,0001,2026-05-06T00:00:00,10.000,10.000
4500006536,00010,0001,2025-02-06T00:00:00,4.000,4.000
4500006537,00010,0001,2025-10-18T00:00:00,4.000,4.000
4500006538,00010,0001,2026-03-20T00:00:00,4.000,4.000
4500006539,00010,0001,2026-12-28T00:00:00,4.000,0.000
4500006540,00010,0001,2025-01-08T00:00:00,4.000,4.000
4500006541,00010,0001,2025-04-30T00:00:00,3.000,0.000
4500006542,00010,0001,2025-06-14T00:00:00,5.000,5.000
4500006543,00010,0001,2025-11-21T00:00:00,3.000,3.000
4500006544,00010,0001,2026-09-24T00:00:00,4.000,0.000
4500006545,00010,0001,2024-12-20T00:00:00,13.000,13.000
4500006546,00010,0001,2025-04-01T00:00:00,9.000,9.000
4500006547,00010,0001,2025-08-05T00:00:00,11.000,11.000
4500006548,00010,0001,2026-08-05T00:00:00,9.000,9.000
4500006549,00010,0001,2025-03-10T00:00:00,4.000,4.000
4500006550,00010,0001,2025-11-09T00:00:00,4.000,4.000
4500006551,00010,0001,2026-06-05T00:00:00,4.000,4.000
4500006552,00010,0001,2026-12-13T00:00:00,4.000,0.000
4500006553,00010,0001,2024-10-28T00:00:00,7.000,7.000
4500006554,00010,0001,2025-03-03T00:00:00,7.000,0.000
4500006555,00010,0001,2025-04-13T00:00:00,7.000,0.000
4500006556,00010,0001,2025-04-29T00:00:00,7.000,0.000
4500006557,00010,0001,2025-06-02T00:00:00,7.000,7.000
4500006558,00010,0001,2025-07-18T00:00:00,6.000,4.000
4500006559,00010,0001,2025-10-05T00:00:00,6.000,6.000
4500006560,00010,0001,2026-03-24T00:00:00,5.000,5.000
4500006561,00010,0001,2026-08-04T00:00:00,5.000,5.000
4500006562,00010,0001,2024-10-07T00:00:00,8.000,0.000
4500006563,00010,0001,2024-11-02T00:00:00,9.000,9.000
4500006564,00010,0001,2025-09-01T00:00:00,9.000,9.000
4500006565,00010,0001,2026-02-06T00:00:00,9.000,9.000
4500006566,00010,0001,2025-05-24T00:00:00,9.000,9.000
4500006567,00010,0001,2026-10-15T00:00:00,9.000,0.000
4500006568,00010,0001,2025-03-21T00:00:00,1.000,0.000
4500006569,00010,0001,2025-05-01T00:00:00,1.000,1.000
4500006570,00010,0001,2025-11-02T00:00:00,1.000,1.000
4500006571,00010,0001,2026-09-23T00:00:00,1.000,0.000
4500006572,00010,0001,2024-10-31T00:00:00,92.000,92.000
4500006573,00010,0001,2025-03-12T00:00:00,90.000,90.000
4500006574,00010,0001,2025-07-01T00:00:00,84.000,84.000
4500006575,00010,0001,2025-10-26T00:00:00,90.000,70.000
4500006576,00010,0001,2026-01-15T00:00:00,90.000,90.000
4500006577,00010,0001,2026-07-10T00:00:00,91.000,0.000
4500006578,00010,0001,2026-08-10T00:00:00,92.000,92.000
4500006579,00010,0001,2024-11-17T00:00:00,102.000,102.000
4500006580,00010,0001,2025-01-28T00:00:00,90.000,0.000
4500006581,00010,0001,2025-02-11T00:00:00,129.000,129.000
4500006582,00010,0001,2025-06-08T00:00:00,95.000,95.000
4500006583,00010,0001,2025-08-19T00:00:00,86.000,86.000
4500006584,00010,0001,2025-12-05T00:00:00,75.000,75.000
4500006585,00010,0001,2026-03-14T00:00:00,100.000,0.000
4500006586,00010,0001,2026-03-29T00:00:00,126.000,126.000
4500006587,00010,0001,2026-07-15T00:00:00,102.000,102.000
4500006588,00010,0001,2024-11-04T00:00:00,11.000,0.000
4500006589,00010,0001,2024-12-14T00:00:00,17.000,17.000
4500006590,00010,0001,2025-03-26T00:00:00,10.000,10.000
4500006591,00010,0001,2025-08-28T00:00:00,10.000,10.000
4500006592,00010,0001,2026-06-22T00:00:00,10.000,10.000
4500006593,00010,0001,2024-10-29T00:00:00,12.000,12.000
4500006594,00010,0001,2025-07-14T00:00:00,10.000,10.000
4500006595,00010,0001,2026-04-26T00:00:00,9.000,9.000
4500006596,00010,0001,2025-03-18T00:00:00,11.000,11.000
4500006597,00010,0001,2025-05-16T00:00:00,11.000,11.000
4500006598,00010,0001,2025-10-18T00:00:00,7.000,7.000
4500006599,00010,0001,2025-11-18T00:00:00,14.000,14.000
4500006600,00010,0001,2026-07-18T00:00:00,8.000,8.000
4500006601,00010,0001,2024-11-07T00:00:00,4.000,4.000
4500006602,00010,0001,2025-02-04T00:00:00,5.000,5.000
4500006603,00010,0001,2026-04-20T00:00:00,4.000,0.000
4500006604,00010,0001,2026-05-16T00:00:00,6.000,4.000
4500006605,00010,0001,2026-09-21T00:00:00,6.000,0.000
4500006606,00010,0001,2024-12-12T00:00:00,13.000,13.000
4500006607,00010,0001,2025-04-26T00:00:00,12.000,0.000
4500006608,00010,0001,2025-06-05T00:00:00,12.000,0.000
4500006609,00010,0001,2025-07-04T00:00:00,16.000,9.000
4500006610,00010,0001,2026-01-31T00:00:00,11.000,11.000
4500006611,00010,0001,2026-04-20T00:00:00,11.000,11.000
4500006612,00010,0001,2026-08-19T00:00:00,13.000,13.000
4500006613,00010,0001,2024-10-05T00:00:00,7.000,3.000
4500006614,00010,0001,2024-10-28T00:00:00,8.000,8.000
4500006615,00010,0001,2025-07-13T00:00:00,8.000,0.000
4500006616,00010,0001,2025-08-02T00:00:00,8.000,8.000
4500006617,00010,0001,2025-10-02T00:00:00,8.000,8.000
4500006618,00010,0001,2024-10-17T00:00:00,1.000,1.000
4500006619,00010,0001,2024-11-16T00:00:00,2.000,2.000
4500006620,00010,0001,2026-02-22T00:00:00,2.000,0.000
4500006621,00010,0001,2026-03-13T00:00:00,2.000,0.000
4500006622,00010,0001,2026-03-21T00:00:00,2.000,2.000
4500006623,00010,0001,2025-01-15T00:00:00,204.000,204.000
4500006624,00010,0001,2025-07-05T00:00:00,187.000,120.000
4500006625,00010,0001,2025-09-11T00:00:00,300.000,300.000
4500006626,00010,0001,2026-05-27T00:00:00,179.000,179.000
4500006627,00010,0001,2026-11-24T00:00:00,202.000,0.000
4500006628,00010,0001,2026-11-02T00:00:00,4.000,0.000
4500006629,00010,0001,2025-02-07T00:00:00,15.000,9.000
4500006630,00010,0001,2026-06-02T00:00:00,16.000,16.000
4500006631,00010,0001,2025-03-03T00:00:00,129.000,129.000
4500006632,00010,0001,2025-07-16T00:00:00,240.000,240.000
4500006633,00010,0001,2026-04-24T00:00:00,108.000,0.000
4500006634,00010,0001,2026-05-08T00:00:00,132.000,132.000
4500006635,00010,0001,2026-09-22T00:00:00,266.000,0.000
4500006636,00010,0001,2024-10-16T00:00:00,142.000,142.000
4500006637,00010,0001,2025-04-23T00:00:00,139.000,139.000
4500006638,00010,0001,2025-10-05T00:00:00,141.000,141.000
4500006639,00010,0001,2026-03-06T00:00:00,133.000,133.000
4500006640,00010,0001,2026-08-15T00:00:00,161.000,161.000
4500006641,00010,0001,2025-03-20T00:00:00,7.000,7.000
4500006642,00010,0001,2025-08-20T00:00:00,13.000,13.000
4500006643,00010,0001,2026-08-25T00:00:00,5.000,5.000
4500006644,00010,0001,2024-12-14T00:00:00,9.000,0.000
4500006645,00010,0001,2025-01-11T00:00:00,9.000,9.000
4500006646,00010,0001,2025-09-29T00:00:00,9.000,0.000
4500006647,00010,0001,2025-11-05T00:00:00,9.000,9.000
4500006648,00010,0001,2026-06-12T00:00:00,8.000,8.000
4500006649,00010,0001,2025-12-21T00:00:00,2.000,0.000
4500006650,00010,0001,2026-01-08T00:00:00,2.000,2.000
4500006651,00010,0001,2025-03-01T00:00:00,9.000,9.000
4500006652,00010,0001,2025-09-07T00:00:00,7.000,7.000
4500006653,00010,0001,2026-05-07T00:00:00,8.000,0.000
4500006654,00010,0001,2026-06-17T00:00:00,8.000,8.000
4500006655,00010,0001,2026-03-11T00:00:00,2.000,2.000
4500006656,00010,0001,2026-09-03T00:00:00,2.000,2.000
4500006657,00010,0001,2024-10-18T00:00:00,32.000,32.000
4500006658,00010,0001,2025-01-13T00:00:00,34.000,34.000
4500006659,00010,0001,2025-04-16T00:00:00,33.000,33.000
4500006660,00010,0001,2025-08-04T00:00:00,29.000,29.000
4500006661,00010,0001,2025-10-28T00:00:00,32.000,32.000
4500006662,00010,0001,2026-01-28T00:00:00,34.000,23.000
4500006663,00010,0001,2026-03-24T00:00:00,29.000,29.000
4500006664,00010,0001,2026-07-19T00:00:00,29.000,29.000
4500006665,00010,0001,2024-10-26T00:00:00,147.000,110.000
4500006666,00010,0001,2025-02-19T00:00:00,130.000,130.000
4500006667,00010,0001,2025-06-06T00:00:00,141.000,141.000
4500006668,00010,0001,2025-10-03T00:00:00,147.000,0.000
4500006669,00010,0001,2025-11-11T00:00:00,147.000,147.000
4500006670,00010,0001,2026-04-17T00:00:00,147.000,147.000
4500006671,00010,0001,2026-08-14T00:00:00,141.000,141.000
4500006672,00010,0001,2024-12-15T00:00:00,124.000,124.000
4500006673,00010,0001,2025-04-22T00:00:00,124.000,124.000
4500006674,00010,0001,2025-08-22T00:00:00,124.000,124.000
4500006675,00010,0001,2025-12-18T00:00:00,121.000,121.000
4500006676,00010,0001,2026-04-02T00:00:00,116.000,116.000
4500006677,00010,0001,2026-08-11T00:00:00,124.000,124.000
4500006678,00010,0001,2025-01-22T00:00:00,183.000,183.000
4500006679,00010,0001,2025-08-09T00:00:00,173.000,0.000
4500006680,00010,0001,2025-09-06T00:00:00,212.000,0.000
4500006681,00010,0001,2025-10-15T00:00:00,254.000,254.000
4500006682,00010,0001,2026-04-18T00:00:00,169.000,169.000
4500006683,00010,0001,2026-10-27T00:00:00,175.000,0.000
4500006684,00010,0001,2026-12-03T00:00:00,221.000,0.000
4500006685,00010,0001,2024-12-21T00:00:00,33.000,0.000
4500006686,00010,0001,2024-12-31T00:00:00,38.000,38.000
4500006687,00010,0001,2025-06-05T00:00:00,33.000,33.000
4500006688,00010,0001,2025-10-16T00:00:00,38.000,0.000
4500006689,00010,0001,2025-11-19T00:00:00,38.000,38.000
4500006690,00010,0001,2026-03-07T00:00:00,35.000,0.000
4500006691,00010,0001,2026-04-23T00:00:00,38.000,38.000
4500006692,00010,0001,2024-11-01T00:00:00,182.000,182.000
4500006693,00010,0001,2025-04-16T00:00:00,153.000,78.000
4500006694,00010,0001,2025-05-31T00:00:00,151.000,151.000
4500006695,00010,0001,2025-10-24T00:00:00,163.000,89.000
4500006696,00010,0001,2026-01-04T00:00:00,153.000,153.000
4500006697,00010,0001,2026-05-25T00:00:00,150.000,150.000
4500006698,00010,0001,2026-10-09T00:00:00,142.000,0.000
4500006699,00010,0001,2025-05-10T00:00:00,5.000,5.000
4500006700,00010,0001,2025-11-30T00:00:00,5.000,0.000
4500006701,00010,0001,2025-12-22T00:00:00,5.000,5.000
4500006702,00010,0001,2026-09-30T00:00:00,5.000,0.000
4500006703,00010,0001,2026-11-04T00:00:00,5.000,0.000
4500006704,00010,0001,2024-11-14T00:00:00,5.000,2.000
4500006705,00010,0001,2025-01-15T00:00:00,6.000,6.000
4500006706,00010,0001,2025-09-03T00:00:00,4.000,0.000
4500006707,00010,0001,2025-09-14T00:00:00,5.000,0.000
4500006708,00010,0001,2025-10-31T00:00:00,5.000,5.000
4500006709,00010,0001,2026-03-13T00:00:00,5.000,0.000
4500006710,00010,0001,2026-04-28T00:00:00,7.000,0.000
4500006711,00010,0001,2026-05-22T00:00:00,7.000,0.000
4500006712,00010,0001,2026-06-10T00:00:00,7.000,7.000
4500006713,00010,0001,2024-12-02T00:00:00,115.000,0.000
4500006714,00010,0001,2024-12-26T00:00:00,140.000,140.000
4500006715,00010,0001,2025-06-14T00:00:00,91.000,91.000
4500006716,00010,0001,2025-10-24T00:00:00,91.000,91.000
4500006717,00010,0001,2026-03-23T00:00:00,102.000,102.000
4500006718,00010,0001,2026-07-23T00:00:00,93.000,44.000
4500006719,00010,0001,2026-09-16T00:00:00,143.000,0.000
4500006720,00010,0001,2026-11-07T00:00:00,148.000,0.000
4500006721,00010,0001,2024-11-14T00:00:00,105.000,105.000
4500006722,00010,0001,2025-05-16T00:00:00,107.000,107.000
4500006723,00010,0001,2025-12-13T00:00:00,96.000,96.000
4500006724,00010,0001,2026-06-11T00:00:00,89.000,89.000
4500006725,00010,0001,2026-11-12T00:00:00,95.000,0.000
4500006726,00010,0001,2025-02-16T00:00:00,17.000,17.000
4500006727,00010,0001,2026-07-20T00:00:00,16.000,16.000
4500006728,00010,0001,2025-04-03T00:00:00,6.000,0.000
4500006729,00010,0001,2025-05-10T00:00:00,7.000,0.000
4500006730,00010,0001,2025-06-05T00:00:00,7.000,7.000
4500006731,00010,0001,2026-04-29T00:00:00,6.000,6.000
4500006732,00010,0001,2026-11-29T00:00:00,6.000,0.000
4500006733,00010,0001,2025-04-20T00:00:00,4.000,4.000
4500006734,00010,0001,2025-07-16T00:00:00,3.000,3.000
4500006735,00010,0001,2025-09-06T00:00:00,4.000,4.000
4500006736,00010,0001,2025-12-18T00:00:00,4.000,3.000
4500006737,00010,0001,2026-05-08T00:00:00,3.000,3.000
4500006738,00010,0001,2026-07-02T00:00:00,3.000,3.000
4500006739,00010,0001,2026-08-30T00:00:00,3.000,0.000
4500006740,00010,0001,2025-05-15T00:00:00,2.000,2.000
4500006741,00010,0001,2025-09-25T00:00:00,2.000,2.000
4500006742,00010,0001,2024-11-30T00:00:00,5.000,5.000
4500006743,00010,0001,2025-04-12T00:00:00,5.000,5.000
4500006744,00010,0001,2025-06-29T00:00:00,7.000,7.000
4500006745,00010,0001,2025-12-01T00:00:00,7.000,0.000
4500006746,00010,0001,2025-12-23T00:00:00,7.000,5.000
4500006747,00010,0001,2026-02-27T00:00:00,5.000,5.000
4500006748,00010,0001,2026-06-28T00:00:00,5.000,0.000
4500006749,00010,0001,2026-07-29T00:00:00,5.000,5.000
4500006750,00010,0001,2024-11-26T00:00:00,206.000,206.000
4500006751,00010,0001,2025-05-01T00:00:00,172.000,172.000
4500006752,00010,0001,2025-08-07T00:00:00,152.000,152.000
4500006753,00010,0001,2026-02-19T00:00:00,185.000,0.000
4500006754,00010,0001,2026-04-01T00:00:00,214.000,214.000
4500006755,00010,0001,2026-09-03T00:00:00,168.000,0.000
4500006756,00010,0001,2026-09-17T00:00:00,198.000,0.000
4500006757,00010,0001,2026-10-13T00:00:00,223.000,0.000
4500006758,00010,0001,2024-10-15T00:00:00,5.000,0.000
4500006759,00010,0001,2024-11-04T00:00:00,6.000,6.000
4500006760,00010,0001,2025-06-07T00:00:00,4.000,0.000
4500006761,00010,0001,2025-07-23T00:00:00,4.000,4.000
4500006762,00010,0001,2025-12-07T00:00:00,5.000,5.000
4500006763,00010,0001,2026-01-30T00:00:00,6.000,6.000
4500006764,00010,0001,2026-08-04T00:00:00,5.000,5.000
4500006765,00010,0001,2024-11-17T00:00:00,4.000,0.000
4500006766,00010,0001,2024-12-06T00:00:00,4.000,4.000
4500006767,00010,0001,2025-10-09T00:00:00,4.000,0.000
4500006768,00010,0001,2025-10-26T00:00:00,4.000,4.000
4500006769,00010,0001,2026-05-12T00:00:00,4.000,4.000
4500006770,00010,0001,2024-12-01T00:00:00,9.000,9.000
4500006771,00010,0001,2026-01-01T00:00:00,9.000,0.000
4500006772,00010,0001,2026-02-13T00:00:00,9.000,9.000
4500006773,00010,0001,2025-02-26T00:00:00,8.000,0.000
4500006774,00010,0001,2025-03-23T00:00:00,8.000,8.000
4500006775,00010,0001,2026-04-06T00:00:00,4.000,4.000
4500006776,00010,0001,2026-08-26T00:00:00,11.000,11.000
4500006777,00010,0001,2024-11-06T00:00:00,117.000,0.000
4500006778,00010,0001,2024-11-21T00:00:00,148.000,148.000
4500006779,00010,0001,2025-03-14T00:00:00,101.000,101.000
4500006780,00010,0001,2025-05-24T00:00:00,111.000,0.000
4500006781,00010,0001,2025-06-23T00:00:00,158.000,158.000
4500006782,00010,0001,2025-10-20T00:00:00,133.000,0.000
4500006783,00010,0001,2025-11-30T00:00:00,170.000,170.000
4500006784,00010,0001,2026-03-29T00:00:00,110.000,0.000
4500006785,00010,0001,2026-05-14T00:00:00,140.000,0.000
4500006786,00010,0001,2026-06-06T00:00:00,173.000,0.000
4500006787,00010,0001,2026-07-11T00:00:00,173.000,173.000
4500006788,00010,0001,2025-08-08T00:00:00,9.000,9.000
4500006789,00010,0001,2026-06-27T00:00:00,8.000,0.000
4500006790,00010,0001,2026-07-08T00:00:00,10.000,10.000
4500006791,00010,0001,2024-11-14T00:00:00,3.000,2.000
4500006792,00010,0001,2025-09-09T00:00:00,3.000,3.000
4500006793,00010,0001,2025-11-27T00:00:00,3.000,3.000
4500006794,00010,0001,2026-04-11T00:00:00,3.000,2.000
4500006795,00010,0001,2026-08-02T00:00:00,3.000,3.000
4500006796,00010,0001,2025-02-16T00:00:00,4.000,4.000
4500006797,00010,0001,2025-05-08T00:00:00,10.000,10.000
4500006798,00010,0001,2026-03-23T00:00:00,5.000,5.000
4500006799,00010,0001,2026-08-13T00:00:00,4.000,0.000
4500006800,00010,0001,2026-08-27T00:00:00,4.000,4.000
4500006801,00010,0001,2025-02-19T00:00:00,4.000,4.000
4500006802,00010,0001,2025-04-27T00:00:00,3.000,0.000
4500006803,00010,0001,2025-05-31T00:00:00,3.000,0.000
4500006804,00010,0001,2025-06-16T00:00:00,3.000,3.000
4500006805,00010,0001,2025-08-28T00:00:00,3.000,3.000
4500006806,00010,0001,2024-10-07T00:00:00,8.000,8.000
4500006807,00010,0001,2025-04-18T00:00:00,8.000,0.000
4500006808,00010,0001,2025-05-01T00:00:00,8.000,8.000
4500006809,00010,0001,2026-01-04T00:00:00,8.000,8.000
4500006810,00010,0001,2026-07-07T00:00:00,10.000,10.000
4500006811,00010,0001,2024-10-25T00:00:00,11.000,11.000
4500006812,00010,0001,2025-07-26T00:00:00,12.000,12.000
4500006813,00010,0001,2026-05-13T00:00:00,11.000,6.000
4500006814,00010,0001,2026-09-23T00:00:00,16.000,0.000
4500006815,00010,0001,2024-10-29T00:00:00,4.000,0.000
4500006816,00010,0001,2024-11-03T00:00:00,4.000,4.000
4500006817,00010,0001,2024-12-06T00:00:00,6.000,6.000
4500006818,00010,0001,2025-05-11T00:00:00,4.000,0.000
4500006819,00010,0001,2025-06-20T00:00:00,4.000,0.000
4500006820,00010,0001,2025-07-10T00:00:00,4.000,4.000
4500006821,00010,0001,2025-08-21T00:00:00,5.000,0.000
4500006822,00010,0001,2025-09-16T00:00:00,10.000,0.000
4500006823,00010,0001,2025-10-17T00:00:00,10.000,10.000
4500006824,00010,0001,2026-02-26T00:00:00,6.000,6.000
4500006825,00010,0001,2026-06-27T00:00:00,5.000,4.000
4500006826,00010,0001,2026-10-02T00:00:00,7.000,0.000
4500006827,00010,0001,2024-11-10T00:00:00,14.000,0.000
4500006828,00010,0001,2024-12-26T00:00:00,14.000,14.000
4500006829,00010,0001,2025-07-05T00:00:00,11.000,11.000
4500006830,00010,0001,2026-08-03T00:00:00,12.000,12.000
4500006831,00010,0001,2024-11-24T00:00:00,8.000,8.000
4500006832,00010,0001,2025-02-07T00:00:00,8.000,8.000
4500006833,00010,0001,2025-09-08T00:00:00,11.000,11.000
4500006834,00010,0001,2026-04-19T00:00:00,8.000,0.000
4500006835,00010,0001,2026-05-03T00:00:00,12.000,12.000
4500006836,00010,0001,2026-09-03T00:00:00,8.000,8.000
4500006837,00010,0001,2024-10-21T00:00:00,2.000,1.000
4500006838,00010,0001,2024-12-26T00:00:00,2.000,0.000
4500006839,00010,0001,2025-01-26T00:00:00,2.000,2.000
4500006840,00010,0001,2025-06-13T00:00:00,2.000,1.000
4500006841,00010,0001,2026-01-07T00:00:00,3.000,1.000
4500006842,00010,0001,2026-02-14T00:00:00,2.000,2.000
4500006843,00010,0001,2026-09-03T00:00:00,3.000,3.000
4500006844,00010,0001,2024-10-17T00:00:00,7.000,7.000
4500006845,00010,0001,2025-01-23T00:00:00,12.000,12.000
4500006846,00010,0001,2025-06-02T00:00:00,13.000,13.000
4500006847,00010,0001,2025-12-18T00:00:00,8.000,8.000
4500006848,00010,0001,2026-06-27T00:00:00,8.000,0.000
4500006849,00010,0001,2026-07-21T00:00:00,13.000,13.000
4500006850,00010,0001,2024-11-17T00:00:00,4.000,4.000
4500006851,00010,0001,2025-07-07T00:00:00,3.000,3.000
4500006852,00010,0001,2025-12-24T00:00:00,3.000,3.000
4500006853,00010,0001,2026-08-14T00:00:00,3.000,3.000
4500006854,00010,0001,2024-10-08T00:00:00,4.000,4.000
4500006855,00010,0001,2024-12-19T00:00:00,5.000,5.000
4500006856,00010,0001,2025-02-28T00:00:00,5.000,0.000
4500006857,00010,0001,2025-03-31T00:00:00,5.000,0.000
4500006858,00010,0001,2025-04-27T00:00:00,5.000,5.000
4500006859,00010,0001,2025-06-05T00:00:00,3.000,3.000
4500006860,00010,0001,2025-09-23T00:00:00,5.000,0.000
4500006861,00010,0001,2025-11-12T00:00:00,7.000,7.000
4500006862,00010,0001,2026-01-08T00:00:00,5.000,5.000
4500006863,00010,0001,2026-07-20T00:00:00,4.000,4.000
4500006864,00010,0001,2024-11-23T00:00:00,10.000,10.000
4500006865,00010,0001,2025-08-19T00:00:00,7.000,0.000
4500006866,00010,0001,2025-10-16T00:00:00,10.000,10.000
4500006867,00010,0001,2026-01-08T00:00:00,8.000,6.000
4500006868,00010,0001,2026-04-18T00:00:00,8.000,8.000
4500006869,00010,0001,2026-08-29T00:00:00,7.000,0.000
4500006870,00010,0001,2024-11-20T00:00:00,111.000,0.000
4500006871,00010,0001,2024-12-21T00:00:00,120.000,75.000
4500006872,00010,0001,2025-03-25T00:00:00,98.000,98.000
4500006873,00010,0001,2025-08-26T00:00:00,120.000,76.000
4500006874,00010,0001,2025-12-09T00:00:00,104.000,0.000
4500006875,00010,0001,2025-12-12T00:00:00,120.000,120.000
4500006876,00010,0001,2026-05-20T00:00:00,120.000,120.000
4500006877,00010,0001,2026-09-23T00:00:00,112.000,0.000
4500006878,00010,0001,2025-02-01T00:00:00,98.000,72.000
4500006879,00010,0001,2025-05-05T00:00:00,157.000,0.000
4500006880,00010,0001,2025-06-24T00:00:00,179.000,179.000
4500006881,00010,0001,2026-01-03T00:00:00,72.000,72.000
4500006882,00010,0001,2026-04-06T00:00:00,151.000,114.000
4500006883,00010,0001,2026-08-01T00:00:00,198.000,198.000
4500006884,00010,0001,2024-12-20T00:00:00,56.000,0.000
4500006885,00010,0001,2024-12-27T00:00:00,69.000,69.000
4500006886,00010,0001,2025-06-04T00:00:00,61.000,61.000
4500006887,00010,0001,2025-11-03T00:00:00,66.000,66.000
4500006888,00010,0001,2026-04-28T00:00:00,57.000,57.000
4500006889,00010,0001,2025-02-25T00:00:00,4.000,0.000
4500006890,00010,0001,2025-03-15T00:00:00,4.000,4.000
4500006891,00010,0001,2026-03-14T00:00:00,5.000,5.000
4500006892,00010,0001,2026-06-29T00:00:00,10.000,0.000
4500006893,00010,0001,2026-08-14T00:00:00,5.000,5.000
4500006894,00010,0001,2025-01-13T00:00:00,4.000,4.000
4500006895,00010,0001,2025-06-12T00:00:00,4.000,4.000
4500006896,00010,0001,2026-03-07T00:00:00,4.000,4.000
4500006897,00010,0001,2026-12-19T00:00:00,4.000,0.000
4500006898,00010,0001,2025-01-23T00:00:00,17.000,17.000
4500006899,00010,0001,2025-12-18T00:00:00,12.000,5.000
4500006900,00010,0001,2026-10-20T00:00:00,13.000,0.000
4500006901,00010,0001,2024-10-21T00:00:00,6.000,6.000
4500006902,00010,0001,2025-01-12T00:00:00,6.000,6.000
4500006903,00010,0001,2025-08-09T00:00:00,7.000,7.000
4500006904,00010,0001,2025-10-23T00:00:00,7.000,0.000
4500006905,00010,0001,2025-12-04T00:00:00,7.000,7.000
4500006906,00010,0001,2026-03-28T00:00:00,11.000,0.000
4500006907,00010,0001,2026-04-11T00:00:00,11.000,0.000
4500006908,00010,0001,2026-05-12T00:00:00,11.000,11.000
4500006909,00010,0001,2026-07-16T00:00:00,8.000,6.000
4500006910,00010,0001,2024-11-17T00:00:00,8.000,8.000
4500006911,00010,0001,2025-02-28T00:00:00,11.000,11.000
4500006912,00010,0001,2025-05-10T00:00:00,18.000,18.000
4500006913,00010,0001,2026-03-06T00:00:00,9.000,9.000
4500006914,00010,0001,2026-04-25T00:00:00,16.000,16.000
4500006915,00010,0001,2024-11-11T00:00:00,80.000,0.000
4500006916,00010,0001,2024-11-20T00:00:00,103.000,103.000
4500006917,00010,0001,2025-01-17T00:00:00,57.000,0.000
4500006918,00010,0001,2025-02-25T00:00:00,63.000,63.000
4500006919,00010,0001,2025-04-23T00:00:00,107.000,107.000
4500006920,00010,0001,2025-09-01T00:00:00,51.000,51.000
4500006921,00010,0001,2025-11-11T00:00:00,59.000,59.000
4500006922,00010,0001,2025-12-25T00:00:00,128.000,128.000
4500006923,00010,0001,2026-04-28T00:00:00,64.000,64.000
4500006924,00010,0001,2026-06-22T00:00:00,115.000,115.000
4500006925,00010,0001,2024-10-27T00:00:00,231.000,231.000
4500006926,00010,0001,2025-08-17T00:00:00,200.000,0.000
4500006927,00010,0001,2025-08-29T00:00:00,211.000,211.000
4500006928,00010,0001,2026-03-12T00:00:00,200.000,200.000
4500006929,00010,0001,2025-08-20T00:00:00,1.000,1.000
4500006930,00010,0001,2025-05-06T00:00:00,18.000,18.000
4500006931,00010,0001,2025-08-27T00:00:00,18.000,18.000
4500006932,00010,0001,2026-01-17T00:00:00,18.000,18.000
4500006933,00010,0001,2024-10-08T00:00:00,4.000,0.000
4500006934,00010,0001,2024-11-17T00:00:00,4.000,0.000
4500006935,00010,0001,2024-11-28T00:00:00,4.000,4.000
4500006936,00010,0001,2026-01-02T00:00:00,4.000,4.000
4500006937,00010,0001,2026-06-01T00:00:00,4.000,0.000
4500006938,00010,0001,2026-07-27T00:00:00,4.000,4.000
4500006939,00010,0001,2024-10-25T00:00:00,8.000,8.000
4500006940,00010,0001,2025-01-26T00:00:00,5.000,5.000
4500006941,00010,0001,2025-10-03T00:00:00,6.000,6.000
4500006942,00010,0001,2026-08-09T00:00:00,5.000,3.000
4500006943,00010,0001,2026-09-10T00:00:00,5.000,0.000
4500006944,00010,0001,2024-10-31T00:00:00,4.000,4.000
4500006945,00010,0001,2025-02-05T00:00:00,2.000,1.000
4500006946,00010,0001,2025-08-26T00:00:00,4.000,0.000
4500006947,00010,0001,2025-09-25T00:00:00,4.000,4.000
4500006948,00010,0001,2026-02-09T00:00:00,3.000,3.000
4500006949,00010,0001,2026-04-30T00:00:00,2.000,2.000
4500006950,00010,0001,2026-08-27T00:00:00,4.000,0.000
4500006951,00010,0001,2026-09-17T00:00:00,4.000,0.000
4500006952,00010,0001,2025-06-16T00:00:00,8.000,8.000
4500006953,00010,0001,2026-02-25T00:00:00,8.000,8.000
4500006954,00010,0001,2025-04-25T00:00:00,5.000,5.000
4500006955,00010,0001,2026-07-10T00:00:00,5.000,3.000
4500006956,00010,0001,2027-02-04T00:00:00,8.000,0.000
4500006957,00010,0001,2027-02-18T00:00:00,6.000,0.000
4500006958,00010,0001,2025-01-22T00:00:00,6.000,6.000
4500006959,00010,0001,2025-06-04T00:00:00,6.000,6.000
4500006960,00010,0001,2025-07-18T00:00:00,12.000,0.000
4500006961,00010,0001,2025-09-05T00:00:00,15.000,0.000
4500006962,00010,0001,2025-09-12T00:00:00,17.000,17.000
4500006963,00010,0001,2026-05-10T00:00:00,6.000,0.000
4500006964,00010,0001,2026-06-03T00:00:00,6.000,6.000
4500006965,00010,0001,2026-09-02T00:00:00,12.000,0.000
4500006966,00010,0001,2026-09-26T00:00:00,12.000,0.000
4500006967,00010,0001,2024-11-11T00:00:00,3.000,3.000
4500006968,00010,0001,2024-11-15T00:00:00,8.000,8.000
4500006969,00010,0001,2025-10-12T00:00:00,5.000,0.000
4500006970,00010,0001,2025-11-10T00:00:00,8.000,0.000
4500006971,00010,0001,2025-12-14T00:00:00,8.000,8.000
4500006972,00010,0001,2026-05-18T00:00:00,4.000,0.000
4500006973,00010,0001,2026-07-09T00:00:00,8.000,0.000
4500006974,00010,0001,2026-08-06T00:00:00,8.000,8.000
4500006975,00010,0001,2024-12-26T00:00:00,131.000,0.000
4500006976,00010,0001,2025-02-12T00:00:00,131.000,0.000
4500006977,00010,0001,2025-03-20T00:00:00,131.000,131.000
4500006978,00010,0001,2025-10-16T00:00:00,129.000,129.000
4500006979,00010,0001,2026-03-26T00:00:00,116.000,116.000
4500006980,00010,0001,2026-09-14T00:00:00,116.000,0.000
4500006981,00010,0001,2024-11-16T00:00:00,74.000,74.000
4500006982,00010,0001,2025-05-24T00:00:00,72.000,72.000
4500006983,00010,0001,2026-01-30T00:00:00,74.000,30.000
4500006984,00010,0001,2026-05-20T00:00:00,71.000,71.000
4500006985,00010,0001,2025-06-05T00:00:00,8.000,0.000
4500006986,00010,0001,2025-07-13T00:00:00,9.000,0.000
4500006987,00010,0001,2025-07-24T00:00:00,9.000,9.000
4500006988,00010,0001,2026-03-03T00:00:00,8.000,0.000
4500006989,00010,0001,2026-03-30T00:00:00,8.000,4.000
4500006990,00010,0001,2026-06-21T00:00:00,6.000,6.000
4500006991,00010,0001,2024-12-01T00:00:00,8.000,8.000
4500006992,00010,0001,2025-08-13T00:00:00,7.000,3.000
4500006993,00010,0001,2025-09-25T00:00:00,8.000,8.000
4500006994,00010,0001,2026-01-28T00:00:00,8.000,8.000
4500006995,00010,0001,2026-09-16T00:00:00,7.000,0.000
4500006996,00010,0001,2025-01-25T00:00:00,220.000,0.000
4500006997,00010,0001,2025-02-14T00:00:00,236.000,236.000
4500006998,00010,0001,2025-08-10T00:00:00,203.000,203.000
4500006999,00010,0001,2026-01-26T00:00:00,197.000,0.000
4500007000,00010,0001,2026-03-10T00:00:00,227.000,0.000
4500007001,00010,0001,2026-04-17T00:00:00,252.000,0.000
4500007002,00010,0001,2026-05-10T00:00:00,295.000,295.000
4500007003,00010,0001,2026-11-28T00:00:00,211.000,0.000
4500007004,00010,0001,2024-11-24T00:00:00,3.000,3.000
4500007005,00010,0001,2025-05-01T00:00:00,4.000,4.000
4500007006,00010,0001,2025-12-17T00:00:00,5.000,5.000
4500007007,00010,0001,2026-07-28T00:00:00,4.000,0.000
4500007008,00010,0001,2026-08-29T00:00:00,4.000,0.000
4500007009,00010,0001,2026-10-03T00:00:00,5.000,0.000
4500007010,00010,0001,2026-11-06T00:00:00,5.000,0.000
4500007011,00010,0001,2025-01-06T00:00:00,9.000,9.000
4500007012,00010,0001,2025-04-10T00:00:00,10.000,10.000
4500007013,00010,0001,2025-08-04T00:00:00,6.000,0.000
4500007014,00010,0001,2025-08-31T00:00:00,12.000,12.000
4500007015,00010,0001,2025-11-23T00:00:00,6.000,6.000
4500007016,00010,0001,2026-02-17T00:00:00,10.000,0.000
4500007017,00010,0001,2026-03-20T00:00:00,10.000,0.000
4500007018,00010,0001,2026-04-14T00:00:00,12.000,12.000
4500007019,00010,0001,2026-10-14T00:00:00,6.000,0.000
4500007020,00010,0001,2025-05-14T00:00:00,3.000,3.000
4500007021,00010,0001,2025-08-27T00:00:00,2.000,2.000
4500007022,00010,0001,2025-12-07T00:00:00,3.000,3.000
4500007023,00010,0001,2026-03-06T00:00:00,3.000,2.000
4500007024,00010,0001,2024-12-06T00:00:00,5.000,5.000
4500007025,00010,0001,2025-03-15T00:00:00,5.000,2.000
4500007026,00010,0001,2025-06-14T00:00:00,5.000,0.000
4500007027,00010,0001,2025-07-23T00:00:00,5.000,5.000
4500007028,00010,0001,2026-02-25T00:00:00,5.000,0.000
4500007029,00010,0001,2026-03-26T00:00:00,5.000,0.000
4500007030,00010,0001,2026-04-11T00:00:00,5.000,5.000
4500007031,00010,0001,2025-01-15T00:00:00,10.000,10.000
4500007032,00010,0001,2025-06-04T00:00:00,10.000,10.000
4500007033,00010,0001,2026-04-11T00:00:00,10.000,4.000
4500007034,00010,0001,2026-07-07T00:00:00,10.000,0.000
4500007035,00010,0001,2026-08-15T00:00:00,10.000,10.000
4500007036,00010,0001,2024-10-31T00:00:00,5.000,5.000
4500007037,00010,0001,2025-01-15T00:00:00,6.000,6.000
4500007038,00010,0001,2025-07-29T00:00:00,4.000,0.000
4500007039,00010,0001,2025-08-26T00:00:00,4.000,4.000
4500007040,00010,0001,2025-11-14T00:00:00,3.000,3.000
4500007041,00010,0001,2026-03-19T00:00:00,5.000,5.000
4500007042,00010,0001,2026-07-05T00:00:00,3.000,3.000
4500007043,00010,0001,2025-01-06T00:00:00,169.000,169.000
4500007044,00010,0001,2025-06-07T00:00:00,158.000,158.000
4500007045,00010,0001,2026-01-20T00:00:00,159.000,159.000
4500007046,00010,0001,2026-07-23T00:00:00,169.000,90.000
4500007047,00010,0001,2025-02-19T00:00:00,14.000,14.000
4500007048,00010,0001,2025-07-12T00:00:00,26.000,0.000
4500007049,00010,0001,2025-08-19T00:00:00,26.000,26.000
4500007050,00010,0001,2025-03-01T00:00:00,3.000,3.000
4500007051,00010,0001,2025-09-23T00:00:00,3.000,0.000
4500007052,00010,0001,2025-11-09T00:00:00,3.000,3.000
4500007053,00010,0001,2026-06-02T00:00:00,3.000,3.000
4500007054,00010,0001,2026-10-30T00:00:00,6.000,0.000
4500007055,00010,0001,2024-12-09T00:00:00,79.000,79.000
4500007056,00010,0001,2025-05-25T00:00:00,85.000,85.000
4500007057,00010,0001,2025-10-27T00:00:00,78.000,78.000
4500007058,00010,0001,2026-04-19T00:00:00,84.000,0.000
4500007059,00010,0001,2026-04-13T00:00:00,92.000,63.000
4500007060,00010,0001,2026-08-19T00:00:00,85.000,53.000
4500007061,00010,0001,2025-09-11T00:00:00,4.000,4.000
4500007062,00010,0001,2025-03-12T00:00:00,7.000,4.000
4500007063,00010,0001,2025-07-09T00:00:00,11.000,0.000
4500007064,00010,0001,2025-08-25T00:00:00,13.000,13.000
4500007065,00010,0001,2026-04-18T00:00:00,8.000,0.000
4500007066,00010,0001,2026-05-14T00:00:00,10.000,10.000
4500007067,00010,0001,2025-04-13T00:00:00,13.000,0.000
4500007068,00010,0001,2025-05-14T00:00:00,13.000,13.000
4500007069,00010,0001,2025-09-02T00:00:00,25.000,25.000
4500007070,00010,0001,2026-12-11T00:00:00,11.000,0.000
4500007071,00010,0001,2027-01-25T00:00:00,14.000,0.000
4500007072,00010,0001,2025-08-13T00:00:00,9.000,9.000
4500007073,00010,0001,2026-03-27T00:00:00,8.000,6.000
4500007074,00010,0001,2026-11-22T00:00:00,8.000,0.000
4500007075,00010,0001,2025-01-26T00:00:00,7.000,3.000
4500007076,00010,0001,2025-04-01T00:00:00,8.000,8.000
4500007077,00010,0001,2025-05-31T00:00:00,8.000,5.000
4500007078,00010,0001,2025-06-29T00:00:00,12.000,12.000
4500007079,00010,0001,2024-11-29T00:00:00,9.000,0.000
4500007080,00010,0001,2024-12-16T00:00:00,12.000,0.000
4500007081,00010,0001,2025-01-06T00:00:00,12.000,12.000
4500007082,00010,0001,2025-12-25T00:00:00,12.000,12.000
4500007083,00010,0001,2024-12-01T00:00:00,64.000,64.000
4500007084,00010,0001,2025-05-06T00:00:00,59.000,59.000
4500007085,00010,0001,2025-10-07T00:00:00,56.000,56.000
4500007086,00010,0001,2026-02-21T00:00:00,63.000,63.000
4500007087,00010,0001,2026-07-20T00:00:00,64.000,0.000
4500007088,00010,0001,2026-09-09T00:00:00,64.000,64.000
4500007089,00010,0001,2024-10-17T00:00:00,58.000,0.000
4500007090,00010,0001,2024-12-01T00:00:00,73.000,73.000
4500007091,00010,0001,2025-03-07T00:00:00,51.000,0.000
4500007092,00010,0001,2025-04-12T00:00:00,64.000,0.000
4500007093,00010,0001,2025-05-28T00:00:00,75.000,0.000
4500007094,00010,0001,2025-06-21T00:00:00,75.000,75.000
4500007095,00010,0001,2025-10-19T00:00:00,56.000,56.000
4500007096,00010,0001,2026-01-14T00:00:00,58.000,58.000
4500007097,00010,0001,2026-04-22T00:00:00,63.000,63.000
4500007098,00010,0001,2026-08-12T00:00:00,58.000,0.000
4500007099,00010,0001,2026-09-18T00:00:00,75.000,0.000
4500007100,00010,0001,2025-04-12T00:00:00,7.000,7.000
4500007101,00010,0001,2026-01-31T00:00:00,6.000,0.000
4500007102,00010,0001,2026-03-01T00:00:00,6.000,6.000
4500007103,00010,0001,2026-11-03T00:00:00,6.000,0.000
4500007104,00010,0001,2026-12-15T00:00:00,7.000,0.000
4500007105,00010,0001,2027-01-24T00:00:00,7.000,0.000
4500007106,00010,0001,2025-05-11T00:00:00,12.000,12.000
4500007107,00010,0001,2026-06-11T00:00:00,11.000,11.000
4500007108,00010,0001,2024-11-08T00:00:00,8.000,8.000
4500007109,00010,0001,2024-12-31T00:00:00,13.000,13.000
4500007110,00010,0001,2025-06-03T00:00:00,6.000,6.000
4500007111,00010,0001,2025-08-01T00:00:00,5.000,5.000
4500007112,00010,0001,2025-10-12T00:00:00,8.000,8.000
4500007113,00010,0001,2025-12-22T00:00:00,7.000,5.000
4500007114,00010,0001,2026-03-05T00:00:00,7.000,7.000
4500007115,00010,0001,2026-06-24T00:00:00,5.000,0.000
4500007116,00010,0001,2026-08-08T00:00:00,5.000,0.000
4500007117,00010,0001,2026-09-07T00:00:00,11.000,0.000
4500007118,00010,0001,2026-10-06T00:00:00,14.000,0.000
4500007119,00010,0001,2024-12-28T00:00:00,133.000,133.000
4500007120,00010,0001,2025-03-29T00:00:00,243.000,121.000
4500007121,00010,0001,2025-08-19T00:00:00,95.000,95.000
4500007122,00010,0001,2025-10-30T00:00:00,178.000,0.000
4500007123,00010,0001,2025-11-23T00:00:00,224.000,100.000
4500007124,00010,0001,2026-03-12T00:00:00,214.000,214.000
4500007125,00010,0001,2026-07-28T00:00:00,92.000,92.000
4500007126,00010,0001,2026-11-13T00:00:00,110.000,0.000
4500007127,00010,0001,2026-12-16T00:00:00,155.000,0.000
4500007128,00010,0001,2025-12-24T00:00:00,2.000,2.000
4500007129,00010,0001,2025-03-25T00:00:00,1.000,0.000
4500007130,00010,0001,2025-04-21T00:00:00,1.000,0.000
4500007131,00010,0001,2025-05-13T00:00:00,1.000,1.000
4500007132,00010,0001,2026-01-29T00:00:00,1.000,1.000
4500007133,00010,0001,2026-06-09T00:00:00,1.000,1.000
4500007134,00010,0001,2026-09-03T00:00:00,2.000,0.000
4500007135,00010,0001,2026-09-04T00:00:00,1.000,1.000
4500007136,00010,0001,2025-01-17T00:00:00,13.000,13.000
4500007137,00010,0001,2025-06-11T00:00:00,11.000,11.000
4500007138,00010,0001,2026-02-14T00:00:00,12.000,12.000
4500007139,00010,0001,2026-10-06T00:00:00,14.000,0.000
4500007140,00010,0001,2024-12-24T00:00:00,16.000,0.000
4500007141,00010,0001,2025-01-25T00:00:00,16.000,16.000
4500007142,00010,0001,2025-05-21T00:00:00,11.000,11.000
4500007143,00010,0001,2026-01-06T00:00:00,12.000,12.000
4500007144,00010,0001,2025-02-21T00:00:00,153.000,0.000
4500007145,00010,0001,2025-03-23T00:00:00,191.000,191.000
4500007146,00010,0001,2025-07-05T00:00:00,327.000,0.000
4500007147,00010,0001,2025-08-10T00:00:00,328.000,328.000
4500007148,00010,0001,2026-06-25T00:00:00,119.000,0.000
4500007149,00010,0001,2026-07-06T00:00:00,154.000,154.000
4500007150,00010,0001,2026-10-27T00:00:00,275.000,0.000
4500007151,00010,0001,2025-01-30T00:00:00,85.000,85.000
4500007152,00010,0001,2025-10-27T00:00:00,77.000,77.000
4500007153,00010,0001,2026-06-23T00:00:00,78.000,0.000
4500007154,00010,0001,2026-07-26T00:00:00,89.000,0.000
4500007155,00010,0001,2026-08-17T00:00:00,102.000,102.000
4500007156,00010,0001,2025-05-30T00:00:00,10.000,10.000
4500007157,00010,0001,2026-01-06T00:00:00,10.000,10.000
4500007158,00010,0001,2026-07-26T00:00:00,10.000,10.000
4500007159,00010,0001,2025-01-15T00:00:00,226.000,226.000
4500007160,00010,0001,2025-09-23T00:00:00,201.000,201.000
4500007161,00010,0001,2026-05-22T00:00:00,204.000,204.000
4500007162,00010,0001,2024-11-08T00:00:00,15.000,15.000
4500007163,00010,0001,2025-05-03T00:00:00,10.000,10.000
4500007164,00010,0001,2025-12-18T00:00:00,10.000,10.000
4500007165,00010,0001,2026-03-24T00:00:00,9.000,9.000
4500007166,00010,0001,2026-06-23T00:00:00,11.000,7.000
4500007167,00010,0001,2026-07-19T00:00:00,16.000,0.000
4500007168,00010,0001,2026-08-08T00:00:00,16.000,16.000
4500007169,00010,0001,2024-12-17T00:00:00,1.000,1.000
4500007170,00010,0001,2025-03-28T00:00:00,1.000,1.000
4500007171,00010,0001,2025-06-18T00:00:00,1.000,1.000
4500007172,00010,0001,2026-07-09T00:00:00,1.000,1.000
4500007173,00010,0001,2025-12-29T00:00:00,2.000,2.000
4500007174,00010,0001,2026-08-15T00:00:00,3.000,3.000
4500007175,00010,0001,2024-10-29T00:00:00,5.000,5.000
4500007176,00010,0001,2025-01-05T00:00:00,4.000,2.000
4500007177,00010,0001,2025-02-18T00:00:00,7.000,7.000
4500007178,00010,0001,2025-03-20T00:00:00,5.000,5.000
4500007179,00010,0001,2025-07-20T00:00:00,8.000,8.000
4500007180,00010,0001,2025-10-10T00:00:00,5.000,5.000
4500007181,00010,0001,2026-06-03T00:00:00,8.000,8.000
4500007182,00010,0001,2026-07-12T00:00:00,5.000,4.000
4500007183,00010,0001,2025-08-02T00:00:00,1.000,0.000
4500007184,00010,0001,2025-09-20T00:00:00,1.000,0.000
4500007185,00010,0001,2025-10-14T00:00:00,1.000,1.000
4500007186,00010,0001,2025-12-13T00:00:00,1.000,1.000
4500007187,00010,0001,2026-04-12T00:00:00,1.000,1.000
4500007188,00010,0001,2025-03-05T00:00:00,3.000,3.000
4500007189,00010,0001,2025-10-15T00:00:00,3.000,2.000
4500007190,00010,0001,2026-01-14T00:00:00,5.000,5.000
4500007191,00010,0001,2024-12-13T00:00:00,15.000,15.000
4500007192,00010,0001,2025-08-29T00:00:00,13.000,13.000
4500007193,00010,0001,2026-04-16T00:00:00,14.000,14.000
4500007194,00010,0001,2026-09-05T00:00:00,13.000,13.000
4500007195,00010,0001,2024-10-25T00:00:00,3.000,0.000
4500007196,00010,0001,2024-11-05T00:00:00,3.000,0.000
4500007197,00010,0001,2024-12-19T00:00:00,3.000,3.000
4500007198,00010,0001,2025-06-16T00:00:00,4.000,4.000
4500007199,00010,0001,2026-03-22T00:00:00,2.000,2.000
4500007200,00010,0001,2026-09-09T00:00:00,2.000,0.000
4500007201,00010,0001,2024-11-27T00:00:00,10.000,10.000
4500007202,00010,0001,2025-03-09T00:00:00,10.000,5.000
4500007203,00010,0001,2025-05-11T00:00:00,12.000,0.000
4500007204,00010,0001,2025-05-25T00:00:00,12.000,12.000
4500007205,00010,0001,2025-12-04T00:00:00,10.000,10.000
4500007206,00010,0001,2026-04-17T00:00:00,11.000,11.000
4500007207,00010,0001,2026-09-21T00:00:00,10.000,0.000
4500007208,00010,0001,2026-10-26T00:00:00,10.000,0.000
4500007209,00010,0001,2024-12-11T00:00:00,15.000,0.000
4500007210,00010,0001,2025-01-15T00:00:00,18.000,18.000
4500007211,00010,0001,2026-01-31T00:00:00,14.000,14.000
4500007212,00010,0001,2024-10-02T00:00:00,142.000,0.000
4500007213,00010,0001,2024-11-25T00:00:00,160.000,160.000
4500007214,00010,0001,2025-05-22T00:00:00,138.000,0.000
4500007215,00010,0001,2025-07-03T00:00:00,153.000,0.000
4500007216,00010,0001,2025-07-30T00:00:00,178.000,0.000
4500007217,00010,0001,2025-08-02T00:00:00,178.000,178.000
4500007218,00010,0001,2026-02-12T00:00:00,170.000,170.000
4500007219,00010,0001,2024-10-22T00:00:00,121.000,0.000
4500007220,00010,0001,2024-10-30T00:00:00,146.000,0.000
4500007221,00010,0001,2024-12-14T00:00:00,152.000,152.000
4500007222,00010,0001,2025-05-23T00:00:00,119.000,119.000
4500007223,00010,0001,2025-10-18T00:00:00,121.000,0.000
4500007224,00010,0001,2025-11-28T00:00:00,143.000,143.000
4500007225,00010,0001,2026-06-07T00:00:00,140.000,140.000
4500007226,00010,0001,2025-08-28T00:00:00,14.000,14.000
4500007227,00010,0001,2027-02-21T00:00:00,13.000,0.000
4500007228,00010,0001,2027-02-28T00:00:00,15.000,0.000
4500007229,00010,0001,2025-02-01T00:00:00,5.000,5.000
4500007230,00010,0001,2025-07-01T00:00:00,4.000,2.000
4500007231,00010,0001,2025-07-11T00:00:00,5.000,0.000
4500007232,00010,0001,2025-08-08T00:00:00,5.000,5.000
4500007233,00010,0001,2026-08-20T00:00:00,3.000,3.000
4500007234,00010,0001,2024-10-29T00:00:00,12.000,12.000
4500007235,00010,0001,2025-02-10T00:00:00,9.000,0.000
4500007236,00010,0001,2025-03-31T00:00:00,11.000,0.000
4500007237,00010,0001,2025-04-09T00:00:00,16.000,0.000
4500007238,00010,0001,2025-05-26T00:00:00,16.000,16.000
4500007239,00010,0001,2025-12-05T00:00:00,9.000,9.000
4500007240,00010,0001,2026-08-27T00:00:00,13.000,13.000
4500007241,00010,0001,2025-03-30T00:00:00,11.000,11.000
4500007242,00010,0001,2026-01-14T00:00:00,11.000,8.000
4500007243,00010,0001,2024-12-03T00:00:00,3.000,3.000
4500007244,00010,0001,2025-03-14T00:00:00,2.000,0.000
4500007245,00010,0001,2025-04-07T00:00:00,4.000,4.000
4500007246,00010,0001,2025-07-26T00:00:00,3.000,0.000
4500007247,00010,0001,2025-08-12T00:00:00,3.000,3.000
4500007248,00010,0001,2025-11-17T00:00:00,3.000,0.000
4500007249,00010,0001,2025-12-19T00:00:00,3.000,2.000
4500007250,00010,0001,2026-02-23T00:00:00,4.000,0.000
4500007251,00010,0001,2026-03-27T00:00:00,4.000,4.000
4500007252,00010,0001,2025-02-04T00:00:00,3.000,3.000
4500007253,00010,0001,2025-04-20T00:00:00,2.000,2.000
4500007254,00010,0001,2025-10-27T00:00:00,2.000,2.000
4500007255,00010,0001,2026-04-11T00:00:00,2.000,2.000
4500007256,00010,0001,2024-11-13T00:00:00,5.000,0.000
4500007257,00010,0001,2024-12-19T00:00:00,5.000,5.000
4500007258,00010,0001,2025-06-30T00:00:00,8.000,8.000
4500007259,00010,0001,2025-11-04T00:00:00,5.000,5.000
4500007260,00010,0001,2026-03-22T00:00:00,7.000,7.000
4500007261,00010,0001,2026-07-06T00:00:00,5.000,4.000
4500007262,00010,0001,2025-02-16T00:00:00,87.000,56.000
4500007263,00010,0001,2025-05-10T00:00:00,139.000,139.000
4500007264,00010,0001,2026-01-26T00:00:00,88.000,88.000
4500007265,00010,0001,2026-06-19T00:00:00,174.000,174.000
4500007266,00010,0001,2024-12-25T00:00:00,7.000,7.000
4500007267,00010,0001,2025-04-11T00:00:00,7.000,7.000
4500007268,00010,0001,2025-11-09T00:00:00,9.000,7.000
4500007269,00010,0001,2026-02-26T00:00:00,8.000,8.000
4500007270,00010,0001,2024-11-08T00:00:00,62.000,62.000
4500007271,00010,0001,2025-05-26T00:00:00,57.000,57.000
4500007272,00010,0001,2025-11-15T00:00:00,62.000,62.000
4500007273,00010,0001,2026-04-12T00:00:00,61.000,61.000
4500007274,00010,0001,2024-11-02T00:00:00,3.000,3.000
4500007275,00010,0001,2025-02-15T00:00:00,3.000,1.000
4500007276,00010,0001,2025-05-26T00:00:00,4.000,4.000
4500007277,00010,0001,2025-07-16T00:00:00,8.000,8.000
4500007278,00010,0001,2026-05-15T00:00:00,4.000,4.000
4500007279,00010,0001,2026-10-09T00:00:00,3.000,0.000
4500007280,00010,0001,2025-03-18T00:00:00,12.000,12.000
4500007281,00010,0001,2025-12-16T00:00:00,9.000,9.000
4500007282,00010,0001,2026-10-16T00:00:00,12.000,0.000
4500007283,00010,0001,2024-12-05T00:00:00,14.000,14.000
4500007284,00010,0001,2025-07-25T00:00:00,11.000,0.000
4500007285,00010,0001,2025-08-12T00:00:00,14.000,14.000
4500007286,00010,0001,2026-02-07T00:00:00,11.000,7.000
4500007287,00010,0001,2026-07-26T00:00:00,13.000,13.000
4500007288,00010,0001,2025-01-13T00:00:00,125.000,0.000
4500007289,00010,0001,2025-02-14T00:00:00,125.000,125.000
4500007290,00010,0001,2025-05-30T00:00:00,114.000,0.000
4500007291,00010,0001,2025-06-25T00:00:00,125.000,125.000
4500007292,00010,0001,2025-12-23T00:00:00,114.000,0.000
4500007293,00010,0001,2026-02-15T00:00:00,125.000,63.000
4500007294,00010,0001,2026-04-08T00:00:00,125.000,125.000
4500007295,00010,0001,2026-08-21T00:00:00,116.000,116.000
4500007296,00010,0001,2024-12-04T00:00:00,68.000,68.000
4500007297,00010,0001,2025-05-21T00:00:00,73.000,73.000
4500007298,00010,0001,2025-12-27T00:00:00,66.000,66.000
4500007299,00010,0001,2026-05-22T00:00:00,68.000,68.000
4500007300,00010,0001,2026-02-08T00:00:00,1.000,1.000
4500007301,00010,0001,2025-04-15T00:00:00,7.000,7.000
4500007302,00010,0001,2026-01-09T00:00:00,8.000,8.000
4500007303,00010,0001,2027-01-06T00:00:00,8.000,0.000
4500007304,00010,0001,2027-03-27T00:00:00,12.000,0.000
4500007305,00010,0001,2025-01-26T00:00:00,3.000,2.000
4500007306,00010,0001,2025-06-12T00:00:00,4.000,4.000
4500007307,00010,0001,2025-09-21T00:00:00,6.000,6.000
4500007308,00010,0001,2026-02-26T00:00:00,5.000,5.000
4500007309,00010,0001,2026-08-11T00:00:00,4.000,4.000
4500007310,00010,0001,2024-12-26T00:00:00,9.000,9.000
4500007311,00010,0001,2025-10-05T00:00:00,8.000,8.000
4500007312,00010,0001,2026-04-26T00:00:00,9.000,9.000
4500007313,00010,0001,2026-10-26T00:00:00,9.000,0.000
4500007314,00010,0001,2026-07-09T00:00:00,2.000,2.000
4500007315,00010,0001,2026-10-14T00:00:00,2.000,0.000
4500007316,00010,0001,2025-02-23T00:00:00,5.000,3.000
4500007317,00010,0001,2025-08-08T00:00:00,5.000,5.000
4500007318,00010,0001,2026-07-02T00:00:00,5.000,5.000
4500007319,00010,0001,2025-04-10T00:00:00,7.000,7.000
4500007320,00010,0001,2025-10-22T00:00:00,15.000,9.000
4500007321,00010,0001,2026-07-26T00:00:00,7.000,7.000
4500007322,00010,0001,2027-03-22T00:00:00,8.000,0.000
4500007323,00010,0001,2024-11-16T00:00:00,84.000,0.000
4500007324,00010,0001,2024-12-23T00:00:00,141.000,141.000
4500007325,00010,0001,2025-03-03T00:00:00,78.000,44.000
4500007326,00010,0001,2025-03-16T00:00:00,115.000,115.000
4500007327,00010,0001,2025-06-03T00:00:00,70.000,70.000
4500007328,00010,0001,2025-08-28T00:00:00,111.000,111.000
4500007329,00010,0001,2025-11-03T00:00:00,89.000,57.000
4500007330,00010,0001,2025-11-21T00:00:00,136.000,136.000
4500007331,00010,0001,2026-02-22T00:00:00,74.000,0.000
4500007332,00010,0001,2026-03-02T00:00:00,129.000,0.000
4500007333,00010,0001,2026-04-19T00:00:00,158.000,158.000
4500007334,00010,0001,2026-07-07T00:00:00,69.000,69.000
4500007335,00010,0001,2026-09-04T00:00:00,74.000,74.000
4500007336,00010,0001,2024-11-16T00:00:00,237.000,158.000
4500007337,00010,0001,2025-02-25T00:00:00,196.000,196.000
4500007338,00010,0001,2025-08-04T00:00:00,205.000,205.000
4500007339,00010,0001,2026-02-25T00:00:00,211.000,211.000
4500007340,00010,0001,2026-09-01T00:00:00,220.000,0.000
4500007341,00010,0001,2025-01-02T00:00:00,7.000,4.000
4500007342,00010,0001,2025-05-28T00:00:00,8.000,8.000
4500007343,00010,0001,2026-04-12T00:00:00,6.000,6.000
4500007344,00010,0001,2026-09-12T00:00:00,7.000,0.000
4500007345,00010,0001,2025-01-06T00:00:00,91.000,91.000
4500007346,00010,0001,2025-05-12T00:00:00,106.000,106.000
4500007347,00010,0001,2025-08-18T00:00:00,97.000,97.000
4500007348,00010,0001,2025-11-27T00:00:00,101.000,0.000
4500007349,00010,0001,2025-12-12T00:00:00,129.000,129.000
4500007350,00010,0001,2026-04-16T00:00:00,100.000,100.000
4500007351,00010,0001,2026-08-07T00:00:00,97.000,97.000
4500007352,00010,0001,2024-10-31T00:00:00,9.000,0.000
4500007353,00010,0001,2024-12-20T00:00:00,9.000,9.000
4500007354,00010,0001,2025-07-15T00:00:00,8.000,0.000
4500007355,00010,0001,2025-08-02T00:00:00,9.000,9.000
4500007356,00010,0001,2025-12-20T00:00:00,9.000,9.000
4500007357,00010,0001,2024-10-06T00:00:00,8.000,8.000
4500007358,00010,0001,2025-06-06T00:00:00,6.000,6.000
4500007359,00010,0001,2025-07-15T00:00:00,5.000,5.000
4500007360,00010,0001,2025-12-25T00:00:00,4.000,4.000
4500007361,00010,0001,2025-03-06T00:00:00,7.000,0.000
4500007362,00010,0001,2025-04-13T00:00:00,7.000,0.000
4500007363,00010,0001,2025-05-13T00:00:00,8.000,0.000
4500007364,00010,0001,2025-06-26T00:00:00,8.000,8.000
4500007365,00010,0001,2025-04-06T00:00:00,21.000,0.000
4500007366,00010,0001,2025-05-15T00:00:00,21.000,9.000
4500007367,00010,0001,2025-10-16T00:00:00,24.000,24.000
4500007368,00010,0001,2026-06-19T00:00:00,22.000,22.000
4500007369,00010,0001,2024-11-23T00:00:00,8.000,8.000
4500007370,00010,0001,2025-08-06T00:00:00,8.000,0.000
4500007371,00010,0001,2025-09-22T00:00:00,8.000,0.000
4500007372,00010,0001,2025-11-03T00:00:00,10.000,10.000
4500007373,00010,0001,2026-02-09T00:00:00,7.000,7.000
4500007374,00010,0001,2024-12-23T00:00:00,4.000,0.000
4500007375,00010,0001,2025-01-24T00:00:00,4.000,4.000
4500007376,00010,0001,2025-06-11T00:00:00,6.000,0.000
4500007377,00010,0001,2025-07-07T00:00:00,6.000,6.000
4500007378,00010,0001,2025-10-04T00:00:00,4.000,4.000
4500007379,00010,0001,2026-03-06T00:00:00,6.000,0.000
4500007380,00010,0001,2026-05-02T00:00:00,6.000,6.000
4500007381,00010,0001,2024-12-29T00:00:00,163.000,163.000
4500007382,00010,0001,2025-08-07T00:00:00,141.000,141.000
4500007383,00010,0001,2026-02-24T00:00:00,144.000,0.000
4500007384,00010,0001,2026-04-12T00:00:00,177.000,0.000
4500007385,00010,0001,2026-05-04T00:00:00,185.000,0.000
4500007386,00010,0001,2026-06-04T00:00:00,211.000,211.000
4500007387,00010,0001,2026-12-15T00:00:00,144.000,0.000
4500007388,00010,0001,2024-11-18T00:00:00,4.000,4.000
4500007389,00010,0001,2025-01-14T00:00:00,7.000,7.000
4500007390,00010,0001,2025-10-19T00:00:00,5.000,5.000
4500007391,00010,0001,2025-12-10T00:00:00,6.000,0.000
4500007392,00010,0001,2025-12-28T00:00:00,6.000,0.000
4500007393,00010,0001,2026-02-17T00:00:00,6.000,4.000
4500007394,00010,0001,2026-04-14T00:00:00,6.000,6.000
4500007395,00010,0001,2026-06-28T00:00:00,7.000,7.000
4500007396,00010,0001,2026-09-06T00:00:00,4.000,4.000
4500007397,00010,0001,2025-01-02T00:00:00,106.000,106.000
4500007398,00010,0001,2025-03-18T00:00:00,191.000,191.000
4500007399,00010,0001,2025-12-11T00:00:00,92.000,0.000
4500007400,00010,0001,2026-01-10T00:00:00,131.000,131.000
4500007401,00010,0001,2026-04-24T00:00:00,224.000,0.000
4500007402,00010,0001,2026-06-14T00:00:00,121.000,0.000
4500007403,00010,0001,2026-06-16T00:00:00,146.000,0.000
4500007404,00010,0001,2026-08-06T00:00:00,171.000,0.000
4500007405,00010,0001,2026-09-05T00:00:00,197.000,197.000
4500007406,00010,0001,2025-01-14T00:00:00,90.000,90.000
4500007407,00010,0001,2025-04-26T00:00:00,162.000,162.000
4500007408,00010,0001,2025-12-29T00:00:00,83.000,83.000
4500007409,00010,0001,2026-04-29T00:00:00,162.000,162.000
4500007410,00010,0001,2026-12-09T00:00:00,82.000,0.000
4500007411,00010,0001,2024-12-04T00:00:00,10.000,10.000
4500007412,00010,0001,2025-05-01T00:00:00,10.000,0.000
4500007413,00010,0001,2025-06-12T00:00:00,14.000,14.000
4500007414,00010,0001,2025-11-24T00:00:00,7.000,7.000
4500007415,00010,0001,2025-03-28T00:00:00,4.000,0.000
4500007416,00010,0001,2025-05-17T00:00:00,5.000,5.000
4500007417,00010,0001,2026-05-07T00:00:00,4.000,4.000
4500007418,00010,0001,2025-05-02T00:00:00,12.000,12.000
4500007419,00010,0001,2025-10-11T00:00:00,24.000,24.000
4500007420,00010,0001,2024-12-12T00:00:00,4.000,4.000
4500007421,00010,0001,2025-07-23T00:00:00,4.000,4.000
4500007422,00010,0001,2025-09-19T00:00:00,4.000,4.000
4500007423,00010,0001,2026-05-25T00:00:00,4.000,4.000
4500007424,00010,0001,2025-05-25T00:00:00,12.000,0.000
4500007425,00010,0001,2025-06-23T00:00:00,12.000,0.000
4500007426,00010,0001,2025-08-18T00:00:00,14.000,14.000
4500007427,00010,0001,2026-05-07T00:00:00,11.000,5.000
4500007428,00010,0001,2026-11-21T00:00:00,17.000,0.000
4500007429,00010,0001,2025-01-13T00:00:00,11.000,0.000
4500007430,00010,0001,2025-01-22T00:00:00,11.000,11.000
4500007431,00010,0001,2025-08-20T00:00:00,10.000,10.000
4500007432,00010,0001,2026-07-22T00:00:00,8.000,0.000
4500007433,00010,0001,2026-08-09T00:00:00,8.000,8.000
4500007434,00010,0001,2024-11-29T00:00:00,143.000,143.000
4500007435,00010,0001,2025-09-22T00:00:00,134.000,134.000
4500007436,00010,0001,2026-05-21T00:00:00,141.000,0.000
4500007437,00010,0001,2026-06-09T00:00:00,157.000,77.000
4500007438,00010,0001,2024-12-18T00:00:00,1.000,0.000
4500007439,00010,0001,2025-01-13T00:00:00,2.000,2.000
4500007440,00010,0001,2025-07-14T00:00:00,1.000,1.000
4500007441,00010,0001,2026-03-14T00:00:00,1.000,0.000
4500007442,00010,0001,2026-04-11T00:00:00,2.000,0.000
4500007443,00010,0001,2026-05-03T00:00:00,2.000,0.000
4500007444,00010,0001,2026-06-12T00:00:00,2.000,2.000
4500007445,00010,0001,2025-01-29T00:00:00,4.000,0.000
4500007446,00010,0001,2025-03-16T00:00:00,4.000,4.000
4500007447,00010,0001,2025-07-15T00:00:00,4.000,0.000
4500007448,00010,0001,2025-08-03T00:00:00,4.000,4.000
4500007449,00010,0001,2026-03-04T00:00:00,4.000,4.000
4500007450,00010,0001,2024-10-18T00:00:00,61.000,61.000
4500007451,00010,0001,2025-01-21T00:00:00,73.000,73.000
4500007452,00010,0001,2025-05-16T00:00:00,66.000,66.000
4500007453,00010,0001,2025-08-01T00:00:00,61.000,61.000
4500007454,00010,0001,2025-12-08T00:00:00,60.000,60.000
4500007455,00010,0001,2026-04-25T00:00:00,71.000,71.000
4500007456,00010,0001,2026-09-09T00:00:00,59.000,0.000
4500007457,00010,0001,2024-11-12T00:00:00,7.000,7.000
4500007458,00010,0001,2025-04-16T00:00:00,7.000,7.000
4500007459,00010,0001,2025-10-10T00:00:00,7.000,5.000
4500007460,00010,0001,2026-08-23T00:00:00,7.000,7.000
4500007461,00010,0001,2024-11-17T00:00:00,6.000,6.000
4500007462,00010,0001,2025-04-22T00:00:00,6.000,4.000
4500007463,00010,0001,2025-06-22T00:00:00,8.000,8.000
4500007464,00010,0001,2026-07-22T00:00:00,6.000,6.000
4500007465,00010,0001,2025-01-17T00:00:00,15.000,15.000
4500007466,00010,0001,2025-06-06T00:00:00,15.000,15.000
4500007467,00010,0001,2026-09-17T00:00:00,12.000,0.000
4500007468,00010,0001,2024-12-02T00:00:00,14.000,14.000
4500007469,00010,0001,2025-12-21T00:00:00,14.000,14.000
4500007470,00010,0001,2026-08-15T00:00:00,14.000,14.000
4500007471,00010,0001,2024-12-02T00:00:00,92.000,0.000
4500007472,00010,0001,2025-01-13T00:00:00,119.000,119.000
4500007473,00010,0001,2025-06-02T00:00:00,83.000,83.000
4500007474,00010,0001,2025-09-02T00:00:00,84.000,84.000
4500007475,00010,0001,2025-12-25T00:00:00,87.000,87.000
4500007476,00010,0001,2026-04-30T00:00:00,117.000,117.000
4500007477,00010,0001,2026-09-11T00:00:00,89.000,0.000
4500007478,00010,0001,2026-10-09T00:00:00,109.000,0.000
4500007479,00010,0001,2025-01-20T00:00:00,12.000,12.000
4500007480,00010,0001,2026-04-13T00:00:00,10.000,4.000
4500007481,00010,0001,2026-08-09T00:00:00,16.000,0.000
4500007482,00010,0001,2026-08-31T00:00:00,19.000,0.000
4500007483,00010,0001,2026-10-02T00:00:00,15.000,0.000
4500007484,00010,0001,2024-10-27T00:00:00,6.000,6.000
4500007485,00010,0001,2025-07-06T00:00:00,6.000,6.000
4500007486,00010,0001,2025-10-28T00:00:00,5.000,2.000
4500007487,00010,0001,2026-01-11T00:00:00,5.000,5.000
4500007488,00010,0001,2026-07-30T00:00:00,5.000,5.000
4500007489,00010,0001,2025-03-23T00:00:00,13.000,13.000
4500007490,00010,0001,2026-02-05T00:00:00,15.000,0.000
4500007491,00010,0001,2026-03-09T00:00:00,15.000,7.000
4500007492,00010,0001,2026-07-21T00:00:00,18.000,0.000
4500007493,00010,0001,2026-09-01T00:00:00,11.000,11.000
4500007494,00010,0001,2025-01-02T00:00:00,169.000,76.000
4500007495,00010,0001,2025-05-04T00:00:00,158.000,158.000
4500007496,00010,0001,2025-11-12T00:00:00,157.000,157.000
4500007497,00010,0001,2026-07-29T00:00:00,167.000,0.000
4500007498,00010,0001,2026-09-01T00:00:00,170.000,170.000
4500007499,00010,0001,2024-11-22T00:00:00,6.000,5.000
4500007500,00010,0001,2025-06-12T00:00:00,9.000,9.000
4500007501,00010,0001,2026-01-25T00:00:00,6.000,6.000
4500007502,00010,0001,2026-05-26T00:00:00,7.000,7.000
4500007503,00010,0001,2024-11-10T00:00:00,14.000,14.000
4500007504,00010,0001,2025-02-24T00:00:00,12.000,0.000
4500007505,00010,0001,2025-03-27T00:00:00,12.000,7.000
4500007506,00010,0001,2025-07-15T00:00:00,12.000,12.000
4500007507,00010,0001,2026-08-26T00:00:00,14.000,14.000
4500007508,00010,0001,2025-02-14T00:00:00,16.000,7.000
4500007509,00010,0001,2025-03-25T00:00:00,20.000,20.000
4500007510,00010,0001,2026-02-17T00:00:00,12.000,12.000
4500007511,00010,0001,2026-08-30T00:00:00,12.000,0.000
4500007512,00010,0001,2026-10-10T00:00:00,12.000,0.000
4500007513,00010,0001,2024-10-22T00:00:00,3.000,1.000
4500007514,00010,0001,2024-11-28T00:00:00,4.000,4.000
4500007515,00010,0001,2025-05-15T00:00:00,3.000,3.000
4500007516,00010,0001,2025-07-06T00:00:00,2.000,2.000
4500007517,00010,0001,2025-09-27T00:00:00,2.000,2.000
4500007518,00010,0001,2025-12-08T00:00:00,3.000,3.000
4500007519,00010,0001,2026-05-01T00:00:00,2.000,0.000
4500007520,00010,0001,2026-05-31T00:00:00,4.000,4.000
4500007521,00010,0001,2024-10-14T00:00:00,102.000,45.000
4500007522,00010,0001,2024-12-09T00:00:00,98.000,98.000
4500007523,00010,0001,2025-06-28T00:00:00,98.000,98.000
4500007524,00010,0001,2026-02-03T00:00:00,100.000,100.000
4500007525,00010,0001,2026-07-15T00:00:00,92.000,92.000
4500007526,00010,0001,2024-12-17T00:00:00,102.000,102.000
4500007527,00010,0001,2025-05-19T00:00:00,108.000,108.000
4500007528,00010,0001,2025-10-15T00:00:00,107.000,107.000
4500007529,00010,0001,2026-03-28T00:00:00,114.000,64.000
4500007530,00010,0001,2026-07-06T00:00:00,107.000,107.000
4500007531,00010,0001,2024-11-10T00:00:00,39.000,21.000
4500007532,00010,0001,2024-11-26T00:00:00,60.000,0.000
4500007533,00010,0001,2025-01-02T00:00:00,54.000,54.000
4500007534,00010,0001,2025-04-05T00:00:00,47.000,35.000
4500007535,00010,0001,2025-05-23T00:00:00,47.000,47.000
4500007536,00010,0001,2025-07-18T00:00:00,38.000,0.000
4500007537,00010,0001,2025-08-24T00:00:00,53.000,53.000
4500007538,00010,0001,2025-12-06T00:00:00,48.000,35.000
4500007539,00010,0001,2026-02-03T00:00:00,41.000,41.000
4500007540,00010,0001,2026-04-24T00:00:00,51.000,28.000
4500007541,00010,0001,2026-05-19T00:00:00,68.000,68.000
4500007542,00010,0001,2024-11-26T00:00:00,331.000,0.000
4500007543,00010,0001,2025-01-15T00:00:00,331.000,331.000
4500007544,00010,0001,2026-01-24T00:00:00,319.000,319.000
4500007545,00010,0001,2026-10-11T00:00:00,313.000,0.000
4500007546,00010,0001,2024-10-20T00:00:00,10.000,0.000
4500007547,00010,0001,2024-11-27T00:00:00,11.000,11.000
4500007548,00010,0001,2025-03-31T00:00:00,7.000,7.000
4500007549,00010,0001,2025-10-18T00:00:00,7.000,0.000
4500007550,00010,0001,2025-12-12T00:00:00,7.000,0.000
4500007551,00010,0001,2025-12-14T00:00:00,11.000,11.000
4500007552,00010,0001,2026-06-07T00:00:00,11.000,0.000
4500007553,00010,0001,2026-07-23T00:00:00,11.000,11.000
4500007554,00010,0001,2026-09-23T00:00:00,6.000,0.000
4500007555,00010,0001,2025-02-21T00:00:00,15.000,0.000
4500007556,00010,0001,2025-03-03T00:00:00,20.000,20.000
4500007557,00010,0001,2026-12-06T00:00:00,15.000,0.000
4500007558,00010,0001,2024-12-30T00:00:00,5.000,0.000
4500007559,00010,0001,2025-01-23T00:00:00,5.000,5.000
4500007560,00010,0001,2025-03-14T00:00:00,10.000,0.000
4500007561,00010,0001,2025-04-03T00:00:00,10.000,6.000
4500007562,00010,0001,2025-11-07T00:00:00,5.000,5.000
4500007563,00010,0001,2026-05-10T00:00:00,7.000,7.000
4500007564,00010,0001,2026-12-11T00:00:00,6.000,0.000
4500007565,00010,0001,2024-10-12T00:00:00,5.000,4.000
4500007566,00010,0001,2025-01-30T00:00:00,4.000,4.000
4500007567,00010,0001,2025-04-13T00:00:00,4.000,4.000
4500007568,00010,0001,2025-07-05T00:00:00,5.000,5.000
4500007569,00010,0001,2025-10-30T00:00:00,5.000,0.000
4500007570,00010,0001,2025-12-06T00:00:00,5.000,5.000
4500007571,00010,0001,2026-07-03T00:00:00,5.000,5.000
4500007572,00010,0001,2026-06-06T00:00:00,2.000,2.000
4500007573,00010,0001,2026-01-09T00:00:00,1.000,1.000
4500007574,00010,0001,2026-03-02T00:00:00,1.000,1.000
4500007575,00010,0001,2026-05-08T00:00:00,1.000,1.000
4500007576,00010,0001,2024-11-12T00:00:00,55.000,55.000
4500007577,00010,0001,2025-01-05T00:00:00,51.000,51.000
4500007578,00010,0001,2025-02-24T00:00:00,38.000,0.000
4500007579,00010,0001,2025-03-27T00:00:00,59.000,59.000
4500007580,00010,0001,2025-06-16T00:00:00,44.000,26.000
4500007581,00010,0001,2025-06-27T00:00:00,66.000,0.000
4500007582,00010,0001,2025-08-03T00:00:00,94.000,94.000
4500007583,00010,0001,2025-10-30T00:00:00,37.000,0.000
4500007584,00010,0001,2025-11-23T00:00:00,55.000,55.000
4500007585,00010,0001,2026-02-14T00:00:00,50.000,0.000
4500007586,00010,0001,2026-02-11T00:00:00,73.000,73.000
4500007587,00010,0001,2026-05-04T00:00:00,52.000,0.000
4500007588,00010,0001,2026-06-10T00:00:00,65.000,65.000
4500007589,00010,0001,2026-09-05T00:00:00,53.000,53.000
4500007590,00010,0001,2025-03-01T00:00:00,6.000,6.000
4500007591,00010,0001,2025-07-17T00:00:00,4.000,4.000
4500007592,00010,0001,2026-08-26T00:00:00,6.000,6.000
4500007593,00010,0001,2024-11-29T00:00:00,9.000,9.000
4500007594,00010,0001,2025-03-16T00:00:00,9.000,5.000
4500007595,00010,0001,2025-06-03T00:00:00,9.000,9.000
4500007596,00010,0001,2025-08-13T00:00:00,17.000,17.000
4500007597,00010,0001,2026-07-20T00:00:00,10.000,0.000
4500007598,00010,0001,2026-08-26T00:00:00,15.000,15.000
4500007599,00010,0001,2025-05-22T00:00:00,1.000,0.000
4500007600,00010,0001,2025-05-25T00:00:00,1.000,1.000
4500007601,00010,0001,2025-10-11T00:00:00,1.000,1.000
4500007602,00010,0001,2026-02-07T00:00:00,1.000,1.000
4500007603,00010,0001,2026-05-26T00:00:00,1.000,1.000
4500007604,00010,0001,2025-04-03T00:00:00,6.000,0.000
4500007605,00010,0001,2025-04-08T00:00:00,7.000,7.000
4500007606,00010,0001,2026-02-24T00:00:00,5.000,5.000
4500007607,00010,0001,2027-03-10T00:00:00,5.000,0.000
4500007608,00010,0001,2025-04-07T00:00:00,11.000,11.000
4500007609,00010,0001,2026-01-19T00:00:00,10.000,10.000
4500007610,00010,0001,2026-11-12T00:00:00,10.000,0.000
4500007611,00010,0001,2025-02-06T00:00:00,6.000,6.000
4500007612,00010,0001,2025-04-03T00:00:00,7.000,5.000
4500007613,00010,0001,2025-06-07T00:00:00,8.000,8.000
4500007614,00010,0001,2026-08-04T00:00:00,8.000,8.000
4500007615,00010,0001,2025-02-05T00:00:00,112.000,68.000
4500007616,00010,0001,2025-03-31T00:00:00,165.000,0.000
4500007617,00010,0001,2025-04-24T00:00:00,202.000,202.000
4500007618,00010,0001,2025-11-27T00:00:00,116.000,116.000
4500007619,00010,0001,2026-03-07T00:00:00,220.000,220.000
4500007620,00010,0001,2026-11-06T00:00:00,100.000,0.000
4500007621,00010,0001,2025-03-19T00:00:00,13.000,13.000
4500007622,00010,0001,2025-10-22T00:00:00,11.000,11.000
4500007623,00010,0001,2026-06-25T00:00:00,13.000,13.000
4500007624,00010,0001,2025-02-16T00:00:00,66.000,66.000
4500007625,00010,0001,2025-05-07T00:00:00,118.000,118.000
4500007626,00010,0001,2025-12-22T00:00:00,67.000,0.000
4500007627,00010,0001,2026-01-22T00:00:00,88.000,88.000
4500007628,00010,0001,2026-05-22T00:00:00,150.000,150.000
4500007629,00010,0001,2024-10-18T00:00:00,5.000,5.000
4500007630,00010,0001,2025-06-19T00:00:00,5.000,5.000
4500007631,00010,0001,2026-01-19T00:00:00,5.000,5.000
4500007632,00010,0001,2026-06-25T00:00:00,2.000,2.000
4500007633,00010,0001,2024-10-30T00:00:00,11.000,0.000
4500007634,00010,0001,2024-11-10T00:00:00,11.000,11.000
4500007635,00010,0001,2025-02-02T00:00:00,12.000,12.000
4500007636,00010,0001,2025-08-17T00:00:00,12.000,12.000
4500007637,00010,0001,2026-01-31T00:00:00,10.000,10.000
4500007638,00010,0001,2026-08-29T00:00:00,13.000,0.000
4500007639,00010,0001,2026-10-05T00:00:00,17.000,0.000
4500007640,00010,0001,2024-12-19T00:00:00,15.000,0.000
4500007641,00010,0001,2025-01-09T00:00:00,15.000,15.000
4500007642,00010,0001,2025-06-04T00:00:00,18.000,18.000
4500007643,00010,0001,2025-12-05T00:00:00,12.000,12.000
4500007644,00010,0001,2026-05-04T00:00:00,13.000,8.000
4500007645,00010,0001,2026-10-07T00:00:00,15.000,0.000
4500007646,00010,0001,2025-01-23T00:00:00,192.000,0.000
4500007647,00010,0001,2025-02-17T00:00:00,215.000,215.000
4500007648,00010,0001,2025-10-28T00:00:00,225.000,225.000
4500007649,00010,0001,2026-04-13T00:00:00,230.000,0.000
4500007650,00010,0001,2026-06-04T00:00:00,230.000,230.000
4500007651,00010,0001,2025-05-04T00:00:00,5.000,0.000
4500007652,00010,0001,2025-06-22T00:00:00,7.000,7.000
4500007653,00010,0001,2026-07-07T00:00:00,4.000,0.000
4500007654,00010,0001,2026-07-26T00:00:00,4.000,4.000
4500007655,00010,0001,2027-01-24T00:00:00,4.000,0.000
4500007656,00010,0001,2024-11-18T00:00:00,3.000,3.000
4500007657,00010,0001,2024-12-27T00:00:00,8.000,8.000
4500007658,00010,0001,2025-07-14T00:00:00,5.000,5.000
4500007659,00010,0001,2025-08-09T00:00:00,8.000,0.000
4500007660,00010,0001,2025-09-15T00:00:00,3.000,3.000
4500007661,00010,0001,2025-12-06T00:00:00,6.000,0.000
4500007662,00010,0001,2026-01-03T00:00:00,6.000,4.000
4500007663,00010,0001,2026-05-17T00:00:00,4.000,4.000
4500007664,00010,0001,2026-06-03T00:00:00,7.000,7.000
4500007665,00010,0001,2024-10-22T00:00:00,18.000,18.000
4500007666,00010,0001,2025-05-01T00:00:00,18.000,18.000
4500007667,00010,0001,2025-10-25T00:00:00,13.000,13.000
4500007668,00010,0001,2026-05-08T00:00:00,14.000,6.000
4500007669,00010,0001,2024-11-21T00:00:00,203.000,203.000
4500007670,00010,0001,2025-04-18T00:00:00,206.000,206.000
4500007671,00010,0001,2025-08-20T00:00:00,223.000,223.000
4500007672,00010,0001,2026-02-06T00:00:00,208.000,163.000
4500007673,00010,0001,2026-05-09T00:00:00,176.000,176.000
4500007674,00010,0001,2026-09-25T00:00:00,201.000,0.000
4500007675,00010,0001,2024-11-20T00:00:00,79.000,0.000
4500007676,00010,0001,2024-11-25T00:00:00,89.000,89.000
4500007677,00010,0001,2025-07-29T00:00:00,68.000,41.000
4500007678,00010,0001,2025-12-05T00:00:00,78.000,78.000
4500007679,00010,0001,2026-06-03T00:00:00,70.000,70.000
4500007680,00010,0001,2024-11-11T00:00:00,89.000,0.000
4500007681,00010,0001,2024-12-27T00:00:00,114.000,57.000
4500007682,00010,0001,2025-04-02T00:00:00,111.000,111.000
4500007683,00010,0001,2025-07-15T00:00:00,88.000,88.000
4500007684,00010,0001,2025-10-28T00:00:00,84.000,0.000
4500007685,00010,0001,2025-11-24T00:00:00,100.000,0.000
4500007686,00010,0001,2025-12-27T00:00:00,128.000,0.000
4500007687,00010,0001,2026-01-20T00:00:00,128.000,74.000
4500007688,00010,0001,2026-04-08T00:00:00,79.000,79.000
4500007689,00010,0001,2026-07-15T00:00:00,90.000,90.000
4500007690,00010,0001,2024-12-01T00:00:00,184.000,97.000
4500007691,00010,0001,2025-03-17T00:00:00,210.000,210.000
4500007692,00010,0001,2025-08-26T00:00:00,192.000,192.000
4500007693,00010,0001,2026-03-17T00:00:00,181.000,113.000
4500007694,00010,0001,2026-07-04T00:00:00,189.000,106.000
4500007695,00010,0001,2026-09-18T00:00:00,217.000,0.000
4500007696,00010,0001,2024-11-13T00:00:00,3.000,2.000
4500007697,00010,0001,2025-01-28T00:00:00,3.000,3.000
4500007698,00010,0001,2025-07-30T00:00:00,3.000,3.000
4500007699,00010,0001,2026-02-04T00:00:00,3.000,3.000
4500007700,00010,0001,2026-08-18T00:00:00,3.000,0.000
4500007701,00010,0001,2026-09-15T00:00:00,4.000,0.000
4500007702,00010,0001,2025-02-14T00:00:00,8.000,0.000
4500007703,00010,0001,2025-03-20T00:00:00,8.000,8.000
4500007704,00010,0001,2025-09-06T00:00:00,6.000,6.000
4500007705,00010,0001,2026-03-20T00:00:00,6.000,6.000
4500007706,00010,0001,2026-10-02T00:00:00,5.000,0.000
4500007707,00010,0001,2024-11-23T00:00:00,81.000,81.000
4500007708,00010,0001,2025-01-08T00:00:00,138.000,0.000
4500007709,00010,0001,2025-03-01T00:00:00,85.000,85.000
4500007710,00010,0001,2025-06-02T00:00:00,76.000,0.000
4500007711,00010,0001,2025-07-03T00:00:00,104.000,104.000
4500007712,00010,0001,2025-09-22T00:00:00,67.000,0.000
4500007713,00010,0001,2025-10-15T00:00:00,105.000,105.000
4500007714,00010,0001,2026-01-25T00:00:00,74.000,74.000
4500007715,00010,0001,2026-04-25T00:00:00,67.000,67.000
4500007716,00010,0001,2026-07-31T00:00:00,83.000,83.000
4500007717,00010,0001,2026-09-08T00:00:00,143.000,0.000
4500007718,00010,0001,2025-05-09T00:00:00,12.000,12.000
4500007719,00010,0001,2025-08-17T00:00:00,10.000,0.000
4500007720,00010,0001,2025-09-16T00:00:00,10.000,10.000
4500007721,00010,0001,2026-03-13T00:00:00,10.000,10.000
4500007722,00010,0001,2026-08-18T00:00:00,10.000,0.000
4500007723,00010,0001,2024-10-19T00:00:00,3.000,3.000
4500007724,00010,0001,2025-02-04T00:00:00,2.000,0.000
4500007725,00010,0001,2025-02-09T00:00:00,2.000,2.000
4500007726,00010,0001,2025-03-10T00:00:00,2.000,0.000
4500007727,00010,0001,2025-04-17T00:00:00,2.000,2.000
4500007728,00010,0001,2025-10-28T00:00:00,3.000,0.000
4500007729,00010,0001,2025-11-21T00:00:00,3.000,3.000
4500007730,00010,0001,2026-05-21T00:00:00,4.000,4.000
4500007731,00010,0001,2026-09-14T00:00:00,2.000,0.000
4500007732,00010,0001,2025-03-13T00:00:00,5.000,0.000
4500007733,00010,0001,2025-03-18T00:00:00,7.000,7.000
4500007734,00010,0001,2025-12-17T00:00:00,4.000,0.000
4500007735,00010,0001,2026-01-27T00:00:00,6.000,6.000
4500007736,00010,0001,2026-07-12T00:00:00,5.000,0.000
4500007737,00010,0001,2026-08-07T00:00:00,5.000,5.000
4500007738,00010,0001,2026-10-30T00:00:00,9.000,0.000
4500007739,00010,0001,2024-10-28T00:00:00,119.000,0.000
4500007740,00010,0001,2024-11-22T00:00:00,142.000,142.000
4500007741,00010,0001,2025-04-12T00:00:00,135.000,135.000
4500007742,00010,0001,2025-09-05T00:00:00,125.000,125.000
4500007743,00010,0001,2026-01-06T00:00:00,107.000,107.000
4500007744,00010,0001,2026-05-16T00:00:00,115.000,115.000
4500007745,00010,0001,2026-09-08T00:00:00,114.000,0.000
4500007746,00010,0001,2026-10-01T00:00:00,141.000,0.000
4500007747,00010,0001,2024-11-21T00:00:00,10.000,10.000
4500007748,00010,0001,2025-02-05T00:00:00,10.000,10.000
4500007749,00010,0001,2025-05-13T00:00:00,7.000,7.000
4500007750,00010,0001,2025-06-25T00:00:00,13.000,0.000
4500007751,00010,0001,2025-07-26T00:00:00,6.000,6.000
4500007752,00010,0001,2025-10-08T00:00:00,13.000,13.000
4500007753,00010,0001,2026-05-14T00:00:00,5.000,5.000
4500007754,00010,0001,2026-06-14T00:00:00,10.000,10.000
4500007755,00010,0001,2026-10-13T00:00:00,6.000,0.000
4500007756,00010,0001,2025-02-12T00:00:00,5.000,5.000
4500007757,00010,0001,2025-06-08T00:00:00,4.000,0.000
4500007758,00010,0001,2025-07-11T00:00:00,4.000,4.000
4500007759,00010,0001,2026-02-16T00:00:00,4.000,2.000
4500007760,00010,0001,2026-04-16T00:00:00,5.000,5.000
4500007761,00010,0001,2026-08-19T00:00:00,5.000,0.000
4500007762,00010,0001,2026-03-03T00:00:00,2.000,2.000
4500007763,00010,0001,2026-06-09T00:00:00,4.000,3.000
4500007764,00010,0001,2025-11-17T00:00:00,4.000,4.000
4500007765,00010,0001,2026-06-15T00:00:00,3.000,3.000
4500007766,00010,0001,2026-02-18T00:00:00,2.000,2.000
4500007767,00010,0001,2025-11-14T00:00:00,3.000,3.000
4500007768,00010,0001,2025-12-06T00:00:00,4.000,4.000
4500007769,00010,0001,2026-01-09T00:00:00,4.000,4.000
4500007770,00010,0001,2026-02-11T00:00:00,4.000,2.000
4500007771,00010,0001,2026-04-23T00:00:00,4.000,4.000
4500007772,00010,0001,2026-05-24T00:00:00,1.000,1.000
4500007773,00010,0001,2025-11-24T00:00:00,4.000,4.000
4500007774,00010,0001,2026-04-15T00:00:00,3.000,3.000
4500007775,00010,0001,2025-12-08T00:00:00,2.000,2.000
4500007776,00010,0001,2026-05-01T00:00:00,1.000,1.000
4500007777,00010,0001,2026-07-03T00:00:00,1.000,1.000
4500007778,00010,0001,2026-05-27T00:00:00,3.000,3.000
4500007779,00010,0001,2026-05-04T00:00:00,2.000,2.000
4500007780,00010,0001,2025-11-06T00:00:00,1.000,1.000
4500007781,00010,0001,2026-05-13T00:00:00,4.000,4.000
4500007782,00010,0001,2026-03-02T00:00:00,2.000,2.000
4500007783,00010,0001,2025-11-12T00:00:00,2.000,2.000
4500007784,00010,0001,2026-08-16T00:00:00,3.000,3.000
4500007785,00010,0001,2026-01-09T00:00:00,2.000,2.000
4500007786,00010,0001,2025-11-08T00:00:00,4.000,4.000
4500007787,00010,0001,2026-05-08T00:00:00,1.000,1.000
4500007788,00010,0001,2026-02-23T00:00:00,2.000,2.000
4500007789,00010,0001,2026-07-21T00:00:00,4.000,4.000
4500007790,00010,0001,2026-02-25T00:00:00,3.000,3.000
4500007791,00010,0001,2025-12-29T00:00:00,4.000,4.000
4500007792,00010,0001,2026-06-09T00:00:00,2.000,1.000
4500007793,00010,0001,2026-06-16T00:00:00,1.000,1.000
4500007794,00010,0001,2026-01-18T00:00:00,4.000,4.000
4500007795,00010,0001,2026-02-24T00:00:00,2.000,2.000
4500007796,00010,0001,2025-11-10T00:00:00,1.000,1.000
4500007797,00010,0001,2026-05-25T00:00:00,1.000,1.000
4500007798,00010,0001,2026-03-05T00:00:00,4.000,4.000
4500007799,00010,0001,2026-03-24T00:00:00,1.000,1.000
4500007800,00010,0001,2026-02-10T00:00:00,3.000,3.000
4500007801,00010,0001,2026-05-28T00:00:00,3.000,3.000
4500007802,00010,0001,2026-01-04T00:00:00,3.000,3.000
4500007803,00010,0001,2026-04-17T00:00:00,2.000,2.000
4500007804,00010,0001,2026-05-05T00:00:00,3.000,3.000
4500007805,00010,0001,2026-07-21T00:00:00,2.000,2.000
4500007806,00010,0001,2026-04-05T00:00:00,3.000,3.000
4500007807,00010,0001,2026-02-23T00:00:00,1.000,1.000
4500007808,00010,0001,2026-03-26T00:00:00,2.000,2.000
4500007809,00010,0001,2026-06-16T00:00:00,1.000,1.000
4500007810,00010,0001,2026-06-03T00:00:00,4.000,4.000
4500007811,00010,0001,2026-08-08T00:00:00,2.000,2.000
4500007812,00010,0001,2026-03-22T00:00:00,2.000,2.000
4500007813,00010,0001,2026-02-01T00:00:00,1.000,1.000
4500007814,00010,0001,2026-06-26T00:00:00,4.000,4.000
4500007815,00010,0001,2026-04-14T00:00:00,1.000,1.000
4500007816,00010,0001,2026-04-10T00:00:00,4.000,4.000
4500007817,00010,0001,2026-07-02T00:00:00,3.000,3.000
4500007818,00010,0001,2025-12-13T00:00:00,4.000,4.000
4500007819,00010,0001,2026-04-20T00:00:00,2.000,1.000
4500007820,00010,0001,2025-11-04T00:00:00,1.000,1.000
4500007821,00010,0001,2026-01-11T00:00:00,4.000,4.000
4500007822,00010,0001,2026-03-27T00:00:00,2.000,2.000
4500007823,00010,0001,2026-05-25T00:00:00,1.000,1.000
4500007824,00010,0001,2025-12-16T00:00:00,3.000,3.000
4500007825,00010,0001,2026-06-11T00:00:00,1.000,1.000
4500007826,00010,0001,2026-07-09T00:00:00,1.000,1.000
4500007827,00010,0001,2026-02-08T00:00:00,4.000,4.000
4500007828,00010,0001,2025-12-07T00:00:00,1.000,1.000
4500007829,00010,0001,2026-04-02T00:00:00,2.000,2.000
4500007830,00010,0001,2026-06-11T00:00:00,4.000,4.000
4500007831,00010,0001,2025-12-09T00:00:00,1.000,1.000
4500007832,00010,0001,2025-12-15T00:00:00,2.000,2.000
4500007833,00010,0001,2025-12-05T00:00:00,1.000,1.000
4500007834,00010,0001,2026-08-12T00:00:00,2.000,2.000
4500007835,00010,0001,2025-12-18T00:00:00,4.000,4.000
4500007836,00010,0001,2025-11-06T00:00:00,1.000,1.000
4500007837,00010,0001,2026-01-20T00:00:00,3.000,3.000
4500007838,00010,0001,2026-01-07T00:00:00,3.000,3.000
4500007839,00010,0001,2026-02-12T00:00:00,1.000,1.000
4500007840,00010,0001,2026-03-27T00:00:00,4.000,4.000
4500007841,00010,0001,2026-01-02T00:00:00,4.000,4.000
4500007842,00010,0001,2026-03-09T00:00:00,1.000,1.000
4500007843,00010,0001,2025-12-07T00:00:00,4.000,4.000
4500007844,00010,0001,2025-11-26T00:00:00,1.000,1.000
4500007845,00010,0001,2026-07-18T00:00:00,2.000,2.000
4500007846,00010,0001,2025-12-17T00:00:00,4.000,4.000
4500007847,00010,0001,2026-06-02T00:00:00,3.000,3.000
4500007848,00010,0001,2026-07-19T00:00:00,4.000,4.000
4500007849,00010,0001,2026-02-21T00:00:00,1.000,1.000
4500007850,00010,0001,2025-11-15T00:00:00,4.000,2.000
4500007851,00010,0001,2026-03-15T00:00:00,1.000,1.000
4500007852,00010,0001,2026-02-22T00:00:00,2.000,2.000
4500007853,00010,0001,2026-05-06T00:00:00,4.000,2.000
4500007854,00010,0001,2026-05-18T00:00:00,4.000,4.000
4500007855,00010,0001,2026-07-08T00:00:00,1.000,1.000
4500007856,00010,0001,2026-06-05T00:00:00,3.000,3.000
4500007857,00010,0001,2026-06-12T00:00:00,3.000,3.000
4500007858,00010,0001,2026-07-03T00:00:00,3.000,3.000
4500007859,00010,0001,2026-05-11T00:00:00,4.000,4.000
4500007860,00010,0001,2026-01-22T00:00:00,2.000,2.000
4500007861,00010,0001,2025-11-28T00:00:00,2.000,2.000
4500007862,00010,0001,2026-07-24T00:00:00,4.000,4.000
4500007863,00010,0001,2026-06-27T00:00:00,2.000,2.000
4500007864,00010,0001,2026-06-16T00:00:00,2.000,2.000
4500007865,00010,0001,2025-11-26T00:00:00,2.000,2.000
4500007866,00010,0001,2026-05-24T00:00:00,2.000,2.000
4500007867,00010,0001,2025-11-16T00:00:00,1.000,1.000
4500007868,00010,0001,2026-06-30T00:00:00,3.000,2.000
4500007869,00010,0001,2026-05-05T00:00:00,1.000,1.000
4500007870,00010,0001,2025-11-03T00:00:00,1.000,1.000
4500007871,00010,0001,2026-07-06T00:00:00,4.000,4.000
4500007872,00010,0001,2025-11-28T00:00:00,2.000,2.000
4500007873,00010,0001,2026-06-06T00:00:00,4.000,4.000
4500007874,00010,0001,2026-07-04T00:00:00,4.000,4.000
4500007875,00010,0001,2026-05-27T00:00:00,1.000,1.000
4500007876,00010,0001,2025-11-11T00:00:00,4.000,4.000
4500007877,00010,0001,2025-12-17T00:00:00,1.000,1.000
4500007878,00010,0001,2026-01-22T00:00:00,1.000,1.000
4500007879,00010,0001,2026-04-03T00:00:00,4.000,4.000
4500007880,00010,0001,2026-02-14T00:00:00,4.000,4.000
4500007881,00010,0001,2026-01-01T00:00:00,4.000,4.000
4500007882,00010,0001,2026-02-10T00:00:00,1.000,1.000
4500007883,00010,0001,2026-02-28T00:00:00,4.000,4.000
4500007884,00010,0001,2026-06-16T00:00:00,3.000,3.000
4500007885,00010,0001,2025-12-02T00:00:00,4.000,4.000
4500007886,00010,0001,2026-01-10T00:00:00,3.000,2.000
4500007887,00010,0001,2026-03-14T00:00:00,4.000,4.000
4500007888,00010,0001,2026-04-14T00:00:00,4.000,4.000
4500007889,00010,0001,2026-06-20T00:00:00,2.000,2.000
4500007890,00010,0001,2026-04-20T00:00:00,2.000,2.000
4500007891,00010,0001,2026-08-20T00:00:00,3.000,3.000
4500007892,00010,0001,2026-01-03T00:00:00,3.000,3.000
4500007893,00010,0001,2026-03-25T00:00:00,4.000,4.000
4500007894,00010,0001,2026-04-18T00:00:00,1.000,1.000
4500007895,00010,0001,2026-02-14T00:00:00,2.000,2.000
4500007896,00010,0001,2026-06-27T00:00:00,2.000,2.000
4500007897,00010,0001,2026-08-05T00:00:00,3.000,3.000
4500007898,00010,0001,2026-02-16T00:00:00,2.000,2.000
4500007899,00010,0001,2025-11-13T00:00:00,4.000,4.000
4500007900,00010,0001,2026-07-03T00:00:00,3.000,3.000
4500007901,00010,0001,2026-05-06T00:00:00,2.000,2.000
4500007902,00010,0001,2026-03-22T00:00:00,2.000,2.000
4500007903,00010,0001,2026-01-21T00:00:00,1.000,1.000
4500007904,00010,0001,2025-11-28T00:00:00,1.000,1.000
4500007905,00010,0001,2026-08-01T00:00:00,1.000,1.000
4500007906,00010,0001,2026-05-07T00:00:00,2.000,2.000
4500007907,00010,0001,2025-11-14T00:00:00,2.000,2.000
4500007908,00010,0001,2026-05-02T00:00:00,4.000,4.000
4500007909,00010,0001,2025-12-20T00:00:00,4.000,4.000
4500007910,00010,0001,2025-11-07T00:00:00,4.000,4.000
4500007911,00010,0001,2025-12-12T00:00:00,2.000,2.000
4500007912,00010,0001,2026-05-08T00:00:00,1.000,1.000
4500007913,00010,0001,2026-04-25T00:00:00,1.000,1.000
4500007914,00010,0001,2025-12-20T00:00:00,3.000,3.000
4500007915,00010,0001,2026-03-12T00:00:00,4.000,4.000
4500007916,00010,0001,2026-03-17T00:00:00,2.000,2.000
4500007917,00010,0001,2025-11-19T00:00:00,2.000,2.000
4500007918,00010,0001,2025-11-13T00:00:00,2.000,2.000
4500007919,00010,0001,2026-06-02T00:00:00,2.000,2.000
4500007920,00010,0001,2026-04-29T00:00:00,2.000,2.000
4500007921,00010,0001,2025-12-03T00:00:00,1.000,1.000
4500007922,00010,0001,2026-04-22T00:00:00,1.000,1.000
4500007923,00010,0001,2025-11-17T00:00:00,4.000,4.000
4500007924,00010,0001,2026-02-26T00:00:00,4.000,4.000
4500007925,00010,0001,2025-12-30T00:00:00,4.000,4.000
4500007926,00010,0001,2026-03-10T00:00:00,4.000,4.000
4500007927,00010,0001,2025-11-28T00:00:00,4.000,4.000
4500007928,00010,0001,2026-03-21T00:00:00,1.000,1.000
4500007929,00010,0001,2026-01-17T00:00:00,4.000,4.000
4500007930,00010,0001,2026-05-06T00:00:00,2.000,2.000
4500007931,00010,0001,2026-05-18T00:00:00,4.000,4.000
4500007932,00010,0001,2026-03-18T00:00:00,4.000,4.000
4500007933,00010,0001,2026-04-18T00:00:00,2.000,2.000
4500007934,00010,0001,2025-12-21T00:00:00,4.000,4.000
4500007935,00010,0001,2026-04-15T00:00:00,3.000,3.000
4500007936,00010,0001,2026-03-26T00:00:00,2.000,2.000
4500007937,00010,0001,2026-03-14T00:00:00,3.000,3.000
4500007938,00010,0001,2026-04-06T00:00:00,3.000,3.000
4500007939,00010,0001,2026-03-21T00:00:00,4.000,4.000
4500007940,00010,0001,2026-07-16T00:00:00,4.000,4.000
4500007941,00010,0001,2026-08-11T00:00:00,3.000,1.000
4500007942,00010,0001,2026-05-09T00:00:00,4.000,4.000
4500007943,00010,0001,2026-02-14T00:00:00,4.000,4.000
4500007944,00010,0001,2026-03-20T00:00:00,2.000,2.000
4500007945,00010,0001,2025-11-27T00:00:00,2.000,2.000
4500007946,00010,0001,2026-06-16T00:00:00,1.000,1.000
4500007947,00010,0001,2026-01-08T00:00:00,3.000,3.000
4500007948,00010,0001,2026-02-02T00:00:00,2.000,2.000
4500007949,00010,0001,2025-11-20T00:00:00,3.000,3.000
4500007950,00010,0001,2026-03-15T00:00:00,1.000,1.000
4500007951,00010,0001,2026-04-24T00:00:00,1.000,1.000
4500007952,00010,0001,2026-07-13T00:00:00,3.000,1.000
4500007953,00010,0001,2026-06-15T00:00:00,2.000,2.000
4500007954,00010,0001,2026-05-01T00:00:00,3.000,3.000
4500007955,00010,0001,2026-03-09T00:00:00,3.000,3.000
4500007956,00010,0001,2026-07-14T00:00:00,3.000,3.000
4500007957,00010,0001,2026-05-21T00:00:00,1.000,1.000
4500007958,00010,0001,2026-02-08T00:00:00,1.000,1.000
4500007959,00010,0001,2026-07-30T00:00:00,2.000,2.000
4500007960,00010,0001,2026-01-29T00:00:00,4.000,4.000
4500007961,00010,0001,2026-02-19T00:00:00,4.000,4.000
4500007962,00010,0001,2025-11-10T00:00:00,4.000,4.000
4500007963,00010,0001,2026-05-19T00:00:00,1.000,1.000
4500007964,00010,0001,2026-07-29T00:00:00,1.000,1.000
4500007965,00010,0001,2026-06-27T00:00:00,1.000,1.000
4500007966,00010,0001,2025-11-08T00:00:00,3.000,3.000
4500007967,00010,0001,2026-05-27T00:00:00,2.000,2.000
4500007968,00010,0001,2025-11-19T00:00:00,2.000,2.000
4500007969,00010,0001,2026-08-18T00:00:00,4.000,4.000
4500007970,00010,0001,2025-12-23T00:00:00,1.000,1.000
4500007971,00010,0001,2025-11-12T00:00:00,4.000,4.000
4500007972,00010,0001,2026-07-04T00:00:00,2.000,2.000
4500007973,00010,0001,2026-07-06T00:00:00,2.000,1.000
4500007974,00010,0001,2026-01-30T00:00:00,4.000,4.000
4500007975,00010,0001,2026-05-06T00:00:00,3.000,3.000
4500007976,00010,0001,2025-11-24T00:00:00,4.000,4.000
4500007977,00010,0001,2025-12-27T00:00:00,2.000,2.000
4500007978,00010,0001,2026-07-22T00:00:00,2.000,1.000
4500007979,00010,0001,2026-07-17T00:00:00,3.000,3.000
4500007980,00010,0001,2026-06-27T00:00:00,3.000,3.000
4500007981,00010,0001,2026-01-11T00:00:00,4.000,4.000
4500007982,00010,0001,2026-01-16T00:00:00,3.000,3.000
4500007983,00010,0001,2026-01-07T00:00:00,2.000,2.000
4500007984,00010,0001,2026-05-07T00:00:00,4.000,4.000
4500007985,00010,0001,2026-04-04T00:00:00,3.000,3.000
4500007986,00010,0001,2026-05-27T00:00:00,1.000,1.000
4500007987,00010,0001,2025-11-18T00:00:00,1.000,1.000
4500007988,00010,0001,2026-01-29T00:00:00,4.000,4.000
4500007989,00010,0001,2026-05-02T00:00:00,3.000,3.000
4500007990,00010,0001,2026-05-19T00:00:00,2.000,2.000
4500007991,00010,0001,2026-02-08T00:00:00,1.000,1.000
4500007992,00010,0001,2026-05-26T00:00:00,3.000,3.000
4500007993,00010,0001,2025-11-14T00:00:00,1.000,1.000
4500007994,00010,0001,2026-02-12T00:00:00,3.000,3.000
4500007995,00010,0001,2026-03-30T00:00:00,4.000,3.000
4500007996,00010,0001,2026-04-29T00:00:00,1.000,1.000
4500007997,00010,0001,2026-01-28T00:00:00,2.000,1.000
4500007998,00010,0001,2026-06-27T00:00:00,2.000,2.000
4500007999,00010,0001,2026-01-01T00:00:00,2.000,2.000
4500008000,00010,0001,2025-12-27T00:00:00,4.000,2.000
4500008001,00010,0001,2026-02-01T00:00:00,2.000,2.000
4500008002,00010,0001,2026-02-21T00:00:00,1.000,1.000
4500008003,00010,0001,2026-04-29T00:00:00,1.000,1.000
4500008004,00010,0001,2026-01-31T00:00:00,4.000,4.000
4500008005,00010,0001,2026-07-11T00:00:00,3.000,3.000
4500008006,00010,0001,2026-01-20T00:00:00,3.000,3.000
4500008007,00010,0001,2026-07-29T00:00:00,3.000,3.000
4500008008,00010,0001,2025-11-16T00:00:00,1.000,1.000
4500008009,00010,0001,2026-05-01T00:00:00,3.000,3.000
4500008010,00010,0001,2026-07-17T00:00:00,1.000,1.000
4500008011,00010,0001,2026-01-05T00:00:00,2.000,2.000
4500008012,00010,0001,2026-04-11T00:00:00,1.000,1.000
4500008013,00010,0001,2026-06-12T00:00:00,2.000,2.000
4500008014,00010,0001,2026-01-26T00:00:00,2.000,2.000
4500008015,00010,0001,2026-08-06T00:00:00,3.000,3.000
4500008016,00010,0001,2025-11-07T00:00:00,4.000,4.000
4500008017,00010,0001,2026-06-13T00:00:00,4.000,4.000
4500008018,00010,0001,2026-04-07T00:00:00,3.000,3.000
4500008019,00010,0001,2026-08-04T00:00:00,4.000,4.000
4500008020,00010,0001,2026-05-21T00:00:00,3.000,3.000
4500008021,00010,0001,2026-04-18T00:00:00,4.000,4.000
4500008022,00010,0001,2026-01-31T00:00:00,4.000,4.000
4500008023,00010,0001,2026-08-08T00:00:00,3.000,3.000
4500008024,00010,0001,2025-12-23T00:00:00,1.000,1.000
4500008025,00010,0001,2026-07-10T00:00:00,1.000,1.000
4500008026,00010,0001,2025-12-01T00:00:00,4.000,4.000
4500008027,00010,0001,2025-12-25T00:00:00,4.000,4.000
4500008028,00010,0001,2025-12-13T00:00:00,1.000,1.000
4500008029,00010,0001,2026-05-12T00:00:00,4.000,4.000
4500008030,00010,0001,2026-02-03T00:00:00,3.000,3.000
4500008031,00010,0001,2025-12-28T00:00:00,3.000,3.000
4500008032,00010,0001,2026-04-17T00:00:00,4.000,4.000
4500008033,00010,0001,2026-02-27T00:00:00,1.000,1.000
4500008034,00010,0001,2026-02-12T00:00:00,3.000,3.000
4500008035,00010,0001,2025-11-13T00:00:00,3.000,3.000
4500008036,00010,0001,2026-04-04T00:00:00,2.000,2.000
4500008037,00010,0001,2026-03-26T00:00:00,3.000,3.000
4500008038,00010,0001,2025-11-15T00:00:00,2.000,2.000
4500008039,00010,0001,2026-03-18T00:00:00,3.000,1.000
4500008040,00010,0001,2026-03-08T00:00:00,3.000,3.000
4500008041,00010,0001,2025-11-19T00:00:00,3.000,3.000
4500008042,00010,0001,2026-03-18T00:00:00,3.000,3.000
4500008043,00010,0001,2026-08-16T00:00:00,4.000,4.000
4500008044,00010,0001,2025-12-17T00:00:00,3.000,3.000
4500008045,00010,0001,2026-03-28T00:00:00,2.000,2.000
4500008046,00010,0001,2026-04-09T00:00:00,1.000,1.000
4500008047,00010,0001,2025-11-25T00:00:00,2.000,2.000
4500008048,00010,0001,2026-07-09T00:00:00,3.000,3.000
4500008049,00010,0001,2025-11-12T00:00:00,3.000,3.000
4500008050,00010,0001,2026-03-26T00:00:00,3.000,3.000
4500008051,00010,0001,2026-08-15T00:00:00,1.000,1.000
4500008052,00010,0001,2026-06-13T00:00:00,2.000,2.000
4500008053,00010,0001,2026-04-14T00:00:00,2.000,1.000
4500008054,00010,0001,2026-07-30T00:00:00,1.000,1.000
4500008055,00010,0001,2026-03-01T00:00:00,1.000,1.000
4500008056,00010,0001,2026-02-16T00:00:00,2.000,2.000
4500008057,00010,0001,2025-11-09T00:00:00,3.000,2.000
4500008058,00010,0001,2025-11-30T00:00:00,1.000,1.000
4500008059,00010,0001,2026-08-07T00:00:00,4.000,4.000
4500008060,00010,0001,2025-12-31T00:00:00,2.000,2.000
4500008061,00010,0001,2025-11-17T00:00:00,1.000,1.000
4500008062,00010,0001,2026-02-06T00:00:00,1.000,1.000
4500008063,00010,0001,2026-06-04T00:00:00,2.000,1.000
4500008064,00010,0001,2026-04-20T00:00:00,2.000,2.000
4500008065,00010,0001,2026-04-06T00:00:00,4.000,4.000
4500008066,00010,0001,2026-01-04T00:00:00,1.000,1.000
4500008067,00010,0001,2026-08-09T00:00:00,2.000,2.000
4500008068,00010,0001,2026-08-16T00:00:00,1.000,1.000
4500008069,00010,0001,2026-03-01T00:00:00,1.000,1.000
4500008070,00010,0001,2025-12-02T00:00:00,3.000,3.000
4500008071,00010,0001,2025-11-14T00:00:00,1.000,1.000
4500008072,00010,0001,2026-01-28T00:00:00,2.000,2.000
4500008073,00010,0001,2025-11-23T00:00:00,3.000,3.000
4500008074,00010,0001,2025-12-02T00:00:00,3.000,1.000
4500008075,00010,0001,2025-12-13T00:00:00,2.000,2.000
4500008076,00010,0001,2026-02-09T00:00:00,3.000,3.000
4500008077,00010,0001,2026-06-16T00:00:00,1.000,1.000
4500008078,00010,0001,2026-02-09T00:00:00,2.000,2.000
4500008079,00010,0001,2026-02-17T00:00:00,1.000,1.000
4500008080,00010,0001,2025-12-15T00:00:00,4.000,4.000
4500008081,00010,0001,2026-04-22T00:00:00,2.000,2.000
4500008082,00010,0001,2026-03-08T00:00:00,3.000,3.000
4500008083,00010,0001,2026-08-19T00:00:00,4.000,4.000
4500008084,00010,0001,2025-11-23T00:00:00,3.000,3.000
4500008085,00010,0001,2026-02-22T00:00:00,1.000,1.000
4500008086,00010,0001,2026-01-25T00:00:00,1.000,1.000
4500008087,00010,0001,2026-06-17T00:00:00,2.000,2.000
4500008088,00010,0001,2026-01-29T00:00:00,3.000,3.000
4500008089,00010,0001,2026-02-21T00:00:00,4.000,4.000
4500008090,00010,0001,2026-01-13T00:00:00,4.000,4.000
4500008091,00010,0001,2026-04-13T00:00:00,2.000,2.000
4500008092,00010,0001,2026-06-17T00:00:00,2.000,1.000
4500008093,00010,0001,2026-02-15T00:00:00,1.000,1.000
4500008094,00010,0001,2026-04-07T00:00:00,4.000,3.000
4500008095,00010,0001,2026-06-04T00:00:00,4.000,4.000
4500008096,00010,0001,2026-02-11T00:00:00,3.000,3.000
4500008097,00010,0001,2026-07-22T00:00:00,3.000,3.000
4500008098,00010,0001,2026-01-18T00:00:00,4.000,4.000
4500008099,00010,0001,2026-02-11T00:00:00,3.000,1.000
4500008100,00010,0001,2025-11-03T00:00:00,2.000,2.000
4500008101,00010,0001,2026-05-28T00:00:00,1.000,1.000
4500008102,00010,0001,2026-05-06T00:00:00,1.000,1.000
4500008103,00010,0001,2026-07-02T00:00:00,1.000,1.000
4500008104,00010,0001,2026-08-18T00:00:00,1.000,1.000
4500008105,00010,0001,2026-06-10T00:00:00,4.000,4.000
4500008106,00010,0001,2026-07-07T00:00:00,2.000,2.000
4500008107,00010,0001,2026-03-09T00:00:00,1.000,1.000
4500008108,00010,0001,2026-02-27T00:00:00,2.000,2.000
4500008109,00010,0001,2025-12-12T00:00:00,4.000,4.000
4500008110,00010,0001,2025-12-21T00:00:00,3.000,3.000
4500008111,00010,0001,2026-08-01T00:00:00,1.000,1.000
4500008112,00010,0001,2026-06-25T00:00:00,3.000,3.000
4500008113,00010,0001,2025-12-21T00:00:00,4.000,4.000
4500008114,00010,0001,2026-07-23T00:00:00,1.000,1.000
4500008115,00010,0001,2026-01-21T00:00:00,3.000,3.000
4500008116,00010,0001,2026-03-05T00:00:00,1.000,1.000
4500008117,00010,0001,2026-04-21T00:00:00,4.000,4.000
4500008118,00010,0001,2026-01-29T00:00:00,4.000,4.000
4500008119,00010,0001,2025-11-06T00:00:00,1.000,1.000
4500008120,00010,0001,2025-11-18T00:00:00,3.000,3.000
4500008121,00010,0001,2026-01-09T00:00:00,2.000,2.000
4500008122,00010,0001,2025-11-21T00:00:00,3.000,3.000
4500008123,00010,0001,2026-03-02T00:00:00,3.000,3.000
4500008124,00010,0001,2025-12-29T00:00:00,4.000,4.000
4500008125,00010,0001,2026-01-03T00:00:00,3.000,3.000
4500008126,00010,0001,2026-01-14T00:00:00,4.000,4.000
4500008127,00010,0001,2026-04-23T00:00:00,4.000,4.000
4500008128,00010,0001,2026-07-19T00:00:00,2.000,2.000
4500008129,00010,0001,2025-11-20T00:00:00,4.000,4.000
4500008130,00010,0001,2026-06-12T00:00:00,3.000,3.000
4500008131,00010,0001,2026-02-27T00:00:00,4.000,4.000
4500008132,00010,0001,2026-05-18T00:00:00,2.000,2.000
4500008133,00010,0001,2026-04-03T00:00:00,3.000,3.000
4500008134,00010,0001,2026-01-28T00:00:00,4.000,4.000
4500008135,00010,0001,2026-06-23T00:00:00,1.000,1.000
4500008136,00010,0001,2026-03-09T00:00:00,4.000,4.000
4500008137,00010,0001,2026-06-02T00:00:00,2.000,2.000
4500008138,00010,0001,2026-02-20T00:00:00,4.000,4.000
4500008139,00010,0001,2026-04-08T00:00:00,4.000,4.000
4500008140,00010,0001,2026-05-15T00:00:00,2.000,2.000
4500008141,00010,0001,2026-05-26T00:00:00,1.000,1.000
4500008142,00010,0001,2025-11-17T00:00:00,4.000,2.000
4500008143,00010,0001,2026-06-20T00:00:00,4.000,4.000
4500008144,00010,0001,2026-04-29T00:00:00,3.000,1.000
4500008145,00010,0001,2025-11-19T00:00:00,2.000,2.000
4500008146,00010,0001,2025-12-15T00:00:00,1.000,1.000
4500008147,00010,0001,2025-12-01T00:00:00,3.000,3.000
4500008148,00010,0001,2026-03-12T00:00:00,2.000,2.000
4500008149,00010,0001,2026-08-01T00:00:00,3.000,3.000
4500008150,00010,0001,2026-07-17T00:00:00,2.000,2.000
4500008151,00010,0001,2026-03-17T00:00:00,3.000,3.000
4500008152,00010,0001,2026-04-19T00:00:00,2.000,2.000
4500008153,00010,0001,2026-02-08T00:00:00,1.000,1.000
4500008154,00010,0001,2026-07-09T00:00:00,2.000,2.000
4500008155,00010,0001,2026-07-17T00:00:00,3.000,3.000
4500008156,00010,0001,2026-03-31T00:00:00,3.000,3.000
4500008157,00010,0001,2026-05-29T00:00:00,3.000,3.000
4500008158,00010,0001,2025-11-25T00:00:00,1.000,1.000
4500008159,00010,0001,2026-04-06T00:00:00,1.000,1.000
4500008160,00010,0001,2025-12-09T00:00:00,4.000,4.000
4500008161,00010,0001,2026-07-25T00:00:00,3.000,3.000
4500008162,00010,0001,2026-03-16T00:00:00,3.000,3.000
4500008163,00010,0001,2025-11-28T00:00:00,1.000,1.000
4500008164,00010,0001,2026-07-26T00:00:00,1.000,1.000
4500008165,00010,0001,2026-07-13T00:00:00,2.000,2.000
4500008166,00010,0001,2026-03-27T00:00:00,2.000,2.000
4500008167,00010,0001,2026-01-10T00:00:00,1.000,1.000
4500008168,00010,0001,2026-07-07T00:00:00,4.000,4.000
4500008169,00010,0001,2026-05-27T00:00:00,2.000,2.000
4500008170,00010,0001,2026-02-07T00:00:00,2.000,2.000
4500008171,00010,0001,2025-12-07T00:00:00,3.000,3.000
4500008172,00010,0001,2026-01-12T00:00:00,1.000,1.000
4500008173,00010,0001,2025-11-24T00:00:00,3.000,3.000
4500008174,00010,0001,2025-11-29T00:00:00,4.000,4.000
4500008175,00010,0001,2026-01-01T00:00:00,1.000,1.000
4500008176,00010,0001,2026-01-12T00:00:00,3.000,3.000
4500008177,00010,0001,2025-12-13T00:00:00,4.000,4.000
4500008178,00010,0001,2026-03-30T00:00:00,3.000,3.000
4500008179,00010,0001,2026-08-16T00:00:00,3.000,3.000
4500008180,00010,0001,2026-02-03T00:00:00,2.000,2.000
4500008181,00010,0001,2026-08-11T00:00:00,3.000,3.000
4500008182,00010,0001,2026-01-10T00:00:00,1.000,1.000
4500008183,00010,0001,2026-03-02T00:00:00,1.000,1.000
4500008184,00010,0001,2025-12-05T00:00:00,2.000,2.000
4500008185,00010,0001,2026-04-22T00:00:00,3.000,3.000
4500008186,00010,0001,2026-06-29T00:00:00,1.000,1.000
4500008187,00010,0001,2026-04-02T00:00:00,3.000,3.000
4500008188,00010,0001,2025-12-09T00:00:00,1.000,1.000
4500008189,00010,0001,2025-11-02T00:00:00,3.000,3.000
4500008190,00010,0001,2025-12-10T00:00:00,1.000,1.000
4500008191,00010,0001,2026-01-17T00:00:00,3.000,2.000
4500008192,00010,0001,2026-08-06T00:00:00,3.000,3.000
4500008193,00010,0001,2025-12-20T00:00:00,3.000,3.000
4500008194,00010,0001,2025-11-21T00:00:00,1.000,1.000
4500008195,00010,0001,2026-07-12T00:00:00,4.000,4.000
4500008196,00010,0001,2026-01-14T00:00:00,2.000,2.000
4500008197,00010,0001,2026-05-25T00:00:00,2.000,2.000
4500008198,00010,0001,2026-03-02T00:00:00,3.000,3.000
4500008199,00010,0001,2026-01-22T00:00:00,2.000,2.000
4500008200,00010,0001,2026-07-25T00:00:00,4.000,2.000
4500008201,00010,0001,2026-02-11T00:00:00,4.000,4.000
4500008202,00010,0001,2026-08-08T00:00:00,3.000,3.000
4500008203,00010,0001,2026-04-07T00:00:00,3.000,1.000
4500008204,00010,0001,2026-02-01T00:00:00,2.000,2.000
4500008205,00010,0001,2026-08-12T00:00:00,1.000,1.000
4500008206,00010,0001,2026-03-19T00:00:00,1.000,1.000
4500008207,00010,0001,2026-03-11T00:00:00,2.000,2.000
4500008208,00010,0001,2026-06-19T00:00:00,4.000,4.000
4500008209,00010,0001,2025-11-16T00:00:00,2.000,2.000
4500008210,00010,0001,2026-07-05T00:00:00,1.000,1.000
4500008211,00010,0001,2026-05-05T00:00:00,2.000,2.000
4500008212,00010,0001,2026-05-01T00:00:00,3.000,3.000
4500008213,00010,0001,2026-03-17T00:00:00,1.000,1.000
4500008214,00010,0001,2026-03-11T00:00:00,3.000,3.000
4500008215,00010,0001,2026-07-13T00:00:00,4.000,4.000
4500008216,00010,0001,2025-11-30T00:00:00,1.000,1.000
4500008217,00010,0001,2026-05-02T00:00:00,1.000,1.000
4500008218,00010,0001,2026-05-21T00:00:00,2.000,2.000
4500008219,00010,0001,2026-04-21T00:00:00,4.000,4.000
4500008220,00010,0001,2026-01-02T00:00:00,3.000,3.000
4500008221,00010,0001,2026-07-31T00:00:00,2.000,2.000
4500008222,00010,0001,2025-11-28T00:00:00,2.000,1.000
4500008223,00010,0001,2026-02-21T00:00:00,2.000,2.000
4500008224,00010,0001,2025-12-01T00:00:00,3.000,3.000
4500008225,00010,0001,2026-07-11T00:00:00,3.000,3.000
4500008226,00010,0001,2026-01-18T00:00:00,2.000,1.000
4500008227,00010,0001,2025-12-17T00:00:00,2.000,2.000
4500008228,00010,0001,2026-01-19T00:00:00,4.000,4.000
4500008229,00010,0001,2026-03-06T00:00:00,1.000,1.000
4500008230,00010,0001,2025-12-04T00:00:00,3.000,3.000
4500008231,00010,0001,2026-06-12T00:00:00,2.000,2.000
4500008232,00010,0001,2026-07-23T00:00:00,3.000,3.000
4500008233,00010,0001,2026-05-14T00:00:00,2.000,1.000
4500008234,00010,0001,2025-11-29T00:00:00,4.000,4.000
4500008235,00010,0001,2026-06-13T00:00:00,2.000,2.000
4500008236,00010,0001,2026-01-26T00:00:00,3.000,3.000
4500008237,00010,0001,2025-12-31T00:00:00,2.000,2.000
4500008238,00010,0001,2026-03-30T00:00:00,3.000,3.000
4500008239,00010,0001,2026-04-28T00:00:00,4.000,4.000
4500008240,00010,0001,2025-11-12T00:00:00,4.000,4.000
4500008241,00010,0001,2026-06-28T00:00:00,1.000,1.000
4500008242,00010,0001,2026-01-06T00:00:00,2.000,2.000
4500008243,00010,0001,2025-11-18T00:00:00,2.000,2.000
4500008244,00010,0001,2026-04-16T00:00:00,3.000,3.000
4500008245,00010,0001,2026-04-05T00:00:00,4.000,4.000
4500008246,00010,0001,2026-06-03T00:00:00,1.000,1.000
4500008247,00010,0001,2026-01-08T00:00:00,2.000,2.000
4500008248,00010,0001,2026-01-06T00:00:00,4.000,4.000
4500008249,00010,0001,2025-12-23T00:00:00,4.000,4.000
4500008250,00010,0001,2026-08-17T00:00:00,3.000,3.000
4500008251,00010,0001,2025-12-22T00:00:00,3.000,3.000
4500008252,00010,0001,2026-03-09T00:00:00,1.000,1.000
4500008253,00010,0001,2026-08-12T00:00:00,1.000,1.000
4500008254,00010,0001,2026-06-06T00:00:00,1.000,1.000
4500008255,00010,0001,2026-02-12T00:00:00,2.000,2.000
4500008256,00010,0001,2026-01-06T00:00:00,2.000,2.000
4500008257,00010,0001,2026-06-28T00:00:00,3.000,3.000
4500008258,00010,0001,2026-05-29T00:00:00,1.000,1.000
4500008259,00010,0001,2025-11-17T00:00:00,4.000,4.000
4500008260,00010,0001,2025-12-18T00:00:00,2.000,2.000
4500008261,00010,0001,2026-05-05T00:00:00,1.000,1.000
4500008262,00010,0001,2026-01-31T00:00:00,2.000,2.000
4500008263,00010,0001,2026-06-08T00:00:00,3.000,3.000
4500008264,00010,0001,2026-03-21T00:00:00,3.000,3.000
4500008265,00010,0001,2025-12-26T00:00:00,3.000,3.000
4500008266,00010,0001,2026-03-16T00:00:00,3.000,3.000
4500008267,00010,0001,2026-03-08T00:00:00,2.000,2.000
4500008268,00010,0001,2025-11-10T00:00:00,3.000,3.000
4500008269,00010,0001,2026-04-15T00:00:00,3.000,3.000
4500008270,00010,0001,2026-04-27T00:00:00,4.000,4.000
4500008271,00010,0001,2025-12-29T00:00:00,3.000,3.000
4500008272,00010,0001,2025-11-17T00:00:00,4.000,4.000
4500008273,00010,0001,2026-02-12T00:00:00,1.000,1.000
4500008274,00010,0001,2026-07-04T00:00:00,2.000,2.000
4500008275,00010,0001,2025-12-26T00:00:00,2.000,1.000
4500008276,00010,0001,2026-05-10T00:00:00,3.000,3.000
4500008277,00010,0001,2026-01-22T00:00:00,2.000,2.000
4500008278,00010,0001,2026-07-03T00:00:00,2.000,2.000
4500008279,00010,0001,2026-03-31T00:00:00,1.000,1.000
4500008280,00010,0001,2026-07-21T00:00:00,2.000,2.000
4500008281,00010,0001,2026-05-12T00:00:00,3.000,3.000
4500008282,00010,0001,2026-07-04T00:00:00,2.000,2.000
4500008283,00010,0001,2026-01-13T00:00:00,4.000,4.000
4500008284,00010,0001,2025-12-19T00:00:00,4.000,4.000
4500008285,00010,0001,2025-11-14T00:00:00,4.000,2.000
4500008286,00010,0001,2026-05-21T00:00:00,4.000,4.000
4500008287,00010,0001,2026-04-03T00:00:00,3.000,3.000
4500008288,00010,0001,2026-04-07T00:00:00,1.000,1.000
4500008289,00010,0001,2026-05-20T00:00:00,3.000,2.000
4500008290,00010,0001,2026-01-06T00:00:00,3.000,3.000
4500008291,00010,0001,2026-06-07T00:00:00,3.000,3.000
4500008292,00010,0001,2026-04-03T00:00:00,1.000,1.000
4500008293,00010,0001,2026-01-28T00:00:00,3.000,3.000
4500008294,00010,0001,2026-04-12T00:00:00,4.000,4.000
4500008295,00010,0001,2026-03-15T00:00:00,1.000,1.000
4500008296,00010,0001,2026-03-23T00:00:00,3.000,2.000
4500008297,00010,0001,2025-11-03T00:00:00,2.000,2.000
4500008298,00010,0001,2026-06-10T00:00:00,2.000,1.000
4500008299,00010,0001,2026-03-08T00:00:00,2.000,2.000
4500008300,00010,0001,2026-04-02T00:00:00,3.000,3.000
4500008301,00010,0001,2025-12-09T00:00:00,4.000,4.000
4500008302,00010,0001,2026-01-24T00:00:00,1.000,1.000
4500008303,00010,0001,2026-04-22T00:00:00,3.000,3.000
4500008304,00010,0001,2025-11-16T00:00:00,3.000,3.000
4500008305,00010,0001,2026-03-17T00:00:00,1.000,1.000
4500008306,00010,0001,2025-11-16T00:00:00,2.000,1.000
4500008307,00010,0001,2026-04-30T00:00:00,4.000,4.000
4500008308,00010,0001,2025-11-11T00:00:00,1.000,1.000
4500008309,00010,0001,2026-03-06T00:00:00,2.000,2.000
4500008310,00010,0001,2026-07-26T00:00:00,1.000,1.000
4500008311,00010,0001,2026-02-26T00:00:00,4.000,4.000
4500008312,00010,0001,2025-12-16T00:00:00,1.000,1.000
4500008313,00010,0001,2026-07-15T00:00:00,2.000,2.000
4500008314,00010,0001,2026-06-28T00:00:00,2.000,2.000
4500008315,00010,0001,2026-02-12T00:00:00,3.000,3.000
4500008316,00010,0001,2026-03-08T00:00:00,3.000,3.000
4500008317,00010,0001,2026-02-09T00:00:00,3.000,3.000
4500008318,00010,0001,2026-07-28T00:00:00,4.000,4.000
4500008319,00010,0001,2026-02-15T00:00:00,1.000,1.000
4500008320,00010,0001,2025-12-29T00:00:00,4.000,4.000
4500008321,00010,0001,2026-06-08T00:00:00,2.000,2.000
4500008322,00010,0001,2026-04-02T00:00:00,4.000,4.000
4500008323,00010,0001,2026-05-04T00:00:00,2.000,2.000
4500008324,00010,0001,2026-07-28T00:00:00,2.000,2.000
4500008325,00010,0001,2026-07-11T00:00:00,4.000,4.000
4500008326,00010,0001,2026-03-15T00:00:00,2.000,2.000
4500008327,00010,0001,2026-05-12T00:00:00,2.000,1.000
4500008328,00010,0001,2026-01-23T00:00:00,4.000,4.000
4500008329,00010,0001,2026-06-09T00:00:00,3.000,3.000
4500008330,00010,0001,2026-05-01T00:00:00,4.000,4.000
4500008331,00010,0001,2026-01-07T00:00:00,3.000,3.000
4500008332,00010,0001,2026-01-24T00:00:00,1.000,1.000
4500008333,00010,0001,2026-08-11T00:00:00,1.000,1.000
4500008334,00010,0001,2026-03-24T00:00:00,4.000,4.000
4500008335,00010,0001,2026-02-12T00:00:00,3.000,3.000
4500008336,00010,0001,2026-06-02T00:00:00,4.000,3.000
4500008337,00010,0001,2025-11-12T00:00:00,3.000,3.000
4500008338,00010,0001,2025-11-04T00:00:00,4.000,4.000
4500008339,00010,0001,2026-05-19T00:00:00,2.000,2.000
4500008340,00010,0001,2026-01-19T00:00:00,2.000,1.000
4500008341,00010,0001,2026-03-23T00:00:00,2.000,2.000
4500008342,00010,0001,2025-12-28T00:00:00,1.000,1.000
4500008343,00010,0001,2026-05-31T00:00:00,3.000,3.000
4500008344,00010,0001,2026-06-13T00:00:00,2.000,1.000
4500008345,00010,0001,2026-07-25T00:00:00,2.000,2.000
4500008346,00010,0001,2026-03-14T00:00:00,3.000,3.000
4500008347,00010,0001,2026-08-18T00:00:00,1.000,1.000
4500008348,00010,0001,2026-04-26T00:00:00,2.000,1.000
4500008349,00010,0001,2026-03-09T00:00:00,4.000,4.000
4500008350,00010,0001,2026-02-27T00:00:00,2.000,2.000
4500008351,00010,0001,2026-02-23T00:00:00,2.000,2.000
4500008352,00010,0001,2026-03-27T00:00:00,1.000,1.000
4500008353,00010,0001,2026-02-26T00:00:00,3.000,3.000
4500008354,00010,0001,2026-03-16T00:00:00,3.000,3.000
4500008355,00010,0001,2026-03-19T00:00:00,4.000,2.000
4500008356,00010,0001,2025-12-13T00:00:00,2.000,2.000
4500008357,00010,0001,2026-03-23T00:00:00,2.000,2.000
4500008358,00010,0001,2026-07-11T00:00:00,2.000,2.000
4500008359,00010,0001,2025-11-20T00:00:00,4.000,4.000
4500008360,00010,0001,2026-03-03T00:00:00,3.000,3.000
4500008361,00010,0001,2025-12-21T00:00:00,3.000,3.000
4500008362,00010,0001,2026-03-14T00:00:00,2.000,2.000
4500008363,00010,0001,2025-12-28T00:00:00,3.000,3.000
4500008364,00010,0001,2026-04-19T00:00:00,2.000,2.000
4500008365,00010,0001,2026-08-05T00:00:00,3.000,3.000
4500008366,00010,0001,2026-06-07T00:00:00,2.000,2.000
4500008367,00010,0001,2026-08-23T00:00:00,1.000,1.000
4500008368,00010,0001,2026-07-09T00:00:00,1.000,1.000
4500008369,00010,0001,2026-06-22T00:00:00,2.000,2.000
4500008370,00010,0001,2026-06-16T00:00:00,3.000,1.000
4500008371,00010,0001,2025-12-24T00:00:00,3.000,3.000
4500008372,00010,0001,2025-12-07T00:00:00,1.000,1.000
4500008373,00010,0001,2026-03-19T00:00:00,1.000,1.000
4500008374,00010,0001,2025-11-11T00:00:00,4.000,4.000
4500008375,00010,0001,2025-11-27T00:00:00,1.000,1.000
4500008376,00010,0001,2026-02-25T00:00:00,2.000,2.000
4500008377,00010,0001,2025-12-16T00:00:00,2.000,2.000
4500008378,00010,0001,2026-06-29T00:00:00,1.000,1.000
4500008379,00010,0001,2026-01-06T00:00:00,2.000,2.000
4500008380,00010,0001,2026-07-25T00:00:00,3.000,3.000
4500008381,00010,0001,2025-12-08T00:00:00,1.000,1.000
4500008382,00010,0001,2026-04-18T00:00:00,2.000,1.000
4500008383,00010,0001,2025-10-31T00:00:00,3.000,3.000
4500008384,00010,0001,2026-01-02T00:00:00,4.000,4.000
4500008385,00010,0001,2026-02-27T00:00:00,3.000,2.000
4500008386,00010,0001,2026-06-28T00:00:00,2.000,2.000
4500008387,00010,0001,2026-08-18T00:00:00,4.000,4.000
4500008388,00010,0001,2026-05-18T00:00:00,1.000,1.000
4500008389,00010,0001,2026-08-08T00:00:00,4.000,4.000
4500008390,00010,0001,2025-12-31T00:00:00,3.000,3.000
4500008391,00010,0001,2025-12-08T00:00:00,1.000,1.000
4500008392,00010,0001,2026-02-26T00:00:00,3.000,3.000
4500008393,00010,0001,2026-02-06T00:00:00,3.000,3.000
4500008394,00010,0001,2025-11-15T00:00:00,4.000,4.000
4500008395,00010,0001,2026-08-01T00:00:00,2.000,2.000
4500008396,00010,0001,2026-06-08T00:00:00,3.000,3.000
4500008397,00010,0001,2026-06-08T00:00:00,2.000,2.000
4500008398,00010,0001,2026-04-05T00:00:00,1.000,1.000
4500008399,00010,0001,2025-12-12T00:00:00,2.000,2.000
4500008400,00010,0001,2026-01-03T00:00:00,1.000,1.000
4500008401,00010,0001,2026-04-12T00:00:00,2.000,2.000
4500008402,00010,0001,2026-04-25T00:00:00,2.000,1.000
4500008403,00010,0001,2026-02-12T00:00:00,2.000,2.000
4500008404,00010,0001,2026-04-22T00:00:00,4.000,4.000
4500008405,00010,0001,2025-11-13T00:00:00,2.000,2.000
4500008406,00010,0001,2025-11-28T00:00:00,4.000,3.000
4500008407,00010,0001,2025-12-06T00:00:00,2.000,2.000
4500008408,00010,0001,2026-03-29T00:00:00,1.000,1.000
4500008409,00010,0001,2026-08-06T00:00:00,3.000,2.000
4500008410,00010,0001,2026-02-28T00:00:00,2.000,2.000
4500008411,00010,0001,2026-02-27T00:00:00,3.000,3.000
4500008412,00010,0001,2026-02-16T00:00:00,3.000,3.000
4500008413,00010,0001,2026-06-03T00:00:00,1.000,1.000
4500008414,00010,0001,2026-01-08T00:00:00,3.000,3.000
4500008415,00010,0001,2026-02-10T00:00:00,4.000,4.000
4500008416,00010,0001,2026-08-05T00:00:00,1.000,1.000
4500008417,00010,0001,2026-01-03T00:00:00,4.000,4.000
4500008418,00010,0001,2026-02-19T00:00:00,1.000,1.000
4500008419,00010,0001,2025-12-10T00:00:00,4.000,4.000
4500008420,00010,0001,2025-11-02T00:00:00,3.000,3.000
4500008421,00010,0001,2025-12-23T00:00:00,2.000,2.000
4500008422,00010,0001,2026-02-04T00:00:00,1.000,1.000
4500008423,00010,0001,2026-03-19T00:00:00,2.000,2.000
4500008424,00010,0001,2026-05-01T00:00:00,4.000,4.000
4500008425,00010,0001,2026-02-26T00:00:00,4.000,4.000
4500008426,00010,0001,2026-01-14T00:00:00,4.000,2.000
4500008427,00010,0001,2026-07-30T00:00:00,4.000,4.000
4500008428,00010,0001,2025-12-15T00:00:00,3.000,3.000
4500008429,00010,0001,2026-07-26T00:00:00,2.000,1.000
4500008430,00010,0001,2026-06-05T00:00:00,2.000,2.000
4500008431,00010,0001,2026-05-20T00:00:00,1.000,1.000
4500008432,00010,0001,2026-02-28T00:00:00,1.000,1.000
4500008433,00010,0001,2026-05-17T00:00:00,2.000,2.000
4500008434,00010,0001,2025-11-12T00:00:00,4.000,4.000
4500008435,00010,0001,2026-07-24T00:00:00,3.000,3.000
4500008436,00010,0001,2025-12-03T00:00:00,2.000,2.000
4500008437,00010,0001,2026-01-15T00:00:00,4.000,4.000
4500008438,00010,0001,2026-02-07T00:00:00,3.000,3.000
4500008439,00010,0001,2026-01-17T00:00:00,1.000,1.000
4500008440,00010,0001,2026-01-21T00:00:00,1.000,1.000
4500008441,00010,0001,2026-03-17T00:00:00,2.000,2.000
4500008442,00010,0001,2026-05-05T00:00:00,2.000,2.000
4500008443,00010,0001,2026-03-22T00:00:00,4.000,4.000
4500008444,00010,0001,2026-06-18T00:00:00,2.000,2.000
4500008445,00010,0001,2026-04-14T00:00:00,4.000,2.000
4500008446,00010,0001,2026-01-27T00:00:00,3.000,3.000
4500008447,00010,0001,2026-02-23T00:00:00,1.000,1.000
4500008448,00010,0001,2026-06-14T00:00:00,1.000,1.000
4500008449,00010,0001,2026-08-14T00:00:00,4.000,4.000
4500008450,00010,0001,2026-03-14T00:00:00,1.000,1.000
4500008451,00010,0001,2026-03-30T00:00:00,1.000,1.000
4500008452,00010,0001,2026-05-01T00:00:00,4.000,4.000
4500008453,00010,0001,2026-05-13T00:00:00,2.000,2.000
4500008454,00010,0001,2026-04-13T00:00:00,3.000,3.000
4500008455,00010,0001,2026-02-22T00:00:00,2.000,1.000
4500008456,00010,0001,2026-01-15T00:00:00,4.000,4.000
4500008457,00010,0001,2026-03-23T00:00:00,4.000,4.000
4500008458,00010,0001,2026-01-12T00:00:00,3.000,3.000
4500008459,00010,0001,2026-01-10T00:00:00,4.000,3.000
4500008460,00010,0001,2026-01-10T00:00:00,3.000,3.000
4500008461,00010,0001,2026-04-15T00:00:00,1.000,1.000
4500008462,00010,0001,2026-06-29T00:00:00,2.000,2.000
4500008463,00010,0001,2026-06-04T00:00:00,4.000,4.000
4500008464,00010,0001,2026-08-22T00:00:00,1.000,1.000
4500008465,00010,0001,2025-11-29T00:00:00,1.000,1.000
4500008466,00010,0001,2026-07-30T00:00:00,3.000,3.000
4500008467,00010,0001,2026-06-21T00:00:00,4.000,4.000
4500008468,00010,0001,2025-11-28T00:00:00,1.000,1.000
4500008469,00010,0001,2026-02-26T00:00:00,4.000,4.000
4500008470,00010,0001,2026-02-24T00:00:00,2.000,2.000
4500008471,00010,0001,2026-04-21T00:00:00,1.000,1.000
4500008472,00010,0001,2026-06-04T00:00:00,1.000,1.000
4500008473,00010,0001,2025-12-27T00:00:00,3.000,2.000
4500008474,00010,0001,2026-07-09T00:00:00,4.000,4.000
4500008475,00010,0001,2025-12-06T00:00:00,2.000,1.000
4500008476,00010,0001,2026-01-11T00:00:00,2.000,2.000
4500008477,00010,0001,2025-12-05T00:00:00,1.000,1.000
4500008478,00010,0001,2026-03-17T00:00:00,4.000,4.000
4500008479,00010,0001,2026-02-24T00:00:00,2.000,2.000
4500008480,00010,0001,2026-06-06T00:00:00,1.000,1.000
4500008481,00010,0001,2025-12-29T00:00:00,3.000,3.000
4500008482,00010,0001,2025-11-14T00:00:00,1.000,1.000
4500008483,00010,0001,2026-03-31T00:00:00,3.000,3.000
4500008484,00010,0001,2026-05-01T00:00:00,4.000,4.000
4500008485,00010,0001,2026-08-19T00:00:00,1.000,1.000
4500008486,00010,0001,2026-06-13T00:00:00,1.000,1.000
4500008487,00010,0001,2026-10-09T00:00:00,1.000,0.000
4500008488,00010,0001,2026-06-11T00:00:00,1.000,0.000
4500008489,00010,0001,2026-09-13T00:00:00,1.000,0.000
4500008490,00010,0001,2026-06-29T00:00:00,1.000,0.000
4500008491,00010,0001,2026-10-30T00:00:00,1.000,0.000
4500008492,00010,0001,2026-09-26T00:00:00,1.000,0.000
4500008493,00010,0001,2026-08-25T00:00:00,1.000,0.000
4500008494,00010,0001,2026-07-20T00:00:00,1.000,1.000
4500008495,00010,0001,2026-09-08T00:00:00,1.000,0.000
4500008496,00010,0001,2026-09-10T00:00:00,1.000,0.000
4500008497,00010,0001,2026-05-25T00:00:00,1.000,1.000
4500008498,00010,0001,2026-03-14T00:00:00,1.000,1.000
4500008499,00010,0001,2026-05-06T00:00:00,1.000,1.000
4500008500,00010,0001,2026-09-03T00:00:00,1.000,0.000
4500008501,00010,0001,2026-10-02T00:00:00,1.000,0.000
4500008502,00010,0001,2026-09-13T00:00:00,1.000,0.000
4500008503,00010,0001,2026-02-21T00:00:00,1.000,0.000
4500008504,00010,0001,2026-11-08T00:00:00,1.000,0.000
4500008505,00010,0001,2026-11-03T00:00:00,1.000,0.000
4500008506,00010,0001,2026-05-01T00:00:00,1.000,1.000
4500008507,00010,0001,2026-08-19T00:00:00,1.000,0.000
4500008508,00010,0001,2026-10-07T00:00:00,1.000,0.000
4500008509,00010,0001,2025-12-25T00:00:00,1.000,0.000
4500008510,00010,0001,2026-06-09T00:00:00,1.000,1.000
4500008511,00010,0001,2026-06-17T00:00:00,1.000,0.000
4500008512,00010,0001,2026-05-03T00:00:00,1.000,1.000
4500008513,00010,0001,2026-09-09T00:00:00,1.000,0.000
4500008514,00010,0001,2026-09-09T00:00:00,1.000,0.000
4500008515,00010,0001,2026-06-03T00:00:00,1.000,1.000
4500008516,00010,0001,2026-09-14T00:00:00,1.000,0.000
4500008517,00010,0001,2026-02-22T00:00:00,1.000,1.000
4500008518,00010,0001,2026-09-11T00:00:00,1.000,0.000
4500008519,00010,0001,2026-04-13T00:00:00,1.000,1.000
4500008520,00010,0001,2026-09-07T00:00:00,1.000,0.000
4500008521,00010,0001,2026-06-09T00:00:00,1.000,1.000
4500008522,00010,0001,2026-10-19T00:00:00,1.000,0.000
4500008523,00010,0001,2026-08-21T00:00:00,1.000,0.000
4500008524,00010,0001,2026-08-10T00:00:00,1.000,0.000
4500008525,00010,0001,2026-07-29T00:00:00,1.000,0.000
4500008526,00010,0001,2026-08-12T00:00:00,1.000,1.000
4500008527,00010,0001,2026-01-19T00:00:00,1.000,1.000
4500008528,00010,0001,2026-09-20T00:00:00,1.000,0.000
4500008529,00010,0001,2026-08-18T00:00:00,1.000,0.000
4500008530,00010,0001,2026-08-01T00:00:00,1.000,0.000
4500008531,00010,0001,2026-07-08T00:00:00,1.000,0.000
4500008532,00010,0001,2026-08-15T00:00:00,1.000,0.000
4500008533,00010,0001,2026-07-13T00:00:00,1.000,1.000
4500008534,00010,0001,2026-07-03T00:00:00,1.000,0.000
4500008535,00010,0001,2026-07-03T00:00:00,1.000,0.000
4500008536,00010,0001,2026-01-16T00:00:00,1.000,1.000
4500008537,00010,0001,2026-01-30T00:00:00,1.000,1.000
4500008538,00010,0001,2026-09-13T00:00:00,1.000,0.000
4500008539,00010,0001,2026-09-23T00:00:00,1.000,0.000
4500008540,00010,0001,2026-10-13T00:00:00,1.000,0.000
4500008541,00010,0001,2026-09-07T00:00:00,1.000,0.000
4500008542,00010,0001,2026-06-21T00:00:00,1.000,1.000
4500008543,00010,0001,2026-06-22T00:00:00,1.000,0.000
4500008544,00010,0001,2026-06-28T00:00:00,1.000,0.000
4500008545,00010,0001,2026-10-28T00:00:00,1.000,0.000
4500008546,00010,0001,2026-05-25T00:00:00,1.000,1.000
4500008547,00010,0001,2026-09-09T00:00:00,1.000,0.000
4500008548,00010,0001,2026-09-13T00:00:00,1.000,0.000
4500008549,00010,0001,2026-02-10T00:00:00,1.000,1.000
4500008550,00010,0001,2026-09-02T00:00:00,1.000,0.000
4500008551,00010,0001,2026-10-25T00:00:00,1.000,0.000
4500008552,00010,0001,2026-08-03T00:00:00,1.000,1.000
4500008553,00010,0001,2026-09-30T00:00:00,1.000,0.000
4500008554,00010,0001,2026-09-11T00:00:00,1.000,0.000
4500008555,00010,0001,2026-06-22T00:00:00,1.000,0.000
4500008556,00010,0001,2026-10-02T00:00:00,1.000,0.000
4500008557,00010,0001,2026-09-08T00:00:00,1.000,0.000
4500008558,00010,0001,2026-05-29T00:00:00,1.000,1.000
4500008559,00010,0001,2026-06-09T00:00:00,1.000,1.000
4500008560,00010,0001,2026-10-23T00:00:00,1.000,0.000
4500008561,00010,0001,2026-04-03T00:00:00,1.000,1.000
4500008562,00010,0001,2026-10-26T00:00:00,1.000,0.000
4500008563,00010,0001,2026-10-23T00:00:00,1.000,0.000
4500008564,00010,0001,2026-03-07T00:00:00,1.000,1.000
4500008565,00010,0001,2026-07-22T00:00:00,1.000,0.000
4500008566,00010,0001,2026-06-07T00:00:00,1.000,0.000
4500008567,00010,0001,2026-10-22T00:00:00,1.000,0.000
4500008568,00010,0001,2026-09-13T00:00:00,1.000,0.000
4500008569,00010,0001,2026-10-29T00:00:00,1.000,0.000
4500008570,00010,0001,2026-09-10T00:00:00,1.000,0.000
4500008571,00010,0001,2026-06-30T00:00:00,1.000,0.000
4500008572,00010,0001,2026-09-07T00:00:00,1.000,0.000
4500008573,00010,0001,2026-10-03T00:00:00,1.000,0.000
4500008574,00010,0001,2026-09-13T00:00:00,1.000,0.000
4500008575,00010,0001,2026-10-10T00:00:00,1.000,0.000
4500008576,00010,0001,2026-08-13T00:00:00,1.000,1.000
4500008577,00010,0001,2026-08-01T00:00:00,1.000,0.000
4500008578,00010,0001,2026-10-23T00:00:00,1.000,0.000
4500008579,00010,0001,2026-06-02T00:00:00,1.000,1.000
4500008580,00010,0001,2026-06-02T00:00:00,1.000,0.000
4500008581,00010,0001,2026-08-21T00:00:00,1.000,1.000
4500008582,00010,0001,2026-08-08T00:00:00,1.000,0.000
4500008583,00010,0001,2026-08-23T00:00:00,1.000,0.000
4500008584,00010,0001,2026-07-26T00:00:00,1.000,0.000
4500008585,00010,0001,2026-05-14T00:00:00,1.000,1.000
4500008586,00010,0001,2026-06-12T00:00:00,1.000,0.000
4500008587,00010,0001,2026-09-08T00:00:00,1.000,0.000
4500008588,00010,0001,2026-10-07T00:00:00,1.000,0.000
4500008589,00010,0001,2026-10-11T00:00:00,1.000,0.000
4500008590,00010,0001,2026-01-14T00:00:00,1.000,1.000
4500008591,00010,0001,2026-05-16T00:00:00,1.000,1.000
4500008592,00010,0001,2026-02-22T00:00:00,1.000,1.000
4500008593,00010,0001,2026-12-05T00:00:00,1.000,0.000
4500008594,00010,0001,2026-10-12T00:00:00,1.000,0.000
4500008595,00010,0001,2026-09-13T00:00:00,1.000,0.000
4500008596,00010,0001,2026-10-28T00:00:00,1.000,0.000
4500008597,00010,0001,2026-07-04T00:00:00,1.000,0.000
4500008598,00010,0001,2026-03-24T00:00:00,1.000,1.000
4500008599,00010,0001,2026-05-01T00:00:00,1.000,1.000
4500008600,00010,0001,2026-09-14T00:00:00,1.000,0.000
4500008601,00010,0001,2026-10-13T00:00:00,1.000,0.000
4500008602,00010,0001,2026-03-18T00:00:00,1.000,1.000
4500008603,00010,0001,2026-10-10T00:00:00,1.000,0.000
4500008604,00010,0001,2026-09-13T00:00:00,1.000,0.000
4500008605,00010,0001,2026-09-24T00:00:00,1.000,0.000
4500008606,00010,0001,2026-03-31T00:00:00,1.000,1.000
4500008607,00010,0001,2026-09-10T00:00:00,1.000,0.000
4500008608,00010,0001,2026-03-17T00:00:00,1.000,1.000
4500008609,00010,0001,2026-10-04T00:00:00,1.000,0.000
4500008610,00010,0001,2026-02-11T00:00:00,1.000,1.000
4500008611,00010,0001,2026-06-24T00:00:00,1.000,0.000
4500008612,00010,0001,2026-06-13T00:00:00,1.000,0.000
4500008613,00010,0001,2026-10-18T00:00:00,1.000,0.000
4500008614,00010,0001,2026-11-30T00:00:00,1.000,0.000
4500008615,00010,0001,2026-04-16T00:00:00,1.000,1.000
4500008616,00010,0001,2026-07-02T00:00:00,1.000,1.000
4500008617,00010,0001,2026-07-10T00:00:00,1.000,0.000
4500008618,00010,0001,2026-10-14T00:00:00,1.000,0.000
4500008619,00010,0001,2026-06-23T00:00:00,1.000,0.000
4500008620,00010,0001,2026-08-17T00:00:00,1.000,0.000
4500008621,00010,0001,2026-10-05T00:00:00,1.000,0.000
4500008622,00010,0001,2026-04-25T00:00:00,1.000,1.000
4500008623,00010,0001,2026-10-11T00:00:00,1.000,0.000
4500008624,00010,0001,2026-09-29T00:00:00,1.000,0.000
4500008625,00010,0001,2026-02-25T00:00:00,1.000,1.000
4500008626,00010,0001,2026-01-13T00:00:00,1.000,0.000
4500008627,00010,0001,2026-02-22T00:00:00,1.000,1.000
4500008628,00010,0001,2026-03-19T00:00:00,1.000,1.000
4500008629,00010,0001,2026-09-13T00:00:00,1.000,0.000
4500008630,00010,0001,2026-07-30T00:00:00,1.000,0.000
4500008631,00010,0001,2026-06-22T00:00:00,1.000,1.000
4500008632,00010,0001,2026-09-08T00:00:00,1.000,0.000
4500008633,00010,0001,2026-02-27T00:00:00,1.000,1.000
4500008634,00010,0001,2026-02-21T00:00:00,1.000,1.000
4500008635,00010,0001,2026-06-30T00:00:00,1.000,0.000
4500008636,00010,0001,2026-03-02T00:00:00,1.000,1.000
4500008637,00010,0001,2026-03-10T00:00:00,1.000,1.000
4500008638,00010,0001,2026-10-09T00:00:00,1.000,0.000
4500008639,00010,0001,2026-09-23T00:00:00,1.000,0.000
4500008640,00010,0001,2026-06-11T00:00:00,1.000,1.000
4500008641,00010,0001,2026-03-27T00:00:00,1.000,1.000
4500008642,00010,0001,2026-02-09T00:00:00,1.000,1.000
4500008643,00010,0001,2026-04-18T00:00:00,1.000,1.000
4500008644,00010,0001,2026-02-27T00:00:00,1.000,1.000
4500008645,00010,0001,2026-08-13T00:00:00,1.000,1.000
4500008646,00010,0001,2026-09-14T00:00:00,1.000,0.000
4500008647,00010,0001,2026-05-14T00:00:00,1.000,1.000
4500008648,00010,0001,2026-10-11T00:00:00,1.000,0.000
4500008649,00010,0001,2026-06-20T00:00:00,1.000,0.000
4500008650,00010,0001,2026-09-29T00:00:00,1.000,0.000
4500008651,00010,0001,2026-10-08T00:00:00,1.000,0.000
4500008652,00010,0001,2026-06-19T00:00:00,1.000,0.000
4500008653,00010,0001,2026-05-16T00:00:00,1.000,1.000
4500008654,00010,0001,2026-08-19T00:00:00,1.000,1.000
4500008655,00010,0001,2026-06-19T00:00:00,1.000,0.000
4500008656,00010,0001,2026-02-17T00:00:00,1.000,1.000
4500008657,00010,0001,2026-11-22T00:00:00,1.000,0.000
4500008658,00010,0001,2026-04-15T00:00:00,1.000,1.000
4500008659,00010,0001,2026-08-21T00:00:00,1.000,0.000
4500008660,00010,0001,2026-06-05T00:00:00,1.000,1.000
4500008661,00010,0001,2026-09-30T00:00:00,1.000,0.000
4500008662,00010,0001,2026-05-21T00:00:00,1.000,0.000
4500008663,00010,0001,2026-04-27T00:00:00,1.000,1.000
4500008664,00010,0001,2026-06-21T00:00:00,1.000,1.000
4500008665,00010,0001,2026-07-26T00:00:00,1.000,1.000
4500008666,00010,0001,2026-08-04T00:00:00,1.000,1.000
4500008667,00010,0001,2026-10-12T00:00:00,1.000,0.000
4500008668,00010,0001,2026-05-03T00:00:00,1.000,1.000
4500008669,00010,0001,2026-06-10T00:00:00,1.000,1.000
4500008670,00010,0001,2026-06-15T00:00:00,1.000,1.000
4500008671,00010,0001,2026-06-18T00:00:00,1.000,0.000
4500008672,00010,0001,2026-07-27T00:00:00,1.000,1.000
4500008673,00010,0001,2026-08-03T00:00:00,1.000,0.000
4500008674,00010,0001,2026-08-13T00:00:00,1.000,1.000
4500008675,00010,0001,2026-06-18T00:00:00,1.000,0.000
4500008676,00010,0001,2026-04-11T00:00:00,1.000,1.000
4500008677,00010,0001,2026-04-25T00:00:00,1.000,0.000
4500008678,00010,0001,2026-09-12T00:00:00,1.000,0.000
4500008679,00010,0001,2026-10-11T00:00:00,1.000,0.000
4500008680,00010,0001,2026-06-20T00:00:00,1.000,0.000
4500008681,00010,0001,2026-02-04T00:00:00,1.000,0.000
4500008682,00010,0001,2026-10-05T00:00:00,1.000,0.000
4500008683,00010,0001,2026-06-21T00:00:00,1.000,0.000
4500008684,00010,0001,2026-07-26T00:00:00,1.000,0.000
4500008685,00010,0001,2026-07-31T00:00:00,1.000,0.000
4500008686,00010,0001,2026-06-17T00:00:00,1.000,0.000
4500008687,00010,0001,2026-10-17T00:00:00,1.000,0.000
4500008688,00010,0001,2026-03-23T00:00:00,1.000,0.000
4500008689,00010,0001,2026-07-19T00:00:00,1.000,0.000
4500008690,00010,0001,2026-06-24T00:00:00,1.000,1.000
4500008691,00010,0001,2026-10-25T00:00:00,1.000,0.000
4500008692,00010,0001,2026-02-11T00:00:00,1.000,1.000
4500008693,00010,0001,2026-10-31T00:00:00,1.000,0.000
4500008694,00010,0001,2026-08-18T00:00:00,1.000,0.000
4500008695,00010,0001,2026-10-16T00:00:00,1.000,0.000
4500008696,00010,0001,2026-06-02T00:00:00,1.000,0.000
4500008697,00010,0001,2026-02-15T00:00:00,1.000,1.000
4500008698,00010,0001,2026-12-11T00:00:00,1.000,0.000
4500008699,00010,0001,2026-04-17T00:00:00,1.000,1.000
4500008700,00010,0001,2026-02-11T00:00:00,1.000,1.000
4500008701,00010,0001,2026-07-18T00:00:00,1.000,0.000
4500008702,00010,0001,2026-02-04T00:00:00,1.000,0.000
4500008703,00010,0001,2026-09-25T00:00:00,1.000,0.000
4500008704,00010,0001,2026-01-30T00:00:00,1.000,0.000
4500008705,00010,0001,2026-06-27T00:00:00,1.000,0.000
4500008706,00010,0001,2026-01-31T00:00:00,1.000,1.000
4500008707,00010,0001,2026-09-14T00:00:00,1.000,0.000
4500008708,00010,0001,2026-08-10T00:00:00,1.000,0.000
4500008709,00010,0001,2026-10-06T00:00:00,1.000,0.000
4500008710,00010,0001,2026-07-07T00:00:00,1.000,1.000
4500008711,00010,0001,2026-10-15T00:00:00,1.000,0.000
4500008712,00010,0001,2026-08-13T00:00:00,1.000,1.000
4500008713,00010,0001,2026-06-15T00:00:00,1.000,0.000
4500008714,00010,0001,2026-04-04T00:00:00,1.000,1.000
4500008715,00010,0001,2026-11-11T00:00:00,1.000,0.000
4500008716,00010,0001,2026-10-15T00:00:00,1.000,0.000
4500008717,00010,0001,2026-03-02T00:00:00,1.000,1.000
4500008718,00010,0001,2026-06-08T00:00:00,1.000,0.000
4500008719,00010,0001,2026-09-28T00:00:00,1.000,0.000
4500008720,00010,0001,2026-08-11T00:00:00,1.000,0.000
4500008721,00010,0001,2026-08-07T00:00:00,1.000,1.000
4500008722,00010,0001,2026-11-27T00:00:00,1.000,0.000
4500008723,00010,0001,2026-09-21T00:00:00,1.000,0.000
4500008724,00010,0001,2026-03-02T00:00:00,1.000,1.000
4500008725,00010,0001,2026-11-27T00:00:00,1.000,0.000
4500008726,00010,0001,2026-08-27T00:00:00,1.000,0.000
4500008727,00010,0001,2026-09-29T00:00:00,1.000,0.000
4500008728,00010,0001,2026-08-15T00:00:00,1.000,1.000
4500008729,00010,0001,2026-10-15T00:00:00,1.000,0.000
4500008730,00010,0001,2026-09-23T00:00:00,1.000,0.000
4500008731,00010,0001,2026-03-17T00:00:00,1.000,1.000
4500008732,00010,0001,2026-08-24T00:00:00,1.000,1.000
4500008733,00010,0001,2026-09-08T00:00:00,1.000,0.000
4500008734,00010,0001,2026-09-28T00:00:00,1.000,0.000
4500008735,00010,0001,2026-02-16T00:00:00,1.000,1.000
4500008736,00010,0001,2026-07-12T00:00:00,1.000,0.000
4500008737,00010,0001,2026-09-11T00:00:00,1.000,0.000
4500008738,00010,0001,2026-09-22T00:00:00,1.000,0.000
4500008739,00010,0001,2026-09-13T00:00:00,1.000,0.000
4500008740,00010,0001,2026-08-18T00:00:00,1.000,0.000
4500008741,00010,0001,2026-10-03T00:00:00,1.000,0.000
4500008742,00010,0001,2026-08-15T00:00:00,1.000,1.000
4500008743,00010,0001,2026-06-05T00:00:00,1.000,0.000
4500008744,00010,0001,2026-10-04T00:00:00,1.000,0.000
4500008745,00010,0001,2026-05-20T00:00:00,1.000,1.000
4500008746,00010,0001,2026-06-03T00:00:00,1.000,1.000
4500008747,00010,0001,2026-09-13T00:00:00,1.000,0.000
4500008748,00010,0001,2026-03-01T00:00:00,1.000,1.000
4500008749,00010,0001,2026-08-08T00:00:00,1.000,0.000
4500008750,00010,0001,2026-08-14T00:00:00,1.000,0.000
4500008751,00010,0001,2026-08-13T00:00:00,1.000,0.000
4500008752,00010,0001,2026-08-27T00:00:00,1.000,1.000
4500008753,00010,0001,2026-11-01T00:00:00,1.000,0.000
4500008754,00010,0001,2026-09-21T00:00:00,1.000,0.000
4500008755,00010,0001,2026-08-24T00:00:00,1.000,0.000
4500008756,00010,0001,2026-10-05T00:00:00,1.000,0.000
4500008757,00010,0001,2026-03-24T00:00:00,1.000,1.000
4500008758,00010,0001,2026-08-17T00:00:00,1.000,1.000
4500008759,00010,0001,2026-03-14T00:00:00,1.000,1.000
4500008760,00010,0001,2026-11-04T00:00:00,1.000,0.000
4500008761,00010,0001,2026-06-02T00:00:00,1.000,1.000
4500008762,00010,0001,2026-10-16T00:00:00,1.000,0.000
4500008763,00010,0001,2026-10-15T00:00:00,1.000,0.000
4500008764,00010,0001,2026-11-05T00:00:00,1.000,0.000
4500008765,00010,0001,2026-09-07T00:00:00,1.000,0.000
4500008766,00010,0001,2026-04-27T00:00:00,1.000,1.000
4500008767,00010,0001,2026-05-20T00:00:00,1.000,0.000
4500008768,00010,0001,2026-04-19T00:00:00,1.000,1.000
4500008769,00010,0001,2026-05-11T00:00:00,1.000,1.000
4500008770,00010,0001,2026-10-22T00:00:00,1.000,0.000
4500008771,00010,0001,2026-03-31T00:00:00,1.000,1.000
4500008772,00010,0001,2026-07-08T00:00:00,1.000,0.000
4500008773,00010,0001,2026-09-10T00:00:00,1.000,0.000
4500008774,00010,0001,2026-10-08T00:00:00,1.000,0.000
4500008775,00010,0001,2026-08-17T00:00:00,1.000,1.000
4500008776,00010,0001,2026-10-21T00:00:00,1.000,0.000
4500008777,00010,0001,2026-08-02T00:00:00,1.000,1.000
4500008778,00010,0001,2026-08-18T00:00:00,1.000,1.000
4500008779,00010,0001,2026-06-06T00:00:00,1.000,1.000
4500008780,00010,0001,2026-03-12T00:00:00,1.000,1.000
4500008781,00010,0001,2026-07-05T00:00:00,1.000,0.000
4500008782,00010,0001,2026-05-30T00:00:00,1.000,1.000
4500008783,00010,0001,2026-03-06T00:00:00,1.000,1.000
4500008784,00010,0001,2026-04-16T00:00:00,1.000,0.000
4500008785,00010,0001,2026-02-13T00:00:00,1.000,0.000
4500008786,00010,0001,2026-09-09T00:00:00,1.000,0.000
4500008787,00010,0001,2026-09-27T00:00:00,1.000,0.000
4500008788,00010,0001,2026-10-12T00:00:00,1.000,0.000
4500008789,00010,0001,2026-07-10T00:00:00,1.000,0.000
4500008790,00010,0001,2026-06-24T00:00:00,1.000,0.000
4500008791,00010,0001,2026-05-31T00:00:00,1.000,0.000
4500008792,00010,0001,2026-03-24T00:00:00,1.000,1.000
4500008793,00010,0001,2026-05-09T00:00:00,1.000,0.000
4500008794,00010,0001,2026-09-07T00:00:00,1.000,0.000
4500008795,00010,0001,2026-11-08T00:00:00,1.000,0.000
4500008796,00010,0001,2026-06-28T00:00:00,1.000,0.000
4500008797,00010,0001,2026-07-31T00:00:00,1.000,1.000
4500008798,00010,0001,2026-09-08T00:00:00,1.000,0.000
4500008799,00010,0001,2026-08-26T00:00:00,1.000,0.000
4500008800,00010,0001,2026-09-10T00:00:00,1.000,0.000
4500008801,00010,0001,2026-06-12T00:00:00,1.000,0.000
4500008802,00010,0001,2026-10-16T00:00:00,1.000,0.000
4500008803,00010,0001,2026-03-06T00:00:00,1.000,1.000
4500008804,00010,0001,2026-10-18T00:00:00,1.000,0.000
4500008805,00010,0001,2026-01-31T00:00:00,1.000,1.000
