Ebeln,Bsart,Aedat,Lifnr,Ekorg,Ekgrp,Waers
4500000000,ZDOM,2024-11-06T00:00:00,0001000005,Z100,Z01,ZAR
4500000001,AN,2025-05-03T00:00:00,0001000005,Z100,Z03,ZAR
4500000002,AN,2025-11-20T00:00:00,0001000005,Z100,Z01,ZAR
4500000003,WK,2026-05-30T00:00:00,0001000005,Z100,Z03,ZAR
4500000004,AN,2024-11-04T00:00:00,0001000034,Z100,Z02,ZAR
4500000005,ZDOM,2025-05-03T00:00:00,0001000034,Z100,Z03,ZAR
4500000006,WK,2025-06-20T00:00:00,0001000034,Z100,Z02,ZAR
4500000007,ZDOM,2026-01-04T00:00:00,0001000034,Z100,Z02,ZAR
4500000008,WK,2026-02-08T00:00:00,0001000034,Z100,Z03,ZAR
4500000009,WK,2024-11-11T00:00:00,0001000034,Z100,Z03,ZAR
4500000010,WK,2025-04-17T00:00:00,0001000034,Z100,Z03,ZAR
4500000011,AN,2025-06-18T00:00:00,0001000034,Z100,Z02,ZAR
4500000012,WK,2025-11-18T00:00:00,0001000034,Z100,Z03,ZAR
4500000013,WK,2026-04-08T00:00:00,0001000034,Z100,Z01,ZAR
4500000014,AN,2026-09-07T00:00:00,0001000034,Z100,Z03,ZAR
4500000015,WK,2024-09-15T00:00:00,0001000044,Z100,Z03,ZAR
4500000016,AN,2024-10-23T00:00:00,0001000044,Z100,Z03,ZAR
4500000017,WK,2024-11-15T00:00:00,0001000044,Z100,Z03,ZAR
4500000018,WK,2025-05-17T00:00:00,0001000044,Z100,Z02,ZAR
4500000019,ZDOM,2025-08-12T00:00:00,0001000044,Z100,Z02,ZAR
4500000020,ZDOM,2025-09-11T00:00:00,0001000044,Z100,Z01,ZAR
4500000021,AN,2024-10-20T00:00:00,0001000003,Z100,Z02,ZAR
4500000022,AN,2025-02-12T00:00:00,0001000003,Z100,Z02,ZAR
4500000023,ZDOM,2025-04-09T00:00:00,0001000003,Z100,Z01,ZAR
4500000024,AN,2025-06-11T00:00:00,0001000003,Z100,Z03,ZAR
4500000025,WK,2025-07-25T00:00:00,0001000003,Z100,Z03,ZAR
4500000026,ZDOM,2026-02-05T00:00:00,0001000003,Z100,Z02,ZAR
4500000027,ZDOM,2026-04-01T00:00:00,0001000003,Z100,Z01,ZAR
4500000028,AN,2024-09-30T00:00:00,0001000003,Z100,Z03,ZAR
4500000029,AN,2024-11-04T00:00:00,0001000003,Z100,Z03,ZAR
4500000030,ZDOM,2025-01-05T00:00:00,0001000003,Z100,Z02,ZAR
4500000031,AN,2025-05-16T00:00:00,0001000003,Z100,Z03,ZAR
4500000032,AN,2025-08-26T00:00:00,0001000003,Z100,Z03,ZAR
4500000033,ZDOM,2026-05-10T00:00:00,0001000003,Z100,Z02,ZAR
4500000034,WK,2024-09-11T00:00:00,0001000016,Z100,Z03,ZAR
4500000035,AN,2024-10-31T00:00:00,0001000016,Z100,Z03,ZAR
4500000036,WK,2025-03-28T00:00:00,0001000016,Z100,Z01,ZAR
4500000037,ZDOM,2025-07-05T00:00:00,0001000016,Z100,Z03,ZAR
4500000038,WK,2025-11-03T00:00:00,0001000016,Z100,Z01,ZAR
4500000039,AN,2026-07-27T00:00:00,0001000016,Z100,Z02,ZAR
4500000040,WK,2024-09-14T00:00:00,0001000016,Z100,Z03,ZAR
4500000041,ZDOM,2025-02-20T00:00:00,0001000016,Z100,Z01,ZAR
4500000042,WK,2025-05-03T00:00:00,0001000016,Z100,Z01,ZAR
4500000043,AN,2025-09-05T00:00:00,0001000016,Z100,Z03,ZAR
4500000044,WK,2026-05-17T00:00:00,0001000016,Z100,Z03,ZAR
4500000045,ZDOM,2024-11-26T00:00:00,0001000050,Z100,Z02,ZAR
4500000046,AN,2025-02-28T00:00:00,0001000050,Z100,Z01,ZAR
4500000047,WK,2025-05-09T00:00:00,0001000050,Z100,Z01,ZAR
4500000048,AN,2025-07-14T00:00:00,0001000050,Z100,Z03,ZAR
4500000049,AN,2025-10-07T00:00:00,0001000050,Z100,Z03,ZAR
4500000050,WK,2026-01-15T00:00:00,0001000050,Z100,Z03,ZAR
4500000051,ZDOM,2026-03-21T00:00:00,0001000050,Z100,Z01,ZAR
4500000052,AN,2026-07-30T00:00:00,0001000050,Z100,Z02,ZAR
4500000053,ZDOM,2024-09-10T00:00:00,0001000050,Z100,Z02,ZAR
4500000054,AN,2024-10-29T00:00:00,0001000050,Z100,Z03,ZAR
4500000055,WK,2025-04-22T00:00:00,0001000050,Z100,Z02,ZAR
4500000056,AN,2025-10-22T00:00:00,0001000050,Z100,Z01,ZAR
4500000057,WK,2026-07-17T00:00:00,0001000050,Z100,Z01,ZAR
4500000058,WK,2024-12-15T00:00:00,0001000023,Z100,Z03,ZAR
4500000059,ZDOM,2025-12-06T00:00:00,0001000023,Z100,Z03,ZAR
4500000060,ZDOM,2026-08-10T00:00:00,0001000023,Z100,Z01,ZAR
4500000061,AN,2025-02-22T00:00:00,0001000043,Z100,Z01,ZAR
4500000062,WK,2025-03-06T00:00:00,0001000043,Z100,Z02,ZAR
4500000063,AN,2025-11-17T00:00:00,0001000043,Z100,Z01,ZAR
4500000064,ZDOM,2026-03-13T00:00:00,0001000043,Z100,Z01,ZAR
4500000065,WK,2026-04-28T00:00:00,0001000043,Z100,Z02,ZAR
4500000066,WK,2026-07-21T00:00:00,0001000043,Z100,Z02,ZAR
4500000067,ZDOM,2024-09-30T00:00:00,0001000025,Z100,Z02,ZAR
4500000068,ZDOM,2025-05-09T00:00:00,0001000025,Z100,Z01,ZAR
4500000069,ZDOM,2025-06-06T00:00:00,0001000025,Z100,Z03,ZAR
4500000070,AN,2026-01-19T00:00:00,0001000025,Z100,Z03,ZAR
4500000071,ZDOM,2024-10-05T00:00:00,0001000028,Z100,Z01,ZAR
4500000072,AN,2025-03-02T00:00:00,0001000028,Z100,Z02,ZAR
4500000073,ZDOM,2025-05-30T00:00:00,0001000028,Z100,Z02,ZAR
4500000074,AN,2026-04-26T00:00:00,0001000028,Z100,Z01,ZAR
4500000075,WK,2026-05-23T00:00:00,0001000028,Z100,Z03,ZAR
4500000076,AN,2024-09-08T00:00:00,0001000052,Z100,Z03,ZAR
4500000077,ZDOM,2024-11-09T00:00:00,0001000052,Z100,Z01,ZAR
4500000078,ZDOM,2026-01-04T00:00:00,0001000052,Z100,Z02,ZAR
4500000079,ZDOM,2026-04-28T00:00:00,0001000052,Z100,Z02,ZAR
4500000080,WK,2026-05-20T00:00:00,0001000052,Z100,Z02,ZAR
4500000081,AN,2024-10-09T00:00:00,0001000031,Z100,Z02,ZAR
4500000082,AN,2024-11-01T00:00:00,0001000031,Z100,Z01,ZAR
4500000083,AN,2024-11-18T00:00:00,0001000031,Z100,Z01,ZAR
4500000084,WK,2025-05-14T00:00:00,0001000031,Z100,Z01,ZAR
4500000085,ZDOM,2026-06-04T00:00:00,0001000031,Z100,Z02,ZAR
4500000086,WK,2024-12-09T00:00:00,0001000037,Z100,Z01,ZAR
4500000087,AN,2025-04-21T00:00:00,0001000037,Z100,Z01,ZAR
4500000088,AN,2025-07-27T00:00:00,0001000037,Z100,Z03,ZAR
4500000089,ZDOM,2025-11-10T00:00:00,0001000037,Z100,Z01,ZAR
4500000090,AN,2026-03-12T00:00:00,0001000037,Z100,Z02,ZAR
4500000091,WK,2026-08-30T00:00:00,0001000037,Z100,Z01,ZAR
4500000092,ZDOM,2025-08-30T00:00:00,0001000026,Z100,Z03,ZAR
4500000093,ZDOM,2025-10-24T00:00:00,0001000026,Z100,Z02,ZAR
4500000094,ZDOM,2025-11-15T00:00:00,0001000026,Z100,Z02,ZAR
4500000095,AN,2026-05-15T00:00:00,0001000026,Z100,Z02,ZAR
4500000096,AN,2026-07-18T00:00:00,0001000026,Z100,Z02,ZAR
4500000097,AN,2026-08-22T00:00:00,0001000026,Z100,Z02,ZAR
4500000098,WK,2024-10-16T00:00:00,0001000026,Z100,Z01,ZAR
4500000099,ZDOM,2025-03-09T00:00:00,0001000026,Z100,Z02,ZAR
4500000100,WK,2026-02-13T00:00:00,0001000026,Z100,Z01,ZAR
4500000101,ZDOM,2026-06-22T00:00:00,0001000026,Z100,Z03,ZAR
4500000102,AN,2026-07-16T00:00:00,0001000026,Z100,Z03,ZAR
4500000103,AN,2024-09-26T00:00:00,0001000038,Z100,Z01,ZAR
4500000104,AN,2025-01-06T00:00:00,0001000038,Z100,Z03,ZAR
4500000105,ZDOM,2025-10-21T00:00:00,0001000038,Z100,Z02,ZAR
4500000106,WK,2025-11-27T00:00:00,0001000038,Z100,Z02,ZAR
4500000107,WK,2025-12-20T00:00:00,0001000038,Z100,Z02,ZAR
4500000108,ZDOM,2026-02-04T00:00:00,0001000038,Z100,Z01,ZAR
4500000109,WK,2026-02-19T00:00:00,0001000038,Z100,Z01,ZAR
4500000110,WK,2026-06-06T00:00:00,0001000038,Z100,Z03,ZAR
4500000111,ZDOM,2024-10-01T00:00:00,0001000001,Z100,Z02,ZAR
4500000112,WK,2024-12-26T00:00:00,0001000001,Z100,Z03,ZAR
4500000113,ZDOM,2025-05-06T00:00:00,0001000001,Z100,Z03,ZAR
4500000114,WK,2025-09-09T00:00:00,0001000001,Z100,Z03,ZAR
4500000115,WK,2025-11-28T00:00:00,0001000001,Z100,Z01,ZAR
4500000116,ZDOM,2025-12-24T00:00:00,0001000001,Z100,Z03,ZAR
4500000117,WK,2026-04-23T00:00:00,0001000001,Z100,Z03,ZAR
4500000118,WK,2026-07-09T00:00:00,0001000001,Z100,Z03,ZAR
4500000119,AN,2024-10-04T00:00:00,0001000001,Z100,Z03,ZAR
4500000120,WK,2025-01-03T00:00:00,0001000001,Z100,Z03,ZAR
4500000121,AN,2025-03-25T00:00:00,0001000001,Z100,Z03,ZAR
4500000122,AN,2025-06-29T00:00:00,0001000001,Z100,Z01,ZAR
4500000123,AN,2025-07-10T00:00:00,0001000001,Z100,Z02,ZAR
4500000124,WK,2025-10-23T00:00:00,0001000001,Z100,Z02,ZAR
4500000125,ZDOM,2025-11-18T00:00:00,0001000001,Z100,Z03,ZAR
4500000126,WK,2026-02-16T00:00:00,0001000001,Z100,Z01,ZAR
4500000127,ZDOM,2026-06-17T00:00:00,0001000001,Z100,Z03,ZAR
4500000128,AN,2024-10-28T00:00:00,0001000026,Z100,Z02,ZAR
4500000129,WK,2025-02-27T00:00:00,0001000026,Z100,Z03,ZAR
4500000130,AN,2025-03-15T00:00:00,0001000026,Z100,Z03,ZAR
4500000131,ZDOM,2025-08-04T00:00:00,0001000026,Z100,Z02,ZAR
4500000132,ZDOM,2026-01-26T00:00:00,0001000026,Z100,Z02,ZAR
4500000133,ZDOM,2026-04-09T00:00:00,0001000026,Z100,Z03,ZAR
4500000134,AN,2025-06-12T00:00:00,0001000019,Z100,Z03,ZAR
4500000135,ZDOM,2025-07-31T00:00:00,0001000019,Z100,Z03,ZAR
4500000136,ZDOM,2025-08-27T00:00:00,0001000019,Z100,Z03,ZAR
4500000137,WK,2026-01-21T00:00:00,0001000019,Z100,Z02,ZAR
4500000138,WK,2026-02-17T00:00:00,0001000019,Z100,Z02,ZAR
4500000139,WK,2026-03-14T00:00:00,0001000019,Z100,Z01,ZAR
4500000140,ZDOM,2024-09-11T00:00:00,0001000013,Z100,Z03,ZAR
4500000141,AN,2025-01-12T00:00:00,0001000013,Z100,Z01,ZAR
4500000142,ZDOM,2025-10-08T00:00:00,0001000013,Z100,Z01,ZAR
4500000143,AN,2025-11-13T00:00:00,0001000013,Z100,Z03,ZAR
4500000144,WK,2024-10-16T00:00:00,0001000047,Z100,Z02,ZAR
4500000145,AN,2025-01-23T00:00:00,0001000047,Z100,Z02,ZAR
4500000146,WK,2025-06-13T00:00:00,0001000047,Z100,Z02,ZAR
4500000147,ZDOM,2025-11-10T00:00:00,0001000047,Z100,Z02,ZAR
4500000148,ZDOM,2026-04-08T00:00:00,0001000047,Z100,Z02,ZAR
4500000149,AN,2024-11-03T00:00:00,0001000035,Z100,Z01,ZAR
4500000150,WK,2025-06-08T00:00:00,0001000035,Z100,Z01,ZAR
4500000151,ZDOM,2026-02-09T00:00:00,0001000035,Z100,Z02,ZAR
4500000152,AN,2026-07-10T00:00:00,0001000035,Z100,Z02,ZAR
4500000153,WK,2024-09-14T00:00:00,0001000007,Z100,Z02,ZAR
4500000154,ZDOM,2025-04-12T00:00:00,0001000007,Z100,Z02,ZAR
4500000155,AN,2026-02-25T00:00:00,0001000007,Z100,Z03,ZAR
4500000156,AN,2026-08-01T00:00:00,0001000007,Z100,Z03,ZAR
4500000157,WK,2024-10-31T00:00:00,0001000032,Z100,Z01,ZAR
4500000158,WK,2025-09-23T00:00:00,0001000032,Z100,Z01,ZAR
4500000159,ZDOM,2026-04-10T00:00:00,0001000032,Z100,Z01,ZAR
4500000160,WK,2026-05-10T00:00:00,0001000032,Z100,Z01,ZAR
4500000161,WK,2024-12-05T00:00:00,0001000027,Z100,Z02,ZAR
4500000162,AN,2025-08-03T00:00:00,0001000027,Z100,Z02,ZAR
4500000163,WK,2025-08-05T00:00:00,0001000027,Z100,Z01,ZAR
4500000164,WK,2026-03-11T00:00:00,0001000027,Z100,Z02,ZAR
4500000165,AN,2026-09-07T00:00:00,0001000046,Z100,Z01,ZAR
4500000166,WK,2026-02-09T00:00:00,0001000046,Z100,Z03,ZAR
4500000167,ZDOM,2026-03-24T00:00:00,0001000046,Z100,Z02,ZAR
4500000168,WK,2024-10-19T00:00:00,0001000012,Z100,Z03,ZAR
4500000169,ZDOM,2025-07-22T00:00:00,0001000012,Z100,Z03,ZAR
4500000170,WK,2025-10-17T00:00:00,0001000012,Z100,Z02,ZAR
4500000171,ZDOM,2025-11-16T00:00:00,0001000012,Z100,Z01,ZAR
4500000172,AN,2026-04-09T00:00:00,0001000012,Z100,Z01,ZAR
4500000173,AN,2024-09-11T00:00:00,0001000012,Z100,Z01,ZAR
4500000174,AN,2025-01-27T00:00:00,0001000012,Z100,Z02,ZAR
4500000175,ZDOM,2025-03-09T00:00:00,0001000012,Z100,Z02,ZAR
4500000176,AN,2025-10-29T00:00:00,0001000012,Z100,Z01,ZAR
4500000177,WK,2025-11-15T00:00:00,0001000012,Z100,Z01,ZAR
4500000178,WK,2025-01-20T00:00:00,0001000034,Z100,Z03,ZAR
4500000179,WK,2025-03-04T00:00:00,0001000034,Z100,Z03,ZAR
4500000180,ZDOM,2025-04-28T00:00:00,0001000034,Z100,Z01,ZAR
4500000181,WK,2025-05-19T00:00:00,0001000034,Z100,Z01,ZAR
4500000182,ZDOM,2025-11-04T00:00:00,0001000034,Z100,Z01,ZAR
4500000183,WK,2026-06-13T00:00:00,0001000034,Z100,Z02,ZAR
4500000184,WK,2026-07-31T00:00:00,0001000034,Z100,Z02,ZAR
4500000185,WK,2024-09-12T00:00:00,0001000034,Z100,Z03,ZAR
4500000186,WK,2024-10-09T00:00:00,0001000034,Z100,Z03,ZAR
4500000187,AN,2025-01-03T00:00:00,0001000034,Z100,Z01,ZAR
4500000188,WK,2025-03-26T00:00:00,0001000034,Z100,Z03,ZAR
4500000189,AN,2025-05-21T00:00:00,0001000034,Z100,Z01,ZAR
4500000190,ZDOM,2026-01-18T00:00:00,0001000034,Z100,Z03,ZAR
4500000191,ZDOM,2026-05-03T00:00:00,0001000034,Z100,Z03,ZAR
4500000192,ZDOM,2026-07-01T00:00:00,0001000034,Z100,Z03,ZAR
4500000193,WK,2024-09-15T00:00:00,0001000007,Z100,Z02,ZAR
4500000194,AN,2025-06-25T00:00:00,0001000007,Z100,Z02,ZAR
4500000195,ZDOM,2026-02-15T00:00:00,0001000007,Z100,Z02,ZAR
4500000196,WK,2026-08-15T00:00:00,0001000007,Z100,Z03,ZAR
4500000197,AN,2024-09-25T00:00:00,0001000007,Z100,Z03,ZAR
4500000198,WK,2024-12-12T00:00:00,0001000007,Z100,Z03,ZAR
4500000199,WK,2025-10-07T00:00:00,0001000007,Z100,Z03,ZAR
4500000200,AN,2025-11-18T00:00:00,0001000007,Z100,Z03,ZAR
4500000201,AN,2026-04-23T00:00:00,0001000007,Z100,Z01,ZAR
4500000202,ZDOM,2024-10-25T00:00:00,0001000045,Z100,Z03,ZAR
4500000203,AN,2024-12-25T00:00:00,0001000045,Z100,Z02,ZAR
4500000204,WK,2025-04-04T00:00:00,0001000045,Z100,Z02,ZAR
4500000205,WK,2025-10-13T00:00:00,0001000045,Z100,Z01,ZAR
4500000206,WK,2025-11-11T00:00:00,0001000045,Z100,Z03,ZAR
4500000207,AN,2026-03-23T00:00:00,0001000045,Z100,Z01,ZAR
4500000208,ZDOM,2026-04-14T00:00:00,0001000045,Z100,Z03,ZAR
4500000209,ZDOM,2026-05-30T00:00:00,0001000045,Z100,Z02,ZAR
4500000210,ZDOM,2024-10-02T00:00:00,0001000051,Z100,Z03,ZAR
4500000211,AN,2025-02-21T00:00:00,0001000051,Z100,Z03,ZAR
4500000212,AN,2025-05-01T00:00:00,0001000051,Z100,Z02,ZAR
4500000213,WK,2025-05-13T00:00:00,0001000051,Z100,Z02,ZAR
4500000214,ZDOM,2026-04-09T00:00:00,0001000051,Z100,Z03,ZAR
4500000215,ZDOM,2026-06-22T00:00:00,0001000051,Z100,Z01,ZAR
4500000216,ZDOM,2024-10-31T00:00:00,0001000031,Z100,Z02,ZAR
4500000217,WK,2025-10-06T00:00:00,0001000031,Z100,Z01,ZAR
4500000218,ZDOM,2026-07-28T00:00:00,0001000031,Z100,Z03,ZAR
4500000219,ZDOM,2024-09-16T00:00:00,0001000040,Z100,Z02,ZAR
4500000220,AN,2026-02-20T00:00:00,0001000040,Z100,Z03,ZAR
4500000221,ZDOM,2024-11-17T00:00:00,0001000045,Z100,Z01,ZAR
4500000222,WK,2025-05-17T00:00:00,0001000045,Z100,Z03,ZAR
4500000223,AN,2026-03-23T00:00:00,0001000045,Z100,Z01,ZAR
4500000224,ZDOM,2026-09-07T00:00:00,0001000045,Z100,Z03,ZAR
4500000225,AN,2024-10-08T00:00:00,0001000045,Z100,Z02,ZAR
4500000226,AN,2025-06-19T00:00:00,0001000045,Z100,Z01,ZAR
4500000227,ZDOM,2026-02-05T00:00:00,0001000045,Z100,Z01,ZAR
4500000228,WK,2026-08-18T00:00:00,0001000045,Z100,Z03,ZAR
4500000229,ZDOM,2024-09-26T00:00:00,0001000027,Z100,Z02,ZAR
4500000230,AN,2024-10-15T00:00:00,0001000027,Z100,Z03,ZAR
4500000231,ZDOM,2025-01-27T00:00:00,0001000027,Z100,Z02,ZAR
4500000232,ZDOM,2025-03-03T00:00:00,0001000027,Z100,Z02,ZAR
4500000233,ZDOM,2025-05-03T00:00:00,0001000027,Z100,Z02,ZAR
4500000234,AN,2025-06-17T00:00:00,0001000027,Z100,Z02,ZAR
4500000235,WK,2025-08-04T00:00:00,0001000027,Z100,Z01,ZAR
4500000236,WK,2025-11-21T00:00:00,0001000027,Z100,Z02,ZAR
4500000237,AN,2026-03-20T00:00:00,0001000027,Z100,Z01,ZAR
4500000238,ZDOM,2026-05-03T00:00:00,0001000027,Z100,Z02,ZAR
4500000239,AN,2026-07-14T00:00:00,0001000027,Z100,Z02,ZAR
4500000240,WK,2026-08-13T00:00:00,0001000027,Z100,Z01,ZAR
4500000241,WK,2024-10-17T00:00:00,0001000034,Z100,Z02,ZAR
4500000242,AN,2024-12-13T00:00:00,0001000034,Z100,Z02,ZAR
4500000243,ZDOM,2025-01-31T00:00:00,0001000034,Z100,Z03,ZAR
4500000244,ZDOM,2025-04-26T00:00:00,0001000034,Z100,Z03,ZAR
4500000245,WK,2025-07-17T00:00:00,0001000034,Z100,Z03,ZAR
4500000246,AN,2025-08-20T00:00:00,0001000034,Z100,Z02,ZAR
4500000247,AN,2025-10-06T00:00:00,0001000034,Z100,Z02,ZAR
4500000248,ZDOM,2025-12-24T00:00:00,0001000034,Z100,Z01,ZAR
4500000249,AN,2026-03-07T00:00:00,0001000034,Z100,Z01,ZAR
4500000250,WK,2026-06-27T00:00:00,0001000034,Z100,Z03,ZAR
4500000251,AN,2024-09-10T00:00:00,0001000008,Z100,Z01,ZAR
4500000252,WK,2024-10-18T00:00:00,0001000008,Z100,Z01,ZAR
4500000253,WK,2025-05-21T00:00:00,0001000008,Z100,Z03,ZAR
4500000254,WK,2026-01-29T00:00:00,0001000008,Z100,Z01,ZAR
4500000255,AN,2024-09-29T00:00:00,0001000059,Z100,Z02,ZAR
4500000256,WK,2025-03-05T00:00:00,0001000059,Z100,Z03,ZAR
4500000257,WK,2025-03-25T00:00:00,0001000059,Z100,Z01,ZAR
4500000258,WK,2025-10-14T00:00:00,0001000059,Z100,Z01,ZAR
4500000259,WK,2026-03-02T00:00:00,0001000059,Z100,Z01,ZAR
4500000260,ZDOM,2024-09-27T00:00:00,0001000007,Z100,Z02,ZAR
4500000261,WK,2024-11-06T00:00:00,0001000007,Z100,Z02,ZAR
4500000262,AN,2025-08-15T00:00:00,0001000007,Z100,Z01,ZAR
4500000263,ZDOM,2025-09-10T00:00:00,0001000007,Z100,Z01,ZAR
4500000264,AN,2025-12-29T00:00:00,0001000007,Z100,Z03,ZAR
4500000265,ZDOM,2026-01-30T00:00:00,0001000007,Z100,Z02,ZAR
4500000266,AN,2026-08-03T00:00:00,0001000007,Z100,Z02,ZAR
4500000267,ZDOM,2025-02-27T00:00:00,0001000008,Z100,Z03,ZAR
4500000268,AN,2025-03-13T00:00:00,0001000008,Z100,Z02,ZAR
4500000269,WK,2025-08-05T00:00:00,0001000008,Z100,Z01,ZAR
4500000270,ZDOM,2026-07-26T00:00:00,0001000008,Z100,Z03,ZAR
4500000271,AN,2026-08-07T00:00:00,0001000008,Z100,Z01,ZAR
4500000272,ZDOM,2024-11-11T00:00:00,0001000024,Z100,Z01,ZAR
4500000273,AN,2025-04-29T00:00:00,0001000024,Z100,Z03,ZAR
4500000274,AN,2025-11-02T00:00:00,0001000024,Z100,Z01,ZAR
4500000275,ZDOM,2026-01-11T00:00:00,0001000024,Z100,Z01,ZAR
4500000276,AN,2026-02-27T00:00:00,0001000024,Z100,Z02,ZAR
4500000277,WK,2026-06-13T00:00:00,0001000024,Z100,Z02,ZAR
4500000278,ZDOM,2024-09-15T00:00:00,0001000024,Z100,Z01,ZAR
4500000279,ZDOM,2025-04-21T00:00:00,0001000024,Z100,Z01,ZAR
4500000280,ZDOM,2025-05-24T00:00:00,0001000024,Z100,Z02,ZAR
4500000281,ZDOM,2025-10-16T00:00:00,0001000024,Z100,Z03,ZAR
4500000282,WK,2026-04-06T00:00:00,0001000024,Z100,Z01,ZAR
4500000283,AN,2026-04-28T00:00:00,0001000024,Z100,Z01,ZAR
4500000284,WK,2024-09-16T00:00:00,0001000048,Z100,Z02,ZAR
4500000285,WK,2025-04-02T00:00:00,0001000048,Z100,Z02,ZAR
4500000286,ZDOM,2025-04-10T00:00:00,0001000048,Z100,Z03,ZAR
4500000287,AN,2026-02-06T00:00:00,0001000048,Z100,Z02,ZAR
4500000288,WK,2026-05-12T00:00:00,0001000048,Z100,Z02,ZAR
4500000289,AN,2026-06-08T00:00:00,0001000048,Z100,Z03,ZAR
4500000290,WK,2026-08-18T00:00:00,0001000048,Z100,Z01,ZAR
4500000291,ZDOM,2024-11-12T00:00:00,0001000037,Z100,Z01,ZAR
4500000292,WK,2025-06-05T00:00:00,0001000037,Z100,Z03,ZAR
4500000293,WK,2025-12-15T00:00:00,0001000037,Z100,Z01,ZAR
4500000294,ZDOM,2024-09-19T00:00:00,0001000037,Z100,Z03,ZAR
4500000295,WK,2025-06-16T00:00:00,0001000037,Z100,Z01,ZAR
4500000296,AN,2025-07-31T00:00:00,0001000037,Z100,Z03,ZAR
4500000297,ZDOM,2025-12-29T00:00:00,0001000037,Z100,Z01,ZAR
4500000298,ZDOM,2026-01-29T00:00:00,0001000037,Z100,Z01,ZAR
4500000299,AN,2026-05-06T00:00:00,0001000037,Z100,Z01,ZAR
4500000300,WK,2025-12-27T00:00:00,0001000001,Z100,Z02,ZAR
4500000301,WK,2026-06-10T00:00:00,0001000001,Z100,Z01,ZAR
4500000302,WK,2024-12-13T00:00:00,0001000054,Z100,Z02,ZAR
4500000303,AN,2025-04-22T00:00:00,0001000054,Z100,Z03,ZAR
4500000304,WK,2025-05-18T00:00:00,0001000054,Z100,Z01,ZAR
4500000305,AN,2025-07-15T00:00:00,0001000054,Z100,Z03,ZAR
4500000306,WK,2025-10-14T00:00:00,0001000054,Z100,Z02,ZAR
4500000307,ZDOM,2025-12-02T00:00:00,0001000054,Z100,Z01,ZAR
4500000308,AN,2026-04-26T00:00:00,0001000054,Z100,Z01,ZAR
4500000309,WK,2026-08-16T00:00:00,0001000054,Z100,Z01,ZAR
4500000310,ZDOM,2024-11-26T00:00:00,0001000056,Z100,Z01,ZAR
4500000311,WK,2025-05-17T00:00:00,0001000056,Z100,Z01,ZAR
4500000312,AN,2025-12-16T00:00:00,0001000056,Z100,Z01,ZAR
4500000313,WK,2026-05-03T00:00:00,0001000056,Z100,Z03,ZAR
4500000314,WK,2025-02-01T00:00:00,0001000052,Z100,Z01,ZAR
4500000315,ZDOM,2025-07-08T00:00:00,0001000052,Z100,Z03,ZAR
4500000316,WK,2025-08-23T00:00:00,0001000052,Z100,Z03,ZAR
4500000317,ZDOM,2026-05-25T00:00:00,0001000052,Z100,Z03,ZAR
4500000318,WK,2024-11-09T00:00:00,0001000049,Z100,Z03,ZAR
4500000319,WK,2025-04-08T00:00:00,0001000049,Z100,Z02,ZAR
4500000320,ZDOM,2025-09-05T00:00:00,0001000049,Z100,Z03,ZAR
4500000321,WK,2025-12-25T00:00:00,0001000049,Z100,Z02,ZAR
4500000322,ZDOM,2026-01-21T00:00:00,0001000049,Z100,Z01,ZAR
4500000323,WK,2026-07-20T00:00:00,0001000049,Z100,Z02,ZAR
4500000324,AN,2025-02-06T00:00:00,0001000032,Z100,Z03,ZAR
4500000325,ZDOM,2025-08-29T00:00:00,0001000032,Z100,Z01,ZAR
4500000326,ZDOM,2026-02-02T00:00:00,0001000032,Z100,Z01,ZAR
4500000327,ZDOM,2026-06-27T00:00:00,0001000032,Z100,Z03,ZAR
4500000328,AN,2024-09-07T00:00:00,0001000015,Z100,Z02,ZAR
4500000329,ZDOM,2024-11-11T00:00:00,0001000015,Z100,Z03,ZAR
4500000330,ZDOM,2025-01-27T00:00:00,0001000015,Z100,Z03,ZAR
4500000331,ZDOM,2025-05-05T00:00:00,0001000015,Z100,Z02,ZAR
4500000332,ZDOM,2025-07-11T00:00:00,0001000015,Z100,Z01,ZAR
4500000333,AN,2025-11-13T00:00:00,0001000015,Z100,Z02,ZAR
4500000334,ZDOM,2025-12-07T00:00:00,0001000015,Z100,Z01,ZAR
4500000335,WK,2026-02-26T00:00:00,0001000015,Z100,Z03,ZAR
4500000336,AN,2026-03-30T00:00:00,0001000015,Z100,Z03,ZAR
4500000337,AN,2026-07-10T00:00:00,0001000015,Z100,Z01,ZAR
4500000338,WK,2024-09-14T00:00:00,0001000015,Z100,Z01,ZAR
4500000339,ZDOM,2025-01-28T00:00:00,0001000015,Z100,Z03,ZAR
4500000340,WK,2025-07-19T00:00:00,0001000015,Z100,Z01,ZAR
4500000341,ZDOM,2025-12-25T00:00:00,0001000015,Z100,Z01,ZAR
4500000342,AN,2026-06-19T00:00:00,0001000015,Z100,Z02,ZAR
4500000343,AN,2024-09-19T00:00:00,0001000046,Z100,Z01,ZAR
4500000344,WK,2025-08-19T00:00:00,0001000046,Z100,Z02,ZAR
4500000345,AN,2025-09-15T00:00:00,0001000046,Z100,Z03,ZAR
4500000346,AN,2024-12-24T00:00:00,0001000034,Z100,Z01,ZAR
4500000347,WK,2025-06-19T00:00:00,0001000034,Z100,Z01,ZAR
4500000348,ZDOM,2025-07-13T00:00:00,0001000034,Z100,Z02,ZAR
4500000349,WK,2025-12-29T00:00:00,0001000034,Z100,Z01,ZAR
4500000350,AN,2026-04-28T00:00:00,0001000034,Z100,Z02,ZAR
4500000351,AN,2025-11-04T00:00:00,0001000047,Z100,Z03,ZAR
4500000352,ZDOM,2026-06-05T00:00:00,0001000047,Z100,Z01,ZAR
4500000353,ZDOM,2024-09-13T00:00:00,0001000019,Z100,Z02,ZAR
4500000354,WK,2026-02-21T00:00:00,0001000019,Z100,Z02,ZAR
4500000355,ZDOM,2026-07-28T00:00:00,0001000019,Z100,Z02,ZAR
4500000356,WK,2026-09-07T00:00:00,0001000019,Z100,Z01,ZAR
4500000357,WK,2025-08-23T00:00:00,0001000042,Z100,Z01,ZAR
4500000358,AN,2025-09-21T00:00:00,0001000042,Z100,Z02,ZAR
4500000359,AN,2026-03-28T00:00:00,0001000042,Z100,Z02,ZAR
4500000360,AN,2025-12-05T00:00:00,0001000055,Z100,Z03,ZAR
4500000361,AN,2026-08-20T00:00:00,0001000055,Z100,Z01,ZAR
4500000362,AN,2024-09-29T00:00:00,0001000039,Z100,Z02,ZAR
4500000363,ZDOM,2024-10-14T00:00:00,0001000039,Z100,Z03,ZAR
4500000364,AN,2025-10-08T00:00:00,0001000039,Z100,Z02,ZAR
4500000365,WK,2025-12-04T00:00:00,0001000039,Z100,Z01,ZAR
4500000366,ZDOM,2026-06-14T00:00:00,0001000039,Z100,Z01,ZAR
4500000367,ZDOM,2026-08-02T00:00:00,0001000039,Z100,Z03,ZAR
4500000368,ZDOM,2026-08-10T00:00:00,0001000039,Z100,Z02,ZAR
4500000369,ZDOM,2024-10-12T00:00:00,0001000033,Z100,Z01,ZAR
4500000370,ZDOM,2024-12-10T00:00:00,0001000033,Z100,Z02,ZAR
4500000371,ZDOM,2024-12-14T00:00:00,0001000033,Z100,Z02,ZAR
4500000372,WK,2025-04-17T00:00:00,0001000033,Z100,Z01,ZAR
4500000373,AN,2025-09-20T00:00:00,0001000033,Z100,Z02,ZAR
4500000374,WK,2025-10-27T00:00:00,0001000033,Z100,Z03,ZAR
4500000375,AN,2026-02-06T00:00:00,0001000033,Z100,Z03,ZAR
4500000376,AN,2026-06-29T00:00:00,0001000033,Z100,Z02,ZAR
4500000377,AN,2024-09-09T00:00:00,0001000033,Z100,Z01,ZAR
4500000378,WK,2024-12-16T00:00:00,0001000033,Z100,Z02,ZAR
4500000379,WK,2025-04-04T00:00:00,0001000033,Z100,Z03,ZAR
4500000380,ZDOM,2025-06-24T00:00:00,0001000033,Z100,Z02,ZAR
4500000381,WK,2025-07-22T00:00:00,0001000033,Z100,Z02,ZAR
4500000382,AN,2025-10-18T00:00:00,0001000033,Z100,Z02,ZAR
4500000383,AN,2026-02-05T00:00:00,0001000033,Z100,Z02,ZAR
4500000384,WK,2026-05-18T00:00:00,0001000033,Z100,Z03,ZAR
4500000385,AN,2025-04-05T00:00:00,0001000014,Z100,Z03,ZAR
4500000386,WK,2025-08-02T00:00:00,0001000014,Z100,Z03,ZAR
4500000387,WK,2026-01-08T00:00:00,0001000014,Z100,Z03,ZAR
4500000388,AN,2026-04-12T00:00:00,0001000014,Z100,Z03,ZAR
4500000389,ZDOM,2026-09-07T00:00:00,0001000014,Z100,Z03,ZAR
4500000390,AN,2024-10-03T00:00:00,0001000033,Z100,Z01,ZAR
4500000391,AN,2025-04-20T00:00:00,0001000033,Z100,Z03,ZAR
4500000392,AN,2025-05-22T00:00:00,0001000033,Z100,Z01,ZAR
4500000393,ZDOM,2025-10-28T00:00:00,0001000033,Z100,Z03,ZAR
4500000394,ZDOM,2026-01-06T00:00:00,0001000033,Z100,Z03,ZAR
4500000395,WK,2026-08-22T00:00:00,0001000033,Z100,Z03,ZAR
4500000396,WK,2024-10-01T00:00:00,0001000002,Z100,Z01,ZAR
4500000397,AN,2025-04-27T00:00:00,0001000002,Z100,Z02,ZAR
4500000398,ZDOM,2026-01-01T00:00:00,0001000002,Z100,Z03,ZAR
4500000399,AN,2026-02-06T00:00:00,0001000002,Z100,Z03,ZAR
4500000400,ZDOM,2026-05-15T00:00:00,0001000002,Z100,Z03,ZAR
4500000401,AN,2025-02-13T00:00:00,0001000036,Z100,Z02,ZAR
4500000402,WK,2026-01-15T00:00:00,0001000036,Z100,Z02,ZAR
4500000403,AN,2026-08-20T00:00:00,0001000036,Z100,Z03,ZAR
4500000404,ZDOM,2024-09-13T00:00:00,0001000017,Z100,Z03,ZAR
4500000405,AN,2024-11-30T00:00:00,0001000017,Z100,Z01,ZAR
4500000406,ZDOM,2025-06-02T00:00:00,0001000017,Z100,Z03,ZAR
4500000407,WK,2025-07-25T00:00:00,0001000017,Z100,Z01,ZAR
4500000408,AN,2026-03-01T00:00:00,0001000017,Z100,Z01,ZAR
4500000409,AN,2026-06-20T00:00:00,0001000017,Z100,Z01,ZAR
4500000410,WK,2024-10-28T00:00:00,0001000017,Z100,Z02,ZAR
4500000411,AN,2025-04-20T00:00:00,0001000017,Z100,Z02,ZAR
4500000412,AN,2025-08-08T00:00:00,0001000017,Z100,Z01,ZAR
4500000413,ZDOM,2025-10-06T00:00:00,0001000017,Z100,Z01,ZAR
4500000414,WK,2025-10-24T00:00:00,0001000017,Z100,Z03,ZAR
4500000415,WK,2025-11-09T00:00:00,0001000017,Z100,Z03,ZAR
4500000416,AN,2026-06-01T00:00:00,0001000017,Z100,Z01,ZAR
4500000417,WK,2026-06-18T00:00:00,0001000017,Z100,Z01,ZAR
4500000418,WK,2025-03-29T00:00:00,0001000040,Z100,Z01,ZAR
4500000419,AN,2025-11-26T00:00:00,0001000040,Z100,Z01,ZAR
4500000420,ZDOM,2026-06-01T00:00:00,0001000040,Z100,Z02,ZAR
4500000421,AN,2024-12-03T00:00:00,0001000040,Z100,Z03,ZAR
4500000422,AN,2025-02-19T00:00:00,0001000040,Z100,Z02,ZAR
4500000423,AN,2025-06-12T00:00:00,0001000040,Z100,Z02,ZAR
4500000424,WK,2025-11-27T00:00:00,0001000040,Z100,Z03,ZAR
4500000425,WK,2025-12-18T00:00:00,0001000040,Z100,Z03,ZAR
4500000426,WK,2026-06-21T00:00:00,0001000040,Z100,Z03,ZAR
4500000427,ZDOM,2024-09-22T00:00:00,0001000040,Z100,Z03,ZAR
4500000428,ZDOM,2025-08-16T00:00:00,0001000040,Z100,Z01,ZAR
4500000429,ZDOM,2025-10-03T00:00:00,0001000040,Z100,Z03,ZAR
4500000430,AN,2026-06-10T00:00:00,0001000040,Z100,Z02,ZAR
4500000431,ZDOM,2024-09-13T00:00:00,0001000047,Z100,Z02,ZAR
4500000432,ZDOM,2025-01-31T00:00:00,0001000047,Z100,Z02,ZAR
4500000433,ZDOM,2025-02-22T00:00:00,0001000047,Z100,Z02,ZAR
4500000434,WK,2025-11-04T00:00:00,0001000047,Z100,Z02,ZAR
4500000435,ZDOM,2026-04-27T00:00:00,0001000047,Z100,Z03,ZAR
4500000436,ZDOM,2024-09-11T00:00:00,0001000025,Z100,Z03,ZAR
4500000437,WK,2025-01-06T00:00:00,0001000025,Z100,Z01,ZAR
4500000438,AN,2026-04-01T00:00:00,0001000025,Z100,Z02,ZAR
4500000439,ZDOM,2024-09-21T00:00:00,0001000019,Z100,Z02,ZAR
4500000440,ZDOM,2025-03-31T00:00:00,0001000019,Z100,Z01,ZAR
4500000441,WK,2025-09-24T00:00:00,0001000019,Z100,Z01,ZAR
4500000442,ZDOM,2026-04-08T00:00:00,0001000019,Z100,Z01,ZAR
4500000443,AN,2026-05-15T00:00:00,0001000019,Z100,Z02,ZAR
4500000444,ZDOM,2024-10-12T00:00:00,0001000012,Z100,Z03,ZAR
4500000445,WK,2024-11-19T00:00:00,0001000012,Z100,Z02,ZAR
4500000446,WK,2026-03-09T00:00:00,0001000012,Z100,Z01,ZAR
4500000447,AN,2024-09-19T00:00:00,0001000012,Z100,Z02,ZAR
4500000448,WK,2025-01-06T00:00:00,0001000012,Z100,Z03,ZAR
4500000449,ZDOM,2024-09-18T00:00:00,0001000017,Z100,Z02,ZAR
4500000450,AN,2025-02-17T00:00:00,0001000017,Z100,Z01,ZAR
4500000451,WK,2025-08-28T00:00:00,0001000017,Z100,Z03,ZAR
4500000452,AN,2026-02-04T00:00:00,0001000017,Z100,Z03,ZAR
4500000453,ZDOM,2026-08-15T00:00:00,0001000017,Z100,Z03,ZAR
4500000454,WK,2026-01-01T00:00:00,0001000054,Z100,Z01,ZAR
4500000455,WK,2026-01-09T00:00:00,0001000054,Z100,Z01,ZAR
4500000456,ZDOM,2026-06-25T00:00:00,0001000054,Z100,Z02,ZAR
4500000457,ZDOM,2026-07-19T00:00:00,0001000054,Z100,Z02,ZAR
4500000458,AN,2026-09-07T00:00:00,0001000054,Z100,Z02,ZAR
4500000459,WK,2024-12-10T00:00:00,0001000039,Z100,Z02,ZAR
4500000460,WK,2025-06-02T00:00:00,0001000039,Z100,Z02,ZAR
4500000461,WK,2025-06-15T00:00:00,0001000039,Z100,Z02,ZAR
4500000462,AN,2025-12-26T00:00:00,0001000039,Z100,Z03,ZAR
4500000463,ZDOM,2026-05-28T00:00:00,0001000039,Z100,Z03,ZAR
4500000464,AN,2024-12-09T00:00:00,0001000039,Z100,Z02,ZAR
4500000465,AN,2025-04-23T00:00:00,0001000039,Z100,Z03,ZAR
4500000466,ZDOM,2025-08-29T00:00:00,0001000039,Z100,Z02,ZAR
4500000467,AN,2025-12-14T00:00:00,0001000039,Z100,Z03,ZAR
4500000468,AN,2026-06-08T00:00:00,0001000039,Z100,Z01,ZAR
4500000469,WK,2024-11-26T00:00:00,0001000050,Z100,Z01,ZAR
4500000470,WK,2025-09-23T00:00:00,0001000050,Z100,Z01,ZAR
4500000471,ZDOM,2025-11-03T00:00:00,0001000050,Z100,Z02,ZAR
4500000472,ZDOM,2026-06-04T00:00:00,0001000050,Z100,Z03,ZAR
4500000473,ZDOM,2024-12-04T00:00:00,0001000042,Z100,Z02,ZAR
4500000474,ZDOM,2025-04-18T00:00:00,0001000042,Z100,Z03,ZAR
4500000475,AN,2025-08-21T00:00:00,0001000042,Z100,Z02,ZAR
4500000476,AN,2026-02-25T00:00:00,0001000042,Z100,Z02,ZAR
4500000477,ZDOM,2026-06-23T00:00:00,0001000042,Z100,Z01,ZAR
4500000478,ZDOM,2025-08-14T00:00:00,0001000059,Z100,Z01,ZAR
4500000479,WK,2026-04-17T00:00:00,0001000059,Z100,Z01,ZAR
4500000480,ZDOM,2024-10-30T00:00:00,0001000028,Z100,Z01,ZAR
4500000481,AN,2025-02-10T00:00:00,0001000028,Z100,Z02,ZAR
4500000482,ZDOM,2025-08-04T00:00:00,0001000028,Z100,Z02,ZAR
4500000483,ZDOM,2026-04-18T00:00:00,0001000028,Z100,Z02,ZAR
4500000484,AN,2024-11-30T00:00:00,0001000028,Z100,Z03,ZAR
4500000485,ZDOM,2024-12-17T00:00:00,0001000028,Z100,Z03,ZAR
4500000486,AN,2025-01-30T00:00:00,0001000028,Z100,Z01,ZAR
4500000487,WK,2025-08-04T00:00:00,0001000028,Z100,Z03,ZAR
4500000488,AN,2025-12-23T00:00:00,0001000028,Z100,Z03,ZAR
4500000489,WK,2026-02-14T00:00:00,0001000028,Z100,Z01,ZAR
4500000490,WK,2026-03-20T00:00:00,0001000028,Z100,Z01,ZAR
4500000491,WK,2024-09-16T00:00:00,0001000020,Z100,Z01,ZAR
4500000492,WK,2024-10-14T00:00:00,0001000020,Z100,Z03,ZAR
4500000493,WK,2026-05-01T00:00:00,0001000020,Z100,Z03,ZAR
4500000494,WK,2026-05-22T00:00:00,0001000020,Z100,Z03,ZAR
4500000495,AN,2024-12-06T00:00:00,0001000042,Z100,Z02,ZAR
4500000496,AN,2024-12-06T00:00:00,0001000042,Z100,Z03,ZAR
4500000497,ZDOM,2025-02-02T00:00:00,0001000042,Z100,Z02,ZAR
4500000498,ZDOM,2025-05-17T00:00:00,0001000042,Z100,Z01,ZAR
4500000499,ZDOM,2025-11-15T00:00:00,0001000042,Z100,Z03,ZAR
4500000500,AN,2026-03-04T00:00:00,0001000042,Z100,Z03,ZAR
4500000501,AN,2026-07-05T00:00:00,0001000042,Z100,Z01,ZAR
4500000502,ZDOM,2026-09-06T00:00:00,0001000042,Z100,Z03,ZAR
4500000503,ZDOM,2024-09-27T00:00:00,0001000042,Z100,Z02,ZAR
4500000504,AN,2024-11-05T00:00:00,0001000042,Z100,Z02,ZAR
4500000505,AN,2025-03-02T00:00:00,0001000042,Z100,Z02,ZAR
4500000506,WK,2025-08-23T00:00:00,0001000042,Z100,Z03,ZAR
4500000507,WK,2025-10-24T00:00:00,0001000042,Z100,Z03,ZAR
4500000508,AN,2026-02-20T00:00:00,0001000042,Z100,Z01,ZAR
4500000509,ZDOM,2026-03-15T00:00:00,0001000042,Z100,Z01,ZAR
4500000510,ZDOM,2026-05-26T00:00:00,0001000042,Z100,Z01,ZAR
4500000511,AN,2026-06-18T00:00:00,0001000042,Z100,Z03,ZAR
4500000512,AN,2024-09-26T00:00:00,0001000059,Z100,Z02,ZAR
4500000513,ZDOM,2025-02-18T00:00:00,0001000059,Z100,Z01,ZAR
4500000514,ZDOM,2026-02-27T00:00:00,0001000059,Z100,Z01,ZAR
4500000515,ZDOM,2026-07-18T00:00:00,0001000059,Z100,Z03,ZAR
4500000516,WK,2025-06-11T00:00:00,0001000015,Z100,Z01,ZAR
4500000517,WK,2025-07-21T00:00:00,0001000015,Z100,Z03,ZAR
4500000518,ZDOM,2025-09-10T00:00:00,0001000015,Z100,Z01,ZAR
4500000519,ZDOM,2026-02-11T00:00:00,0001000015,Z100,Z03,ZAR
4500000520,ZDOM,2026-04-06T00:00:00,0001000015,Z100,Z02,ZAR
4500000521,WK,2024-10-26T00:00:00,0001000015,Z100,Z01,ZAR
4500000522,ZDOM,2025-04-20T00:00:00,0001000015,Z100,Z02,ZAR
4500000523,AN,2026-01-14T00:00:00,0001000015,Z100,Z01,ZAR
4500000524,AN,2026-04-17T00:00:00,0001000015,Z100,Z01,ZAR
4500000525,WK,2026-06-02T00:00:00,0001000015,Z100,Z01,ZAR
4500000526,ZDOM,2024-12-24T00:00:00,0001000031,Z100,Z01,ZAR
4500000527,AN,2025-01-17T00:00:00,0001000031,Z100,Z03,ZAR
4500000528,WK,2025-05-14T00:00:00,0001000031,Z100,Z03,ZAR
4500000529,AN,2025-07-18T00:00:00,0001000031,Z100,Z02,ZAR
4500000530,AN,2024-10-08T00:00:00,0001000031,Z100,Z02,ZAR
4500000531,AN,2026-03-12T00:00:00,0001000031,Z100,Z01,ZAR
4500000532,WK,2024-09-20T00:00:00,0001000024,Z100,Z02,ZAR
4500000533,WK,2024-10-20T00:00:00,0001000024,Z100,Z02,ZAR
4500000534,ZDOM,2025-03-21T00:00:00,0001000024,Z100,Z03,ZAR
4500000535,ZDOM,2025-10-01T00:00:00,0001000024,Z100,Z03,ZAR
4500000536,ZDOM,2026-04-10T00:00:00,0001000024,Z100,Z02,ZAR
4500000537,AN,2024-09-19T00:00:00,0001000024,Z100,Z01,ZAR
4500000538,WK,2025-06-19T00:00:00,0001000024,Z100,Z03,ZAR
4500000539,ZDOM,2026-02-26T00:00:00,0001000024,Z100,Z03,ZAR
4500000540,AN,2025-04-01T00:00:00,0001000003,Z100,Z01,ZAR
4500000541,WK,2025-11-09T00:00:00,0001000003,Z100,Z02,ZAR
4500000542,ZDOM,2026-01-22T00:00:00,0001000003,Z100,Z03,ZAR
4500000543,AN,2026-03-04T00:00:00,0001000003,Z100,Z03,ZAR
4500000544,WK,2026-04-28T00:00:00,0001000003,Z100,Z03,ZAR
4500000545,WK,2026-09-01T00:00:00,0001000003,Z100,Z02,ZAR
4500000546,ZDOM,2024-09-13T00:00:00,0001000003,Z100,Z02,ZAR
4500000547,AN,2025-03-10T00:00:00,0001000003,Z100,Z02,ZAR
4500000548,AN,2025-05-11T00:00:00,0001000003,Z100,Z02,ZAR
4500000549,ZDOM,2025-10-27T00:00:00,0001000003,Z100,Z03,ZAR
4500000550,ZDOM,2026-01-06T00:00:00,0001000003,Z100,Z02,ZAR
4500000551,WK,2024-09-11T00:00:00,0001000014,Z100,Z02,ZAR
4500000552,AN,2025-03-06T00:00:00,0001000014,Z100,Z01,ZAR
4500000553,AN,2025-04-16T00:00:00,0001000014,Z100,Z01,ZAR
4500000554,AN,2026-01-19T00:00:00,0001000014,Z100,Z02,ZAR
4500000555,WK,2026-03-03T00:00:00,0001000014,Z100,Z01,ZAR
4500000556,AN,2026-03-11T00:00:00,0001000014,Z100,Z01,ZAR
4500000557,ZDOM,2026-05-02T00:00:00,0001000014,Z100,Z02,ZAR
4500000558,AN,2024-10-03T00:00:00,0001000028,Z100,Z03,ZAR
4500000559,AN,2025-11-02T00:00:00,0001000028,Z100,Z01,ZAR
4500000560,ZDOM,2025-11-06T00:00:00,0001000028,Z100,Z01,ZAR
4500000561,ZDOM,2025-12-31T00:00:00,0001000028,Z100,Z02,ZAR
4500000562,ZDOM,2026-05-26T00:00:00,0001000028,Z100,Z02,ZAR
4500000563,WK,2026-07-01T00:00:00,0001000028,Z100,Z01,ZAR
4500000564,AN,2026-07-30T00:00:00,0001000028,Z100,Z01,ZAR
4500000565,AN,2024-10-05T00:00:00,0001000028,Z100,Z02,ZAR
4500000566,WK,2025-10-03T00:00:00,0001000028,Z100,Z01,ZAR
4500000567,WK,2026-03-02T00:00:00,0001000028,Z100,Z01,ZAR
4500000568,ZDOM,2026-03-25T00:00:00,0001000028,Z100,Z02,ZAR
4500000569,ZDOM,2026-04-12T00:00:00,0001000028,Z100,Z03,ZAR
4500000570,WK,2024-09-11T00:00:00,0001000004,Z100,Z03,ZAR
4500000571,ZDOM,2025-11-28T00:00:00,0001000004,Z100,Z03,ZAR
4500000572,WK,2026-03-27T00:00:00,0001000004,Z100,Z01,ZAR
4500000573,WK,2026-04-25T00:00:00,0001000004,Z100,Z03,ZAR
4500000574,WK,2024-11-28T00:00:00,0001000036,Z100,Z01,ZAR
4500000575,WK,2025-04-06T00:00:00,0001000036,Z100,Z01,ZAR
4500000576,AN,2025-04-10T00:00:00,0001000036,Z100,Z01,ZAR
4500000577,WK,2025-05-06T00:00:00,0001000036,Z100,Z02,ZAR
4500000578,WK,2025-12-01T00:00:00,0001000036,Z100,Z03,ZAR
4500000579,ZDOM,2026-04-03T00:00:00,0001000036,Z100,Z03,ZAR
4500000580,WK,2025-11-02T00:00:00,0001000022,Z100,Z02,ZAR
4500000581,AN,2026-03-21T00:00:00,0001000022,Z100,Z03,ZAR
4500000582,ZDOM,2026-04-22T00:00:00,0001000022,Z100,Z01,ZAR
4500000583,AN,2024-09-21T00:00:00,0001000003,Z100,Z02,ZAR
4500000584,WK,2025-02-03T00:00:00,0001000003,Z100,Z03,ZAR
4500000585,WK,2025-07-27T00:00:00,0001000003,Z100,Z01,ZAR
4500000586,WK,2025-11-22T00:00:00,0001000003,Z100,Z02,ZAR
4500000587,WK,2026-04-25T00:00:00,0001000003,Z100,Z03,ZAR
4500000588,AN,2024-09-16T00:00:00,0001000010,Z100,Z01,ZAR
4500000589,WK,2025-05-31T00:00:00,0001000010,Z100,Z02,ZAR
4500000590,AN,2025-06-08T00:00:00,0001000010,Z100,Z02,ZAR
4500000591,WK,2026-01-14T00:00:00,0001000010,Z100,Z03,ZAR
4500000592,ZDOM,2026-05-26T00:00:00,0001000010,Z100,Z01,ZAR
4500000593,AN,2024-09-12T00:00:00,0001000047,Z100,Z03,ZAR
4500000594,WK,2025-03-10T00:00:00,0001000047,Z100,Z02,ZAR
4500000595,AN,2025-07-06T00:00:00,0001000047,Z100,Z02,ZAR
4500000596,AN,2026-04-21T00:00:00,0001000047,Z100,Z03,ZAR
4500000597,AN,2026-08-20T00:00:00,0001000047,Z100,Z03,ZAR
4500000598,AN,2024-09-07T00:00:00,0001000051,Z100,Z03,ZAR
4500000599,ZDOM,2025-03-08T00:00:00,0001000051,Z100,Z01,ZAR
4500000600,ZDOM,2025-07-06T00:00:00,0001000051,Z100,Z01,ZAR
4500000601,ZDOM,2026-05-13T00:00:00,0001000051,Z100,Z02,ZAR
4500000602,ZDOM,2026-06-16T00:00:00,0001000051,Z100,Z02,ZAR
4500000603,AN,2024-09-09T00:00:00,0001000030,Z100,Z03,ZAR
4500000604,AN,2024-10-20T00:00:00,0001000030,Z100,Z03,ZAR
4500000605,ZDOM,2025-03-12T00:00:00,0001000030,Z100,Z01,ZAR
4500000606,WK,2025-04-09T00:00:00,0001000030,Z100,Z02,ZAR
4500000607,WK,2025-09-20T00:00:00,0001000030,Z100,Z03,ZAR
4500000608,WK,2025-12-05T00:00:00,0001000030,Z100,Z01,ZAR
4500000609,ZDOM,2026-05-10T00:00:00,0001000030,Z100,Z03,ZAR
4500000610,WK,2026-07-06T00:00:00,0001000030,Z100,Z02,ZAR
4500000611,WK,2024-09-23T00:00:00,0001000029,Z100,Z01,ZAR
4500000612,AN,2025-03-06T00:00:00,0001000029,Z100,Z01,ZAR
4500000613,AN,2025-03-18T00:00:00,0001000029,Z100,Z02,ZAR
4500000614,WK,2026-03-24T00:00:00,0001000029,Z100,Z01,ZAR
4500000615,WK,2024-09-27T00:00:00,0001000049,Z100,Z01,ZAR
4500000616,WK,2024-10-30T00:00:00,0001000049,Z100,Z01,ZAR
4500000617,WK,2026-04-04T00:00:00,0001000049,Z100,Z02,ZAR
4500000618,ZDOM,2026-05-15T00:00:00,0001000049,Z100,Z02,ZAR
4500000619,WK,2024-09-05T00:00:00,0001000013,Z100,Z01,ZAR
4500000620,AN,2025-08-29T00:00:00,0001000013,Z100,Z03,ZAR
4500000621,WK,2025-11-04T00:00:00,0001000013,Z100,Z02,ZAR
4500000622,AN,2026-07-11T00:00:00,0001000013,Z100,Z02,ZAR
4500000623,AN,2026-07-10T00:00:00,0001000013,Z100,Z03,ZAR
4500000624,WK,2024-09-26T00:00:00,0001000013,Z100,Z01,ZAR
4500000625,ZDOM,2025-07-20T00:00:00,0001000013,Z100,Z03,ZAR
4500000626,ZDOM,2026-01-14T00:00:00,0001000013,Z100,Z01,ZAR
4500000627,WK,2026-06-15T00:00:00,0001000013,Z100,Z03,ZAR
4500000628,WK,2024-11-09T00:00:00,0001000051,Z100,Z01,ZAR
4500000629,AN,2026-02-08T00:00:00,0001000051,Z100,Z02,ZAR
4500000630,ZDOM,2024-09-03T00:00:00,0001000021,Z100,Z01,ZAR
4500000631,WK,2024-12-03T00:00:00,0001000021,Z100,Z02,ZAR
4500000632,WK,2025-05-27T00:00:00,0001000021,Z100,Z03,ZAR
4500000633,AN,2025-07-04T00:00:00,0001000021,Z100,Z02,ZAR
4500000634,AN,2026-07-07T00:00:00,0001000021,Z100,Z03,ZAR
4500000635,ZDOM,2026-09-07T00:00:00,0001000021,Z100,Z03,ZAR
4500000636,AN,2024-09-25T00:00:00,0001000040,Z100,Z02,ZAR
4500000637,ZDOM,2025-07-02T00:00:00,0001000040,Z100,Z01,ZAR
4500000638,WK,2026-01-30T00:00:00,0001000040,Z100,Z01,ZAR
4500000639,ZDOM,2026-09-04T00:00:00,0001000040,Z100,Z02,ZAR
4500000640,WK,2024-09-20T00:00:00,0001000034,Z100,Z01,ZAR
4500000641,WK,2025-02-14T00:00:00,0001000034,Z100,Z03,ZAR
4500000642,ZDOM,2024-09-22T00:00:00,0001000034,Z100,Z01,ZAR
4500000643,ZDOM,2026-04-12T00:00:00,0001000034,Z100,Z01,ZAR
4500000644,WK,2025-03-09T00:00:00,0001000057,Z100,Z02,ZAR
4500000645,AN,2025-05-24T00:00:00,0001000057,Z100,Z02,ZAR
4500000646,AN,2025-10-14T00:00:00,0001000057,Z100,Z01,ZAR
4500000647,WK,2026-06-26T00:00:00,0001000057,Z100,Z02,ZAR
4500000648,ZDOM,2024-12-13T00:00:00,0001000019,Z100,Z02,ZAR
4500000649,ZDOM,2025-03-25T00:00:00,0001000019,Z100,Z01,ZAR
4500000650,AN,2025-04-02T00:00:00,0001000019,Z100,Z03,ZAR
4500000651,WK,2025-06-06T00:00:00,0001000019,Z100,Z01,ZAR
4500000652,WK,2025-06-08T00:00:00,0001000019,Z100,Z02,ZAR
4500000653,ZDOM,2025-10-24T00:00:00,0001000019,Z100,Z02,ZAR
4500000654,ZDOM,2026-02-13T00:00:00,0001000019,Z100,Z02,ZAR
4500000655,WK,2026-06-17T00:00:00,0001000019,Z100,Z03,ZAR
4500000656,WK,2025-08-23T00:00:00,0001000050,Z100,Z02,ZAR
4500000657,WK,2026-04-23T00:00:00,0001000050,Z100,Z02,ZAR
4500000658,ZDOM,2026-07-10T00:00:00,0001000050,Z100,Z03,ZAR
4500000659,ZDOM,2024-09-19T00:00:00,0001000040,Z100,Z02,ZAR
4500000660,ZDOM,2024-10-15T00:00:00,0001000040,Z100,Z03,ZAR
4500000661,AN,2025-09-30T00:00:00,0001000040,Z100,Z03,ZAR
4500000662,ZDOM,2025-10-31T00:00:00,0001000040,Z100,Z01,ZAR
4500000663,ZDOM,2026-01-13T00:00:00,0001000040,Z100,Z02,ZAR
4500000664,AN,2026-07-17T00:00:00,0001000040,Z100,Z03,ZAR
4500000665,ZDOM,2024-09-16T00:00:00,0001000040,Z100,Z01,ZAR
4500000666,WK,2025-06-21T00:00:00,0001000040,Z100,Z01,ZAR
4500000667,ZDOM,2025-11-11T00:00:00,0001000040,Z100,Z03,ZAR
4500000668,WK,2026-07-18T00:00:00,0001000040,Z100,Z02,ZAR
4500000669,AN,2024-10-06T00:00:00,0001000054,Z100,Z01,ZAR
4500000670,AN,2024-10-12T00:00:00,0001000054,Z100,Z02,ZAR
4500000671,AN,2025-01-02T00:00:00,0001000054,Z100,Z01,ZAR
4500000672,AN,2025-02-03T00:00:00,0001000054,Z100,Z01,ZAR
4500000673,AN,2025-02-09T00:00:00,0001000054,Z100,Z01,ZAR
4500000674,WK,2025-05-15T00:00:00,0001000054,Z100,Z02,ZAR
4500000675,WK,2025-06-12T00:00:00,0001000054,Z100,Z02,ZAR
4500000676,ZDOM,2025-11-19T00:00:00,0001000054,Z100,Z03,ZAR
4500000677,ZDOM,2025-12-10T00:00:00,0001000054,Z100,Z02,ZAR
4500000678,ZDOM,2026-04-01T00:00:00,0001000054,Z100,Z02,ZAR
4500000679,AN,2026-05-02T00:00:00,0001000054,Z100,Z01,ZAR
4500000680,AN,2026-06-28T00:00:00,0001000054,Z100,Z01,ZAR
4500000681,ZDOM,2024-10-15T00:00:00,0001000019,Z100,Z02,ZAR
4500000682,WK,2024-12-01T00:00:00,0001000019,Z100,Z01,ZAR
4500000683,WK,2025-02-22T00:00:00,0001000019,Z100,Z02,ZAR
4500000684,WK,2025-03-19T00:00:00,0001000019,Z100,Z03,ZAR
4500000685,AN,2025-06-22T00:00:00,0001000019,Z100,Z03,ZAR
4500000686,WK,2025-09-27T00:00:00,0001000019,Z100,Z03,ZAR
4500000687,WK,2026-01-22T00:00:00,0001000019,Z100,Z01,ZAR
4500000688,WK,2026-02-11T00:00:00,0001000019,Z100,Z01,ZAR
4500000689,ZDOM,2026-08-04T00:00:00,0001000019,Z100,Z01,ZAR
4500000690,ZDOM,2024-09-17T00:00:00,0001000005,Z100,Z03,ZAR
4500000691,AN,2025-02-16T00:00:00,0001000005,Z100,Z02,ZAR
4500000692,AN,2025-08-25T00:00:00,0001000005,Z100,Z01,ZAR
4500000693,WK,2025-10-07T00:00:00,0001000005,Z100,Z03,ZAR
4500000694,ZDOM,2026-01-14T00:00:00,0001000005,Z100,Z01,ZAR
4500000695,ZDOM,2026-07-17T00:00:00,0001000005,Z100,Z03,ZAR
4500000696,AN,2026-08-05T00:00:00,0001000005,Z100,Z01,ZAR
4500000697,WK,2024-10-13T00:00:00,0001000009,Z100,Z03,ZAR
4500000698,WK,2025-03-25T00:00:00,0001000009,Z100,Z02,ZAR
4500000699,AN,2025-10-05T00:00:00,0001000009,Z100,Z02,ZAR
4500000700,AN,2026-03-25T00:00:00,0001000009,Z100,Z02,ZAR
4500000701,WK,2026-08-13T00:00:00,0001000009,Z100,Z01,ZAR
4500000702,AN,2024-09-14T00:00:00,0001000005,Z100,Z03,ZAR
4500000703,WK,2024-12-10T00:00:00,0001000005,Z100,Z03,ZAR
4500000704,AN,2025-04-29T00:00:00,0001000005,Z100,Z03,ZAR
4500000705,AN,2025-05-18T00:00:00,0001000005,Z100,Z03,ZAR
4500000706,AN,2025-08-24T00:00:00,0001000005,Z100,Z03,ZAR
4500000707,AN,2025-09-28T00:00:00,0001000005,Z100,Z02,ZAR
4500000708,AN,2025-10-06T00:00:00,0001000005,Z100,Z01,ZAR
4500000709,AN,2026-06-09T00:00:00,0001000005,Z100,Z03,ZAR
4500000710,WK,2024-09-25T00:00:00,0001000005,Z100,Z02,ZAR
4500000711,WK,2025-05-28T00:00:00,0001000005,Z100,Z02,ZAR
4500000712,ZDOM,2026-05-18T00:00:00,0001000005,Z100,Z03,ZAR
4500000713,ZDOM,2024-09-11T00:00:00,0001000034,Z100,Z02,ZAR
4500000714,WK,2024-10-16T00:00:00,0001000034,Z100,Z03,ZAR
4500000715,ZDOM,2025-06-11T00:00:00,0001000034,Z100,Z01,ZAR
4500000716,WK,2025-06-18T00:00:00,0001000034,Z100,Z03,ZAR
4500000717,AN,2026-02-04T00:00:00,0001000034,Z100,Z03,ZAR
4500000718,WK,2026-05-29T00:00:00,0001000034,Z100,Z03,ZAR
4500000719,AN,2024-12-14T00:00:00,0001000005,Z100,Z03,ZAR
4500000720,ZDOM,2025-01-15T00:00:00,0001000005,Z100,Z02,ZAR
4500000721,WK,2025-02-21T00:00:00,0001000005,Z100,Z03,ZAR
4500000722,AN,2026-02-27T00:00:00,0001000005,Z100,Z03,ZAR
4500000723,WK,2025-10-02T00:00:00,0001000058,Z100,Z03,ZAR
4500000724,WK,2025-11-02T00:00:00,0001000058,Z100,Z02,ZAR
4500000725,WK,2026-01-02T00:00:00,0001000058,Z100,Z03,ZAR
4500000726,AN,2025-01-18T00:00:00,0001000045,Z100,Z03,ZAR
4500000727,AN,2025-03-04T00:00:00,0001000045,Z100,Z02,ZAR
4500000728,AN,2025-08-21T00:00:00,0001000045,Z100,Z03,ZAR
4500000729,WK,2026-02-14T00:00:00,0001000045,Z100,Z03,ZAR
4500000730,ZDOM,2026-04-23T00:00:00,0001000045,Z100,Z02,ZAR
4500000731,ZDOM,2026-05-23T00:00:00,0001000045,Z100,Z01,ZAR
4500000732,AN,2024-11-03T00:00:00,0001000013,Z100,Z02,ZAR
4500000733,WK,2024-12-29T00:00:00,0001000013,Z100,Z01,ZAR
4500000734,ZDOM,2025-07-19T00:00:00,0001000013,Z100,Z03,ZAR
4500000735,AN,2026-05-31T00:00:00,0001000013,Z100,Z03,ZAR
4500000736,ZDOM,2024-12-25T00:00:00,0001000023,Z100,Z03,ZAR
4500000737,WK,2025-02-08T00:00:00,0001000023,Z100,Z03,ZAR
4500000738,ZDOM,2025-06-16T00:00:00,0001000023,Z100,Z03,ZAR
4500000739,ZDOM,2025-07-08T00:00:00,0001000023,Z100,Z03,ZAR
4500000740,ZDOM,2025-11-15T00:00:00,0001000023,Z100,Z01,ZAR
4500000741,ZDOM,2025-12-25T00:00:00,0001000023,Z100,Z02,ZAR
4500000742,ZDOM,2026-04-23T00:00:00,0001000023,Z100,Z02,ZAR
4500000743,WK,2026-08-13T00:00:00,0001000023,Z100,Z02,ZAR
4500000744,AN,2024-09-19T00:00:00,0001000048,Z100,Z02,ZAR
4500000745,ZDOM,2025-03-04T00:00:00,0001000048,Z100,Z01,ZAR
4500000746,WK,2025-03-24T00:00:00,0001000048,Z100,Z02,ZAR
4500000747,WK,2026-08-17T00:00:00,0001000048,Z100,Z03,ZAR
4500000748,WK,2024-10-26T00:00:00,0001000048,Z100,Z02,ZAR
4500000749,WK,2025-05-18T00:00:00,0001000048,Z100,Z02,ZAR
4500000750,WK,2026-05-05T00:00:00,0001000048,Z100,Z03,ZAR
4500000751,WK,2025-04-30T00:00:00,0001000033,Z100,Z02,ZAR
4500000752,WK,2025-10-19T00:00:00,0001000033,Z100,Z01,ZAR
4500000753,ZDOM,2026-03-16T00:00:00,0001000033,Z100,Z01,ZAR
4500000754,AN,2026-04-17T00:00:00,0001000033,Z100,Z03,ZAR
4500000755,AN,2024-12-06T00:00:00,0001000040,Z100,Z03,ZAR
4500000756,ZDOM,2025-05-01T00:00:00,0001000040,Z100,Z03,ZAR
4500000757,AN,2025-11-30T00:00:00,0001000040,Z100,Z03,ZAR
4500000758,AN,2026-01-03T00:00:00,0001000040,Z100,Z03,ZAR
4500000759,ZDOM,2026-08-25T00:00:00,0001000040,Z100,Z03,ZAR
4500000760,WK,2024-09-16T00:00:00,0001000037,Z100,Z02,ZAR
4500000761,AN,2024-12-21T00:00:00,0001000037,Z100,Z03,ZAR
4500000762,ZDOM,2025-08-30T00:00:00,0001000037,Z100,Z02,ZAR
4500000763,AN,2025-09-28T00:00:00,0001000037,Z100,Z03,ZAR
4500000764,WK,2025-10-31T00:00:00,0001000037,Z100,Z01,ZAR
4500000765,WK,2025-12-05T00:00:00,0001000037,Z100,Z02,ZAR
4500000766,ZDOM,2026-02-21T00:00:00,0001000037,Z100,Z01,ZAR
4500000767,WK,2024-09-18T00:00:00,0001000037,Z100,Z03,ZAR
4500000768,AN,2025-08-18T00:00:00,0001000037,Z100,Z02,ZAR
4500000769,AN,2026-07-23T00:00:00,0001000037,Z100,Z02,ZAR
4500000770,ZDOM,2024-09-20T00:00:00,0001000050,Z100,Z03,ZAR
4500000771,WK,2024-11-03T00:00:00,0001000050,Z100,Z02,ZAR
4500000772,AN,2024-11-15T00:00:00,0001000050,Z100,Z02,ZAR
4500000773,AN,2025-06-17T00:00:00,0001000050,Z100,Z02,ZAR
4500000774,ZDOM,2025-11-22T00:00:00,0001000050,Z100,Z03,ZAR
4500000775,ZDOM,2026-08-15T00:00:00,0001000050,Z100,Z02,ZAR
4500000776,AN,2024-10-01T00:00:00,0001000055,Z100,Z01,ZAR
4500000777,WK,2025-06-13T00:00:00,0001000055,Z100,Z02,ZAR
4500000778,AN,2026-02-15T00:00:00,0001000055,Z100,Z02,ZAR
4500000779,ZDOM,2024-09-27T00:00:00,0001000041,Z100,Z02,ZAR
4500000780,ZDOM,2025-02-03T00:00:00,0001000041,Z100,Z01,ZAR
4500000781,WK,2025-07-07T00:00:00,0001000041,Z100,Z02,ZAR
4500000782,ZDOM,2025-11-10T00:00:00,0001000041,Z100,Z01,ZAR
4500000783,WK,2026-05-07T00:00:00,0001000041,Z100,Z01,ZAR
4500000784,AN,2024-10-03T00:00:00,0001000041,Z100,Z02,ZAR
4500000785,AN,2025-01-10T00:00:00,0001000041,Z100,Z02,ZAR
4500000786,WK,2025-06-08T00:00:00,0001000041,Z100,Z03,ZAR
4500000787,WK,2025-10-15T00:00:00,0001000041,Z100,Z02,ZAR
4500000788,AN,2026-02-02T00:00:00,0001000041,Z100,Z01,ZAR
4500000789,AN,2026-02-26T00:00:00,0001000041,Z100,Z02,ZAR
4500000790,ZDOM,2026-07-20T00:00:00,0001000041,Z100,Z02,ZAR
4500000791,AN,2024-09-24T00:00:00,0001000049,Z100,Z01,ZAR
4500000792,WK,2024-10-28T00:00:00,0001000049,Z100,Z02,ZAR
4500000793,ZDOM,2024-11-10T00:00:00,0001000049,Z100,Z01,ZAR
4500000794,ZDOM,2025-02-23T00:00:00,0001000049,Z100,Z03,ZAR
4500000795,AN,2026-01-29T00:00:00,0001000049,Z100,Z03,ZAR
4500000796,AN,2026-08-04T00:00:00,0001000049,Z100,Z01,ZAR
4500000797,WK,2024-09-24T00:00:00,0001000059,Z100,Z01,ZAR
4500000798,WK,2024-10-25T00:00:00,0001000059,Z100,Z03,ZAR
4500000799,AN,2025-02-14T00:00:00,0001000059,Z100,Z03,ZAR
4500000800,ZDOM,2025-05-18T00:00:00,0001000059,Z100,Z03,ZAR
4500000801,ZDOM,2026-02-21T00:00:00,0001000059,Z100,Z03,ZAR
4500000802,AN,2026-05-11T00:00:00,0001000059,Z100,Z02,ZAR
4500000803,WK,2024-10-19T00:00:00,0001000047,Z100,Z03,ZAR
4500000804,AN,2025-03-10T00:00:00,0001000047,Z100,Z03,ZAR
4500000805,ZDOM,2025-03-23T00:00:00,0001000047,Z100,Z03,ZAR
4500000806,ZDOM,2025-10-14T00:00:00,0001000047,Z100,Z02,ZAR
4500000807,WK,2025-12-20T00:00:00,0001000047,Z100,Z02,ZAR
4500000808,ZDOM,2026-07-03T00:00:00,0001000047,Z100,Z01,ZAR
4500000809,ZDOM,2026-07-20T00:00:00,0001000047,Z100,Z02,ZAR
4500000810,WK,2026-09-04T00:00:00,0001000047,Z100,Z03,ZAR
4500000811,WK,2025-01-22T00:00:00,0001000047,Z100,Z01,ZAR
4500000812,ZDOM,2025-08-06T00:00:00,0001000047,Z100,Z03,ZAR
4500000813,WK,2026-07-02T00:00:00,0001000047,Z100,Z02,ZAR
4500000814,AN,2024-09-07T00:00:00,0001000022,Z100,Z03,ZAR
4500000815,ZDOM,2025-02-19T00:00:00,0001000022,Z100,Z02,ZAR
4500000816,ZDOM,2025-03-29T00:00:00,0001000022,Z100,Z03,ZAR
4500000817,AN,2025-06-20T00:00:00,0001000022,Z100,Z01,ZAR
4500000818,AN,2026-02-04T00:00:00,0001000022,Z100,Z02,ZAR
4500000819,WK,2026-03-18T00:00:00,0001000022,Z100,Z03,ZAR
4500000820,ZDOM,2026-06-08T00:00:00,0001000022,Z100,Z02,ZAR
4500000821,AN,2024-09-23T00:00:00,0001000035,Z100,Z01,ZAR
4500000822,ZDOM,2025-02-02T00:00:00,0001000035,Z100,Z02,ZAR
4500000823,ZDOM,2025-06-08T00:00:00,0001000035,Z100,Z01,ZAR
4500000824,AN,2025-07-27T00:00:00,0001000035,Z100,Z02,ZAR
4500000825,AN,2025-11-28T00:00:00,0001000035,Z100,Z01,ZAR
4500000826,AN,2026-04-06T00:00:00,0001000035,Z100,Z02,ZAR
4500000827,ZDOM,2026-07-13T00:00:00,0001000035,Z100,Z01,ZAR
4500000828,ZDOM,2024-10-16T00:00:00,0001000029,Z100,Z03,ZAR
4500000829,AN,2026-03-10T00:00:00,0001000029,Z100,Z02,ZAR
4500000830,ZDOM,2024-10-24T00:00:00,0001000004,Z100,Z01,ZAR
4500000831,ZDOM,2025-04-25T00:00:00,0001000004,Z100,Z03,ZAR
4500000832,WK,2025-10-28T00:00:00,0001000004,Z100,Z03,ZAR
4500000833,WK,2026-07-14T00:00:00,0001000004,Z100,Z02,ZAR
4500000834,WK,2025-01-24T00:00:00,0001000052,Z100,Z03,ZAR
4500000835,ZDOM,2025-05-20T00:00:00,0001000052,Z100,Z03,ZAR
4500000836,ZDOM,2025-07-02T00:00:00,0001000052,Z100,Z02,ZAR
4500000837,ZDOM,2025-08-27T00:00:00,0001000052,Z100,Z02,ZAR
4500000838,WK,2026-04-18T00:00:00,0001000052,Z100,Z02,ZAR
4500000839,AN,2024-09-19T00:00:00,0001000027,Z100,Z02,ZAR
4500000840,ZDOM,2025-01-16T00:00:00,0001000027,Z100,Z01,ZAR
4500000841,ZDOM,2025-06-06T00:00:00,0001000027,Z100,Z03,ZAR
4500000842,AN,2025-07-01T00:00:00,0001000027,Z100,Z02,ZAR
4500000843,WK,2025-08-24T00:00:00,0001000027,Z100,Z03,ZAR
4500000844,AN,2026-01-06T00:00:00,0001000027,Z100,Z01,ZAR
4500000845,AN,2026-02-08T00:00:00,0001000027,Z100,Z01,ZAR
4500000846,WK,2026-06-03T00:00:00,0001000027,Z100,Z02,ZAR
4500000847,AN,2026-09-07T00:00:00,0001000027,Z100,Z01,ZAR
4500000848,AN,2024-09-11T00:00:00,0001000000,Z100,Z03,ZAR
4500000849,ZDOM,2024-11-20T00:00:00,0001000000,Z100,Z01,ZAR
4500000850,WK,2024-12-16T00:00:00,0001000000,Z100,Z02,ZAR
4500000851,ZDOM,2025-04-06T00:00:00,0001000000,Z100,Z03,ZAR
4500000852,ZDOM,2025-05-01T00:00:00,0001000000,Z100,Z03,ZAR
4500000853,AN,2025-10-27T00:00:00,0001000000,Z100,Z02,ZAR
4500000854,AN,2026-02-04T00:00:00,0001000000,Z100,Z02,ZAR
4500000855,ZDOM,2026-08-25T00:00:00,0001000000,Z100,Z02,ZAR
4500000856,WK,2025-05-15T00:00:00,0001000046,Z100,Z03,ZAR
4500000857,ZDOM,2026-07-10T00:00:00,0001000046,Z100,Z01,ZAR
4500000858,ZDOM,2024-12-15T00:00:00,0001000029,Z100,Z03,ZAR
4500000859,ZDOM,2025-08-19T00:00:00,0001000029,Z100,Z01,ZAR
4500000860,AN,2025-11-11T00:00:00,0001000029,Z100,Z01,ZAR
4500000861,AN,2026-09-07T00:00:00,0001000029,Z100,Z03,ZAR
4500000862,WK,2026-02-13T00:00:00,0001000041,Z100,Z03,ZAR
4500000863,AN,2026-05-25T00:00:00,0001000041,Z100,Z01,ZAR
4500000864,WK,2024-10-25T00:00:00,0001000056,Z100,Z03,ZAR
4500000865,WK,2025-06-09T00:00:00,0001000056,Z100,Z03,ZAR
4500000866,WK,2025-08-04T00:00:00,0001000056,Z100,Z03,ZAR
4500000867,WK,2025-08-19T00:00:00,0001000056,Z100,Z02,ZAR
4500000868,AN,2025-10-05T00:00:00,0001000056,Z100,Z02,ZAR
4500000869,WK,2026-02-22T00:00:00,0001000056,Z100,Z03,ZAR
4500000870,AN,2026-06-21T00:00:00,0001000056,Z100,Z01,ZAR
4500000871,WK,2024-10-04T00:00:00,0001000030,Z100,Z01,ZAR
4500000872,ZDOM,2025-07-23T00:00:00,0001000030,Z100,Z03,ZAR
4500000873,ZDOM,2026-02-17T00:00:00,0001000030,Z100,Z02,ZAR
4500000874,AN,2026-08-30T00:00:00,0001000030,Z100,Z03,ZAR
4500000875,ZDOM,2025-03-06T00:00:00,0001000013,Z100,Z02,ZAR
4500000876,ZDOM,2025-04-23T00:00:00,0001000013,Z100,Z02,ZAR
4500000877,WK,2025-08-09T00:00:00,0001000013,Z100,Z01,ZAR
4500000878,WK,2025-09-17T00:00:00,0001000013,Z100,Z02,ZAR
4500000879,ZDOM,2024-12-31T00:00:00,0001000050,Z100,Z01,ZAR
4500000880,AN,2025-04-04T00:00:00,0001000050,Z100,Z02,ZAR
4500000881,AN,2025-09-29T00:00:00,0001000050,Z100,Z03,ZAR
4500000882,ZDOM,2026-03-27T00:00:00,0001000050,Z100,Z03,ZAR
4500000883,ZDOM,2026-08-22T00:00:00,0001000050,Z100,Z03,ZAR
4500000884,ZDOM,2024-10-28T00:00:00,0001000048,Z100,Z03,ZAR
4500000885,AN,2025-03-01T00:00:00,0001000048,Z100,Z01,ZAR
4500000886,AN,2025-12-03T00:00:00,0001000048,Z100,Z01,ZAR
4500000887,AN,2026-01-22T00:00:00,0001000048,Z100,Z03,ZAR
4500000888,ZDOM,2026-02-04T00:00:00,0001000048,Z100,Z03,ZAR
4500000889,WK,2026-03-18T00:00:00,0001000048,Z100,Z02,ZAR
4500000890,AN,2024-10-01T00:00:00,0001000046,Z100,Z03,ZAR
4500000891,ZDOM,2025-09-19T00:00:00,0001000046,Z100,Z01,ZAR
4500000892,ZDOM,2026-08-08T00:00:00,0001000031,Z100,Z03,ZAR
4500000893,ZDOM,2024-09-21T00:00:00,0001000044,Z100,Z01,ZAR
4500000894,WK,2024-12-05T00:00:00,0001000044,Z100,Z03,ZAR
4500000895,AN,2025-04-12T00:00:00,0001000044,Z100,Z01,ZAR
4500000896,ZDOM,2025-05-17T00:00:00,0001000044,Z100,Z03,ZAR
4500000897,ZDOM,2026-06-04T00:00:00,0001000044,Z100,Z02,ZAR
4500000898,WK,2026-06-20T00:00:00,0001000044,Z100,Z03,ZAR
4500000899,WK,2026-05-14T00:00:00,0001000019,Z100,Z03,ZAR
4500000900,ZDOM,2024-09-20T00:00:00,0001000029,Z100,Z01,ZAR
4500000901,AN,2025-09-27T00:00:00,0001000029,Z100,Z03,ZAR
4500000902,WK,2025-10-19T00:00:00,0001000029,Z100,Z02,ZAR
4500000903,ZDOM,2026-09-07T00:00:00,0001000029,Z100,Z02,ZAR
4500000904,WK,2025-02-21T00:00:00,0001000044,Z100,Z01,ZAR
4500000905,AN,2025-07-06T00:00:00,0001000044,Z100,Z01,ZAR
4500000906,AN,2025-10-06T00:00:00,0001000044,Z100,Z01,ZAR
4500000907,WK,2025-08-12T00:00:00,0001000001,Z100,Z02,ZAR
4500000908,AN,2025-09-09T00:00:00,0001000001,Z100,Z03,ZAR
4500000909,ZDOM,2025-10-11T00:00:00,0001000001,Z100,Z03,ZAR
4500000910,AN,2025-12-07T00:00:00,0001000001,Z100,Z01,ZAR
4500000911,ZDOM,2025-04-21T00:00:00,0001000001,Z100,Z01,ZAR
4500000912,WK,2025-07-27T00:00:00,0001000001,Z100,Z03,ZAR
4500000913,ZDOM,2025-12-09T00:00:00,0001000001,Z100,Z01,ZAR
4500000914,AN,2026-02-08T00:00:00,0001000001,Z100,Z01,ZAR
4500000915,ZDOM,2026-08-13T00:00:00,0001000001,Z100,Z03,ZAR
4500000916,WK,2024-09-20T00:00:00,0001000024,Z100,Z01,ZAR
4500000917,WK,2024-12-09T00:00:00,0001000024,Z100,Z01,ZAR
4500000918,WK,2025-01-18T00:00:00,0001000024,Z100,Z02,ZAR
4500000919,ZDOM,2025-03-31T00:00:00,0001000024,Z100,Z03,ZAR
4500000920,WK,2025-04-14T00:00:00,0001000024,Z100,Z03,ZAR
4500000921,WK,2025-10-06T00:00:00,0001000024,Z100,Z01,ZAR
4500000922,WK,2025-11-23T00:00:00,0001000024,Z100,Z01,ZAR
4500000923,AN,2025-12-14T00:00:00,0001000024,Z100,Z03,ZAR
4500000924,AN,2026-04-28T00:00:00,0001000024,Z100,Z03,ZAR
4500000925,ZDOM,2026-05-29T00:00:00,0001000024,Z100,Z02,ZAR
4500000926,AN,2025-02-05T00:00:00,0001000024,Z100,Z03,ZAR
4500000927,WK,2025-03-16T00:00:00,0001000024,Z100,Z03,ZAR
4500000928,WK,2025-05-06T00:00:00,0001000024,Z100,Z01,ZAR
4500000929,ZDOM,2025-06-20T00:00:00,0001000024,Z100,Z03,ZAR
4500000930,AN,2025-11-14T00:00:00,0001000024,Z100,Z03,ZAR
4500000931,ZDOM,2026-03-17T00:00:00,0001000024,Z100,Z03,ZAR
4500000932,ZDOM,2026-05-02T00:00:00,0001000024,Z100,Z03,ZAR
4500000933,WK,2026-08-20T00:00:00,0001000024,Z100,Z01,ZAR
4500000934,ZDOM,2024-11-25T00:00:00,0001000037,Z100,Z03,ZAR
4500000935,AN,2025-06-22T00:00:00,0001000037,Z100,Z02,ZAR
4500000936,WK,2025-10-28T00:00:00,0001000037,Z100,Z01,ZAR
4500000937,AN,2025-11-14T00:00:00,0001000037,Z100,Z03,ZAR
4500000938,AN,2026-05-07T00:00:00,0001000037,Z100,Z03,ZAR
4500000939,WK,2024-09-09T00:00:00,0001000006,Z100,Z03,ZAR
4500000940,AN,2024-12-07T00:00:00,0001000006,Z100,Z03,ZAR
4500000941,WK,2025-01-16T00:00:00,0001000006,Z100,Z02,ZAR
4500000942,WK,2025-05-01T00:00:00,0001000006,Z100,Z01,ZAR
4500000943,WK,2025-08-09T00:00:00,0001000006,Z100,Z02,ZAR
4500000944,AN,2025-10-12T00:00:00,0001000006,Z100,Z01,ZAR
4500000945,AN,2026-01-04T00:00:00,0001000006,Z100,Z03,ZAR
4500000946,AN,2026-09-07T00:00:00,0001000006,Z100,Z01,ZAR
4500000947,WK,2024-10-07T00:00:00,0001000036,Z100,Z02,ZAR
4500000948,WK,2025-01-03T00:00:00,0001000036,Z100,Z03,ZAR
4500000949,AN,2025-03-31T00:00:00,0001000036,Z100,Z01,ZAR
4500000950,AN,2025-08-30T00:00:00,0001000036,Z100,Z02,ZAR
4500000951,AN,2025-10-09T00:00:00,0001000036,Z100,Z02,ZAR
4500000952,ZDOM,2025-11-01T00:00:00,0001000036,Z100,Z02,ZAR
4500000953,WK,2025-11-12T00:00:00,0001000036,Z100,Z03,ZAR
4500000954,AN,2026-01-01T00:00:00,0001000036,Z100,Z01,ZAR
4500000955,WK,2026-01-23T00:00:00,0001000036,Z100,Z01,ZAR
4500000956,AN,2024-10-27T00:00:00,0001000021,Z100,Z01,ZAR
4500000957,AN,2025-04-10T00:00:00,0001000021,Z100,Z03,ZAR
4500000958,AN,2025-07-30T00:00:00,0001000021,Z100,Z03,ZAR
4500000959,AN,2026-02-12T00:00:00,0001000021,Z100,Z03,ZAR
4500000960,WK,2026-03-29T00:00:00,0001000021,Z100,Z03,ZAR
4500000961,AN,2026-04-18T00:00:00,0001000021,Z100,Z02,ZAR
4500000962,ZDOM,2026-05-25T00:00:00,0001000021,Z100,Z01,ZAR
4500000963,WK,2026-06-10T00:00:00,0001000021,Z100,Z03,ZAR
4500000964,ZDOM,2024-09-09T00:00:00,0001000021,Z100,Z01,ZAR
4500000965,ZDOM,2025-03-22T00:00:00,0001000021,Z100,Z01,ZAR
4500000966,AN,2025-08-18T00:00:00,0001000021,Z100,Z03,ZAR
4500000967,ZDOM,2026-02-16T00:00:00,0001000021,Z100,Z03,ZAR
4500000968,AN,2026-05-14T00:00:00,0001000021,Z100,Z03,ZAR
4500000969,AN,2024-10-06T00:00:00,0001000019,Z100,Z01,ZAR
4500000970,AN,2026-06-26T00:00:00,0001000019,Z100,Z02,ZAR
4500000971,ZDOM,2026-07-08T00:00:00,0001000019,Z100,Z03,ZAR
4500000972,AN,2026-08-12T00:00:00,0001000019,Z100,Z02,ZAR
4500000973,AN,2024-09-15T00:00:00,0001000049,Z100,Z03,ZAR
4500000974,ZDOM,2025-04-08T00:00:00,0001000049,Z100,Z03,ZAR
4500000975,WK,2025-12-07T00:00:00,0001000049,Z100,Z01,ZAR
4500000976,ZDOM,2026-07-01T00:00:00,0001000049,Z100,Z03,ZAR
4500000977,ZDOM,2024-11-29T00:00:00,0001000044,Z100,Z03,ZAR
4500000978,ZDOM,2025-07-10T00:00:00,0001000044,Z100,Z02,ZAR
4500000979,ZDOM,2025-08-12T00:00:00,0001000044,Z100,Z03,ZAR
4500000980,WK,2025-10-14T00:00:00,0001000044,Z100,Z01,ZAR
4500000981,AN,2026-07-26T00:00:00,0001000044,Z100,Z02,ZAR
4500000982,AN,2024-09-23T00:00:00,0001000044,Z100,Z02,ZAR
4500000983,AN,2024-10-28T00:00:00,0001000044,Z100,Z01,ZAR
4500000984,AN,2025-10-03T00:00:00,0001000044,Z100,Z02,ZAR
4500000985,WK,2026-02-06T00:00:00,0001000044,Z100,Z02,ZAR
4500000986,AN,2025-01-30T00:00:00,0001000050,Z100,Z01,ZAR
4500000987,AN,2025-09-02T00:00:00,0001000050,Z100,Z02,ZAR
4500000988,AN,2025-12-11T00:00:00,0001000050,Z100,Z01,ZAR
4500000989,WK,2026-01-29T00:00:00,0001000050,Z100,Z02,ZAR
4500000990,AN,2024-10-14T00:00:00,0001000050,Z100,Z01,ZAR
4500000991,AN,2026-04-07T00:00:00,0001000050,Z100,Z03,ZAR
4500000992,ZDOM,2026-05-05T00:00:00,0001000050,Z100,Z02,ZAR
4500000993,ZDOM,2024-09-13T00:00:00,0001000010,Z100,Z02,ZAR
4500000994,AN,2024-10-09T00:00:00,0001000010,Z100,Z01,ZAR
4500000995,AN,2024-11-30T00:00:00,0001000010,Z100,Z01,ZAR
4500000996,AN,2025-01-05T00:00:00,0001000010,Z100,Z03,ZAR
4500000997,AN,2025-08-25T00:00:00,0001000010,Z100,Z02,ZAR
4500000998,ZDOM,2025-09-26T00:00:00,0001000010,Z100,Z03,ZAR
4500000999,AN,2026-05-18T00:00:00,0001000010,Z100,Z03,ZAR
4500001000,AN,2024-09-23T00:00:00,0001000020,Z100,Z01,ZAR
4500001001,ZDOM,2026-05-15T00:00:00,0001000020,Z100,Z01,ZAR
4500001002,WK,2026-06-16T00:00:00,0001000006,Z100,Z03,ZAR
4500001003,AN,2024-09-22T00:00:00,0001000033,Z100,Z03,ZAR
4500001004,WK,2025-03-07T00:00:00,0001000033,Z100,Z03,ZAR
4500001005,WK,2026-06-28T00:00:00,0001000033,Z100,Z03,ZAR
4500001006,AN,2024-11-06T00:00:00,0001000000,Z100,Z01,ZAR
4500001007,WK,2025-03-27T00:00:00,0001000000,Z100,Z03,ZAR
4500001008,ZDOM,2025-04-03T00:00:00,0001000000,Z100,Z03,ZAR
4500001009,ZDOM,2025-05-04T00:00:00,0001000000,Z100,Z01,ZAR
4500001010,WK,2026-03-13T00:00:00,0001000000,Z100,Z01,ZAR
4500001011,WK,2024-09-29T00:00:00,0001000000,Z100,Z02,ZAR
4500001012,AN,2024-12-09T00:00:00,0001000000,Z100,Z02,ZAR
4500001013,WK,2025-07-21T00:00:00,0001000000,Z100,Z02,ZAR
4500001014,ZDOM,2026-03-10T00:00:00,0001000000,Z100,Z03,ZAR
4500001015,WK,2026-05-04T00:00:00,0001000000,Z100,Z02,ZAR
4500001016,ZDOM,2026-05-17T00:00:00,0001000027,Z100,Z03,ZAR
4500001017,ZDOM,2024-11-20T00:00:00,0001000014,Z100,Z02,ZAR
4500001018,WK,2026-01-23T00:00:00,0001000014,Z100,Z01,ZAR
4500001019,WK,2024-09-28T00:00:00,0001000047,Z100,Z03,ZAR
4500001020,ZDOM,2025-01-12T00:00:00,0001000047,Z100,Z01,ZAR
4500001021,ZDOM,2025-09-16T00:00:00,0001000047,Z100,Z01,ZAR
4500001022,WK,2026-03-14T00:00:00,0001000047,Z100,Z01,ZAR
4500001023,ZDOM,2024-11-26T00:00:00,0001000047,Z100,Z02,ZAR
4500001024,ZDOM,2025-04-13T00:00:00,0001000047,Z100,Z03,ZAR
4500001025,ZDOM,2025-05-19T00:00:00,0001000047,Z100,Z01,ZAR
4500001026,AN,2025-11-12T00:00:00,0001000047,Z100,Z01,ZAR
4500001027,AN,2026-05-26T00:00:00,0001000047,Z100,Z03,ZAR
4500001028,ZDOM,2026-06-21T00:00:00,0001000047,Z100,Z01,ZAR
4500001029,AN,2026-07-29T00:00:00,0001000047,Z100,Z02,ZAR
4500001030,WK,2024-10-11T00:00:00,0001000058,Z100,Z01,ZAR
4500001031,ZDOM,2025-08-31T00:00:00,0001000058,Z100,Z03,ZAR
4500001032,AN,2026-06-08T00:00:00,0001000058,Z100,Z01,ZAR
4500001033,ZDOM,2024-11-04T00:00:00,0001000010,Z100,Z01,ZAR
4500001034,AN,2025-01-04T00:00:00,0001000010,Z100,Z01,ZAR
4500001035,AN,2025-06-22T00:00:00,0001000010,Z100,Z03,ZAR
4500001036,ZDOM,2025-07-30T00:00:00,0001000010,Z100,Z02,ZAR
4500001037,WK,2025-11-13T00:00:00,0001000010,Z100,Z01,ZAR
4500001038,ZDOM,2025-12-23T00:00:00,0001000010,Z100,Z01,ZAR
4500001039,WK,2026-08-01T00:00:00,0001000010,Z100,Z03,ZAR
4500001040,ZDOM,2026-08-10T00:00:00,0001000010,Z100,Z01,ZAR
4500001041,AN,2026-08-09T00:00:00,0001000006,Z100,Z03,ZAR
4500001042,WK,2025-06-08T00:00:00,0001000006,Z100,Z02,ZAR
4500001043,WK,2025-12-02T00:00:00,0001000006,Z100,Z03,ZAR
4500001044,ZDOM,2025-12-28T00:00:00,0001000006,Z100,Z03,ZAR
4500001045,WK,2026-05-08T00:00:00,0001000006,Z100,Z01,ZAR
4500001046,ZDOM,2024-09-14T00:00:00,0001000049,Z100,Z02,ZAR
4500001047,AN,2024-10-07T00:00:00,0001000049,Z100,Z01,ZAR
4500001048,WK,2026-04-16T00:00:00,0001000049,Z100,Z02,ZAR
4500001049,WK,2025-03-17T00:00:00,0001000015,Z100,Z01,ZAR
4500001050,ZDOM,2025-10-01T00:00:00,0001000015,Z100,Z01,ZAR
4500001051,AN,2026-04-22T00:00:00,0001000015,Z100,Z03,ZAR
4500001052,ZDOM,2024-12-25T00:00:00,0001000015,Z100,Z01,ZAR
4500001053,ZDOM,2026-04-13T00:00:00,0001000015,Z100,Z02,ZAR
4500001054,AN,2026-05-05T00:00:00,0001000015,Z100,Z01,ZAR
4500001055,AN,2026-06-17T00:00:00,0001000015,Z100,Z01,ZAR
4500001056,WK,2026-08-09T00:00:00,0001000011,Z100,Z03,ZAR
4500001057,ZDOM,2024-10-30T00:00:00,0001000045,Z100,Z02,ZAR
4500001058,AN,2025-03-18T00:00:00,0001000045,Z100,Z02,ZAR
4500001059,AN,2025-08-03T00:00:00,0001000045,Z100,Z02,ZAR
4500001060,ZDOM,2025-11-22T00:00:00,0001000045,Z100,Z01,ZAR
4500001061,WK,2026-03-24T00:00:00,0001000045,Z100,Z03,ZAR
4500001062,AN,2026-07-11T00:00:00,0001000045,Z100,Z02,ZAR
4500001063,WK,2026-08-11T00:00:00,0001000045,Z100,Z01,ZAR
4500001064,ZDOM,2024-11-05T00:00:00,0001000018,Z100,Z03,ZAR
4500001065,WK,2024-11-13T00:00:00,0001000018,Z100,Z01,ZAR
4500001066,ZDOM,2026-04-24T00:00:00,0001000018,Z100,Z02,ZAR
4500001067,WK,2024-09-22T00:00:00,0001000018,Z100,Z03,ZAR
4500001068,AN,2024-10-20T00:00:00,0001000018,Z100,Z01,ZAR
4500001069,WK,2024-12-03T00:00:00,0001000018,Z100,Z03,ZAR
4500001070,WK,2024-12-18T00:00:00,0001000018,Z100,Z01,ZAR
4500001071,WK,2025-08-06T00:00:00,0001000018,Z100,Z02,ZAR
4500001072,WK,2025-12-30T00:00:00,0001000018,Z100,Z01,ZAR
4500001073,ZDOM,2026-08-19T00:00:00,0001000018,Z100,Z03,ZAR
4500001074,AN,2024-10-03T00:00:00,0001000059,Z100,Z03,ZAR
4500001075,WK,2025-01-12T00:00:00,0001000059,Z100,Z03,ZAR
4500001076,ZDOM,2025-09-05T00:00:00,0001000059,Z100,Z02,ZAR
4500001077,WK,2025-11-03T00:00:00,0001000059,Z100,Z02,ZAR
4500001078,ZDOM,2026-02-08T00:00:00,0001000059,Z100,Z02,ZAR
4500001079,WK,2025-09-20T00:00:00,0001000038,Z100,Z02,ZAR
4500001080,AN,2025-10-19T00:00:00,0001000038,Z100,Z01,ZAR
4500001081,WK,2025-11-28T00:00:00,0001000038,Z100,Z03,ZAR
4500001082,ZDOM,2024-09-16T00:00:00,0001000011,Z100,Z01,ZAR
4500001083,WK,2025-03-02T00:00:00,0001000011,Z100,Z03,ZAR
4500001084,ZDOM,2025-11-03T00:00:00,0001000011,Z100,Z02,ZAR
4500001085,ZDOM,2026-03-18T00:00:00,0001000011,Z100,Z01,ZAR
4500001086,AN,2024-10-14T00:00:00,0001000039,Z100,Z01,ZAR
4500001087,ZDOM,2025-04-03T00:00:00,0001000039,Z100,Z01,ZAR
4500001088,ZDOM,2025-08-23T00:00:00,0001000039,Z100,Z02,ZAR
4500001089,AN,2025-10-09T00:00:00,0001000039,Z100,Z03,ZAR
4500001090,ZDOM,2025-12-31T00:00:00,0001000039,Z100,Z03,ZAR
4500001091,AN,2026-05-08T00:00:00,0001000039,Z100,Z03,ZAR
4500001092,AN,2026-07-09T00:00:00,0001000039,Z100,Z02,ZAR
4500001093,WK,2026-07-15T00:00:00,0001000039,Z100,Z02,ZAR
4500001094,WK,2024-09-13T00:00:00,0001000035,Z100,Z01,ZAR
4500001095,AN,2025-02-10T00:00:00,0001000035,Z100,Z03,ZAR
4500001096,WK,2025-07-24T00:00:00,0001000035,Z100,Z02,ZAR
4500001097,AN,2025-12-01T00:00:00,0001000035,Z100,Z03,ZAR
4500001098,ZDOM,2026-05-01T00:00:00,0001000035,Z100,Z02,ZAR
4500001099,AN,2024-10-04T00:00:00,0001000035,Z100,Z03,ZAR
4500001100,AN,2025-03-05T00:00:00,0001000035,Z100,Z02,ZAR
4500001101,ZDOM,2025-03-23T00:00:00,0001000035,Z100,Z02,ZAR
4500001102,AN,2025-07-11T00:00:00,0001000035,Z100,Z01,ZAR
4500001103,ZDOM,2025-07-20T00:00:00,0001000035,Z100,Z02,ZAR
4500001104,AN,2025-08-17T00:00:00,0001000035,Z100,Z03,ZAR
4500001105,WK,2026-01-24T00:00:00,0001000035,Z100,Z03,ZAR
4500001106,AN,2026-06-27T00:00:00,0001000035,Z100,Z01,ZAR
4500001107,ZDOM,2024-09-14T00:00:00,0001000011,Z100,Z03,ZAR
4500001108,AN,2024-11-18T00:00:00,0001000011,Z100,Z01,ZAR
4500001109,ZDOM,2025-01-25T00:00:00,0001000011,Z100,Z02,ZAR
4500001110,WK,2025-03-16T00:00:00,0001000011,Z100,Z01,ZAR
4500001111,WK,2025-07-12T00:00:00,0001000011,Z100,Z02,ZAR
4500001112,ZDOM,2025-09-08T00:00:00,0001000011,Z100,Z03,ZAR
4500001113,AN,2025-10-16T00:00:00,0001000011,Z100,Z01,ZAR
4500001114,AN,2025-12-26T00:00:00,0001000011,Z100,Z02,ZAR
4500001115,ZDOM,2026-02-07T00:00:00,0001000011,Z100,Z02,ZAR
4500001116,WK,2026-06-26T00:00:00,0001000011,Z100,Z02,ZAR
4500001117,AN,2026-09-07T00:00:00,0001000011,Z100,Z02,ZAR
4500001118,ZDOM,2024-09-19T00:00:00,0001000011,Z100,Z02,ZAR
4500001119,WK,2025-02-27T00:00:00,0001000011,Z100,Z03,ZAR
4500001120,AN,2025-07-31T00:00:00,0001000011,Z100,Z03,ZAR
4500001121,ZDOM,2026-01-11T00:00:00,0001000011,Z100,Z02,ZAR
4500001122,ZDOM,2026-01-09T00:00:00,0001000011,Z100,Z01,ZAR
4500001123,WK,2026-08-10T00:00:00,0001000011,Z100,Z01,ZAR
4500001124,ZDOM,2024-09-20T00:00:00,0001000028,Z100,Z03,ZAR
4500001125,ZDOM,2025-09-17T00:00:00,0001000028,Z100,Z02,ZAR
4500001126,AN,2025-10-20T00:00:00,0001000028,Z100,Z03,ZAR
4500001127,WK,2025-11-26T00:00:00,0001000028,Z100,Z03,ZAR
4500001128,AN,2025-12-16T00:00:00,0001000028,Z100,Z02,ZAR
4500001129,ZDOM,2024-10-07T00:00:00,0001000043,Z100,Z01,ZAR
4500001130,ZDOM,2024-10-16T00:00:00,0001000043,Z100,Z03,ZAR
4500001131,WK,2025-02-12T00:00:00,0001000043,Z100,Z01,ZAR
4500001132,AN,2025-03-27T00:00:00,0001000043,Z100,Z03,ZAR
4500001133,WK,2026-01-28T00:00:00,0001000043,Z100,Z02,ZAR
4500001134,ZDOM,2026-07-24T00:00:00,0001000043,Z100,Z01,ZAR
4500001135,WK,2026-08-24T00:00:00,0001000043,Z100,Z01,ZAR
4500001136,ZDOM,2024-11-29T00:00:00,0001000043,Z100,Z02,ZAR
4500001137,AN,2024-12-23T00:00:00,0001000043,Z100,Z01,ZAR
4500001138,WK,2026-02-23T00:00:00,0001000043,Z100,Z03,ZAR
4500001139,AN,2024-09-28T00:00:00,0001000029,Z100,Z02,ZAR
4500001140,WK,2025-03-21T00:00:00,0001000029,Z100,Z02,ZAR
4500001141,ZDOM,2025-09-30T00:00:00,0001000029,Z100,Z01,ZAR
4500001142,WK,2025-10-18T00:00:00,0001000029,Z100,Z01,ZAR
4500001143,WK,2026-05-02T00:00:00,0001000029,Z100,Z02,ZAR
4500001144,WK,2024-12-02T00:00:00,0001000024,Z100,Z01,ZAR
4500001145,WK,2025-11-25T00:00:00,0001000024,Z100,Z02,ZAR
4500001146,ZDOM,2026-02-18T00:00:00,0001000024,Z100,Z03,ZAR
4500001147,WK,2024-12-10T00:00:00,0001000024,Z100,Z01,ZAR
4500001148,ZDOM,2025-06-23T00:00:00,0001000024,Z100,Z01,ZAR
4500001149,AN,2025-09-21T00:00:00,0001000024,Z100,Z02,ZAR
4500001150,ZDOM,2025-10-27T00:00:00,0001000024,Z100,Z02,ZAR
4500001151,ZDOM,2025-11-13T00:00:00,0001000024,Z100,Z02,ZAR
4500001152,ZDOM,2026-05-03T00:00:00,0001000024,Z100,Z02,ZAR
4500001153,AN,2026-05-21T00:00:00,0001000024,Z100,Z01,ZAR
4500001154,WK,2026-06-21T00:00:00,0001000024,Z100,Z01,ZAR
4500001155,WK,2024-11-21T00:00:00,0001000044,Z100,Z02,ZAR
4500001156,ZDOM,2025-01-06T00:00:00,0001000044,Z100,Z03,ZAR
4500001157,WK,2025-04-23T00:00:00,0001000044,Z100,Z02,ZAR
4500001158,WK,2025-05-30T00:00:00,0001000044,Z100,Z02,ZAR
4500001159,AN,2025-07-30T00:00:00,0001000044,Z100,Z02,ZAR
4500001160,WK,2025-09-28T00:00:00,0001000044,Z100,Z02,ZAR
4500001161,AN,2025-11-10T00:00:00,0001000044,Z100,Z03,ZAR
4500001162,ZDOM,2026-06-09T00:00:00,0001000044,Z100,Z01,ZAR
4500001163,WK,2026-07-13T00:00:00,0001000044,Z100,Z02,ZAR
4500001164,ZDOM,2024-09-30T00:00:00,0001000045,Z100,Z02,ZAR
4500001165,ZDOM,2025-02-07T00:00:00,0001000045,Z100,Z02,ZAR
4500001166,ZDOM,2025-12-31T00:00:00,0001000045,Z100,Z01,ZAR
4500001167,WK,2024-09-14T00:00:00,0001000045,Z100,Z02,ZAR
4500001168,WK,2025-02-13T00:00:00,0001000045,Z100,Z02,ZAR
4500001169,AN,2025-08-02T00:00:00,0001000045,Z100,Z02,ZAR
4500001170,AN,2024-09-18T00:00:00,0001000000,Z100,Z03,ZAR
4500001171,AN,2025-05-06T00:00:00,0001000000,Z100,Z01,ZAR
4500001172,ZDOM,2025-07-26T00:00:00,0001000000,Z100,Z01,ZAR
4500001173,ZDOM,2026-07-10T00:00:00,0001000000,Z100,Z01,ZAR
4500001174,WK,2024-11-26T00:00:00,0001000004,Z100,Z01,ZAR
4500001175,WK,2025-06-27T00:00:00,0001000004,Z100,Z03,ZAR
4500001176,WK,2026-05-06T00:00:00,0001000004,Z100,Z01,ZAR
4500001177,ZDOM,2025-09-02T00:00:00,0001000010,Z100,Z02,ZAR
4500001178,WK,2024-10-12T00:00:00,0001000002,Z100,Z02,ZAR
4500001179,ZDOM,2025-05-31T00:00:00,0001000002,Z100,Z02,ZAR
4500001180,ZDOM,2026-03-15T00:00:00,0001000002,Z100,Z03,ZAR
4500001181,ZDOM,2024-10-29T00:00:00,0001000044,Z100,Z03,ZAR
4500001182,ZDOM,2024-11-11T00:00:00,0001000044,Z100,Z02,ZAR
4500001183,ZDOM,2025-08-15T00:00:00,0001000044,Z100,Z02,ZAR
4500001184,AN,2025-12-05T00:00:00,0001000044,Z100,Z02,ZAR
4500001185,WK,2026-01-10T00:00:00,0001000044,Z100,Z03,ZAR
4500001186,ZDOM,2025-02-19T00:00:00,0001000029,Z100,Z03,ZAR
4500001187,WK,2025-03-07T00:00:00,0001000029,Z100,Z03,ZAR
4500001188,ZDOM,2025-04-30T00:00:00,0001000029,Z100,Z03,ZAR
4500001189,ZDOM,2026-03-17T00:00:00,0001000029,Z100,Z02,ZAR
4500001190,WK,2024-10-16T00:00:00,0001000032,Z100,Z02,ZAR
4500001191,WK,2024-11-13T00:00:00,0001000032,Z100,Z02,ZAR
4500001192,ZDOM,2025-01-03T00:00:00,0001000032,Z100,Z03,ZAR
4500001193,AN,2025-03-11T00:00:00,0001000032,Z100,Z01,ZAR
4500001194,AN,2025-07-01T00:00:00,0001000032,Z100,Z03,ZAR
4500001195,WK,2026-04-14T00:00:00,0001000032,Z100,Z03,ZAR
4500001196,AN,2024-09-10T00:00:00,0001000032,Z100,Z01,ZAR
4500001197,AN,2025-04-18T00:00:00,0001000032,Z100,Z03,ZAR
4500001198,WK,2025-08-13T00:00:00,0001000032,Z100,Z02,ZAR
4500001199,ZDOM,2025-09-29T00:00:00,0001000032,Z100,Z03,ZAR
4500001200,AN,2025-10-27T00:00:00,0001000032,Z100,Z01,ZAR
4500001201,AN,2025-11-19T00:00:00,0001000032,Z100,Z01,ZAR
4500001202,WK,2025-12-29T00:00:00,0001000032,Z100,Z02,ZAR
4500001203,AN,2025-07-07T00:00:00,0001000043,Z100,Z02,ZAR
4500001204,AN,2025-12-30T00:00:00,0001000043,Z100,Z02,ZAR
4500001205,ZDOM,2024-11-19T00:00:00,0001000014,Z100,Z01,ZAR
4500001206,AN,2025-05-03T00:00:00,0001000014,Z100,Z02,ZAR
4500001207,ZDOM,2026-05-31T00:00:00,0001000014,Z100,Z01,ZAR
4500001208,AN,2025-07-02T00:00:00,0001000026,Z100,Z01,ZAR
4500001209,WK,2026-04-29T00:00:00,0001000026,Z100,Z02,ZAR
4500001210,WK,2026-01-10T00:00:00,0001000026,Z100,Z03,ZAR
4500001211,WK,2026-03-27T00:00:00,0001000026,Z100,Z03,ZAR
4500001212,AN,2026-04-11T00:00:00,0001000026,Z100,Z01,ZAR
4500001213,AN,2026-09-07T00:00:00,0001000026,Z100,Z01,ZAR
4500001214,ZDOM,2024-10-05T00:00:00,0001000036,Z100,Z01,ZAR
4500001215,AN,2024-11-27T00:00:00,0001000036,Z100,Z01,ZAR
4500001216,AN,2025-01-05T00:00:00,0001000036,Z100,Z03,ZAR
4500001217,WK,2025-09-26T00:00:00,0001000036,Z100,Z01,ZAR
4500001218,ZDOM,2025-10-05T00:00:00,0001000036,Z100,Z03,ZAR
4500001219,AN,2026-03-11T00:00:00,0001000036,Z100,Z02,ZAR
4500001220,ZDOM,2026-06-27T00:00:00,0001000036,Z100,Z02,ZAR
4500001221,WK,2024-09-13T00:00:00,0001000049,Z100,Z03,ZAR
4500001222,WK,2024-10-14T00:00:00,0001000049,Z100,Z02,ZAR
4500001223,WK,2024-11-20T00:00:00,0001000049,Z100,Z03,ZAR
4500001224,ZDOM,2025-05-17T00:00:00,0001000049,Z100,Z03,ZAR
4500001225,ZDOM,2025-10-08T00:00:00,0001000049,Z100,Z03,ZAR
4500001226,ZDOM,2026-03-31T00:00:00,0001000049,Z100,Z01,ZAR
4500001227,ZDOM,2026-09-06T00:00:00,0001000049,Z100,Z02,ZAR
4500001228,ZDOM,2025-03-31T00:00:00,0001000046,Z100,Z02,ZAR
4500001229,WK,2025-07-13T00:00:00,0001000046,Z100,Z01,ZAR
4500001230,ZDOM,2025-08-27T00:00:00,0001000046,Z100,Z01,ZAR
4500001231,WK,2026-01-15T00:00:00,0001000046,Z100,Z01,ZAR
4500001232,AN,2026-06-13T00:00:00,0001000046,Z100,Z03,ZAR
4500001233,ZDOM,2026-07-15T00:00:00,0001000046,Z100,Z03,ZAR
4500001234,ZDOM,2026-06-05T00:00:00,0001000013,Z100,Z03,ZAR
4500001235,WK,2026-07-12T00:00:00,0001000013,Z100,Z03,ZAR
4500001236,WK,2024-10-23T00:00:00,0001000037,Z100,Z03,ZAR
4500001237,ZDOM,2025-03-31T00:00:00,0001000037,Z100,Z02,ZAR
4500001238,AN,2025-05-06T00:00:00,0001000037,Z100,Z01,ZAR
4500001239,WK,2025-07-24T00:00:00,0001000037,Z100,Z03,ZAR
4500001240,AN,2025-10-03T00:00:00,0001000037,Z100,Z02,ZAR
4500001241,WK,2026-03-02T00:00:00,0001000037,Z100,Z01,ZAR
4500001242,AN,2026-07-25T00:00:00,0001000037,Z100,Z02,ZAR
4500001243,AN,2024-11-24T00:00:00,0001000037,Z100,Z03,ZAR
4500001244,ZDOM,2025-04-04T00:00:00,0001000037,Z100,Z02,ZAR
4500001245,AN,2025-05-30T00:00:00,0001000037,Z100,Z01,ZAR
4500001246,AN,2025-06-11T00:00:00,0001000037,Z100,Z02,ZAR
4500001247,WK,2025-10-01T00:00:00,0001000037,Z100,Z01,ZAR
4500001248,ZDOM,2025-10-10T00:00:00,0001000037,Z100,Z03,ZAR
4500001249,AN,2026-01-13T00:00:00,0001000037,Z100,Z03,ZAR
4500001250,ZDOM,2026-05-02T00:00:00,0001000037,Z100,Z02,ZAR
4500001251,AN,2026-07-14T00:00:00,0001000037,Z100,Z03,ZAR
4500001252,AN,2025-02-01T00:00:00,0001000048,Z100,Z01,ZAR
4500001253,AN,2025-12-20T00:00:00,0001000048,Z100,Z02,ZAR
4500001254,AN,2026-04-16T00:00:00,0001000048,Z100,Z03,ZAR
4500001255,ZDOM,2026-06-04T00:00:00,0001000048,Z100,Z02,ZAR
4500001256,WK,2026-06-22T00:00:00,0001000048,Z100,Z02,ZAR
4500001257,ZDOM,2026-08-06T00:00:00,0001000048,Z100,Z03,ZAR
4500001258,WK,2024-10-08T00:00:00,0001000041,Z100,Z01,ZAR
4500001259,WK,2024-10-22T00:00:00,0001000041,Z100,Z03,ZAR
4500001260,WK,2025-05-12T00:00:00,0001000041,Z100,Z03,ZAR
4500001261,WK,2026-01-09T00:00:00,0001000041,Z100,Z02,ZAR
4500001262,WK,2026-07-09T00:00:00,0001000041,Z100,Z02,ZAR
4500001263,ZDOM,2024-09-22T00:00:00,0001000028,Z100,Z02,ZAR
4500001264,ZDOM,2024-12-19T00:00:00,0001000028,Z100,Z03,ZAR
4500001265,WK,2025-03-31T00:00:00,0001000028,Z100,Z02,ZAR
4500001266,WK,2025-08-23T00:00:00,0001000028,Z100,Z01,ZAR
4500001267,AN,2025-10-06T00:00:00,0001000028,Z100,Z03,ZAR
4500001268,ZDOM,2026-01-08T00:00:00,0001000028,Z100,Z03,ZAR
4500001269,WK,2026-04-02T00:00:00,0001000028,Z100,Z02,ZAR
4500001270,ZDOM,2024-11-16T00:00:00,0001000047,Z100,Z01,ZAR
4500001271,WK,2024-12-13T00:00:00,0001000047,Z100,Z03,ZAR
4500001272,AN,2025-02-17T00:00:00,0001000047,Z100,Z02,ZAR
4500001273,ZDOM,2024-09-17T00:00:00,0001000056,Z100,Z01,ZAR
4500001274,WK,2025-01-20T00:00:00,0001000056,Z100,Z03,ZAR
4500001275,WK,2025-06-05T00:00:00,0001000056,Z100,Z02,ZAR
4500001276,WK,2025-12-16T00:00:00,0001000056,Z100,Z03,ZAR
4500001277,WK,2026-04-25T00:00:00,0001000056,Z100,Z02,ZAR
4500001278,AN,2025-09-06T00:00:00,0001000039,Z100,Z02,ZAR
4500001279,AN,2026-05-03T00:00:00,0001000039,Z100,Z03,ZAR
4500001280,AN,2025-10-07T00:00:00,0001000047,Z100,Z01,ZAR
4500001281,WK,2026-06-24T00:00:00,0001000047,Z100,Z02,ZAR
4500001282,WK,2026-09-07T00:00:00,0001000047,Z100,Z01,ZAR
4500001283,AN,2024-09-12T00:00:00,0001000018,Z100,Z01,ZAR
4500001284,AN,2024-10-08T00:00:00,0001000018,Z100,Z03,ZAR
4500001285,WK,2024-11-06T00:00:00,0001000018,Z100,Z03,ZAR
4500001286,ZDOM,2025-03-18T00:00:00,0001000018,Z100,Z02,ZAR
4500001287,AN,2025-08-10T00:00:00,0001000018,Z100,Z03,ZAR
4500001288,ZDOM,2025-09-21T00:00:00,0001000018,Z100,Z03,ZAR
4500001289,ZDOM,2026-01-25T00:00:00,0001000018,Z100,Z01,ZAR
4500001290,AN,2026-06-04T00:00:00,0001000018,Z100,Z03,ZAR
4500001291,AN,2026-08-01T00:00:00,0001000018,Z100,Z02,ZAR
4500001292,WK,2024-10-27T00:00:00,0001000041,Z100,Z01,ZAR
4500001293,ZDOM,2025-06-06T00:00:00,0001000041,Z100,Z03,ZAR
4500001294,AN,2025-08-03T00:00:00,0001000041,Z100,Z03,ZAR
4500001295,WK,2026-06-25T00:00:00,0001000041,Z100,Z02,ZAR
4500001296,WK,2024-09-11T00:00:00,0001000002,Z100,Z03,ZAR
4500001297,WK,2024-10-18T00:00:00,0001000002,Z100,Z02,ZAR
4500001298,ZDOM,2025-05-17T00:00:00,0001000002,Z100,Z03,ZAR
4500001299,AN,2025-11-13T00:00:00,0001000002,Z100,Z03,ZAR
4500001300,AN,2026-06-23T00:00:00,0001000002,Z100,Z03,ZAR
4500001301,ZDOM,2024-10-28T00:00:00,0001000056,Z100,Z01,ZAR
4500001302,WK,2025-10-21T00:00:00,0001000056,Z100,Z03,ZAR
4500001303,ZDOM,2025-12-14T00:00:00,0001000056,Z100,Z01,ZAR
4500001304,ZDOM,2025-01-16T00:00:00,0001000020,Z100,Z01,ZAR
4500001305,WK,2025-02-23T00:00:00,0001000020,Z100,Z03,ZAR
4500001306,AN,2025-03-30T00:00:00,0001000020,Z100,Z01,ZAR
4500001307,WK,2025-07-11T00:00:00,0001000020,Z100,Z02,ZAR
4500001308,ZDOM,2025-10-02T00:00:00,0001000020,Z100,Z02,ZAR
4500001309,AN,2025-10-22T00:00:00,0001000020,Z100,Z02,ZAR
4500001310,AN,2026-05-06T00:00:00,0001000020,Z100,Z01,ZAR
4500001311,AN,2026-06-25T00:00:00,0001000020,Z100,Z02,ZAR
4500001312,AN,2024-09-29T00:00:00,0001000036,Z100,Z02,ZAR
4500001313,WK,2025-08-23T00:00:00,0001000036,Z100,Z01,ZAR
4500001314,AN,2025-09-14T00:00:00,0001000036,Z100,Z03,ZAR
4500001315,AN,2026-02-25T00:00:00,0001000036,Z100,Z03,ZAR
4500001316,ZDOM,2026-05-18T00:00:00,0001000036,Z100,Z03,ZAR
4500001317,AN,2024-09-22T00:00:00,0001000036,Z100,Z03,ZAR
4500001318,WK,2025-05-26T00:00:00,0001000036,Z100,Z02,ZAR
4500001319,ZDOM,2025-06-09T00:00:00,0001000036,Z100,Z01,ZAR
4500001320,WK,2025-09-19T00:00:00,0001000036,Z100,Z03,ZAR
4500001321,WK,2025-11-15T00:00:00,0001000036,Z100,Z03,ZAR
4500001322,AN,2026-05-26T00:00:00,0001000036,Z100,Z03,ZAR
4500001323,ZDOM,2026-08-01T00:00:00,0001000036,Z100,Z01,ZAR
4500001324,WK,2024-09-13T00:00:00,0001000039,Z100,Z03,ZAR
4500001325,ZDOM,2025-08-22T00:00:00,0001000039,Z100,Z03,ZAR
4500001326,WK,2025-11-11T00:00:00,0001000039,Z100,Z01,ZAR
4500001327,AN,2025-12-16T00:00:00,0001000039,Z100,Z01,ZAR
4500001328,WK,2024-09-13T00:00:00,0001000050,Z100,Z02,ZAR
4500001329,WK,2024-10-07T00:00:00,0001000050,Z100,Z01,ZAR
4500001330,AN,2024-11-29T00:00:00,0001000050,Z100,Z03,ZAR
4500001331,WK,2025-01-31T00:00:00,0001000050,Z100,Z01,ZAR
4500001332,ZDOM,2026-02-12T00:00:00,0001000050,Z100,Z03,ZAR
4500001333,ZDOM,2026-03-26T00:00:00,0001000050,Z100,Z02,ZAR
4500001334,WK,2026-07-11T00:00:00,0001000050,Z100,Z03,ZAR
4500001335,ZDOM,2024-10-26T00:00:00,0001000026,Z100,Z02,ZAR
4500001336,AN,2025-01-15T00:00:00,0001000026,Z100,Z03,ZAR
4500001337,ZDOM,2025-07-21T00:00:00,0001000026,Z100,Z01,ZAR
4500001338,WK,2025-09-04T00:00:00,0001000026,Z100,Z03,ZAR
4500001339,ZDOM,2025-09-18T00:00:00,0001000026,Z100,Z02,ZAR
4500001340,WK,2026-06-08T00:00:00,0001000026,Z100,Z01,ZAR
4500001341,WK,2026-08-18T00:00:00,0001000026,Z100,Z01,ZAR
4500001342,AN,2024-09-10T00:00:00,0001000012,Z100,Z03,ZAR
4500001343,ZDOM,2024-12-13T00:00:00,0001000012,Z100,Z01,ZAR
4500001344,AN,2025-10-12T00:00:00,0001000012,Z100,Z02,ZAR
4500001345,WK,2025-11-18T00:00:00,0001000012,Z100,Z03,ZAR
4500001346,ZDOM,2026-01-12T00:00:00,0001000012,Z100,Z02,ZAR
4500001347,WK,2026-05-30T00:00:00,0001000012,Z100,Z01,ZAR
4500001348,WK,2026-01-07T00:00:00,0001000039,Z100,Z01,ZAR
4500001349,AN,2026-03-07T00:00:00,0001000039,Z100,Z01,ZAR
4500001350,ZDOM,2026-03-18T00:00:00,0001000039,Z100,Z02,ZAR
4500001351,WK,2024-10-11T00:00:00,0001000054,Z100,Z03,ZAR
4500001352,ZDOM,2025-02-28T00:00:00,0001000054,Z100,Z02,ZAR
4500001353,ZDOM,2025-05-30T00:00:00,0001000054,Z100,Z03,ZAR
4500001354,ZDOM,2025-09-22T00:00:00,0001000054,Z100,Z03,ZAR
4500001355,ZDOM,2025-11-19T00:00:00,0001000054,Z100,Z02,ZAR
4500001356,ZDOM,2026-02-08T00:00:00,0001000054,Z100,Z01,ZAR
4500001357,WK,2026-07-01T00:00:00,0001000054,Z100,Z01,ZAR
4500001358,AN,2026-07-21T00:00:00,0001000054,Z100,Z01,ZAR
4500001359,AN,2024-09-25T00:00:00,0001000013,Z100,Z03,ZAR
4500001360,ZDOM,2025-08-17T00:00:00,0001000013,Z100,Z02,ZAR
4500001361,ZDOM,2026-02-06T00:00:00,0001000013,Z100,Z01,ZAR
4500001362,WK,2024-10-08T00:00:00,0001000013,Z100,Z02,ZAR
4500001363,WK,2025-01-11T00:00:00,0001000013,Z100,Z02,ZAR
4500001364,AN,2025-02-17T00:00:00,0001000013,Z100,Z01,ZAR
4500001365,ZDOM,2025-08-07T00:00:00,0001000013,Z100,Z02,ZAR
4500001366,ZDOM,2025-10-15T00:00:00,0001000013,Z100,Z02,ZAR
4500001367,WK,2025-12-02T00:00:00,0001000013,Z100,Z02,ZAR
4500001368,ZDOM,2025-12-25T00:00:00,0001000013,Z100,Z02,ZAR
4500001369,AN,2026-02-26T00:00:00,0001000013,Z100,Z02,ZAR
4500001370,AN,2026-04-13T00:00:00,0001000013,Z100,Z02,ZAR
4500001371,ZDOM,2026-05-22T00:00:00,0001000013,Z100,Z01,ZAR
4500001372,WK,2026-08-24T00:00:00,0001000013,Z100,Z03,ZAR
4500001373,WK,2026-05-28T00:00:00,0001000002,Z100,Z01,ZAR
4500001374,AN,2026-09-07T00:00:00,0001000002,Z100,Z01,ZAR
4500001375,WK,2024-09-05T00:00:00,0001000024,Z100,Z02,ZAR
4500001376,WK,2024-10-08T00:00:00,0001000024,Z100,Z02,ZAR
4500001377,AN,2024-12-31T00:00:00,0001000024,Z100,Z03,ZAR
4500001378,ZDOM,2025-06-28T00:00:00,0001000024,Z100,Z01,ZAR
4500001379,ZDOM,2024-09-15T00:00:00,0001000056,Z100,Z03,ZAR
4500001380,AN,2024-10-12T00:00:00,0001000056,Z100,Z03,ZAR
4500001381,AN,2025-06-04T00:00:00,0001000056,Z100,Z03,ZAR
4500001382,ZDOM,2026-04-11T00:00:00,0001000056,Z100,Z01,ZAR
4500001383,ZDOM,2026-06-13T00:00:00,0001000056,Z100,Z01,ZAR
4500001384,ZDOM,2024-10-03T00:00:00,0001000009,Z100,Z03,ZAR
4500001385,ZDOM,2025-03-11T00:00:00,0001000009,Z100,Z02,ZAR
4500001386,WK,2025-10-31T00:00:00,0001000009,Z100,Z01,ZAR
4500001387,WK,2026-06-13T00:00:00,0001000009,Z100,Z03,ZAR
4500001388,AN,2024-09-30T00:00:00,0001000044,Z100,Z03,ZAR
4500001389,AN,2024-11-07T00:00:00,0001000044,Z100,Z02,ZAR
4500001390,ZDOM,2024-12-18T00:00:00,0001000044,Z100,Z01,ZAR
4500001391,ZDOM,2025-02-05T00:00:00,0001000044,Z100,Z01,ZAR
4500001392,AN,2025-02-14T00:00:00,0001000044,Z100,Z03,ZAR
4500001393,WK,2025-10-15T00:00:00,0001000044,Z100,Z03,ZAR
4500001394,WK,2026-02-13T00:00:00,0001000044,Z100,Z02,ZAR
4500001395,AN,2026-06-27T00:00:00,0001000044,Z100,Z03,ZAR
4500001396,AN,2026-07-29T00:00:00,0001000044,Z100,Z02,ZAR
4500001397,AN,2024-09-19T00:00:00,0001000002,Z100,Z03,ZAR
4500001398,WK,2025-05-09T00:00:00,0001000002,Z100,Z01,ZAR
4500001399,ZDOM,2026-01-20T00:00:00,0001000002,Z100,Z01,ZAR
4500001400,WK,2024-10-02T00:00:00,0001000002,Z100,Z02,ZAR
4500001401,WK,2024-12-21T00:00:00,0001000002,Z100,Z01,ZAR
4500001402,WK,2025-07-21T00:00:00,0001000002,Z100,Z01,ZAR
4500001403,ZDOM,2025-11-04T00:00:00,0001000002,Z100,Z01,ZAR
4500001404,ZDOM,2026-05-09T00:00:00,0001000002,Z100,Z01,ZAR
4500001405,WK,2026-07-06T00:00:00,0001000002,Z100,Z03,ZAR
4500001406,AN,2024-09-11T00:00:00,0001000022,Z100,Z01,ZAR
4500001407,AN,2025-05-09T00:00:00,0001000022,Z100,Z02,ZAR
4500001408,AN,2025-10-01T00:00:00,0001000022,Z100,Z03,ZAR
4500001409,AN,2025-10-20T00:00:00,0001000022,Z100,Z01,ZAR
4500001410,ZDOM,2026-07-13T00:00:00,0001000022,Z100,Z02,ZAR
4500001411,WK,2024-09-13T00:00:00,0001000022,Z100,Z02,ZAR
4500001412,ZDOM,2025-10-03T00:00:00,0001000022,Z100,Z02,ZAR
4500001413,AN,2025-12-21T00:00:00,0001000022,Z100,Z02,ZAR
4500001414,ZDOM,2026-04-18T00:00:00,0001000022,Z100,Z03,ZAR
4500001415,ZDOM,2024-12-10T00:00:00,0001000043,Z100,Z03,ZAR
4500001416,WK,2025-07-25T00:00:00,0001000043,Z100,Z02,ZAR
4500001417,AN,2025-08-22T00:00:00,0001000043,Z100,Z03,ZAR
4500001418,AN,2026-01-06T00:00:00,0001000043,Z100,Z03,ZAR
4500001419,AN,2026-08-18T00:00:00,0001000043,Z100,Z03,ZAR
4500001420,AN,2024-09-24T00:00:00,0001000045,Z100,Z01,ZAR
4500001421,WK,2026-03-17T00:00:00,0001000045,Z100,Z02,ZAR
4500001422,ZDOM,2026-05-06T00:00:00,0001000045,Z100,Z02,ZAR
4500001423,ZDOM,2024-12-16T00:00:00,0001000054,Z100,Z02,ZAR
4500001424,ZDOM,2025-07-08T00:00:00,0001000054,Z100,Z02,ZAR
4500001425,WK,2026-03-24T00:00:00,0001000054,Z100,Z02,ZAR
4500001426,AN,2024-10-04T00:00:00,0001000054,Z100,Z02,ZAR
4500001427,AN,2024-11-03T00:00:00,0001000054,Z100,Z03,ZAR
4500001428,ZDOM,2025-04-14T00:00:00,0001000054,Z100,Z02,ZAR
4500001429,AN,2025-08-02T00:00:00,0001000054,Z100,Z03,ZAR
4500001430,ZDOM,2026-02-03T00:00:00,0001000054,Z100,Z01,ZAR
4500001431,ZDOM,2026-03-05T00:00:00,0001000054,Z100,Z02,ZAR
4500001432,AN,2026-03-12T00:00:00,0001000054,Z100,Z03,ZAR
4500001433,AN,2024-09-24T00:00:00,0001000054,Z100,Z03,ZAR
4500001434,AN,2024-11-15T00:00:00,0001000054,Z100,Z03,ZAR
4500001435,AN,2025-04-22T00:00:00,0001000054,Z100,Z02,ZAR
4500001436,WK,2025-06-21T00:00:00,0001000054,Z100,Z02,ZAR
4500001437,AN,2025-12-05T00:00:00,0001000054,Z100,Z01,ZAR
4500001438,ZDOM,2026-01-18T00:00:00,0001000054,Z100,Z01,ZAR
4500001439,AN,2026-02-23T00:00:00,0001000054,Z100,Z02,ZAR
4500001440,ZDOM,2026-07-14T00:00:00,0001000054,Z100,Z01,ZAR
4500001441,WK,2024-12-06T00:00:00,0001000011,Z100,Z03,ZAR
4500001442,WK,2025-07-14T00:00:00,0001000011,Z100,Z02,ZAR
4500001443,WK,2025-09-01T00:00:00,0001000011,Z100,Z02,ZAR
4500001444,AN,2026-03-04T00:00:00,0001000011,Z100,Z01,ZAR
4500001445,WK,2026-04-25T00:00:00,0001000011,Z100,Z01,ZAR
4500001446,ZDOM,2026-09-07T00:00:00,0001000011,Z100,Z01,ZAR
4500001447,ZDOM,2024-09-24T00:00:00,0001000011,Z100,Z01,ZAR
4500001448,AN,2025-03-03T00:00:00,0001000011,Z100,Z03,ZAR
4500001449,ZDOM,2025-03-27T00:00:00,0001000011,Z100,Z02,ZAR
4500001450,AN,2025-09-01T00:00:00,0001000011,Z100,Z03,ZAR
4500001451,AN,2026-01-14T00:00:00,0001000011,Z100,Z02,ZAR
4500001452,AN,2026-05-21T00:00:00,0001000011,Z100,Z03,ZAR
4500001453,AN,2024-10-02T00:00:00,0001000039,Z100,Z01,ZAR
4500001454,WK,2025-02-19T00:00:00,0001000039,Z100,Z02,ZAR
4500001455,ZDOM,2025-09-27T00:00:00,0001000039,Z100,Z01,ZAR
4500001456,WK,2025-11-05T00:00:00,0001000039,Z100,Z01,ZAR
4500001457,ZDOM,2026-01-20T00:00:00,0001000039,Z100,Z02,ZAR
4500001458,ZDOM,2024-09-02T00:00:00,0001000057,Z100,Z01,ZAR
4500001459,AN,2026-02-09T00:00:00,0001000057,Z100,Z02,ZAR
4500001460,ZDOM,2024-12-27T00:00:00,0001000030,Z100,Z03,ZAR
4500001461,AN,2025-04-05T00:00:00,0001000030,Z100,Z02,ZAR
4500001462,ZDOM,2025-10-08T00:00:00,0001000030,Z100,Z02,ZAR
4500001463,WK,2025-11-29T00:00:00,0001000030,Z100,Z01,ZAR
4500001464,AN,2026-06-04T00:00:00,0001000030,Z100,Z02,ZAR
4500001465,AN,2024-09-30T00:00:00,0001000030,Z100,Z01,ZAR
4500001466,WK,2024-10-19T00:00:00,0001000030,Z100,Z01,ZAR
4500001467,AN,2024-12-06T00:00:00,0001000030,Z100,Z01,ZAR
4500001468,ZDOM,2025-01-19T00:00:00,0001000030,Z100,Z02,ZAR
4500001469,ZDOM,2025-12-16T00:00:00,0001000030,Z100,Z03,ZAR
4500001470,ZDOM,2026-02-27T00:00:00,0001000030,Z100,Z01,ZAR
4500001471,WK,2026-05-27T00:00:00,0001000030,Z100,Z02,ZAR
4500001472,AN,2026-06-27T00:00:00,0001000030,Z100,Z03,ZAR
4500001473,WK,2025-05-08T00:00:00,0001000019,Z100,Z02,ZAR
4500001474,ZDOM,2026-01-17T00:00:00,0001000019,Z100,Z03,ZAR
4500001475,ZDOM,2026-04-23T00:00:00,0001000019,Z100,Z03,ZAR
4500001476,ZDOM,2026-08-06T00:00:00,0001000019,Z100,Z02,ZAR
4500001477,WK,2026-09-07T00:00:00,0001000019,Z100,Z02,ZAR
4500001478,AN,2025-01-30T00:00:00,0001000041,Z100,Z01,ZAR
4500001479,AN,2025-07-25T00:00:00,0001000041,Z100,Z01,ZAR
4500001480,ZDOM,2025-10-02T00:00:00,0001000041,Z100,Z02,ZAR
4500001481,AN,2024-09-10T00:00:00,0001000014,Z100,Z03,ZAR
4500001482,WK,2025-02-28T00:00:00,0001000014,Z100,Z03,ZAR
4500001483,AN,2025-12-24T00:00:00,0001000014,Z100,Z01,ZAR
4500001484,WK,2026-02-15T00:00:00,0001000014,Z100,Z02,ZAR
4500001485,WK,2024-10-27T00:00:00,0001000014,Z100,Z03,ZAR
4500001486,ZDOM,2025-11-21T00:00:00,0001000014,Z100,Z02,ZAR
4500001487,WK,2026-01-02T00:00:00,0001000014,Z100,Z02,ZAR
4500001488,AN,2024-10-10T00:00:00,0001000033,Z100,Z01,ZAR
4500001489,ZDOM,2025-03-04T00:00:00,0001000033,Z100,Z03,ZAR
4500001490,WK,2025-10-05T00:00:00,0001000033,Z100,Z01,ZAR
4500001491,AN,2025-10-19T00:00:00,0001000033,Z100,Z02,ZAR
4500001492,AN,2026-04-01T00:00:00,0001000033,Z100,Z01,ZAR
4500001493,WK,2024-09-10T00:00:00,0001000001,Z100,Z01,ZAR
4500001494,AN,2025-08-12T00:00:00,0001000001,Z100,Z01,ZAR
4500001495,WK,2026-03-09T00:00:00,0001000001,Z100,Z01,ZAR
4500001496,ZDOM,2026-04-26T00:00:00,0001000001,Z100,Z03,ZAR
4500001497,WK,2026-03-08T00:00:00,0001000026,Z100,Z03,ZAR
4500001498,WK,2026-05-23T00:00:00,0001000026,Z100,Z01,ZAR
4500001499,AN,2026-07-28T00:00:00,0001000026,Z100,Z01,ZAR
4500001500,WK,2026-09-03T00:00:00,0001000026,Z100,Z02,ZAR
4500001501,ZDOM,2024-09-22T00:00:00,0001000056,Z100,Z01,ZAR
4500001502,AN,2024-11-05T00:00:00,0001000056,Z100,Z01,ZAR
4500001503,ZDOM,2024-12-26T00:00:00,0001000056,Z100,Z03,ZAR
4500001504,WK,2025-01-03T00:00:00,0001000056,Z100,Z01,ZAR
4500001505,AN,2025-05-22T00:00:00,0001000056,Z100,Z02,ZAR
4500001506,AN,2025-08-19T00:00:00,0001000056,Z100,Z02,ZAR
4500001507,AN,2025-09-24T00:00:00,0001000056,Z100,Z03,ZAR
4500001508,AN,2025-10-24T00:00:00,0001000056,Z100,Z01,ZAR
4500001509,ZDOM,2026-04-08T00:00:00,0001000056,Z100,Z02,ZAR
4500001510,WK,2026-09-07T00:00:00,0001000056,Z100,Z01,ZAR
4500001511,AN,2024-11-21T00:00:00,0001000050,Z100,Z01,ZAR
4500001512,AN,2025-01-06T00:00:00,0001000050,Z100,Z01,ZAR
4500001513,ZDOM,2025-04-19T00:00:00,0001000050,Z100,Z01,ZAR
4500001514,AN,2025-07-20T00:00:00,0001000050,Z100,Z02,ZAR
4500001515,ZDOM,2025-11-22T00:00:00,0001000050,Z100,Z03,ZAR
4500001516,WK,2025-12-16T00:00:00,0001000050,Z100,Z03,ZAR
4500001517,AN,2026-03-07T00:00:00,0001000050,Z100,Z02,ZAR
4500001518,ZDOM,2026-06-27T00:00:00,0001000050,Z100,Z03,ZAR
4500001519,WK,2025-04-03T00:00:00,0001000008,Z100,Z01,ZAR
4500001520,WK,2025-04-20T00:00:00,0001000008,Z100,Z01,ZAR
4500001521,ZDOM,2026-03-28T00:00:00,0001000008,Z100,Z03,ZAR
4500001522,AN,2026-08-13T00:00:00,0001000008,Z100,Z01,ZAR
4500001523,ZDOM,2024-09-29T00:00:00,0001000008,Z100,Z02,ZAR
4500001524,AN,2025-04-02T00:00:00,0001000008,Z100,Z01,ZAR
4500001525,WK,2025-06-16T00:00:00,0001000008,Z100,Z02,ZAR
4500001526,AN,2026-03-02T00:00:00,0001000008,Z100,Z03,ZAR
4500001527,AN,2026-07-08T00:00:00,0001000008,Z100,Z01,ZAR
4500001528,AN,2024-09-06T00:00:00,0001000052,Z100,Z03,ZAR
4500001529,ZDOM,2024-11-03T00:00:00,0001000052,Z100,Z03,ZAR
4500001530,WK,2025-03-14T00:00:00,0001000052,Z100,Z03,ZAR
4500001531,WK,2026-04-06T00:00:00,0001000052,Z100,Z01,ZAR
4500001532,ZDOM,2024-12-30T00:00:00,0001000056,Z100,Z02,ZAR
4500001533,WK,2025-07-07T00:00:00,0001000056,Z100,Z03,ZAR
4500001534,ZDOM,2025-08-26T00:00:00,0001000056,Z100,Z01,ZAR
4500001535,AN,2026-08-04T00:00:00,0001000056,Z100,Z03,ZAR
4500001536,ZDOM,2024-10-19T00:00:00,0001000025,Z100,Z01,ZAR
4500001537,ZDOM,2025-03-26T00:00:00,0001000025,Z100,Z03,ZAR
4500001538,WK,2025-09-14T00:00:00,0001000025,Z100,Z03,ZAR
4500001539,ZDOM,2025-12-14T00:00:00,0001000025,Z100,Z01,ZAR
4500001540,WK,2026-05-04T00:00:00,0001000025,Z100,Z02,ZAR
4500001541,WK,2026-05-27T00:00:00,0001000025,Z100,Z01,ZAR
4500001542,AN,2024-12-08T00:00:00,0001000048,Z100,Z02,ZAR
4500001543,AN,2025-02-24T00:00:00,0001000048,Z100,Z02,ZAR
4500001544,WK,2026-02-04T00:00:00,0001000048,Z100,Z01,ZAR
4500001545,WK,2026-03-19T00:00:00,0001000048,Z100,Z01,ZAR
4500001546,ZDOM,2026-06-09T00:00:00,0001000048,Z100,Z03,ZAR
4500001547,AN,2026-07-08T00:00:00,0001000048,Z100,Z01,ZAR
4500001548,WK,2024-09-07T00:00:00,0001000048,Z100,Z02,ZAR
4500001549,AN,2025-01-13T00:00:00,0001000048,Z100,Z02,ZAR
4500001550,AN,2025-06-09T00:00:00,0001000048,Z100,Z02,ZAR
4500001551,ZDOM,2025-12-06T00:00:00,0001000048,Z100,Z03,ZAR
4500001552,AN,2025-12-15T00:00:00,0001000048,Z100,Z01,ZAR
4500001553,WK,2026-03-23T00:00:00,0001000048,Z100,Z03,ZAR
4500001554,ZDOM,2026-05-07T00:00:00,0001000048,Z100,Z02,ZAR
4500001555,AN,2024-10-02T00:00:00,0001000002,Z100,Z02,ZAR
4500001556,AN,2024-11-28T00:00:00,0001000002,Z100,Z03,ZAR
4500001557,ZDOM,2024-12-27T00:00:00,0001000002,Z100,Z03,ZAR
4500001558,WK,2025-03-02T00:00:00,0001000002,Z100,Z02,ZAR
4500001559,AN,2025-11-17T00:00:00,0001000002,Z100,Z01,ZAR
4500001560,WK,2025-12-31T00:00:00,0001000002,Z100,Z02,ZAR
4500001561,AN,2026-04-28T00:00:00,0001000002,Z100,Z01,ZAR
4500001562,WK,2026-06-03T00:00:00,0001000002,Z100,Z02,ZAR
4500001563,ZDOM,2026-08-09T00:00:00,0001000002,Z100,Z03,ZAR
4500001564,WK,2024-09-13T00:00:00,0001000049,Z100,Z03,ZAR
4500001565,ZDOM,2025-01-02T00:00:00,0001000049,Z100,Z01,ZAR
4500001566,WK,2025-05-05T00:00:00,0001000049,Z100,Z01,ZAR
4500001567,WK,2025-06-01T00:00:00,0001000049,Z100,Z02,ZAR
4500001568,AN,2026-03-11T00:00:00,0001000049,Z100,Z02,ZAR
4500001569,AN,2024-09-07T00:00:00,0001000049,Z100,Z02,ZAR
4500001570,WK,2025-08-26T00:00:00,0001000049,Z100,Z02,ZAR
4500001571,AN,2026-06-25T00:00:00,0001000049,Z100,Z01,ZAR
4500001572,AN,2024-10-31T00:00:00,0001000051,Z100,Z02,ZAR
4500001573,ZDOM,2025-05-18T00:00:00,0001000051,Z100,Z02,ZAR
4500001574,WK,2026-01-28T00:00:00,0001000051,Z100,Z01,ZAR
4500001575,ZDOM,2024-11-22T00:00:00,0001000017,Z100,Z03,ZAR
4500001576,AN,2025-04-18T00:00:00,0001000017,Z100,Z03,ZAR
4500001577,ZDOM,2025-09-18T00:00:00,0001000017,Z100,Z03,ZAR
4500001578,ZDOM,2026-06-09T00:00:00,0001000017,Z100,Z03,ZAR
4500001579,WK,2024-10-28T00:00:00,0001000054,Z100,Z02,ZAR
4500001580,AN,2025-03-16T00:00:00,0001000054,Z100,Z03,ZAR
4500001581,AN,2025-09-22T00:00:00,0001000054,Z100,Z02,ZAR
4500001582,WK,2025-12-05T00:00:00,0001000054,Z100,Z03,ZAR
4500001583,ZDOM,2026-03-28T00:00:00,0001000054,Z100,Z03,ZAR
4500001584,AN,2026-07-01T00:00:00,0001000054,Z100,Z02,ZAR
4500001585,WK,2026-08-27T00:00:00,0001000054,Z100,Z01,ZAR
4500001586,WK,2024-11-26T00:00:00,0001000013,Z100,Z03,ZAR
4500001587,ZDOM,2025-01-26T00:00:00,0001000013,Z100,Z02,ZAR
4500001588,WK,2025-03-02T00:00:00,0001000013,Z100,Z02,ZAR
4500001589,ZDOM,2025-05-08T00:00:00,0001000013,Z100,Z03,ZAR
4500001590,WK,2025-08-18T00:00:00,0001000013,Z100,Z01,ZAR
4500001591,AN,2025-09-20T00:00:00,0001000013,Z100,Z03,ZAR
4500001592,AN,2025-12-25T00:00:00,0001000013,Z100,Z02,ZAR
4500001593,AN,2026-02-03T00:00:00,0001000013,Z100,Z02,ZAR
4500001594,ZDOM,2026-05-28T00:00:00,0001000013,Z100,Z03,ZAR
4500001595,WK,2026-07-21T00:00:00,0001000013,Z100,Z03,ZAR
4500001596,WK,2024-10-07T00:00:00,0001000027,Z100,Z01,ZAR
4500001597,AN,2025-01-04T00:00:00,0001000027,Z100,Z03,ZAR
4500001598,AN,2025-12-06T00:00:00,0001000027,Z100,Z01,ZAR
4500001599,WK,2026-07-05T00:00:00,0001000027,Z100,Z03,ZAR
4500001600,AN,2024-09-19T00:00:00,0001000003,Z100,Z02,ZAR
4500001601,AN,2024-11-06T00:00:00,0001000003,Z100,Z02,ZAR
4500001602,ZDOM,2024-11-12T00:00:00,0001000003,Z100,Z01,ZAR
4500001603,AN,2026-09-07T00:00:00,0001000003,Z100,Z02,ZAR
4500001604,AN,2024-09-17T00:00:00,0001000003,Z100,Z03,ZAR
4500001605,WK,2026-02-21T00:00:00,0001000003,Z100,Z02,ZAR
4500001606,AN,2026-03-28T00:00:00,0001000003,Z100,Z02,ZAR
4500001607,WK,2024-09-25T00:00:00,0001000048,Z100,Z03,ZAR
4500001608,ZDOM,2025-04-14T00:00:00,0001000048,Z100,Z03,ZAR
4500001609,AN,2026-05-25T00:00:00,0001000048,Z100,Z01,ZAR
4500001610,AN,2024-10-08T00:00:00,0001000031,Z100,Z03,ZAR
4500001611,AN,2024-12-12T00:00:00,0001000031,Z100,Z03,ZAR
4500001612,WK,2025-03-24T00:00:00,0001000031,Z100,Z02,ZAR
4500001613,AN,2025-04-21T00:00:00,0001000031,Z100,Z01,ZAR
4500001614,WK,2025-07-21T00:00:00,0001000031,Z100,Z03,ZAR
4500001615,AN,2025-09-30T00:00:00,0001000031,Z100,Z02,ZAR
4500001616,ZDOM,2025-10-20T00:00:00,0001000031,Z100,Z03,ZAR
4500001617,AN,2026-01-22T00:00:00,0001000031,Z100,Z02,ZAR
4500001618,WK,2026-04-09T00:00:00,0001000031,Z100,Z03,ZAR
4500001619,ZDOM,2026-07-28T00:00:00,0001000031,Z100,Z01,ZAR
4500001620,ZDOM,2024-10-21T00:00:00,0001000024,Z100,Z03,ZAR
4500001621,AN,2025-06-19T00:00:00,0001000024,Z100,Z02,ZAR
4500001622,WK,2026-04-26T00:00:00,0001000024,Z100,Z02,ZAR
4500001623,ZDOM,2024-09-12T00:00:00,0001000024,Z100,Z02,ZAR
4500001624,AN,2024-11-05T00:00:00,0001000024,Z100,Z03,ZAR
4500001625,ZDOM,2025-02-28T00:00:00,0001000024,Z100,Z01,ZAR
4500001626,AN,2026-04-28T00:00:00,0001000024,Z100,Z03,ZAR
4500001627,WK,2026-05-08T00:00:00,0001000024,Z100,Z02,ZAR
4500001628,WK,2026-06-05T00:00:00,0001000024,Z100,Z03,ZAR
4500001629,ZDOM,2024-09-19T00:00:00,0001000053,Z100,Z01,ZAR
4500001630,AN,2025-01-26T00:00:00,0001000053,Z100,Z03,ZAR
4500001631,ZDOM,2025-07-06T00:00:00,0001000053,Z100,Z03,ZAR
4500001632,ZDOM,2025-12-20T00:00:00,0001000053,Z100,Z03,ZAR
4500001633,AN,2026-01-28T00:00:00,0001000053,Z100,Z01,ZAR
4500001634,WK,2026-05-14T00:00:00,0001000053,Z100,Z03,ZAR
4500001635,AN,2026-06-22T00:00:00,0001000053,Z100,Z01,ZAR
4500001636,ZDOM,2024-10-05T00:00:00,0001000059,Z100,Z02,ZAR
4500001637,AN,2024-11-04T00:00:00,0001000059,Z100,Z01,ZAR
4500001638,AN,2025-02-20T00:00:00,0001000059,Z100,Z03,ZAR
4500001639,AN,2025-03-08T00:00:00,0001000059,Z100,Z02,ZAR
4500001640,AN,2024-09-26T00:00:00,0001000055,Z100,Z01,ZAR
4500001641,WK,2024-10-28T00:00:00,0001000055,Z100,Z01,ZAR
4500001642,WK,2025-02-26T00:00:00,0001000055,Z100,Z02,ZAR
4500001643,ZDOM,2025-03-23T00:00:00,0001000055,Z100,Z02,ZAR
4500001644,WK,2025-09-25T00:00:00,0001000055,Z100,Z01,ZAR
4500001645,WK,2026-02-25T00:00:00,0001000055,Z100,Z03,ZAR
4500001646,WK,2026-07-21T00:00:00,0001000055,Z100,Z03,ZAR
4500001647,AN,2026-08-23T00:00:00,0001000055,Z100,Z01,ZAR
4500001648,WK,2024-10-17T00:00:00,0001000023,Z100,Z01,ZAR
4500001649,WK,2025-08-27T00:00:00,0001000023,Z100,Z01,ZAR
4500001650,AN,2026-07-04T00:00:00,0001000023,Z100,Z03,ZAR
4500001651,WK,2024-09-26T00:00:00,0001000016,Z100,Z01,ZAR
4500001652,WK,2025-04-12T00:00:00,0001000016,Z100,Z03,ZAR
4500001653,ZDOM,2026-01-17T00:00:00,0001000016,Z100,Z03,ZAR
4500001654,WK,2026-08-07T00:00:00,0001000016,Z100,Z03,ZAR
4500001655,ZDOM,2025-11-25T00:00:00,0001000017,Z100,Z01,ZAR
4500001656,WK,2024-11-28T00:00:00,0001000034,Z100,Z01,ZAR
4500001657,AN,2025-08-26T00:00:00,0001000034,Z100,Z02,ZAR
4500001658,WK,2026-01-22T00:00:00,0001000034,Z100,Z03,ZAR
4500001659,WK,2024-11-14T00:00:00,0001000058,Z100,Z01,ZAR
4500001660,ZDOM,2025-07-29T00:00:00,0001000058,Z100,Z01,ZAR
4500001661,ZDOM,2025-08-26T00:00:00,0001000058,Z100,Z03,ZAR
4500001662,ZDOM,2025-12-04T00:00:00,0001000058,Z100,Z01,ZAR
4500001663,WK,2024-09-08T00:00:00,0001000020,Z100,Z01,ZAR
4500001664,WK,2025-01-14T00:00:00,0001000020,Z100,Z02,ZAR
4500001665,AN,2025-03-11T00:00:00,0001000020,Z100,Z03,ZAR
4500001666,ZDOM,2026-02-24T00:00:00,0001000020,Z100,Z03,ZAR
4500001667,WK,2026-03-29T00:00:00,0001000020,Z100,Z02,ZAR
4500001668,AN,2026-08-25T00:00:00,0001000020,Z100,Z03,ZAR
4500001669,ZDOM,2024-09-30T00:00:00,0001000032,Z100,Z01,ZAR
4500001670,WK,2025-07-04T00:00:00,0001000032,Z100,Z02,ZAR
4500001671,AN,2026-05-04T00:00:00,0001000032,Z100,Z02,ZAR
4500001672,ZDOM,2024-09-11T00:00:00,0001000032,Z100,Z01,ZAR
4500001673,WK,2025-07-31T00:00:00,0001000032,Z100,Z03,ZAR
4500001674,WK,2026-02-22T00:00:00,0001000032,Z100,Z01,ZAR
4500001675,WK,2026-09-04T00:00:00,0001000032,Z100,Z03,ZAR
4500001676,AN,2024-11-09T00:00:00,0001000021,Z100,Z02,ZAR
4500001677,AN,2024-12-28T00:00:00,0001000021,Z100,Z02,ZAR
4500001678,WK,2025-07-05T00:00:00,0001000021,Z100,Z02,ZAR
4500001679,WK,2025-12-28T00:00:00,0001000021,Z100,Z01,ZAR
4500001680,WK,2026-01-15T00:00:00,0001000021,Z100,Z02,ZAR
4500001681,ZDOM,2026-07-08T00:00:00,0001000021,Z100,Z03,ZAR
4500001682,ZDOM,2026-08-21T00:00:00,0001000021,Z100,Z03,ZAR
4500001683,ZDOM,2024-10-05T00:00:00,0001000021,Z100,Z03,ZAR
4500001684,ZDOM,2024-12-12T00:00:00,0001000021,Z100,Z03,ZAR
4500001685,WK,2025-02-10T00:00:00,0001000021,Z100,Z03,ZAR
4500001686,WK,2025-06-14T00:00:00,0001000021,Z100,Z02,ZAR
4500001687,WK,2025-08-08T00:00:00,0001000021,Z100,Z03,ZAR
4500001688,AN,2025-11-25T00:00:00,0001000021,Z100,Z01,ZAR
4500001689,WK,2026-03-04T00:00:00,0001000021,Z100,Z01,ZAR
4500001690,WK,2026-03-29T00:00:00,0001000021,Z100,Z01,ZAR
4500001691,AN,2026-07-08T00:00:00,0001000021,Z100,Z01,ZAR
4500001692,WK,2024-12-10T00:00:00,0001000006,Z100,Z01,ZAR
4500001693,WK,2025-10-12T00:00:00,0001000006,Z100,Z02,ZAR
4500001694,ZDOM,2026-08-19T00:00:00,0001000006,Z100,Z01,ZAR
4500001695,ZDOM,2024-09-09T00:00:00,0001000036,Z100,Z02,ZAR
4500001696,AN,2024-11-16T00:00:00,0001000036,Z100,Z01,ZAR
4500001697,AN,2025-07-02T00:00:00,0001000036,Z100,Z02,ZAR
4500001698,ZDOM,2026-02-10T00:00:00,0001000036,Z100,Z01,ZAR
4500001699,AN,2025-08-02T00:00:00,0001000036,Z100,Z01,ZAR
4500001700,WK,2025-08-30T00:00:00,0001000036,Z100,Z03,ZAR
4500001701,AN,2025-09-10T00:00:00,0001000036,Z100,Z02,ZAR
4500001702,AN,2025-12-22T00:00:00,0001000036,Z100,Z01,ZAR
4500001703,ZDOM,2026-02-22T00:00:00,0001000036,Z100,Z02,ZAR
4500001704,AN,2026-06-27T00:00:00,0001000036,Z100,Z03,ZAR
4500001705,AN,2025-01-28T00:00:00,0001000028,Z100,Z02,ZAR
4500001706,ZDOM,2025-06-06T00:00:00,0001000028,Z100,Z03,ZAR
4500001707,AN,2025-09-05T00:00:00,0001000028,Z100,Z02,ZAR
4500001708,WK,2025-11-23T00:00:00,0001000028,Z100,Z02,ZAR
4500001709,WK,2026-04-19T00:00:00,0001000028,Z100,Z02,ZAR
4500001710,WK,2026-05-29T00:00:00,0001000028,Z100,Z02,ZAR
4500001711,WK,2024-10-09T00:00:00,0001000026,Z100,Z01,ZAR
4500001712,WK,2025-04-21T00:00:00,0001000026,Z100,Z01,ZAR
4500001713,ZDOM,2025-10-12T00:00:00,0001000026,Z100,Z02,ZAR
4500001714,AN,2026-04-18T00:00:00,0001000026,Z100,Z02,ZAR
4500001715,ZDOM,2024-09-11T00:00:00,0001000011,Z100,Z01,ZAR
4500001716,WK,2026-03-29T00:00:00,0001000011,Z100,Z01,ZAR
4500001717,WK,2024-09-18T00:00:00,0001000011,Z100,Z01,ZAR
4500001718,AN,2024-12-17T00:00:00,0001000011,Z100,Z01,ZAR
4500001719,WK,2025-01-09T00:00:00,0001000011,Z100,Z01,ZAR
4500001720,ZDOM,2025-08-29T00:00:00,0001000011,Z100,Z03,ZAR
4500001721,AN,2025-09-19T00:00:00,0001000011,Z100,Z01,ZAR
4500001722,AN,2026-04-19T00:00:00,0001000011,Z100,Z02,ZAR
4500001723,ZDOM,2026-08-31T00:00:00,0001000011,Z100,Z01,ZAR
4500001724,WK,2024-10-23T00:00:00,0001000018,Z100,Z02,ZAR
4500001725,WK,2025-05-01T00:00:00,0001000018,Z100,Z01,ZAR
4500001726,ZDOM,2025-08-24T00:00:00,0001000018,Z100,Z03,ZAR
4500001727,AN,2026-01-11T00:00:00,0001000018,Z100,Z01,ZAR
4500001728,ZDOM,2026-07-26T00:00:00,0001000018,Z100,Z02,ZAR
4500001729,AN,2024-12-08T00:00:00,0001000018,Z100,Z03,ZAR
4500001730,WK,2025-07-13T00:00:00,0001000018,Z100,Z01,ZAR
4500001731,WK,2025-08-08T00:00:00,0001000018,Z100,Z02,ZAR
4500001732,ZDOM,2026-02-12T00:00:00,0001000018,Z100,Z03,ZAR
4500001733,WK,2026-03-31T00:00:00,0001000018,Z100,Z03,ZAR
4500001734,AN,2026-07-24T00:00:00,0001000018,Z100,Z02,ZAR
4500001735,WK,2024-12-07T00:00:00,0001000018,Z100,Z01,ZAR
4500001736,ZDOM,2025-07-25T00:00:00,0001000018,Z100,Z01,ZAR
4500001737,AN,2026-01-20T00:00:00,0001000018,Z100,Z03,ZAR
4500001738,ZDOM,2026-08-01T00:00:00,0001000018,Z100,Z01,ZAR
4500001739,WK,2026-08-24T00:00:00,0001000018,Z100,Z03,ZAR
4500001740,ZDOM,2024-10-17T00:00:00,0001000021,Z100,Z02,ZAR
4500001741,AN,2024-12-22T00:00:00,0001000021,Z100,Z03,ZAR
4500001742,AN,2025-01-24T00:00:00,0001000021,Z100,Z03,ZAR
4500001743,AN,2025-06-08T00:00:00,0001000021,Z100,Z01,ZAR
4500001744,WK,2025-07-05T00:00:00,0001000021,Z100,Z02,ZAR
4500001745,WK,2025-07-28T00:00:00,0001000021,Z100,Z01,ZAR
4500001746,WK,2025-08-31T00:00:00,0001000021,Z100,Z01,ZAR
4500001747,AN,2025-12-14T00:00:00,0001000021,Z100,Z02,ZAR
4500001748,ZDOM,2026-03-24T00:00:00,0001000021,Z100,Z01,ZAR
4500001749,ZDOM,2026-06-18T00:00:00,0001000021,Z100,Z01,ZAR
4500001750,WK,2024-10-01T00:00:00,0001000045,Z100,Z02,ZAR
4500001751,AN,2025-07-14T00:00:00,0001000045,Z100,Z02,ZAR
4500001752,ZDOM,2024-10-04T00:00:00,0001000006,Z100,Z02,ZAR
4500001753,ZDOM,2024-12-01T00:00:00,0001000006,Z100,Z03,ZAR
4500001754,WK,2025-02-11T00:00:00,0001000006,Z100,Z02,ZAR
4500001755,ZDOM,2025-03-22T00:00:00,0001000006,Z100,Z02,ZAR
4500001756,AN,2025-07-03T00:00:00,0001000006,Z100,Z01,ZAR
4500001757,WK,2025-08-15T00:00:00,0001000006,Z100,Z03,ZAR
4500001758,AN,2025-09-30T00:00:00,0001000006,Z100,Z01,ZAR
4500001759,ZDOM,2026-02-18T00:00:00,0001000006,Z100,Z03,ZAR
4500001760,AN,2026-06-19T00:00:00,0001000006,Z100,Z02,ZAR
4500001761,WK,2026-07-30T00:00:00,0001000006,Z100,Z02,ZAR
4500001762,ZDOM,2026-08-15T00:00:00,0001000006,Z100,Z03,ZAR
4500001763,AN,2024-09-25T00:00:00,0001000024,Z100,Z01,ZAR
4500001764,WK,2024-11-21T00:00:00,0001000024,Z100,Z03,ZAR
4500001765,ZDOM,2025-03-03T00:00:00,0001000024,Z100,Z02,ZAR
4500001766,AN,2025-05-21T00:00:00,0001000024,Z100,Z02,ZAR
4500001767,WK,2025-10-03T00:00:00,0001000024,Z100,Z01,ZAR
4500001768,ZDOM,2026-03-09T00:00:00,0001000024,Z100,Z03,ZAR
4500001769,AN,2026-07-21T00:00:00,0001000024,Z100,Z02,ZAR
4500001770,ZDOM,2024-10-18T00:00:00,0001000024,Z100,Z03,ZAR
4500001771,WK,2024-11-22T00:00:00,0001000024,Z100,Z02,ZAR
4500001772,ZDOM,2025-02-20T00:00:00,0001000024,Z100,Z02,ZAR
4500001773,ZDOM,2025-04-06T00:00:00,0001000024,Z100,Z02,ZAR
4500001774,ZDOM,2025-11-21T00:00:00,0001000024,Z100,Z03,ZAR
4500001775,ZDOM,2026-04-09T00:00:00,0001000024,Z100,Z02,ZAR
4500001776,WK,2024-09-28T00:00:00,0001000050,Z100,Z02,ZAR
4500001777,AN,2024-10-05T00:00:00,0001000050,Z100,Z03,ZAR
4500001778,WK,2025-04-06T00:00:00,0001000050,Z100,Z03,ZAR
4500001779,AN,2025-09-27T00:00:00,0001000050,Z100,Z01,ZAR
4500001780,WK,2026-03-19T00:00:00,0001000050,Z100,Z02,ZAR
4500001781,ZDOM,2024-09-29T00:00:00,0001000023,Z100,Z03,ZAR
4500001782,ZDOM,2025-03-17T00:00:00,0001000023,Z100,Z02,ZAR
4500001783,ZDOM,2025-09-07T00:00:00,0001000023,Z100,Z03,ZAR
4500001784,AN,2026-03-27T00:00:00,0001000023,Z100,Z02,ZAR
4500001785,ZDOM,2024-09-22T00:00:00,0001000010,Z100,Z03,ZAR
4500001786,ZDOM,2025-07-16T00:00:00,0001000010,Z100,Z01,ZAR
4500001787,WK,2025-10-20T00:00:00,0001000010,Z100,Z02,ZAR
4500001788,ZDOM,2025-11-27T00:00:00,0001000010,Z100,Z03,ZAR
4500001789,AN,2026-06-25T00:00:00,0001000010,Z100,Z02,ZAR
4500001790,ZDOM,2024-09-27T00:00:00,0001000051,Z100,Z03,ZAR
4500001791,AN,2025-01-03T00:00:00,0001000051,Z100,Z02,ZAR
4500001792,ZDOM,2025-02-25T00:00:00,0001000051,Z100,Z03,ZAR
4500001793,WK,2025-04-15T00:00:00,0001000051,Z100,Z03,ZAR
4500001794,WK,2025-05-15T00:00:00,0001000051,Z100,Z01,ZAR
4500001795,AN,2025-07-29T00:00:00,0001000051,Z100,Z01,ZAR
4500001796,ZDOM,2025-08-28T00:00:00,0001000051,Z100,Z01,ZAR
4500001797,WK,2025-12-13T00:00:00,0001000051,Z100,Z03,ZAR
4500001798,WK,2026-02-06T00:00:00,0001000051,Z100,Z02,ZAR
4500001799,AN,2026-03-22T00:00:00,0001000051,Z100,Z03,ZAR
4500001800,ZDOM,2026-05-15T00:00:00,0001000051,Z100,Z02,ZAR
4500001801,AN,2026-07-14T00:00:00,0001000051,Z100,Z02,ZAR
4500001802,AN,2025-03-07T00:00:00,0001000053,Z100,Z03,ZAR
4500001803,ZDOM,2025-03-29T00:00:00,0001000053,Z100,Z01,ZAR
4500001804,ZDOM,2025-09-27T00:00:00,0001000053,Z100,Z01,ZAR
4500001805,WK,2025-12-24T00:00:00,0001000053,Z100,Z03,ZAR
4500001806,AN,2026-01-21T00:00:00,0001000053,Z100,Z01,ZAR
4500001807,ZDOM,2024-09-26T00:00:00,0001000049,Z100,Z01,ZAR
4500001808,ZDOM,2025-02-23T00:00:00,0001000049,Z100,Z01,ZAR
4500001809,AN,2024-09-30T00:00:00,0001000052,Z100,Z03,ZAR
4500001810,AN,2024-10-06T00:00:00,0001000052,Z100,Z01,ZAR
4500001811,AN,2025-04-30T00:00:00,0001000052,Z100,Z03,ZAR
4500001812,WK,2025-11-24T00:00:00,0001000052,Z100,Z02,ZAR
4500001813,ZDOM,2024-12-06T00:00:00,0001000058,Z100,Z03,ZAR
4500001814,ZDOM,2025-03-25T00:00:00,0001000058,Z100,Z03,ZAR
4500001815,ZDOM,2026-03-05T00:00:00,0001000058,Z100,Z02,ZAR
4500001816,WK,2026-05-21T00:00:00,0001000058,Z100,Z01,ZAR
4500001817,WK,2024-11-01T00:00:00,0001000045,Z100,Z02,ZAR
4500001818,WK,2025-02-24T00:00:00,0001000045,Z100,Z01,ZAR
4500001819,ZDOM,2025-05-28T00:00:00,0001000045,Z100,Z03,ZAR
4500001820,WK,2025-06-17T00:00:00,0001000045,Z100,Z03,ZAR
4500001821,AN,2025-11-01T00:00:00,0001000045,Z100,Z02,ZAR
4500001822,WK,2026-02-17T00:00:00,0001000045,Z100,Z01,ZAR
4500001823,AN,2026-03-28T00:00:00,0001000045,Z100,Z03,ZAR
4500001824,WK,2026-08-03T00:00:00,0001000045,Z100,Z02,ZAR
4500001825,WK,2024-10-23T00:00:00,0001000033,Z100,Z02,ZAR
4500001826,WK,2024-11-11T00:00:00,0001000033,Z100,Z03,ZAR
4500001827,AN,2025-04-12T00:00:00,0001000033,Z100,Z02,ZAR
4500001828,ZDOM,2025-06-07T00:00:00,0001000033,Z100,Z03,ZAR
4500001829,AN,2025-10-13T00:00:00,0001000033,Z100,Z01,ZAR
4500001830,AN,2026-01-08T00:00:00,0001000033,Z100,Z01,ZAR
4500001831,WK,2026-03-03T00:00:00,0001000033,Z100,Z01,ZAR
4500001832,AN,2026-07-05T00:00:00,0001000033,Z100,Z02,ZAR
4500001833,WK,2026-08-13T00:00:00,0001000033,Z100,Z02,ZAR
4500001834,WK,2024-10-04T00:00:00,0001000017,Z100,Z03,ZAR
4500001835,AN,2025-04-05T00:00:00,0001000017,Z100,Z03,ZAR
4500001836,ZDOM,2025-09-02T00:00:00,0001000017,Z100,Z01,ZAR
4500001837,AN,2025-09-19T00:00:00,0001000017,Z100,Z02,ZAR
4500001838,AN,2025-11-23T00:00:00,0001000017,Z100,Z03,ZAR
4500001839,WK,2026-07-20T00:00:00,0001000017,Z100,Z01,ZAR
4500001840,AN,2024-10-07T00:00:00,0001000044,Z100,Z01,ZAR
4500001841,AN,2024-11-23T00:00:00,0001000044,Z100,Z03,ZAR
4500001842,ZDOM,2026-08-12T00:00:00,0001000044,Z100,Z02,ZAR
4500001843,ZDOM,2024-10-04T00:00:00,0001000013,Z100,Z01,ZAR
4500001844,AN,2025-01-15T00:00:00,0001000013,Z100,Z02,ZAR
4500001845,AN,2025-10-27T00:00:00,0001000013,Z100,Z01,ZAR
4500001846,ZDOM,2026-01-12T00:00:00,0001000013,Z100,Z03,ZAR
4500001847,WK,2024-09-17T00:00:00,0001000002,Z100,Z01,ZAR
4500001848,WK,2025-04-09T00:00:00,0001000002,Z100,Z03,ZAR
4500001849,WK,2025-06-12T00:00:00,0001000002,Z100,Z01,ZAR
4500001850,WK,2026-04-06T00:00:00,0001000002,Z100,Z01,ZAR
4500001851,ZDOM,2024-12-11T00:00:00,0001000015,Z100,Z03,ZAR
4500001852,AN,2025-10-19T00:00:00,0001000015,Z100,Z01,ZAR
4500001853,AN,2026-05-31T00:00:00,0001000015,Z100,Z01,ZAR
4500001854,ZDOM,2026-06-17T00:00:00,0001000015,Z100,Z01,ZAR
4500001855,WK,2026-07-30T00:00:00,0001000015,Z100,Z02,ZAR
4500001856,WK,2024-10-28T00:00:00,0001000015,Z100,Z01,ZAR
4500001857,WK,2025-06-16T00:00:00,0001000015,Z100,Z01,ZAR
4500001858,WK,2025-10-09T00:00:00,0001000015,Z100,Z02,ZAR
4500001859,AN,2026-04-04T00:00:00,0001000015,Z100,Z02,ZAR
4500001860,WK,2026-07-07T00:00:00,0001000015,Z100,Z03,ZAR
4500001861,WK,2026-07-25T00:00:00,0001000027,Z100,Z01,ZAR
4500001862,AN,2024-11-10T00:00:00,0001000052,Z100,Z02,ZAR
4500001863,WK,2026-05-04T00:00:00,0001000052,Z100,Z03,ZAR
4500001864,AN,2026-05-17T00:00:00,0001000052,Z100,Z01,ZAR
4500001865,ZDOM,2024-10-04T00:00:00,0001000008,Z100,Z02,ZAR
4500001866,WK,2024-10-12T00:00:00,0001000008,Z100,Z03,ZAR
4500001867,ZDOM,2024-11-24T00:00:00,0001000008,Z100,Z02,ZAR
4500001868,ZDOM,2024-12-31T00:00:00,0001000008,Z100,Z01,ZAR
4500001869,AN,2025-01-17T00:00:00,0001000008,Z100,Z03,ZAR
4500001870,AN,2025-06-29T00:00:00,0001000008,Z100,Z01,ZAR
4500001871,AN,2026-01-22T00:00:00,0001000008,Z100,Z02,ZAR
4500001872,AN,2026-03-01T00:00:00,0001000008,Z100,Z02,ZAR
4500001873,AN,2026-06-03T00:00:00,0001000008,Z100,Z01,ZAR
4500001874,AN,2026-07-24T00:00:00,0001000008,Z100,Z01,ZAR
4500001875,WK,2026-08-15T00:00:00,0001000008,Z100,Z03,ZAR
4500001876,AN,2024-09-12T00:00:00,0001000041,Z100,Z02,ZAR
4500001877,WK,2025-06-10T00:00:00,0001000041,Z100,Z02,ZAR
4500001878,WK,2026-04-04T00:00:00,0001000041,Z100,Z03,ZAR
4500001879,AN,2024-10-07T00:00:00,0001000005,Z100,Z02,ZAR
4500001880,WK,2024-10-28T00:00:00,0001000005,Z100,Z01,ZAR
4500001881,AN,2025-03-08T00:00:00,0001000005,Z100,Z03,ZAR
4500001882,ZDOM,2025-07-10T00:00:00,0001000005,Z100,Z01,ZAR
4500001883,WK,2026-07-05T00:00:00,0001000005,Z100,Z02,ZAR
4500001884,AN,2024-09-12T00:00:00,0001000005,Z100,Z02,ZAR
4500001885,ZDOM,2025-04-06T00:00:00,0001000005,Z100,Z02,ZAR
4500001886,AN,2025-04-29T00:00:00,0001000005,Z100,Z01,ZAR
4500001887,ZDOM,2025-08-26T00:00:00,0001000005,Z100,Z03,ZAR
4500001888,AN,2024-11-29T00:00:00,0001000029,Z100,Z03,ZAR
4500001889,AN,2025-06-18T00:00:00,0001000029,Z100,Z01,ZAR
4500001890,AN,2025-07-11T00:00:00,0001000029,Z100,Z01,ZAR
4500001891,WK,2026-05-12T00:00:00,0001000029,Z100,Z02,ZAR
4500001892,ZDOM,2026-08-23T00:00:00,0001000029,Z100,Z03,ZAR
4500001893,ZDOM,2024-09-13T00:00:00,0001000042,Z100,Z03,ZAR
4500001894,WK,2025-10-18T00:00:00,0001000042,Z100,Z02,ZAR
4500001895,AN,2026-08-10T00:00:00,0001000042,Z100,Z01,ZAR
4500001896,ZDOM,2026-04-08T00:00:00,0001000045,Z100,Z03,ZAR
4500001897,AN,2026-05-04T00:00:00,0001000045,Z100,Z01,ZAR
4500001898,AN,2024-10-04T00:00:00,0001000035,Z100,Z03,ZAR
4500001899,AN,2024-12-25T00:00:00,0001000035,Z100,Z01,ZAR
4500001900,AN,2025-07-15T00:00:00,0001000035,Z100,Z03,ZAR
4500001901,AN,2026-06-08T00:00:00,0001000035,Z100,Z01,ZAR
4500001902,WK,2024-11-26T00:00:00,0001000021,Z100,Z01,ZAR
4500001903,WK,2025-04-29T00:00:00,0001000021,Z100,Z03,ZAR
4500001904,WK,2024-09-23T00:00:00,0001000022,Z100,Z01,ZAR
4500001905,ZDOM,2024-12-21T00:00:00,0001000022,Z100,Z02,ZAR
4500001906,AN,2025-02-04T00:00:00,0001000022,Z100,Z01,ZAR
4500001907,ZDOM,2025-10-04T00:00:00,0001000022,Z100,Z02,ZAR
4500001908,ZDOM,2026-04-24T00:00:00,0001000022,Z100,Z03,ZAR
4500001909,WK,2024-10-09T00:00:00,0001000022,Z100,Z03,ZAR
4500001910,AN,2025-09-26T00:00:00,0001000022,Z100,Z01,ZAR
4500001911,ZDOM,2026-03-28T00:00:00,0001000022,Z100,Z01,ZAR
4500001912,AN,2024-10-10T00:00:00,0001000015,Z100,Z02,ZAR
4500001913,AN,2025-01-18T00:00:00,0001000015,Z100,Z03,ZAR
4500001914,AN,2025-02-13T00:00:00,0001000015,Z100,Z02,ZAR
4500001915,AN,2025-10-20T00:00:00,0001000015,Z100,Z02,ZAR
4500001916,AN,2026-05-06T00:00:00,0001000015,Z100,Z02,ZAR
4500001917,WK,2026-09-01T00:00:00,0001000015,Z100,Z02,ZAR
4500001918,WK,2024-10-08T00:00:00,0001000015,Z100,Z01,ZAR
4500001919,ZDOM,2024-12-05T00:00:00,0001000015,Z100,Z02,ZAR
4500001920,AN,2025-07-15T00:00:00,0001000015,Z100,Z03,ZAR
4500001921,ZDOM,2025-09-30T00:00:00,0001000015,Z100,Z03,ZAR
4500001922,WK,2025-12-18T00:00:00,0001000015,Z100,Z02,ZAR
4500001923,ZDOM,2025-11-27T00:00:00,0001000059,Z100,Z01,ZAR
4500001924,AN,2025-12-16T00:00:00,0001000059,Z100,Z02,ZAR
4500001925,AN,2026-05-19T00:00:00,0001000059,Z100,Z01,ZAR
4500001926,ZDOM,2026-06-25T00:00:00,0001000041,Z100,Z01,ZAR
4500001927,ZDOM,2025-03-07T00:00:00,0001000042,Z100,Z02,ZAR
4500001928,ZDOM,2025-08-23T00:00:00,0001000042,Z100,Z03,ZAR
4500001929,AN,2025-09-11T00:00:00,0001000042,Z100,Z02,ZAR
4500001930,ZDOM,2026-08-22T00:00:00,0001000042,Z100,Z03,ZAR
4500001931,WK,2024-12-19T00:00:00,0001000013,Z100,Z03,ZAR
4500001932,ZDOM,2025-01-24T00:00:00,0001000013,Z100,Z02,ZAR
4500001933,WK,2025-02-22T00:00:00,0001000013,Z100,Z02,ZAR
4500001934,WK,2024-10-14T00:00:00,0001000011,Z100,Z03,ZAR
4500001935,WK,2024-12-01T00:00:00,0001000011,Z100,Z01,ZAR
4500001936,WK,2025-08-22T00:00:00,0001000011,Z100,Z01,ZAR
4500001937,WK,2024-09-09T00:00:00,0001000009,Z100,Z03,ZAR
4500001938,AN,2025-02-28T00:00:00,0001000009,Z100,Z03,ZAR
4500001939,WK,2025-03-18T00:00:00,0001000009,Z100,Z01,ZAR
4500001940,AN,2025-10-09T00:00:00,0001000009,Z100,Z01,ZAR
4500001941,WK,2026-03-30T00:00:00,0001000009,Z100,Z02,ZAR
4500001942,WK,2026-04-08T00:00:00,0001000009,Z100,Z03,ZAR
4500001943,AN,2024-10-26T00:00:00,0001000019,Z100,Z03,ZAR
4500001944,ZDOM,2024-11-18T00:00:00,0001000019,Z100,Z03,ZAR
4500001945,ZDOM,2025-06-01T00:00:00,0001000019,Z100,Z01,ZAR
4500001946,AN,2025-12-29T00:00:00,0001000019,Z100,Z01,ZAR
4500001947,WK,2026-07-18T00:00:00,0001000019,Z100,Z01,ZAR
4500001948,ZDOM,2024-09-20T00:00:00,0001000019,Z100,Z01,ZAR
4500001949,AN,2024-11-14T00:00:00,0001000019,Z100,Z02,ZAR
4500001950,ZDOM,2025-01-25T00:00:00,0001000019,Z100,Z01,ZAR
4500001951,ZDOM,2025-03-24T00:00:00,0001000019,Z100,Z02,ZAR
4500001952,ZDOM,2025-04-29T00:00:00,0001000019,Z100,Z02,ZAR
4500001953,WK,2025-05-21T00:00:00,0001000019,Z100,Z02,ZAR
4500001954,AN,2025-11-30T00:00:00,0001000019,Z100,Z02,ZAR
4500001955,ZDOM,2025-12-15T00:00:00,0001000019,Z100,Z02,ZAR
4500001956,WK,2026-02-20T00:00:00,0001000019,Z100,Z01,ZAR
4500001957,ZDOM,2026-03-15T00:00:00,0001000019,Z100,Z02,ZAR
4500001958,AN,2026-04-14T00:00:00,0001000019,Z100,Z02,ZAR
4500001959,AN,2026-08-27T00:00:00,0001000019,Z100,Z03,ZAR
4500001960,ZDOM,2025-02-27T00:00:00,0001000019,Z100,Z01,ZAR
4500001961,WK,2025-05-22T00:00:00,0001000019,Z100,Z02,ZAR
4500001962,WK,2026-01-18T00:00:00,0001000019,Z100,Z02,ZAR
4500001963,WK,2026-04-12T00:00:00,0001000019,Z100,Z02,ZAR
4500001964,AN,2026-06-30T00:00:00,0001000019,Z100,Z01,ZAR
4500001965,ZDOM,2026-07-12T00:00:00,0001000019,Z100,Z02,ZAR
4500001966,WK,2024-09-22T00:00:00,0001000028,Z100,Z03,ZAR
4500001967,AN,2025-06-23T00:00:00,0001000028,Z100,Z03,ZAR
4500001968,ZDOM,2025-07-24T00:00:00,0001000028,Z100,Z01,ZAR
4500001969,ZDOM,2025-08-29T00:00:00,0001000028,Z100,Z01,ZAR
4500001970,ZDOM,2026-04-13T00:00:00,0001000028,Z100,Z02,ZAR
4500001971,AN,2026-05-14T00:00:00,0001000028,Z100,Z01,ZAR
4500001972,AN,2026-07-08T00:00:00,0001000028,Z100,Z03,ZAR
4500001973,WK,2024-09-05T00:00:00,0001000029,Z100,Z03,ZAR
4500001974,AN,2024-10-27T00:00:00,0001000029,Z100,Z01,ZAR
4500001975,AN,2025-12-02T00:00:00,0001000029,Z100,Z01,ZAR
4500001976,AN,2026-07-27T00:00:00,0001000029,Z100,Z03,ZAR
4500001977,ZDOM,2026-08-08T00:00:00,0001000009,Z100,Z01,ZAR
4500001978,AN,2024-10-20T00:00:00,0001000007,Z100,Z03,ZAR
4500001979,ZDOM,2024-12-01T00:00:00,0001000007,Z100,Z01,ZAR
4500001980,WK,2025-05-01T00:00:00,0001000007,Z100,Z03,ZAR
4500001981,WK,2025-07-05T00:00:00,0001000007,Z100,Z02,ZAR
4500001982,ZDOM,2025-11-09T00:00:00,0001000007,Z100,Z03,ZAR
4500001983,WK,2026-02-20T00:00:00,0001000007,Z100,Z02,ZAR
4500001984,AN,2026-04-20T00:00:00,0001000007,Z100,Z03,ZAR
4500001985,ZDOM,2026-05-17T00:00:00,0001000007,Z100,Z03,ZAR
4500001986,AN,2026-08-11T00:00:00,0001000007,Z100,Z02,ZAR
4500001987,WK,2024-11-16T00:00:00,0001000036,Z100,Z02,ZAR
4500001988,WK,2025-04-16T00:00:00,0001000036,Z100,Z02,ZAR
4500001989,AN,2025-05-30T00:00:00,0001000036,Z100,Z02,ZAR
4500001990,ZDOM,2025-06-26T00:00:00,0001000036,Z100,Z02,ZAR
4500001991,WK,2025-12-01T00:00:00,0001000036,Z100,Z02,ZAR
4500001992,AN,2024-10-01T00:00:00,0001000038,Z100,Z01,ZAR
4500001993,ZDOM,2025-05-24T00:00:00,0001000038,Z100,Z01,ZAR
4500001994,AN,2025-12-13T00:00:00,0001000038,Z100,Z03,ZAR
4500001995,ZDOM,2026-07-21T00:00:00,0001000038,Z100,Z03,ZAR
4500001996,WK,2026-08-12T00:00:00,0001000038,Z100,Z03,ZAR
4500001997,AN,2024-09-29T00:00:00,0001000038,Z100,Z01,ZAR
4500001998,ZDOM,2024-12-03T00:00:00,0001000038,Z100,Z01,ZAR
4500001999,WK,2025-05-07T00:00:00,0001000038,Z100,Z03,ZAR
4500002000,AN,2025-08-13T00:00:00,0001000038,Z100,Z02,ZAR
4500002001,AN,2025-10-12T00:00:00,0001000038,Z100,Z01,ZAR
4500002002,ZDOM,2026-02-28T00:00:00,0001000038,Z100,Z03,ZAR
4500002003,AN,2026-06-30T00:00:00,0001000038,Z100,Z02,ZAR
4500002004,ZDOM,2024-11-20T00:00:00,0001000048,Z100,Z02,ZAR
4500002005,AN,2024-12-24T00:00:00,0001000048,Z100,Z01,ZAR
4500002006,ZDOM,2025-03-09T00:00:00,0001000048,Z100,Z03,ZAR
4500002007,AN,2025-05-16T00:00:00,0001000048,Z100,Z03,ZAR
4500002008,AN,2026-08-07T00:00:00,0001000048,Z100,Z01,ZAR
4500002009,AN,2025-05-07T00:00:00,0001000015,Z100,Z03,ZAR
4500002010,ZDOM,2026-06-11T00:00:00,0001000015,Z100,Z03,ZAR
4500002011,WK,2024-09-28T00:00:00,0001000034,Z100,Z03,ZAR
4500002012,AN,2025-06-05T00:00:00,0001000034,Z100,Z02,ZAR
4500002013,AN,2025-10-29T00:00:00,0001000034,Z100,Z02,ZAR
4500002014,WK,2026-02-04T00:00:00,0001000034,Z100,Z01,ZAR
4500002015,AN,2026-05-04T00:00:00,0001000034,Z100,Z01,ZAR
4500002016,ZDOM,2026-06-10T00:00:00,0001000034,Z100,Z01,ZAR
4500002017,AN,2024-10-01T00:00:00,0001000049,Z100,Z02,ZAR
4500002018,ZDOM,2025-02-11T00:00:00,0001000049,Z100,Z02,ZAR
4500002019,AN,2025-08-03T00:00:00,0001000049,Z100,Z01,ZAR
4500002020,ZDOM,2025-12-11T00:00:00,0001000049,Z100,Z01,ZAR
4500002021,AN,2026-01-24T00:00:00,0001000049,Z100,Z01,ZAR
4500002022,AN,2026-07-27T00:00:00,0001000049,Z100,Z02,ZAR
4500002023,AN,2024-11-11T00:00:00,0001000049,Z100,Z02,ZAR
4500002024,WK,2025-02-10T00:00:00,0001000049,Z100,Z01,ZAR
4500002025,AN,2025-05-30T00:00:00,0001000049,Z100,Z01,ZAR
4500002026,ZDOM,2025-07-07T00:00:00,0001000049,Z100,Z02,ZAR
4500002027,ZDOM,2025-10-23T00:00:00,0001000049,Z100,Z03,ZAR
4500002028,WK,2025-11-08T00:00:00,0001000049,Z100,Z01,ZAR
4500002029,ZDOM,2026-03-05T00:00:00,0001000049,Z100,Z03,ZAR
4500002030,AN,2026-05-17T00:00:00,0001000049,Z100,Z03,ZAR
4500002031,AN,2026-08-24T00:00:00,0001000049,Z100,Z03,ZAR
4500002032,AN,2024-10-02T00:00:00,0001000003,Z100,Z02,ZAR
4500002033,ZDOM,2024-12-29T00:00:00,0001000003,Z100,Z01,ZAR
4500002034,ZDOM,2025-03-26T00:00:00,0001000003,Z100,Z01,ZAR
4500002035,ZDOM,2025-06-03T00:00:00,0001000003,Z100,Z03,ZAR
4500002036,AN,2025-06-19T00:00:00,0001000003,Z100,Z03,ZAR
4500002037,AN,2025-07-13T00:00:00,0001000003,Z100,Z01,ZAR
4500002038,AN,2025-09-26T00:00:00,0001000003,Z100,Z01,ZAR
4500002039,WK,2025-10-24T00:00:00,0001000003,Z100,Z02,ZAR
4500002040,ZDOM,2026-01-17T00:00:00,0001000003,Z100,Z03,ZAR
4500002041,ZDOM,2026-04-29T00:00:00,0001000003,Z100,Z02,ZAR
4500002042,ZDOM,2026-07-28T00:00:00,0001000003,Z100,Z02,ZAR
4500002043,WK,2025-12-04T00:00:00,0001000055,Z100,Z02,ZAR
4500002044,ZDOM,2026-03-17T00:00:00,0001000055,Z100,Z01,ZAR
4500002045,WK,2024-09-16T00:00:00,0001000013,Z100,Z01,ZAR
4500002046,WK,2024-11-29T00:00:00,0001000013,Z100,Z03,ZAR
4500002047,WK,2025-04-04T00:00:00,0001000013,Z100,Z01,ZAR
4500002048,ZDOM,2025-04-17T00:00:00,0001000013,Z100,Z02,ZAR
4500002049,ZDOM,2025-06-27T00:00:00,0001000013,Z100,Z01,ZAR
4500002050,WK,2025-07-25T00:00:00,0001000013,Z100,Z01,ZAR
4500002051,AN,2025-09-06T00:00:00,0001000013,Z100,Z02,ZAR
4500002052,WK,2025-10-09T00:00:00,0001000013,Z100,Z01,ZAR
4500002053,WK,2026-01-17T00:00:00,0001000013,Z100,Z02,ZAR
4500002054,ZDOM,2026-06-05T00:00:00,0001000013,Z100,Z01,ZAR
4500002055,WK,2026-06-19T00:00:00,0001000013,Z100,Z02,ZAR
4500002056,ZDOM,2024-09-07T00:00:00,0001000011,Z100,Z01,ZAR
4500002057,AN,2025-02-17T00:00:00,0001000011,Z100,Z01,ZAR
4500002058,WK,2025-08-16T00:00:00,0001000011,Z100,Z03,ZAR
4500002059,WK,2025-10-12T00:00:00,0001000011,Z100,Z01,ZAR
4500002060,AN,2026-01-05T00:00:00,0001000011,Z100,Z02,ZAR
4500002061,ZDOM,2026-02-09T00:00:00,0001000011,Z100,Z02,ZAR
4500002062,ZDOM,2026-03-03T00:00:00,0001000011,Z100,Z03,ZAR
4500002063,ZDOM,2024-09-16T00:00:00,0001000024,Z100,Z03,ZAR
4500002064,WK,2024-11-01T00:00:00,0001000024,Z100,Z03,ZAR
4500002065,AN,2024-11-24T00:00:00,0001000024,Z100,Z01,ZAR
4500002066,AN,2025-09-03T00:00:00,0001000024,Z100,Z03,ZAR
4500002067,WK,2025-12-26T00:00:00,0001000024,Z100,Z01,ZAR
4500002068,WK,2026-05-07T00:00:00,0001000024,Z100,Z02,ZAR
4500002069,ZDOM,2026-05-31T00:00:00,0001000024,Z100,Z01,ZAR
4500002070,ZDOM,2024-11-09T00:00:00,0001000024,Z100,Z02,ZAR
4500002071,ZDOM,2025-01-02T00:00:00,0001000024,Z100,Z01,ZAR
4500002072,ZDOM,2025-10-11T00:00:00,0001000024,Z100,Z03,ZAR
4500002073,AN,2026-03-23T00:00:00,0001000024,Z100,Z02,ZAR
4500002074,WK,2026-06-30T00:00:00,0001000024,Z100,Z03,ZAR
4500002075,AN,2026-08-21T00:00:00,0001000024,Z100,Z03,ZAR
4500002076,WK,2024-11-08T00:00:00,0001000027,Z100,Z01,ZAR
4500002077,ZDOM,2025-04-27T00:00:00,0001000027,Z100,Z01,ZAR
4500002078,AN,2025-09-10T00:00:00,0001000027,Z100,Z01,ZAR
4500002079,WK,2026-01-24T00:00:00,0001000027,Z100,Z02,ZAR
4500002080,ZDOM,2026-03-03T00:00:00,0001000027,Z100,Z02,ZAR
4500002081,AN,2026-04-08T00:00:00,0001000027,Z100,Z02,ZAR
4500002082,ZDOM,2026-08-17T00:00:00,0001000027,Z100,Z02,ZAR
4500002083,AN,2024-10-03T00:00:00,0001000042,Z100,Z03,ZAR
4500002084,AN,2025-06-04T00:00:00,0001000042,Z100,Z03,ZAR
4500002085,AN,2025-06-12T00:00:00,0001000042,Z100,Z02,ZAR
4500002086,AN,2025-07-24T00:00:00,0001000042,Z100,Z01,ZAR
4500002087,WK,2026-06-08T00:00:00,0001000042,Z100,Z01,ZAR
4500002088,AN,2024-09-13T00:00:00,0001000027,Z100,Z03,ZAR
4500002089,WK,2025-08-17T00:00:00,0001000027,Z100,Z01,ZAR
4500002090,ZDOM,2024-10-20T00:00:00,0001000027,Z100,Z01,ZAR
4500002091,WK,2025-05-31T00:00:00,0001000027,Z100,Z03,ZAR
4500002092,AN,2025-12-29T00:00:00,0001000027,Z100,Z01,ZAR
4500002093,AN,2024-11-12T00:00:00,0001000050,Z100,Z01,ZAR
4500002094,WK,2025-03-14T00:00:00,0001000050,Z100,Z01,ZAR
4500002095,AN,2025-08-31T00:00:00,0001000050,Z100,Z02,ZAR
4500002096,WK,2026-02-08T00:00:00,0001000050,Z100,Z02,ZAR
4500002097,ZDOM,2026-06-22T00:00:00,0001000050,Z100,Z01,ZAR
4500002098,WK,2026-02-19T00:00:00,0001000059,Z100,Z01,ZAR
4500002099,AN,2024-09-20T00:00:00,0001000049,Z100,Z02,ZAR
4500002100,ZDOM,2025-11-25T00:00:00,0001000049,Z100,Z03,ZAR
4500002101,AN,2025-12-16T00:00:00,0001000049,Z100,Z03,ZAR
4500002102,WK,2026-01-23T00:00:00,0001000049,Z100,Z03,ZAR
4500002103,ZDOM,2026-02-12T00:00:00,0001000049,Z100,Z03,ZAR
4500002104,WK,2026-03-09T00:00:00,0001000049,Z100,Z03,ZAR
4500002105,WK,2024-09-30T00:00:00,0001000037,Z100,Z02,ZAR
4500002106,AN,2025-01-12T00:00:00,0001000037,Z100,Z01,ZAR
4500002107,WK,2025-03-03T00:00:00,0001000037,Z100,Z03,ZAR
4500002108,AN,2025-09-09T00:00:00,0001000037,Z100,Z02,ZAR
4500002109,ZDOM,2026-02-25T00:00:00,0001000037,Z100,Z01,ZAR
4500002110,WK,2026-05-15T00:00:00,0001000037,Z100,Z03,ZAR
4500002111,ZDOM,2026-08-29T00:00:00,0001000037,Z100,Z01,ZAR
4500002112,WK,2024-12-01T00:00:00,0001000021,Z100,Z03,ZAR
4500002113,WK,2025-02-18T00:00:00,0001000021,Z100,Z01,ZAR
4500002114,AN,2025-03-22T00:00:00,0001000021,Z100,Z01,ZAR
4500002115,AN,2025-04-14T00:00:00,0001000021,Z100,Z03,ZAR
4500002116,ZDOM,2025-05-16T00:00:00,0001000021,Z100,Z01,ZAR
4500002117,AN,2025-11-30T00:00:00,0001000021,Z100,Z02,ZAR
4500002118,WK,2026-03-15T00:00:00,0001000021,Z100,Z02,ZAR
4500002119,AN,2026-06-24T00:00:00,0001000021,Z100,Z03,ZAR
4500002120,WK,2026-07-30T00:00:00,0001000021,Z100,Z02,ZAR
4500002121,ZDOM,2026-08-31T00:00:00,0001000021,Z100,Z01,ZAR
4500002122,ZDOM,2024-10-03T00:00:00,0001000027,Z100,Z03,ZAR
4500002123,ZDOM,2025-04-17T00:00:00,0001000027,Z100,Z03,ZAR
4500002124,AN,2025-09-05T00:00:00,0001000027,Z100,Z01,ZAR
4500002125,AN,2025-09-14T00:00:00,0001000027,Z100,Z01,ZAR
4500002126,ZDOM,2026-02-06T00:00:00,0001000027,Z100,Z03,ZAR
4500002127,ZDOM,2026-06-13T00:00:00,0001000027,Z100,Z01,ZAR
4500002128,ZDOM,2024-09-16T00:00:00,0001000010,Z100,Z02,ZAR
4500002129,WK,2025-04-27T00:00:00,0001000010,Z100,Z01,ZAR
4500002130,ZDOM,2025-08-10T00:00:00,0001000010,Z100,Z02,ZAR
4500002131,AN,2024-09-21T00:00:00,0001000022,Z100,Z02,ZAR
4500002132,AN,2025-02-05T00:00:00,0001000022,Z100,Z02,ZAR
4500002133,WK,2025-07-18T00:00:00,0001000022,Z100,Z03,ZAR
4500002134,ZDOM,2025-08-12T00:00:00,0001000022,Z100,Z02,ZAR
4500002135,WK,2025-10-22T00:00:00,0001000022,Z100,Z02,ZAR
4500002136,WK,2025-11-24T00:00:00,0001000022,Z100,Z02,ZAR
4500002137,WK,2026-04-28T00:00:00,0001000022,Z100,Z03,ZAR
4500002138,AN,2026-09-07T00:00:00,0001000022,Z100,Z01,ZAR
4500002139,AN,2024-09-23T00:00:00,0001000022,Z100,Z02,ZAR
4500002140,WK,2025-03-23T00:00:00,0001000022,Z100,Z02,ZAR
4500002141,ZDOM,2025-08-05T00:00:00,0001000022,Z100,Z02,ZAR
4500002142,ZDOM,2026-03-02T00:00:00,0001000022,Z100,Z03,ZAR
4500002143,ZDOM,2024-09-13T00:00:00,0001000035,Z100,Z03,ZAR
4500002144,AN,2024-11-01T00:00:00,0001000035,Z100,Z01,ZAR
4500002145,WK,2025-01-11T00:00:00,0001000035,Z100,Z01,ZAR
4500002146,AN,2025-10-29T00:00:00,0001000035,Z100,Z03,ZAR
4500002147,WK,2026-01-30T00:00:00,0001000035,Z100,Z01,ZAR
4500002148,WK,2024-11-03T00:00:00,0001000021,Z100,Z03,ZAR
4500002149,WK,2025-03-16T00:00:00,0001000021,Z100,Z02,ZAR
4500002150,AN,2025-10-02T00:00:00,0001000021,Z100,Z03,ZAR
4500002151,ZDOM,2025-10-20T00:00:00,0001000021,Z100,Z02,ZAR
4500002152,ZDOM,2026-03-28T00:00:00,0001000021,Z100,Z01,ZAR
4500002153,AN,2024-10-06T00:00:00,0001000050,Z100,Z03,ZAR
4500002154,ZDOM,2025-03-28T00:00:00,0001000050,Z100,Z01,ZAR
4500002155,WK,2025-07-25T00:00:00,0001000050,Z100,Z01,ZAR
4500002156,WK,2026-02-08T00:00:00,0001000050,Z100,Z01,ZAR
4500002157,AN,2026-02-10T00:00:00,0001000050,Z100,Z02,ZAR
4500002158,ZDOM,2026-08-29T00:00:00,0001000058,Z100,Z03,ZAR
4500002159,AN,2024-10-16T00:00:00,0001000025,Z100,Z01,ZAR
4500002160,AN,2025-05-11T00:00:00,0001000025,Z100,Z03,ZAR
4500002161,WK,2025-08-29T00:00:00,0001000025,Z100,Z02,ZAR
4500002162,ZDOM,2025-09-18T00:00:00,0001000025,Z100,Z01,ZAR
4500002163,WK,2025-10-08T00:00:00,0001000025,Z100,Z03,ZAR
4500002164,AN,2026-04-19T00:00:00,0001000025,Z100,Z03,ZAR
4500002165,AN,2025-05-06T00:00:00,0001000046,Z100,Z02,ZAR
4500002166,WK,2024-10-02T00:00:00,0001000032,Z100,Z01,ZAR
4500002167,AN,2025-08-17T00:00:00,0001000032,Z100,Z02,ZAR
4500002168,ZDOM,2026-04-12T00:00:00,0001000032,Z100,Z03,ZAR
4500002169,WK,2024-09-25T00:00:00,0001000039,Z100,Z03,ZAR
4500002170,AN,2025-08-07T00:00:00,0001000039,Z100,Z01,ZAR
4500002171,AN,2026-08-30T00:00:00,0001000039,Z100,Z03,ZAR
4500002172,WK,2024-09-17T00:00:00,0001000039,Z100,Z03,ZAR
4500002173,ZDOM,2025-02-28T00:00:00,0001000039,Z100,Z01,ZAR
4500002174,AN,2025-08-02T00:00:00,0001000039,Z100,Z01,ZAR
4500002175,WK,2026-01-22T00:00:00,0001000039,Z100,Z02,ZAR
4500002176,ZDOM,2026-03-16T00:00:00,0001000039,Z100,Z03,ZAR
4500002177,AN,2024-09-07T00:00:00,0001000041,Z100,Z01,ZAR
4500002178,AN,2024-10-21T00:00:00,0001000041,Z100,Z03,ZAR
4500002179,WK,2025-06-01T00:00:00,0001000041,Z100,Z01,ZAR
4500002180,AN,2025-11-03T00:00:00,0001000041,Z100,Z01,ZAR
4500002181,ZDOM,2026-05-26T00:00:00,0001000041,Z100,Z02,ZAR
4500002182,AN,2024-12-29T00:00:00,0001000032,Z100,Z03,ZAR
4500002183,AN,2025-02-25T00:00:00,0001000032,Z100,Z02,ZAR
4500002184,ZDOM,2025-07-22T00:00:00,0001000032,Z100,Z01,ZAR
4500002185,AN,2026-04-22T00:00:00,0001000032,Z100,Z03,ZAR
4500002186,ZDOM,2026-05-29T00:00:00,0001000032,Z100,Z01,ZAR
4500002187,AN,2026-06-22T00:00:00,0001000032,Z100,Z02,ZAR
4500002188,WK,2026-07-07T00:00:00,0001000032,Z100,Z01,ZAR
4500002189,ZDOM,2025-01-18T00:00:00,0001000032,Z100,Z02,ZAR
4500002190,WK,2025-06-18T00:00:00,0001000032,Z100,Z03,ZAR
4500002191,ZDOM,2025-08-24T00:00:00,0001000032,Z100,Z01,ZAR
4500002192,AN,2026-06-09T00:00:00,0001000032,Z100,Z03,ZAR
4500002193,ZDOM,2026-08-04T00:00:00,0001000032,Z100,Z02,ZAR
4500002194,ZDOM,2026-09-07T00:00:00,0001000032,Z100,Z02,ZAR
4500002195,WK,2024-12-18T00:00:00,0001000014,Z100,Z01,ZAR
4500002196,AN,2025-01-20T00:00:00,0001000014,Z100,Z01,ZAR
4500002197,WK,2025-07-01T00:00:00,0001000014,Z100,Z02,ZAR
4500002198,AN,2026-02-10T00:00:00,0001000014,Z100,Z01,ZAR
4500002199,ZDOM,2026-09-07T00:00:00,0001000014,Z100,Z01,ZAR
4500002200,ZDOM,2024-09-11T00:00:00,0001000012,Z100,Z03,ZAR
4500002201,ZDOM,2024-12-01T00:00:00,0001000012,Z100,Z02,ZAR
4500002202,WK,2025-01-03T00:00:00,0001000012,Z100,Z02,ZAR
4500002203,ZDOM,2025-09-06T00:00:00,0001000012,Z100,Z01,ZAR
4500002204,ZDOM,2026-01-30T00:00:00,0001000012,Z100,Z03,ZAR
4500002205,AN,2026-02-07T00:00:00,0001000012,Z100,Z03,ZAR
4500002206,ZDOM,2024-09-24T00:00:00,0001000057,Z100,Z02,ZAR
4500002207,ZDOM,2025-04-18T00:00:00,0001000057,Z100,Z03,ZAR
4500002208,WK,2025-05-09T00:00:00,0001000057,Z100,Z03,ZAR
4500002209,WK,2025-06-23T00:00:00,0001000057,Z100,Z01,ZAR
4500002210,WK,2026-07-23T00:00:00,0001000057,Z100,Z03,ZAR
4500002211,AN,2024-10-10T00:00:00,0001000010,Z100,Z01,ZAR
4500002212,WK,2025-02-01T00:00:00,0001000010,Z100,Z01,ZAR
4500002213,ZDOM,2025-05-06T00:00:00,0001000010,Z100,Z03,ZAR
4500002214,WK,2025-12-24T00:00:00,0001000010,Z100,Z02,ZAR
4500002215,WK,2026-05-09T00:00:00,0001000010,Z100,Z03,ZAR
4500002216,AN,2025-04-16T00:00:00,0001000010,Z100,Z02,ZAR
4500002217,WK,2025-05-16T00:00:00,0001000010,Z100,Z03,ZAR
4500002218,WK,2025-11-12T00:00:00,0001000010,Z100,Z02,ZAR
4500002219,ZDOM,2025-12-19T00:00:00,0001000010,Z100,Z01,ZAR
4500002220,WK,2026-03-11T00:00:00,0001000010,Z100,Z02,ZAR
4500002221,WK,2026-04-18T00:00:00,0001000010,Z100,Z02,ZAR
4500002222,AN,2026-07-04T00:00:00,0001000010,Z100,Z03,ZAR
4500002223,AN,2026-08-06T00:00:00,0001000010,Z100,Z02,ZAR
4500002224,AN,2024-09-06T00:00:00,0001000048,Z100,Z02,ZAR
4500002225,ZDOM,2024-10-28T00:00:00,0001000048,Z100,Z01,ZAR
4500002226,ZDOM,2025-04-03T00:00:00,0001000048,Z100,Z02,ZAR
4500002227,WK,2025-07-04T00:00:00,0001000048,Z100,Z01,ZAR
4500002228,AN,2026-02-07T00:00:00,0001000048,Z100,Z03,ZAR
4500002229,AN,2026-04-16T00:00:00,0001000048,Z100,Z01,ZAR
4500002230,WK,2025-04-02T00:00:00,0001000048,Z100,Z03,ZAR
4500002231,AN,2026-01-26T00:00:00,0001000048,Z100,Z02,ZAR
4500002232,ZDOM,2026-02-25T00:00:00,0001000048,Z100,Z01,ZAR
4500002233,WK,2026-03-10T00:00:00,0001000048,Z100,Z03,ZAR
4500002234,WK,2024-09-06T00:00:00,0001000000,Z100,Z03,ZAR
4500002235,ZDOM,2024-10-28T00:00:00,0001000000,Z100,Z01,ZAR
4500002236,AN,2024-11-24T00:00:00,0001000000,Z100,Z01,ZAR
4500002237,ZDOM,2025-07-22T00:00:00,0001000000,Z100,Z02,ZAR
4500002238,AN,2025-10-12T00:00:00,0001000000,Z100,Z02,ZAR
4500002239,WK,2025-12-04T00:00:00,0001000000,Z100,Z02,ZAR
4500002240,ZDOM,2026-04-16T00:00:00,0001000000,Z100,Z02,ZAR
4500002241,ZDOM,2024-09-24T00:00:00,0001000045,Z100,Z01,ZAR
4500002242,WK,2024-11-15T00:00:00,0001000045,Z100,Z01,ZAR
4500002243,AN,2025-12-05T00:00:00,0001000045,Z100,Z02,ZAR
4500002244,AN,2026-06-03T00:00:00,0001000045,Z100,Z01,ZAR
4500002245,AN,2025-11-02T00:00:00,0001000023,Z100,Z01,ZAR
4500002246,ZDOM,2025-03-10T00:00:00,0001000024,Z100,Z01,ZAR
4500002247,ZDOM,2025-04-28T00:00:00,0001000024,Z100,Z03,ZAR
4500002248,WK,2025-08-17T00:00:00,0001000024,Z100,Z02,ZAR
4500002249,WK,2025-12-10T00:00:00,0001000024,Z100,Z02,ZAR
4500002250,ZDOM,2026-02-02T00:00:00,0001000024,Z100,Z02,ZAR
4500002251,AN,2026-02-22T00:00:00,0001000024,Z100,Z03,ZAR
4500002252,AN,2026-05-13T00:00:00,0001000024,Z100,Z01,ZAR
4500002253,AN,2026-06-23T00:00:00,0001000024,Z100,Z03,ZAR
4500002254,WK,2024-09-24T00:00:00,0001000040,Z100,Z03,ZAR
4500002255,WK,2024-12-02T00:00:00,0001000040,Z100,Z01,ZAR
4500002256,ZDOM,2024-12-23T00:00:00,0001000040,Z100,Z03,ZAR
4500002257,ZDOM,2025-10-24T00:00:00,0001000040,Z100,Z01,ZAR
4500002258,AN,2025-09-05T00:00:00,0001000047,Z100,Z02,ZAR
4500002259,ZDOM,2024-12-26T00:00:00,0001000047,Z100,Z01,ZAR
4500002260,ZDOM,2025-12-08T00:00:00,0001000047,Z100,Z02,ZAR
4500002261,WK,2026-03-29T00:00:00,0001000047,Z100,Z03,ZAR
4500002262,AN,2024-10-01T00:00:00,0001000028,Z100,Z01,ZAR
4500002263,ZDOM,2025-12-08T00:00:00,0001000028,Z100,Z03,ZAR
4500002264,AN,2024-10-17T00:00:00,0001000037,Z100,Z03,ZAR
4500002265,ZDOM,2025-12-07T00:00:00,0001000037,Z100,Z03,ZAR
4500002266,AN,2026-07-18T00:00:00,0001000037,Z100,Z01,ZAR
4500002267,WK,2026-08-18T00:00:00,0001000037,Z100,Z03,ZAR
4500002268,ZDOM,2024-09-10T00:00:00,0001000037,Z100,Z03,ZAR
4500002269,ZDOM,2025-04-01T00:00:00,0001000037,Z100,Z02,ZAR
4500002270,WK,2024-09-17T00:00:00,0001000055,Z100,Z02,ZAR
4500002271,WK,2025-01-30T00:00:00,0001000055,Z100,Z01,ZAR
4500002272,AN,2025-03-21T00:00:00,0001000055,Z100,Z03,ZAR
4500002273,AN,2025-07-04T00:00:00,0001000055,Z100,Z02,ZAR
4500002274,AN,2025-10-30T00:00:00,0001000055,Z100,Z02,ZAR
4500002275,WK,2025-12-03T00:00:00,0001000055,Z100,Z02,ZAR
4500002276,AN,2026-03-15T00:00:00,0001000055,Z100,Z01,ZAR
4500002277,ZDOM,2026-05-31T00:00:00,0001000055,Z100,Z03,ZAR
4500002278,WK,2026-08-22T00:00:00,0001000055,Z100,Z03,ZAR
4500002279,WK,2024-10-13T00:00:00,0001000019,Z100,Z03,ZAR
4500002280,AN,2025-04-15T00:00:00,0001000019,Z100,Z01,ZAR
4500002281,AN,2025-07-10T00:00:00,0001000019,Z100,Z03,ZAR
4500002282,WK,2025-11-27T00:00:00,0001000019,Z100,Z03,ZAR
4500002283,ZDOM,2026-02-10T00:00:00,0001000019,Z100,Z03,ZAR
4500002284,AN,2026-07-27T00:00:00,0001000019,Z100,Z03,ZAR
4500002285,WK,2024-09-20T00:00:00,0001000034,Z100,Z02,ZAR
4500002286,WK,2024-11-01T00:00:00,0001000034,Z100,Z01,ZAR
4500002287,ZDOM,2026-01-05T00:00:00,0001000034,Z100,Z01,ZAR
4500002288,ZDOM,2026-07-06T00:00:00,0001000034,Z100,Z01,ZAR
4500002289,WK,2024-09-19T00:00:00,0001000013,Z100,Z03,ZAR
4500002290,AN,2025-03-17T00:00:00,0001000013,Z100,Z03,ZAR
4500002291,ZDOM,2025-04-26T00:00:00,0001000013,Z100,Z03,ZAR
4500002292,WK,2025-10-20T00:00:00,0001000013,Z100,Z03,ZAR
4500002293,WK,2026-07-01T00:00:00,0001000013,Z100,Z03,ZAR
4500002294,ZDOM,2024-10-10T00:00:00,0001000013,Z100,Z02,ZAR
4500002295,ZDOM,2025-01-07T00:00:00,0001000013,Z100,Z03,ZAR
4500002296,AN,2025-05-27T00:00:00,0001000013,Z100,Z03,ZAR
4500002297,AN,2025-10-25T00:00:00,0001000013,Z100,Z01,ZAR
4500002298,AN,2026-02-26T00:00:00,0001000013,Z100,Z03,ZAR
4500002299,AN,2026-06-11T00:00:00,0001000013,Z100,Z01,ZAR
4500002300,WK,2024-09-11T00:00:00,0001000028,Z100,Z01,ZAR
4500002301,AN,2026-01-30T00:00:00,0001000028,Z100,Z03,ZAR
4500002302,ZDOM,2026-02-12T00:00:00,0001000028,Z100,Z01,ZAR
4500002303,WK,2026-03-20T00:00:00,0001000028,Z100,Z01,ZAR
4500002304,ZDOM,2024-10-20T00:00:00,0001000042,Z100,Z01,ZAR
4500002305,ZDOM,2025-08-16T00:00:00,0001000042,Z100,Z02,ZAR
4500002306,ZDOM,2026-02-14T00:00:00,0001000042,Z100,Z02,ZAR
4500002307,AN,2024-09-06T00:00:00,0001000044,Z100,Z01,ZAR
4500002308,ZDOM,2025-02-02T00:00:00,0001000044,Z100,Z02,ZAR
4500002309,ZDOM,2025-11-01T00:00:00,0001000044,Z100,Z03,ZAR
4500002310,ZDOM,2026-07-06T00:00:00,0001000044,Z100,Z01,ZAR
4500002311,ZDOM,2025-09-09T00:00:00,0001000042,Z100,Z01,ZAR
4500002312,AN,2025-10-17T00:00:00,0001000042,Z100,Z03,ZAR
4500002313,WK,2026-08-29T00:00:00,0001000042,Z100,Z02,ZAR
4500002314,ZDOM,2024-09-27T00:00:00,0001000004,Z100,Z01,ZAR
4500002315,AN,2025-07-05T00:00:00,0001000004,Z100,Z01,ZAR
4500002316,WK,2026-03-27T00:00:00,0001000004,Z100,Z01,ZAR
4500002317,AN,2026-09-06T00:00:00,0001000004,Z100,Z03,ZAR
4500002318,WK,2025-08-22T00:00:00,0001000017,Z100,Z02,ZAR
4500002319,AN,2026-05-09T00:00:00,0001000017,Z100,Z03,ZAR
4500002320,AN,2024-10-01T00:00:00,0001000038,Z100,Z02,ZAR
4500002321,ZDOM,2025-03-03T00:00:00,0001000038,Z100,Z01,ZAR
4500002322,ZDOM,2025-06-08T00:00:00,0001000038,Z100,Z01,ZAR
4500002323,WK,2025-09-29T00:00:00,0001000038,Z100,Z02,ZAR
4500002324,ZDOM,2026-02-07T00:00:00,0001000038,Z100,Z03,ZAR
4500002325,WK,2026-07-10T00:00:00,0001000038,Z100,Z01,ZAR
4500002326,WK,2024-10-05T00:00:00,0001000045,Z100,Z03,ZAR
4500002327,ZDOM,2025-04-14T00:00:00,0001000045,Z100,Z01,ZAR
4500002328,ZDOM,2025-09-01T00:00:00,0001000045,Z100,Z01,ZAR
4500002329,WK,2026-06-03T00:00:00,0001000045,Z100,Z01,ZAR
4500002330,AN,2024-11-03T00:00:00,0001000034,Z100,Z02,ZAR
4500002331,ZDOM,2025-09-29T00:00:00,0001000034,Z100,Z03,ZAR
4500002332,AN,2025-10-16T00:00:00,0001000034,Z100,Z03,ZAR
4500002333,AN,2026-08-11T00:00:00,0001000034,Z100,Z01,ZAR
4500002334,AN,2024-10-31T00:00:00,0001000045,Z100,Z03,ZAR
4500002335,WK,2024-11-20T00:00:00,0001000045,Z100,Z01,ZAR
4500002336,AN,2025-02-21T00:00:00,0001000045,Z100,Z01,ZAR
4500002337,WK,2025-03-08T00:00:00,0001000045,Z100,Z03,ZAR
4500002338,ZDOM,2025-06-09T00:00:00,0001000045,Z100,Z02,ZAR
4500002339,ZDOM,2025-06-24T00:00:00,0001000045,Z100,Z01,ZAR
4500002340,WK,2025-09-11T00:00:00,0001000045,Z100,Z03,ZAR
4500002341,WK,2025-11-05T00:00:00,0001000045,Z100,Z03,ZAR
4500002342,AN,2025-11-12T00:00:00,0001000045,Z100,Z02,ZAR
4500002343,WK,2026-05-17T00:00:00,0001000045,Z100,Z01,ZAR
4500002344,AN,2026-07-07T00:00:00,0001000045,Z100,Z03,ZAR
4500002345,AN,2026-05-14T00:00:00,0001000023,Z100,Z01,ZAR
4500002346,ZDOM,2025-04-22T00:00:00,0001000023,Z100,Z01,ZAR
4500002347,AN,2025-11-26T00:00:00,0001000023,Z100,Z02,ZAR
4500002348,AN,2025-12-12T00:00:00,0001000023,Z100,Z02,ZAR
4500002349,AN,2026-01-11T00:00:00,0001000023,Z100,Z03,ZAR
4500002350,WK,2024-10-05T00:00:00,0001000046,Z100,Z01,ZAR
4500002351,ZDOM,2025-05-20T00:00:00,0001000046,Z100,Z02,ZAR
4500002352,ZDOM,2026-04-17T00:00:00,0001000046,Z100,Z01,ZAR
4500002353,ZDOM,2024-10-01T00:00:00,0001000019,Z100,Z03,ZAR
4500002354,WK,2025-05-30T00:00:00,0001000019,Z100,Z01,ZAR
4500002355,AN,2025-08-04T00:00:00,0001000019,Z100,Z03,ZAR
4500002356,ZDOM,2025-12-17T00:00:00,0001000019,Z100,Z01,ZAR
4500002357,AN,2026-03-13T00:00:00,0001000019,Z100,Z02,ZAR
4500002358,ZDOM,2024-09-13T00:00:00,0001000019,Z100,Z01,ZAR
4500002359,AN,2025-04-20T00:00:00,0001000019,Z100,Z03,ZAR
4500002360,ZDOM,2025-10-04T00:00:00,0001000019,Z100,Z02,ZAR
4500002361,AN,2024-10-01T00:00:00,0001000003,Z100,Z03,ZAR
4500002362,ZDOM,2025-01-29T00:00:00,0001000003,Z100,Z03,ZAR
4500002363,WK,2026-05-16T00:00:00,0001000003,Z100,Z03,ZAR
4500002364,WK,2026-06-18T00:00:00,0001000003,Z100,Z03,ZAR
4500002365,AN,2024-09-21T00:00:00,0001000003,Z100,Z03,ZAR
4500002366,WK,2024-12-10T00:00:00,0001000003,Z100,Z02,ZAR
4500002367,WK,2025-10-15T00:00:00,0001000003,Z100,Z01,ZAR
4500002368,AN,2026-01-02T00:00:00,0001000003,Z100,Z02,ZAR
4500002369,AN,2024-09-14T00:00:00,0001000048,Z100,Z02,ZAR
4500002370,ZDOM,2025-10-03T00:00:00,0001000048,Z100,Z01,ZAR
4500002371,WK,2026-06-22T00:00:00,0001000048,Z100,Z02,ZAR
4500002372,ZDOM,2025-08-21T00:00:00,0001000027,Z100,Z01,ZAR
4500002373,AN,2026-07-17T00:00:00,0001000027,Z100,Z01,ZAR
4500002374,ZDOM,2026-09-07T00:00:00,0001000027,Z100,Z02,ZAR
4500002375,ZDOM,2025-05-27T00:00:00,0001000009,Z100,Z02,ZAR
4500002376,WK,2025-06-13T00:00:00,0001000009,Z100,Z02,ZAR
4500002377,ZDOM,2025-08-08T00:00:00,0001000009,Z100,Z01,ZAR
4500002378,WK,2025-02-04T00:00:00,0001000009,Z100,Z03,ZAR
4500002379,ZDOM,2025-05-06T00:00:00,0001000009,Z100,Z03,ZAR
4500002380,ZDOM,2026-03-19T00:00:00,0001000009,Z100,Z03,ZAR
4500002381,AN,2026-07-10T00:00:00,0001000009,Z100,Z01,ZAR
4500002382,WK,2024-09-22T00:00:00,0001000017,Z100,Z02,ZAR
4500002383,WK,2025-05-09T00:00:00,0001000017,Z100,Z02,ZAR
4500002384,ZDOM,2025-06-16T00:00:00,0001000017,Z100,Z02,ZAR
4500002385,WK,2025-07-21T00:00:00,0001000017,Z100,Z02,ZAR
4500002386,AN,2026-05-14T00:00:00,0001000017,Z100,Z02,ZAR
4500002387,ZDOM,2026-07-02T00:00:00,0001000017,Z100,Z01,ZAR
4500002388,WK,2024-09-24T00:00:00,0001000017,Z100,Z01,ZAR
4500002389,WK,2024-12-11T00:00:00,0001000017,Z100,Z02,ZAR
4500002390,ZDOM,2025-10-28T00:00:00,0001000017,Z100,Z03,ZAR
4500002391,WK,2026-06-13T00:00:00,0001000017,Z100,Z02,ZAR
4500002392,WK,2024-09-28T00:00:00,0001000023,Z100,Z03,ZAR
4500002393,WK,2024-10-15T00:00:00,0001000023,Z100,Z01,ZAR
4500002394,ZDOM,2025-04-18T00:00:00,0001000023,Z100,Z02,ZAR
4500002395,WK,2025-06-27T00:00:00,0001000023,Z100,Z03,ZAR
4500002396,AN,2025-07-21T00:00:00,0001000023,Z100,Z01,ZAR
4500002397,ZDOM,2025-11-12T00:00:00,0001000023,Z100,Z02,ZAR
4500002398,ZDOM,2024-12-20T00:00:00,0001000023,Z100,Z01,ZAR
4500002399,WK,2026-01-27T00:00:00,0001000023,Z100,Z01,ZAR
4500002400,WK,2024-09-13T00:00:00,0001000037,Z100,Z02,ZAR
4500002401,WK,2024-11-12T00:00:00,0001000037,Z100,Z01,ZAR
4500002402,ZDOM,2025-01-18T00:00:00,0001000037,Z100,Z01,ZAR
4500002403,ZDOM,2025-03-19T00:00:00,0001000037,Z100,Z01,ZAR
4500002404,WK,2025-05-31T00:00:00,0001000037,Z100,Z03,ZAR
4500002405,WK,2025-07-25T00:00:00,0001000037,Z100,Z02,ZAR
4500002406,WK,2025-09-15T00:00:00,0001000037,Z100,Z03,ZAR
4500002407,ZDOM,2025-10-30T00:00:00,0001000037,Z100,Z01,ZAR
4500002408,AN,2026-01-03T00:00:00,0001000037,Z100,Z01,ZAR
4500002409,ZDOM,2026-02-15T00:00:00,0001000037,Z100,Z03,ZAR
4500002410,AN,2026-06-24T00:00:00,0001000037,Z100,Z03,ZAR
4500002411,WK,2026-07-06T00:00:00,0001000037,Z100,Z03,ZAR
4500002412,WK,2024-09-16T00:00:00,0001000040,Z100,Z03,ZAR
4500002413,ZDOM,2024-12-16T00:00:00,0001000040,Z100,Z01,ZAR
4500002414,ZDOM,2025-04-29T00:00:00,0001000040,Z100,Z02,ZAR
4500002415,WK,2025-05-08T00:00:00,0001000040,Z100,Z03,ZAR
4500002416,WK,2026-01-26T00:00:00,0001000040,Z100,Z02,ZAR
4500002417,WK,2026-02-28T00:00:00,0001000040,Z100,Z03,ZAR
4500002418,WK,2026-05-01T00:00:00,0001000040,Z100,Z02,ZAR
4500002419,AN,2026-05-26T00:00:00,0001000040,Z100,Z01,ZAR
4500002420,AN,2026-06-29T00:00:00,0001000040,Z100,Z01,ZAR
4500002421,WK,2026-07-17T00:00:00,0001000040,Z100,Z01,ZAR
4500002422,AN,2024-09-16T00:00:00,0001000047,Z100,Z02,ZAR
4500002423,WK,2024-11-17T00:00:00,0001000047,Z100,Z03,ZAR
4500002424,ZDOM,2025-02-06T00:00:00,0001000047,Z100,Z02,ZAR
4500002425,AN,2025-03-22T00:00:00,0001000047,Z100,Z01,ZAR
4500002426,WK,2025-05-28T00:00:00,0001000047,Z100,Z01,ZAR
4500002427,ZDOM,2025-07-02T00:00:00,0001000047,Z100,Z03,ZAR
4500002428,ZDOM,2025-09-08T00:00:00,0001000047,Z100,Z03,ZAR
4500002429,AN,2025-10-23T00:00:00,0001000047,Z100,Z01,ZAR
4500002430,ZDOM,2026-03-06T00:00:00,0001000047,Z100,Z03,ZAR
4500002431,ZDOM,2026-04-24T00:00:00,0001000047,Z100,Z03,ZAR
4500002432,AN,2026-05-31T00:00:00,0001000047,Z100,Z01,ZAR
4500002433,AN,2026-06-15T00:00:00,0001000047,Z100,Z03,ZAR
4500002434,ZDOM,2026-08-20T00:00:00,0001000047,Z100,Z03,ZAR
4500002435,WK,2024-10-01T00:00:00,0001000029,Z100,Z02,ZAR
4500002436,WK,2025-06-09T00:00:00,0001000029,Z100,Z02,ZAR
4500002437,AN,2025-06-11T00:00:00,0001000029,Z100,Z03,ZAR
4500002438,WK,2025-12-27T00:00:00,0001000029,Z100,Z02,ZAR
4500002439,WK,2026-01-14T00:00:00,0001000029,Z100,Z01,ZAR
4500002440,WK,2026-04-16T00:00:00,0001000029,Z100,Z02,ZAR
4500002441,ZDOM,2024-10-16T00:00:00,0001000029,Z100,Z03,ZAR
4500002442,AN,2024-11-07T00:00:00,0001000029,Z100,Z02,ZAR
4500002443,ZDOM,2025-07-05T00:00:00,0001000029,Z100,Z01,ZAR
4500002444,WK,2026-03-19T00:00:00,0001000029,Z100,Z03,ZAR
4500002445,AN,2024-11-12T00:00:00,0001000005,Z100,Z02,ZAR
4500002446,AN,2025-12-26T00:00:00,0001000005,Z100,Z01,ZAR
4500002447,WK,2026-01-26T00:00:00,0001000005,Z100,Z03,ZAR
4500002448,ZDOM,2026-03-01T00:00:00,0001000005,Z100,Z03,ZAR
4500002449,AN,2024-10-06T00:00:00,0001000005,Z100,Z02,ZAR
4500002450,AN,2024-12-27T00:00:00,0001000005,Z100,Z02,ZAR
4500002451,ZDOM,2025-03-31T00:00:00,0001000005,Z100,Z03,ZAR
4500002452,AN,2025-04-04T00:00:00,0001000005,Z100,Z03,ZAR
4500002453,ZDOM,2025-05-17T00:00:00,0001000005,Z100,Z02,ZAR
4500002454,WK,2025-11-22T00:00:00,0001000005,Z100,Z01,ZAR
4500002455,WK,2026-08-03T00:00:00,0001000005,Z100,Z03,ZAR
4500002456,AN,2026-09-07T00:00:00,0001000005,Z100,Z02,ZAR
4500002457,AN,2024-09-17T00:00:00,0001000056,Z100,Z02,ZAR
4500002458,AN,2025-03-05T00:00:00,0001000056,Z100,Z01,ZAR
4500002459,ZDOM,2025-08-23T00:00:00,0001000056,Z100,Z01,ZAR
4500002460,WK,2024-09-20T00:00:00,0001000056,Z100,Z02,ZAR
4500002461,AN,2026-03-07T00:00:00,0001000056,Z100,Z02,ZAR
4500002462,ZDOM,2026-08-30T00:00:00,0001000056,Z100,Z03,ZAR
4500002463,WK,2024-09-14T00:00:00,0001000036,Z100,Z01,ZAR
4500002464,ZDOM,2025-06-28T00:00:00,0001000036,Z100,Z01,ZAR
4500002465,AN,2026-07-09T00:00:00,0001000036,Z100,Z03,ZAR
4500002466,ZDOM,2025-01-26T00:00:00,0001000036,Z100,Z01,ZAR
4500002467,WK,2025-07-23T00:00:00,0001000036,Z100,Z02,ZAR
4500002468,AN,2025-10-30T00:00:00,0001000036,Z100,Z03,ZAR
4500002469,WK,2026-03-27T00:00:00,0001000036,Z100,Z03,ZAR
4500002470,WK,2024-09-23T00:00:00,0001000031,Z100,Z02,ZAR
4500002471,WK,2024-11-12T00:00:00,0001000031,Z100,Z02,ZAR
4500002472,AN,2025-02-07T00:00:00,0001000031,Z100,Z01,ZAR
4500002473,ZDOM,2025-04-27T00:00:00,0001000031,Z100,Z02,ZAR
4500002474,ZDOM,2025-06-01T00:00:00,0001000031,Z100,Z01,ZAR
4500002475,ZDOM,2025-09-02T00:00:00,0001000031,Z100,Z01,ZAR
4500002476,WK,2025-11-09T00:00:00,0001000031,Z100,Z02,ZAR
4500002477,ZDOM,2026-02-10T00:00:00,0001000031,Z100,Z01,ZAR
4500002478,AN,2026-04-30T00:00:00,0001000031,Z100,Z03,ZAR
4500002479,WK,2026-08-21T00:00:00,0001000031,Z100,Z03,ZAR
4500002480,WK,2024-10-19T00:00:00,0001000001,Z100,Z02,ZAR
4500002481,AN,2025-04-23T00:00:00,0001000001,Z100,Z03,ZAR
4500002482,AN,2025-07-13T00:00:00,0001000001,Z100,Z03,ZAR
4500002483,ZDOM,2025-12-04T00:00:00,0001000001,Z100,Z02,ZAR
4500002484,WK,2025-12-15T00:00:00,0001000001,Z100,Z02,ZAR
4500002485,AN,2026-07-31T00:00:00,0001000001,Z100,Z01,ZAR
4500002486,AN,2024-10-07T00:00:00,0001000001,Z100,Z01,ZAR
4500002487,AN,2025-04-23T00:00:00,0001000001,Z100,Z02,ZAR
4500002488,WK,2025-09-08T00:00:00,0001000001,Z100,Z01,ZAR
4500002489,AN,2025-10-19T00:00:00,0001000001,Z100,Z01,ZAR
4500002490,AN,2025-12-02T00:00:00,0001000001,Z100,Z03,ZAR
4500002491,AN,2026-05-25T00:00:00,0001000001,Z100,Z02,ZAR
4500002492,AN,2025-10-05T00:00:00,0001000030,Z100,Z02,ZAR
4500002493,AN,2026-06-04T00:00:00,0001000030,Z100,Z03,ZAR
4500002494,ZDOM,2026-08-02T00:00:00,0001000030,Z100,Z02,ZAR
4500002495,AN,2024-10-04T00:00:00,0001000025,Z100,Z01,ZAR
4500002496,AN,2024-12-20T00:00:00,0001000025,Z100,Z01,ZAR
4500002497,WK,2025-04-04T00:00:00,0001000025,Z100,Z03,ZAR
4500002498,WK,2025-06-21T00:00:00,0001000025,Z100,Z03,ZAR
4500002499,ZDOM,2025-09-14T00:00:00,0001000025,Z100,Z01,ZAR
4500002500,WK,2025-12-09T00:00:00,0001000025,Z100,Z02,ZAR
4500002501,WK,2026-03-30T00:00:00,0001000025,Z100,Z01,ZAR
4500002502,WK,2026-04-26T00:00:00,0001000025,Z100,Z01,ZAR
4500002503,WK,2026-07-12T00:00:00,0001000025,Z100,Z02,ZAR
4500002504,ZDOM,2024-09-18T00:00:00,0001000050,Z100,Z02,ZAR
4500002505,ZDOM,2025-04-03T00:00:00,0001000050,Z100,Z01,ZAR
4500002506,AN,2025-10-31T00:00:00,0001000050,Z100,Z03,ZAR
4500002507,ZDOM,2026-05-01T00:00:00,0001000050,Z100,Z03,ZAR
4500002508,AN,2024-09-12T00:00:00,0001000034,Z100,Z01,ZAR
4500002509,ZDOM,2024-10-31T00:00:00,0001000034,Z100,Z03,ZAR
4500002510,WK,2024-12-27T00:00:00,0001000034,Z100,Z03,ZAR
4500002511,AN,2025-02-11T00:00:00,0001000034,Z100,Z02,ZAR
4500002512,WK,2025-03-30T00:00:00,0001000034,Z100,Z03,ZAR
4500002513,ZDOM,2025-05-03T00:00:00,0001000034,Z100,Z02,ZAR
4500002514,AN,2025-06-09T00:00:00,0001000034,Z100,Z02,ZAR
4500002515,ZDOM,2025-08-27T00:00:00,0001000034,Z100,Z02,ZAR
4500002516,WK,2025-10-23T00:00:00,0001000034,Z100,Z03,ZAR
4500002517,WK,2025-12-09T00:00:00,0001000034,Z100,Z03,ZAR
4500002518,WK,2026-02-08T00:00:00,0001000034,Z100,Z01,ZAR
4500002519,WK,2026-04-07T00:00:00,0001000034,Z100,Z03,ZAR
4500002520,AN,2026-06-10T00:00:00,0001000034,Z100,Z01,ZAR
4500002521,WK,2026-08-14T00:00:00,0001000034,Z100,Z03,ZAR
4500002522,WK,2024-09-20T00:00:00,0001000034,Z100,Z02,ZAR
4500002523,ZDOM,2024-12-11T00:00:00,0001000034,Z100,Z02,ZAR
4500002524,WK,2025-01-07T00:00:00,0001000034,Z100,Z01,ZAR
4500002525,AN,2025-01-17T00:00:00,0001000034,Z100,Z02,ZAR
4500002526,AN,2025-04-23T00:00:00,0001000034,Z100,Z02,ZAR
4500002527,ZDOM,2025-06-26T00:00:00,0001000034,Z100,Z02,ZAR
4500002528,AN,2025-08-09T00:00:00,0001000034,Z100,Z01,ZAR
4500002529,WK,2025-10-18T00:00:00,0001000034,Z100,Z01,ZAR
4500002530,AN,2025-11-20T00:00:00,0001000034,Z100,Z03,ZAR
4500002531,WK,2026-04-04T00:00:00,0001000034,Z100,Z02,ZAR
4500002532,ZDOM,2026-04-30T00:00:00,0001000034,Z100,Z02,ZAR
4500002533,AN,2026-05-05T00:00:00,0001000034,Z100,Z03,ZAR
4500002534,AN,2026-08-22T00:00:00,0001000034,Z100,Z01,ZAR
4500002535,WK,2024-12-01T00:00:00,0001000025,Z100,Z01,ZAR
4500002536,ZDOM,2025-11-14T00:00:00,0001000025,Z100,Z01,ZAR
4500002537,AN,2026-04-10T00:00:00,0001000025,Z100,Z02,ZAR
4500002538,AN,2026-06-25T00:00:00,0001000025,Z100,Z03,ZAR
4500002539,WK,2025-05-06T00:00:00,0001000022,Z100,Z02,ZAR
4500002540,AN,2025-11-26T00:00:00,0001000022,Z100,Z02,ZAR
4500002541,AN,2024-12-10T00:00:00,0001000022,Z100,Z02,ZAR
4500002542,AN,2025-01-12T00:00:00,0001000022,Z100,Z03,ZAR
4500002543,AN,2026-05-18T00:00:00,0001000022,Z100,Z02,ZAR
4500002544,ZDOM,2026-06-25T00:00:00,0001000022,Z100,Z01,ZAR
4500002545,WK,2026-07-13T00:00:00,0001000029,Z100,Z02,ZAR
4500002546,WK,2024-09-20T00:00:00,0001000004,Z100,Z02,ZAR
4500002547,WK,2024-10-31T00:00:00,0001000004,Z100,Z01,ZAR
4500002548,WK,2025-08-19T00:00:00,0001000004,Z100,Z02,ZAR
4500002549,AN,2025-09-11T00:00:00,0001000004,Z100,Z02,ZAR
4500002550,AN,2024-09-26T00:00:00,0001000043,Z100,Z03,ZAR
4500002551,ZDOM,2025-07-10T00:00:00,0001000043,Z100,Z03,ZAR
4500002552,WK,2025-08-24T00:00:00,0001000043,Z100,Z03,ZAR
4500002553,AN,2026-02-22T00:00:00,0001000043,Z100,Z02,ZAR
4500002554,WK,2026-07-26T00:00:00,0001000043,Z100,Z03,ZAR
4500002555,WK,2026-01-15T00:00:00,0001000034,Z100,Z03,ZAR
4500002556,ZDOM,2026-02-20T00:00:00,0001000034,Z100,Z03,ZAR
4500002557,AN,2026-03-25T00:00:00,0001000034,Z100,Z02,ZAR
4500002558,AN,2026-04-29T00:00:00,0001000034,Z100,Z02,ZAR
4500002559,ZDOM,2024-09-06T00:00:00,0001000046,Z100,Z02,ZAR
4500002560,ZDOM,2026-03-01T00:00:00,0001000046,Z100,Z02,ZAR
4500002561,ZDOM,2026-03-11T00:00:00,0001000046,Z100,Z01,ZAR
4500002562,WK,2024-10-28T00:00:00,0001000042,Z100,Z03,ZAR
4500002563,ZDOM,2025-04-02T00:00:00,0001000042,Z100,Z03,ZAR
4500002564,AN,2025-07-16T00:00:00,0001000042,Z100,Z03,ZAR
4500002565,WK,2025-11-21T00:00:00,0001000042,Z100,Z02,ZAR
4500002566,WK,2026-05-30T00:00:00,0001000042,Z100,Z03,ZAR
4500002567,AN,2026-06-24T00:00:00,0001000042,Z100,Z02,ZAR
4500002568,AN,2024-10-04T00:00:00,0001000030,Z100,Z01,ZAR
4500002569,ZDOM,2025-01-29T00:00:00,0001000030,Z100,Z02,ZAR
4500002570,AN,2025-02-16T00:00:00,0001000030,Z100,Z01,ZAR
4500002571,AN,2025-07-17T00:00:00,0001000030,Z100,Z01,ZAR
4500002572,ZDOM,2025-11-24T00:00:00,0001000030,Z100,Z02,ZAR
4500002573,AN,2025-12-23T00:00:00,0001000030,Z100,Z01,ZAR
4500002574,ZDOM,2026-04-13T00:00:00,0001000030,Z100,Z03,ZAR
4500002575,ZDOM,2026-05-20T00:00:00,0001000030,Z100,Z01,ZAR
4500002576,AN,2026-06-11T00:00:00,0001000030,Z100,Z01,ZAR
4500002577,WK,2025-10-18T00:00:00,0001000025,Z100,Z01,ZAR
4500002578,WK,2026-04-01T00:00:00,0001000025,Z100,Z01,ZAR
4500002579,WK,2026-04-19T00:00:00,0001000025,Z100,Z03,ZAR
4500002580,AN,2025-05-23T00:00:00,0001000025,Z100,Z03,ZAR
4500002581,AN,2026-03-27T00:00:00,0001000025,Z100,Z01,ZAR
4500002582,ZDOM,2026-08-21T00:00:00,0001000025,Z100,Z03,ZAR
4500002583,WK,2024-09-21T00:00:00,0001000018,Z100,Z01,ZAR
4500002584,AN,2024-12-30T00:00:00,0001000018,Z100,Z02,ZAR
4500002585,WK,2025-02-08T00:00:00,0001000018,Z100,Z01,ZAR
4500002586,ZDOM,2025-05-25T00:00:00,0001000018,Z100,Z02,ZAR
4500002587,WK,2025-08-01T00:00:00,0001000018,Z100,Z03,ZAR
4500002588,WK,2025-10-12T00:00:00,0001000018,Z100,Z02,ZAR
4500002589,WK,2026-01-28T00:00:00,0001000018,Z100,Z03,ZAR
4500002590,AN,2026-05-07T00:00:00,0001000018,Z100,Z03,ZAR
4500002591,ZDOM,2026-07-31T00:00:00,0001000018,Z100,Z02,ZAR
4500002592,AN,2026-09-07T00:00:00,0001000018,Z100,Z01,ZAR
4500002593,WK,2024-09-19T00:00:00,0001000034,Z100,Z02,ZAR
4500002594,ZDOM,2024-11-11T00:00:00,0001000034,Z100,Z02,ZAR
4500002595,AN,2026-01-29T00:00:00,0001000034,Z100,Z02,ZAR
4500002596,ZDOM,2026-05-30T00:00:00,0001000034,Z100,Z03,ZAR
4500002597,ZDOM,2024-09-09T00:00:00,0001000023,Z100,Z03,ZAR
4500002598,AN,2024-12-02T00:00:00,0001000023,Z100,Z01,ZAR
4500002599,ZDOM,2025-02-02T00:00:00,0001000023,Z100,Z03,ZAR
4500002600,WK,2025-05-10T00:00:00,0001000023,Z100,Z01,ZAR
4500002601,WK,2025-06-22T00:00:00,0001000023,Z100,Z02,ZAR
4500002602,WK,2025-09-21T00:00:00,0001000023,Z100,Z03,ZAR
4500002603,AN,2025-12-23T00:00:00,0001000023,Z100,Z01,ZAR
4500002604,WK,2026-03-30T00:00:00,0001000023,Z100,Z01,ZAR
4500002605,WK,2026-06-27T00:00:00,0001000023,Z100,Z01,ZAR
4500002606,AN,2024-10-12T00:00:00,0001000057,Z100,Z01,ZAR
4500002607,WK,2025-06-17T00:00:00,0001000057,Z100,Z01,ZAR
4500002608,AN,2026-01-27T00:00:00,0001000057,Z100,Z01,ZAR
4500002609,ZDOM,2026-08-12T00:00:00,0001000057,Z100,Z01,ZAR
4500002610,AN,2024-09-24T00:00:00,0001000018,Z100,Z03,ZAR
4500002611,WK,2025-10-17T00:00:00,0001000018,Z100,Z03,ZAR
4500002612,ZDOM,2026-06-21T00:00:00,0001000018,Z100,Z03,ZAR
4500002613,AN,2024-10-25T00:00:00,0001000037,Z100,Z03,ZAR
4500002614,WK,2025-03-11T00:00:00,0001000037,Z100,Z02,ZAR
4500002615,ZDOM,2025-04-02T00:00:00,0001000037,Z100,Z02,ZAR
4500002616,AN,2025-10-02T00:00:00,0001000037,Z100,Z02,ZAR
4500002617,WK,2025-12-14T00:00:00,0001000037,Z100,Z01,ZAR
4500002618,AN,2026-01-26T00:00:00,0001000037,Z100,Z01,ZAR
4500002619,AN,2026-05-05T00:00:00,0001000037,Z100,Z03,ZAR
4500002620,AN,2026-06-09T00:00:00,0001000037,Z100,Z02,ZAR
4500002621,AN,2026-08-04T00:00:00,0001000037,Z100,Z01,ZAR
4500002622,WK,2026-09-07T00:00:00,0001000037,Z100,Z03,ZAR
4500002623,ZDOM,2024-09-30T00:00:00,0001000037,Z100,Z01,ZAR
4500002624,AN,2025-03-13T00:00:00,0001000037,Z100,Z03,ZAR
4500002625,WK,2025-12-12T00:00:00,0001000037,Z100,Z02,ZAR
4500002626,WK,2024-10-22T00:00:00,0001000027,Z100,Z02,ZAR
4500002627,WK,2025-02-21T00:00:00,0001000027,Z100,Z02,ZAR
4500002628,WK,2025-06-10T00:00:00,0001000027,Z100,Z01,ZAR
4500002629,ZDOM,2025-10-18T00:00:00,0001000027,Z100,Z02,ZAR
4500002630,ZDOM,2026-01-03T00:00:00,0001000027,Z100,Z01,ZAR
4500002631,WK,2026-04-29T00:00:00,0001000027,Z100,Z03,ZAR
4500002632,ZDOM,2026-08-17T00:00:00,0001000027,Z100,Z03,ZAR
4500002633,WK,2024-11-30T00:00:00,0001000017,Z100,Z03,ZAR
4500002634,AN,2025-06-29T00:00:00,0001000017,Z100,Z02,ZAR
4500002635,WK,2025-12-13T00:00:00,0001000017,Z100,Z03,ZAR
4500002636,WK,2026-07-26T00:00:00,0001000017,Z100,Z02,ZAR
4500002637,ZDOM,2025-05-22T00:00:00,0001000050,Z100,Z03,ZAR
4500002638,AN,2025-10-15T00:00:00,0001000050,Z100,Z02,ZAR
4500002639,ZDOM,2025-08-02T00:00:00,0001000050,Z100,Z02,ZAR
4500002640,AN,2025-08-06T00:00:00,0001000050,Z100,Z03,ZAR
4500002641,WK,2026-04-22T00:00:00,0001000050,Z100,Z01,ZAR
4500002642,AN,2026-05-17T00:00:00,0001000050,Z100,Z02,ZAR
4500002643,AN,2024-09-26T00:00:00,0001000047,Z100,Z03,ZAR
4500002644,WK,2025-01-17T00:00:00,0001000047,Z100,Z01,ZAR
4500002645,ZDOM,2025-04-23T00:00:00,0001000047,Z100,Z03,ZAR
4500002646,ZDOM,2025-09-02T00:00:00,0001000047,Z100,Z02,ZAR
4500002647,ZDOM,2025-12-31T00:00:00,0001000047,Z100,Z01,ZAR
4500002648,ZDOM,2024-10-05T00:00:00,0001000035,Z100,Z03,ZAR
4500002649,WK,2025-08-23T00:00:00,0001000035,Z100,Z03,ZAR
4500002650,AN,2026-08-21T00:00:00,0001000035,Z100,Z02,ZAR
4500002651,WK,2024-11-14T00:00:00,0001000032,Z100,Z03,ZAR
4500002652,ZDOM,2025-01-17T00:00:00,0001000032,Z100,Z03,ZAR
4500002653,AN,2025-04-10T00:00:00,0001000032,Z100,Z02,ZAR
4500002654,WK,2026-03-17T00:00:00,0001000032,Z100,Z03,ZAR
4500002655,AN,2026-06-22T00:00:00,0001000032,Z100,Z02,ZAR
4500002656,WK,2026-07-19T00:00:00,0001000032,Z100,Z03,ZAR
4500002657,AN,2025-06-08T00:00:00,0001000032,Z100,Z02,ZAR
4500002658,AN,2026-04-22T00:00:00,0001000032,Z100,Z01,ZAR
4500002659,AN,2024-11-20T00:00:00,0001000050,Z100,Z01,ZAR
4500002660,ZDOM,2026-03-11T00:00:00,0001000050,Z100,Z02,ZAR
4500002661,WK,2024-09-12T00:00:00,0001000005,Z100,Z03,ZAR
4500002662,AN,2025-03-08T00:00:00,0001000005,Z100,Z02,ZAR
4500002663,WK,2025-03-12T00:00:00,0001000005,Z100,Z03,ZAR
4500002664,WK,2025-08-24T00:00:00,0001000005,Z100,Z01,ZAR
4500002665,AN,2024-11-26T00:00:00,0001000025,Z100,Z02,ZAR
4500002666,ZDOM,2024-12-21T00:00:00,0001000025,Z100,Z03,ZAR
4500002667,WK,2025-01-14T00:00:00,0001000025,Z100,Z03,ZAR
4500002668,AN,2025-03-03T00:00:00,0001000025,Z100,Z01,ZAR
4500002669,WK,2025-08-17T00:00:00,0001000025,Z100,Z02,ZAR
4500002670,WK,2024-11-12T00:00:00,0001000018,Z100,Z03,ZAR
4500002671,ZDOM,2026-02-10T00:00:00,0001000018,Z100,Z01,ZAR
4500002672,ZDOM,2026-03-08T00:00:00,0001000018,Z100,Z03,ZAR
4500002673,ZDOM,2024-09-16T00:00:00,0001000050,Z100,Z02,ZAR
4500002674,ZDOM,2024-11-24T00:00:00,0001000050,Z100,Z02,ZAR
4500002675,ZDOM,2025-05-02T00:00:00,0001000050,Z100,Z01,ZAR
4500002676,WK,2025-05-31T00:00:00,0001000050,Z100,Z03,ZAR
4500002677,AN,2025-07-08T00:00:00,0001000050,Z100,Z02,ZAR
4500002678,AN,2025-12-23T00:00:00,0001000050,Z100,Z02,ZAR
4500002679,AN,2026-03-21T00:00:00,0001000050,Z100,Z01,ZAR
4500002680,ZDOM,2026-06-11T00:00:00,0001000050,Z100,Z02,ZAR
4500002681,ZDOM,2026-08-27T00:00:00,0001000050,Z100,Z03,ZAR
4500002682,WK,2024-09-25T00:00:00,0001000050,Z100,Z02,ZAR
4500002683,ZDOM,2025-03-15T00:00:00,0001000050,Z100,Z02,ZAR
4500002684,ZDOM,2025-08-20T00:00:00,0001000050,Z100,Z02,ZAR
4500002685,ZDOM,2026-02-01T00:00:00,0001000050,Z100,Z01,ZAR
4500002686,AN,2026-06-16T00:00:00,0001000050,Z100,Z02,ZAR
4500002687,WK,2024-10-01T00:00:00,0001000020,Z100,Z02,ZAR
4500002688,WK,2025-10-21T00:00:00,0001000020,Z100,Z03,ZAR
4500002689,AN,2024-09-11T00:00:00,0001000018,Z100,Z03,ZAR
4500002690,ZDOM,2024-10-11T00:00:00,0001000018,Z100,Z01,ZAR
4500002691,WK,2025-02-04T00:00:00,0001000018,Z100,Z01,ZAR
4500002692,AN,2025-02-27T00:00:00,0001000018,Z100,Z03,ZAR
4500002693,AN,2025-06-06T00:00:00,0001000018,Z100,Z01,ZAR
4500002694,AN,2025-07-27T00:00:00,0001000018,Z100,Z02,ZAR
4500002695,WK,2025-08-10T00:00:00,0001000018,Z100,Z03,ZAR
4500002696,WK,2026-08-27T00:00:00,0001000018,Z100,Z01,ZAR
4500002697,AN,2024-10-17T00:00:00,0001000018,Z100,Z03,ZAR
4500002698,ZDOM,2024-11-14T00:00:00,0001000018,Z100,Z02,ZAR
4500002699,AN,2025-08-10T00:00:00,0001000018,Z100,Z03,ZAR
4500002700,WK,2025-09-26T00:00:00,0001000018,Z100,Z03,ZAR
4500002701,AN,2025-11-02T00:00:00,0001000018,Z100,Z03,ZAR
4500002702,WK,2026-05-17T00:00:00,0001000018,Z100,Z01,ZAR
4500002703,AN,2024-09-14T00:00:00,0001000005,Z100,Z02,ZAR
4500002704,WK,2026-02-24T00:00:00,0001000005,Z100,Z03,ZAR
4500002705,ZDOM,2026-03-20T00:00:00,0001000005,Z100,Z02,ZAR
4500002706,WK,2024-10-04T00:00:00,0001000005,Z100,Z02,ZAR
4500002707,ZDOM,2025-04-27T00:00:00,0001000005,Z100,Z03,ZAR
4500002708,AN,2025-08-14T00:00:00,0001000005,Z100,Z01,ZAR
4500002709,ZDOM,2024-09-10T00:00:00,0001000035,Z100,Z03,ZAR
4500002710,AN,2024-11-03T00:00:00,0001000035,Z100,Z02,ZAR
4500002711,WK,2025-04-09T00:00:00,0001000035,Z100,Z01,ZAR
4500002712,ZDOM,2025-08-12T00:00:00,0001000035,Z100,Z01,ZAR
4500002713,AN,2025-10-11T00:00:00,0001000035,Z100,Z01,ZAR
4500002714,AN,2024-11-30T00:00:00,0001000034,Z100,Z01,ZAR
4500002715,WK,2025-02-26T00:00:00,0001000034,Z100,Z01,ZAR
4500002716,WK,2025-05-14T00:00:00,0001000034,Z100,Z03,ZAR
4500002717,WK,2025-07-26T00:00:00,0001000034,Z100,Z02,ZAR
4500002718,ZDOM,2025-10-20T00:00:00,0001000034,Z100,Z02,ZAR
4500002719,WK,2025-12-11T00:00:00,0001000034,Z100,Z03,ZAR
4500002720,ZDOM,2026-03-06T00:00:00,0001000034,Z100,Z02,ZAR
4500002721,AN,2026-03-09T00:00:00,0001000034,Z100,Z01,ZAR
4500002722,ZDOM,2026-04-07T00:00:00,0001000034,Z100,Z02,ZAR
4500002723,ZDOM,2026-05-20T00:00:00,0001000034,Z100,Z02,ZAR
4500002724,AN,2026-07-12T00:00:00,0001000034,Z100,Z03,ZAR
4500002725,AN,2024-09-29T00:00:00,0001000054,Z100,Z03,ZAR
4500002726,ZDOM,2024-12-20T00:00:00,0001000054,Z100,Z01,ZAR
4500002727,AN,2025-03-05T00:00:00,0001000054,Z100,Z01,ZAR
4500002728,WK,2025-04-09T00:00:00,0001000054,Z100,Z01,ZAR
4500002729,ZDOM,2025-06-03T00:00:00,0001000054,Z100,Z03,ZAR
4500002730,AN,2025-07-09T00:00:00,0001000054,Z100,Z01,ZAR
4500002731,WK,2025-07-24T00:00:00,0001000054,Z100,Z01,ZAR
4500002732,ZDOM,2025-12-10T00:00:00,0001000054,Z100,Z02,ZAR
4500002733,ZDOM,2026-03-27T00:00:00,0001000054,Z100,Z03,ZAR
4500002734,ZDOM,2026-05-24T00:00:00,0001000054,Z100,Z03,ZAR
4500002735,WK,2026-08-06T00:00:00,0001000054,Z100,Z01,ZAR
4500002736,AN,2024-11-04T00:00:00,0001000029,Z100,Z01,ZAR
4500002737,AN,2026-04-26T00:00:00,0001000029,Z100,Z03,ZAR
4500002738,AN,2024-09-26T00:00:00,0001000008,Z100,Z03,ZAR
4500002739,WK,2024-11-29T00:00:00,0001000008,Z100,Z01,ZAR
4500002740,ZDOM,2025-01-06T00:00:00,0001000008,Z100,Z01,ZAR
4500002741,AN,2025-02-08T00:00:00,0001000008,Z100,Z03,ZAR
4500002742,ZDOM,2025-02-20T00:00:00,0001000008,Z100,Z01,ZAR
4500002743,AN,2025-07-04T00:00:00,0001000008,Z100,Z01,ZAR
4500002744,AN,2025-07-29T00:00:00,0001000008,Z100,Z03,ZAR
4500002745,AN,2025-08-17T00:00:00,0001000008,Z100,Z03,ZAR
4500002746,WK,2025-11-20T00:00:00,0001000008,Z100,Z03,ZAR
4500002747,ZDOM,2026-01-07T00:00:00,0001000008,Z100,Z01,ZAR
4500002748,AN,2024-12-19T00:00:00,0001000038,Z100,Z03,ZAR
4500002749,AN,2025-08-02T00:00:00,0001000038,Z100,Z01,ZAR
4500002750,ZDOM,2026-02-13T00:00:00,0001000038,Z100,Z02,ZAR
4500002751,WK,2024-10-01T00:00:00,0001000015,Z100,Z01,ZAR
4500002752,WK,2024-10-29T00:00:00,0001000015,Z100,Z01,ZAR
4500002753,WK,2025-04-24T00:00:00,0001000015,Z100,Z03,ZAR
4500002754,ZDOM,2026-02-01T00:00:00,0001000015,Z100,Z01,ZAR
4500002755,ZDOM,2024-10-05T00:00:00,0001000036,Z100,Z03,ZAR
4500002756,WK,2025-02-28T00:00:00,0001000036,Z100,Z01,ZAR
4500002757,AN,2025-04-06T00:00:00,0001000036,Z100,Z02,ZAR
4500002758,WK,2026-02-07T00:00:00,0001000036,Z100,Z01,ZAR
4500002759,AN,2026-03-17T00:00:00,0001000036,Z100,Z03,ZAR
4500002760,AN,2024-09-22T00:00:00,0001000036,Z100,Z01,ZAR
4500002761,AN,2025-05-10T00:00:00,0001000036,Z100,Z02,ZAR
4500002762,ZDOM,2025-11-29T00:00:00,0001000036,Z100,Z01,ZAR
4500002763,AN,2024-09-28T00:00:00,0001000041,Z100,Z02,ZAR
4500002764,ZDOM,2024-10-26T00:00:00,0001000041,Z100,Z03,ZAR
4500002765,ZDOM,2025-02-18T00:00:00,0001000041,Z100,Z01,ZAR
4500002766,ZDOM,2025-03-11T00:00:00,0001000041,Z100,Z01,ZAR
4500002767,ZDOM,2026-05-10T00:00:00,0001000041,Z100,Z03,ZAR
4500002768,WK,2026-06-26T00:00:00,0001000041,Z100,Z02,ZAR
4500002769,AN,2026-08-17T00:00:00,0001000041,Z100,Z02,ZAR
4500002770,ZDOM,2024-09-17T00:00:00,0001000019,Z100,Z01,ZAR
4500002771,AN,2025-11-24T00:00:00,0001000019,Z100,Z01,ZAR
4500002772,ZDOM,2025-12-19T00:00:00,0001000019,Z100,Z01,ZAR
4500002773,AN,2026-01-31T00:00:00,0001000006,Z100,Z03,ZAR
4500002774,ZDOM,2026-07-25T00:00:00,0001000006,Z100,Z03,ZAR
4500002775,AN,2024-09-15T00:00:00,0001000011,Z100,Z02,ZAR
4500002776,WK,2026-02-21T00:00:00,0001000011,Z100,Z02,ZAR
4500002777,ZDOM,2024-09-22T00:00:00,0001000035,Z100,Z01,ZAR
4500002778,WK,2024-12-01T00:00:00,0001000035,Z100,Z01,ZAR
4500002779,AN,2025-05-23T00:00:00,0001000035,Z100,Z03,ZAR
4500002780,AN,2025-07-28T00:00:00,0001000035,Z100,Z02,ZAR
4500002781,AN,2025-12-07T00:00:00,0001000035,Z100,Z02,ZAR
4500002782,ZDOM,2026-03-11T00:00:00,0001000035,Z100,Z03,ZAR
4500002783,AN,2026-05-03T00:00:00,0001000035,Z100,Z03,ZAR
4500002784,WK,2026-05-20T00:00:00,0001000035,Z100,Z02,ZAR
4500002785,AN,2026-06-18T00:00:00,0001000035,Z100,Z02,ZAR
4500002786,ZDOM,2024-10-07T00:00:00,0001000042,Z100,Z02,ZAR
4500002787,AN,2024-10-26T00:00:00,0001000042,Z100,Z03,ZAR
4500002788,ZDOM,2025-08-04T00:00:00,0001000042,Z100,Z01,ZAR
4500002789,AN,2026-03-08T00:00:00,0001000042,Z100,Z02,ZAR
4500002790,AN,2024-10-17T00:00:00,0001000054,Z100,Z03,ZAR
4500002791,ZDOM,2024-11-09T00:00:00,0001000054,Z100,Z03,ZAR
4500002792,WK,2025-07-03T00:00:00,0001000054,Z100,Z02,ZAR
4500002793,AN,2026-02-02T00:00:00,0001000054,Z100,Z03,ZAR
4500002794,AN,2024-10-03T00:00:00,0001000051,Z100,Z01,ZAR
4500002795,AN,2025-01-21T00:00:00,0001000051,Z100,Z02,ZAR
4500002796,ZDOM,2025-06-05T00:00:00,0001000051,Z100,Z02,ZAR
4500002797,WK,2025-06-28T00:00:00,0001000051,Z100,Z02,ZAR
4500002798,ZDOM,2025-11-04T00:00:00,0001000051,Z100,Z03,ZAR
4500002799,WK,2026-04-20T00:00:00,0001000051,Z100,Z02,ZAR
4500002800,AN,2024-09-10T00:00:00,0001000013,Z100,Z03,ZAR
4500002801,ZDOM,2024-12-11T00:00:00,0001000013,Z100,Z02,ZAR
4500002802,ZDOM,2025-12-12T00:00:00,0001000013,Z100,Z02,ZAR
4500002803,AN,2026-01-10T00:00:00,0001000013,Z100,Z03,ZAR
4500002804,WK,2026-02-27T00:00:00,0001000013,Z100,Z01,ZAR
4500002805,ZDOM,2026-08-21T00:00:00,0001000013,Z100,Z02,ZAR
4500002806,ZDOM,2024-10-02T00:00:00,0001000013,Z100,Z02,ZAR
4500002807,ZDOM,2024-11-15T00:00:00,0001000013,Z100,Z02,ZAR
4500002808,AN,2024-12-17T00:00:00,0001000013,Z100,Z01,ZAR
4500002809,AN,2025-05-01T00:00:00,0001000013,Z100,Z03,ZAR
4500002810,ZDOM,2026-03-11T00:00:00,0001000013,Z100,Z03,ZAR
4500002811,AN,2024-09-08T00:00:00,0001000048,Z100,Z01,ZAR
4500002812,AN,2024-10-25T00:00:00,0001000048,Z100,Z03,ZAR
4500002813,AN,2025-04-27T00:00:00,0001000048,Z100,Z02,ZAR
4500002814,AN,2025-12-09T00:00:00,0001000048,Z100,Z02,ZAR
4500002815,ZDOM,2026-06-04T00:00:00,0001000048,Z100,Z01,ZAR
4500002816,ZDOM,2026-07-06T00:00:00,0001000029,Z100,Z03,ZAR
4500002817,WK,2024-11-03T00:00:00,0001000012,Z100,Z02,ZAR
4500002818,ZDOM,2025-03-16T00:00:00,0001000012,Z100,Z02,ZAR
4500002819,WK,2025-09-07T00:00:00,0001000012,Z100,Z02,ZAR
4500002820,AN,2026-05-05T00:00:00,0001000012,Z100,Z02,ZAR
4500002821,WK,2025-02-16T00:00:00,0001000028,Z100,Z02,ZAR
4500002822,AN,2025-03-28T00:00:00,0001000028,Z100,Z03,ZAR
4500002823,AN,2025-05-03T00:00:00,0001000028,Z100,Z01,ZAR
4500002824,ZDOM,2025-07-17T00:00:00,0001000028,Z100,Z01,ZAR
4500002825,AN,2025-08-28T00:00:00,0001000028,Z100,Z03,ZAR
4500002826,AN,2026-07-29T00:00:00,0001000028,Z100,Z03,ZAR
4500002827,ZDOM,2026-08-31T00:00:00,0001000028,Z100,Z02,ZAR
4500002828,ZDOM,2024-11-23T00:00:00,0001000030,Z100,Z02,ZAR
4500002829,AN,2024-12-17T00:00:00,0001000030,Z100,Z02,ZAR
4500002830,WK,2025-09-01T00:00:00,0001000030,Z100,Z01,ZAR
4500002831,WK,2026-01-22T00:00:00,0001000030,Z100,Z01,ZAR
4500002832,ZDOM,2024-10-05T00:00:00,0001000031,Z100,Z01,ZAR
4500002833,ZDOM,2025-09-22T00:00:00,0001000031,Z100,Z01,ZAR
4500002834,AN,2026-07-04T00:00:00,0001000031,Z100,Z03,ZAR
4500002835,AN,2024-10-06T00:00:00,0001000056,Z100,Z02,ZAR
4500002836,ZDOM,2025-01-22T00:00:00,0001000056,Z100,Z02,ZAR
4500002837,ZDOM,2026-01-27T00:00:00,0001000056,Z100,Z02,ZAR
4500002838,AN,2024-09-12T00:00:00,0001000056,Z100,Z02,ZAR
4500002839,WK,2024-10-19T00:00:00,0001000056,Z100,Z02,ZAR
4500002840,ZDOM,2025-02-28T00:00:00,0001000056,Z100,Z01,ZAR
4500002841,WK,2025-06-29T00:00:00,0001000056,Z100,Z02,ZAR
4500002842,AN,2025-07-12T00:00:00,0001000056,Z100,Z01,ZAR
4500002843,ZDOM,2025-12-09T00:00:00,0001000056,Z100,Z03,ZAR
4500002844,WK,2026-02-10T00:00:00,0001000056,Z100,Z03,ZAR
4500002845,ZDOM,2026-07-22T00:00:00,0001000015,Z100,Z03,ZAR
4500002846,AN,2026-02-25T00:00:00,0001000015,Z100,Z01,ZAR
4500002847,AN,2024-11-13T00:00:00,0001000046,Z100,Z02,ZAR
4500002848,ZDOM,2025-04-11T00:00:00,0001000046,Z100,Z02,ZAR
4500002849,ZDOM,2025-10-25T00:00:00,0001000046,Z100,Z01,ZAR
4500002850,WK,2025-11-25T00:00:00,0001000046,Z100,Z02,ZAR
4500002851,ZDOM,2026-04-06T00:00:00,0001000046,Z100,Z01,ZAR
4500002852,WK,2024-10-24T00:00:00,0001000046,Z100,Z03,ZAR
4500002853,AN,2024-11-19T00:00:00,0001000046,Z100,Z02,ZAR
4500002854,AN,2025-07-25T00:00:00,0001000046,Z100,Z03,ZAR
4500002855,WK,2026-04-10T00:00:00,0001000046,Z100,Z03,ZAR
4500002856,ZDOM,2026-09-07T00:00:00,0001000046,Z100,Z01,ZAR
4500002857,WK,2024-10-21T00:00:00,0001000007,Z100,Z03,ZAR
4500002858,AN,2024-11-20T00:00:00,0001000007,Z100,Z02,ZAR
4500002859,WK,2025-02-10T00:00:00,0001000007,Z100,Z02,ZAR
4500002860,AN,2025-03-30T00:00:00,0001000007,Z100,Z02,ZAR
4500002861,ZDOM,2025-08-05T00:00:00,0001000007,Z100,Z02,ZAR
4500002862,WK,2025-09-25T00:00:00,0001000007,Z100,Z03,ZAR
4500002863,AN,2025-12-12T00:00:00,0001000007,Z100,Z01,ZAR
4500002864,ZDOM,2026-05-21T00:00:00,0001000007,Z100,Z03,ZAR
4500002865,ZDOM,2026-06-24T00:00:00,0001000007,Z100,Z01,ZAR
4500002866,WK,2024-10-12T00:00:00,0001000057,Z100,Z01,ZAR
4500002867,AN,2025-07-29T00:00:00,0001000057,Z100,Z03,ZAR
4500002868,ZDOM,2026-03-16T00:00:00,0001000057,Z100,Z02,ZAR
4500002869,ZDOM,2024-09-14T00:00:00,0001000057,Z100,Z01,ZAR
4500002870,AN,2024-11-09T00:00:00,0001000057,Z100,Z01,ZAR
4500002871,AN,2025-03-24T00:00:00,0001000057,Z100,Z03,ZAR
4500002872,AN,2025-10-13T00:00:00,0001000057,Z100,Z02,ZAR
4500002873,AN,2025-11-15T00:00:00,0001000057,Z100,Z03,ZAR
4500002874,ZDOM,2026-04-27T00:00:00,0001000057,Z100,Z02,ZAR
4500002875,ZDOM,2024-09-15T00:00:00,0001000029,Z100,Z02,ZAR
4500002876,WK,2024-11-01T00:00:00,0001000029,Z100,Z03,ZAR
4500002877,AN,2025-04-11T00:00:00,0001000029,Z100,Z01,ZAR
4500002878,ZDOM,2026-03-07T00:00:00,0001000029,Z100,Z03,ZAR
4500002879,WK,2026-08-01T00:00:00,0001000029,Z100,Z03,ZAR
4500002880,WK,2026-01-19T00:00:00,0001000053,Z100,Z03,ZAR
4500002881,AN,2026-04-22T00:00:00,0001000053,Z100,Z02,ZAR
4500002882,AN,2026-05-17T00:00:00,0001000053,Z100,Z02,ZAR
4500002883,AN,2026-06-28T00:00:00,0001000053,Z100,Z03,ZAR
4500002884,AN,2024-09-11T00:00:00,0001000040,Z100,Z01,ZAR
4500002885,AN,2025-01-28T00:00:00,0001000040,Z100,Z02,ZAR
4500002886,WK,2025-03-17T00:00:00,0001000040,Z100,Z03,ZAR
4500002887,ZDOM,2025-10-31T00:00:00,0001000040,Z100,Z03,ZAR
4500002888,ZDOM,2026-01-05T00:00:00,0001000040,Z100,Z03,ZAR
4500002889,WK,2026-01-11T00:00:00,0001000040,Z100,Z02,ZAR
4500002890,AN,2026-02-10T00:00:00,0001000040,Z100,Z02,ZAR
4500002891,WK,2024-09-30T00:00:00,0001000010,Z100,Z01,ZAR
4500002892,ZDOM,2024-10-10T00:00:00,0001000010,Z100,Z02,ZAR
4500002893,ZDOM,2025-04-02T00:00:00,0001000010,Z100,Z01,ZAR
4500002894,WK,2025-04-29T00:00:00,0001000010,Z100,Z01,ZAR
4500002895,ZDOM,2025-10-28T00:00:00,0001000010,Z100,Z01,ZAR
4500002896,AN,2026-02-23T00:00:00,0001000010,Z100,Z01,ZAR
4500002897,WK,2026-03-24T00:00:00,0001000010,Z100,Z02,ZAR
4500002898,ZDOM,2026-08-12T00:00:00,0001000010,Z100,Z01,ZAR
4500002899,ZDOM,2024-09-12T00:00:00,0001000054,Z100,Z01,ZAR
4500002900,WK,2024-10-22T00:00:00,0001000054,Z100,Z03,ZAR
4500002901,ZDOM,2025-05-11T00:00:00,0001000054,Z100,Z02,ZAR
4500002902,WK,2025-09-21T00:00:00,0001000054,Z100,Z02,ZAR
4500002903,ZDOM,2024-10-09T00:00:00,0001000052,Z100,Z03,ZAR
4500002904,WK,2025-01-23T00:00:00,0001000052,Z100,Z02,ZAR
4500002905,AN,2025-08-16T00:00:00,0001000052,Z100,Z01,ZAR
4500002906,WK,2026-07-06T00:00:00,0001000052,Z100,Z01,ZAR
4500002907,WK,2024-09-30T00:00:00,0001000025,Z100,Z01,ZAR
4500002908,AN,2024-10-24T00:00:00,0001000025,Z100,Z02,ZAR
4500002909,ZDOM,2025-02-01T00:00:00,0001000025,Z100,Z02,ZAR
4500002910,WK,2026-03-09T00:00:00,0001000025,Z100,Z03,ZAR
4500002911,AN,2026-06-17T00:00:00,0001000025,Z100,Z02,ZAR
4500002912,AN,2024-10-01T00:00:00,0001000040,Z100,Z01,ZAR
4500002913,ZDOM,2024-10-23T00:00:00,0001000040,Z100,Z03,ZAR
4500002914,WK,2025-08-22T00:00:00,0001000040,Z100,Z01,ZAR
4500002915,ZDOM,2025-10-09T00:00:00,0001000040,Z100,Z02,ZAR
4500002916,ZDOM,2024-09-21T00:00:00,0001000009,Z100,Z01,ZAR
4500002917,AN,2024-11-15T00:00:00,0001000009,Z100,Z02,ZAR
4500002918,AN,2025-03-28T00:00:00,0001000009,Z100,Z03,ZAR
4500002919,ZDOM,2025-08-19T00:00:00,0001000009,Z100,Z03,ZAR
4500002920,ZDOM,2025-09-21T00:00:00,0001000009,Z100,Z03,ZAR
4500002921,ZDOM,2025-10-14T00:00:00,0001000009,Z100,Z03,ZAR
4500002922,AN,2025-12-24T00:00:00,0001000009,Z100,Z02,ZAR
4500002923,AN,2026-05-08T00:00:00,0001000009,Z100,Z03,ZAR
4500002924,ZDOM,2026-06-01T00:00:00,0001000009,Z100,Z01,ZAR
4500002925,ZDOM,2024-09-21T00:00:00,0001000053,Z100,Z01,ZAR
4500002926,WK,2026-07-07T00:00:00,0001000053,Z100,Z03,ZAR
4500002927,ZDOM,2024-11-11T00:00:00,0001000040,Z100,Z03,ZAR
4500002928,AN,2024-12-21T00:00:00,0001000040,Z100,Z02,ZAR
4500002929,ZDOM,2025-06-14T00:00:00,0001000040,Z100,Z03,ZAR
4500002930,ZDOM,2025-09-21T00:00:00,0001000040,Z100,Z03,ZAR
4500002931,ZDOM,2026-03-26T00:00:00,0001000040,Z100,Z02,ZAR
4500002932,WK,2026-08-24T00:00:00,0001000040,Z100,Z02,ZAR
4500002933,ZDOM,2024-10-22T00:00:00,0001000033,Z100,Z01,ZAR
4500002934,ZDOM,2025-07-06T00:00:00,0001000033,Z100,Z02,ZAR
4500002935,WK,2026-03-10T00:00:00,0001000033,Z100,Z01,ZAR
4500002936,ZDOM,2025-04-18T00:00:00,0001000028,Z100,Z03,ZAR
4500002937,ZDOM,2025-12-02T00:00:00,0001000028,Z100,Z01,ZAR
4500002938,AN,2025-06-10T00:00:00,0001000037,Z100,Z02,ZAR
4500002939,AN,2026-03-01T00:00:00,0001000037,Z100,Z02,ZAR
4500002940,AN,2024-10-18T00:00:00,0001000007,Z100,Z01,ZAR
4500002941,ZDOM,2025-04-29T00:00:00,0001000007,Z100,Z03,ZAR
4500002942,AN,2025-11-13T00:00:00,0001000007,Z100,Z01,ZAR
4500002943,AN,2026-05-17T00:00:00,0001000007,Z100,Z02,ZAR
4500002944,WK,2025-10-15T00:00:00,0001000014,Z100,Z03,ZAR
4500002945,ZDOM,2024-09-09T00:00:00,0001000019,Z100,Z03,ZAR
4500002946,AN,2025-05-05T00:00:00,0001000019,Z100,Z03,ZAR
4500002947,WK,2026-06-28T00:00:00,0001000019,Z100,Z01,ZAR
4500002948,AN,2024-10-09T00:00:00,0001000019,Z100,Z03,ZAR
4500002949,AN,2024-10-14T00:00:00,0001000019,Z100,Z01,ZAR
4500002950,ZDOM,2025-04-25T00:00:00,0001000019,Z100,Z01,ZAR
4500002951,WK,2025-08-09T00:00:00,0001000019,Z100,Z03,ZAR
4500002952,WK,2025-10-12T00:00:00,0001000019,Z100,Z01,ZAR
4500002953,WK,2024-09-28T00:00:00,0001000036,Z100,Z01,ZAR
4500002954,WK,2025-06-23T00:00:00,0001000036,Z100,Z03,ZAR
4500002955,AN,2026-05-20T00:00:00,0001000036,Z100,Z03,ZAR
4500002956,ZDOM,2024-12-14T00:00:00,0001000024,Z100,Z03,ZAR
4500002957,AN,2025-06-16T00:00:00,0001000024,Z100,Z02,ZAR
4500002958,AN,2026-01-30T00:00:00,0001000024,Z100,Z02,ZAR
4500002959,ZDOM,2026-05-11T00:00:00,0001000024,Z100,Z03,ZAR
4500002960,ZDOM,2024-11-24T00:00:00,0001000001,Z100,Z02,ZAR
4500002961,AN,2024-12-30T00:00:00,0001000001,Z100,Z01,ZAR
4500002962,ZDOM,2025-06-27T00:00:00,0001000001,Z100,Z01,ZAR
4500002963,AN,2025-07-29T00:00:00,0001000001,Z100,Z01,ZAR
4500002964,WK,2026-03-03T00:00:00,0001000001,Z100,Z02,ZAR
4500002965,WK,2026-03-20T00:00:00,0001000001,Z100,Z03,ZAR
4500002966,ZDOM,2026-08-18T00:00:00,0001000001,Z100,Z01,ZAR
4500002967,AN,2024-10-16T00:00:00,0001000005,Z100,Z02,ZAR
4500002968,ZDOM,2025-07-12T00:00:00,0001000005,Z100,Z03,ZAR
4500002969,AN,2026-05-16T00:00:00,0001000005,Z100,Z01,ZAR
4500002970,ZDOM,2024-09-17T00:00:00,0001000005,Z100,Z01,ZAR
4500002971,AN,2024-10-29T00:00:00,0001000005,Z100,Z03,ZAR
4500002972,AN,2025-06-24T00:00:00,0001000005,Z100,Z03,ZAR
4500002973,WK,2025-11-25T00:00:00,0001000005,Z100,Z02,ZAR
4500002974,WK,2026-05-12T00:00:00,0001000005,Z100,Z01,ZAR
4500002975,AN,2024-09-27T00:00:00,0001000005,Z100,Z01,ZAR
4500002976,AN,2025-05-13T00:00:00,0001000005,Z100,Z02,ZAR
4500002977,ZDOM,2026-03-05T00:00:00,0001000005,Z100,Z02,ZAR
4500002978,ZDOM,2024-09-22T00:00:00,0001000001,Z100,Z01,ZAR
4500002979,ZDOM,2024-12-29T00:00:00,0001000001,Z100,Z02,ZAR
4500002980,AN,2025-03-14T00:00:00,0001000001,Z100,Z01,ZAR
4500002981,WK,2025-06-02T00:00:00,0001000001,Z100,Z03,ZAR
4500002982,WK,2025-08-11T00:00:00,0001000001,Z100,Z01,ZAR
4500002983,ZDOM,2025-11-30T00:00:00,0001000001,Z100,Z03,ZAR
4500002984,ZDOM,2026-04-01T00:00:00,0001000001,Z100,Z02,ZAR
4500002985,WK,2026-06-18T00:00:00,0001000001,Z100,Z03,ZAR
4500002986,WK,2024-11-07T00:00:00,0001000055,Z100,Z01,ZAR
4500002987,WK,2024-12-01T00:00:00,0001000055,Z100,Z03,ZAR
4500002988,WK,2026-07-02T00:00:00,0001000055,Z100,Z02,ZAR
4500002989,WK,2026-07-08T00:00:00,0001000055,Z100,Z01,ZAR
4500002990,AN,2024-11-14T00:00:00,0001000013,Z100,Z02,ZAR
4500002991,WK,2025-04-10T00:00:00,0001000013,Z100,Z02,ZAR
4500002992,WK,2025-07-05T00:00:00,0001000013,Z100,Z01,ZAR
4500002993,WK,2025-08-28T00:00:00,0001000013,Z100,Z03,ZAR
4500002994,ZDOM,2025-11-07T00:00:00,0001000013,Z100,Z03,ZAR
4500002995,ZDOM,2025-11-06T00:00:00,0001000013,Z100,Z02,ZAR
4500002996,ZDOM,2026-03-18T00:00:00,0001000013,Z100,Z01,ZAR
4500002997,WK,2026-07-19T00:00:00,0001000013,Z100,Z02,ZAR
4500002998,AN,2024-09-20T00:00:00,0001000009,Z100,Z03,ZAR
4500002999,WK,2025-09-12T00:00:00,0001000009,Z100,Z02,ZAR
4500003000,ZDOM,2024-10-25T00:00:00,0001000047,Z100,Z01,ZAR
4500003001,AN,2025-05-27T00:00:00,0001000047,Z100,Z03,ZAR
4500003002,ZDOM,2025-11-21T00:00:00,0001000047,Z100,Z02,ZAR
4500003003,AN,2026-09-02T00:00:00,0001000047,Z100,Z01,ZAR
4500003004,WK,2026-08-21T00:00:00,0001000035,Z100,Z02,ZAR
4500003005,AN,2026-04-22T00:00:00,0001000035,Z100,Z02,ZAR
4500003006,ZDOM,2024-09-28T00:00:00,0001000037,Z100,Z01,ZAR
4500003007,ZDOM,2025-12-24T00:00:00,0001000037,Z100,Z01,ZAR
4500003008,ZDOM,2026-06-10T00:00:00,0001000049,Z100,Z02,ZAR
4500003009,ZDOM,2025-12-25T00:00:00,0001000049,Z100,Z03,ZAR
4500003010,WK,2024-10-20T00:00:00,0001000049,Z100,Z02,ZAR
4500003011,ZDOM,2025-05-19T00:00:00,0001000049,Z100,Z03,ZAR
4500003012,AN,2025-11-21T00:00:00,0001000049,Z100,Z03,ZAR
4500003013,ZDOM,2026-05-27T00:00:00,0001000049,Z100,Z02,ZAR
4500003014,AN,2025-02-25T00:00:00,0001000043,Z100,Z02,ZAR
4500003015,ZDOM,2025-11-26T00:00:00,0001000043,Z100,Z03,ZAR
4500003016,AN,2024-09-22T00:00:00,0001000042,Z100,Z01,ZAR
4500003017,WK,2025-04-05T00:00:00,0001000042,Z100,Z01,ZAR
4500003018,WK,2025-08-22T00:00:00,0001000042,Z100,Z02,ZAR
4500003019,ZDOM,2025-09-23T00:00:00,0001000042,Z100,Z01,ZAR
4500003020,ZDOM,2026-03-03T00:00:00,0001000042,Z100,Z03,ZAR
4500003021,WK,2026-08-15T00:00:00,0001000042,Z100,Z02,ZAR
4500003022,AN,2024-10-02T00:00:00,0001000055,Z100,Z01,ZAR
4500003023,WK,2024-10-30T00:00:00,0001000055,Z100,Z03,ZAR
4500003024,ZDOM,2025-02-26T00:00:00,0001000055,Z100,Z03,ZAR
4500003025,ZDOM,2025-07-18T00:00:00,0001000055,Z100,Z03,ZAR
4500003026,ZDOM,2025-12-30T00:00:00,0001000055,Z100,Z02,ZAR
4500003027,WK,2026-04-15T00:00:00,0001000055,Z100,Z02,ZAR
4500003028,WK,2026-07-26T00:00:00,0001000055,Z100,Z03,ZAR
4500003029,ZDOM,2024-09-24T00:00:00,0001000055,Z100,Z03,ZAR
4500003030,WK,2024-11-03T00:00:00,0001000055,Z100,Z02,ZAR
4500003031,WK,2024-12-01T00:00:00,0001000055,Z100,Z02,ZAR
4500003032,ZDOM,2025-02-27T00:00:00,0001000055,Z100,Z01,ZAR
4500003033,AN,2025-03-25T00:00:00,0001000055,Z100,Z01,ZAR
4500003034,WK,2025-06-27T00:00:00,0001000055,Z100,Z02,ZAR
4500003035,WK,2025-08-28T00:00:00,0001000055,Z100,Z01,ZAR
4500003036,ZDOM,2025-11-12T00:00:00,0001000055,Z100,Z01,ZAR
4500003037,AN,2026-03-02T00:00:00,0001000055,Z100,Z02,ZAR
4500003038,ZDOM,2026-05-07T00:00:00,0001000055,Z100,Z03,ZAR
4500003039,ZDOM,2026-06-29T00:00:00,0001000055,Z100,Z01,ZAR
4500003040,AN,2026-07-28T00:00:00,0001000055,Z100,Z02,ZAR
4500003041,AN,2026-08-22T00:00:00,0001000055,Z100,Z02,ZAR
4500003042,ZDOM,2024-09-23T00:00:00,0001000037,Z100,Z01,ZAR
4500003043,ZDOM,2024-10-05T00:00:00,0001000037,Z100,Z02,ZAR
4500003044,ZDOM,2025-09-24T00:00:00,0001000037,Z100,Z02,ZAR
4500003045,ZDOM,2024-11-27T00:00:00,0001000007,Z100,Z01,ZAR
4500003046,AN,2024-12-22T00:00:00,0001000007,Z100,Z01,ZAR
4500003047,AN,2025-07-11T00:00:00,0001000007,Z100,Z01,ZAR
4500003048,AN,2025-10-26T00:00:00,0001000007,Z100,Z03,ZAR
4500003049,WK,2024-09-17T00:00:00,0001000043,Z100,Z03,ZAR
4500003050,WK,2025-04-14T00:00:00,0001000043,Z100,Z03,ZAR
4500003051,ZDOM,2025-10-07T00:00:00,0001000043,Z100,Z03,ZAR
4500003052,ZDOM,2024-10-02T00:00:00,0001000043,Z100,Z01,ZAR
4500003053,WK,2024-10-10T00:00:00,0001000043,Z100,Z03,ZAR
4500003054,ZDOM,2025-07-07T00:00:00,0001000043,Z100,Z03,ZAR
4500003055,AN,2026-03-17T00:00:00,0001000043,Z100,Z02,ZAR
4500003056,ZDOM,2024-09-21T00:00:00,0001000016,Z100,Z01,ZAR
4500003057,WK,2025-03-17T00:00:00,0001000016,Z100,Z02,ZAR
4500003058,WK,2025-05-06T00:00:00,0001000016,Z100,Z01,ZAR
4500003059,WK,2026-03-14T00:00:00,0001000016,Z100,Z02,ZAR
4500003060,ZDOM,2026-04-24T00:00:00,0001000016,Z100,Z03,ZAR
4500003061,WK,2026-05-26T00:00:00,0001000016,Z100,Z03,ZAR
4500003062,ZDOM,2026-06-14T00:00:00,0001000016,Z100,Z03,ZAR
4500003063,WK,2024-09-12T00:00:00,0001000016,Z100,Z02,ZAR
4500003064,AN,2025-09-16T00:00:00,0001000016,Z100,Z01,ZAR
4500003065,AN,2026-01-27T00:00:00,0001000016,Z100,Z01,ZAR
4500003066,WK,2026-06-11T00:00:00,0001000016,Z100,Z02,ZAR
4500003067,ZDOM,2025-01-08T00:00:00,0001000026,Z100,Z03,ZAR
4500003068,WK,2025-04-19T00:00:00,0001000026,Z100,Z01,ZAR
4500003069,AN,2026-01-18T00:00:00,0001000026,Z100,Z01,ZAR
4500003070,WK,2026-03-20T00:00:00,0001000026,Z100,Z01,ZAR
4500003071,ZDOM,2026-04-14T00:00:00,0001000026,Z100,Z01,ZAR
4500003072,AN,2026-09-06T00:00:00,0001000026,Z100,Z01,ZAR
4500003073,AN,2026-04-17T00:00:00,0001000015,Z100,Z01,ZAR
4500003074,AN,2024-09-28T00:00:00,0001000009,Z100,Z03,ZAR
4500003075,AN,2024-10-02T00:00:00,0001000009,Z100,Z01,ZAR
4500003076,WK,2025-03-08T00:00:00,0001000009,Z100,Z02,ZAR
4500003077,WK,2025-04-23T00:00:00,0001000009,Z100,Z01,ZAR
4500003078,AN,2026-01-19T00:00:00,0001000009,Z100,Z01,ZAR
4500003079,AN,2026-07-20T00:00:00,0001000009,Z100,Z03,ZAR
4500003080,WK,2026-08-31T00:00:00,0001000009,Z100,Z02,ZAR
4500003081,WK,2025-03-31T00:00:00,0001000028,Z100,Z03,ZAR
4500003082,WK,2026-02-04T00:00:00,0001000028,Z100,Z03,ZAR
4500003083,ZDOM,2026-03-24T00:00:00,0001000028,Z100,Z03,ZAR
4500003084,AN,2026-09-07T00:00:00,0001000028,Z100,Z02,ZAR
4500003085,WK,2024-12-29T00:00:00,0001000031,Z100,Z02,ZAR
4500003086,WK,2025-03-15T00:00:00,0001000031,Z100,Z03,ZAR
4500003087,ZDOM,2025-07-28T00:00:00,0001000031,Z100,Z03,ZAR
4500003088,AN,2025-10-24T00:00:00,0001000031,Z100,Z03,ZAR
4500003089,WK,2025-12-10T00:00:00,0001000031,Z100,Z01,ZAR
4500003090,WK,2026-03-21T00:00:00,0001000031,Z100,Z03,ZAR
4500003091,ZDOM,2026-06-14T00:00:00,0001000031,Z100,Z01,ZAR
4500003092,ZDOM,2026-09-05T00:00:00,0001000031,Z100,Z01,ZAR
4500003093,AN,2024-11-14T00:00:00,0001000017,Z100,Z03,ZAR
4500003094,WK,2025-05-09T00:00:00,0001000017,Z100,Z01,ZAR
4500003095,AN,2025-11-09T00:00:00,0001000017,Z100,Z01,ZAR
4500003096,ZDOM,2026-04-15T00:00:00,0001000017,Z100,Z03,ZAR
4500003097,WK,2026-05-27T00:00:00,0001000017,Z100,Z02,ZAR
4500003098,ZDOM,2024-09-26T00:00:00,0001000017,Z100,Z02,ZAR
4500003099,AN,2025-02-26T00:00:00,0001000017,Z100,Z02,ZAR
4500003100,WK,2025-09-01T00:00:00,0001000017,Z100,Z03,ZAR
4500003101,WK,2026-02-17T00:00:00,0001000017,Z100,Z02,ZAR
4500003102,ZDOM,2026-09-07T00:00:00,0001000017,Z100,Z03,ZAR
4500003103,AN,2024-09-25T00:00:00,0001000052,Z100,Z03,ZAR
4500003104,AN,2024-10-27T00:00:00,0001000052,Z100,Z01,ZAR
4500003105,WK,2024-11-17T00:00:00,0001000052,Z100,Z02,ZAR
4500003106,WK,2025-08-10T00:00:00,0001000052,Z100,Z03,ZAR
4500003107,ZDOM,2026-08-18T00:00:00,0001000052,Z100,Z01,ZAR
4500003108,AN,2024-10-13T00:00:00,0001000051,Z100,Z02,ZAR
4500003109,WK,2025-12-05T00:00:00,0001000051,Z100,Z01,ZAR
4500003110,AN,2024-10-16T00:00:00,0001000041,Z100,Z02,ZAR
4500003111,ZDOM,2025-02-21T00:00:00,0001000041,Z100,Z02,ZAR
4500003112,AN,2025-06-18T00:00:00,0001000041,Z100,Z03,ZAR
4500003113,ZDOM,2025-07-30T00:00:00,0001000041,Z100,Z03,ZAR
4500003114,ZDOM,2025-08-25T00:00:00,0001000041,Z100,Z01,ZAR
4500003115,WK,2026-01-31T00:00:00,0001000041,Z100,Z03,ZAR
4500003116,AN,2026-03-10T00:00:00,0001000041,Z100,Z02,ZAR
4500003117,AN,2026-08-19T00:00:00,0001000041,Z100,Z01,ZAR
4500003118,ZDOM,2024-10-16T00:00:00,0001000057,Z100,Z02,ZAR
4500003119,AN,2025-02-16T00:00:00,0001000057,Z100,Z02,ZAR
4500003120,WK,2025-03-10T00:00:00,0001000057,Z100,Z02,ZAR
4500003121,AN,2025-08-17T00:00:00,0001000057,Z100,Z03,ZAR
4500003122,WK,2026-01-11T00:00:00,0001000057,Z100,Z03,ZAR
4500003123,WK,2026-02-24T00:00:00,0001000057,Z100,Z01,ZAR
4500003124,ZDOM,2026-07-21T00:00:00,0001000057,Z100,Z01,ZAR
4500003125,ZDOM,2024-09-29T00:00:00,0001000047,Z100,Z01,ZAR
4500003126,AN,2025-06-14T00:00:00,0001000047,Z100,Z03,ZAR
4500003127,AN,2026-02-02T00:00:00,0001000047,Z100,Z01,ZAR
4500003128,AN,2026-04-30T00:00:00,0001000047,Z100,Z02,ZAR
4500003129,WK,2024-12-02T00:00:00,0001000059,Z100,Z01,ZAR
4500003130,ZDOM,2024-09-17T00:00:00,0001000059,Z100,Z03,ZAR
4500003131,AN,2025-04-18T00:00:00,0001000059,Z100,Z03,ZAR
4500003132,ZDOM,2026-01-23T00:00:00,0001000059,Z100,Z02,ZAR
4500003133,WK,2026-03-02T00:00:00,0001000059,Z100,Z03,ZAR
4500003134,AN,2026-03-05T00:00:00,0001000059,Z100,Z03,ZAR
4500003135,AN,2026-04-21T00:00:00,0001000059,Z100,Z03,ZAR
4500003136,AN,2024-10-05T00:00:00,0001000046,Z100,Z03,ZAR
4500003137,WK,2025-02-11T00:00:00,0001000046,Z100,Z03,ZAR
4500003138,WK,2025-07-08T00:00:00,0001000046,Z100,Z01,ZAR
4500003139,ZDOM,2025-12-28T00:00:00,0001000046,Z100,Z02,ZAR
4500003140,WK,2026-03-16T00:00:00,0001000046,Z100,Z02,ZAR
4500003141,AN,2026-04-13T00:00:00,0001000046,Z100,Z01,ZAR
4500003142,AN,2026-05-15T00:00:00,0001000046,Z100,Z01,ZAR
4500003143,AN,2024-10-01T00:00:00,0001000020,Z100,Z02,ZAR
4500003144,WK,2025-07-08T00:00:00,0001000020,Z100,Z02,ZAR
4500003145,AN,2025-10-07T00:00:00,0001000020,Z100,Z02,ZAR
4500003146,AN,2025-11-03T00:00:00,0001000020,Z100,Z01,ZAR
4500003147,AN,2025-11-21T00:00:00,0001000020,Z100,Z01,ZAR
4500003148,ZDOM,2026-02-13T00:00:00,0001000020,Z100,Z01,ZAR
4500003149,AN,2024-10-03T00:00:00,0001000053,Z100,Z02,ZAR
4500003150,AN,2025-06-29T00:00:00,0001000053,Z100,Z03,ZAR
4500003151,ZDOM,2025-07-31T00:00:00,0001000053,Z100,Z01,ZAR
4500003152,ZDOM,2025-12-17T00:00:00,0001000053,Z100,Z01,ZAR
4500003153,WK,2026-01-28T00:00:00,0001000053,Z100,Z01,ZAR
4500003154,WK,2024-12-29T00:00:00,0001000039,Z100,Z01,ZAR
4500003155,AN,2025-01-19T00:00:00,0001000039,Z100,Z02,ZAR
4500003156,WK,2025-05-19T00:00:00,0001000039,Z100,Z02,ZAR
4500003157,ZDOM,2026-02-02T00:00:00,0001000039,Z100,Z01,ZAR
4500003158,ZDOM,2024-09-17T00:00:00,0001000026,Z100,Z02,ZAR
4500003159,WK,2025-04-24T00:00:00,0001000026,Z100,Z01,ZAR
4500003160,ZDOM,2025-10-07T00:00:00,0001000026,Z100,Z03,ZAR
4500003161,AN,2024-09-29T00:00:00,0001000026,Z100,Z02,ZAR
4500003162,WK,2025-06-28T00:00:00,0001000026,Z100,Z01,ZAR
4500003163,WK,2025-12-30T00:00:00,0001000026,Z100,Z03,ZAR
4500003164,AN,2024-09-22T00:00:00,0001000024,Z100,Z03,ZAR
4500003165,ZDOM,2025-10-16T00:00:00,0001000024,Z100,Z03,ZAR
4500003166,AN,2024-12-26T00:00:00,0001000026,Z100,Z03,ZAR
4500003167,AN,2025-03-31T00:00:00,0001000026,Z100,Z01,ZAR
4500003168,ZDOM,2025-06-09T00:00:00,0001000026,Z100,Z01,ZAR
4500003169,AN,2025-07-08T00:00:00,0001000026,Z100,Z02,ZAR
4500003170,AN,2025-10-08T00:00:00,0001000026,Z100,Z01,ZAR
4500003171,WK,2026-02-02T00:00:00,0001000026,Z100,Z03,ZAR
4500003172,AN,2026-06-04T00:00:00,0001000026,Z100,Z03,ZAR
4500003173,AN,2024-09-12T00:00:00,0001000019,Z100,Z02,ZAR
4500003174,WK,2025-05-17T00:00:00,0001000019,Z100,Z02,ZAR
4500003175,AN,2025-06-17T00:00:00,0001000019,Z100,Z03,ZAR
4500003176,WK,2025-11-06T00:00:00,0001000019,Z100,Z03,ZAR
4500003177,AN,2025-02-03T00:00:00,0001000000,Z100,Z03,ZAR
4500003178,ZDOM,2025-08-18T00:00:00,0001000000,Z100,Z01,ZAR
4500003179,ZDOM,2026-01-12T00:00:00,0001000000,Z100,Z01,ZAR
4500003180,WK,2026-02-25T00:00:00,0001000000,Z100,Z02,ZAR
4500003181,WK,2024-09-26T00:00:00,0001000055,Z100,Z03,ZAR
4500003182,AN,2024-11-02T00:00:00,0001000055,Z100,Z01,ZAR
4500003183,AN,2025-03-25T00:00:00,0001000055,Z100,Z01,ZAR
4500003184,WK,2025-08-11T00:00:00,0001000055,Z100,Z01,ZAR
4500003185,ZDOM,2025-09-20T00:00:00,0001000055,Z100,Z02,ZAR
4500003186,AN,2026-03-16T00:00:00,0001000055,Z100,Z03,ZAR
4500003187,AN,2026-04-20T00:00:00,0001000055,Z100,Z03,ZAR
4500003188,WK,2024-09-14T00:00:00,0001000055,Z100,Z03,ZAR
4500003189,ZDOM,2024-10-23T00:00:00,0001000055,Z100,Z02,ZAR
4500003190,WK,2025-04-25T00:00:00,0001000055,Z100,Z03,ZAR
4500003191,WK,2025-08-13T00:00:00,0001000055,Z100,Z02,ZAR
4500003192,WK,2026-05-04T00:00:00,0001000055,Z100,Z02,ZAR
4500003193,WK,2026-08-23T00:00:00,0001000055,Z100,Z03,ZAR
4500003194,WK,2026-05-15T00:00:00,0001000042,Z100,Z01,ZAR
4500003195,WK,2026-07-25T00:00:00,0001000042,Z100,Z03,ZAR
4500003196,AN,2024-10-04T00:00:00,0001000011,Z100,Z03,ZAR
4500003197,WK,2024-12-02T00:00:00,0001000011,Z100,Z03,ZAR
4500003198,ZDOM,2025-01-23T00:00:00,0001000011,Z100,Z02,ZAR
4500003199,AN,2025-03-10T00:00:00,0001000011,Z100,Z02,ZAR
4500003200,ZDOM,2025-07-23T00:00:00,0001000011,Z100,Z03,ZAR
4500003201,WK,2026-05-12T00:00:00,0001000011,Z100,Z01,ZAR
4500003202,WK,2024-09-25T00:00:00,0001000048,Z100,Z01,ZAR
4500003203,ZDOM,2024-10-21T00:00:00,0001000048,Z100,Z01,ZAR
4500003204,AN,2025-08-27T00:00:00,0001000048,Z100,Z01,ZAR
4500003205,ZDOM,2025-09-16T00:00:00,0001000048,Z100,Z03,ZAR
4500003206,ZDOM,2026-01-30T00:00:00,0001000048,Z100,Z03,ZAR
4500003207,WK,2026-08-03T00:00:00,0001000048,Z100,Z02,ZAR
4500003208,AN,2026-08-15T00:00:00,0001000048,Z100,Z03,ZAR
4500003209,AN,2024-09-13T00:00:00,0001000022,Z100,Z02,ZAR
4500003210,AN,2025-01-23T00:00:00,0001000022,Z100,Z01,ZAR
4500003211,ZDOM,2026-04-18T00:00:00,0001000022,Z100,Z02,ZAR
4500003212,AN,2024-09-27T00:00:00,0001000046,Z100,Z03,ZAR
4500003213,ZDOM,2026-04-09T00:00:00,0001000046,Z100,Z03,ZAR
4500003214,ZDOM,2026-01-26T00:00:00,0001000059,Z100,Z02,ZAR
4500003215,WK,2026-04-15T00:00:00,0001000059,Z100,Z01,ZAR
4500003216,WK,2025-11-24T00:00:00,0001000046,Z100,Z01,ZAR
4500003217,ZDOM,2024-09-15T00:00:00,0001000040,Z100,Z03,ZAR
4500003218,AN,2024-12-07T00:00:00,0001000040,Z100,Z03,ZAR
4500003219,ZDOM,2025-02-13T00:00:00,0001000040,Z100,Z02,ZAR
4500003220,WK,2025-03-08T00:00:00,0001000040,Z100,Z03,ZAR
4500003221,AN,2025-08-23T00:00:00,0001000040,Z100,Z03,ZAR
4500003222,ZDOM,2025-10-05T00:00:00,0001000040,Z100,Z01,ZAR
4500003223,WK,2026-03-07T00:00:00,0001000040,Z100,Z01,ZAR
4500003224,AN,2024-12-28T00:00:00,0001000004,Z100,Z02,ZAR
4500003225,AN,2025-02-21T00:00:00,0001000004,Z100,Z03,ZAR
4500003226,AN,2025-03-22T00:00:00,0001000004,Z100,Z02,ZAR
4500003227,AN,2025-10-30T00:00:00,0001000004,Z100,Z03,ZAR
4500003228,ZDOM,2026-01-26T00:00:00,0001000004,Z100,Z03,ZAR
4500003229,AN,2026-02-07T00:00:00,0001000004,Z100,Z02,ZAR
4500003230,ZDOM,2026-05-01T00:00:00,0001000004,Z100,Z01,ZAR
4500003231,WK,2026-06-12T00:00:00,0001000004,Z100,Z03,ZAR
4500003232,WK,2026-07-15T00:00:00,0001000004,Z100,Z01,ZAR
4500003233,AN,2024-11-04T00:00:00,0001000032,Z100,Z03,ZAR
4500003234,ZDOM,2025-08-07T00:00:00,0001000032,Z100,Z03,ZAR
4500003235,ZDOM,2026-01-12T00:00:00,0001000032,Z100,Z01,ZAR
4500003236,WK,2026-02-27T00:00:00,0001000032,Z100,Z02,ZAR
4500003237,ZDOM,2026-07-18T00:00:00,0001000032,Z100,Z02,ZAR
4500003238,AN,2026-08-12T00:00:00,0001000032,Z100,Z03,ZAR
4500003239,AN,2024-09-13T00:00:00,0001000006,Z100,Z02,ZAR
4500003240,AN,2024-10-19T00:00:00,0001000006,Z100,Z02,ZAR
4500003241,AN,2025-02-16T00:00:00,0001000006,Z100,Z01,ZAR
4500003242,ZDOM,2025-03-27T00:00:00,0001000006,Z100,Z02,ZAR
4500003243,ZDOM,2025-05-02T00:00:00,0001000006,Z100,Z01,ZAR
4500003244,WK,2025-09-15T00:00:00,0001000006,Z100,Z01,ZAR
4500003245,AN,2025-12-26T00:00:00,0001000006,Z100,Z01,ZAR
4500003246,AN,2026-05-29T00:00:00,0001000006,Z100,Z03,ZAR
4500003247,ZDOM,2024-10-14T00:00:00,0001000000,Z100,Z02,ZAR
4500003248,AN,2025-07-21T00:00:00,0001000000,Z100,Z03,ZAR
4500003249,AN,2025-12-23T00:00:00,0001000000,Z100,Z02,ZAR
4500003250,WK,2026-06-21T00:00:00,0001000000,Z100,Z03,ZAR
4500003251,ZDOM,2024-12-09T00:00:00,0001000000,Z100,Z01,ZAR
4500003252,ZDOM,2025-01-30T00:00:00,0001000000,Z100,Z03,ZAR
4500003253,ZDOM,2025-09-13T00:00:00,0001000000,Z100,Z01,ZAR
4500003254,ZDOM,2026-01-17T00:00:00,0001000000,Z100,Z02,ZAR
4500003255,AN,2026-03-03T00:00:00,0001000000,Z100,Z03,ZAR
4500003256,ZDOM,2026-04-13T00:00:00,0001000000,Z100,Z02,ZAR
4500003257,ZDOM,2026-06-03T00:00:00,0001000000,Z100,Z03,ZAR
4500003258,AN,2026-07-26T00:00:00,0001000000,Z100,Z03,ZAR
4500003259,WK,2025-02-22T00:00:00,0001000015,Z100,Z02,ZAR
4500003260,WK,2025-04-01T00:00:00,0001000015,Z100,Z02,ZAR
4500003261,ZDOM,2025-09-26T00:00:00,0001000015,Z100,Z02,ZAR
4500003262,WK,2026-06-28T00:00:00,0001000015,Z100,Z01,ZAR
4500003263,WK,2024-11-27T00:00:00,0001000017,Z100,Z01,ZAR
4500003264,AN,2025-05-02T00:00:00,0001000017,Z100,Z03,ZAR
4500003265,AN,2025-05-30T00:00:00,0001000017,Z100,Z01,ZAR
4500003266,ZDOM,2026-05-22T00:00:00,0001000017,Z100,Z03,ZAR
4500003267,WK,2026-06-18T00:00:00,0001000017,Z100,Z01,ZAR
4500003268,ZDOM,2024-12-27T00:00:00,0001000017,Z100,Z01,ZAR
4500003269,WK,2025-03-07T00:00:00,0001000017,Z100,Z01,ZAR
4500003270,AN,2025-03-26T00:00:00,0001000017,Z100,Z01,ZAR
4500003271,ZDOM,2025-04-12T00:00:00,0001000017,Z100,Z02,ZAR
4500003272,AN,2025-07-04T00:00:00,0001000017,Z100,Z01,ZAR
4500003273,WK,2026-09-07T00:00:00,0001000017,Z100,Z02,ZAR
4500003274,AN,2024-09-30T00:00:00,0001000028,Z100,Z02,ZAR
4500003275,AN,2025-03-22T00:00:00,0001000028,Z100,Z03,ZAR
4500003276,WK,2026-07-05T00:00:00,0001000028,Z100,Z03,ZAR
4500003277,WK,2024-10-04T00:00:00,0001000029,Z100,Z01,ZAR
4500003278,ZDOM,2024-11-28T00:00:00,0001000029,Z100,Z02,ZAR
4500003279,AN,2025-01-11T00:00:00,0001000029,Z100,Z03,ZAR
4500003280,WK,2025-06-19T00:00:00,0001000029,Z100,Z01,ZAR
4500003281,WK,2025-08-15T00:00:00,0001000029,Z100,Z02,ZAR
4500003282,AN,2026-02-19T00:00:00,0001000029,Z100,Z01,ZAR
4500003283,AN,2026-05-22T00:00:00,0001000029,Z100,Z02,ZAR
4500003284,WK,2026-06-13T00:00:00,0001000029,Z100,Z02,ZAR
4500003285,AN,2024-10-05T00:00:00,0001000032,Z100,Z03,ZAR
4500003286,WK,2025-02-09T00:00:00,0001000032,Z100,Z01,ZAR
4500003287,WK,2025-03-19T00:00:00,0001000032,Z100,Z03,ZAR
4500003288,WK,2025-08-15T00:00:00,0001000032,Z100,Z01,ZAR
4500003289,ZDOM,2025-09-20T00:00:00,0001000032,Z100,Z03,ZAR
4500003290,ZDOM,2026-03-27T00:00:00,0001000032,Z100,Z01,ZAR
4500003291,WK,2026-04-30T00:00:00,0001000032,Z100,Z03,ZAR
4500003292,AN,2026-08-05T00:00:00,0001000032,Z100,Z02,ZAR
4500003293,AN,2024-09-12T00:00:00,0001000048,Z100,Z01,ZAR
4500003294,ZDOM,2024-10-29T00:00:00,0001000048,Z100,Z02,ZAR
4500003295,AN,2025-04-21T00:00:00,0001000048,Z100,Z03,ZAR
4500003296,ZDOM,2025-07-30T00:00:00,0001000048,Z100,Z02,ZAR
4500003297,WK,2025-08-08T00:00:00,0001000048,Z100,Z01,ZAR
4500003298,WK,2025-10-25T00:00:00,0001000048,Z100,Z03,ZAR
4500003299,AN,2026-03-09T00:00:00,0001000048,Z100,Z03,ZAR
4500003300,AN,2024-09-28T00:00:00,0001000026,Z100,Z01,ZAR
4500003301,AN,2025-05-25T00:00:00,0001000026,Z100,Z03,ZAR
4500003302,ZDOM,2025-06-26T00:00:00,0001000026,Z100,Z01,ZAR
4500003303,AN,2026-02-02T00:00:00,0001000026,Z100,Z03,ZAR
4500003304,WK,2024-09-25T00:00:00,0001000022,Z100,Z01,ZAR
4500003305,ZDOM,2024-10-12T00:00:00,0001000022,Z100,Z01,ZAR
4500003306,WK,2025-07-28T00:00:00,0001000022,Z100,Z02,ZAR
4500003307,WK,2025-12-25T00:00:00,0001000022,Z100,Z01,ZAR
4500003308,WK,2025-04-19T00:00:00,0001000000,Z100,Z02,ZAR
4500003309,WK,2025-12-23T00:00:00,0001000000,Z100,Z02,ZAR
4500003310,AN,2026-05-25T00:00:00,0001000000,Z100,Z03,ZAR
4500003311,WK,2026-06-18T00:00:00,0001000000,Z100,Z03,ZAR
4500003312,AN,2026-08-03T00:00:00,0001000000,Z100,Z03,ZAR
4500003313,AN,2026-09-04T00:00:00,0001000000,Z100,Z03,ZAR
4500003314,AN,2024-09-12T00:00:00,0001000040,Z100,Z02,ZAR
4500003315,AN,2024-11-03T00:00:00,0001000040,Z100,Z03,ZAR
4500003316,WK,2025-04-04T00:00:00,0001000040,Z100,Z02,ZAR
4500003317,WK,2025-10-25T00:00:00,0001000040,Z100,Z03,ZAR
4500003318,WK,2026-04-06T00:00:00,0001000040,Z100,Z01,ZAR
4500003319,AN,2026-09-07T00:00:00,0001000040,Z100,Z01,ZAR
4500003320,AN,2024-10-05T00:00:00,0001000015,Z100,Z01,ZAR
4500003321,AN,2025-06-23T00:00:00,0001000015,Z100,Z03,ZAR
4500003322,AN,2025-10-19T00:00:00,0001000015,Z100,Z03,ZAR
4500003323,AN,2026-03-10T00:00:00,0001000015,Z100,Z03,ZAR
4500003324,AN,2026-06-25T00:00:00,0001000015,Z100,Z03,ZAR
4500003325,WK,2024-10-02T00:00:00,0001000040,Z100,Z02,ZAR
4500003326,ZDOM,2024-11-17T00:00:00,0001000040,Z100,Z02,ZAR
4500003327,ZDOM,2024-12-29T00:00:00,0001000040,Z100,Z01,ZAR
4500003328,AN,2026-04-13T00:00:00,0001000040,Z100,Z01,ZAR
4500003329,WK,2024-12-14T00:00:00,0001000022,Z100,Z03,ZAR
4500003330,ZDOM,2025-12-07T00:00:00,0001000022,Z100,Z03,ZAR
4500003331,ZDOM,2025-12-21T00:00:00,0001000022,Z100,Z03,ZAR
4500003332,ZDOM,2025-01-09T00:00:00,0001000059,Z100,Z02,ZAR
4500003333,AN,2025-01-18T00:00:00,0001000059,Z100,Z02,ZAR
4500003334,ZDOM,2025-02-28T00:00:00,0001000059,Z100,Z03,ZAR
4500003335,WK,2026-05-04T00:00:00,0001000059,Z100,Z02,ZAR
4500003336,AN,2024-09-28T00:00:00,0001000059,Z100,Z01,ZAR
4500003337,AN,2025-01-10T00:00:00,0001000059,Z100,Z02,ZAR
4500003338,ZDOM,2025-07-15T00:00:00,0001000059,Z100,Z02,ZAR
4500003339,WK,2024-09-16T00:00:00,0001000004,Z100,Z01,ZAR
4500003340,AN,2024-10-22T00:00:00,0001000004,Z100,Z03,ZAR
4500003341,WK,2024-12-03T00:00:00,0001000004,Z100,Z01,ZAR
4500003342,WK,2025-10-04T00:00:00,0001000004,Z100,Z01,ZAR
4500003343,WK,2026-09-07T00:00:00,0001000004,Z100,Z03,ZAR
4500003344,AN,2024-10-26T00:00:00,0001000046,Z100,Z03,ZAR
4500003345,WK,2024-11-23T00:00:00,0001000046,Z100,Z03,ZAR
4500003346,ZDOM,2024-12-20T00:00:00,0001000046,Z100,Z03,ZAR
4500003347,AN,2025-01-10T00:00:00,0001000046,Z100,Z01,ZAR
4500003348,ZDOM,2025-04-25T00:00:00,0001000046,Z100,Z03,ZAR
4500003349,ZDOM,2025-06-06T00:00:00,0001000046,Z100,Z02,ZAR
4500003350,ZDOM,2025-10-01T00:00:00,0001000046,Z100,Z02,ZAR
4500003351,WK,2025-11-17T00:00:00,0001000046,Z100,Z03,ZAR
4500003352,ZDOM,2026-02-05T00:00:00,0001000046,Z100,Z03,ZAR
4500003353,AN,2026-03-13T00:00:00,0001000046,Z100,Z01,ZAR
4500003354,AN,2026-04-25T00:00:00,0001000046,Z100,Z02,ZAR
4500003355,AN,2026-07-08T00:00:00,0001000046,Z100,Z01,ZAR
4500003356,WK,2026-08-19T00:00:00,0001000046,Z100,Z03,ZAR
4500003357,AN,2024-09-14T00:00:00,0001000046,Z100,Z03,ZAR
4500003358,ZDOM,2024-12-27T00:00:00,0001000046,Z100,Z03,ZAR
4500003359,WK,2025-05-15T00:00:00,0001000046,Z100,Z01,ZAR
4500003360,ZDOM,2025-06-18T00:00:00,0001000046,Z100,Z01,ZAR
4500003361,ZDOM,2025-11-30T00:00:00,0001000046,Z100,Z01,ZAR
4500003362,WK,2026-05-24T00:00:00,0001000046,Z100,Z02,ZAR
4500003363,AN,2026-06-30T00:00:00,0001000046,Z100,Z01,ZAR
4500003364,WK,2024-09-19T00:00:00,0001000010,Z100,Z01,ZAR
4500003365,AN,2024-12-19T00:00:00,0001000010,Z100,Z01,ZAR
4500003366,AN,2026-02-05T00:00:00,0001000010,Z100,Z02,ZAR
4500003367,ZDOM,2026-06-10T00:00:00,0001000010,Z100,Z02,ZAR
4500003368,ZDOM,2024-10-05T00:00:00,0001000014,Z100,Z01,ZAR
4500003369,ZDOM,2025-05-09T00:00:00,0001000014,Z100,Z03,ZAR
4500003370,AN,2025-09-14T00:00:00,0001000014,Z100,Z01,ZAR
4500003371,AN,2025-10-11T00:00:00,0001000014,Z100,Z03,ZAR
4500003372,AN,2025-12-07T00:00:00,0001000014,Z100,Z01,ZAR
4500003373,WK,2024-11-12T00:00:00,0001000014,Z100,Z02,ZAR
4500003374,WK,2025-02-10T00:00:00,0001000014,Z100,Z03,ZAR
4500003375,AN,2025-03-21T00:00:00,0001000014,Z100,Z01,ZAR
4500003376,AN,2025-09-12T00:00:00,0001000014,Z100,Z01,ZAR
4500003377,AN,2025-10-28T00:00:00,0001000014,Z100,Z01,ZAR
4500003378,AN,2026-01-10T00:00:00,0001000014,Z100,Z02,ZAR
4500003379,AN,2026-02-27T00:00:00,0001000014,Z100,Z01,ZAR
4500003380,AN,2026-03-07T00:00:00,0001000014,Z100,Z03,ZAR
4500003381,ZDOM,2026-07-03T00:00:00,0001000014,Z100,Z03,ZAR
4500003382,WK,2024-11-02T00:00:00,0001000007,Z100,Z01,ZAR
4500003383,ZDOM,2024-12-06T00:00:00,0001000007,Z100,Z02,ZAR
4500003384,ZDOM,2025-06-21T00:00:00,0001000007,Z100,Z01,ZAR
4500003385,AN,2025-12-07T00:00:00,0001000007,Z100,Z03,ZAR
4500003386,ZDOM,2026-01-17T00:00:00,0001000007,Z100,Z01,ZAR
4500003387,AN,2026-08-04T00:00:00,0001000007,Z100,Z02,ZAR
4500003388,WK,2026-03-19T00:00:00,0001000038,Z100,Z02,ZAR
4500003389,WK,2026-05-29T00:00:00,0001000038,Z100,Z03,ZAR
4500003390,WK,2026-06-17T00:00:00,0001000038,Z100,Z02,ZAR
4500003391,WK,2026-07-24T00:00:00,0001000038,Z100,Z03,ZAR
4500003392,ZDOM,2026-09-05T00:00:00,0001000038,Z100,Z03,ZAR
4500003393,ZDOM,2024-09-16T00:00:00,0001000045,Z100,Z01,ZAR
4500003394,WK,2024-11-28T00:00:00,0001000045,Z100,Z01,ZAR
4500003395,ZDOM,2025-02-26T00:00:00,0001000045,Z100,Z02,ZAR
4500003396,WK,2025-03-17T00:00:00,0001000045,Z100,Z02,ZAR
4500003397,AN,2025-05-28T00:00:00,0001000045,Z100,Z03,ZAR
4500003398,WK,2025-07-07T00:00:00,0001000045,Z100,Z01,ZAR
4500003399,WK,2026-08-14T00:00:00,0001000045,Z100,Z01,ZAR
4500003400,AN,2024-10-24T00:00:00,0001000023,Z100,Z02,ZAR
4500003401,ZDOM,2025-07-27T00:00:00,0001000023,Z100,Z01,ZAR
4500003402,WK,2025-09-03T00:00:00,0001000023,Z100,Z03,ZAR
4500003403,WK,2025-09-18T00:00:00,0001000023,Z100,Z03,ZAR
4500003404,ZDOM,2026-06-13T00:00:00,0001000023,Z100,Z01,ZAR
4500003405,ZDOM,2024-09-23T00:00:00,0001000023,Z100,Z03,ZAR
4500003406,ZDOM,2025-01-02T00:00:00,0001000023,Z100,Z03,ZAR
4500003407,WK,2025-02-09T00:00:00,0001000023,Z100,Z02,ZAR
4500003408,AN,2025-07-21T00:00:00,0001000023,Z100,Z03,ZAR
4500003409,ZDOM,2026-01-24T00:00:00,0001000023,Z100,Z03,ZAR
4500003410,AN,2026-03-28T00:00:00,0001000023,Z100,Z03,ZAR
4500003411,AN,2026-04-30T00:00:00,0001000023,Z100,Z02,ZAR
4500003412,WK,2026-06-25T00:00:00,0001000023,Z100,Z02,ZAR
4500003413,WK,2024-12-08T00:00:00,0001000025,Z100,Z01,ZAR
4500003414,WK,2025-05-15T00:00:00,0001000025,Z100,Z01,ZAR
4500003415,ZDOM,2025-07-17T00:00:00,0001000025,Z100,Z02,ZAR
4500003416,AN,2025-08-05T00:00:00,0001000025,Z100,Z02,ZAR
4500003417,ZDOM,2026-01-13T00:00:00,0001000025,Z100,Z02,ZAR
4500003418,AN,2026-09-07T00:00:00,0001000025,Z100,Z02,ZAR
4500003419,WK,2024-10-07T00:00:00,0001000037,Z100,Z03,ZAR
4500003420,AN,2025-08-05T00:00:00,0001000037,Z100,Z01,ZAR
4500003421,ZDOM,2026-08-29T00:00:00,0001000037,Z100,Z02,ZAR
4500003422,AN,2024-10-10T00:00:00,0001000004,Z100,Z03,ZAR
4500003423,AN,2025-06-12T00:00:00,0001000004,Z100,Z02,ZAR
4500003424,WK,2025-07-29T00:00:00,0001000004,Z100,Z03,ZAR
4500003425,WK,2025-11-05T00:00:00,0001000004,Z100,Z03,ZAR
4500003426,ZDOM,2026-07-25T00:00:00,0001000004,Z100,Z02,ZAR
4500003427,ZDOM,2024-09-10T00:00:00,0001000054,Z100,Z03,ZAR
4500003428,ZDOM,2024-10-23T00:00:00,0001000054,Z100,Z02,ZAR
4500003429,WK,2025-12-01T00:00:00,0001000054,Z100,Z02,ZAR
4500003430,WK,2024-09-08T00:00:00,0001000055,Z100,Z03,ZAR
4500003431,AN,2024-10-12T00:00:00,0001000055,Z100,Z03,ZAR
4500003432,ZDOM,2025-02-11T00:00:00,0001000055,Z100,Z03,ZAR
4500003433,AN,2025-11-17T00:00:00,0001000055,Z100,Z03,ZAR
4500003434,WK,2026-04-07T00:00:00,0001000055,Z100,Z03,ZAR
4500003435,ZDOM,2024-09-26T00:00:00,0001000007,Z100,Z03,ZAR
4500003436,ZDOM,2024-10-22T00:00:00,0001000007,Z100,Z03,ZAR
4500003437,WK,2025-06-23T00:00:00,0001000007,Z100,Z02,ZAR
4500003438,ZDOM,2026-02-28T00:00:00,0001000007,Z100,Z02,ZAR
4500003439,AN,2026-08-10T00:00:00,0001000007,Z100,Z03,ZAR
4500003440,WK,2024-09-16T00:00:00,0001000018,Z100,Z03,ZAR
4500003441,AN,2025-01-23T00:00:00,0001000018,Z100,Z03,ZAR
4500003442,AN,2025-09-03T00:00:00,0001000018,Z100,Z01,ZAR
4500003443,ZDOM,2025-09-05T00:00:00,0001000018,Z100,Z01,ZAR
4500003444,ZDOM,2026-06-14T00:00:00,0001000018,Z100,Z03,ZAR
4500003445,ZDOM,2026-07-18T00:00:00,0001000018,Z100,Z03,ZAR
4500003446,AN,2026-08-14T00:00:00,0001000018,Z100,Z02,ZAR
4500003447,AN,2024-09-08T00:00:00,0001000001,Z100,Z03,ZAR
4500003448,AN,2024-12-02T00:00:00,0001000001,Z100,Z01,ZAR
4500003449,ZDOM,2025-03-28T00:00:00,0001000001,Z100,Z03,ZAR
4500003450,ZDOM,2025-08-16T00:00:00,0001000001,Z100,Z02,ZAR
4500003451,ZDOM,2025-09-19T00:00:00,0001000001,Z100,Z01,ZAR
4500003452,ZDOM,2026-03-08T00:00:00,0001000001,Z100,Z02,ZAR
4500003453,AN,2026-08-17T00:00:00,0001000001,Z100,Z03,ZAR
4500003454,AN,2024-10-10T00:00:00,0001000001,Z100,Z03,ZAR
4500003455,AN,2025-04-26T00:00:00,0001000001,Z100,Z02,ZAR
4500003456,ZDOM,2025-12-26T00:00:00,0001000001,Z100,Z03,ZAR
4500003457,ZDOM,2026-01-20T00:00:00,0001000001,Z100,Z03,ZAR
4500003458,WK,2026-08-28T00:00:00,0001000001,Z100,Z01,ZAR
4500003459,WK,2024-09-06T00:00:00,0001000005,Z100,Z03,ZAR
4500003460,ZDOM,2025-04-24T00:00:00,0001000005,Z100,Z01,ZAR
4500003461,ZDOM,2025-10-15T00:00:00,0001000005,Z100,Z03,ZAR
4500003462,WK,2026-04-14T00:00:00,0001000005,Z100,Z02,ZAR
4500003463,AN,2026-05-25T00:00:00,0001000005,Z100,Z01,ZAR
4500003464,WK,2024-09-11T00:00:00,0001000005,Z100,Z02,ZAR
4500003465,AN,2025-02-20T00:00:00,0001000005,Z100,Z01,ZAR
4500003466,AN,2025-07-22T00:00:00,0001000005,Z100,Z01,ZAR
4500003467,ZDOM,2025-11-30T00:00:00,0001000005,Z100,Z02,ZAR
4500003468,ZDOM,2026-04-21T00:00:00,0001000005,Z100,Z02,ZAR
4500003469,WK,2024-09-29T00:00:00,0001000023,Z100,Z03,ZAR
4500003470,WK,2024-10-14T00:00:00,0001000023,Z100,Z02,ZAR
4500003471,AN,2024-11-30T00:00:00,0001000023,Z100,Z03,ZAR
4500003472,ZDOM,2025-06-06T00:00:00,0001000023,Z100,Z02,ZAR
4500003473,WK,2025-07-01T00:00:00,0001000023,Z100,Z02,ZAR
4500003474,WK,2025-08-07T00:00:00,0001000023,Z100,Z02,ZAR
4500003475,ZDOM,2025-09-22T00:00:00,0001000023,Z100,Z03,ZAR
4500003476,AN,2026-07-21T00:00:00,0001000023,Z100,Z02,ZAR
4500003477,WK,2024-10-01T00:00:00,0001000023,Z100,Z01,ZAR
4500003478,ZDOM,2025-04-02T00:00:00,0001000023,Z100,Z03,ZAR
4500003479,AN,2025-04-08T00:00:00,0001000023,Z100,Z02,ZAR
4500003480,WK,2025-06-10T00:00:00,0001000023,Z100,Z02,ZAR
4500003481,ZDOM,2025-12-26T00:00:00,0001000023,Z100,Z01,ZAR
4500003482,ZDOM,2026-08-23T00:00:00,0001000023,Z100,Z02,ZAR
4500003483,AN,2024-10-05T00:00:00,0001000040,Z100,Z02,ZAR
4500003484,WK,2025-01-04T00:00:00,0001000040,Z100,Z02,ZAR
4500003485,ZDOM,2025-01-16T00:00:00,0001000040,Z100,Z02,ZAR
4500003486,AN,2026-03-09T00:00:00,0001000040,Z100,Z01,ZAR
4500003487,AN,2026-07-27T00:00:00,0001000040,Z100,Z02,ZAR
4500003488,AN,2026-09-06T00:00:00,0001000040,Z100,Z02,ZAR
4500003489,WK,2024-09-28T00:00:00,0001000040,Z100,Z03,ZAR
4500003490,WK,2025-06-11T00:00:00,0001000040,Z100,Z03,ZAR
4500003491,WK,2025-07-24T00:00:00,0001000040,Z100,Z02,ZAR
4500003492,WK,2026-08-08T00:00:00,0001000040,Z100,Z02,ZAR
4500003493,WK,2024-09-24T00:00:00,0001000040,Z100,Z02,ZAR
4500003494,AN,2025-01-23T00:00:00,0001000040,Z100,Z01,ZAR
4500003495,ZDOM,2025-05-08T00:00:00,0001000040,Z100,Z02,ZAR
4500003496,ZDOM,2025-06-16T00:00:00,0001000040,Z100,Z03,ZAR
4500003497,ZDOM,2025-08-01T00:00:00,0001000040,Z100,Z02,ZAR
4500003498,WK,2026-01-31T00:00:00,0001000040,Z100,Z02,ZAR
4500003499,ZDOM,2026-02-11T00:00:00,0001000040,Z100,Z01,ZAR
4500003500,WK,2026-04-21T00:00:00,0001000040,Z100,Z01,ZAR
4500003501,AN,2026-08-05T00:00:00,0001000040,Z100,Z01,ZAR
4500003502,ZDOM,2024-09-21T00:00:00,0001000040,Z100,Z03,ZAR
4500003503,ZDOM,2024-11-01T00:00:00,0001000040,Z100,Z02,ZAR
4500003504,AN,2024-12-31T00:00:00,0001000040,Z100,Z02,ZAR
4500003505,AN,2025-05-21T00:00:00,0001000040,Z100,Z01,ZAR
4500003506,ZDOM,2025-06-21T00:00:00,0001000040,Z100,Z02,ZAR
4500003507,WK,2025-07-31T00:00:00,0001000040,Z100,Z03,ZAR
4500003508,ZDOM,2025-09-02T00:00:00,0001000040,Z100,Z02,ZAR
4500003509,ZDOM,2026-06-23T00:00:00,0001000040,Z100,Z01,ZAR
4500003510,WK,2026-07-07T00:00:00,0001000040,Z100,Z01,ZAR
4500003511,AN,2024-10-01T00:00:00,0001000049,Z100,Z03,ZAR
4500003512,ZDOM,2025-04-01T00:00:00,0001000049,Z100,Z02,ZAR
4500003513,ZDOM,2025-11-12T00:00:00,0001000049,Z100,Z02,ZAR
4500003514,AN,2026-05-22T00:00:00,0001000049,Z100,Z03,ZAR
4500003515,ZDOM,2026-07-06T00:00:00,0001000049,Z100,Z03,ZAR
4500003516,ZDOM,2026-07-28T00:00:00,0001000049,Z100,Z01,ZAR
4500003517,WK,2024-09-12T00:00:00,0001000046,Z100,Z03,ZAR
4500003518,WK,2025-01-17T00:00:00,0001000046,Z100,Z02,ZAR
4500003519,ZDOM,2025-04-14T00:00:00,0001000046,Z100,Z01,ZAR
4500003520,WK,2025-09-23T00:00:00,0001000046,Z100,Z03,ZAR
4500003521,WK,2026-01-11T00:00:00,0001000046,Z100,Z02,ZAR
4500003522,WK,2026-03-19T00:00:00,0001000046,Z100,Z01,ZAR
4500003523,WK,2026-06-21T00:00:00,0001000046,Z100,Z01,ZAR
4500003524,WK,2025-01-12T00:00:00,0001000031,Z100,Z03,ZAR
4500003525,ZDOM,2025-02-22T00:00:00,0001000031,Z100,Z03,ZAR
4500003526,ZDOM,2025-12-08T00:00:00,0001000031,Z100,Z01,ZAR
4500003527,AN,2026-02-28T00:00:00,0001000031,Z100,Z03,ZAR
4500003528,ZDOM,2024-10-13T00:00:00,0001000041,Z100,Z03,ZAR
4500003529,WK,2025-11-04T00:00:00,0001000041,Z100,Z01,ZAR
4500003530,ZDOM,2025-11-13T00:00:00,0001000041,Z100,Z03,ZAR
4500003531,AN,2025-12-08T00:00:00,0001000041,Z100,Z01,ZAR
4500003532,WK,2026-07-11T00:00:00,0001000041,Z100,Z03,ZAR
4500003533,ZDOM,2024-09-26T00:00:00,0001000040,Z100,Z01,ZAR
4500003534,WK,2024-10-15T00:00:00,0001000040,Z100,Z01,ZAR
4500003535,AN,2025-02-10T00:00:00,0001000040,Z100,Z01,ZAR
4500003536,AN,2025-02-18T00:00:00,0001000040,Z100,Z01,ZAR
4500003537,AN,2025-06-22T00:00:00,0001000040,Z100,Z03,ZAR
4500003538,WK,2025-08-09T00:00:00,0001000040,Z100,Z03,ZAR
4500003539,ZDOM,2026-01-15T00:00:00,0001000040,Z100,Z01,ZAR
4500003540,WK,2024-11-26T00:00:00,0001000027,Z100,Z02,ZAR
4500003541,ZDOM,2025-05-08T00:00:00,0001000027,Z100,Z01,ZAR
4500003542,WK,2025-05-23T00:00:00,0001000027,Z100,Z01,ZAR
4500003543,ZDOM,2026-03-09T00:00:00,0001000027,Z100,Z02,ZAR
4500003544,AN,2024-09-23T00:00:00,0001000006,Z100,Z01,ZAR
4500003545,WK,2024-12-17T00:00:00,0001000006,Z100,Z02,ZAR
4500003546,AN,2025-01-22T00:00:00,0001000006,Z100,Z01,ZAR
4500003547,WK,2025-11-12T00:00:00,0001000006,Z100,Z01,ZAR
4500003548,AN,2025-11-26T00:00:00,0001000006,Z100,Z02,ZAR
4500003549,ZDOM,2026-05-05T00:00:00,0001000006,Z100,Z02,ZAR
4500003550,WK,2024-10-03T00:00:00,0001000041,Z100,Z02,ZAR
4500003551,AN,2024-10-12T00:00:00,0001000041,Z100,Z02,ZAR
4500003552,AN,2024-11-19T00:00:00,0001000041,Z100,Z01,ZAR
4500003553,WK,2025-05-24T00:00:00,0001000041,Z100,Z02,ZAR
4500003554,ZDOM,2026-03-07T00:00:00,0001000041,Z100,Z03,ZAR
4500003555,ZDOM,2026-03-13T00:00:00,0001000041,Z100,Z01,ZAR
4500003556,AN,2024-09-16T00:00:00,0001000018,Z100,Z02,ZAR
4500003557,AN,2025-06-19T00:00:00,0001000018,Z100,Z03,ZAR
4500003558,AN,2026-04-22T00:00:00,0001000018,Z100,Z01,ZAR
4500003559,AN,2026-07-03T00:00:00,0001000018,Z100,Z02,ZAR
4500003560,WK,2024-10-01T00:00:00,0001000020,Z100,Z02,ZAR
4500003561,ZDOM,2025-03-27T00:00:00,0001000020,Z100,Z03,ZAR
4500003562,WK,2025-08-04T00:00:00,0001000020,Z100,Z02,ZAR
4500003563,ZDOM,2026-04-10T00:00:00,0001000020,Z100,Z01,ZAR
4500003564,WK,2026-06-04T00:00:00,0001000020,Z100,Z01,ZAR
4500003565,AN,2024-09-14T00:00:00,0001000003,Z100,Z03,ZAR
4500003566,WK,2025-09-03T00:00:00,0001000003,Z100,Z02,ZAR
4500003567,AN,2026-07-23T00:00:00,0001000003,Z100,Z02,ZAR
4500003568,WK,2026-08-31T00:00:00,0001000003,Z100,Z03,ZAR
4500003569,AN,2024-10-01T00:00:00,0001000006,Z100,Z03,ZAR
4500003570,AN,2024-11-07T00:00:00,0001000006,Z100,Z03,ZAR
4500003571,WK,2025-01-10T00:00:00,0001000006,Z100,Z02,ZAR
4500003572,AN,2025-03-13T00:00:00,0001000006,Z100,Z03,ZAR
4500003573,AN,2025-06-07T00:00:00,0001000006,Z100,Z03,ZAR
4500003574,ZDOM,2025-08-22T00:00:00,0001000006,Z100,Z03,ZAR
4500003575,WK,2025-10-10T00:00:00,0001000006,Z100,Z02,ZAR
4500003576,ZDOM,2026-02-15T00:00:00,0001000006,Z100,Z02,ZAR
4500003577,ZDOM,2026-03-11T00:00:00,0001000006,Z100,Z03,ZAR
4500003578,ZDOM,2026-06-11T00:00:00,0001000006,Z100,Z02,ZAR
4500003579,ZDOM,2026-09-03T00:00:00,0001000006,Z100,Z03,ZAR
4500003580,ZDOM,2024-09-13T00:00:00,0001000035,Z100,Z01,ZAR
4500003581,AN,2025-06-16T00:00:00,0001000035,Z100,Z03,ZAR
4500003582,ZDOM,2026-04-19T00:00:00,0001000035,Z100,Z01,ZAR
4500003583,ZDOM,2024-09-15T00:00:00,0001000056,Z100,Z03,ZAR
4500003584,ZDOM,2025-09-30T00:00:00,0001000056,Z100,Z01,ZAR
4500003585,ZDOM,2025-10-30T00:00:00,0001000056,Z100,Z02,ZAR
4500003586,AN,2024-10-09T00:00:00,0001000056,Z100,Z02,ZAR
4500003587,WK,2025-10-03T00:00:00,0001000056,Z100,Z02,ZAR
4500003588,ZDOM,2026-03-15T00:00:00,0001000056,Z100,Z02,ZAR
4500003589,ZDOM,2024-11-12T00:00:00,0001000056,Z100,Z02,ZAR
4500003590,ZDOM,2025-05-17T00:00:00,0001000056,Z100,Z02,ZAR
4500003591,ZDOM,2025-12-14T00:00:00,0001000056,Z100,Z01,ZAR
4500003592,WK,2026-04-29T00:00:00,0001000056,Z100,Z01,ZAR
4500003593,WK,2026-05-20T00:00:00,0001000056,Z100,Z01,ZAR
4500003594,AN,2024-09-19T00:00:00,0001000056,Z100,Z02,ZAR
4500003595,AN,2024-10-17T00:00:00,0001000056,Z100,Z02,ZAR
4500003596,AN,2025-03-19T00:00:00,0001000056,Z100,Z02,ZAR
4500003597,ZDOM,2026-03-06T00:00:00,0001000056,Z100,Z01,ZAR
4500003598,ZDOM,2026-08-05T00:00:00,0001000056,Z100,Z02,ZAR
4500003599,WK,2024-09-09T00:00:00,0001000037,Z100,Z01,ZAR
4500003600,ZDOM,2025-06-06T00:00:00,0001000037,Z100,Z02,ZAR
4500003601,WK,2025-07-28T00:00:00,0001000037,Z100,Z02,ZAR
4500003602,AN,2026-03-27T00:00:00,0001000037,Z100,Z01,ZAR
4500003603,AN,2026-04-07T00:00:00,0001000037,Z100,Z01,ZAR
4500003604,AN,2024-09-21T00:00:00,0001000005,Z100,Z01,ZAR
4500003605,ZDOM,2025-01-19T00:00:00,0001000005,Z100,Z01,ZAR
4500003606,WK,2025-06-22T00:00:00,0001000005,Z100,Z02,ZAR
4500003607,ZDOM,2025-12-10T00:00:00,0001000005,Z100,Z03,ZAR
4500003608,ZDOM,2026-01-25T00:00:00,0001000005,Z100,Z03,ZAR
4500003609,WK,2024-09-05T00:00:00,0001000005,Z100,Z02,ZAR
4500003610,AN,2024-10-28T00:00:00,0001000005,Z100,Z03,ZAR
4500003611,ZDOM,2024-11-27T00:00:00,0001000005,Z100,Z01,ZAR
4500003612,ZDOM,2025-04-16T00:00:00,0001000005,Z100,Z01,ZAR
4500003613,ZDOM,2025-07-01T00:00:00,0001000005,Z100,Z01,ZAR
4500003614,WK,2025-12-01T00:00:00,0001000005,Z100,Z01,ZAR
4500003615,AN,2025-12-16T00:00:00,0001000005,Z100,Z03,ZAR
4500003616,ZDOM,2026-04-01T00:00:00,0001000005,Z100,Z01,ZAR
4500003617,AN,2026-04-20T00:00:00,0001000005,Z100,Z03,ZAR
4500003618,WK,2026-05-31T00:00:00,0001000005,Z100,Z03,ZAR
4500003619,WK,2025-08-09T00:00:00,0001000027,Z100,Z02,ZAR
4500003620,ZDOM,2026-06-01T00:00:00,0001000027,Z100,Z01,ZAR
4500003621,ZDOM,2026-07-10T00:00:00,0001000027,Z100,Z03,ZAR
4500003622,ZDOM,2026-08-11T00:00:00,0001000051,Z100,Z03,ZAR
4500003623,ZDOM,2024-09-17T00:00:00,0001000020,Z100,Z03,ZAR
4500003624,ZDOM,2024-11-09T00:00:00,0001000020,Z100,Z01,ZAR
4500003625,ZDOM,2025-05-21T00:00:00,0001000020,Z100,Z03,ZAR
4500003626,AN,2025-10-13T00:00:00,0001000020,Z100,Z03,ZAR
4500003627,WK,2026-05-10T00:00:00,0001000020,Z100,Z03,ZAR
4500003628,AN,2026-08-24T00:00:00,0001000020,Z100,Z03,ZAR
4500003629,ZDOM,2024-09-22T00:00:00,0001000056,Z100,Z03,ZAR
4500003630,ZDOM,2024-11-04T00:00:00,0001000056,Z100,Z02,ZAR
4500003631,AN,2024-11-15T00:00:00,0001000056,Z100,Z01,ZAR
4500003632,ZDOM,2025-01-25T00:00:00,0001000056,Z100,Z01,ZAR
4500003633,WK,2025-03-07T00:00:00,0001000056,Z100,Z03,ZAR
4500003634,AN,2025-03-21T00:00:00,0001000056,Z100,Z03,ZAR
4500003635,AN,2026-08-17T00:00:00,0001000056,Z100,Z03,ZAR
4500003636,WK,2024-09-23T00:00:00,0001000040,Z100,Z01,ZAR
4500003637,WK,2026-04-25T00:00:00,0001000040,Z100,Z03,ZAR
4500003638,AN,2025-02-09T00:00:00,0001000040,Z100,Z02,ZAR
4500003639,WK,2025-11-28T00:00:00,0001000040,Z100,Z01,ZAR
4500003640,AN,2025-12-15T00:00:00,0001000040,Z100,Z01,ZAR
4500003641,ZDOM,2024-10-08T00:00:00,0001000047,Z100,Z03,ZAR
4500003642,WK,2025-05-04T00:00:00,0001000047,Z100,Z02,ZAR
4500003643,ZDOM,2025-11-22T00:00:00,0001000047,Z100,Z03,ZAR
4500003644,AN,2024-09-29T00:00:00,0001000044,Z100,Z01,ZAR
4500003645,AN,2025-01-31T00:00:00,0001000044,Z100,Z02,ZAR
4500003646,AN,2025-02-08T00:00:00,0001000044,Z100,Z01,ZAR
4500003647,WK,2025-12-10T00:00:00,0001000044,Z100,Z03,ZAR
4500003648,AN,2026-01-27T00:00:00,0001000044,Z100,Z01,ZAR
4500003649,ZDOM,2026-06-12T00:00:00,0001000044,Z100,Z02,ZAR
4500003650,AN,2026-09-07T00:00:00,0001000044,Z100,Z03,ZAR
4500003651,AN,2024-09-30T00:00:00,0001000051,Z100,Z03,ZAR
4500003652,AN,2025-05-01T00:00:00,0001000051,Z100,Z02,ZAR
4500003653,WK,2025-05-13T00:00:00,0001000051,Z100,Z01,ZAR
4500003654,ZDOM,2026-04-08T00:00:00,0001000051,Z100,Z03,ZAR
4500003655,ZDOM,2026-05-07T00:00:00,0001000051,Z100,Z03,ZAR
4500003656,WK,2024-10-31T00:00:00,0001000000,Z100,Z01,ZAR
4500003657,ZDOM,2025-07-26T00:00:00,0001000000,Z100,Z02,ZAR
4500003658,AN,2026-02-12T00:00:00,0001000000,Z100,Z01,ZAR
4500003659,WK,2024-09-30T00:00:00,0001000030,Z100,Z01,ZAR
4500003660,ZDOM,2025-01-31T00:00:00,0001000030,Z100,Z01,ZAR
4500003661,ZDOM,2025-02-18T00:00:00,0001000030,Z100,Z01,ZAR
4500003662,WK,2025-07-26T00:00:00,0001000030,Z100,Z03,ZAR
4500003663,AN,2026-02-06T00:00:00,0001000030,Z100,Z01,ZAR
4500003664,ZDOM,2024-09-20T00:00:00,0001000009,Z100,Z01,ZAR
4500003665,WK,2025-06-02T00:00:00,0001000009,Z100,Z02,ZAR
4500003666,AN,2026-03-30T00:00:00,0001000009,Z100,Z02,ZAR
4500003667,WK,2024-10-03T00:00:00,0001000009,Z100,Z01,ZAR
4500003668,AN,2025-07-02T00:00:00,0001000009,Z100,Z03,ZAR
4500003669,ZDOM,2026-04-03T00:00:00,0001000009,Z100,Z01,ZAR
4500003670,WK,2024-11-02T00:00:00,0001000028,Z100,Z02,ZAR
4500003671,ZDOM,2024-12-29T00:00:00,0001000028,Z100,Z01,ZAR
4500003672,ZDOM,2025-08-26T00:00:00,0001000028,Z100,Z03,ZAR
4500003673,WK,2025-11-09T00:00:00,0001000028,Z100,Z03,ZAR
4500003674,AN,2026-06-26T00:00:00,0001000028,Z100,Z02,ZAR
4500003675,WK,2024-10-01T00:00:00,0001000034,Z100,Z03,ZAR
4500003676,ZDOM,2024-11-01T00:00:00,0001000034,Z100,Z02,ZAR
4500003677,WK,2025-08-30T00:00:00,0001000034,Z100,Z01,ZAR
4500003678,WK,2026-05-25T00:00:00,0001000034,Z100,Z03,ZAR
4500003679,ZDOM,2024-10-09T00:00:00,0001000001,Z100,Z01,ZAR
4500003680,AN,2025-07-14T00:00:00,0001000001,Z100,Z03,ZAR
4500003681,ZDOM,2024-12-05T00:00:00,0001000035,Z100,Z03,ZAR
4500003682,ZDOM,2024-12-09T00:00:00,0001000035,Z100,Z02,ZAR
4500003683,WK,2025-02-22T00:00:00,0001000035,Z100,Z01,ZAR
4500003684,AN,2025-03-31T00:00:00,0001000035,Z100,Z01,ZAR
4500003685,ZDOM,2025-06-04T00:00:00,0001000035,Z100,Z01,ZAR
4500003686,ZDOM,2025-07-03T00:00:00,0001000035,Z100,Z02,ZAR
4500003687,ZDOM,2025-07-09T00:00:00,0001000035,Z100,Z02,ZAR
4500003688,WK,2025-08-27T00:00:00,0001000035,Z100,Z03,ZAR
4500003689,WK,2026-03-20T00:00:00,0001000035,Z100,Z01,ZAR
4500003690,WK,2026-05-31T00:00:00,0001000035,Z100,Z02,ZAR
4500003691,ZDOM,2026-06-20T00:00:00,0001000035,Z100,Z02,ZAR
4500003692,ZDOM,2026-07-30T00:00:00,0001000035,Z100,Z01,ZAR
4500003693,WK,2024-09-07T00:00:00,0001000032,Z100,Z03,ZAR
4500003694,AN,2024-10-10T00:00:00,0001000032,Z100,Z01,ZAR
4500003695,AN,2025-06-01T00:00:00,0001000032,Z100,Z01,ZAR
4500003696,AN,2025-07-03T00:00:00,0001000032,Z100,Z03,ZAR
4500003697,WK,2025-12-27T00:00:00,0001000032,Z100,Z01,ZAR
4500003698,AN,2026-05-22T00:00:00,0001000032,Z100,Z02,ZAR
4500003699,AN,2026-08-03T00:00:00,0001000032,Z100,Z03,ZAR
4500003700,AN,2026-08-10T00:00:00,0001000032,Z100,Z01,ZAR
4500003701,AN,2024-09-21T00:00:00,0001000053,Z100,Z01,ZAR
4500003702,AN,2025-01-27T00:00:00,0001000053,Z100,Z01,ZAR
4500003703,AN,2025-12-17T00:00:00,0001000053,Z100,Z02,ZAR
4500003704,ZDOM,2026-07-10T00:00:00,0001000053,Z100,Z01,ZAR
4500003705,ZDOM,2024-09-22T00:00:00,0001000053,Z100,Z03,ZAR
4500003706,AN,2025-05-12T00:00:00,0001000053,Z100,Z02,ZAR
4500003707,AN,2025-06-21T00:00:00,0001000053,Z100,Z03,ZAR
4500003708,AN,2026-02-18T00:00:00,0001000053,Z100,Z02,ZAR
4500003709,ZDOM,2024-09-12T00:00:00,0001000030,Z100,Z02,ZAR
4500003710,ZDOM,2025-06-29T00:00:00,0001000030,Z100,Z01,ZAR
4500003711,AN,2025-09-08T00:00:00,0001000030,Z100,Z02,ZAR
4500003712,ZDOM,2024-09-24T00:00:00,0001000030,Z100,Z01,ZAR
4500003713,ZDOM,2024-10-15T00:00:00,0001000030,Z100,Z02,ZAR
4500003714,ZDOM,2026-03-17T00:00:00,0001000030,Z100,Z03,ZAR
4500003715,ZDOM,2026-05-18T00:00:00,0001000030,Z100,Z01,ZAR
4500003716,AN,2024-09-08T00:00:00,0001000044,Z100,Z01,ZAR
4500003717,WK,2025-06-05T00:00:00,0001000044,Z100,Z01,ZAR
4500003718,AN,2025-06-25T00:00:00,0001000044,Z100,Z03,ZAR
4500003719,AN,2025-10-24T00:00:00,0001000044,Z100,Z01,ZAR
4500003720,ZDOM,2026-01-12T00:00:00,0001000044,Z100,Z02,ZAR
4500003721,AN,2026-03-03T00:00:00,0001000044,Z100,Z01,ZAR
4500003722,ZDOM,2026-03-30T00:00:00,0001000044,Z100,Z01,ZAR
4500003723,WK,2024-09-29T00:00:00,0001000058,Z100,Z02,ZAR
4500003724,ZDOM,2025-09-03T00:00:00,0001000058,Z100,Z01,ZAR
4500003725,WK,2026-06-30T00:00:00,0001000058,Z100,Z01,ZAR
4500003726,ZDOM,2024-11-09T00:00:00,0001000058,Z100,Z02,ZAR
4500003727,WK,2024-12-28T00:00:00,0001000058,Z100,Z02,ZAR
4500003728,WK,2026-07-23T00:00:00,0001000058,Z100,Z02,ZAR
4500003729,WK,2024-12-16T00:00:00,0001000028,Z100,Z01,ZAR
4500003730,WK,2025-08-11T00:00:00,0001000028,Z100,Z03,ZAR
4500003731,WK,2025-11-29T00:00:00,0001000028,Z100,Z03,ZAR
4500003732,ZDOM,2026-04-28T00:00:00,0001000028,Z100,Z01,ZAR
4500003733,ZDOM,2026-03-02T00:00:00,0001000001,Z100,Z01,ZAR
4500003734,AN,2026-07-16T00:00:00,0001000001,Z100,Z03,ZAR
4500003735,ZDOM,2026-01-14T00:00:00,0001000043,Z100,Z03,ZAR
4500003736,ZDOM,2026-02-28T00:00:00,0001000043,Z100,Z02,ZAR
4500003737,ZDOM,2024-09-12T00:00:00,0001000025,Z100,Z02,ZAR
4500003738,ZDOM,2024-10-27T00:00:00,0001000025,Z100,Z03,ZAR
4500003739,WK,2025-09-22T00:00:00,0001000025,Z100,Z01,ZAR
4500003740,AN,2026-07-01T00:00:00,0001000025,Z100,Z02,ZAR
4500003741,ZDOM,2024-10-20T00:00:00,0001000035,Z100,Z01,ZAR
4500003742,ZDOM,2025-08-31T00:00:00,0001000035,Z100,Z03,ZAR
4500003743,ZDOM,2026-05-02T00:00:00,0001000035,Z100,Z02,ZAR
4500003744,AN,2026-05-14T00:00:00,0001000035,Z100,Z02,ZAR
4500003745,ZDOM,2024-09-24T00:00:00,0001000049,Z100,Z03,ZAR
4500003746,WK,2024-12-06T00:00:00,0001000049,Z100,Z02,ZAR
4500003747,AN,2025-02-11T00:00:00,0001000049,Z100,Z01,ZAR
4500003748,AN,2025-04-11T00:00:00,0001000049,Z100,Z01,ZAR
4500003749,WK,2025-06-10T00:00:00,0001000049,Z100,Z03,ZAR
4500003750,AN,2025-07-29T00:00:00,0001000049,Z100,Z03,ZAR
4500003751,WK,2025-08-11T00:00:00,0001000049,Z100,Z02,ZAR
4500003752,ZDOM,2025-12-10T00:00:00,0001000049,Z100,Z03,ZAR
4500003753,WK,2026-01-24T00:00:00,0001000049,Z100,Z03,ZAR
4500003754,AN,2026-04-28T00:00:00,0001000049,Z100,Z03,ZAR
4500003755,AN,2026-05-28T00:00:00,0001000049,Z100,Z03,ZAR
4500003756,WK,2026-07-18T00:00:00,0001000049,Z100,Z02,ZAR
4500003757,ZDOM,2026-03-02T00:00:00,0001000031,Z100,Z02,ZAR
4500003758,ZDOM,2026-04-11T00:00:00,0001000031,Z100,Z02,ZAR
4500003759,AN,2024-09-15T00:00:00,0001000027,Z100,Z02,ZAR
4500003760,WK,2025-03-23T00:00:00,0001000027,Z100,Z01,ZAR
4500003761,WK,2025-05-21T00:00:00,0001000027,Z100,Z01,ZAR
4500003762,WK,2026-03-27T00:00:00,0001000027,Z100,Z03,ZAR
4500003763,ZDOM,2024-09-20T00:00:00,0001000027,Z100,Z03,ZAR
4500003764,WK,2024-11-01T00:00:00,0001000027,Z100,Z03,ZAR
4500003765,ZDOM,2024-11-06T00:00:00,0001000027,Z100,Z01,ZAR
4500003766,AN,2024-12-07T00:00:00,0001000027,Z100,Z01,ZAR
4500003767,AN,2026-03-28T00:00:00,0001000027,Z100,Z02,ZAR
4500003768,AN,2026-04-12T00:00:00,0001000027,Z100,Z02,ZAR
4500003769,ZDOM,2026-05-23T00:00:00,0001000027,Z100,Z02,ZAR
4500003770,AN,2026-06-09T00:00:00,0001000027,Z100,Z03,ZAR
4500003771,ZDOM,2024-10-01T00:00:00,0001000006,Z100,Z03,ZAR
4500003772,ZDOM,2025-06-04T00:00:00,0001000006,Z100,Z03,ZAR
4500003773,ZDOM,2025-06-24T00:00:00,0001000006,Z100,Z03,ZAR
4500003774,AN,2025-07-26T00:00:00,0001000006,Z100,Z01,ZAR
4500003775,AN,2026-03-03T00:00:00,0001000006,Z100,Z01,ZAR
4500003776,AN,2026-03-10T00:00:00,0001000006,Z100,Z03,ZAR
4500003777,AN,2026-04-27T00:00:00,0001000006,Z100,Z02,ZAR
4500003778,ZDOM,2024-11-29T00:00:00,0001000048,Z100,Z02,ZAR
4500003779,WK,2025-09-25T00:00:00,0001000048,Z100,Z02,ZAR
4500003780,WK,2026-03-12T00:00:00,0001000048,Z100,Z01,ZAR
4500003781,ZDOM,2026-06-18T00:00:00,0001000048,Z100,Z03,ZAR
4500003782,AN,2024-10-03T00:00:00,0001000048,Z100,Z01,ZAR
4500003783,WK,2025-05-11T00:00:00,0001000048,Z100,Z03,ZAR
4500003784,ZDOM,2025-12-28T00:00:00,0001000048,Z100,Z03,ZAR
4500003785,WK,2026-06-05T00:00:00,0001000048,Z100,Z01,ZAR
4500003786,AN,2026-06-19T00:00:00,0001000048,Z100,Z03,ZAR
4500003787,ZDOM,2024-09-13T00:00:00,0001000016,Z100,Z01,ZAR
4500003788,WK,2024-10-31T00:00:00,0001000016,Z100,Z01,ZAR
4500003789,WK,2024-12-10T00:00:00,0001000016,Z100,Z02,ZAR
4500003790,AN,2025-04-19T00:00:00,0001000016,Z100,Z02,ZAR
4500003791,WK,2025-05-28T00:00:00,0001000016,Z100,Z02,ZAR
4500003792,ZDOM,2025-07-08T00:00:00,0001000016,Z100,Z01,ZAR
4500003793,AN,2025-10-14T00:00:00,0001000016,Z100,Z01,ZAR
4500003794,AN,2025-01-21T00:00:00,0001000044,Z100,Z01,ZAR
4500003795,ZDOM,2025-02-10T00:00:00,0001000044,Z100,Z03,ZAR
4500003796,AN,2025-03-23T00:00:00,0001000044,Z100,Z01,ZAR
4500003797,AN,2025-12-24T00:00:00,0001000044,Z100,Z01,ZAR
4500003798,WK,2026-01-20T00:00:00,0001000044,Z100,Z03,ZAR
4500003799,AN,2026-03-31T00:00:00,0001000044,Z100,Z02,ZAR
4500003800,ZDOM,2026-07-21T00:00:00,0001000044,Z100,Z03,ZAR
4500003801,WK,2024-09-23T00:00:00,0001000003,Z100,Z03,ZAR
4500003802,WK,2025-02-22T00:00:00,0001000003,Z100,Z02,ZAR
4500003803,ZDOM,2025-09-30T00:00:00,0001000003,Z100,Z03,ZAR
4500003804,ZDOM,2026-03-10T00:00:00,0001000003,Z100,Z01,ZAR
4500003805,AN,2024-09-15T00:00:00,0001000044,Z100,Z01,ZAR
4500003806,WK,2024-10-28T00:00:00,0001000044,Z100,Z01,ZAR
4500003807,WK,2025-03-07T00:00:00,0001000044,Z100,Z01,ZAR
4500003808,AN,2025-04-16T00:00:00,0001000044,Z100,Z03,ZAR
4500003809,WK,2025-12-02T00:00:00,0001000044,Z100,Z03,ZAR
4500003810,WK,2026-05-02T00:00:00,0001000044,Z100,Z01,ZAR
4500003811,AN,2026-05-22T00:00:00,0001000044,Z100,Z01,ZAR
4500003812,ZDOM,2024-09-29T00:00:00,0001000059,Z100,Z01,ZAR
4500003813,WK,2025-03-22T00:00:00,0001000059,Z100,Z03,ZAR
4500003814,AN,2025-10-22T00:00:00,0001000059,Z100,Z02,ZAR
4500003815,AN,2025-12-01T00:00:00,0001000059,Z100,Z02,ZAR
4500003816,WK,2025-12-29T00:00:00,0001000059,Z100,Z03,ZAR
4500003817,ZDOM,2026-06-11T00:00:00,0001000059,Z100,Z01,ZAR
4500003818,AN,2025-02-24T00:00:00,0001000033,Z100,Z02,ZAR
4500003819,WK,2025-08-14T00:00:00,0001000033,Z100,Z01,ZAR
4500003820,ZDOM,2025-11-19T00:00:00,0001000033,Z100,Z01,ZAR
4500003821,ZDOM,2026-01-10T00:00:00,0001000033,Z100,Z02,ZAR
4500003822,AN,2026-09-07T00:00:00,0001000033,Z100,Z01,ZAR
4500003823,ZDOM,2024-10-05T00:00:00,0001000035,Z100,Z02,ZAR
4500003824,WK,2025-06-23T00:00:00,0001000035,Z100,Z03,ZAR
4500003825,AN,2025-07-26T00:00:00,0001000035,Z100,Z03,ZAR
4500003826,ZDOM,2024-10-01T00:00:00,0001000042,Z100,Z01,ZAR
4500003827,ZDOM,2024-12-23T00:00:00,0001000042,Z100,Z01,ZAR
4500003828,AN,2025-08-16T00:00:00,0001000042,Z100,Z03,ZAR
4500003829,WK,2025-12-06T00:00:00,0001000042,Z100,Z01,ZAR
4500003830,WK,2026-03-15T00:00:00,0001000042,Z100,Z03,ZAR
4500003831,AN,2024-09-13T00:00:00,0001000042,Z100,Z01,ZAR
4500003832,WK,2025-01-24T00:00:00,0001000042,Z100,Z02,ZAR
4500003833,AN,2025-09-03T00:00:00,0001000042,Z100,Z01,ZAR
4500003834,ZDOM,2025-09-28T00:00:00,0001000042,Z100,Z02,ZAR
4500003835,WK,2026-04-13T00:00:00,0001000042,Z100,Z03,ZAR
4500003836,WK,2024-09-28T00:00:00,0001000010,Z100,Z03,ZAR
4500003837,ZDOM,2025-04-30T00:00:00,0001000010,Z100,Z03,ZAR
4500003838,AN,2026-07-28T00:00:00,0001000010,Z100,Z02,ZAR
4500003839,WK,2024-09-27T00:00:00,0001000043,Z100,Z01,ZAR
4500003840,WK,2024-10-28T00:00:00,0001000043,Z100,Z03,ZAR
4500003841,WK,2026-01-09T00:00:00,0001000043,Z100,Z03,ZAR
4500003842,ZDOM,2026-01-27T00:00:00,0001000043,Z100,Z01,ZAR
4500003843,ZDOM,2024-10-08T00:00:00,0001000001,Z100,Z03,ZAR
4500003844,ZDOM,2025-02-09T00:00:00,0001000001,Z100,Z02,ZAR
4500003845,AN,2025-10-29T00:00:00,0001000001,Z100,Z03,ZAR
4500003846,ZDOM,2024-10-02T00:00:00,0001000036,Z100,Z03,ZAR
4500003847,AN,2024-11-09T00:00:00,0001000036,Z100,Z01,ZAR
4500003848,ZDOM,2024-11-15T00:00:00,0001000036,Z100,Z01,ZAR
4500003849,ZDOM,2025-01-06T00:00:00,0001000036,Z100,Z01,ZAR
4500003850,ZDOM,2025-03-03T00:00:00,0001000036,Z100,Z01,ZAR
4500003851,WK,2025-04-30T00:00:00,0001000036,Z100,Z01,ZAR
4500003852,WK,2025-09-03T00:00:00,0001000036,Z100,Z03,ZAR
4500003853,AN,2025-11-25T00:00:00,0001000036,Z100,Z01,ZAR
4500003854,WK,2026-05-16T00:00:00,0001000036,Z100,Z03,ZAR
4500003855,ZDOM,2026-09-07T00:00:00,0001000036,Z100,Z02,ZAR
4500003856,WK,2024-10-07T00:00:00,0001000027,Z100,Z02,ZAR
4500003857,WK,2025-07-30T00:00:00,0001000027,Z100,Z01,ZAR
4500003858,WK,2026-04-06T00:00:00,0001000027,Z100,Z01,ZAR
4500003859,WK,2024-12-03T00:00:00,0001000018,Z100,Z01,ZAR
4500003860,AN,2025-01-02T00:00:00,0001000018,Z100,Z02,ZAR
4500003861,ZDOM,2026-01-28T00:00:00,0001000018,Z100,Z03,ZAR
4500003862,WK,2024-10-02T00:00:00,0001000004,Z100,Z01,ZAR
4500003863,AN,2025-05-18T00:00:00,0001000004,Z100,Z03,ZAR
4500003864,WK,2025-10-27T00:00:00,0001000004,Z100,Z01,ZAR
4500003865,WK,2026-05-22T00:00:00,0001000004,Z100,Z03,ZAR
4500003866,AN,2024-10-11T00:00:00,0001000004,Z100,Z01,ZAR
4500003867,AN,2025-05-25T00:00:00,0001000004,Z100,Z03,ZAR
4500003868,ZDOM,2025-11-02T00:00:00,0001000004,Z100,Z02,ZAR
4500003869,ZDOM,2025-11-25T00:00:00,0001000004,Z100,Z02,ZAR
4500003870,ZDOM,2025-12-15T00:00:00,0001000004,Z100,Z03,ZAR
4500003871,AN,2026-07-18T00:00:00,0001000004,Z100,Z03,ZAR
4500003872,AN,2026-08-21T00:00:00,0001000004,Z100,Z01,ZAR
4500003873,AN,2024-09-26T00:00:00,0001000017,Z100,Z01,ZAR
4500003874,WK,2025-02-16T00:00:00,0001000017,Z100,Z03,ZAR
4500003875,ZDOM,2025-08-03T00:00:00,0001000017,Z100,Z03,ZAR
4500003876,WK,2025-12-16T00:00:00,0001000017,Z100,Z02,ZAR
4500003877,ZDOM,2026-01-24T00:00:00,0001000017,Z100,Z02,ZAR
4500003878,AN,2026-06-24T00:00:00,0001000017,Z100,Z03,ZAR
4500003879,WK,2024-09-13T00:00:00,0001000023,Z100,Z01,ZAR
4500003880,AN,2025-07-24T00:00:00,0001000023,Z100,Z01,ZAR
4500003881,WK,2026-07-04T00:00:00,0001000023,Z100,Z03,ZAR
4500003882,AN,2025-03-31T00:00:00,0001000043,Z100,Z02,ZAR
4500003883,AN,2025-08-01T00:00:00,0001000043,Z100,Z01,ZAR
4500003884,AN,2026-02-05T00:00:00,0001000043,Z100,Z01,ZAR
4500003885,ZDOM,2026-04-30T00:00:00,0001000043,Z100,Z01,ZAR
4500003886,WK,2024-09-22T00:00:00,0001000046,Z100,Z03,ZAR
4500003887,AN,2025-01-15T00:00:00,0001000046,Z100,Z01,ZAR
4500003888,WK,2025-12-18T00:00:00,0001000046,Z100,Z01,ZAR
4500003889,AN,2026-02-20T00:00:00,0001000046,Z100,Z02,ZAR
4500003890,ZDOM,2026-09-03T00:00:00,0001000046,Z100,Z02,ZAR
4500003891,WK,2024-09-23T00:00:00,0001000056,Z100,Z02,ZAR
4500003892,AN,2024-11-15T00:00:00,0001000056,Z100,Z02,ZAR
4500003893,WK,2025-03-29T00:00:00,0001000056,Z100,Z02,ZAR
4500003894,AN,2025-04-24T00:00:00,0001000056,Z100,Z01,ZAR
4500003895,AN,2025-05-28T00:00:00,0001000056,Z100,Z01,ZAR
4500003896,WK,2025-07-18T00:00:00,0001000056,Z100,Z01,ZAR
4500003897,WK,2025-09-05T00:00:00,0001000056,Z100,Z02,ZAR
4500003898,ZDOM,2025-12-26T00:00:00,0001000056,Z100,Z01,ZAR
4500003899,AN,2026-05-03T00:00:00,0001000056,Z100,Z02,ZAR
4500003900,ZDOM,2024-10-09T00:00:00,0001000021,Z100,Z03,ZAR
4500003901,ZDOM,2025-03-03T00:00:00,0001000021,Z100,Z01,ZAR
4500003902,AN,2025-06-20T00:00:00,0001000021,Z100,Z02,ZAR
4500003903,WK,2026-04-12T00:00:00,0001000021,Z100,Z02,ZAR
4500003904,AN,2026-05-09T00:00:00,0001000021,Z100,Z03,ZAR
4500003905,AN,2024-09-16T00:00:00,0001000035,Z100,Z03,ZAR
4500003906,ZDOM,2025-07-18T00:00:00,0001000035,Z100,Z01,ZAR
4500003907,AN,2025-09-11T00:00:00,0001000035,Z100,Z03,ZAR
4500003908,WK,2025-10-22T00:00:00,0001000035,Z100,Z03,ZAR
4500003909,WK,2026-01-23T00:00:00,0001000035,Z100,Z01,ZAR
4500003910,ZDOM,2026-04-20T00:00:00,0001000035,Z100,Z01,ZAR
4500003911,WK,2026-08-02T00:00:00,0001000035,Z100,Z02,ZAR
4500003912,WK,2024-09-17T00:00:00,0001000022,Z100,Z03,ZAR
4500003913,ZDOM,2025-02-12T00:00:00,0001000022,Z100,Z02,ZAR
4500003914,WK,2025-06-05T00:00:00,0001000022,Z100,Z01,ZAR
4500003915,AN,2025-06-02T00:00:00,0001000022,Z100,Z02,ZAR
4500003916,ZDOM,2025-07-31T00:00:00,0001000022,Z100,Z03,ZAR
4500003917,WK,2025-09-01T00:00:00,0001000022,Z100,Z01,ZAR
4500003918,WK,2026-01-29T00:00:00,0001000022,Z100,Z02,ZAR
4500003919,ZDOM,2026-02-27T00:00:00,0001000022,Z100,Z02,ZAR
4500003920,ZDOM,2026-03-14T00:00:00,0001000022,Z100,Z03,ZAR
4500003921,WK,2026-07-22T00:00:00,0001000022,Z100,Z02,ZAR
4500003922,WK,2025-12-25T00:00:00,0001000055,Z100,Z03,ZAR
4500003923,WK,2026-01-15T00:00:00,0001000055,Z100,Z02,ZAR
4500003924,WK,2024-09-26T00:00:00,0001000043,Z100,Z03,ZAR
4500003925,ZDOM,2025-01-13T00:00:00,0001000043,Z100,Z01,ZAR
4500003926,AN,2025-07-18T00:00:00,0001000043,Z100,Z02,ZAR
4500003927,ZDOM,2025-12-29T00:00:00,0001000043,Z100,Z01,ZAR
4500003928,ZDOM,2026-01-10T00:00:00,0001000043,Z100,Z02,ZAR
4500003929,AN,2024-09-07T00:00:00,0001000043,Z100,Z01,ZAR
4500003930,AN,2024-12-09T00:00:00,0001000043,Z100,Z01,ZAR
4500003931,WK,2025-02-16T00:00:00,0001000043,Z100,Z02,ZAR
4500003932,AN,2025-06-09T00:00:00,0001000043,Z100,Z03,ZAR
4500003933,WK,2025-11-21T00:00:00,0001000043,Z100,Z03,ZAR
4500003934,ZDOM,2026-01-02T00:00:00,0001000043,Z100,Z02,ZAR
4500003935,AN,2026-01-19T00:00:00,0001000043,Z100,Z01,ZAR
4500003936,ZDOM,2026-06-09T00:00:00,0001000043,Z100,Z03,ZAR
4500003937,ZDOM,2024-10-11T00:00:00,0001000049,Z100,Z02,ZAR
4500003938,AN,2024-12-20T00:00:00,0001000049,Z100,Z03,ZAR
4500003939,WK,2025-04-18T00:00:00,0001000049,Z100,Z03,ZAR
4500003940,WK,2025-09-14T00:00:00,0001000049,Z100,Z03,ZAR
4500003941,WK,2025-12-15T00:00:00,0001000049,Z100,Z02,ZAR
4500003942,WK,2026-06-03T00:00:00,0001000049,Z100,Z02,ZAR
4500003943,ZDOM,2025-01-18T00:00:00,0001000018,Z100,Z02,ZAR
4500003944,WK,2026-03-04T00:00:00,0001000018,Z100,Z01,ZAR
4500003945,WK,2026-06-30T00:00:00,0001000018,Z100,Z01,ZAR
4500003946,WK,2026-07-30T00:00:00,0001000018,Z100,Z02,ZAR
4500003947,WK,2024-10-03T00:00:00,0001000018,Z100,Z02,ZAR
4500003948,ZDOM,2025-04-09T00:00:00,0001000018,Z100,Z01,ZAR
4500003949,WK,2025-07-17T00:00:00,0001000018,Z100,Z03,ZAR
4500003950,AN,2026-02-09T00:00:00,0001000018,Z100,Z03,ZAR
4500003951,ZDOM,2024-10-06T00:00:00,0001000006,Z100,Z03,ZAR
4500003952,WK,2025-08-27T00:00:00,0001000006,Z100,Z03,ZAR
4500003953,ZDOM,2025-09-28T00:00:00,0001000006,Z100,Z01,ZAR
4500003954,WK,2026-03-24T00:00:00,0001000006,Z100,Z02,ZAR
4500003955,WK,2026-04-13T00:00:00,0001000006,Z100,Z01,ZAR
4500003956,WK,2026-06-01T00:00:00,0001000006,Z100,Z03,ZAR
4500003957,AN,2026-06-21T00:00:00,0001000006,Z100,Z01,ZAR
4500003958,AN,2026-08-13T00:00:00,0001000006,Z100,Z01,ZAR
4500003959,WK,2024-09-18T00:00:00,0001000019,Z100,Z01,ZAR
4500003960,ZDOM,2024-11-25T00:00:00,0001000019,Z100,Z01,ZAR
4500003961,ZDOM,2025-02-17T00:00:00,0001000019,Z100,Z01,ZAR
4500003962,ZDOM,2025-04-29T00:00:00,0001000019,Z100,Z02,ZAR
4500003963,WK,2025-05-14T00:00:00,0001000019,Z100,Z01,ZAR
4500003964,WK,2025-10-16T00:00:00,0001000019,Z100,Z03,ZAR
4500003965,WK,2025-11-09T00:00:00,0001000019,Z100,Z01,ZAR
4500003966,WK,2026-01-09T00:00:00,0001000019,Z100,Z02,ZAR
4500003967,WK,2026-03-18T00:00:00,0001000019,Z100,Z03,ZAR
4500003968,AN,2026-04-23T00:00:00,0001000019,Z100,Z01,ZAR
4500003969,WK,2024-09-10T00:00:00,0001000019,Z100,Z02,ZAR
4500003970,WK,2024-10-29T00:00:00,0001000019,Z100,Z03,ZAR
4500003971,WK,2024-11-11T00:00:00,0001000019,Z100,Z03,ZAR
4500003972,AN,2024-12-20T00:00:00,0001000019,Z100,Z03,ZAR
4500003973,ZDOM,2025-08-20T00:00:00,0001000019,Z100,Z03,ZAR
4500003974,ZDOM,2026-01-04T00:00:00,0001000019,Z100,Z03,ZAR
4500003975,ZDOM,2026-06-01T00:00:00,0001000019,Z100,Z02,ZAR
4500003976,ZDOM,2026-07-07T00:00:00,0001000019,Z100,Z01,ZAR
4500003977,WK,2024-12-03T00:00:00,0001000018,Z100,Z03,ZAR
4500003978,ZDOM,2025-06-05T00:00:00,0001000018,Z100,Z01,ZAR
4500003979,ZDOM,2025-11-21T00:00:00,0001000018,Z100,Z03,ZAR
4500003980,WK,2026-05-20T00:00:00,0001000018,Z100,Z03,ZAR
4500003981,WK,2024-10-06T00:00:00,0001000038,Z100,Z03,ZAR
4500003982,ZDOM,2024-10-09T00:00:00,0001000038,Z100,Z01,ZAR
4500003983,WK,2024-11-10T00:00:00,0001000038,Z100,Z02,ZAR
4500003984,AN,2025-04-23T00:00:00,0001000038,Z100,Z01,ZAR
4500003985,ZDOM,2025-09-21T00:00:00,0001000038,Z100,Z03,ZAR
4500003986,WK,2026-01-25T00:00:00,0001000038,Z100,Z03,ZAR
4500003987,ZDOM,2026-05-18T00:00:00,0001000038,Z100,Z02,ZAR
4500003988,AN,2024-09-05T00:00:00,0001000059,Z100,Z03,ZAR
4500003989,AN,2025-04-14T00:00:00,0001000059,Z100,Z03,ZAR
4500003990,ZDOM,2025-10-08T00:00:00,0001000059,Z100,Z01,ZAR
4500003991,AN,2024-09-15T00:00:00,0001000059,Z100,Z01,ZAR
4500003992,AN,2024-10-28T00:00:00,0001000059,Z100,Z03,ZAR
4500003993,AN,2026-05-14T00:00:00,0001000059,Z100,Z01,ZAR
4500003994,AN,2024-12-09T00:00:00,0001000049,Z100,Z01,ZAR
4500003995,AN,2025-04-18T00:00:00,0001000049,Z100,Z02,ZAR
4500003996,WK,2025-08-23T00:00:00,0001000049,Z100,Z01,ZAR
4500003997,ZDOM,2025-11-27T00:00:00,0001000049,Z100,Z03,ZAR
4500003998,WK,2026-02-04T00:00:00,0001000049,Z100,Z02,ZAR
4500003999,ZDOM,2026-04-02T00:00:00,0001000049,Z100,Z02,ZAR
4500004000,AN,2026-06-23T00:00:00,0001000049,Z100,Z02,ZAR
4500004001,ZDOM,2026-08-19T00:00:00,0001000049,Z100,Z01,ZAR
4500004002,WK,2025-04-10T00:00:00,0001000027,Z100,Z01,ZAR
4500004003,WK,2026-04-09T00:00:00,0001000027,Z100,Z03,ZAR
4500004004,AN,2026-07-14T00:00:00,0001000027,Z100,Z03,ZAR
4500004005,ZDOM,2026-09-02T00:00:00,0001000027,Z100,Z01,ZAR
4500004006,AN,2024-10-14T00:00:00,0001000053,Z100,Z01,ZAR
4500004007,ZDOM,2025-04-25T00:00:00,0001000053,Z100,Z02,ZAR
4500004008,AN,2025-12-14T00:00:00,0001000053,Z100,Z01,ZAR
4500004009,ZDOM,2026-08-18T00:00:00,0001000053,Z100,Z03,ZAR
4500004010,AN,2024-09-27T00:00:00,0001000010,Z100,Z01,ZAR
4500004011,ZDOM,2025-05-29T00:00:00,0001000010,Z100,Z03,ZAR
4500004012,AN,2026-01-07T00:00:00,0001000010,Z100,Z03,ZAR
4500004013,AN,2026-02-22T00:00:00,0001000010,Z100,Z01,ZAR
4500004014,ZDOM,2024-10-02T00:00:00,0001000012,Z100,Z02,ZAR
4500004015,WK,2026-03-22T00:00:00,0001000012,Z100,Z01,ZAR
4500004016,ZDOM,2026-03-14T00:00:00,0001000011,Z100,Z02,ZAR
4500004017,WK,2024-09-13T00:00:00,0001000039,Z100,Z03,ZAR
4500004018,AN,2025-06-20T00:00:00,0001000039,Z100,Z02,ZAR
4500004019,WK,2026-05-26T00:00:00,0001000039,Z100,Z02,ZAR
4500004020,ZDOM,2024-09-13T00:00:00,0001000039,Z100,Z02,ZAR
4500004021,WK,2025-03-02T00:00:00,0001000039,Z100,Z03,ZAR
4500004022,AN,2025-03-23T00:00:00,0001000039,Z100,Z02,ZAR
4500004023,AN,2025-05-16T00:00:00,0001000039,Z100,Z01,ZAR
4500004024,ZDOM,2025-12-02T00:00:00,0001000039,Z100,Z01,ZAR
4500004025,AN,2026-03-21T00:00:00,0001000039,Z100,Z03,ZAR
4500004026,AN,2026-05-02T00:00:00,0001000039,Z100,Z02,ZAR
4500004027,WK,2024-12-25T00:00:00,0001000044,Z100,Z01,ZAR
4500004028,WK,2025-05-31T00:00:00,0001000044,Z100,Z01,ZAR
4500004029,AN,2025-11-13T00:00:00,0001000044,Z100,Z03,ZAR
4500004030,ZDOM,2026-01-06T00:00:00,0001000044,Z100,Z01,ZAR
4500004031,AN,2026-06-11T00:00:00,0001000044,Z100,Z03,ZAR
4500004032,WK,2024-09-30T00:00:00,0001000037,Z100,Z03,ZAR
4500004033,ZDOM,2024-10-13T00:00:00,0001000037,Z100,Z01,ZAR
4500004034,WK,2025-06-12T00:00:00,0001000037,Z100,Z03,ZAR
4500004035,AN,2025-09-15T00:00:00,0001000037,Z100,Z02,ZAR
4500004036,ZDOM,2026-04-10T00:00:00,0001000037,Z100,Z03,ZAR
4500004037,AN,2026-07-08T00:00:00,0001000037,Z100,Z03,ZAR
4500004038,AN,2024-09-24T00:00:00,0001000016,Z100,Z02,ZAR
4500004039,AN,2024-10-11T00:00:00,0001000016,Z100,Z02,ZAR
4500004040,WK,2025-03-16T00:00:00,0001000016,Z100,Z02,ZAR
4500004041,ZDOM,2025-09-14T00:00:00,0001000016,Z100,Z03,ZAR
4500004042,WK,2025-10-19T00:00:00,0001000016,Z100,Z02,ZAR
4500004043,WK,2026-01-12T00:00:00,0001000016,Z100,Z01,ZAR
4500004044,WK,2026-03-06T00:00:00,0001000016,Z100,Z03,ZAR
4500004045,ZDOM,2026-08-05T00:00:00,0001000016,Z100,Z02,ZAR
4500004046,ZDOM,2024-10-01T00:00:00,0001000040,Z100,Z02,ZAR
4500004047,ZDOM,2024-10-10T00:00:00,0001000040,Z100,Z02,ZAR
4500004048,WK,2024-11-13T00:00:00,0001000040,Z100,Z01,ZAR
4500004049,AN,2025-01-01T00:00:00,0001000040,Z100,Z03,ZAR
4500004050,AN,2025-12-21T00:00:00,0001000040,Z100,Z03,ZAR
4500004051,ZDOM,2026-02-04T00:00:00,0001000040,Z100,Z01,ZAR
4500004052,ZDOM,2026-05-22T00:00:00,0001000040,Z100,Z01,ZAR
4500004053,AN,2026-07-09T00:00:00,0001000040,Z100,Z01,ZAR
4500004054,WK,2024-10-06T00:00:00,0001000040,Z100,Z02,ZAR
4500004055,ZDOM,2025-01-02T00:00:00,0001000040,Z100,Z03,ZAR
4500004056,WK,2025-03-21T00:00:00,0001000040,Z100,Z01,ZAR
4500004057,AN,2025-04-20T00:00:00,0001000040,Z100,Z02,ZAR
4500004058,ZDOM,2026-08-24T00:00:00,0001000040,Z100,Z02,ZAR
4500004059,AN,2024-09-22T00:00:00,0001000050,Z100,Z01,ZAR
4500004060,AN,2024-12-31T00:00:00,0001000050,Z100,Z03,ZAR
4500004061,AN,2025-01-28T00:00:00,0001000050,Z100,Z01,ZAR
4500004062,WK,2026-03-01T00:00:00,0001000050,Z100,Z03,ZAR
4500004063,ZDOM,2026-03-14T00:00:00,0001000050,Z100,Z03,ZAR
4500004064,AN,2026-04-13T00:00:00,0001000050,Z100,Z02,ZAR
4500004065,AN,2024-10-03T00:00:00,0001000013,Z100,Z02,ZAR
4500004066,AN,2025-03-25T00:00:00,0001000013,Z100,Z03,ZAR
4500004067,WK,2025-08-01T00:00:00,0001000013,Z100,Z03,ZAR
4500004068,ZDOM,2026-02-09T00:00:00,0001000013,Z100,Z01,ZAR
4500004069,WK,2024-09-07T00:00:00,0001000017,Z100,Z02,ZAR
4500004070,AN,2025-07-04T00:00:00,0001000017,Z100,Z03,ZAR
4500004071,WK,2025-07-15T00:00:00,0001000017,Z100,Z02,ZAR
4500004072,WK,2026-04-24T00:00:00,0001000017,Z100,Z02,ZAR
4500004073,WK,2026-05-13T00:00:00,0001000017,Z100,Z02,ZAR
4500004074,WK,2024-09-25T00:00:00,0001000018,Z100,Z02,ZAR
4500004075,AN,2025-07-14T00:00:00,0001000018,Z100,Z01,ZAR
4500004076,AN,2024-10-07T00:00:00,0001000018,Z100,Z01,ZAR
4500004077,ZDOM,2024-10-27T00:00:00,0001000018,Z100,Z02,ZAR
4500004078,ZDOM,2025-06-25T00:00:00,0001000018,Z100,Z02,ZAR
4500004079,AN,2026-06-03T00:00:00,0001000018,Z100,Z01,ZAR
4500004080,WK,2026-08-01T00:00:00,0001000018,Z100,Z02,ZAR
4500004081,ZDOM,2026-08-29T00:00:00,0001000018,Z100,Z03,ZAR
4500004082,WK,2024-11-13T00:00:00,0001000037,Z100,Z03,ZAR
4500004083,AN,2025-04-16T00:00:00,0001000037,Z100,Z01,ZAR
4500004084,ZDOM,2025-08-21T00:00:00,0001000037,Z100,Z03,ZAR
4500004085,ZDOM,2025-10-04T00:00:00,0001000037,Z100,Z02,ZAR
4500004086,ZDOM,2025-10-20T00:00:00,0001000037,Z100,Z02,ZAR
4500004087,AN,2025-11-23T00:00:00,0001000037,Z100,Z03,ZAR
4500004088,ZDOM,2026-04-22T00:00:00,0001000037,Z100,Z03,ZAR
4500004089,AN,2026-06-08T00:00:00,0001000037,Z100,Z03,ZAR
4500004090,AN,2024-09-29T00:00:00,0001000004,Z100,Z02,ZAR
4500004091,AN,2025-11-10T00:00:00,0001000004,Z100,Z02,ZAR
4500004092,ZDOM,2026-07-21T00:00:00,0001000004,Z100,Z03,ZAR
4500004093,ZDOM,2024-10-09T00:00:00,0001000020,Z100,Z03,ZAR
4500004094,WK,2024-11-23T00:00:00,0001000020,Z100,Z01,ZAR
4500004095,AN,2025-04-16T00:00:00,0001000020,Z100,Z02,ZAR
4500004096,WK,2025-05-10T00:00:00,0001000020,Z100,Z01,ZAR
4500004097,WK,2025-06-05T00:00:00,0001000020,Z100,Z02,ZAR
4500004098,ZDOM,2025-09-23T00:00:00,0001000020,Z100,Z01,ZAR
4500004099,ZDOM,2025-12-16T00:00:00,0001000020,Z100,Z02,ZAR
4500004100,ZDOM,2026-03-14T00:00:00,0001000020,Z100,Z01,ZAR
4500004101,ZDOM,2026-08-04T00:00:00,0001000020,Z100,Z01,ZAR
4500004102,ZDOM,2024-09-16T00:00:00,0001000020,Z100,Z03,ZAR
4500004103,AN,2024-10-30T00:00:00,0001000020,Z100,Z01,ZAR
4500004104,WK,2025-06-12T00:00:00,0001000020,Z100,Z01,ZAR
4500004105,ZDOM,2025-08-01T00:00:00,0001000020,Z100,Z02,ZAR
4500004106,ZDOM,2025-08-17T00:00:00,0001000020,Z100,Z01,ZAR
4500004107,ZDOM,2025-11-23T00:00:00,0001000020,Z100,Z01,ZAR
4500004108,ZDOM,2025-12-29T00:00:00,0001000020,Z100,Z01,ZAR
4500004109,AN,2026-06-11T00:00:00,0001000020,Z100,Z01,ZAR
4500004110,ZDOM,2025-04-17T00:00:00,0001000030,Z100,Z03,ZAR
4500004111,WK,2025-05-10T00:00:00,0001000030,Z100,Z02,ZAR
4500004112,ZDOM,2025-09-19T00:00:00,0001000030,Z100,Z01,ZAR
4500004113,WK,2025-10-29T00:00:00,0001000030,Z100,Z03,ZAR
4500004114,WK,2026-03-17T00:00:00,0001000030,Z100,Z01,ZAR
4500004115,AN,2026-04-17T00:00:00,0001000030,Z100,Z01,ZAR
4500004116,WK,2024-09-24T00:00:00,0001000000,Z100,Z02,ZAR
4500004117,AN,2025-06-17T00:00:00,0001000000,Z100,Z01,ZAR
4500004118,AN,2025-08-18T00:00:00,0001000000,Z100,Z01,ZAR
4500004119,ZDOM,2026-03-02T00:00:00,0001000000,Z100,Z01,ZAR
4500004120,ZDOM,2026-06-14T00:00:00,0001000000,Z100,Z02,ZAR
4500004121,AN,2024-12-14T00:00:00,0001000000,Z100,Z01,ZAR
4500004122,AN,2025-02-26T00:00:00,0001000000,Z100,Z02,ZAR
4500004123,ZDOM,2025-07-20T00:00:00,0001000000,Z100,Z02,ZAR
4500004124,ZDOM,2025-08-04T00:00:00,0001000000,Z100,Z03,ZAR
4500004125,ZDOM,2026-04-20T00:00:00,0001000000,Z100,Z03,ZAR
4500004126,WK,2026-07-03T00:00:00,0001000000,Z100,Z02,ZAR
4500004127,ZDOM,2026-07-28T00:00:00,0001000000,Z100,Z03,ZAR
4500004128,WK,2024-09-30T00:00:00,0001000003,Z100,Z02,ZAR
4500004129,AN,2024-10-30T00:00:00,0001000003,Z100,Z01,ZAR
4500004130,WK,2025-08-12T00:00:00,0001000003,Z100,Z01,ZAR
4500004131,AN,2024-09-12T00:00:00,0001000010,Z100,Z03,ZAR
4500004132,WK,2024-11-29T00:00:00,0001000010,Z100,Z02,ZAR
4500004133,ZDOM,2025-01-30T00:00:00,0001000010,Z100,Z01,ZAR
4500004134,AN,2025-03-03T00:00:00,0001000010,Z100,Z01,ZAR
4500004135,AN,2025-03-29T00:00:00,0001000010,Z100,Z01,ZAR
4500004136,ZDOM,2025-07-27T00:00:00,0001000010,Z100,Z02,ZAR
4500004137,WK,2025-10-24T00:00:00,0001000010,Z100,Z02,ZAR
4500004138,ZDOM,2025-12-11T00:00:00,0001000010,Z100,Z01,ZAR
4500004139,WK,2026-03-02T00:00:00,0001000010,Z100,Z01,ZAR
4500004140,ZDOM,2026-05-02T00:00:00,0001000010,Z100,Z02,ZAR
4500004141,AN,2026-09-01T00:00:00,0001000010,Z100,Z03,ZAR
4500004142,AN,2024-09-12T00:00:00,0001000010,Z100,Z02,ZAR
4500004143,ZDOM,2024-10-27T00:00:00,0001000010,Z100,Z03,ZAR
4500004144,AN,2024-11-21T00:00:00,0001000010,Z100,Z03,ZAR
4500004145,AN,2025-05-16T00:00:00,0001000010,Z100,Z02,ZAR
4500004146,WK,2025-06-16T00:00:00,0001000010,Z100,Z02,ZAR
4500004147,WK,2025-12-20T00:00:00,0001000010,Z100,Z02,ZAR
4500004148,ZDOM,2026-03-31T00:00:00,0001000010,Z100,Z02,ZAR
4500004149,WK,2026-07-09T00:00:00,0001000010,Z100,Z01,ZAR
4500004150,WK,2024-10-02T00:00:00,0001000024,Z100,Z03,ZAR
4500004151,WK,2025-10-25T00:00:00,0001000024,Z100,Z01,ZAR
4500004152,WK,2025-12-04T00:00:00,0001000024,Z100,Z02,ZAR
4500004153,ZDOM,2026-03-12T00:00:00,0001000007,Z100,Z02,ZAR
4500004154,AN,2024-09-18T00:00:00,0001000011,Z100,Z02,ZAR
4500004155,AN,2025-03-24T00:00:00,0001000011,Z100,Z01,ZAR
4500004156,ZDOM,2025-09-30T00:00:00,0001000011,Z100,Z01,ZAR
4500004157,ZDOM,2026-02-07T00:00:00,0001000011,Z100,Z01,ZAR
4500004158,ZDOM,2024-09-14T00:00:00,0001000011,Z100,Z02,ZAR
4500004159,WK,2025-02-07T00:00:00,0001000011,Z100,Z02,ZAR
4500004160,ZDOM,2025-06-26T00:00:00,0001000011,Z100,Z02,ZAR
4500004161,AN,2025-07-19T00:00:00,0001000011,Z100,Z03,ZAR
4500004162,AN,2025-12-04T00:00:00,0001000011,Z100,Z01,ZAR
4500004163,WK,2025-01-15T00:00:00,0001000032,Z100,Z02,ZAR
4500004164,ZDOM,2025-02-17T00:00:00,0001000032,Z100,Z03,ZAR
4500004165,WK,2025-07-02T00:00:00,0001000032,Z100,Z01,ZAR
4500004166,AN,2025-09-28T00:00:00,0001000032,Z100,Z01,ZAR
4500004167,ZDOM,2025-10-06T00:00:00,0001000032,Z100,Z01,ZAR
4500004168,AN,2025-12-06T00:00:00,0001000032,Z100,Z03,ZAR
4500004169,ZDOM,2026-01-06T00:00:00,0001000032,Z100,Z03,ZAR
4500004170,AN,2026-01-24T00:00:00,0001000032,Z100,Z01,ZAR
4500004171,ZDOM,2026-02-26T00:00:00,0001000032,Z100,Z02,ZAR
4500004172,AN,2026-04-29T00:00:00,0001000032,Z100,Z03,ZAR
4500004173,AN,2024-09-29T00:00:00,0001000046,Z100,Z02,ZAR
4500004174,AN,2024-12-23T00:00:00,0001000046,Z100,Z03,ZAR
4500004175,WK,2025-03-30T00:00:00,0001000046,Z100,Z01,ZAR
4500004176,AN,2025-06-28T00:00:00,0001000046,Z100,Z02,ZAR
4500004177,AN,2026-05-26T00:00:00,0001000046,Z100,Z03,ZAR
4500004178,ZDOM,2026-07-10T00:00:00,0001000046,Z100,Z02,ZAR
4500004179,WK,2024-11-27T00:00:00,0001000044,Z100,Z02,ZAR
4500004180,WK,2025-04-16T00:00:00,0001000044,Z100,Z01,ZAR
4500004181,ZDOM,2026-03-31T00:00:00,0001000044,Z100,Z02,ZAR
4500004182,AN,2024-12-03T00:00:00,0001000005,Z100,Z03,ZAR
4500004183,WK,2025-02-11T00:00:00,0001000005,Z100,Z02,ZAR
4500004184,ZDOM,2025-03-12T00:00:00,0001000005,Z100,Z02,ZAR
4500004185,AN,2025-05-10T00:00:00,0001000005,Z100,Z02,ZAR
4500004186,ZDOM,2025-07-03T00:00:00,0001000005,Z100,Z01,ZAR
4500004187,ZDOM,2025-07-19T00:00:00,0001000005,Z100,Z03,ZAR
4500004188,AN,2025-12-31T00:00:00,0001000005,Z100,Z03,ZAR
4500004189,ZDOM,2026-03-26T00:00:00,0001000005,Z100,Z03,ZAR
4500004190,AN,2026-04-20T00:00:00,0001000005,Z100,Z02,ZAR
4500004191,ZDOM,2024-10-06T00:00:00,0001000022,Z100,Z02,ZAR
4500004192,AN,2025-03-23T00:00:00,0001000022,Z100,Z02,ZAR
4500004193,WK,2025-04-26T00:00:00,0001000022,Z100,Z02,ZAR
4500004194,AN,2025-06-07T00:00:00,0001000022,Z100,Z03,ZAR
4500004195,AN,2025-07-01T00:00:00,0001000022,Z100,Z01,ZAR
4500004196,AN,2025-07-23T00:00:00,0001000022,Z100,Z03,ZAR
4500004197,AN,2025-12-25T00:00:00,0001000022,Z100,Z01,ZAR
4500004198,ZDOM,2026-05-21T00:00:00,0001000022,Z100,Z03,ZAR
4500004199,AN,2024-09-20T00:00:00,0001000002,Z100,Z01,ZAR
4500004200,WK,2025-06-12T00:00:00,0001000002,Z100,Z02,ZAR
4500004201,AN,2026-05-19T00:00:00,0001000002,Z100,Z03,ZAR
4500004202,WK,2026-08-07T00:00:00,0001000002,Z100,Z03,ZAR
4500004203,ZDOM,2024-10-06T00:00:00,0001000028,Z100,Z03,ZAR
4500004204,AN,2024-11-26T00:00:00,0001000028,Z100,Z03,ZAR
4500004205,AN,2024-12-28T00:00:00,0001000028,Z100,Z01,ZAR
4500004206,ZDOM,2025-02-21T00:00:00,0001000028,Z100,Z02,ZAR
4500004207,WK,2025-06-22T00:00:00,0001000028,Z100,Z03,ZAR
4500004208,ZDOM,2025-07-31T00:00:00,0001000028,Z100,Z01,ZAR
4500004209,WK,2025-10-01T00:00:00,0001000028,Z100,Z02,ZAR
4500004210,WK,2026-07-03T00:00:00,0001000028,Z100,Z03,ZAR
4500004211,AN,2026-08-15T00:00:00,0001000028,Z100,Z01,ZAR
4500004212,AN,2024-09-06T00:00:00,0001000057,Z100,Z01,ZAR
4500004213,AN,2025-08-01T00:00:00,0001000057,Z100,Z02,ZAR
4500004214,AN,2025-08-28T00:00:00,0001000057,Z100,Z02,ZAR
4500004215,WK,2026-03-21T00:00:00,0001000057,Z100,Z01,ZAR
4500004216,ZDOM,2024-09-29T00:00:00,0001000036,Z100,Z03,ZAR
4500004217,ZDOM,2025-06-26T00:00:00,0001000036,Z100,Z03,ZAR
4500004218,AN,2025-07-14T00:00:00,0001000036,Z100,Z03,ZAR
4500004219,AN,2025-08-16T00:00:00,0001000036,Z100,Z03,ZAR
4500004220,ZDOM,2026-05-24T00:00:00,0001000036,Z100,Z02,ZAR
4500004221,ZDOM,2024-11-04T00:00:00,0001000036,Z100,Z03,ZAR
4500004222,WK,2024-12-14T00:00:00,0001000036,Z100,Z03,ZAR
4500004223,WK,2025-01-29T00:00:00,0001000036,Z100,Z01,ZAR
4500004224,ZDOM,2025-02-12T00:00:00,0001000036,Z100,Z03,ZAR
4500004225,WK,2025-10-18T00:00:00,0001000036,Z100,Z01,ZAR
4500004226,WK,2026-01-13T00:00:00,0001000036,Z100,Z02,ZAR
4500004227,ZDOM,2026-04-21T00:00:00,0001000036,Z100,Z01,ZAR
4500004228,ZDOM,2026-06-12T00:00:00,0001000036,Z100,Z01,ZAR
4500004229,AN,2026-07-19T00:00:00,0001000036,Z100,Z03,ZAR
4500004230,WK,2026-08-26T00:00:00,0001000036,Z100,Z03,ZAR
4500004231,WK,2024-09-15T00:00:00,0001000052,Z100,Z03,ZAR
4500004232,WK,2025-01-05T00:00:00,0001000052,Z100,Z03,ZAR
4500004233,AN,2025-02-16T00:00:00,0001000052,Z100,Z02,ZAR
4500004234,WK,2025-06-22T00:00:00,0001000052,Z100,Z02,ZAR
4500004235,ZDOM,2025-12-15T00:00:00,0001000052,Z100,Z02,ZAR
4500004236,WK,2026-04-21T00:00:00,0001000052,Z100,Z03,ZAR
4500004237,WK,2026-05-18T00:00:00,0001000052,Z100,Z02,ZAR
4500004238,AN,2026-06-30T00:00:00,0001000052,Z100,Z01,ZAR
4500004239,WK,2026-07-14T00:00:00,0001000052,Z100,Z03,ZAR
4500004240,ZDOM,2024-11-24T00:00:00,0001000036,Z100,Z02,ZAR
4500004241,ZDOM,2025-08-17T00:00:00,0001000036,Z100,Z03,ZAR
4500004242,ZDOM,2025-12-30T00:00:00,0001000036,Z100,Z02,ZAR
4500004243,ZDOM,2024-09-23T00:00:00,0001000024,Z100,Z02,ZAR
4500004244,ZDOM,2025-06-06T00:00:00,0001000024,Z100,Z01,ZAR
4500004245,WK,2025-08-15T00:00:00,0001000024,Z100,Z01,ZAR
4500004246,ZDOM,2026-01-24T00:00:00,0001000024,Z100,Z01,ZAR
4500004247,WK,2025-06-23T00:00:00,0001000015,Z100,Z03,ZAR
4500004248,AN,2025-12-27T00:00:00,0001000015,Z100,Z02,ZAR
4500004249,WK,2024-09-04T00:00:00,0001000009,Z100,Z03,ZAR
4500004250,ZDOM,2025-01-10T00:00:00,0001000009,Z100,Z02,ZAR
4500004251,ZDOM,2025-04-30T00:00:00,0001000009,Z100,Z01,ZAR
4500004252,WK,2025-07-10T00:00:00,0001000009,Z100,Z03,ZAR
4500004253,AN,2025-11-02T00:00:00,0001000009,Z100,Z01,ZAR
4500004254,ZDOM,2026-02-03T00:00:00,0001000009,Z100,Z01,ZAR
4500004255,ZDOM,2026-03-21T00:00:00,0001000009,Z100,Z02,ZAR
4500004256,AN,2026-09-07T00:00:00,0001000009,Z100,Z03,ZAR
4500004257,ZDOM,2024-09-18T00:00:00,0001000011,Z100,Z03,ZAR
4500004258,AN,2024-12-03T00:00:00,0001000011,Z100,Z03,ZAR
4500004259,ZDOM,2025-02-07T00:00:00,0001000011,Z100,Z01,ZAR
4500004260,WK,2025-06-10T00:00:00,0001000011,Z100,Z02,ZAR
4500004261,ZDOM,2025-08-02T00:00:00,0001000011,Z100,Z02,ZAR
4500004262,ZDOM,2025-11-02T00:00:00,0001000011,Z100,Z03,ZAR
4500004263,ZDOM,2026-01-25T00:00:00,0001000011,Z100,Z02,ZAR
4500004264,AN,2026-04-05T00:00:00,0001000011,Z100,Z03,ZAR
4500004265,WK,2026-08-18T00:00:00,0001000011,Z100,Z02,ZAR
4500004266,AN,2024-09-19T00:00:00,0001000023,Z100,Z01,ZAR
4500004267,AN,2024-10-08T00:00:00,0001000023,Z100,Z01,ZAR
4500004268,ZDOM,2024-11-17T00:00:00,0001000023,Z100,Z01,ZAR
4500004269,WK,2025-01-08T00:00:00,0001000023,Z100,Z02,ZAR
4500004270,WK,2025-06-01T00:00:00,0001000023,Z100,Z01,ZAR
4500004271,WK,2025-06-28T00:00:00,0001000023,Z100,Z03,ZAR
4500004272,ZDOM,2025-10-07T00:00:00,0001000023,Z100,Z02,ZAR
4500004273,ZDOM,2025-11-23T00:00:00,0001000023,Z100,Z03,ZAR
4500004274,ZDOM,2026-02-20T00:00:00,0001000023,Z100,Z03,ZAR
4500004275,ZDOM,2026-04-02T00:00:00,0001000023,Z100,Z03,ZAR
4500004276,WK,2026-08-04T00:00:00,0001000023,Z100,Z01,ZAR
4500004277,AN,2024-09-24T00:00:00,0001000023,Z100,Z03,ZAR
4500004278,ZDOM,2025-02-19T00:00:00,0001000023,Z100,Z03,ZAR
4500004279,AN,2025-04-08T00:00:00,0001000023,Z100,Z02,ZAR
4500004280,AN,2025-04-26T00:00:00,0001000023,Z100,Z02,ZAR
4500004281,AN,2026-02-08T00:00:00,0001000023,Z100,Z02,ZAR
4500004282,WK,2026-07-02T00:00:00,0001000043,Z100,Z02,ZAR
4500004283,AN,2026-08-17T00:00:00,0001000043,Z100,Z01,ZAR
4500004284,WK,2024-09-14T00:00:00,0001000039,Z100,Z03,ZAR
4500004285,WK,2025-01-25T00:00:00,0001000039,Z100,Z03,ZAR
4500004286,WK,2025-09-24T00:00:00,0001000039,Z100,Z03,ZAR
4500004287,ZDOM,2025-12-25T00:00:00,0001000039,Z100,Z03,ZAR
4500004288,AN,2026-01-07T00:00:00,0001000039,Z100,Z02,ZAR
4500004289,WK,2025-04-30T00:00:00,0001000025,Z100,Z03,ZAR
4500004290,AN,2025-10-04T00:00:00,0001000025,Z100,Z03,ZAR
4500004291,WK,2025-11-16T00:00:00,0001000025,Z100,Z01,ZAR
4500004292,WK,2026-05-06T00:00:00,0001000025,Z100,Z02,ZAR
4500004293,WK,2026-06-02T00:00:00,0001000025,Z100,Z01,ZAR
4500004294,WK,2026-01-10T00:00:00,0001000037,Z100,Z01,ZAR
4500004295,AN,2026-04-18T00:00:00,0001000037,Z100,Z01,ZAR
4500004296,ZDOM,2026-06-07T00:00:00,0001000037,Z100,Z02,ZAR
4500004297,ZDOM,2024-09-24T00:00:00,0001000035,Z100,Z01,ZAR
4500004298,WK,2025-02-14T00:00:00,0001000035,Z100,Z02,ZAR
4500004299,WK,2025-07-06T00:00:00,0001000035,Z100,Z03,ZAR
4500004300,WK,2026-06-04T00:00:00,0001000035,Z100,Z01,ZAR
4500004301,AN,2024-09-04T00:00:00,0001000035,Z100,Z03,ZAR
4500004302,WK,2025-03-19T00:00:00,0001000035,Z100,Z03,ZAR
4500004303,ZDOM,2026-01-28T00:00:00,0001000035,Z100,Z03,ZAR
4500004304,AN,2024-12-08T00:00:00,0001000037,Z100,Z02,ZAR
4500004305,ZDOM,2025-03-15T00:00:00,0001000037,Z100,Z03,ZAR
4500004306,AN,2025-05-03T00:00:00,0001000037,Z100,Z03,ZAR
4500004307,WK,2025-05-27T00:00:00,0001000037,Z100,Z01,ZAR
4500004308,AN,2025-11-05T00:00:00,0001000037,Z100,Z03,ZAR
4500004309,ZDOM,2026-02-16T00:00:00,0001000037,Z100,Z03,ZAR
4500004310,WK,2026-05-29T00:00:00,0001000037,Z100,Z03,ZAR
4500004311,ZDOM,2024-09-05T00:00:00,0001000020,Z100,Z01,ZAR
4500004312,WK,2024-12-26T00:00:00,0001000020,Z100,Z01,ZAR
4500004313,AN,2025-04-05T00:00:00,0001000020,Z100,Z02,ZAR
4500004314,WK,2025-08-02T00:00:00,0001000020,Z100,Z01,ZAR
4500004315,AN,2025-11-13T00:00:00,0001000020,Z100,Z03,ZAR
4500004316,WK,2026-03-09T00:00:00,0001000020,Z100,Z01,ZAR
4500004317,WK,2026-03-16T00:00:00,0001000020,Z100,Z03,ZAR
4500004318,AN,2026-05-01T00:00:00,0001000020,Z100,Z02,ZAR
4500004319,ZDOM,2024-11-29T00:00:00,0001000005,Z100,Z01,ZAR
4500004320,AN,2024-12-25T00:00:00,0001000005,Z100,Z01,ZAR
4500004321,ZDOM,2026-06-24T00:00:00,0001000005,Z100,Z01,ZAR
4500004322,WK,2024-09-14T00:00:00,0001000005,Z100,Z02,ZAR
4500004323,WK,2025-06-22T00:00:00,0001000005,Z100,Z01,ZAR
4500004324,ZDOM,2025-08-03T00:00:00,0001000005,Z100,Z01,ZAR
4500004325,ZDOM,2026-03-22T00:00:00,0001000005,Z100,Z03,ZAR
4500004326,WK,2026-08-22T00:00:00,0001000005,Z100,Z02,ZAR
4500004327,WK,2024-09-08T00:00:00,0001000003,Z100,Z01,ZAR
4500004328,WK,2024-11-10T00:00:00,0001000003,Z100,Z03,ZAR
4500004329,AN,2026-04-14T00:00:00,0001000003,Z100,Z03,ZAR
4500004330,AN,2026-09-03T00:00:00,0001000003,Z100,Z02,ZAR
4500004331,AN,2024-12-23T00:00:00,0001000001,Z100,Z03,ZAR
4500004332,WK,2025-01-24T00:00:00,0001000001,Z100,Z03,ZAR
4500004333,WK,2025-02-07T00:00:00,0001000001,Z100,Z01,ZAR
4500004334,AN,2025-11-23T00:00:00,0001000001,Z100,Z03,ZAR
4500004335,ZDOM,2026-04-07T00:00:00,0001000001,Z100,Z03,ZAR
4500004336,ZDOM,2026-08-07T00:00:00,0001000001,Z100,Z01,ZAR
4500004337,AN,2024-09-29T00:00:00,0001000035,Z100,Z01,ZAR
4500004338,AN,2024-10-21T00:00:00,0001000035,Z100,Z02,ZAR
4500004339,WK,2024-12-30T00:00:00,0001000035,Z100,Z02,ZAR
4500004340,WK,2025-08-08T00:00:00,0001000035,Z100,Z02,ZAR
4500004341,WK,2025-12-20T00:00:00,0001000035,Z100,Z02,ZAR
4500004342,WK,2026-01-24T00:00:00,0001000035,Z100,Z01,ZAR
4500004343,AN,2026-05-15T00:00:00,0001000035,Z100,Z01,ZAR
4500004344,AN,2024-09-21T00:00:00,0001000035,Z100,Z02,ZAR
4500004345,WK,2024-10-30T00:00:00,0001000035,Z100,Z03,ZAR
4500004346,ZDOM,2025-06-08T00:00:00,0001000035,Z100,Z03,ZAR
4500004347,AN,2025-10-31T00:00:00,0001000035,Z100,Z02,ZAR
4500004348,ZDOM,2026-04-22T00:00:00,0001000035,Z100,Z02,ZAR
4500004349,WK,2024-10-24T00:00:00,0001000042,Z100,Z03,ZAR
4500004350,AN,2025-04-05T00:00:00,0001000042,Z100,Z03,ZAR
4500004351,ZDOM,2025-05-20T00:00:00,0001000042,Z100,Z02,ZAR
4500004352,AN,2025-06-20T00:00:00,0001000042,Z100,Z03,ZAR
4500004353,ZDOM,2026-02-06T00:00:00,0001000042,Z100,Z03,ZAR
4500004354,WK,2026-07-22T00:00:00,0001000042,Z100,Z03,ZAR
4500004355,ZDOM,2025-01-08T00:00:00,0001000019,Z100,Z02,ZAR
4500004356,AN,2025-06-20T00:00:00,0001000019,Z100,Z03,ZAR
4500004357,AN,2025-07-25T00:00:00,0001000019,Z100,Z01,ZAR
4500004358,AN,2026-02-24T00:00:00,0001000019,Z100,Z02,ZAR
4500004359,WK,2026-07-27T00:00:00,0001000019,Z100,Z03,ZAR
4500004360,AN,2024-09-23T00:00:00,0001000022,Z100,Z02,ZAR
4500004361,WK,2025-05-05T00:00:00,0001000022,Z100,Z03,ZAR
4500004362,AN,2026-01-08T00:00:00,0001000022,Z100,Z02,ZAR
4500004363,AN,2026-02-01T00:00:00,0001000022,Z100,Z01,ZAR
4500004364,AN,2026-08-07T00:00:00,0001000022,Z100,Z02,ZAR
4500004365,AN,2024-11-04T00:00:00,0001000035,Z100,Z03,ZAR
4500004366,WK,2025-01-01T00:00:00,0001000035,Z100,Z03,ZAR
4500004367,WK,2025-06-07T00:00:00,0001000035,Z100,Z03,ZAR
4500004368,AN,2025-08-30T00:00:00,0001000035,Z100,Z01,ZAR
4500004369,ZDOM,2026-01-21T00:00:00,0001000035,Z100,Z02,ZAR
4500004370,AN,2026-05-31T00:00:00,0001000035,Z100,Z03,ZAR
4500004371,AN,2026-06-27T00:00:00,0001000035,Z100,Z01,ZAR
4500004372,ZDOM,2024-11-01T00:00:00,0001000031,Z100,Z01,ZAR
4500004373,AN,2025-01-13T00:00:00,0001000031,Z100,Z03,ZAR
4500004374,AN,2025-06-07T00:00:00,0001000031,Z100,Z01,ZAR
4500004375,AN,2025-09-06T00:00:00,0001000031,Z100,Z02,ZAR
4500004376,ZDOM,2025-11-24T00:00:00,0001000031,Z100,Z02,ZAR
4500004377,WK,2026-02-04T00:00:00,0001000031,Z100,Z01,ZAR
4500004378,AN,2026-03-28T00:00:00,0001000031,Z100,Z02,ZAR
4500004379,AN,2026-06-30T00:00:00,0001000031,Z100,Z03,ZAR
4500004380,WK,2024-12-18T00:00:00,0001000015,Z100,Z03,ZAR
4500004381,AN,2026-03-01T00:00:00,0001000015,Z100,Z01,ZAR
4500004382,WK,2025-08-02T00:00:00,0001000015,Z100,Z02,ZAR
4500004383,ZDOM,2026-04-30T00:00:00,0001000015,Z100,Z03,ZAR
4500004384,AN,2024-09-18T00:00:00,0001000003,Z100,Z03,ZAR
4500004385,AN,2024-11-12T00:00:00,0001000003,Z100,Z02,ZAR
4500004386,ZDOM,2024-12-05T00:00:00,0001000003,Z100,Z03,ZAR
4500004387,WK,2025-05-06T00:00:00,0001000003,Z100,Z03,ZAR
4500004388,ZDOM,2025-08-10T00:00:00,0001000003,Z100,Z03,ZAR
4500004389,WK,2025-12-10T00:00:00,0001000003,Z100,Z01,ZAR
4500004390,ZDOM,2026-01-19T00:00:00,0001000003,Z100,Z03,ZAR
4500004391,WK,2026-05-24T00:00:00,0001000003,Z100,Z01,ZAR
4500004392,WK,2026-08-10T00:00:00,0001000003,Z100,Z01,ZAR
4500004393,WK,2024-09-23T00:00:00,0001000052,Z100,Z03,ZAR
4500004394,WK,2025-02-07T00:00:00,0001000052,Z100,Z03,ZAR
4500004395,AN,2025-07-13T00:00:00,0001000052,Z100,Z02,ZAR
4500004396,AN,2025-09-17T00:00:00,0001000052,Z100,Z01,ZAR
4500004397,WK,2026-02-15T00:00:00,0001000052,Z100,Z03,ZAR
4500004398,ZDOM,2024-10-05T00:00:00,0001000005,Z100,Z01,ZAR
4500004399,ZDOM,2025-04-11T00:00:00,0001000005,Z100,Z01,ZAR
4500004400,ZDOM,2025-04-29T00:00:00,0001000005,Z100,Z02,ZAR
4500004401,ZDOM,2025-10-27T00:00:00,0001000005,Z100,Z02,ZAR
4500004402,WK,2026-03-30T00:00:00,0001000005,Z100,Z03,ZAR
4500004403,WK,2026-09-07T00:00:00,0001000005,Z100,Z01,ZAR
4500004404,WK,2024-09-18T00:00:00,0001000006,Z100,Z01,ZAR
4500004405,AN,2025-02-16T00:00:00,0001000006,Z100,Z03,ZAR
4500004406,AN,2025-03-24T00:00:00,0001000006,Z100,Z02,ZAR
4500004407,WK,2025-10-21T00:00:00,0001000006,Z100,Z02,ZAR
4500004408,AN,2026-01-31T00:00:00,0001000006,Z100,Z01,ZAR
4500004409,AN,2026-02-13T00:00:00,0001000006,Z100,Z01,ZAR
4500004410,ZDOM,2026-05-15T00:00:00,0001000006,Z100,Z03,ZAR
4500004411,AN,2026-08-07T00:00:00,0001000006,Z100,Z02,ZAR
4500004412,AN,2026-08-13T00:00:00,0001000006,Z100,Z02,ZAR
4500004413,AN,2024-10-28T00:00:00,0001000006,Z100,Z01,ZAR
4500004414,ZDOM,2024-12-06T00:00:00,0001000006,Z100,Z03,ZAR
4500004415,WK,2024-12-11T00:00:00,0001000006,Z100,Z03,ZAR
4500004416,AN,2025-03-09T00:00:00,0001000006,Z100,Z03,ZAR
4500004417,ZDOM,2026-07-07T00:00:00,0001000006,Z100,Z03,ZAR
4500004418,ZDOM,2026-09-07T00:00:00,0001000006,Z100,Z01,ZAR
4500004419,AN,2024-12-01T00:00:00,0001000042,Z100,Z01,ZAR
4500004420,AN,2025-08-15T00:00:00,0001000042,Z100,Z03,ZAR
4500004421,AN,2026-02-25T00:00:00,0001000042,Z100,Z02,ZAR
4500004422,WK,2024-11-16T00:00:00,0001000047,Z100,Z02,ZAR
4500004423,AN,2024-12-11T00:00:00,0001000047,Z100,Z03,ZAR
4500004424,AN,2025-04-30T00:00:00,0001000047,Z100,Z03,ZAR
4500004425,WK,2025-08-24T00:00:00,0001000047,Z100,Z02,ZAR
4500004426,WK,2025-12-31T00:00:00,0001000047,Z100,Z03,ZAR
4500004427,AN,2026-05-25T00:00:00,0001000047,Z100,Z02,ZAR
4500004428,WK,2024-10-27T00:00:00,0001000047,Z100,Z03,ZAR
4500004429,WK,2025-04-05T00:00:00,0001000047,Z100,Z01,ZAR
4500004430,AN,2025-09-22T00:00:00,0001000047,Z100,Z01,ZAR
4500004431,AN,2026-04-17T00:00:00,0001000047,Z100,Z03,ZAR
4500004432,ZDOM,2026-07-09T00:00:00,0001000047,Z100,Z02,ZAR
4500004433,ZDOM,2026-08-31T00:00:00,0001000047,Z100,Z02,ZAR
4500004434,ZDOM,2024-09-19T00:00:00,0001000026,Z100,Z03,ZAR
4500004435,AN,2025-01-03T00:00:00,0001000026,Z100,Z03,ZAR
4500004436,WK,2025-03-06T00:00:00,0001000026,Z100,Z03,ZAR
4500004437,ZDOM,2025-06-27T00:00:00,0001000026,Z100,Z02,ZAR
4500004438,AN,2025-10-24T00:00:00,0001000026,Z100,Z03,ZAR
4500004439,AN,2025-12-21T00:00:00,0001000026,Z100,Z02,ZAR
4500004440,ZDOM,2026-07-07T00:00:00,0001000026,Z100,Z02,ZAR
4500004441,WK,2026-09-07T00:00:00,0001000026,Z100,Z02,ZAR
4500004442,WK,2024-10-25T00:00:00,0001000050,Z100,Z01,ZAR
4500004443,WK,2024-11-30T00:00:00,0001000050,Z100,Z03,ZAR
4500004444,WK,2025-08-27T00:00:00,0001000050,Z100,Z01,ZAR
4500004445,AN,2026-06-01T00:00:00,0001000050,Z100,Z03,ZAR
4500004446,WK,2026-06-20T00:00:00,0001000050,Z100,Z01,ZAR
4500004447,AN,2024-10-04T00:00:00,0001000007,Z100,Z01,ZAR
4500004448,ZDOM,2025-04-01T00:00:00,0001000007,Z100,Z02,ZAR
4500004449,AN,2025-04-10T00:00:00,0001000007,Z100,Z03,ZAR
4500004450,WK,2025-12-07T00:00:00,0001000007,Z100,Z03,ZAR
4500004451,AN,2024-09-08T00:00:00,0001000007,Z100,Z01,ZAR
4500004452,AN,2025-04-01T00:00:00,0001000007,Z100,Z03,ZAR
4500004453,WK,2025-07-18T00:00:00,0001000007,Z100,Z01,ZAR
4500004454,AN,2025-08-13T00:00:00,0001000007,Z100,Z03,ZAR
4500004455,WK,2026-03-20T00:00:00,0001000007,Z100,Z03,ZAR
4500004456,ZDOM,2026-08-26T00:00:00,0001000007,Z100,Z01,ZAR
4500004457,ZDOM,2024-09-18T00:00:00,0001000044,Z100,Z03,ZAR
4500004458,ZDOM,2025-05-08T00:00:00,0001000044,Z100,Z02,ZAR
4500004459,AN,2025-10-24T00:00:00,0001000044,Z100,Z01,ZAR
4500004460,AN,2026-06-03T00:00:00,0001000044,Z100,Z02,ZAR
4500004461,WK,2024-09-17T00:00:00,0001000044,Z100,Z03,ZAR
4500004462,ZDOM,2024-11-17T00:00:00,0001000044,Z100,Z01,ZAR
4500004463,WK,2025-10-09T00:00:00,0001000044,Z100,Z01,ZAR
4500004464,ZDOM,2025-12-20T00:00:00,0001000044,Z100,Z01,ZAR
4500004465,AN,2026-06-04T00:00:00,0001000044,Z100,Z01,ZAR
4500004466,ZDOM,2024-10-30T00:00:00,0001000016,Z100,Z03,ZAR
4500004467,ZDOM,2025-05-05T00:00:00,0001000016,Z100,Z03,ZAR
4500004468,ZDOM,2025-09-06T00:00:00,0001000016,Z100,Z03,ZAR
4500004469,ZDOM,2026-02-28T00:00:00,0001000016,Z100,Z01,ZAR
4500004470,WK,2024-09-20T00:00:00,0001000019,Z100,Z02,ZAR
4500004471,WK,2025-02-12T00:00:00,0001000019,Z100,Z03,ZAR
4500004472,AN,2026-03-24T00:00:00,0001000019,Z100,Z03,ZAR
4500004473,ZDOM,2026-04-30T00:00:00,0001000019,Z100,Z03,ZAR
4500004474,AN,2026-08-10T00:00:00,0001000019,Z100,Z02,ZAR
4500004475,WK,2024-09-17T00:00:00,0001000019,Z100,Z01,ZAR
4500004476,AN,2024-10-09T00:00:00,0001000019,Z100,Z02,ZAR
4500004477,WK,2025-05-13T00:00:00,0001000019,Z100,Z01,ZAR
4500004478,AN,2025-07-30T00:00:00,0001000019,Z100,Z01,ZAR
4500004479,WK,2026-03-10T00:00:00,0001000019,Z100,Z02,ZAR
4500004480,ZDOM,2026-08-20T00:00:00,0001000019,Z100,Z03,ZAR
4500004481,ZDOM,2025-03-08T00:00:00,0001000058,Z100,Z01,ZAR
4500004482,WK,2025-04-24T00:00:00,0001000058,Z100,Z03,ZAR
4500004483,ZDOM,2025-08-05T00:00:00,0001000058,Z100,Z02,ZAR
4500004484,ZDOM,2025-08-06T00:00:00,0001000058,Z100,Z02,ZAR
4500004485,ZDOM,2025-09-08T00:00:00,0001000058,Z100,Z01,ZAR
4500004486,WK,2025-10-24T00:00:00,0001000058,Z100,Z03,ZAR
4500004487,AN,2025-12-11T00:00:00,0001000058,Z100,Z01,ZAR
4500004488,WK,2026-08-24T00:00:00,0001000058,Z100,Z02,ZAR
4500004489,ZDOM,2024-09-14T00:00:00,0001000002,Z100,Z03,ZAR
4500004490,WK,2024-10-28T00:00:00,0001000002,Z100,Z03,ZAR
4500004491,WK,2025-06-15T00:00:00,0001000002,Z100,Z02,ZAR
4500004492,ZDOM,2025-11-26T00:00:00,0001000002,Z100,Z01,ZAR
4500004493,WK,2026-04-21T00:00:00,0001000002,Z100,Z03,ZAR
4500004494,ZDOM,2024-11-11T00:00:00,0001000006,Z100,Z03,ZAR
4500004495,WK,2025-10-31T00:00:00,0001000006,Z100,Z02,ZAR
4500004496,WK,2026-09-01T00:00:00,0001000006,Z100,Z02,ZAR
4500004497,ZDOM,2024-10-01T00:00:00,0001000041,Z100,Z01,ZAR
4500004498,ZDOM,2024-10-09T00:00:00,0001000041,Z100,Z02,ZAR
4500004499,AN,2024-12-06T00:00:00,0001000041,Z100,Z02,ZAR
4500004500,WK,2025-07-01T00:00:00,0001000041,Z100,Z02,ZAR
4500004501,WK,2025-08-17T00:00:00,0001000041,Z100,Z02,ZAR
4500004502,WK,2026-01-26T00:00:00,0001000041,Z100,Z01,ZAR
4500004503,AN,2026-06-24T00:00:00,0001000041,Z100,Z03,ZAR
4500004504,AN,2026-07-27T00:00:00,0001000041,Z100,Z03,ZAR
4500004505,ZDOM,2026-08-20T00:00:00,0001000041,Z100,Z02,ZAR
4500004506,AN,2024-09-27T00:00:00,0001000031,Z100,Z02,ZAR
4500004507,WK,2025-01-22T00:00:00,0001000031,Z100,Z03,ZAR
4500004508,AN,2025-02-25T00:00:00,0001000031,Z100,Z02,ZAR
4500004509,WK,2025-06-29T00:00:00,0001000031,Z100,Z03,ZAR
4500004510,ZDOM,2025-10-07T00:00:00,0001000031,Z100,Z02,ZAR
4500004511,WK,2026-03-10T00:00:00,0001000031,Z100,Z01,ZAR
4500004512,WK,2026-07-07T00:00:00,0001000031,Z100,Z01,ZAR
4500004513,ZDOM,2024-09-20T00:00:00,0001000031,Z100,Z01,ZAR
4500004514,AN,2025-04-09T00:00:00,0001000031,Z100,Z03,ZAR
4500004515,WK,2025-11-27T00:00:00,0001000031,Z100,Z01,ZAR
4500004516,WK,2026-06-25T00:00:00,0001000031,Z100,Z01,ZAR
4500004517,AN,2024-09-22T00:00:00,0001000025,Z100,Z02,ZAR
4500004518,AN,2025-01-17T00:00:00,0001000025,Z100,Z02,ZAR
4500004519,WK,2025-06-06T00:00:00,0001000025,Z100,Z03,ZAR
4500004520,AN,2025-09-18T00:00:00,0001000025,Z100,Z03,ZAR
4500004521,AN,2025-12-16T00:00:00,0001000025,Z100,Z01,ZAR
4500004522,AN,2026-07-18T00:00:00,0001000025,Z100,Z02,ZAR
4500004523,AN,2025-01-15T00:00:00,0001000028,Z100,Z03,ZAR
4500004524,WK,2025-07-13T00:00:00,0001000028,Z100,Z02,ZAR
4500004525,AN,2025-08-17T00:00:00,0001000028,Z100,Z02,ZAR
4500004526,AN,2025-12-24T00:00:00,0001000028,Z100,Z01,ZAR
4500004527,WK,2026-06-02T00:00:00,0001000028,Z100,Z01,ZAR
4500004528,WK,2024-11-07T00:00:00,0001000028,Z100,Z01,ZAR
4500004529,WK,2025-03-04T00:00:00,0001000028,Z100,Z03,ZAR
4500004530,ZDOM,2025-10-22T00:00:00,0001000028,Z100,Z02,ZAR
4500004531,ZDOM,2024-11-06T00:00:00,0001000000,Z100,Z03,ZAR
4500004532,WK,2025-03-10T00:00:00,0001000000,Z100,Z01,ZAR
4500004533,AN,2026-03-16T00:00:00,0001000000,Z100,Z01,ZAR
4500004534,AN,2026-05-16T00:00:00,0001000000,Z100,Z03,ZAR
4500004535,ZDOM,2024-11-10T00:00:00,0001000039,Z100,Z01,ZAR
4500004536,ZDOM,2025-04-29T00:00:00,0001000039,Z100,Z02,ZAR
4500004537,WK,2025-12-05T00:00:00,0001000039,Z100,Z03,ZAR
4500004538,AN,2026-01-21T00:00:00,0001000039,Z100,Z01,ZAR
4500004539,WK,2026-07-28T00:00:00,0001000039,Z100,Z03,ZAR
4500004540,WK,2026-09-07T00:00:00,0001000039,Z100,Z02,ZAR
4500004541,AN,2024-10-11T00:00:00,0001000039,Z100,Z03,ZAR
4500004542,ZDOM,2024-12-06T00:00:00,0001000039,Z100,Z02,ZAR
4500004543,AN,2025-12-26T00:00:00,0001000039,Z100,Z02,ZAR
4500004544,ZDOM,2026-06-09T00:00:00,0001000039,Z100,Z01,ZAR
4500004545,WK,2024-09-10T00:00:00,0001000039,Z100,Z02,ZAR
4500004546,AN,2025-08-25T00:00:00,0001000039,Z100,Z01,ZAR
4500004547,AN,2024-10-28T00:00:00,0001000030,Z100,Z03,ZAR
4500004548,AN,2025-02-12T00:00:00,0001000030,Z100,Z03,ZAR
4500004549,WK,2025-06-07T00:00:00,0001000030,Z100,Z01,ZAR
4500004550,ZDOM,2025-09-29T00:00:00,0001000030,Z100,Z01,ZAR
4500004551,WK,2025-11-01T00:00:00,0001000030,Z100,Z01,ZAR
4500004552,ZDOM,2026-02-06T00:00:00,0001000030,Z100,Z03,ZAR
4500004553,AN,2026-03-08T00:00:00,0001000030,Z100,Z01,ZAR
4500004554,WK,2026-08-11T00:00:00,0001000030,Z100,Z02,ZAR
4500004555,AN,2026-08-27T00:00:00,0001000030,Z100,Z01,ZAR
4500004556,ZDOM,2024-10-28T00:00:00,0001000030,Z100,Z02,ZAR
4500004557,WK,2024-11-03T00:00:00,0001000030,Z100,Z01,ZAR
4500004558,ZDOM,2025-05-01T00:00:00,0001000030,Z100,Z01,ZAR
4500004559,WK,2025-10-09T00:00:00,0001000030,Z100,Z01,ZAR
4500004560,WK,2026-03-15T00:00:00,0001000030,Z100,Z03,ZAR
4500004561,ZDOM,2026-08-20T00:00:00,0001000030,Z100,Z03,ZAR
4500004562,AN,2024-09-05T00:00:00,0001000012,Z100,Z03,ZAR
4500004563,ZDOM,2025-05-23T00:00:00,0001000012,Z100,Z03,ZAR
4500004564,AN,2025-12-21T00:00:00,0001000012,Z100,Z03,ZAR
4500004565,WK,2026-06-27T00:00:00,0001000012,Z100,Z02,ZAR
4500004566,AN,2024-12-29T00:00:00,0001000012,Z100,Z03,ZAR
4500004567,WK,2025-05-13T00:00:00,0001000012,Z100,Z02,ZAR
4500004568,AN,2025-07-28T00:00:00,0001000012,Z100,Z03,ZAR
4500004569,WK,2025-12-04T00:00:00,0001000012,Z100,Z02,ZAR
4500004570,AN,2026-07-18T00:00:00,0001000012,Z100,Z03,ZAR
4500004571,ZDOM,2026-08-25T00:00:00,0001000012,Z100,Z01,ZAR
4500004572,ZDOM,2024-09-23T00:00:00,0001000005,Z100,Z03,ZAR
4500004573,WK,2024-11-01T00:00:00,0001000005,Z100,Z01,ZAR
4500004574,AN,2025-05-21T00:00:00,0001000005,Z100,Z03,ZAR
4500004575,AN,2025-06-06T00:00:00,0001000005,Z100,Z03,ZAR
4500004576,AN,2024-09-21T00:00:00,0001000010,Z100,Z01,ZAR
4500004577,AN,2024-10-15T00:00:00,0001000010,Z100,Z01,ZAR
4500004578,AN,2025-03-17T00:00:00,0001000010,Z100,Z03,ZAR
4500004579,ZDOM,2025-09-08T00:00:00,0001000010,Z100,Z02,ZAR
4500004580,AN,2025-03-31T00:00:00,0001000018,Z100,Z02,ZAR
4500004581,ZDOM,2025-08-16T00:00:00,0001000018,Z100,Z01,ZAR
4500004582,WK,2025-09-27T00:00:00,0001000018,Z100,Z03,ZAR
4500004583,WK,2024-09-14T00:00:00,0001000047,Z100,Z01,ZAR
4500004584,ZDOM,2025-06-02T00:00:00,0001000047,Z100,Z02,ZAR
4500004585,WK,2026-01-16T00:00:00,0001000047,Z100,Z02,ZAR
4500004586,WK,2026-02-12T00:00:00,0001000047,Z100,Z01,ZAR
4500004587,AN,2024-09-24T00:00:00,0001000013,Z100,Z01,ZAR
4500004588,WK,2024-12-05T00:00:00,0001000013,Z100,Z02,ZAR
4500004589,WK,2025-08-04T00:00:00,0001000013,Z100,Z01,ZAR
4500004590,ZDOM,2025-11-13T00:00:00,0001000013,Z100,Z01,ZAR
4500004591,WK,2026-01-05T00:00:00,0001000013,Z100,Z01,ZAR
4500004592,ZDOM,2024-09-14T00:00:00,0001000013,Z100,Z02,ZAR
4500004593,AN,2025-02-26T00:00:00,0001000013,Z100,Z01,ZAR
4500004594,ZDOM,2025-07-21T00:00:00,0001000013,Z100,Z02,ZAR
4500004595,ZDOM,2025-09-27T00:00:00,0001000013,Z100,Z01,ZAR
4500004596,AN,2026-01-12T00:00:00,0001000013,Z100,Z01,ZAR
4500004597,AN,2026-02-21T00:00:00,0001000013,Z100,Z01,ZAR
4500004598,WK,2024-09-24T00:00:00,0001000050,Z100,Z03,ZAR
4500004599,WK,2024-10-14T00:00:00,0001000050,Z100,Z03,ZAR
4500004600,WK,2025-02-13T00:00:00,0001000050,Z100,Z01,ZAR
4500004601,WK,2025-07-19T00:00:00,0001000050,Z100,Z03,ZAR
4500004602,AN,2026-01-24T00:00:00,0001000050,Z100,Z03,ZAR
4500004603,ZDOM,2026-08-05T00:00:00,0001000050,Z100,Z01,ZAR
4500004604,ZDOM,2024-11-03T00:00:00,0001000052,Z100,Z01,ZAR
4500004605,ZDOM,2025-07-24T00:00:00,0001000052,Z100,Z03,ZAR
4500004606,ZDOM,2026-03-14T00:00:00,0001000052,Z100,Z02,ZAR
4500004607,WK,2024-09-19T00:00:00,0001000051,Z100,Z03,ZAR
4500004608,WK,2025-07-06T00:00:00,0001000051,Z100,Z02,ZAR
4500004609,AN,2025-09-19T00:00:00,0001000051,Z100,Z02,ZAR
4500004610,AN,2026-08-05T00:00:00,0001000051,Z100,Z02,ZAR
4500004611,WK,2024-09-21T00:00:00,0001000052,Z100,Z01,ZAR
4500004612,ZDOM,2025-07-11T00:00:00,0001000052,Z100,Z03,ZAR
4500004613,AN,2024-10-08T00:00:00,0001000052,Z100,Z02,ZAR
4500004614,WK,2024-10-06T00:00:00,0001000052,Z100,Z01,ZAR
4500004615,AN,2025-03-17T00:00:00,0001000052,Z100,Z02,ZAR
4500004616,AN,2025-07-11T00:00:00,0001000052,Z100,Z02,ZAR
4500004617,AN,2026-02-08T00:00:00,0001000052,Z100,Z01,ZAR
4500004618,ZDOM,2026-03-20T00:00:00,0001000052,Z100,Z03,ZAR
4500004619,ZDOM,2024-11-11T00:00:00,0001000027,Z100,Z01,ZAR
4500004620,ZDOM,2025-04-05T00:00:00,0001000027,Z100,Z01,ZAR
4500004621,AN,2025-05-13T00:00:00,0001000027,Z100,Z03,ZAR
4500004622,ZDOM,2025-11-27T00:00:00,0001000027,Z100,Z02,ZAR
4500004623,WK,2026-04-21T00:00:00,0001000027,Z100,Z01,ZAR
4500004624,AN,2024-09-14T00:00:00,0001000027,Z100,Z02,ZAR
4500004625,AN,2025-01-22T00:00:00,0001000027,Z100,Z01,ZAR
4500004626,WK,2025-03-09T00:00:00,0001000027,Z100,Z01,ZAR
4500004627,WK,2025-08-28T00:00:00,0001000027,Z100,Z03,ZAR
4500004628,AN,2025-12-15T00:00:00,0001000027,Z100,Z02,ZAR
4500004629,WK,2026-05-25T00:00:00,0001000027,Z100,Z01,ZAR
4500004630,AN,2024-09-19T00:00:00,0001000019,Z100,Z02,ZAR
4500004631,WK,2025-05-08T00:00:00,0001000019,Z100,Z02,ZAR
4500004632,AN,2025-07-07T00:00:00,0001000019,Z100,Z03,ZAR
4500004633,WK,2025-07-18T00:00:00,0001000019,Z100,Z02,ZAR
4500004634,ZDOM,2026-03-21T00:00:00,0001000019,Z100,Z03,ZAR
4500004635,WK,2026-05-08T00:00:00,0001000019,Z100,Z01,ZAR
4500004636,WK,2024-10-09T00:00:00,0001000012,Z100,Z03,ZAR
4500004637,WK,2025-05-30T00:00:00,0001000012,Z100,Z01,ZAR
4500004638,WK,2026-03-24T00:00:00,0001000012,Z100,Z03,ZAR
4500004639,AN,2026-08-14T00:00:00,0001000012,Z100,Z03,ZAR
4500004640,ZDOM,2024-11-30T00:00:00,0001000012,Z100,Z03,ZAR
4500004641,WK,2025-06-15T00:00:00,0001000012,Z100,Z03,ZAR
4500004642,ZDOM,2026-01-16T00:00:00,0001000012,Z100,Z01,ZAR
4500004643,WK,2024-09-16T00:00:00,0001000044,Z100,Z02,ZAR
4500004644,AN,2025-01-23T00:00:00,0001000044,Z100,Z02,ZAR
4500004645,AN,2025-03-09T00:00:00,0001000044,Z100,Z03,ZAR
4500004646,AN,2025-05-03T00:00:00,0001000044,Z100,Z03,ZAR
4500004647,WK,2025-06-17T00:00:00,0001000044,Z100,Z02,ZAR
4500004648,WK,2026-01-18T00:00:00,0001000044,Z100,Z01,ZAR
4500004649,WK,2026-06-19T00:00:00,0001000044,Z100,Z01,ZAR
4500004650,WK,2024-09-12T00:00:00,0001000013,Z100,Z03,ZAR
4500004651,WK,2024-10-21T00:00:00,0001000013,Z100,Z02,ZAR
4500004652,WK,2025-06-02T00:00:00,0001000013,Z100,Z03,ZAR
4500004653,ZDOM,2026-01-23T00:00:00,0001000013,Z100,Z02,ZAR
4500004654,AN,2024-09-17T00:00:00,0001000037,Z100,Z01,ZAR
4500004655,WK,2025-08-10T00:00:00,0001000037,Z100,Z02,ZAR
4500004656,WK,2025-09-12T00:00:00,0001000037,Z100,Z02,ZAR
4500004657,ZDOM,2024-11-03T00:00:00,0001000043,Z100,Z03,ZAR
4500004658,AN,2024-11-16T00:00:00,0001000043,Z100,Z03,ZAR
4500004659,WK,2025-07-07T00:00:00,0001000043,Z100,Z03,ZAR
4500004660,WK,2026-02-23T00:00:00,0001000043,Z100,Z02,ZAR
4500004661,ZDOM,2024-09-26T00:00:00,0001000028,Z100,Z01,ZAR
4500004662,ZDOM,2025-01-06T00:00:00,0001000028,Z100,Z03,ZAR
4500004663,WK,2025-02-07T00:00:00,0001000028,Z100,Z03,ZAR
4500004664,ZDOM,2025-04-04T00:00:00,0001000028,Z100,Z02,ZAR
4500004665,WK,2025-10-26T00:00:00,0001000028,Z100,Z01,ZAR
4500004666,ZDOM,2025-12-02T00:00:00,0001000028,Z100,Z01,ZAR
4500004667,ZDOM,2026-02-13T00:00:00,0001000028,Z100,Z02,ZAR
4500004668,WK,2026-03-16T00:00:00,0001000028,Z100,Z01,ZAR
4500004669,WK,2026-04-09T00:00:00,0001000028,Z100,Z03,ZAR
4500004670,AN,2026-06-28T00:00:00,0001000028,Z100,Z01,ZAR
4500004671,WK,2026-07-27T00:00:00,0001000028,Z100,Z02,ZAR
4500004672,ZDOM,2026-09-07T00:00:00,0001000028,Z100,Z02,ZAR
4500004673,ZDOM,2024-10-11T00:00:00,0001000028,Z100,Z02,ZAR
4500004674,WK,2025-08-30T00:00:00,0001000028,Z100,Z01,ZAR
4500004675,ZDOM,2026-03-11T00:00:00,0001000028,Z100,Z01,ZAR
4500004676,AN,2024-11-10T00:00:00,0001000025,Z100,Z02,ZAR
4500004677,ZDOM,2025-08-19T00:00:00,0001000025,Z100,Z02,ZAR
4500004678,ZDOM,2026-02-06T00:00:00,0001000025,Z100,Z01,ZAR
4500004679,WK,2024-09-13T00:00:00,0001000044,Z100,Z01,ZAR
4500004680,AN,2025-09-01T00:00:00,0001000044,Z100,Z02,ZAR
4500004681,AN,2026-03-07T00:00:00,0001000044,Z100,Z03,ZAR
4500004682,WK,2026-03-10T00:00:00,0001000044,Z100,Z02,ZAR
4500004683,WK,2024-09-26T00:00:00,0001000014,Z100,Z02,ZAR
4500004684,AN,2025-10-12T00:00:00,0001000014,Z100,Z01,ZAR
4500004685,AN,2024-10-08T00:00:00,0001000014,Z100,Z01,ZAR
4500004686,ZDOM,2026-02-17T00:00:00,0001000014,Z100,Z03,ZAR
4500004687,AN,2026-03-13T00:00:00,0001000014,Z100,Z01,ZAR
4500004688,WK,2026-04-21T00:00:00,0001000014,Z100,Z02,ZAR
4500004689,ZDOM,2026-09-06T00:00:00,0001000014,Z100,Z02,ZAR
4500004690,WK,2024-09-20T00:00:00,0001000056,Z100,Z03,ZAR
4500004691,AN,2024-12-27T00:00:00,0001000056,Z100,Z02,ZAR
4500004692,AN,2025-01-22T00:00:00,0001000056,Z100,Z01,ZAR
4500004693,WK,2025-02-15T00:00:00,0001000056,Z100,Z02,ZAR
4500004694,AN,2025-10-29T00:00:00,0001000056,Z100,Z03,ZAR
4500004695,AN,2026-03-15T00:00:00,0001000056,Z100,Z02,ZAR
4500004696,AN,2026-06-29T00:00:00,0001000056,Z100,Z01,ZAR
4500004697,AN,2026-07-27T00:00:00,0001000056,Z100,Z01,ZAR
4500004698,AN,2024-09-16T00:00:00,0001000027,Z100,Z02,ZAR
4500004699,AN,2024-11-30T00:00:00,0001000027,Z100,Z01,ZAR
4500004700,ZDOM,2025-04-04T00:00:00,0001000027,Z100,Z02,ZAR
4500004701,ZDOM,2026-01-15T00:00:00,0001000027,Z100,Z02,ZAR
4500004702,AN,2026-04-03T00:00:00,0001000027,Z100,Z02,ZAR
4500004703,ZDOM,2026-07-04T00:00:00,0001000027,Z100,Z03,ZAR
4500004704,WK,2026-09-01T00:00:00,0001000027,Z100,Z02,ZAR
4500004705,WK,2024-10-01T00:00:00,0001000027,Z100,Z03,ZAR
4500004706,ZDOM,2024-10-22T00:00:00,0001000027,Z100,Z01,ZAR
4500004707,ZDOM,2024-11-13T00:00:00,0001000027,Z100,Z01,ZAR
4500004708,WK,2025-02-21T00:00:00,0001000027,Z100,Z02,ZAR
4500004709,WK,2025-08-16T00:00:00,0001000027,Z100,Z02,ZAR
4500004710,WK,2026-02-09T00:00:00,0001000027,Z100,Z02,ZAR
4500004711,WK,2026-06-30T00:00:00,0001000027,Z100,Z02,ZAR
4500004712,WK,2024-09-06T00:00:00,0001000041,Z100,Z02,ZAR
4500004713,WK,2024-10-13T00:00:00,0001000041,Z100,Z03,ZAR
4500004714,AN,2024-12-02T00:00:00,0001000041,Z100,Z01,ZAR
4500004715,WK,2025-01-02T00:00:00,0001000041,Z100,Z02,ZAR
4500004716,ZDOM,2025-09-13T00:00:00,0001000041,Z100,Z03,ZAR
4500004717,WK,2026-03-21T00:00:00,0001000041,Z100,Z01,ZAR
4500004718,AN,2026-08-12T00:00:00,0001000041,Z100,Z01,ZAR
4500004719,WK,2024-09-17T00:00:00,0001000036,Z100,Z02,ZAR
4500004720,ZDOM,2025-04-15T00:00:00,0001000036,Z100,Z01,ZAR
4500004721,AN,2026-06-09T00:00:00,0001000036,Z100,Z02,ZAR
4500004722,ZDOM,2024-09-20T00:00:00,0001000046,Z100,Z01,ZAR
4500004723,WK,2025-04-21T00:00:00,0001000046,Z100,Z03,ZAR
4500004724,WK,2025-10-12T00:00:00,0001000046,Z100,Z02,ZAR
4500004725,ZDOM,2026-01-31T00:00:00,0001000046,Z100,Z02,ZAR
4500004726,WK,2026-08-30T00:00:00,0001000046,Z100,Z02,ZAR
4500004727,ZDOM,2024-09-23T00:00:00,0001000042,Z100,Z03,ZAR
4500004728,WK,2025-12-06T00:00:00,0001000042,Z100,Z01,ZAR
4500004729,AN,2025-12-22T00:00:00,0001000042,Z100,Z03,ZAR
4500004730,ZDOM,2026-06-13T00:00:00,0001000042,Z100,Z02,ZAR
4500004731,AN,2024-11-10T00:00:00,0001000011,Z100,Z01,ZAR
4500004732,AN,2025-06-19T00:00:00,0001000011,Z100,Z03,ZAR
4500004733,WK,2026-01-09T00:00:00,0001000011,Z100,Z03,ZAR
4500004734,WK,2024-10-30T00:00:00,0001000019,Z100,Z02,ZAR
4500004735,ZDOM,2025-11-13T00:00:00,0001000019,Z100,Z01,ZAR
4500004736,WK,2026-08-02T00:00:00,0001000019,Z100,Z03,ZAR
4500004737,WK,2024-09-13T00:00:00,0001000012,Z100,Z03,ZAR
4500004738,AN,2024-12-23T00:00:00,0001000012,Z100,Z02,ZAR
4500004739,AN,2025-01-30T00:00:00,0001000012,Z100,Z01,ZAR
4500004740,WK,2025-04-29T00:00:00,0001000012,Z100,Z03,ZAR
4500004741,AN,2025-05-30T00:00:00,0001000012,Z100,Z03,ZAR
4500004742,WK,2026-02-20T00:00:00,0001000012,Z100,Z02,ZAR
4500004743,AN,2024-10-02T00:00:00,0001000053,Z100,Z02,ZAR
4500004744,ZDOM,2025-07-05T00:00:00,0001000053,Z100,Z01,ZAR
4500004745,AN,2026-03-03T00:00:00,0001000053,Z100,Z02,ZAR
4500004746,AN,2026-06-04T00:00:00,0001000053,Z100,Z03,ZAR
4500004747,AN,2024-09-29T00:00:00,0001000036,Z100,Z03,ZAR
4500004748,WK,2025-01-03T00:00:00,0001000036,Z100,Z03,ZAR
4500004749,WK,2025-07-10T00:00:00,0001000036,Z100,Z01,ZAR
4500004750,ZDOM,2025-08-23T00:00:00,0001000036,Z100,Z02,ZAR
4500004751,WK,2026-02-28T00:00:00,0001000036,Z100,Z02,ZAR
4500004752,ZDOM,2026-04-10T00:00:00,0001000036,Z100,Z03,ZAR
4500004753,ZDOM,2026-04-27T00:00:00,0001000036,Z100,Z02,ZAR
4500004754,ZDOM,2024-09-20T00:00:00,0001000009,Z100,Z01,ZAR
4500004755,AN,2025-06-13T00:00:00,0001000009,Z100,Z02,ZAR
4500004756,AN,2025-07-26T00:00:00,0001000009,Z100,Z03,ZAR
4500004757,ZDOM,2025-08-31T00:00:00,0001000009,Z100,Z01,ZAR
4500004758,WK,2026-06-19T00:00:00,0001000009,Z100,Z03,ZAR
4500004759,ZDOM,2024-12-07T00:00:00,0001000017,Z100,Z02,ZAR
4500004760,ZDOM,2025-05-25T00:00:00,0001000017,Z100,Z03,ZAR
4500004761,ZDOM,2026-06-24T00:00:00,0001000017,Z100,Z01,ZAR
4500004762,AN,2026-03-04T00:00:00,0001000023,Z100,Z01,ZAR
4500004763,AN,2024-11-22T00:00:00,0001000041,Z100,Z02,ZAR
4500004764,ZDOM,2025-07-04T00:00:00,0001000041,Z100,Z03,ZAR
4500004765,ZDOM,2026-02-26T00:00:00,0001000041,Z100,Z02,ZAR
4500004766,ZDOM,2026-09-02T00:00:00,0001000041,Z100,Z03,ZAR
4500004767,WK,2024-09-26T00:00:00,0001000052,Z100,Z03,ZAR
4500004768,WK,2025-02-15T00:00:00,0001000052,Z100,Z02,ZAR
4500004769,ZDOM,2025-03-25T00:00:00,0001000052,Z100,Z03,ZAR
4500004770,WK,2025-08-14T00:00:00,0001000052,Z100,Z02,ZAR
4500004771,WK,2026-06-19T00:00:00,0001000052,Z100,Z02,ZAR
4500004772,WK,2026-07-22T00:00:00,0001000059,Z100,Z01,ZAR
4500004773,AN,2024-10-31T00:00:00,0001000006,Z100,Z01,ZAR
4500004774,ZDOM,2024-11-12T00:00:00,0001000006,Z100,Z03,ZAR
4500004775,ZDOM,2024-12-12T00:00:00,0001000006,Z100,Z02,ZAR
4500004776,WK,2025-01-29T00:00:00,0001000006,Z100,Z03,ZAR
4500004777,ZDOM,2025-07-18T00:00:00,0001000006,Z100,Z03,ZAR
4500004778,ZDOM,2024-09-20T00:00:00,0001000043,Z100,Z03,ZAR
4500004779,ZDOM,2024-12-28T00:00:00,0001000043,Z100,Z03,ZAR
4500004780,WK,2025-07-18T00:00:00,0001000043,Z100,Z02,ZAR
4500004781,AN,2025-12-31T00:00:00,0001000043,Z100,Z01,ZAR
4500004782,WK,2026-06-21T00:00:00,0001000043,Z100,Z03,ZAR
4500004783,WK,2024-10-28T00:00:00,0001000026,Z100,Z03,ZAR
4500004784,ZDOM,2025-08-16T00:00:00,0001000026,Z100,Z02,ZAR
4500004785,WK,2026-06-06T00:00:00,0001000026,Z100,Z01,ZAR
4500004786,ZDOM,2026-06-13T00:00:00,0001000026,Z100,Z01,ZAR
4500004787,ZDOM,2024-12-13T00:00:00,0001000026,Z100,Z02,ZAR
4500004788,ZDOM,2025-01-14T00:00:00,0001000026,Z100,Z03,ZAR
4500004789,WK,2025-09-30T00:00:00,0001000026,Z100,Z03,ZAR
4500004790,ZDOM,2025-10-28T00:00:00,0001000026,Z100,Z02,ZAR
4500004791,ZDOM,2025-12-04T00:00:00,0001000026,Z100,Z03,ZAR
4500004792,WK,2026-07-28T00:00:00,0001000026,Z100,Z01,ZAR
4500004793,ZDOM,2026-09-02T00:00:00,0001000026,Z100,Z02,ZAR
4500004794,AN,2025-03-21T00:00:00,0001000027,Z100,Z01,ZAR
4500004795,AN,2025-04-07T00:00:00,0001000027,Z100,Z01,ZAR
4500004796,AN,2025-07-18T00:00:00,0001000027,Z100,Z02,ZAR
4500004797,ZDOM,2026-01-24T00:00:00,0001000027,Z100,Z03,ZAR
4500004798,WK,2026-02-17T00:00:00,0001000027,Z100,Z03,ZAR
4500004799,WK,2025-11-20T00:00:00,0001000029,Z100,Z03,ZAR
4500004800,AN,2026-01-03T00:00:00,0001000029,Z100,Z03,ZAR
4500004801,AN,2024-11-25T00:00:00,0001000026,Z100,Z03,ZAR
4500004802,ZDOM,2025-08-13T00:00:00,0001000026,Z100,Z01,ZAR
4500004803,WK,2025-09-14T00:00:00,0001000026,Z100,Z02,ZAR
4500004804,ZDOM,2026-01-06T00:00:00,0001000026,Z100,Z03,ZAR
4500004805,AN,2024-09-08T00:00:00,0001000009,Z100,Z01,ZAR
4500004806,ZDOM,2025-02-23T00:00:00,0001000009,Z100,Z03,ZAR
4500004807,AN,2025-03-30T00:00:00,0001000009,Z100,Z01,ZAR
4500004808,AN,2026-07-03T00:00:00,0001000009,Z100,Z03,ZAR
4500004809,AN,2024-12-18T00:00:00,0001000034,Z100,Z02,ZAR
4500004810,ZDOM,2025-01-11T00:00:00,0001000034,Z100,Z03,ZAR
4500004811,AN,2026-02-23T00:00:00,0001000034,Z100,Z01,ZAR
4500004812,AN,2026-06-13T00:00:00,0001000034,Z100,Z02,ZAR
4500004813,AN,2024-09-25T00:00:00,0001000034,Z100,Z03,ZAR
4500004814,WK,2025-03-02T00:00:00,0001000034,Z100,Z01,ZAR
4500004815,AN,2025-06-05T00:00:00,0001000034,Z100,Z02,ZAR
4500004816,ZDOM,2025-07-23T00:00:00,0001000034,Z100,Z01,ZAR
4500004817,WK,2024-09-24T00:00:00,0001000013,Z100,Z01,ZAR
4500004818,ZDOM,2025-11-19T00:00:00,0001000013,Z100,Z03,ZAR
4500004819,ZDOM,2025-01-13T00:00:00,0001000050,Z100,Z03,ZAR
4500004820,AN,2025-05-25T00:00:00,0001000050,Z100,Z01,ZAR
4500004821,WK,2025-10-01T00:00:00,0001000050,Z100,Z03,ZAR
4500004822,WK,2026-01-14T00:00:00,0001000050,Z100,Z01,ZAR
4500004823,WK,2026-05-10T00:00:00,0001000050,Z100,Z02,ZAR
4500004824,WK,2026-02-20T00:00:00,0001000046,Z100,Z02,ZAR
4500004825,AN,2026-07-23T00:00:00,0001000046,Z100,Z02,ZAR
4500004826,AN,2025-09-14T00:00:00,0001000046,Z100,Z01,ZAR
4500004827,AN,2025-10-27T00:00:00,0001000046,Z100,Z03,ZAR
4500004828,WK,2025-11-18T00:00:00,0001000046,Z100,Z01,ZAR
4500004829,AN,2026-04-26T00:00:00,0001000046,Z100,Z03,ZAR
4500004830,WK,2026-06-02T00:00:00,0001000046,Z100,Z03,ZAR
4500004831,WK,2026-02-13T00:00:00,0001000058,Z100,Z01,ZAR
4500004832,WK,2024-09-13T00:00:00,0001000053,Z100,Z03,ZAR
4500004833,WK,2024-12-19T00:00:00,0001000053,Z100,Z02,ZAR
4500004834,AN,2025-05-07T00:00:00,0001000053,Z100,Z02,ZAR
4500004835,ZDOM,2025-09-22T00:00:00,0001000053,Z100,Z03,ZAR
4500004836,AN,2025-10-14T00:00:00,0001000053,Z100,Z02,ZAR
4500004837,WK,2026-02-02T00:00:00,0001000053,Z100,Z03,ZAR
4500004838,ZDOM,2026-04-24T00:00:00,0001000053,Z100,Z01,ZAR
4500004839,AN,2026-08-20T00:00:00,0001000053,Z100,Z02,ZAR
4500004840,WK,2024-10-10T00:00:00,0001000043,Z100,Z01,ZAR
4500004841,AN,2025-04-30T00:00:00,0001000043,Z100,Z03,ZAR
4500004842,ZDOM,2025-11-05T00:00:00,0001000043,Z100,Z01,ZAR
4500004843,ZDOM,2026-03-03T00:00:00,0001000043,Z100,Z03,ZAR
4500004844,AN,2026-06-09T00:00:00,0001000043,Z100,Z02,ZAR
4500004845,WK,2024-09-24T00:00:00,0001000043,Z100,Z03,ZAR
4500004846,ZDOM,2024-10-19T00:00:00,0001000043,Z100,Z02,ZAR
4500004847,ZDOM,2025-12-07T00:00:00,0001000043,Z100,Z02,ZAR
4500004848,AN,2024-11-22T00:00:00,0001000049,Z100,Z02,ZAR
4500004849,AN,2024-12-25T00:00:00,0001000049,Z100,Z03,ZAR
4500004850,WK,2025-06-28T00:00:00,0001000049,Z100,Z01,ZAR
4500004851,ZDOM,2025-07-16T00:00:00,0001000049,Z100,Z01,ZAR
4500004852,WK,2025-10-02T00:00:00,0001000049,Z100,Z03,ZAR
4500004853,AN,2025-12-01T00:00:00,0001000049,Z100,Z01,ZAR
4500004854,ZDOM,2026-02-26T00:00:00,0001000049,Z100,Z01,ZAR
4500004855,ZDOM,2026-03-21T00:00:00,0001000049,Z100,Z02,ZAR
4500004856,AN,2026-07-29T00:00:00,0001000049,Z100,Z01,ZAR
4500004857,AN,2024-10-10T00:00:00,0001000013,Z100,Z03,ZAR
4500004858,AN,2025-05-06T00:00:00,0001000013,Z100,Z01,ZAR
4500004859,AN,2025-10-01T00:00:00,0001000013,Z100,Z02,ZAR
4500004860,AN,2025-12-31T00:00:00,0001000013,Z100,Z03,ZAR
4500004861,AN,2026-01-13T00:00:00,0001000013,Z100,Z03,ZAR
4500004862,WK,2026-02-07T00:00:00,0001000013,Z100,Z01,ZAR
4500004863,WK,2026-04-15T00:00:00,0001000013,Z100,Z02,ZAR
4500004864,ZDOM,2024-09-14T00:00:00,0001000055,Z100,Z02,ZAR
4500004865,WK,2025-02-26T00:00:00,0001000055,Z100,Z03,ZAR
4500004866,ZDOM,2025-08-15T00:00:00,0001000055,Z100,Z01,ZAR
4500004867,ZDOM,2026-02-20T00:00:00,0001000055,Z100,Z01,ZAR
4500004868,ZDOM,2026-07-21T00:00:00,0001000055,Z100,Z03,ZAR
4500004869,ZDOM,2024-09-24T00:00:00,0001000055,Z100,Z01,ZAR
4500004870,ZDOM,2025-05-14T00:00:00,0001000055,Z100,Z01,ZAR
4500004871,AN,2025-12-18T00:00:00,0001000055,Z100,Z01,ZAR
4500004872,WK,2024-09-12T00:00:00,0001000038,Z100,Z01,ZAR
4500004873,ZDOM,2025-08-15T00:00:00,0001000038,Z100,Z02,ZAR
4500004874,AN,2025-10-18T00:00:00,0001000038,Z100,Z01,ZAR
4500004875,ZDOM,2026-07-28T00:00:00,0001000038,Z100,Z02,ZAR
4500004876,ZDOM,2024-09-14T00:00:00,0001000038,Z100,Z03,ZAR
4500004877,WK,2025-11-09T00:00:00,0001000038,Z100,Z01,ZAR
4500004878,WK,2024-10-22T00:00:00,0001000056,Z100,Z03,ZAR
4500004879,WK,2024-11-28T00:00:00,0001000056,Z100,Z01,ZAR
4500004880,AN,2025-02-14T00:00:00,0001000056,Z100,Z02,ZAR
4500004881,WK,2025-06-02T00:00:00,0001000056,Z100,Z02,ZAR
4500004882,ZDOM,2025-06-25T00:00:00,0001000056,Z100,Z03,ZAR
4500004883,ZDOM,2025-09-30T00:00:00,0001000056,Z100,Z03,ZAR
4500004884,AN,2026-03-29T00:00:00,0001000056,Z100,Z01,ZAR
4500004885,AN,2026-04-26T00:00:00,0001000056,Z100,Z03,ZAR
4500004886,AN,2024-12-01T00:00:00,0001000017,Z100,Z03,ZAR
4500004887,ZDOM,2025-03-04T00:00:00,0001000017,Z100,Z02,ZAR
4500004888,AN,2025-06-29T00:00:00,0001000017,Z100,Z02,ZAR
4500004889,AN,2025-09-22T00:00:00,0001000017,Z100,Z01,ZAR
4500004890,WK,2025-10-12T00:00:00,0001000017,Z100,Z01,ZAR
4500004891,ZDOM,2026-01-06T00:00:00,0001000017,Z100,Z01,ZAR
4500004892,AN,2026-04-13T00:00:00,0001000017,Z100,Z03,ZAR
4500004893,ZDOM,2026-07-26T00:00:00,0001000017,Z100,Z02,ZAR
4500004894,WK,2024-09-25T00:00:00,0001000007,Z100,Z02,ZAR
4500004895,WK,2025-04-10T00:00:00,0001000007,Z100,Z02,ZAR
4500004896,AN,2025-10-15T00:00:00,0001000007,Z100,Z03,ZAR
4500004897,ZDOM,2026-03-23T00:00:00,0001000007,Z100,Z02,ZAR
4500004898,ZDOM,2026-08-15T00:00:00,0001000007,Z100,Z03,ZAR
4500004899,WK,2024-09-20T00:00:00,0001000006,Z100,Z02,ZAR
4500004900,AN,2025-01-20T00:00:00,0001000006,Z100,Z01,ZAR
4500004901,AN,2025-08-31T00:00:00,0001000006,Z100,Z01,ZAR
4500004902,ZDOM,2025-10-25T00:00:00,0001000006,Z100,Z03,ZAR
4500004903,WK,2025-12-09T00:00:00,0001000006,Z100,Z01,ZAR
4500004904,WK,2024-09-15T00:00:00,0001000049,Z100,Z02,ZAR
4500004905,ZDOM,2024-10-15T00:00:00,0001000049,Z100,Z01,ZAR
4500004906,ZDOM,2025-01-27T00:00:00,0001000049,Z100,Z01,ZAR
4500004907,ZDOM,2025-03-31T00:00:00,0001000049,Z100,Z03,ZAR
4500004908,WK,2025-08-08T00:00:00,0001000049,Z100,Z03,ZAR
4500004909,WK,2025-10-10T00:00:00,0001000049,Z100,Z02,ZAR
4500004910,WK,2026-03-27T00:00:00,0001000049,Z100,Z02,ZAR
4500004911,ZDOM,2026-08-05T00:00:00,0001000049,Z100,Z01,ZAR
4500004912,WK,2024-09-30T00:00:00,0001000051,Z100,Z03,ZAR
4500004913,AN,2025-11-19T00:00:00,0001000051,Z100,Z01,ZAR
4500004914,AN,2024-11-07T00:00:00,0001000012,Z100,Z02,ZAR
4500004915,ZDOM,2025-04-05T00:00:00,0001000012,Z100,Z01,ZAR
4500004916,WK,2025-11-12T00:00:00,0001000012,Z100,Z02,ZAR
4500004917,WK,2026-02-02T00:00:00,0001000012,Z100,Z03,ZAR
4500004918,WK,2026-05-12T00:00:00,0001000012,Z100,Z03,ZAR
4500004919,ZDOM,2026-06-13T00:00:00,0001000012,Z100,Z03,ZAR
4500004920,ZDOM,2026-07-21T00:00:00,0001000012,Z100,Z02,ZAR
4500004921,ZDOM,2024-10-14T00:00:00,0001000006,Z100,Z03,ZAR
4500004922,WK,2025-03-29T00:00:00,0001000006,Z100,Z03,ZAR
4500004923,WK,2025-07-30T00:00:00,0001000006,Z100,Z02,ZAR
4500004924,ZDOM,2026-03-31T00:00:00,0001000006,Z100,Z03,ZAR
4500004925,WK,2026-05-28T00:00:00,0001000006,Z100,Z03,ZAR
4500004926,AN,2026-06-24T00:00:00,0001000006,Z100,Z02,ZAR
4500004927,WK,2026-09-07T00:00:00,0001000006,Z100,Z02,ZAR
4500004928,WK,2024-10-03T00:00:00,0001000021,Z100,Z02,ZAR
4500004929,WK,2025-08-31T00:00:00,0001000021,Z100,Z02,ZAR
4500004930,AN,2026-04-13T00:00:00,0001000021,Z100,Z02,ZAR
4500004931,ZDOM,2026-07-01T00:00:00,0001000021,Z100,Z01,ZAR
4500004932,AN,2024-11-09T00:00:00,0001000021,Z100,Z01,ZAR
4500004933,AN,2025-07-29T00:00:00,0001000021,Z100,Z02,ZAR
4500004934,ZDOM,2025-08-15T00:00:00,0001000021,Z100,Z02,ZAR
4500004935,ZDOM,2026-01-16T00:00:00,0001000021,Z100,Z01,ZAR
4500004936,ZDOM,2026-03-24T00:00:00,0001000021,Z100,Z01,ZAR
4500004937,WK,2026-07-16T00:00:00,0001000021,Z100,Z03,ZAR
4500004938,ZDOM,2024-10-29T00:00:00,0001000012,Z100,Z02,ZAR
4500004939,AN,2024-11-13T00:00:00,0001000012,Z100,Z02,ZAR
4500004940,ZDOM,2025-02-26T00:00:00,0001000012,Z100,Z02,ZAR
4500004941,ZDOM,2026-07-05T00:00:00,0001000012,Z100,Z01,ZAR
4500004942,ZDOM,2024-09-19T00:00:00,0001000001,Z100,Z02,ZAR
4500004943,AN,2025-07-12T00:00:00,0001000001,Z100,Z02,ZAR
4500004944,ZDOM,2025-09-08T00:00:00,0001000001,Z100,Z01,ZAR
4500004945,AN,2026-02-01T00:00:00,0001000001,Z100,Z02,ZAR
4500004946,AN,2025-09-02T00:00:00,0001000045,Z100,Z01,ZAR
4500004947,AN,2026-04-28T00:00:00,0001000045,Z100,Z02,ZAR
4500004948,ZDOM,2026-08-01T00:00:00,0001000045,Z100,Z02,ZAR
4500004949,WK,2026-09-07T00:00:00,0001000045,Z100,Z01,ZAR
4500004950,WK,2026-09-05T00:00:00,0001000045,Z100,Z02,ZAR
4500004951,WK,2024-09-26T00:00:00,0001000043,Z100,Z03,ZAR
4500004952,WK,2025-02-18T00:00:00,0001000043,Z100,Z01,ZAR
4500004953,AN,2025-07-29T00:00:00,0001000043,Z100,Z03,ZAR
4500004954,AN,2025-10-07T00:00:00,0001000043,Z100,Z01,ZAR
4500004955,WK,2026-02-05T00:00:00,0001000043,Z100,Z03,ZAR
4500004956,AN,2026-07-25T00:00:00,0001000043,Z100,Z02,ZAR
4500004957,WK,2024-12-01T00:00:00,0001000043,Z100,Z01,ZAR
4500004958,WK,2025-03-20T00:00:00,0001000043,Z100,Z03,ZAR
4500004959,WK,2025-08-03T00:00:00,0001000043,Z100,Z02,ZAR
4500004960,AN,2025-12-07T00:00:00,0001000043,Z100,Z02,ZAR
4500004961,ZDOM,2026-02-05T00:00:00,0001000043,Z100,Z02,ZAR
4500004962,AN,2026-05-30T00:00:00,0001000043,Z100,Z03,ZAR
4500004963,WK,2026-01-23T00:00:00,0001000041,Z100,Z02,ZAR
4500004964,WK,2024-10-03T00:00:00,0001000022,Z100,Z01,ZAR
4500004965,ZDOM,2024-12-12T00:00:00,0001000022,Z100,Z03,ZAR
4500004966,WK,2025-02-27T00:00:00,0001000022,Z100,Z03,ZAR
4500004967,AN,2025-03-08T00:00:00,0001000022,Z100,Z02,ZAR
4500004968,AN,2025-09-24T00:00:00,0001000022,Z100,Z03,ZAR
4500004969,ZDOM,2025-11-09T00:00:00,0001000022,Z100,Z02,ZAR
4500004970,WK,2026-05-19T00:00:00,0001000022,Z100,Z01,ZAR
4500004971,WK,2025-02-13T00:00:00,0001000016,Z100,Z02,ZAR
4500004972,AN,2025-08-12T00:00:00,0001000016,Z100,Z02,ZAR
4500004973,AN,2026-02-05T00:00:00,0001000016,Z100,Z01,ZAR
4500004974,ZDOM,2024-09-28T00:00:00,0001000016,Z100,Z03,ZAR
4500004975,ZDOM,2025-05-03T00:00:00,0001000016,Z100,Z01,ZAR
4500004976,AN,2026-01-24T00:00:00,0001000016,Z100,Z02,ZAR
4500004977,AN,2024-09-15T00:00:00,0001000026,Z100,Z02,ZAR
4500004978,WK,2025-04-19T00:00:00,0001000026,Z100,Z03,ZAR
4500004979,WK,2025-11-24T00:00:00,0001000026,Z100,Z02,ZAR
4500004980,WK,2025-12-16T00:00:00,0001000026,Z100,Z01,ZAR
4500004981,ZDOM,2026-01-17T00:00:00,0001000026,Z100,Z03,ZAR
4500004982,ZDOM,2026-09-03T00:00:00,0001000026,Z100,Z01,ZAR
4500004983,AN,2024-09-07T00:00:00,0001000026,Z100,Z01,ZAR
4500004984,WK,2025-11-01T00:00:00,0001000026,Z100,Z01,ZAR
4500004985,WK,2025-12-04T00:00:00,0001000026,Z100,Z01,ZAR
4500004986,WK,2026-04-05T00:00:00,0001000026,Z100,Z03,ZAR
4500004987,AN,2026-05-27T00:00:00,0001000026,Z100,Z03,ZAR
4500004988,WK,2026-06-28T00:00:00,0001000026,Z100,Z03,ZAR
4500004989,WK,2024-09-09T00:00:00,0001000057,Z100,Z03,ZAR
4500004990,WK,2024-10-28T00:00:00,0001000057,Z100,Z03,ZAR
4500004991,ZDOM,2025-06-13T00:00:00,0001000057,Z100,Z01,ZAR
4500004992,AN,2025-12-01T00:00:00,0001000057,Z100,Z03,ZAR
4500004993,ZDOM,2026-06-21T00:00:00,0001000057,Z100,Z02,ZAR
4500004994,AN,2026-08-03T00:00:00,0001000057,Z100,Z01,ZAR
4500004995,ZDOM,2026-08-24T00:00:00,0001000057,Z100,Z01,ZAR
4500004996,ZDOM,2024-10-05T00:00:00,0001000057,Z100,Z01,ZAR
4500004997,AN,2025-04-16T00:00:00,0001000057,Z100,Z03,ZAR
4500004998,AN,2025-12-08T00:00:00,0001000057,Z100,Z03,ZAR
4500004999,AN,2026-01-23T00:00:00,0001000057,Z100,Z01,ZAR
4500005000,WK,2026-08-20T00:00:00,0001000057,Z100,Z01,ZAR
4500005001,AN,2024-09-15T00:00:00,0001000049,Z100,Z03,ZAR
4500005002,ZDOM,2025-04-15T00:00:00,0001000049,Z100,Z03,ZAR
4500005003,ZDOM,2024-09-15T00:00:00,0001000048,Z100,Z01,ZAR
4500005004,ZDOM,2025-06-12T00:00:00,0001000048,Z100,Z03,ZAR
4500005005,AN,2025-07-14T00:00:00,0001000048,Z100,Z02,ZAR
4500005006,AN,2025-09-01T00:00:00,0001000048,Z100,Z03,ZAR
4500005007,ZDOM,2025-09-04T00:00:00,0001000048,Z100,Z03,ZAR
4500005008,AN,2025-12-09T00:00:00,0001000048,Z100,Z03,ZAR
4500005009,ZDOM,2026-05-17T00:00:00,0001000048,Z100,Z03,ZAR
4500005010,ZDOM,2026-06-25T00:00:00,0001000048,Z100,Z01,ZAR
4500005011,ZDOM,2024-09-26T00:00:00,0001000055,Z100,Z02,ZAR
4500005012,AN,2025-09-19T00:00:00,0001000055,Z100,Z01,ZAR
4500005013,ZDOM,2025-10-06T00:00:00,0001000055,Z100,Z01,ZAR
4500005014,ZDOM,2024-11-10T00:00:00,0001000053,Z100,Z01,ZAR
4500005015,ZDOM,2025-04-13T00:00:00,0001000053,Z100,Z03,ZAR
4500005016,AN,2025-05-13T00:00:00,0001000053,Z100,Z01,ZAR
4500005017,WK,2026-01-03T00:00:00,0001000053,Z100,Z02,ZAR
4500005018,AN,2024-10-06T00:00:00,0001000020,Z100,Z03,ZAR
4500005019,AN,2026-01-10T00:00:00,0001000020,Z100,Z03,ZAR
4500005020,AN,2026-05-20T00:00:00,0001000017,Z100,Z02,ZAR
4500005021,AN,2026-06-24T00:00:00,0001000017,Z100,Z01,ZAR
4500005022,WK,2026-03-04T00:00:00,0001000017,Z100,Z03,ZAR
4500005023,WK,2025-11-09T00:00:00,0001000050,Z100,Z02,ZAR
4500005024,ZDOM,2026-09-07T00:00:00,0001000050,Z100,Z02,ZAR
4500005025,ZDOM,2026-04-21T00:00:00,0001000050,Z100,Z03,ZAR
4500005026,AN,2024-09-22T00:00:00,0001000025,Z100,Z01,ZAR
4500005027,AN,2025-05-15T00:00:00,0001000025,Z100,Z02,ZAR
4500005028,ZDOM,2026-01-30T00:00:00,0001000025,Z100,Z02,ZAR
4500005029,AN,2026-08-08T00:00:00,0001000025,Z100,Z02,ZAR
4500005030,AN,2025-01-14T00:00:00,0001000005,Z100,Z03,ZAR
4500005031,WK,2025-05-20T00:00:00,0001000005,Z100,Z03,ZAR
4500005032,AN,2026-04-27T00:00:00,0001000005,Z100,Z01,ZAR
4500005033,WK,2026-08-22T00:00:00,0001000005,Z100,Z02,ZAR
4500005034,AN,2024-09-10T00:00:00,0001000046,Z100,Z01,ZAR
4500005035,ZDOM,2024-10-29T00:00:00,0001000046,Z100,Z02,ZAR
4500005036,ZDOM,2025-04-28T00:00:00,0001000046,Z100,Z01,ZAR
4500005037,AN,2026-07-02T00:00:00,0001000046,Z100,Z02,ZAR
4500005038,ZDOM,2024-09-30T00:00:00,0001000003,Z100,Z02,ZAR
4500005039,WK,2025-02-16T00:00:00,0001000003,Z100,Z03,ZAR
4500005040,ZDOM,2025-03-23T00:00:00,0001000003,Z100,Z03,ZAR
4500005041,ZDOM,2024-10-07T00:00:00,0001000022,Z100,Z02,ZAR
4500005042,WK,2025-06-04T00:00:00,0001000022,Z100,Z02,ZAR
4500005043,AN,2025-07-19T00:00:00,0001000022,Z100,Z02,ZAR
4500005044,AN,2026-03-19T00:00:00,0001000022,Z100,Z01,ZAR
4500005045,ZDOM,2026-06-16T00:00:00,0001000022,Z100,Z02,ZAR
4500005046,AN,2024-12-15T00:00:00,0001000009,Z100,Z02,ZAR
4500005047,ZDOM,2025-07-17T00:00:00,0001000009,Z100,Z02,ZAR
4500005048,AN,2026-01-13T00:00:00,0001000009,Z100,Z01,ZAR
4500005049,AN,2026-02-14T00:00:00,0001000009,Z100,Z03,ZAR
4500005050,WK,2024-12-02T00:00:00,0001000009,Z100,Z02,ZAR
4500005051,WK,2025-01-04T00:00:00,0001000009,Z100,Z01,ZAR
4500005052,ZDOM,2025-07-16T00:00:00,0001000009,Z100,Z02,ZAR
4500005053,ZDOM,2025-10-09T00:00:00,0001000009,Z100,Z02,ZAR
4500005054,ZDOM,2025-11-29T00:00:00,0001000009,Z100,Z03,ZAR
4500005055,WK,2026-05-26T00:00:00,0001000009,Z100,Z02,ZAR
4500005056,AN,2025-01-15T00:00:00,0001000052,Z100,Z02,ZAR
4500005057,ZDOM,2025-05-10T00:00:00,0001000052,Z100,Z01,ZAR
4500005058,ZDOM,2025-11-28T00:00:00,0001000052,Z100,Z01,ZAR
4500005059,AN,2025-12-15T00:00:00,0001000052,Z100,Z03,ZAR
4500005060,AN,2026-04-07T00:00:00,0001000052,Z100,Z02,ZAR
4500005061,WK,2026-05-25T00:00:00,0001000052,Z100,Z02,ZAR
4500005062,AN,2026-08-22T00:00:00,0001000052,Z100,Z03,ZAR
4500005063,AN,2024-12-27T00:00:00,0001000042,Z100,Z03,ZAR
4500005064,ZDOM,2025-07-10T00:00:00,0001000042,Z100,Z03,ZAR
4500005065,AN,2026-01-18T00:00:00,0001000042,Z100,Z01,ZAR
4500005066,ZDOM,2026-09-07T00:00:00,0001000042,Z100,Z02,ZAR
4500005067,ZDOM,2024-09-13T00:00:00,0001000042,Z100,Z01,ZAR
4500005068,WK,2024-12-20T00:00:00,0001000042,Z100,Z03,ZAR
4500005069,WK,2025-01-21T00:00:00,0001000042,Z100,Z01,ZAR
4500005070,WK,2025-02-26T00:00:00,0001000042,Z100,Z01,ZAR
4500005071,WK,2025-10-23T00:00:00,0001000042,Z100,Z02,ZAR
4500005072,WK,2026-03-29T00:00:00,0001000042,Z100,Z01,ZAR
4500005073,WK,2024-10-02T00:00:00,0001000031,Z100,Z03,ZAR
4500005074,ZDOM,2024-10-16T00:00:00,0001000031,Z100,Z02,ZAR
4500005075,ZDOM,2024-12-18T00:00:00,0001000031,Z100,Z01,ZAR
4500005076,AN,2025-06-09T00:00:00,0001000031,Z100,Z01,ZAR
4500005077,WK,2025-10-09T00:00:00,0001000031,Z100,Z03,ZAR
4500005078,AN,2026-03-30T00:00:00,0001000031,Z100,Z03,ZAR
4500005079,WK,2024-10-21T00:00:00,0001000016,Z100,Z03,ZAR
4500005080,ZDOM,2024-11-14T00:00:00,0001000016,Z100,Z01,ZAR
4500005081,AN,2025-03-22T00:00:00,0001000016,Z100,Z01,ZAR
4500005082,AN,2025-09-17T00:00:00,0001000016,Z100,Z01,ZAR
4500005083,ZDOM,2026-05-15T00:00:00,0001000016,Z100,Z01,ZAR
4500005084,WK,2026-08-18T00:00:00,0001000016,Z100,Z03,ZAR
4500005085,WK,2024-09-21T00:00:00,0001000047,Z100,Z01,ZAR
4500005086,ZDOM,2025-10-03T00:00:00,0001000047,Z100,Z03,ZAR
4500005087,ZDOM,2026-02-04T00:00:00,0001000047,Z100,Z02,ZAR
4500005088,ZDOM,2026-04-25T00:00:00,0001000047,Z100,Z02,ZAR
4500005089,ZDOM,2026-08-11T00:00:00,0001000047,Z100,Z01,ZAR
4500005090,ZDOM,2024-09-27T00:00:00,0001000047,Z100,Z02,ZAR
4500005091,AN,2025-02-11T00:00:00,0001000047,Z100,Z01,ZAR
4500005092,ZDOM,2025-07-20T00:00:00,0001000047,Z100,Z03,ZAR
4500005093,ZDOM,2024-09-29T00:00:00,0001000010,Z100,Z02,ZAR
4500005094,WK,2025-01-24T00:00:00,0001000010,Z100,Z02,ZAR
4500005095,AN,2025-09-05T00:00:00,0001000010,Z100,Z02,ZAR
4500005096,AN,2025-12-25T00:00:00,0001000010,Z100,Z01,ZAR
4500005097,AN,2026-01-29T00:00:00,0001000010,Z100,Z01,ZAR
4500005098,ZDOM,2026-03-11T00:00:00,0001000010,Z100,Z01,ZAR
4500005099,ZDOM,2026-07-03T00:00:00,0001000010,Z100,Z02,ZAR
4500005100,WK,2026-08-31T00:00:00,0001000010,Z100,Z02,ZAR
4500005101,AN,2024-09-28T00:00:00,0001000056,Z100,Z03,ZAR
4500005102,WK,2024-10-26T00:00:00,0001000056,Z100,Z03,ZAR
4500005103,WK,2024-12-05T00:00:00,0001000056,Z100,Z01,ZAR
4500005104,WK,2024-12-16T00:00:00,0001000056,Z100,Z02,ZAR
4500005105,WK,2025-02-04T00:00:00,0001000056,Z100,Z01,ZAR
4500005106,ZDOM,2025-06-30T00:00:00,0001000056,Z100,Z01,ZAR
4500005107,WK,2025-07-27T00:00:00,0001000056,Z100,Z01,ZAR
4500005108,AN,2026-02-03T00:00:00,0001000056,Z100,Z03,ZAR
4500005109,AN,2024-11-29T00:00:00,0001000056,Z100,Z01,ZAR
4500005110,WK,2025-03-23T00:00:00,0001000056,Z100,Z01,ZAR
4500005111,AN,2025-08-23T00:00:00,0001000056,Z100,Z01,ZAR
4500005112,WK,2026-01-01T00:00:00,0001000056,Z100,Z01,ZAR
4500005113,WK,2026-06-03T00:00:00,0001000056,Z100,Z01,ZAR
4500005114,ZDOM,2024-09-13T00:00:00,0001000020,Z100,Z03,ZAR
4500005115,AN,2025-07-07T00:00:00,0001000020,Z100,Z03,ZAR
4500005116,AN,2025-08-02T00:00:00,0001000020,Z100,Z02,ZAR
4500005117,AN,2024-11-18T00:00:00,0001000021,Z100,Z01,ZAR
4500005118,ZDOM,2024-12-11T00:00:00,0001000021,Z100,Z03,ZAR
4500005119,ZDOM,2025-02-03T00:00:00,0001000021,Z100,Z01,ZAR
4500005120,AN,2026-05-11T00:00:00,0001000021,Z100,Z02,ZAR
4500005121,ZDOM,2026-07-12T00:00:00,0001000021,Z100,Z01,ZAR
4500005122,WK,2026-08-30T00:00:00,0001000021,Z100,Z03,ZAR
4500005123,ZDOM,2025-01-30T00:00:00,0001000021,Z100,Z03,ZAR
4500005124,ZDOM,2025-03-25T00:00:00,0001000021,Z100,Z01,ZAR
4500005125,ZDOM,2025-07-08T00:00:00,0001000021,Z100,Z03,ZAR
4500005126,WK,2025-09-13T00:00:00,0001000021,Z100,Z02,ZAR
4500005127,WK,2025-10-12T00:00:00,0001000021,Z100,Z02,ZAR
4500005128,AN,2025-11-16T00:00:00,0001000021,Z100,Z03,ZAR
4500005129,AN,2026-03-02T00:00:00,0001000021,Z100,Z01,ZAR
4500005130,WK,2026-03-09T00:00:00,0001000021,Z100,Z01,ZAR
4500005131,AN,2026-06-18T00:00:00,0001000021,Z100,Z01,ZAR
4500005132,WK,2024-09-09T00:00:00,0001000044,Z100,Z02,ZAR
4500005133,AN,2024-11-10T00:00:00,0001000044,Z100,Z03,ZAR
4500005134,WK,2025-10-10T00:00:00,0001000044,Z100,Z02,ZAR
4500005135,WK,2025-11-16T00:00:00,0001000044,Z100,Z02,ZAR
4500005136,ZDOM,2024-09-13T00:00:00,0001000044,Z100,Z01,ZAR
4500005137,WK,2024-10-24T00:00:00,0001000044,Z100,Z02,ZAR
4500005138,WK,2025-05-23T00:00:00,0001000044,Z100,Z01,ZAR
4500005139,AN,2025-07-07T00:00:00,0001000044,Z100,Z02,ZAR
4500005140,AN,2025-09-08T00:00:00,0001000044,Z100,Z03,ZAR
4500005141,AN,2025-10-31T00:00:00,0001000044,Z100,Z02,ZAR
4500005142,ZDOM,2025-11-11T00:00:00,0001000044,Z100,Z01,ZAR
4500005143,ZDOM,2026-01-04T00:00:00,0001000044,Z100,Z01,ZAR
4500005144,WK,2026-03-08T00:00:00,0001000044,Z100,Z02,ZAR
4500005145,WK,2026-07-29T00:00:00,0001000044,Z100,Z02,ZAR
4500005146,AN,2026-08-12T00:00:00,0001000044,Z100,Z01,ZAR
4500005147,AN,2024-10-22T00:00:00,0001000038,Z100,Z03,ZAR
4500005148,WK,2025-01-23T00:00:00,0001000038,Z100,Z02,ZAR
4500005149,AN,2025-07-13T00:00:00,0001000038,Z100,Z02,ZAR
4500005150,AN,2026-07-02T00:00:00,0001000038,Z100,Z01,ZAR
4500005151,ZDOM,2024-10-01T00:00:00,0001000038,Z100,Z02,ZAR
4500005152,WK,2025-04-04T00:00:00,0001000038,Z100,Z02,ZAR
4500005153,ZDOM,2025-07-12T00:00:00,0001000038,Z100,Z02,ZAR
4500005154,WK,2026-01-11T00:00:00,0001000038,Z100,Z03,ZAR
4500005155,WK,2026-03-06T00:00:00,0001000038,Z100,Z03,ZAR
4500005156,ZDOM,2026-07-05T00:00:00,0001000038,Z100,Z03,ZAR
4500005157,WK,2024-09-19T00:00:00,0001000004,Z100,Z01,ZAR
4500005158,AN,2025-03-29T00:00:00,0001000004,Z100,Z02,ZAR
4500005159,ZDOM,2025-12-25T00:00:00,0001000004,Z100,Z03,ZAR
4500005160,AN,2026-01-25T00:00:00,0001000004,Z100,Z03,ZAR
4500005161,ZDOM,2026-06-16T00:00:00,0001000004,Z100,Z03,ZAR
4500005162,WK,2025-03-03T00:00:00,0001000054,Z100,Z01,ZAR
4500005163,WK,2025-10-03T00:00:00,0001000054,Z100,Z02,ZAR
4500005164,WK,2024-11-17T00:00:00,0001000054,Z100,Z01,ZAR
4500005165,WK,2025-11-26T00:00:00,0001000054,Z100,Z02,ZAR
4500005166,ZDOM,2026-02-14T00:00:00,0001000054,Z100,Z03,ZAR
4500005167,AN,2026-04-05T00:00:00,0001000054,Z100,Z02,ZAR
4500005168,AN,2026-05-16T00:00:00,0001000054,Z100,Z03,ZAR
4500005169,AN,2024-09-10T00:00:00,0001000039,Z100,Z03,ZAR
4500005170,ZDOM,2025-07-01T00:00:00,0001000039,Z100,Z03,ZAR
4500005171,WK,2025-12-26T00:00:00,0001000039,Z100,Z03,ZAR
4500005172,ZDOM,2026-02-24T00:00:00,0001000039,Z100,Z02,ZAR
4500005173,WK,2024-10-04T00:00:00,0001000019,Z100,Z03,ZAR
4500005174,ZDOM,2025-06-20T00:00:00,0001000019,Z100,Z03,ZAR
4500005175,ZDOM,2026-03-23T00:00:00,0001000019,Z100,Z01,ZAR
4500005176,ZDOM,2026-04-28T00:00:00,0001000019,Z100,Z01,ZAR
4500005177,WK,2024-09-28T00:00:00,0001000019,Z100,Z03,ZAR
4500005178,WK,2025-10-03T00:00:00,0001000019,Z100,Z01,ZAR
4500005179,AN,2025-10-15T00:00:00,0001000019,Z100,Z02,ZAR
4500005180,ZDOM,2024-10-10T00:00:00,0001000049,Z100,Z02,ZAR
4500005181,WK,2024-11-26T00:00:00,0001000049,Z100,Z02,ZAR
4500005182,ZDOM,2025-11-05T00:00:00,0001000049,Z100,Z02,ZAR
4500005183,ZDOM,2025-08-26T00:00:00,0001000007,Z100,Z01,ZAR
4500005184,WK,2026-03-14T00:00:00,0001000007,Z100,Z03,ZAR
4500005185,WK,2026-07-02T00:00:00,0001000007,Z100,Z03,ZAR
4500005186,ZDOM,2026-08-03T00:00:00,0001000007,Z100,Z03,ZAR
4500005187,ZDOM,2026-09-07T00:00:00,0001000007,Z100,Z02,ZAR
4500005188,WK,2025-10-08T00:00:00,0001000007,Z100,Z02,ZAR
4500005189,ZDOM,2026-05-10T00:00:00,0001000007,Z100,Z02,ZAR
4500005190,AN,2026-06-18T00:00:00,0001000007,Z100,Z01,ZAR
4500005191,AN,2026-07-13T00:00:00,0001000007,Z100,Z03,ZAR
4500005192,ZDOM,2026-09-07T00:00:00,0001000010,Z100,Z03,ZAR
4500005193,ZDOM,2024-09-26T00:00:00,0001000038,Z100,Z01,ZAR
4500005194,AN,2025-07-20T00:00:00,0001000038,Z100,Z01,ZAR
4500005195,ZDOM,2025-09-02T00:00:00,0001000038,Z100,Z01,ZAR
4500005196,ZDOM,2026-08-18T00:00:00,0001000038,Z100,Z03,ZAR
4500005197,WK,2024-12-15T00:00:00,0001000038,Z100,Z01,ZAR
4500005198,ZDOM,2025-06-19T00:00:00,0001000038,Z100,Z01,ZAR
4500005199,ZDOM,2025-11-27T00:00:00,0001000038,Z100,Z02,ZAR
4500005200,WK,2026-03-11T00:00:00,0001000038,Z100,Z03,ZAR
4500005201,WK,2026-04-22T00:00:00,0001000038,Z100,Z03,ZAR
4500005202,AN,2026-05-25T00:00:00,0001000038,Z100,Z02,ZAR
4500005203,WK,2024-09-11T00:00:00,0001000045,Z100,Z03,ZAR
4500005204,AN,2024-12-02T00:00:00,0001000045,Z100,Z01,ZAR
4500005205,ZDOM,2025-02-17T00:00:00,0001000045,Z100,Z03,ZAR
4500005206,AN,2025-04-09T00:00:00,0001000045,Z100,Z02,ZAR
4500005207,ZDOM,2025-05-09T00:00:00,0001000045,Z100,Z01,ZAR
4500005208,ZDOM,2025-10-25T00:00:00,0001000045,Z100,Z02,ZAR
4500005209,ZDOM,2026-02-09T00:00:00,0001000045,Z100,Z03,ZAR
4500005210,ZDOM,2026-02-15T00:00:00,0001000045,Z100,Z02,ZAR
4500005211,AN,2026-04-22T00:00:00,0001000045,Z100,Z02,ZAR
4500005212,AN,2025-06-18T00:00:00,0001000030,Z100,Z01,ZAR
4500005213,AN,2025-08-15T00:00:00,0001000030,Z100,Z02,ZAR
4500005214,WK,2025-10-15T00:00:00,0001000030,Z100,Z03,ZAR
4500005215,AN,2025-12-06T00:00:00,0001000030,Z100,Z01,ZAR
4500005216,ZDOM,2026-07-01T00:00:00,0001000030,Z100,Z01,ZAR
4500005217,AN,2026-07-31T00:00:00,0001000030,Z100,Z01,ZAR
4500005218,WK,2025-12-26T00:00:00,0001000019,Z100,Z01,ZAR
4500005219,WK,2025-03-20T00:00:00,0001000019,Z100,Z02,ZAR
4500005220,ZDOM,2026-04-10T00:00:00,0001000019,Z100,Z01,ZAR
4500005221,ZDOM,2026-08-18T00:00:00,0001000019,Z100,Z01,ZAR
4500005222,WK,2024-09-20T00:00:00,0001000028,Z100,Z02,ZAR
4500005223,AN,2024-10-27T00:00:00,0001000028,Z100,Z01,ZAR
4500005224,ZDOM,2025-04-25T00:00:00,0001000028,Z100,Z02,ZAR
4500005225,WK,2025-07-28T00:00:00,0001000028,Z100,Z02,ZAR
4500005226,WK,2025-08-12T00:00:00,0001000028,Z100,Z02,ZAR
4500005227,WK,2026-03-23T00:00:00,0001000028,Z100,Z03,ZAR
4500005228,WK,2024-09-13T00:00:00,0001000009,Z100,Z01,ZAR
4500005229,WK,2024-10-13T00:00:00,0001000009,Z100,Z03,ZAR
4500005230,AN,2024-11-18T00:00:00,0001000009,Z100,Z01,ZAR
4500005231,WK,2025-04-02T00:00:00,0001000009,Z100,Z01,ZAR
4500005232,AN,2025-07-09T00:00:00,0001000009,Z100,Z01,ZAR
4500005233,WK,2025-11-16T00:00:00,0001000009,Z100,Z02,ZAR
4500005234,AN,2025-12-27T00:00:00,0001000009,Z100,Z02,ZAR
4500005235,ZDOM,2026-01-13T00:00:00,0001000009,Z100,Z03,ZAR
4500005236,WK,2026-08-07T00:00:00,0001000009,Z100,Z01,ZAR
4500005237,ZDOM,2024-11-21T00:00:00,0001000009,Z100,Z03,ZAR
4500005238,ZDOM,2025-08-16T00:00:00,0001000009,Z100,Z02,ZAR
4500005239,WK,2026-04-11T00:00:00,0001000009,Z100,Z03,ZAR
4500005240,ZDOM,2026-05-29T00:00:00,0001000009,Z100,Z01,ZAR
4500005241,AN,2025-02-03T00:00:00,0001000004,Z100,Z03,ZAR
4500005242,AN,2025-03-22T00:00:00,0001000004,Z100,Z03,ZAR
4500005243,ZDOM,2025-06-07T00:00:00,0001000004,Z100,Z03,ZAR
4500005244,AN,2025-08-08T00:00:00,0001000004,Z100,Z02,ZAR
4500005245,ZDOM,2025-09-13T00:00:00,0001000004,Z100,Z02,ZAR
4500005246,WK,2025-10-21T00:00:00,0001000004,Z100,Z03,ZAR
4500005247,WK,2026-01-20T00:00:00,0001000004,Z100,Z02,ZAR
4500005248,AN,2026-02-17T00:00:00,0001000004,Z100,Z02,ZAR
4500005249,AN,2025-07-21T00:00:00,0001000031,Z100,Z02,ZAR
4500005250,AN,2025-10-28T00:00:00,0001000031,Z100,Z03,ZAR
4500005251,AN,2026-01-12T00:00:00,0001000031,Z100,Z01,ZAR
4500005252,WK,2026-02-15T00:00:00,0001000031,Z100,Z03,ZAR
4500005253,ZDOM,2024-10-11T00:00:00,0001000031,Z100,Z01,ZAR
4500005254,WK,2024-11-30T00:00:00,0001000031,Z100,Z03,ZAR
4500005255,AN,2025-04-30T00:00:00,0001000031,Z100,Z02,ZAR
4500005256,AN,2026-03-26T00:00:00,0001000031,Z100,Z03,ZAR
4500005257,AN,2026-05-13T00:00:00,0001000031,Z100,Z03,ZAR
4500005258,WK,2025-12-15T00:00:00,0001000057,Z100,Z03,ZAR
4500005259,WK,2026-01-21T00:00:00,0001000057,Z100,Z01,ZAR
4500005260,AN,2026-07-05T00:00:00,0001000057,Z100,Z01,ZAR
4500005261,ZDOM,2026-08-21T00:00:00,0001000057,Z100,Z03,ZAR
4500005262,AN,2024-09-19T00:00:00,0001000038,Z100,Z01,ZAR
4500005263,WK,2024-10-23T00:00:00,0001000038,Z100,Z02,ZAR
4500005264,ZDOM,2025-09-06T00:00:00,0001000038,Z100,Z01,ZAR
4500005265,ZDOM,2026-06-10T00:00:00,0001000038,Z100,Z01,ZAR
4500005266,AN,2024-09-24T00:00:00,0001000003,Z100,Z01,ZAR
4500005267,AN,2025-04-05T00:00:00,0001000003,Z100,Z02,ZAR
4500005268,WK,2026-03-24T00:00:00,0001000003,Z100,Z01,ZAR
4500005269,WK,2026-08-14T00:00:00,0001000003,Z100,Z03,ZAR
4500005270,AN,2024-11-25T00:00:00,0001000000,Z100,Z03,ZAR
4500005271,AN,2024-12-16T00:00:00,0001000000,Z100,Z03,ZAR
4500005272,AN,2025-07-04T00:00:00,0001000000,Z100,Z02,ZAR
4500005273,WK,2026-02-05T00:00:00,0001000000,Z100,Z01,ZAR
4500005274,WK,2024-10-01T00:00:00,0001000018,Z100,Z03,ZAR
4500005275,ZDOM,2025-07-29T00:00:00,0001000018,Z100,Z03,ZAR
4500005276,AN,2026-07-13T00:00:00,0001000018,Z100,Z02,ZAR
4500005277,AN,2024-12-15T00:00:00,0001000021,Z100,Z03,ZAR
4500005278,ZDOM,2025-05-18T00:00:00,0001000021,Z100,Z02,ZAR
4500005279,ZDOM,2026-03-15T00:00:00,0001000021,Z100,Z02,ZAR
4500005280,AN,2024-12-08T00:00:00,0001000055,Z100,Z03,ZAR
4500005281,ZDOM,2025-09-10T00:00:00,0001000055,Z100,Z03,ZAR
4500005282,AN,2024-09-29T00:00:00,0001000055,Z100,Z01,ZAR
4500005283,ZDOM,2025-05-11T00:00:00,0001000055,Z100,Z02,ZAR
4500005284,ZDOM,2025-09-26T00:00:00,0001000055,Z100,Z03,ZAR
4500005285,AN,2025-10-20T00:00:00,0001000055,Z100,Z02,ZAR
4500005286,WK,2025-12-19T00:00:00,0001000055,Z100,Z02,ZAR
4500005287,AN,2026-01-13T00:00:00,0001000055,Z100,Z01,ZAR
4500005288,WK,2026-05-09T00:00:00,0001000055,Z100,Z03,ZAR
4500005289,WK,2024-09-17T00:00:00,0001000058,Z100,Z01,ZAR
4500005290,WK,2024-11-02T00:00:00,0001000058,Z100,Z02,ZAR
4500005291,AN,2025-09-28T00:00:00,0001000058,Z100,Z01,ZAR
4500005292,ZDOM,2026-07-20T00:00:00,0001000058,Z100,Z01,ZAR
4500005293,WK,2024-11-30T00:00:00,0001000012,Z100,Z02,ZAR
4500005294,WK,2025-03-08T00:00:00,0001000012,Z100,Z01,ZAR
4500005295,WK,2026-01-23T00:00:00,0001000012,Z100,Z03,ZAR
4500005296,ZDOM,2026-02-12T00:00:00,0001000012,Z100,Z02,ZAR
4500005297,AN,2026-07-02T00:00:00,0001000012,Z100,Z02,ZAR
4500005298,WK,2025-08-12T00:00:00,0001000039,Z100,Z02,ZAR
4500005299,WK,2026-02-22T00:00:00,0001000039,Z100,Z01,ZAR
4500005300,ZDOM,2024-09-30T00:00:00,0001000043,Z100,Z03,ZAR
4500005301,WK,2025-11-24T00:00:00,0001000043,Z100,Z03,ZAR
4500005302,ZDOM,2026-07-06T00:00:00,0001000043,Z100,Z02,ZAR
4500005303,ZDOM,2026-08-15T00:00:00,0001000031,Z100,Z02,ZAR
4500005304,WK,2025-09-09T00:00:00,0001000031,Z100,Z02,ZAR
4500005305,ZDOM,2026-08-21T00:00:00,0001000031,Z100,Z02,ZAR
4500005306,ZDOM,2024-10-09T00:00:00,0001000049,Z100,Z03,ZAR
4500005307,WK,2024-12-08T00:00:00,0001000049,Z100,Z01,ZAR
4500005308,ZDOM,2025-07-04T00:00:00,0001000049,Z100,Z02,ZAR
4500005309,WK,2025-10-20T00:00:00,0001000049,Z100,Z02,ZAR
4500005310,AN,2026-01-01T00:00:00,0001000049,Z100,Z02,ZAR
4500005311,WK,2026-04-19T00:00:00,0001000049,Z100,Z01,ZAR
4500005312,ZDOM,2026-09-02T00:00:00,0001000049,Z100,Z01,ZAR
4500005313,AN,2024-09-14T00:00:00,0001000059,Z100,Z03,ZAR
4500005314,ZDOM,2024-11-26T00:00:00,0001000059,Z100,Z02,ZAR
4500005315,WK,2025-02-07T00:00:00,0001000059,Z100,Z03,ZAR
4500005316,ZDOM,2025-02-28T00:00:00,0001000059,Z100,Z01,ZAR
4500005317,AN,2025-06-17T00:00:00,0001000059,Z100,Z03,ZAR
4500005318,WK,2025-10-26T00:00:00,0001000059,Z100,Z01,ZAR
4500005319,WK,2026-02-10T00:00:00,0001000059,Z100,Z02,ZAR
4500005320,WK,2026-06-15T00:00:00,0001000059,Z100,Z01,ZAR
4500005321,WK,2026-07-20T00:00:00,0001000059,Z100,Z03,ZAR
4500005322,WK,2024-09-12T00:00:00,0001000048,Z100,Z01,ZAR
4500005323,WK,2024-10-16T00:00:00,0001000048,Z100,Z02,ZAR
4500005324,AN,2025-05-30T00:00:00,0001000048,Z100,Z03,ZAR
4500005325,AN,2025-11-05T00:00:00,0001000048,Z100,Z03,ZAR
4500005326,ZDOM,2026-01-31T00:00:00,0001000048,Z100,Z03,ZAR
4500005327,ZDOM,2026-02-21T00:00:00,0001000048,Z100,Z03,ZAR
4500005328,AN,2024-09-17T00:00:00,0001000011,Z100,Z03,ZAR
4500005329,WK,2025-03-25T00:00:00,0001000011,Z100,Z03,ZAR
4500005330,AN,2025-10-09T00:00:00,0001000011,Z100,Z01,ZAR
4500005331,ZDOM,2026-03-29T00:00:00,0001000011,Z100,Z01,ZAR
4500005332,AN,2024-09-14T00:00:00,0001000024,Z100,Z01,ZAR
4500005333,ZDOM,2024-10-27T00:00:00,0001000024,Z100,Z03,ZAR
4500005334,AN,2025-01-04T00:00:00,0001000024,Z100,Z03,ZAR
4500005335,WK,2026-01-27T00:00:00,0001000024,Z100,Z03,ZAR
4500005336,WK,2026-09-07T00:00:00,0001000024,Z100,Z03,ZAR
4500005337,ZDOM,2024-10-22T00:00:00,0001000029,Z100,Z03,ZAR
4500005338,AN,2024-11-24T00:00:00,0001000029,Z100,Z03,ZAR
4500005339,AN,2025-03-04T00:00:00,0001000029,Z100,Z03,ZAR
4500005340,ZDOM,2025-04-15T00:00:00,0001000029,Z100,Z03,ZAR
4500005341,WK,2025-06-26T00:00:00,0001000029,Z100,Z03,ZAR
4500005342,ZDOM,2025-07-28T00:00:00,0001000029,Z100,Z03,ZAR
4500005343,ZDOM,2025-10-23T00:00:00,0001000029,Z100,Z02,ZAR
4500005344,WK,2026-01-23T00:00:00,0001000029,Z100,Z02,ZAR
4500005345,WK,2026-04-12T00:00:00,0001000029,Z100,Z03,ZAR
4500005346,WK,2026-05-16T00:00:00,0001000029,Z100,Z02,ZAR
4500005347,AN,2026-09-07T00:00:00,0001000029,Z100,Z02,ZAR
4500005348,ZDOM,2024-09-15T00:00:00,0001000054,Z100,Z03,ZAR
4500005349,WK,2025-05-15T00:00:00,0001000054,Z100,Z02,ZAR
4500005350,ZDOM,2026-01-04T00:00:00,0001000054,Z100,Z03,ZAR
4500005351,WK,2026-05-07T00:00:00,0001000054,Z100,Z02,ZAR
4500005352,ZDOM,2024-12-13T00:00:00,0001000008,Z100,Z03,ZAR
4500005353,AN,2025-01-31T00:00:00,0001000008,Z100,Z02,ZAR
4500005354,WK,2025-05-09T00:00:00,0001000008,Z100,Z01,ZAR
4500005355,AN,2024-09-19T00:00:00,0001000055,Z100,Z02,ZAR
4500005356,AN,2026-09-07T00:00:00,0001000055,Z100,Z02,ZAR
4500005357,WK,2024-09-21T00:00:00,0001000053,Z100,Z01,ZAR
4500005358,WK,2024-10-23T00:00:00,0001000053,Z100,Z02,ZAR
4500005359,WK,2024-12-02T00:00:00,0001000053,Z100,Z01,ZAR
4500005360,AN,2025-09-29T00:00:00,0001000053,Z100,Z02,ZAR
4500005361,AN,2025-11-17T00:00:00,0001000053,Z100,Z02,ZAR
4500005362,AN,2026-06-17T00:00:00,0001000058,Z100,Z03,ZAR
4500005363,WK,2026-04-03T00:00:00,0001000042,Z100,Z01,ZAR
4500005364,WK,2025-05-12T00:00:00,0001000011,Z100,Z03,ZAR
4500005365,ZDOM,2026-03-24T00:00:00,0001000011,Z100,Z02,ZAR
4500005366,AN,2026-05-01T00:00:00,0001000011,Z100,Z02,ZAR
4500005367,WK,2026-05-11T00:00:00,0001000011,Z100,Z02,ZAR
4500005368,ZDOM,2026-05-08T00:00:00,0001000011,Z100,Z03,ZAR
4500005369,ZDOM,2026-06-26T00:00:00,0001000011,Z100,Z01,ZAR
4500005370,AN,2024-12-07T00:00:00,0001000008,Z100,Z03,ZAR
4500005371,AN,2025-11-12T00:00:00,0001000008,Z100,Z02,ZAR
4500005372,WK,2026-03-26T00:00:00,0001000008,Z100,Z01,ZAR
4500005373,WK,2024-10-05T00:00:00,0001000024,Z100,Z03,ZAR
4500005374,WK,2025-06-21T00:00:00,0001000024,Z100,Z02,ZAR
4500005375,WK,2026-04-09T00:00:00,0001000024,Z100,Z03,ZAR
4500005376,AN,2024-09-15T00:00:00,0001000058,Z100,Z01,ZAR
4500005377,AN,2024-10-12T00:00:00,0001000058,Z100,Z01,ZAR
4500005378,AN,2025-05-25T00:00:00,0001000058,Z100,Z02,ZAR
4500005379,AN,2026-02-24T00:00:00,0001000058,Z100,Z03,ZAR
4500005380,AN,2026-08-13T00:00:00,0001000058,Z100,Z01,ZAR
4500005381,ZDOM,2025-10-02T00:00:00,0001000049,Z100,Z02,ZAR
4500005382,ZDOM,2024-09-11T00:00:00,0001000057,Z100,Z01,ZAR
4500005383,WK,2024-11-20T00:00:00,0001000057,Z100,Z01,ZAR
4500005384,AN,2025-06-18T00:00:00,0001000057,Z100,Z03,ZAR
4500005385,ZDOM,2025-07-16T00:00:00,0001000057,Z100,Z03,ZAR
4500005386,AN,2026-06-04T00:00:00,0001000057,Z100,Z02,ZAR
4500005387,AN,2026-07-03T00:00:00,0001000057,Z100,Z03,ZAR
4500005388,AN,2024-09-12T00:00:00,0001000038,Z100,Z01,ZAR
4500005389,WK,2025-01-21T00:00:00,0001000038,Z100,Z01,ZAR
4500005390,AN,2025-08-27T00:00:00,0001000038,Z100,Z01,ZAR
4500005391,AN,2026-04-15T00:00:00,0001000038,Z100,Z03,ZAR
4500005392,AN,2024-11-30T00:00:00,0001000034,Z100,Z02,ZAR
4500005393,WK,2025-06-29T00:00:00,0001000034,Z100,Z02,ZAR
4500005394,AN,2025-07-11T00:00:00,0001000034,Z100,Z03,ZAR
4500005395,AN,2025-11-22T00:00:00,0001000034,Z100,Z03,ZAR
4500005396,WK,2026-04-23T00:00:00,0001000034,Z100,Z03,ZAR
4500005397,AN,2026-05-31T00:00:00,0001000034,Z100,Z02,ZAR
4500005398,ZDOM,2024-09-24T00:00:00,0001000025,Z100,Z02,ZAR
4500005399,WK,2025-02-23T00:00:00,0001000025,Z100,Z03,ZAR
4500005400,AN,2025-09-08T00:00:00,0001000025,Z100,Z01,ZAR
4500005401,ZDOM,2026-04-13T00:00:00,0001000025,Z100,Z01,ZAR
4500005402,AN,2024-09-27T00:00:00,0001000044,Z100,Z02,ZAR
4500005403,AN,2024-11-14T00:00:00,0001000044,Z100,Z03,ZAR
4500005404,WK,2025-06-12T00:00:00,0001000044,Z100,Z02,ZAR
4500005405,AN,2025-08-03T00:00:00,0001000044,Z100,Z01,ZAR
4500005406,AN,2025-08-30T00:00:00,0001000044,Z100,Z03,ZAR
4500005407,AN,2026-07-12T00:00:00,0001000044,Z100,Z02,ZAR
4500005408,ZDOM,2024-10-25T00:00:00,0001000017,Z100,Z01,ZAR
4500005409,WK,2025-08-27T00:00:00,0001000017,Z100,Z03,ZAR
4500005410,WK,2026-01-17T00:00:00,0001000017,Z100,Z02,ZAR
4500005411,WK,2024-09-20T00:00:00,0001000026,Z100,Z01,ZAR
4500005412,AN,2024-10-17T00:00:00,0001000026,Z100,Z03,ZAR
4500005413,ZDOM,2024-11-09T00:00:00,0001000026,Z100,Z01,ZAR
4500005414,WK,2025-08-11T00:00:00,0001000026,Z100,Z03,ZAR
4500005415,AN,2025-01-07T00:00:00,0001000026,Z100,Z01,ZAR
4500005416,ZDOM,2025-12-22T00:00:00,0001000026,Z100,Z03,ZAR
4500005417,AN,2025-09-02T00:00:00,0001000057,Z100,Z03,ZAR
4500005418,WK,2024-09-28T00:00:00,0001000032,Z100,Z02,ZAR
4500005419,WK,2024-10-29T00:00:00,0001000032,Z100,Z01,ZAR
4500005420,WK,2025-01-24T00:00:00,0001000032,Z100,Z02,ZAR
4500005421,WK,2025-02-17T00:00:00,0001000032,Z100,Z01,ZAR
4500005422,WK,2025-05-26T00:00:00,0001000032,Z100,Z03,ZAR
4500005423,ZDOM,2025-06-04T00:00:00,0001000032,Z100,Z02,ZAR
4500005424,ZDOM,2025-12-30T00:00:00,0001000032,Z100,Z01,ZAR
4500005425,WK,2026-02-04T00:00:00,0001000032,Z100,Z02,ZAR
4500005426,ZDOM,2026-02-14T00:00:00,0001000032,Z100,Z01,ZAR
4500005427,AN,2024-09-10T00:00:00,0001000020,Z100,Z01,ZAR
4500005428,AN,2025-03-29T00:00:00,0001000020,Z100,Z03,ZAR
4500005429,WK,2025-09-24T00:00:00,0001000020,Z100,Z02,ZAR
4500005430,WK,2026-02-05T00:00:00,0001000020,Z100,Z01,ZAR
4500005431,ZDOM,2026-04-03T00:00:00,0001000020,Z100,Z02,ZAR
4500005432,ZDOM,2024-09-24T00:00:00,0001000020,Z100,Z02,ZAR
4500005433,ZDOM,2025-02-22T00:00:00,0001000020,Z100,Z01,ZAR
4500005434,WK,2025-04-25T00:00:00,0001000020,Z100,Z03,ZAR
4500005435,AN,2025-06-01T00:00:00,0001000020,Z100,Z02,ZAR
4500005436,ZDOM,2025-08-04T00:00:00,0001000020,Z100,Z02,ZAR
4500005437,AN,2025-10-01T00:00:00,0001000020,Z100,Z01,ZAR
4500005438,AN,2026-06-12T00:00:00,0001000020,Z100,Z02,ZAR
4500005439,WK,2024-10-12T00:00:00,0001000005,Z100,Z01,ZAR
4500005440,AN,2025-08-27T00:00:00,0001000005,Z100,Z02,ZAR
4500005441,WK,2026-05-02T00:00:00,0001000005,Z100,Z01,ZAR
4500005442,WK,2024-09-19T00:00:00,0001000021,Z100,Z02,ZAR
4500005443,AN,2025-01-26T00:00:00,0001000021,Z100,Z01,ZAR
4500005444,WK,2025-06-09T00:00:00,0001000021,Z100,Z02,ZAR
4500005445,WK,2025-07-22T00:00:00,0001000021,Z100,Z01,ZAR
4500005446,WK,2025-10-31T00:00:00,0001000021,Z100,Z03,ZAR
4500005447,WK,2025-11-10T00:00:00,0001000021,Z100,Z03,ZAR
4500005448,WK,2025-12-20T00:00:00,0001000021,Z100,Z02,ZAR
4500005449,WK,2026-05-27T00:00:00,0001000021,Z100,Z02,ZAR
4500005450,AN,2026-07-29T00:00:00,0001000021,Z100,Z02,ZAR
4500005451,WK,2024-09-12T00:00:00,0001000054,Z100,Z02,ZAR
4500005452,AN,2024-11-12T00:00:00,0001000054,Z100,Z02,ZAR
4500005453,AN,2024-12-03T00:00:00,0001000054,Z100,Z02,ZAR
4500005454,AN,2025-06-08T00:00:00,0001000054,Z100,Z01,ZAR
4500005455,WK,2025-06-18T00:00:00,0001000054,Z100,Z01,ZAR
4500005456,WK,2025-07-19T00:00:00,0001000054,Z100,Z03,ZAR
4500005457,WK,2026-03-20T00:00:00,0001000054,Z100,Z03,ZAR
4500005458,ZDOM,2024-10-18T00:00:00,0001000033,Z100,Z02,ZAR
4500005459,ZDOM,2025-05-27T00:00:00,0001000033,Z100,Z03,ZAR
4500005460,ZDOM,2026-04-15T00:00:00,0001000033,Z100,Z02,ZAR
4500005461,WK,2024-09-21T00:00:00,0001000042,Z100,Z01,ZAR
4500005462,WK,2024-11-09T00:00:00,0001000042,Z100,Z01,ZAR
4500005463,ZDOM,2025-06-05T00:00:00,0001000042,Z100,Z03,ZAR
4500005464,ZDOM,2025-07-31T00:00:00,0001000042,Z100,Z01,ZAR
4500005465,AN,2026-03-02T00:00:00,0001000042,Z100,Z01,ZAR
4500005466,WK,2026-06-19T00:00:00,0001000042,Z100,Z02,ZAR
4500005467,ZDOM,2026-07-26T00:00:00,0001000042,Z100,Z01,ZAR
4500005468,AN,2024-09-24T00:00:00,0001000041,Z100,Z02,ZAR
4500005469,WK,2025-04-24T00:00:00,0001000041,Z100,Z02,ZAR
4500005470,ZDOM,2025-12-16T00:00:00,0001000041,Z100,Z02,ZAR
4500005471,AN,2026-01-29T00:00:00,0001000041,Z100,Z03,ZAR
4500005472,WK,2026-03-05T00:00:00,0001000041,Z100,Z01,ZAR
4500005473,AN,2024-09-16T00:00:00,0001000031,Z100,Z01,ZAR
4500005474,AN,2026-03-23T00:00:00,0001000031,Z100,Z01,ZAR
4500005475,WK,2024-09-20T00:00:00,0001000031,Z100,Z03,ZAR
4500005476,AN,2025-08-20T00:00:00,0001000031,Z100,Z02,ZAR
4500005477,ZDOM,2026-06-29T00:00:00,0001000031,Z100,Z02,ZAR
4500005478,ZDOM,2024-09-30T00:00:00,0001000049,Z100,Z01,ZAR
4500005479,ZDOM,2025-01-03T00:00:00,0001000049,Z100,Z03,ZAR
4500005480,WK,2025-02-02T00:00:00,0001000049,Z100,Z03,ZAR
4500005481,AN,2025-03-11T00:00:00,0001000049,Z100,Z02,ZAR
4500005482,AN,2025-12-08T00:00:00,0001000049,Z100,Z02,ZAR
4500005483,WK,2025-12-22T00:00:00,0001000049,Z100,Z02,ZAR
4500005484,WK,2026-08-30T00:00:00,0001000049,Z100,Z02,ZAR
4500005485,WK,2025-04-19T00:00:00,0001000021,Z100,Z02,ZAR
4500005486,AN,2025-11-12T00:00:00,0001000021,Z100,Z03,ZAR
4500005487,ZDOM,2024-09-30T00:00:00,0001000042,Z100,Z03,ZAR
4500005488,WK,2024-10-12T00:00:00,0001000042,Z100,Z01,ZAR
4500005489,ZDOM,2024-12-31T00:00:00,0001000042,Z100,Z03,ZAR
4500005490,ZDOM,2025-02-05T00:00:00,0001000042,Z100,Z03,ZAR
4500005491,ZDOM,2026-04-03T00:00:00,0001000042,Z100,Z01,ZAR
4500005492,ZDOM,2024-10-03T00:00:00,0001000015,Z100,Z01,ZAR
4500005493,WK,2025-03-16T00:00:00,0001000015,Z100,Z01,ZAR
4500005494,WK,2025-09-25T00:00:00,0001000015,Z100,Z02,ZAR
4500005495,ZDOM,2026-03-08T00:00:00,0001000015,Z100,Z01,ZAR
4500005496,WK,2026-08-31T00:00:00,0001000015,Z100,Z02,ZAR
4500005497,AN,2024-11-26T00:00:00,0001000054,Z100,Z02,ZAR
4500005498,ZDOM,2025-04-06T00:00:00,0001000054,Z100,Z01,ZAR
4500005499,AN,2025-06-04T00:00:00,0001000054,Z100,Z03,ZAR
4500005500,ZDOM,2025-08-21T00:00:00,0001000054,Z100,Z02,ZAR
4500005501,WK,2025-10-05T00:00:00,0001000054,Z100,Z02,ZAR
4500005502,AN,2026-04-08T00:00:00,0001000054,Z100,Z02,ZAR
4500005503,WK,2026-04-15T00:00:00,0001000054,Z100,Z01,ZAR
4500005504,WK,2026-06-25T00:00:00,0001000054,Z100,Z03,ZAR
4500005505,ZDOM,2024-11-07T00:00:00,0001000054,Z100,Z03,ZAR
4500005506,ZDOM,2025-05-30T00:00:00,0001000054,Z100,Z02,ZAR
4500005507,WK,2025-06-30T00:00:00,0001000054,Z100,Z01,ZAR
4500005508,WK,2025-07-18T00:00:00,0001000054,Z100,Z03,ZAR
4500005509,AN,2025-12-09T00:00:00,0001000054,Z100,Z03,ZAR
4500005510,WK,2026-05-28T00:00:00,0001000054,Z100,Z03,ZAR
4500005511,ZDOM,2024-09-16T00:00:00,0001000043,Z100,Z03,ZAR
4500005512,ZDOM,2024-10-18T00:00:00,0001000043,Z100,Z03,ZAR
4500005513,ZDOM,2025-09-16T00:00:00,0001000043,Z100,Z01,ZAR
4500005514,AN,2025-10-28T00:00:00,0001000043,Z100,Z01,ZAR
4500005515,AN,2026-02-16T00:00:00,0001000043,Z100,Z02,ZAR
4500005516,WK,2024-11-14T00:00:00,0001000047,Z100,Z02,ZAR
4500005517,ZDOM,2024-12-28T00:00:00,0001000047,Z100,Z02,ZAR
4500005518,ZDOM,2025-06-02T00:00:00,0001000047,Z100,Z01,ZAR
4500005519,AN,2025-10-15T00:00:00,0001000047,Z100,Z03,ZAR
4500005520,AN,2026-03-28T00:00:00,0001000047,Z100,Z02,ZAR
4500005521,AN,2026-05-22T00:00:00,0001000047,Z100,Z01,ZAR
4500005522,AN,2024-10-26T00:00:00,0001000039,Z100,Z03,ZAR
4500005523,AN,2025-03-30T00:00:00,0001000039,Z100,Z02,ZAR
4500005524,ZDOM,2025-08-09T00:00:00,0001000039,Z100,Z03,ZAR
4500005525,WK,2026-01-23T00:00:00,0001000039,Z100,Z01,ZAR
4500005526,WK,2026-07-31T00:00:00,0001000039,Z100,Z01,ZAR
4500005527,AN,2024-09-07T00:00:00,0001000043,Z100,Z01,ZAR
4500005528,WK,2024-10-15T00:00:00,0001000043,Z100,Z02,ZAR
4500005529,WK,2025-12-29T00:00:00,0001000043,Z100,Z03,ZAR
4500005530,ZDOM,2026-08-31T00:00:00,0001000043,Z100,Z03,ZAR
4500005531,AN,2024-09-19T00:00:00,0001000047,Z100,Z01,ZAR
4500005532,ZDOM,2025-10-28T00:00:00,0001000047,Z100,Z01,ZAR
4500005533,ZDOM,2024-09-08T00:00:00,0001000023,Z100,Z02,ZAR
4500005534,WK,2024-10-14T00:00:00,0001000023,Z100,Z02,ZAR
4500005535,ZDOM,2025-03-22T00:00:00,0001000023,Z100,Z01,ZAR
4500005536,AN,2025-06-23T00:00:00,0001000023,Z100,Z03,ZAR
4500005537,ZDOM,2025-07-28T00:00:00,0001000023,Z100,Z03,ZAR
4500005538,ZDOM,2026-05-29T00:00:00,0001000023,Z100,Z03,ZAR
4500005539,ZDOM,2025-02-13T00:00:00,0001000008,Z100,Z03,ZAR
4500005540,AN,2025-08-28T00:00:00,0001000008,Z100,Z01,ZAR
4500005541,ZDOM,2025-09-20T00:00:00,0001000008,Z100,Z02,ZAR
4500005542,WK,2026-07-17T00:00:00,0001000008,Z100,Z03,ZAR
4500005543,ZDOM,2025-04-06T00:00:00,0001000023,Z100,Z03,ZAR
4500005544,ZDOM,2025-04-20T00:00:00,0001000023,Z100,Z02,ZAR
4500005545,WK,2026-01-02T00:00:00,0001000023,Z100,Z03,ZAR
4500005546,AN,2026-07-24T00:00:00,0001000023,Z100,Z02,ZAR
4500005547,WK,2024-09-24T00:00:00,0001000033,Z100,Z01,ZAR
4500005548,ZDOM,2025-04-20T00:00:00,0001000033,Z100,Z02,ZAR
4500005549,AN,2025-10-30T00:00:00,0001000033,Z100,Z01,ZAR
4500005550,WK,2026-02-14T00:00:00,0001000033,Z100,Z01,ZAR
4500005551,AN,2026-05-13T00:00:00,0001000033,Z100,Z02,ZAR
4500005552,AN,2026-06-13T00:00:00,0001000033,Z100,Z01,ZAR
4500005553,AN,2024-09-23T00:00:00,0001000033,Z100,Z01,ZAR
4500005554,WK,2024-10-16T00:00:00,0001000033,Z100,Z03,ZAR
4500005555,WK,2025-02-04T00:00:00,0001000033,Z100,Z02,ZAR
4500005556,AN,2025-07-08T00:00:00,0001000033,Z100,Z01,ZAR
4500005557,WK,2026-05-18T00:00:00,0001000033,Z100,Z03,ZAR
4500005558,WK,2026-07-16T00:00:00,0001000033,Z100,Z01,ZAR
4500005559,ZDOM,2024-10-08T00:00:00,0001000043,Z100,Z03,ZAR
4500005560,ZDOM,2025-02-25T00:00:00,0001000043,Z100,Z03,ZAR
4500005561,AN,2025-12-22T00:00:00,0001000043,Z100,Z02,ZAR
4500005562,ZDOM,2026-08-04T00:00:00,0001000043,Z100,Z02,ZAR
4500005563,WK,2024-10-20T00:00:00,0001000028,Z100,Z01,ZAR
4500005564,AN,2024-11-15T00:00:00,0001000028,Z100,Z02,ZAR
4500005565,WK,2025-11-06T00:00:00,0001000028,Z100,Z02,ZAR
4500005566,AN,2026-05-26T00:00:00,0001000028,Z100,Z02,ZAR
4500005567,WK,2024-09-29T00:00:00,0001000056,Z100,Z01,ZAR
4500005568,WK,2025-07-25T00:00:00,0001000056,Z100,Z01,ZAR
4500005569,AN,2025-08-07T00:00:00,0001000056,Z100,Z01,ZAR
4500005570,AN,2026-04-30T00:00:00,0001000056,Z100,Z03,ZAR
4500005571,AN,2024-09-09T00:00:00,0001000056,Z100,Z02,ZAR
4500005572,WK,2025-01-30T00:00:00,0001000056,Z100,Z03,ZAR
4500005573,AN,2026-01-07T00:00:00,0001000056,Z100,Z03,ZAR
4500005574,ZDOM,2024-10-02T00:00:00,0001000011,Z100,Z02,ZAR
4500005575,AN,2025-02-21T00:00:00,0001000011,Z100,Z02,ZAR
4500005576,ZDOM,2025-05-30T00:00:00,0001000011,Z100,Z01,ZAR
4500005577,AN,2025-11-27T00:00:00,0001000011,Z100,Z01,ZAR
4500005578,WK,2026-04-17T00:00:00,0001000011,Z100,Z02,ZAR
4500005579,AN,2024-10-08T00:00:00,0001000011,Z100,Z03,ZAR
4500005580,ZDOM,2025-04-17T00:00:00,0001000011,Z100,Z01,ZAR
4500005581,AN,2025-09-29T00:00:00,0001000011,Z100,Z02,ZAR
4500005582,WK,2026-06-19T00:00:00,0001000011,Z100,Z03,ZAR
4500005583,WK,2024-10-25T00:00:00,0001000027,Z100,Z03,ZAR
4500005584,ZDOM,2025-06-26T00:00:00,0001000027,Z100,Z02,ZAR
4500005585,AN,2026-02-26T00:00:00,0001000027,Z100,Z03,ZAR
4500005586,AN,2024-09-22T00:00:00,0001000027,Z100,Z03,ZAR
4500005587,ZDOM,2024-10-25T00:00:00,0001000027,Z100,Z03,ZAR
4500005588,AN,2026-09-07T00:00:00,0001000027,Z100,Z03,ZAR
4500005589,ZDOM,2024-09-23T00:00:00,0001000035,Z100,Z01,ZAR
4500005590,AN,2026-04-02T00:00:00,0001000035,Z100,Z01,ZAR
4500005591,AN,2025-04-13T00:00:00,0001000030,Z100,Z01,ZAR
4500005592,WK,2026-01-22T00:00:00,0001000030,Z100,Z01,ZAR
4500005593,AN,2026-05-27T00:00:00,0001000030,Z100,Z01,ZAR
4500005594,ZDOM,2024-09-13T00:00:00,0001000023,Z100,Z02,ZAR
4500005595,WK,2024-10-08T00:00:00,0001000023,Z100,Z02,ZAR
4500005596,ZDOM,2025-01-27T00:00:00,0001000023,Z100,Z01,ZAR
4500005597,AN,2025-03-12T00:00:00,0001000023,Z100,Z01,ZAR
4500005598,ZDOM,2025-07-16T00:00:00,0001000023,Z100,Z03,ZAR
4500005599,AN,2025-09-27T00:00:00,0001000023,Z100,Z02,ZAR
4500005600,WK,2025-10-31T00:00:00,0001000023,Z100,Z01,ZAR
4500005601,WK,2025-12-07T00:00:00,0001000023,Z100,Z02,ZAR
4500005602,WK,2026-05-13T00:00:00,0001000023,Z100,Z02,ZAR
4500005603,ZDOM,2026-07-29T00:00:00,0001000023,Z100,Z01,ZAR
4500005604,ZDOM,2024-09-21T00:00:00,0001000023,Z100,Z01,ZAR
4500005605,WK,2025-01-17T00:00:00,0001000023,Z100,Z01,ZAR
4500005606,WK,2025-06-23T00:00:00,0001000023,Z100,Z01,ZAR
4500005607,ZDOM,2025-10-15T00:00:00,0001000023,Z100,Z01,ZAR
4500005608,AN,2026-02-13T00:00:00,0001000023,Z100,Z02,ZAR
4500005609,ZDOM,2026-06-11T00:00:00,0001000023,Z100,Z03,ZAR
4500005610,WK,2026-09-07T00:00:00,0001000023,Z100,Z01,ZAR
4500005611,AN,2025-03-12T00:00:00,0001000041,Z100,Z02,ZAR
4500005612,ZDOM,2025-05-10T00:00:00,0001000041,Z100,Z01,ZAR
4500005613,WK,2026-03-06T00:00:00,0001000041,Z100,Z01,ZAR
4500005614,WK,2026-06-01T00:00:00,0001000041,Z100,Z02,ZAR
4500005615,AN,2024-09-27T00:00:00,0001000047,Z100,Z02,ZAR
4500005616,AN,2025-01-21T00:00:00,0001000047,Z100,Z03,ZAR
4500005617,WK,2025-03-05T00:00:00,0001000047,Z100,Z03,ZAR
4500005618,ZDOM,2025-03-23T00:00:00,0001000047,Z100,Z02,ZAR
4500005619,ZDOM,2025-05-01T00:00:00,0001000047,Z100,Z01,ZAR
4500005620,WK,2025-05-31T00:00:00,0001000047,Z100,Z01,ZAR
4500005621,WK,2025-11-09T00:00:00,0001000047,Z100,Z02,ZAR
4500005622,ZDOM,2025-12-15T00:00:00,0001000047,Z100,Z03,ZAR
4500005623,WK,2026-02-04T00:00:00,0001000047,Z100,Z01,ZAR
4500005624,WK,2024-09-10T00:00:00,0001000021,Z100,Z03,ZAR
4500005625,ZDOM,2024-10-24T00:00:00,0001000021,Z100,Z01,ZAR
4500005626,ZDOM,2025-03-22T00:00:00,0001000021,Z100,Z02,ZAR
4500005627,ZDOM,2025-07-04T00:00:00,0001000021,Z100,Z01,ZAR
4500005628,AN,2025-07-30T00:00:00,0001000021,Z100,Z02,ZAR
4500005629,ZDOM,2025-12-26T00:00:00,0001000021,Z100,Z01,ZAR
4500005630,ZDOM,2026-04-23T00:00:00,0001000021,Z100,Z02,ZAR
4500005631,ZDOM,2026-09-03T00:00:00,0001000021,Z100,Z03,ZAR
4500005632,ZDOM,2024-09-09T00:00:00,0001000000,Z100,Z02,ZAR
4500005633,ZDOM,2025-01-21T00:00:00,0001000000,Z100,Z03,ZAR
4500005634,WK,2025-02-12T00:00:00,0001000000,Z100,Z03,ZAR
4500005635,WK,2025-04-09T00:00:00,0001000000,Z100,Z01,ZAR
4500005636,WK,2025-04-29T00:00:00,0001000000,Z100,Z01,ZAR
4500005637,AN,2025-09-21T00:00:00,0001000000,Z100,Z03,ZAR
4500005638,ZDOM,2026-09-01T00:00:00,0001000000,Z100,Z03,ZAR
4500005639,ZDOM,2025-01-10T00:00:00,0001000025,Z100,Z01,ZAR
4500005640,ZDOM,2025-02-03T00:00:00,0001000025,Z100,Z02,ZAR
4500005641,AN,2025-06-12T00:00:00,0001000025,Z100,Z03,ZAR
4500005642,WK,2025-07-16T00:00:00,0001000025,Z100,Z02,ZAR
4500005643,ZDOM,2025-10-23T00:00:00,0001000025,Z100,Z02,ZAR
4500005644,ZDOM,2025-11-30T00:00:00,0001000025,Z100,Z01,ZAR
4500005645,WK,2025-12-19T00:00:00,0001000025,Z100,Z01,ZAR
4500005646,WK,2026-01-25T00:00:00,0001000025,Z100,Z02,ZAR
4500005647,ZDOM,2026-02-03T00:00:00,0001000025,Z100,Z01,ZAR
4500005648,AN,2026-09-03T00:00:00,0001000025,Z100,Z02,ZAR
4500005649,WK,2024-09-26T00:00:00,0001000007,Z100,Z02,ZAR
4500005650,WK,2024-10-22T00:00:00,0001000007,Z100,Z03,ZAR
4500005651,ZDOM,2025-03-22T00:00:00,0001000007,Z100,Z02,ZAR
4500005652,WK,2025-11-08T00:00:00,0001000007,Z100,Z02,ZAR
4500005653,ZDOM,2025-11-25T00:00:00,0001000007,Z100,Z03,ZAR
4500005654,AN,2026-08-13T00:00:00,0001000007,Z100,Z01,ZAR
4500005655,WK,2024-09-28T00:00:00,0001000036,Z100,Z01,ZAR
4500005656,WK,2024-12-24T00:00:00,0001000036,Z100,Z01,ZAR
4500005657,AN,2025-11-02T00:00:00,0001000036,Z100,Z02,ZAR
4500005658,WK,2026-06-26T00:00:00,0001000036,Z100,Z03,ZAR
4500005659,AN,2026-07-09T00:00:00,0001000036,Z100,Z03,ZAR
4500005660,ZDOM,2024-10-08T00:00:00,0001000036,Z100,Z01,ZAR
4500005661,AN,2025-02-05T00:00:00,0001000036,Z100,Z01,ZAR
4500005662,ZDOM,2025-04-10T00:00:00,0001000036,Z100,Z02,ZAR
4500005663,ZDOM,2025-06-11T00:00:00,0001000036,Z100,Z02,ZAR
4500005664,ZDOM,2025-07-22T00:00:00,0001000036,Z100,Z03,ZAR
4500005665,ZDOM,2025-11-05T00:00:00,0001000036,Z100,Z01,ZAR
4500005666,WK,2026-03-27T00:00:00,0001000036,Z100,Z03,ZAR
4500005667,ZDOM,2026-04-18T00:00:00,0001000036,Z100,Z03,ZAR
4500005668,WK,2026-06-16T00:00:00,0001000036,Z100,Z01,ZAR
4500005669,AN,2026-07-16T00:00:00,0001000036,Z100,Z02,ZAR
4500005670,AN,2024-11-24T00:00:00,0001000046,Z100,Z02,ZAR
4500005671,WK,2025-03-22T00:00:00,0001000046,Z100,Z02,ZAR
4500005672,AN,2025-06-30T00:00:00,0001000046,Z100,Z01,ZAR
4500005673,WK,2025-09-29T00:00:00,0001000046,Z100,Z01,ZAR
4500005674,ZDOM,2026-03-01T00:00:00,0001000046,Z100,Z01,ZAR
4500005675,WK,2026-05-04T00:00:00,0001000046,Z100,Z02,ZAR
4500005676,ZDOM,2026-06-17T00:00:00,0001000046,Z100,Z01,ZAR
4500005677,ZDOM,2024-10-06T00:00:00,0001000023,Z100,Z02,ZAR
4500005678,WK,2024-11-09T00:00:00,0001000023,Z100,Z02,ZAR
4500005679,WK,2024-11-11T00:00:00,0001000023,Z100,Z01,ZAR
4500005680,WK,2025-02-25T00:00:00,0001000023,Z100,Z01,ZAR
4500005681,WK,2025-05-06T00:00:00,0001000023,Z100,Z03,ZAR
4500005682,AN,2025-07-09T00:00:00,0001000023,Z100,Z02,ZAR
4500005683,AN,2025-11-10T00:00:00,0001000023,Z100,Z01,ZAR
4500005684,ZDOM,2025-12-07T00:00:00,0001000023,Z100,Z02,ZAR
4500005685,ZDOM,2026-07-20T00:00:00,0001000023,Z100,Z02,ZAR
4500005686,ZDOM,2024-10-03T00:00:00,0001000041,Z100,Z01,ZAR
4500005687,WK,2024-12-04T00:00:00,0001000041,Z100,Z02,ZAR
4500005688,ZDOM,2025-01-07T00:00:00,0001000041,Z100,Z02,ZAR
4500005689,WK,2025-06-05T00:00:00,0001000041,Z100,Z01,ZAR
4500005690,AN,2025-10-17T00:00:00,0001000041,Z100,Z03,ZAR
4500005691,AN,2025-11-21T00:00:00,0001000041,Z100,Z02,ZAR
4500005692,WK,2026-05-28T00:00:00,0001000041,Z100,Z01,ZAR
4500005693,WK,2026-06-06T00:00:00,0001000041,Z100,Z01,ZAR
4500005694,ZDOM,2026-07-22T00:00:00,0001000041,Z100,Z01,ZAR
4500005695,AN,2024-11-16T00:00:00,0001000041,Z100,Z01,ZAR
4500005696,WK,2024-12-16T00:00:00,0001000041,Z100,Z02,ZAR
4500005697,WK,2025-01-20T00:00:00,0001000041,Z100,Z02,ZAR
4500005698,AN,2025-02-05T00:00:00,0001000041,Z100,Z01,ZAR
4500005699,ZDOM,2025-06-26T00:00:00,0001000041,Z100,Z01,ZAR
4500005700,WK,2025-07-25T00:00:00,0001000041,Z100,Z03,ZAR
4500005701,ZDOM,2025-09-03T00:00:00,0001000041,Z100,Z01,ZAR
4500005702,AN,2025-12-13T00:00:00,0001000041,Z100,Z02,ZAR
4500005703,WK,2026-03-30T00:00:00,0001000041,Z100,Z01,ZAR
4500005704,AN,2024-10-07T00:00:00,0001000019,Z100,Z01,ZAR
4500005705,AN,2025-05-28T00:00:00,0001000019,Z100,Z01,ZAR
4500005706,AN,2025-06-15T00:00:00,0001000019,Z100,Z03,ZAR
4500005707,WK,2026-07-18T00:00:00,0001000019,Z100,Z02,ZAR
4500005708,ZDOM,2026-08-04T00:00:00,0001000019,Z100,Z03,ZAR
4500005709,WK,2024-10-27T00:00:00,0001000041,Z100,Z03,ZAR
4500005710,ZDOM,2025-01-12T00:00:00,0001000041,Z100,Z03,ZAR
4500005711,WK,2025-06-16T00:00:00,0001000041,Z100,Z03,ZAR
4500005712,ZDOM,2025-09-12T00:00:00,0001000041,Z100,Z01,ZAR
4500005713,WK,2026-01-29T00:00:00,0001000041,Z100,Z03,ZAR
4500005714,WK,2026-06-13T00:00:00,0001000041,Z100,Z01,ZAR
4500005715,AN,2025-06-23T00:00:00,0001000045,Z100,Z01,ZAR
4500005716,WK,2025-12-02T00:00:00,0001000045,Z100,Z01,ZAR
4500005717,ZDOM,2026-03-20T00:00:00,0001000045,Z100,Z03,ZAR
4500005718,ZDOM,2026-08-03T00:00:00,0001000045,Z100,Z03,ZAR
4500005719,ZDOM,2026-08-29T00:00:00,0001000045,Z100,Z02,ZAR
4500005720,WK,2024-11-01T00:00:00,0001000014,Z100,Z01,ZAR
4500005721,WK,2024-11-27T00:00:00,0001000014,Z100,Z03,ZAR
4500005722,AN,2025-02-23T00:00:00,0001000014,Z100,Z01,ZAR
4500005723,AN,2025-03-25T00:00:00,0001000014,Z100,Z02,ZAR
4500005724,WK,2025-05-04T00:00:00,0001000014,Z100,Z03,ZAR
4500005725,ZDOM,2025-10-18T00:00:00,0001000014,Z100,Z01,ZAR
4500005726,ZDOM,2026-01-09T00:00:00,0001000014,Z100,Z02,ZAR
4500005727,AN,2026-06-29T00:00:00,0001000014,Z100,Z02,ZAR
4500005728,ZDOM,2026-07-16T00:00:00,0001000014,Z100,Z03,ZAR
4500005729,WK,2026-08-23T00:00:00,0001000014,Z100,Z02,ZAR
4500005730,AN,2024-09-23T00:00:00,0001000014,Z100,Z02,ZAR
4500005731,WK,2025-04-06T00:00:00,0001000014,Z100,Z01,ZAR
4500005732,ZDOM,2025-11-25T00:00:00,0001000014,Z100,Z01,ZAR
4500005733,AN,2026-05-07T00:00:00,0001000014,Z100,Z03,ZAR
4500005734,WK,2026-06-16T00:00:00,0001000014,Z100,Z02,ZAR
4500005735,ZDOM,2024-11-24T00:00:00,0001000038,Z100,Z03,ZAR
4500005736,ZDOM,2025-01-17T00:00:00,0001000038,Z100,Z01,ZAR
4500005737,ZDOM,2025-02-19T00:00:00,0001000038,Z100,Z01,ZAR
4500005738,AN,2025-06-05T00:00:00,0001000038,Z100,Z03,ZAR
4500005739,ZDOM,2025-10-07T00:00:00,0001000038,Z100,Z02,ZAR
4500005740,AN,2026-02-16T00:00:00,0001000038,Z100,Z01,ZAR
4500005741,AN,2026-07-02T00:00:00,0001000038,Z100,Z03,ZAR
4500005742,ZDOM,2024-10-18T00:00:00,0001000038,Z100,Z02,ZAR
4500005743,ZDOM,2025-05-27T00:00:00,0001000038,Z100,Z02,ZAR
4500005744,WK,2025-12-20T00:00:00,0001000038,Z100,Z03,ZAR
4500005745,WK,2026-05-28T00:00:00,0001000038,Z100,Z01,ZAR
4500005746,ZDOM,2024-10-09T00:00:00,0001000041,Z100,Z01,ZAR
4500005747,AN,2024-11-05T00:00:00,0001000041,Z100,Z02,ZAR
4500005748,ZDOM,2024-11-16T00:00:00,0001000041,Z100,Z03,ZAR
4500005749,WK,2025-02-27T00:00:00,0001000041,Z100,Z03,ZAR
4500005750,ZDOM,2025-03-13T00:00:00,0001000041,Z100,Z02,ZAR
4500005751,ZDOM,2025-06-04T00:00:00,0001000041,Z100,Z02,ZAR
4500005752,WK,2025-10-28T00:00:00,0001000041,Z100,Z03,ZAR
4500005753,AN,2026-01-29T00:00:00,0001000041,Z100,Z02,ZAR
4500005754,ZDOM,2024-09-22T00:00:00,0001000041,Z100,Z02,ZAR
4500005755,AN,2025-05-16T00:00:00,0001000041,Z100,Z02,ZAR
4500005756,WK,2026-01-15T00:00:00,0001000041,Z100,Z01,ZAR
4500005757,AN,2026-06-04T00:00:00,0001000041,Z100,Z02,ZAR
4500005758,WK,2024-10-03T00:00:00,0001000006,Z100,Z01,ZAR
4500005759,ZDOM,2025-05-28T00:00:00,0001000006,Z100,Z01,ZAR
4500005760,WK,2025-08-27T00:00:00,0001000006,Z100,Z02,ZAR
4500005761,AN,2026-02-03T00:00:00,0001000006,Z100,Z03,ZAR
4500005762,ZDOM,2024-09-25T00:00:00,0001000041,Z100,Z02,ZAR
4500005763,WK,2024-10-29T00:00:00,0001000041,Z100,Z03,ZAR
4500005764,WK,2025-04-20T00:00:00,0001000041,Z100,Z03,ZAR
4500005765,AN,2025-09-14T00:00:00,0001000041,Z100,Z03,ZAR
4500005766,ZDOM,2025-12-13T00:00:00,0001000041,Z100,Z03,ZAR
4500005767,ZDOM,2026-04-14T00:00:00,0001000041,Z100,Z03,ZAR
4500005768,WK,2026-09-07T00:00:00,0001000041,Z100,Z02,ZAR
4500005769,AN,2025-01-18T00:00:00,0001000000,Z100,Z01,ZAR
4500005770,WK,2025-05-12T00:00:00,0001000000,Z100,Z03,ZAR
4500005771,ZDOM,2025-11-25T00:00:00,0001000000,Z100,Z03,ZAR
4500005772,AN,2026-04-01T00:00:00,0001000000,Z100,Z01,ZAR
4500005773,AN,2026-07-16T00:00:00,0001000000,Z100,Z03,ZAR
4500005774,AN,2024-10-23T00:00:00,0001000025,Z100,Z01,ZAR
4500005775,AN,2025-02-20T00:00:00,0001000025,Z100,Z01,ZAR
4500005776,ZDOM,2025-03-20T00:00:00,0001000025,Z100,Z02,ZAR
4500005777,WK,2025-04-14T00:00:00,0001000025,Z100,Z01,ZAR
4500005778,AN,2025-05-23T00:00:00,0001000025,Z100,Z03,ZAR
4500005779,ZDOM,2025-10-22T00:00:00,0001000025,Z100,Z02,ZAR
4500005780,ZDOM,2026-01-18T00:00:00,0001000025,Z100,Z01,ZAR
4500005781,WK,2026-02-17T00:00:00,0001000025,Z100,Z02,ZAR
4500005782,WK,2026-08-02T00:00:00,0001000025,Z100,Z01,ZAR
4500005783,ZDOM,2024-11-14T00:00:00,0001000019,Z100,Z01,ZAR
4500005784,ZDOM,2025-04-20T00:00:00,0001000019,Z100,Z01,ZAR
4500005785,WK,2025-08-11T00:00:00,0001000019,Z100,Z02,ZAR
4500005786,WK,2025-11-15T00:00:00,0001000019,Z100,Z01,ZAR
4500005787,AN,2026-03-18T00:00:00,0001000019,Z100,Z03,ZAR
4500005788,WK,2026-05-02T00:00:00,0001000019,Z100,Z03,ZAR
4500005789,WK,2026-05-30T00:00:00,0001000019,Z100,Z01,ZAR
4500005790,ZDOM,2026-08-24T00:00:00,0001000019,Z100,Z03,ZAR
4500005791,AN,2024-10-23T00:00:00,0001000026,Z100,Z02,ZAR
4500005792,AN,2025-02-13T00:00:00,0001000026,Z100,Z01,ZAR
4500005793,WK,2025-05-16T00:00:00,0001000026,Z100,Z03,ZAR
4500005794,AN,2025-08-18T00:00:00,0001000026,Z100,Z01,ZAR
4500005795,ZDOM,2025-12-30T00:00:00,0001000026,Z100,Z02,ZAR
4500005796,AN,2026-01-14T00:00:00,0001000026,Z100,Z02,ZAR
4500005797,WK,2026-03-08T00:00:00,0001000026,Z100,Z01,ZAR
4500005798,WK,2026-07-13T00:00:00,0001000026,Z100,Z02,ZAR
4500005799,AN,2025-08-13T00:00:00,0001000041,Z100,Z01,ZAR
4500005800,AN,2026-06-12T00:00:00,0001000041,Z100,Z02,ZAR
4500005801,ZDOM,2024-10-26T00:00:00,0001000017,Z100,Z03,ZAR
4500005802,AN,2024-12-14T00:00:00,0001000017,Z100,Z01,ZAR
4500005803,WK,2025-01-18T00:00:00,0001000017,Z100,Z02,ZAR
4500005804,ZDOM,2025-05-15T00:00:00,0001000017,Z100,Z03,ZAR
4500005805,AN,2025-07-09T00:00:00,0001000017,Z100,Z03,ZAR
4500005806,AN,2025-08-15T00:00:00,0001000017,Z100,Z03,ZAR
4500005807,ZDOM,2026-06-08T00:00:00,0001000017,Z100,Z03,ZAR
4500005808,WK,2026-07-23T00:00:00,0001000017,Z100,Z02,ZAR
4500005809,AN,2024-10-02T00:00:00,0001000017,Z100,Z03,ZAR
4500005810,AN,2024-10-14T00:00:00,0001000017,Z100,Z02,ZAR
4500005811,ZDOM,2025-04-25T00:00:00,0001000017,Z100,Z01,ZAR
4500005812,ZDOM,2025-08-27T00:00:00,0001000017,Z100,Z01,ZAR
4500005813,ZDOM,2025-12-18T00:00:00,0001000017,Z100,Z01,ZAR
4500005814,WK,2026-04-13T00:00:00,0001000017,Z100,Z02,ZAR
4500005815,WK,2025-01-31T00:00:00,0001000032,Z100,Z01,ZAR
4500005816,ZDOM,2025-06-01T00:00:00,0001000032,Z100,Z03,ZAR
4500005817,ZDOM,2026-01-21T00:00:00,0001000032,Z100,Z01,ZAR
4500005818,AN,2026-02-10T00:00:00,0001000032,Z100,Z02,ZAR
4500005819,ZDOM,2026-09-07T00:00:00,0001000032,Z100,Z03,ZAR
4500005820,AN,2024-09-26T00:00:00,0001000032,Z100,Z01,ZAR
4500005821,AN,2025-03-07T00:00:00,0001000032,Z100,Z03,ZAR
4500005822,ZDOM,2026-03-26T00:00:00,0001000032,Z100,Z03,ZAR
4500005823,AN,2026-08-10T00:00:00,0001000032,Z100,Z03,ZAR
4500005824,AN,2024-09-22T00:00:00,0001000044,Z100,Z01,ZAR
4500005825,AN,2024-11-04T00:00:00,0001000044,Z100,Z02,ZAR
4500005826,AN,2025-09-14T00:00:00,0001000044,Z100,Z01,ZAR
4500005827,WK,2026-05-09T00:00:00,0001000044,Z100,Z03,ZAR
4500005828,WK,2026-08-10T00:00:00,0001000044,Z100,Z02,ZAR
4500005829,WK,2026-03-30T00:00:00,0001000059,Z100,Z02,ZAR
4500005830,WK,2024-09-06T00:00:00,0001000034,Z100,Z03,ZAR
4500005831,WK,2024-10-09T00:00:00,0001000034,Z100,Z03,ZAR
4500005832,ZDOM,2024-11-25T00:00:00,0001000034,Z100,Z02,ZAR
4500005833,AN,2024-12-09T00:00:00,0001000034,Z100,Z01,ZAR
4500005834,AN,2025-04-19T00:00:00,0001000034,Z100,Z01,ZAR
4500005835,WK,2025-06-05T00:00:00,0001000034,Z100,Z02,ZAR
4500005836,ZDOM,2025-07-29T00:00:00,0001000034,Z100,Z03,ZAR
4500005837,WK,2025-12-06T00:00:00,0001000034,Z100,Z01,ZAR
4500005838,WK,2026-07-15T00:00:00,0001000034,Z100,Z01,ZAR
4500005839,ZDOM,2024-09-18T00:00:00,0001000011,Z100,Z02,ZAR
4500005840,WK,2024-10-16T00:00:00,0001000011,Z100,Z02,ZAR
4500005841,WK,2025-09-30T00:00:00,0001000011,Z100,Z01,ZAR
4500005842,WK,2025-11-02T00:00:00,0001000011,Z100,Z03,ZAR
4500005843,ZDOM,2025-11-16T00:00:00,0001000011,Z100,Z03,ZAR
4500005844,ZDOM,2025-05-26T00:00:00,0001000021,Z100,Z01,ZAR
4500005845,ZDOM,2026-02-07T00:00:00,0001000021,Z100,Z01,ZAR
4500005846,WK,2024-09-03T00:00:00,0001000018,Z100,Z01,ZAR
4500005847,WK,2025-02-07T00:00:00,0001000018,Z100,Z02,ZAR
4500005848,ZDOM,2025-09-14T00:00:00,0001000018,Z100,Z02,ZAR
4500005849,WK,2026-03-21T00:00:00,0001000018,Z100,Z01,ZAR
4500005850,ZDOM,2026-04-20T00:00:00,0001000018,Z100,Z03,ZAR
4500005851,AN,2026-06-27T00:00:00,0001000018,Z100,Z01,ZAR
4500005852,AN,2024-09-22T00:00:00,0001000036,Z100,Z01,ZAR
4500005853,ZDOM,2024-12-27T00:00:00,0001000036,Z100,Z01,ZAR
4500005854,WK,2025-02-24T00:00:00,0001000036,Z100,Z03,ZAR
4500005855,WK,2025-03-21T00:00:00,0001000036,Z100,Z01,ZAR
4500005856,ZDOM,2024-11-26T00:00:00,0001000036,Z100,Z03,ZAR
4500005857,WK,2025-08-13T00:00:00,0001000036,Z100,Z02,ZAR
4500005858,ZDOM,2025-11-20T00:00:00,0001000036,Z100,Z03,ZAR
4500005859,ZDOM,2025-12-14T00:00:00,0001000036,Z100,Z03,ZAR
4500005860,ZDOM,2026-03-29T00:00:00,0001000036,Z100,Z01,ZAR
4500005861,WK,2026-05-28T00:00:00,0001000036,Z100,Z01,ZAR
4500005862,AN,2026-08-23T00:00:00,0001000036,Z100,Z02,ZAR
4500005863,WK,2024-09-05T00:00:00,0001000051,Z100,Z01,ZAR
4500005864,ZDOM,2026-07-02T00:00:00,0001000051,Z100,Z02,ZAR
4500005865,ZDOM,2024-09-05T00:00:00,0001000026,Z100,Z01,ZAR
4500005866,AN,2024-10-22T00:00:00,0001000026,Z100,Z03,ZAR
4500005867,ZDOM,2024-11-19T00:00:00,0001000026,Z100,Z03,ZAR
4500005868,AN,2026-05-01T00:00:00,0001000026,Z100,Z01,ZAR
4500005869,WK,2026-05-12T00:00:00,0001000026,Z100,Z01,ZAR
4500005870,WK,2024-09-18T00:00:00,0001000017,Z100,Z02,ZAR
4500005871,AN,2025-07-27T00:00:00,0001000017,Z100,Z02,ZAR
4500005872,WK,2024-09-30T00:00:00,0001000017,Z100,Z01,ZAR
4500005873,ZDOM,2026-03-06T00:00:00,0001000017,Z100,Z02,ZAR
4500005874,WK,2024-10-14T00:00:00,0001000055,Z100,Z02,ZAR
4500005875,AN,2025-03-01T00:00:00,0001000055,Z100,Z03,ZAR
4500005876,WK,2025-09-06T00:00:00,0001000055,Z100,Z03,ZAR
4500005877,WK,2025-12-24T00:00:00,0001000055,Z100,Z03,ZAR
4500005878,AN,2026-05-28T00:00:00,0001000055,Z100,Z01,ZAR
4500005879,WK,2026-07-18T00:00:00,0001000055,Z100,Z02,ZAR
4500005880,ZDOM,2024-12-01T00:00:00,0001000050,Z100,Z03,ZAR
4500005881,AN,2025-01-05T00:00:00,0001000050,Z100,Z02,ZAR
4500005882,WK,2025-01-30T00:00:00,0001000050,Z100,Z02,ZAR
4500005883,WK,2026-05-06T00:00:00,0001000050,Z100,Z02,ZAR
4500005884,ZDOM,2024-10-04T00:00:00,0001000050,Z100,Z03,ZAR
4500005885,AN,2025-02-16T00:00:00,0001000050,Z100,Z01,ZAR
4500005886,ZDOM,2024-09-20T00:00:00,0001000033,Z100,Z03,ZAR
4500005887,AN,2024-10-30T00:00:00,0001000033,Z100,Z01,ZAR
4500005888,ZDOM,2025-04-25T00:00:00,0001000033,Z100,Z03,ZAR
4500005889,AN,2025-12-22T00:00:00,0001000033,Z100,Z01,ZAR
4500005890,AN,2026-01-12T00:00:00,0001000047,Z100,Z01,ZAR
4500005891,ZDOM,2026-07-19T00:00:00,0001000017,Z100,Z01,ZAR
4500005892,WK,2026-09-05T00:00:00,0001000017,Z100,Z02,ZAR
4500005893,ZDOM,2024-11-10T00:00:00,0001000042,Z100,Z01,ZAR
4500005894,ZDOM,2024-12-29T00:00:00,0001000042,Z100,Z03,ZAR
4500005895,ZDOM,2025-02-05T00:00:00,0001000042,Z100,Z03,ZAR
4500005896,WK,2025-05-01T00:00:00,0001000042,Z100,Z02,ZAR
4500005897,ZDOM,2025-09-14T00:00:00,0001000042,Z100,Z03,ZAR
4500005898,ZDOM,2025-10-31T00:00:00,0001000042,Z100,Z01,ZAR
4500005899,AN,2026-06-27T00:00:00,0001000042,Z100,Z01,ZAR
4500005900,WK,2024-11-25T00:00:00,0001000042,Z100,Z03,ZAR
4500005901,AN,2025-07-13T00:00:00,0001000042,Z100,Z03,ZAR
4500005902,WK,2025-09-27T00:00:00,0001000042,Z100,Z03,ZAR
4500005903,AN,2026-03-17T00:00:00,0001000042,Z100,Z02,ZAR
4500005904,ZDOM,2026-06-18T00:00:00,0001000042,Z100,Z02,ZAR
4500005905,ZDOM,2026-07-08T00:00:00,0001000042,Z100,Z03,ZAR
4500005906,ZDOM,2024-10-21T00:00:00,0001000057,Z100,Z02,ZAR
4500005907,WK,2024-11-05T00:00:00,0001000057,Z100,Z01,ZAR
4500005908,WK,2025-06-02T00:00:00,0001000057,Z100,Z01,ZAR
4500005909,AN,2025-11-25T00:00:00,0001000057,Z100,Z03,ZAR
4500005910,AN,2026-05-26T00:00:00,0001000057,Z100,Z02,ZAR
4500005911,ZDOM,2024-11-22T00:00:00,0001000047,Z100,Z01,ZAR
4500005912,ZDOM,2024-12-27T00:00:00,0001000047,Z100,Z01,ZAR
4500005913,AN,2025-02-17T00:00:00,0001000047,Z100,Z03,ZAR
4500005914,ZDOM,2025-04-05T00:00:00,0001000047,Z100,Z03,ZAR
4500005915,ZDOM,2025-04-15T00:00:00,0001000047,Z100,Z01,ZAR
4500005916,AN,2025-07-12T00:00:00,0001000047,Z100,Z02,ZAR
4500005917,AN,2025-09-12T00:00:00,0001000047,Z100,Z01,ZAR
4500005918,WK,2025-11-18T00:00:00,0001000047,Z100,Z03,ZAR
4500005919,WK,2025-12-16T00:00:00,0001000047,Z100,Z03,ZAR
4500005920,WK,2026-03-20T00:00:00,0001000047,Z100,Z01,ZAR
4500005921,ZDOM,2026-07-01T00:00:00,0001000047,Z100,Z01,ZAR
4500005922,WK,2026-08-17T00:00:00,0001000047,Z100,Z02,ZAR
4500005923,AN,2024-09-10T00:00:00,0001000006,Z100,Z02,ZAR
4500005924,ZDOM,2025-01-20T00:00:00,0001000006,Z100,Z03,ZAR
4500005925,ZDOM,2025-07-03T00:00:00,0001000006,Z100,Z02,ZAR
4500005926,ZDOM,2025-07-19T00:00:00,0001000006,Z100,Z02,ZAR
4500005927,ZDOM,2025-10-14T00:00:00,0001000006,Z100,Z01,ZAR
4500005928,ZDOM,2026-02-28T00:00:00,0001000006,Z100,Z03,ZAR
4500005929,AN,2026-08-04T00:00:00,0001000006,Z100,Z01,ZAR
4500005930,WK,2025-11-02T00:00:00,0001000057,Z100,Z03,ZAR
4500005931,ZDOM,2025-11-26T00:00:00,0001000057,Z100,Z02,ZAR
4500005932,WK,2025-12-12T00:00:00,0001000057,Z100,Z03,ZAR
4500005933,ZDOM,2026-01-06T00:00:00,0001000057,Z100,Z02,ZAR
4500005934,ZDOM,2026-02-28T00:00:00,0001000057,Z100,Z01,ZAR
4500005935,AN,2026-04-12T00:00:00,0001000057,Z100,Z02,ZAR
4500005936,AN,2024-09-29T00:00:00,0001000047,Z100,Z01,ZAR
4500005937,WK,2025-05-10T00:00:00,0001000047,Z100,Z01,ZAR
4500005938,ZDOM,2025-06-15T00:00:00,0001000047,Z100,Z01,ZAR
4500005939,AN,2025-11-09T00:00:00,0001000047,Z100,Z01,ZAR
4500005940,ZDOM,2025-12-17T00:00:00,0001000047,Z100,Z01,ZAR
4500005941,AN,2026-04-18T00:00:00,0001000047,Z100,Z03,ZAR
4500005942,WK,2024-09-21T00:00:00,0001000047,Z100,Z02,ZAR
4500005943,AN,2025-04-15T00:00:00,0001000047,Z100,Z01,ZAR
4500005944,ZDOM,2025-11-12T00:00:00,0001000047,Z100,Z02,ZAR
4500005945,WK,2026-05-13T00:00:00,0001000047,Z100,Z01,ZAR
4500005946,WK,2024-09-21T00:00:00,0001000047,Z100,Z03,ZAR
4500005947,WK,2025-01-23T00:00:00,0001000047,Z100,Z03,ZAR
4500005948,AN,2025-02-27T00:00:00,0001000047,Z100,Z01,ZAR
4500005949,AN,2025-05-30T00:00:00,0001000047,Z100,Z01,ZAR
4500005950,ZDOM,2026-02-25T00:00:00,0001000047,Z100,Z02,ZAR
4500005951,AN,2026-06-14T00:00:00,0001000047,Z100,Z03,ZAR
4500005952,ZDOM,2024-11-04T00:00:00,0001000023,Z100,Z02,ZAR
4500005953,AN,2025-07-07T00:00:00,0001000023,Z100,Z03,ZAR
4500005954,ZDOM,2025-07-31T00:00:00,0001000023,Z100,Z01,ZAR
4500005955,AN,2026-02-23T00:00:00,0001000023,Z100,Z02,ZAR
4500005956,ZDOM,2026-06-08T00:00:00,0001000023,Z100,Z03,ZAR
4500005957,AN,2024-09-09T00:00:00,0001000042,Z100,Z01,ZAR
4500005958,ZDOM,2024-12-25T00:00:00,0001000042,Z100,Z02,ZAR
4500005959,AN,2025-03-01T00:00:00,0001000042,Z100,Z01,ZAR
4500005960,ZDOM,2025-07-28T00:00:00,0001000042,Z100,Z02,ZAR
4500005961,ZDOM,2025-08-26T00:00:00,0001000042,Z100,Z01,ZAR
4500005962,ZDOM,2025-12-25T00:00:00,0001000042,Z100,Z02,ZAR
4500005963,AN,2026-02-16T00:00:00,0001000042,Z100,Z02,ZAR
4500005964,ZDOM,2026-04-08T00:00:00,0001000042,Z100,Z02,ZAR
4500005965,WK,2024-09-10T00:00:00,0001000004,Z100,Z03,ZAR
4500005966,WK,2025-02-28T00:00:00,0001000004,Z100,Z02,ZAR
4500005967,WK,2025-06-22T00:00:00,0001000004,Z100,Z01,ZAR
4500005968,AN,2026-08-04T00:00:00,0001000004,Z100,Z02,ZAR
4500005969,AN,2026-09-07T00:00:00,0001000004,Z100,Z02,ZAR
4500005970,AN,2024-09-22T00:00:00,0001000054,Z100,Z01,ZAR
4500005971,ZDOM,2025-02-11T00:00:00,0001000054,Z100,Z03,ZAR
4500005972,AN,2026-02-10T00:00:00,0001000054,Z100,Z01,ZAR
4500005973,AN,2026-07-25T00:00:00,0001000054,Z100,Z03,ZAR
4500005974,WK,2024-10-31T00:00:00,0001000020,Z100,Z01,ZAR
4500005975,WK,2025-03-29T00:00:00,0001000020,Z100,Z01,ZAR
4500005976,ZDOM,2025-07-02T00:00:00,0001000020,Z100,Z02,ZAR
4500005977,WK,2025-07-16T00:00:00,0001000020,Z100,Z01,ZAR
4500005978,ZDOM,2026-03-12T00:00:00,0001000020,Z100,Z01,ZAR
4500005979,AN,2024-11-02T00:00:00,0001000004,Z100,Z01,ZAR
4500005980,WK,2025-09-07T00:00:00,0001000004,Z100,Z01,ZAR
4500005981,ZDOM,2025-09-16T00:00:00,0001000004,Z100,Z02,ZAR
4500005982,ZDOM,2025-11-02T00:00:00,0001000004,Z100,Z02,ZAR
4500005983,ZDOM,2025-12-14T00:00:00,0001000004,Z100,Z02,ZAR
4500005984,WK,2026-02-19T00:00:00,0001000004,Z100,Z03,ZAR
4500005985,ZDOM,2026-03-11T00:00:00,0001000004,Z100,Z01,ZAR
4500005986,ZDOM,2026-05-01T00:00:00,0001000004,Z100,Z01,ZAR
4500005987,AN,2026-07-08T00:00:00,0001000004,Z100,Z01,ZAR
4500005988,ZDOM,2024-09-06T00:00:00,0001000027,Z100,Z01,ZAR
4500005989,ZDOM,2024-10-10T00:00:00,0001000027,Z100,Z01,ZAR
4500005990,AN,2025-02-22T00:00:00,0001000027,Z100,Z01,ZAR
4500005991,WK,2025-06-25T00:00:00,0001000027,Z100,Z02,ZAR
4500005992,AN,2025-11-09T00:00:00,0001000027,Z100,Z02,ZAR
4500005993,ZDOM,2026-02-24T00:00:00,0001000027,Z100,Z03,ZAR
4500005994,WK,2024-11-25T00:00:00,0001000049,Z100,Z02,ZAR
4500005995,AN,2025-03-24T00:00:00,0001000049,Z100,Z01,ZAR
4500005996,WK,2025-08-03T00:00:00,0001000049,Z100,Z02,ZAR
4500005997,WK,2026-01-06T00:00:00,0001000049,Z100,Z01,ZAR
4500005998,WK,2025-04-04T00:00:00,0001000049,Z100,Z03,ZAR
4500005999,AN,2025-04-22T00:00:00,0001000049,Z100,Z03,ZAR
4500006000,WK,2025-07-31T00:00:00,0001000049,Z100,Z03,ZAR
4500006001,AN,2026-03-06T00:00:00,0001000049,Z100,Z02,ZAR
4500006002,ZDOM,2026-06-13T00:00:00,0001000049,Z100,Z01,ZAR
4500006003,ZDOM,2024-09-22T00:00:00,0001000043,Z100,Z01,ZAR
4500006004,AN,2025-10-19T00:00:00,0001000043,Z100,Z03,ZAR
4500006005,AN,2024-09-16T00:00:00,0001000006,Z100,Z03,ZAR
4500006006,AN,2025-11-07T00:00:00,0001000006,Z100,Z02,ZAR
4500006007,AN,2024-10-01T00:00:00,0001000021,Z100,Z01,ZAR
4500006008,WK,2025-03-10T00:00:00,0001000021,Z100,Z01,ZAR
4500006009,AN,2025-05-20T00:00:00,0001000021,Z100,Z01,ZAR
4500006010,WK,2025-07-08T00:00:00,0001000021,Z100,Z03,ZAR
4500006011,WK,2025-08-31T00:00:00,0001000021,Z100,Z02,ZAR
4500006012,WK,2025-10-01T00:00:00,0001000021,Z100,Z01,ZAR
4500006013,WK,2026-03-30T00:00:00,0001000021,Z100,Z01,ZAR
4500006014,ZDOM,2026-05-06T00:00:00,0001000021,Z100,Z03,ZAR
4500006015,WK,2024-09-29T00:00:00,0001000007,Z100,Z02,ZAR
4500006016,AN,2025-01-27T00:00:00,0001000007,Z100,Z03,ZAR
4500006017,WK,2025-12-03T00:00:00,0001000007,Z100,Z02,ZAR
4500006018,AN,2026-02-06T00:00:00,0001000007,Z100,Z01,ZAR
4500006019,WK,2026-09-07T00:00:00,0001000007,Z100,Z01,ZAR
4500006020,ZDOM,2024-12-19T00:00:00,0001000058,Z100,Z02,ZAR
4500006021,ZDOM,2025-01-24T00:00:00,0001000058,Z100,Z02,ZAR
4500006022,AN,2025-02-20T00:00:00,0001000058,Z100,Z03,ZAR
4500006023,AN,2025-03-06T00:00:00,0001000058,Z100,Z03,ZAR
4500006024,AN,2025-11-06T00:00:00,0001000058,Z100,Z02,ZAR
4500006025,ZDOM,2025-12-06T00:00:00,0001000058,Z100,Z03,ZAR
4500006026,WK,2025-12-17T00:00:00,0001000058,Z100,Z02,ZAR
4500006027,WK,2026-05-23T00:00:00,0001000058,Z100,Z01,ZAR
4500006028,ZDOM,2026-07-03T00:00:00,0001000058,Z100,Z02,ZAR
4500006029,WK,2024-09-14T00:00:00,0001000059,Z100,Z02,ZAR
4500006030,WK,2024-10-31T00:00:00,0001000059,Z100,Z03,ZAR
4500006031,WK,2024-11-14T00:00:00,0001000059,Z100,Z02,ZAR
4500006032,WK,2025-05-21T00:00:00,0001000059,Z100,Z01,ZAR
4500006033,WK,2025-11-12T00:00:00,0001000059,Z100,Z03,ZAR
4500006034,ZDOM,2026-01-06T00:00:00,0001000059,Z100,Z01,ZAR
4500006035,ZDOM,2026-02-02T00:00:00,0001000059,Z100,Z02,ZAR
4500006036,AN,2026-03-22T00:00:00,0001000059,Z100,Z01,ZAR
4500006037,ZDOM,2024-09-26T00:00:00,0001000059,Z100,Z02,ZAR
4500006038,AN,2025-09-19T00:00:00,0001000059,Z100,Z02,ZAR
4500006039,AN,2026-06-04T00:00:00,0001000059,Z100,Z03,ZAR
4500006040,ZDOM,2024-10-18T00:00:00,0001000047,Z100,Z01,ZAR
4500006041,AN,2024-12-10T00:00:00,0001000047,Z100,Z02,ZAR
4500006042,WK,2025-04-05T00:00:00,0001000047,Z100,Z03,ZAR
4500006043,ZDOM,2025-07-04T00:00:00,0001000047,Z100,Z01,ZAR
4500006044,WK,2025-11-15T00:00:00,0001000047,Z100,Z02,ZAR
4500006045,ZDOM,2026-04-28T00:00:00,0001000047,Z100,Z03,ZAR
4500006046,ZDOM,2024-10-02T00:00:00,0001000030,Z100,Z01,ZAR
4500006047,WK,2025-03-09T00:00:00,0001000030,Z100,Z02,ZAR
4500006048,AN,2025-04-16T00:00:00,0001000030,Z100,Z02,ZAR
4500006049,AN,2026-04-04T00:00:00,0001000030,Z100,Z03,ZAR
4500006050,AN,2024-10-11T00:00:00,0001000056,Z100,Z01,ZAR
4500006051,AN,2025-06-20T00:00:00,0001000056,Z100,Z01,ZAR
4500006052,AN,2026-01-28T00:00:00,0001000056,Z100,Z02,ZAR
4500006053,AN,2026-04-09T00:00:00,0001000056,Z100,Z02,ZAR
4500006054,AN,2024-09-26T00:00:00,0001000056,Z100,Z02,ZAR
4500006055,WK,2025-02-22T00:00:00,0001000056,Z100,Z02,ZAR
4500006056,ZDOM,2025-03-23T00:00:00,0001000056,Z100,Z03,ZAR
4500006057,AN,2025-04-23T00:00:00,0001000056,Z100,Z03,ZAR
4500006058,ZDOM,2025-10-23T00:00:00,0001000056,Z100,Z02,ZAR
4500006059,WK,2025-12-02T00:00:00,0001000056,Z100,Z03,ZAR
4500006060,WK,2026-08-09T00:00:00,0001000056,Z100,Z01,ZAR
4500006061,AN,2024-10-07T00:00:00,0001000047,Z100,Z03,ZAR
4500006062,WK,2026-02-21T00:00:00,0001000047,Z100,Z01,ZAR
4500006063,ZDOM,2026-03-23T00:00:00,0001000047,Z100,Z03,ZAR
4500006064,AN,2026-04-23T00:00:00,0001000047,Z100,Z02,ZAR
4500006065,AN,2024-12-18T00:00:00,0001000029,Z100,Z01,ZAR
4500006066,ZDOM,2025-08-28T00:00:00,0001000029,Z100,Z01,ZAR
4500006067,WK,2024-09-24T00:00:00,0001000029,Z100,Z03,ZAR
4500006068,WK,2024-10-20T00:00:00,0001000029,Z100,Z02,ZAR
4500006069,WK,2025-04-17T00:00:00,0001000029,Z100,Z01,ZAR
4500006070,ZDOM,2025-05-06T00:00:00,0001000029,Z100,Z02,ZAR
4500006071,AN,2025-09-10T00:00:00,0001000029,Z100,Z03,ZAR
4500006072,WK,2024-09-08T00:00:00,0001000054,Z100,Z01,ZAR
4500006073,AN,2025-02-05T00:00:00,0001000054,Z100,Z02,ZAR
4500006074,WK,2025-07-31T00:00:00,0001000054,Z100,Z01,ZAR
4500006075,AN,2025-12-13T00:00:00,0001000054,Z100,Z02,ZAR
4500006076,ZDOM,2026-06-05T00:00:00,0001000054,Z100,Z02,ZAR
4500006077,ZDOM,2024-09-19T00:00:00,0001000054,Z100,Z03,ZAR
4500006078,AN,2025-02-14T00:00:00,0001000054,Z100,Z02,ZAR
4500006079,AN,2025-04-14T00:00:00,0001000054,Z100,Z02,ZAR
4500006080,ZDOM,2025-11-27T00:00:00,0001000054,Z100,Z03,ZAR
4500006081,ZDOM,2026-01-03T00:00:00,0001000054,Z100,Z01,ZAR
4500006082,WK,2026-01-28T00:00:00,0001000054,Z100,Z01,ZAR
4500006083,AN,2026-08-14T00:00:00,0001000054,Z100,Z03,ZAR
4500006084,ZDOM,2024-09-18T00:00:00,0001000030,Z100,Z02,ZAR
4500006085,AN,2025-03-17T00:00:00,0001000030,Z100,Z03,ZAR
4500006086,AN,2025-04-07T00:00:00,0001000030,Z100,Z02,ZAR
4500006087,ZDOM,2025-06-04T00:00:00,0001000030,Z100,Z03,ZAR
4500006088,WK,2026-03-18T00:00:00,0001000030,Z100,Z01,ZAR
4500006089,ZDOM,2026-04-23T00:00:00,0001000030,Z100,Z02,ZAR
4500006090,ZDOM,2024-09-18T00:00:00,0001000041,Z100,Z03,ZAR
4500006091,AN,2025-03-29T00:00:00,0001000041,Z100,Z03,ZAR
4500006092,AN,2025-06-28T00:00:00,0001000041,Z100,Z03,ZAR
4500006093,AN,2024-12-21T00:00:00,0001000036,Z100,Z03,ZAR
4500006094,WK,2025-03-21T00:00:00,0001000036,Z100,Z02,ZAR
4500006095,WK,2025-04-17T00:00:00,0001000036,Z100,Z01,ZAR
4500006096,WK,2025-07-01T00:00:00,0001000036,Z100,Z01,ZAR
4500006097,WK,2025-11-13T00:00:00,0001000036,Z100,Z02,ZAR
4500006098,WK,2025-12-24T00:00:00,0001000036,Z100,Z01,ZAR
4500006099,ZDOM,2026-04-23T00:00:00,0001000036,Z100,Z03,ZAR
4500006100,WK,2026-06-08T00:00:00,0001000036,Z100,Z02,ZAR
4500006101,AN,2025-05-24T00:00:00,0001000004,Z100,Z03,ZAR
4500006102,AN,2025-06-08T00:00:00,0001000004,Z100,Z01,ZAR
4500006103,WK,2026-01-03T00:00:00,0001000004,Z100,Z03,ZAR
4500006104,WK,2026-01-28T00:00:00,0001000004,Z100,Z02,ZAR
4500006105,AN,2024-09-06T00:00:00,0001000055,Z100,Z03,ZAR
4500006106,AN,2024-11-11T00:00:00,0001000055,Z100,Z03,ZAR
4500006107,WK,2024-12-11T00:00:00,0001000055,Z100,Z03,ZAR
4500006108,ZDOM,2025-01-16T00:00:00,0001000055,Z100,Z01,ZAR
4500006109,ZDOM,2025-04-07T00:00:00,0001000055,Z100,Z02,ZAR
4500006110,ZDOM,2025-04-11T00:00:00,0001000055,Z100,Z01,ZAR
4500006111,ZDOM,2025-05-27T00:00:00,0001000055,Z100,Z03,ZAR
4500006112,ZDOM,2025-07-07T00:00:00,0001000055,Z100,Z02,ZAR
4500006113,ZDOM,2025-11-02T00:00:00,0001000055,Z100,Z01,ZAR
4500006114,AN,2026-01-17T00:00:00,0001000055,Z100,Z01,ZAR
4500006115,WK,2026-06-26T00:00:00,0001000055,Z100,Z03,ZAR
4500006116,AN,2024-09-07T00:00:00,0001000059,Z100,Z03,ZAR
4500006117,AN,2024-11-11T00:00:00,0001000059,Z100,Z02,ZAR
4500006118,WK,2024-11-18T00:00:00,0001000059,Z100,Z01,ZAR
4500006119,WK,2025-08-30T00:00:00,0001000059,Z100,Z02,ZAR
4500006120,AN,2026-05-31T00:00:00,0001000059,Z100,Z01,ZAR
4500006121,AN,2026-06-10T00:00:00,0001000059,Z100,Z01,ZAR
4500006122,WK,2025-07-07T00:00:00,0001000032,Z100,Z03,ZAR
4500006123,WK,2025-09-24T00:00:00,0001000032,Z100,Z02,ZAR
4500006124,ZDOM,2025-11-09T00:00:00,0001000032,Z100,Z02,ZAR
4500006125,AN,2026-06-27T00:00:00,0001000032,Z100,Z02,ZAR
4500006126,WK,2026-07-17T00:00:00,0001000032,Z100,Z03,ZAR
4500006127,WK,2026-08-23T00:00:00,0001000032,Z100,Z03,ZAR
4500006128,ZDOM,2024-10-25T00:00:00,0001000034,Z100,Z03,ZAR
4500006129,AN,2024-12-02T00:00:00,0001000034,Z100,Z02,ZAR
4500006130,AN,2025-02-18T00:00:00,0001000034,Z100,Z01,ZAR
4500006131,WK,2025-05-24T00:00:00,0001000034,Z100,Z02,ZAR
4500006132,WK,2025-07-09T00:00:00,0001000034,Z100,Z02,ZAR
4500006133,WK,2025-08-31T00:00:00,0001000034,Z100,Z03,ZAR
4500006134,ZDOM,2026-01-01T00:00:00,0001000034,Z100,Z03,ZAR
4500006135,WK,2026-03-18T00:00:00,0001000034,Z100,Z03,ZAR
4500006136,ZDOM,2026-06-08T00:00:00,0001000034,Z100,Z02,ZAR
4500006137,WK,2024-10-17T00:00:00,0001000029,Z100,Z01,ZAR
4500006138,ZDOM,2024-11-07T00:00:00,0001000029,Z100,Z02,ZAR
4500006139,AN,2024-12-29T00:00:00,0001000029,Z100,Z02,ZAR
4500006140,WK,2025-11-02T00:00:00,0001000029,Z100,Z02,ZAR
4500006141,WK,2025-11-09T00:00:00,0001000029,Z100,Z01,ZAR
4500006142,ZDOM,2024-09-20T00:00:00,0001000028,Z100,Z02,ZAR
4500006143,ZDOM,2025-08-27T00:00:00,0001000028,Z100,Z01,ZAR
4500006144,WK,2025-11-22T00:00:00,0001000028,Z100,Z02,ZAR
4500006145,ZDOM,2025-12-28T00:00:00,0001000028,Z100,Z02,ZAR
4500006146,ZDOM,2026-06-25T00:00:00,0001000028,Z100,Z01,ZAR
4500006147,ZDOM,2024-09-15T00:00:00,0001000048,Z100,Z03,ZAR
4500006148,WK,2024-10-11T00:00:00,0001000048,Z100,Z03,ZAR
4500006149,WK,2025-04-29T00:00:00,0001000048,Z100,Z03,ZAR
4500006150,AN,2025-11-10T00:00:00,0001000048,Z100,Z03,ZAR
4500006151,ZDOM,2025-12-14T00:00:00,0001000048,Z100,Z03,ZAR
4500006152,ZDOM,2026-01-20T00:00:00,0001000048,Z100,Z02,ZAR
4500006153,AN,2026-06-15T00:00:00,0001000048,Z100,Z02,ZAR
4500006154,AN,2024-10-12T00:00:00,0001000005,Z100,Z01,ZAR
4500006155,ZDOM,2024-11-29T00:00:00,0001000005,Z100,Z03,ZAR
4500006156,AN,2025-10-19T00:00:00,0001000005,Z100,Z03,ZAR
4500006157,AN,2026-05-31T00:00:00,0001000005,Z100,Z03,ZAR
4500006158,ZDOM,2024-09-27T00:00:00,0001000005,Z100,Z01,ZAR
4500006159,WK,2024-10-26T00:00:00,0001000005,Z100,Z02,ZAR
4500006160,AN,2024-11-15T00:00:00,0001000005,Z100,Z02,ZAR
4500006161,ZDOM,2025-06-19T00:00:00,0001000005,Z100,Z01,ZAR
4500006162,WK,2026-05-26T00:00:00,0001000005,Z100,Z02,ZAR
4500006163,WK,2024-10-06T00:00:00,0001000052,Z100,Z02,ZAR
4500006164,ZDOM,2025-01-20T00:00:00,0001000052,Z100,Z02,ZAR
4500006165,ZDOM,2025-09-04T00:00:00,0001000052,Z100,Z01,ZAR
4500006166,AN,2025-11-09T00:00:00,0001000052,Z100,Z02,ZAR
4500006167,AN,2026-03-21T00:00:00,0001000052,Z100,Z02,ZAR
4500006168,WK,2024-10-07T00:00:00,0001000023,Z100,Z03,ZAR
4500006169,WK,2025-06-30T00:00:00,0001000023,Z100,Z03,ZAR
4500006170,WK,2026-01-13T00:00:00,0001000023,Z100,Z03,ZAR
4500006171,ZDOM,2024-09-29T00:00:00,0001000010,Z100,Z03,ZAR
4500006172,AN,2024-10-11T00:00:00,0001000010,Z100,Z01,ZAR
4500006173,AN,2025-01-26T00:00:00,0001000010,Z100,Z02,ZAR
4500006174,ZDOM,2025-06-02T00:00:00,0001000010,Z100,Z01,ZAR
4500006175,WK,2025-07-07T00:00:00,0001000010,Z100,Z01,ZAR
4500006176,ZDOM,2025-10-22T00:00:00,0001000010,Z100,Z01,ZAR
4500006177,ZDOM,2026-05-23T00:00:00,0001000010,Z100,Z02,ZAR
4500006178,AN,2024-10-19T00:00:00,0001000031,Z100,Z02,ZAR
4500006179,ZDOM,2026-01-12T00:00:00,0001000031,Z100,Z01,ZAR
4500006180,AN,2026-06-27T00:00:00,0001000031,Z100,Z03,ZAR
4500006181,ZDOM,2024-10-30T00:00:00,0001000056,Z100,Z01,ZAR
4500006182,WK,2025-04-11T00:00:00,0001000056,Z100,Z01,ZAR
4500006183,AN,2026-02-28T00:00:00,0001000056,Z100,Z03,ZAR
4500006184,WK,2024-11-27T00:00:00,0001000000,Z100,Z02,ZAR
4500006185,AN,2025-12-07T00:00:00,0001000000,Z100,Z01,ZAR
4500006186,WK,2026-07-24T00:00:00,0001000000,Z100,Z03,ZAR
4500006187,AN,2024-09-28T00:00:00,0001000000,Z100,Z01,ZAR
4500006188,ZDOM,2025-07-26T00:00:00,0001000000,Z100,Z03,ZAR
4500006189,ZDOM,2025-12-22T00:00:00,0001000000,Z100,Z03,ZAR
4500006190,WK,2026-01-31T00:00:00,0001000000,Z100,Z02,ZAR
4500006191,AN,2024-11-01T00:00:00,0001000013,Z100,Z03,ZAR
4500006192,ZDOM,2025-03-28T00:00:00,0001000013,Z100,Z01,ZAR
4500006193,AN,2026-01-25T00:00:00,0001000013,Z100,Z01,ZAR
4500006194,AN,2026-06-18T00:00:00,0001000013,Z100,Z02,ZAR
4500006195,WK,2024-10-12T00:00:00,0001000025,Z100,Z03,ZAR
4500006196,AN,2025-04-12T00:00:00,0001000025,Z100,Z03,ZAR
4500006197,WK,2025-09-11T00:00:00,0001000025,Z100,Z03,ZAR
4500006198,ZDOM,2026-02-07T00:00:00,0001000025,Z100,Z01,ZAR
4500006199,WK,2026-07-04T00:00:00,0001000025,Z100,Z01,ZAR
4500006200,WK,2024-09-25T00:00:00,0001000042,Z100,Z01,ZAR
4500006201,AN,2025-04-24T00:00:00,0001000042,Z100,Z02,ZAR
4500006202,AN,2025-11-10T00:00:00,0001000042,Z100,Z02,ZAR
4500006203,AN,2026-04-22T00:00:00,0001000042,Z100,Z02,ZAR
4500006204,AN,2024-10-05T00:00:00,0001000031,Z100,Z02,ZAR
4500006205,AN,2024-11-07T00:00:00,0001000031,Z100,Z02,ZAR
4500006206,ZDOM,2024-11-09T00:00:00,0001000031,Z100,Z01,ZAR
4500006207,ZDOM,2025-07-16T00:00:00,0001000031,Z100,Z03,ZAR
4500006208,AN,2025-08-21T00:00:00,0001000031,Z100,Z03,ZAR
4500006209,AN,2026-01-02T00:00:00,0001000031,Z100,Z01,ZAR
4500006210,AN,2026-01-21T00:00:00,0001000031,Z100,Z03,ZAR
4500006211,WK,2026-08-10T00:00:00,0001000031,Z100,Z03,ZAR
4500006212,ZDOM,2024-09-08T00:00:00,0001000021,Z100,Z01,ZAR
4500006213,WK,2025-04-14T00:00:00,0001000021,Z100,Z02,ZAR
4500006214,ZDOM,2025-12-09T00:00:00,0001000021,Z100,Z03,ZAR
4500006215,AN,2024-09-30T00:00:00,0001000033,Z100,Z02,ZAR
4500006216,ZDOM,2025-01-09T00:00:00,0001000033,Z100,Z02,ZAR
4500006217,AN,2025-05-20T00:00:00,0001000033,Z100,Z03,ZAR
4500006218,ZDOM,2026-02-18T00:00:00,0001000033,Z100,Z01,ZAR
4500006219,WK,2026-05-03T00:00:00,0001000033,Z100,Z01,ZAR
4500006220,AN,2026-08-25T00:00:00,0001000033,Z100,Z02,ZAR
4500006221,ZDOM,2024-12-03T00:00:00,0001000036,Z100,Z03,ZAR
4500006222,ZDOM,2025-02-25T00:00:00,0001000036,Z100,Z02,ZAR
4500006223,WK,2026-02-19T00:00:00,0001000036,Z100,Z03,ZAR
4500006224,WK,2026-03-24T00:00:00,0001000036,Z100,Z01,ZAR
4500006225,ZDOM,2026-04-22T00:00:00,0001000036,Z100,Z03,ZAR
4500006226,WK,2025-06-22T00:00:00,0001000045,Z100,Z02,ZAR
4500006227,WK,2025-10-12T00:00:00,0001000045,Z100,Z03,ZAR
4500006228,ZDOM,2025-11-13T00:00:00,0001000045,Z100,Z02,ZAR
4500006229,WK,2026-01-09T00:00:00,0001000045,Z100,Z03,ZAR
4500006230,ZDOM,2025-11-23T00:00:00,0001000030,Z100,Z03,ZAR
4500006231,ZDOM,2026-06-29T00:00:00,0001000030,Z100,Z01,ZAR
4500006232,AN,2026-08-27T00:00:00,0001000030,Z100,Z03,ZAR
4500006233,AN,2024-10-26T00:00:00,0001000030,Z100,Z02,ZAR
4500006234,AN,2024-11-09T00:00:00,0001000030,Z100,Z02,ZAR
4500006235,AN,2025-03-10T00:00:00,0001000030,Z100,Z03,ZAR
4500006236,WK,2025-08-12T00:00:00,0001000030,Z100,Z03,ZAR
4500006237,AN,2025-01-15T00:00:00,0001000042,Z100,Z03,ZAR
4500006238,WK,2025-05-16T00:00:00,0001000042,Z100,Z01,ZAR
4500006239,WK,2025-07-03T00:00:00,0001000042,Z100,Z01,ZAR
4500006240,WK,2025-10-23T00:00:00,0001000042,Z100,Z01,ZAR
4500006241,ZDOM,2026-02-14T00:00:00,0001000042,Z100,Z01,ZAR
4500006242,AN,2026-03-11T00:00:00,0001000042,Z100,Z02,ZAR
4500006243,ZDOM,2026-04-22T00:00:00,0001000042,Z100,Z03,ZAR
4500006244,AN,2024-10-30T00:00:00,0001000034,Z100,Z03,ZAR
4500006245,AN,2025-07-14T00:00:00,0001000034,Z100,Z01,ZAR
4500006246,ZDOM,2025-09-11T00:00:00,0001000034,Z100,Z01,ZAR
4500006247,AN,2026-03-27T00:00:00,0001000034,Z100,Z01,ZAR
4500006248,WK,2026-04-20T00:00:00,0001000034,Z100,Z01,ZAR
4500006249,AN,2024-09-22T00:00:00,0001000034,Z100,Z02,ZAR
4500006250,WK,2025-10-04T00:00:00,0001000034,Z100,Z01,ZAR
4500006251,ZDOM,2025-12-10T00:00:00,0001000034,Z100,Z02,ZAR
4500006252,AN,2025-07-11T00:00:00,0001000035,Z100,Z03,ZAR
4500006253,AN,2025-12-28T00:00:00,0001000035,Z100,Z02,ZAR
4500006254,ZDOM,2024-10-02T00:00:00,0001000029,Z100,Z02,ZAR
4500006255,WK,2024-10-28T00:00:00,0001000029,Z100,Z03,ZAR
4500006256,ZDOM,2025-04-16T00:00:00,0001000029,Z100,Z03,ZAR
4500006257,AN,2025-09-12T00:00:00,0001000029,Z100,Z02,ZAR
4500006258,ZDOM,2025-12-30T00:00:00,0001000029,Z100,Z01,ZAR
4500006259,AN,2026-06-09T00:00:00,0001000029,Z100,Z03,ZAR
4500006260,ZDOM,2026-07-08T00:00:00,0001000029,Z100,Z02,ZAR
4500006261,WK,2026-07-17T00:00:00,0001000029,Z100,Z01,ZAR
4500006262,AN,2024-10-26T00:00:00,0001000029,Z100,Z01,ZAR
4500006263,ZDOM,2025-01-18T00:00:00,0001000029,Z100,Z03,ZAR
4500006264,ZDOM,2025-02-14T00:00:00,0001000029,Z100,Z02,ZAR
4500006265,AN,2025-09-02T00:00:00,0001000029,Z100,Z01,ZAR
4500006266,AN,2026-03-15T00:00:00,0001000029,Z100,Z01,ZAR
4500006267,WK,2026-05-11T00:00:00,0001000029,Z100,Z03,ZAR
4500006268,WK,2026-05-25T00:00:00,0001000029,Z100,Z02,ZAR
4500006269,ZDOM,2025-02-21T00:00:00,0001000017,Z100,Z01,ZAR
4500006270,ZDOM,2025-03-26T00:00:00,0001000017,Z100,Z03,ZAR
4500006271,WK,2025-05-13T00:00:00,0001000017,Z100,Z01,ZAR
4500006272,WK,2025-11-04T00:00:00,0001000017,Z100,Z02,ZAR
4500006273,WK,2024-09-27T00:00:00,0001000001,Z100,Z03,ZAR
4500006274,WK,2024-11-20T00:00:00,0001000001,Z100,Z03,ZAR
4500006275,AN,2025-01-30T00:00:00,0001000001,Z100,Z01,ZAR
4500006276,AN,2025-02-17T00:00:00,0001000001,Z100,Z01,ZAR
4500006277,AN,2025-08-11T00:00:00,0001000001,Z100,Z03,ZAR
4500006278,WK,2025-09-23T00:00:00,0001000001,Z100,Z02,ZAR
4500006279,WK,2026-05-10T00:00:00,0001000001,Z100,Z03,ZAR
4500006280,AN,2026-07-18T00:00:00,0001000001,Z100,Z03,ZAR
4500006281,AN,2024-12-02T00:00:00,0001000049,Z100,Z01,ZAR
4500006282,ZDOM,2025-06-23T00:00:00,0001000049,Z100,Z02,ZAR
4500006283,AN,2025-08-16T00:00:00,0001000049,Z100,Z02,ZAR
4500006284,WK,2026-01-04T00:00:00,0001000049,Z100,Z03,ZAR
4500006285,ZDOM,2026-07-12T00:00:00,0001000049,Z100,Z01,ZAR
4500006286,AN,2024-09-25T00:00:00,0001000051,Z100,Z03,ZAR
4500006287,WK,2024-10-14T00:00:00,0001000051,Z100,Z02,ZAR
4500006288,WK,2024-12-12T00:00:00,0001000051,Z100,Z03,ZAR
4500006289,AN,2025-06-26T00:00:00,0001000051,Z100,Z03,ZAR
4500006290,AN,2025-08-11T00:00:00,0001000051,Z100,Z02,ZAR
4500006291,ZDOM,2026-02-01T00:00:00,0001000051,Z100,Z03,ZAR
4500006292,ZDOM,2026-03-19T00:00:00,0001000051,Z100,Z03,ZAR
4500006293,ZDOM,2026-05-05T00:00:00,0001000051,Z100,Z02,ZAR
4500006294,WK,2026-06-17T00:00:00,0001000051,Z100,Z01,ZAR
4500006295,AN,2025-02-22T00:00:00,0001000017,Z100,Z02,ZAR
4500006296,AN,2026-06-03T00:00:00,0001000017,Z100,Z01,ZAR
4500006297,AN,2026-06-20T00:00:00,0001000017,Z100,Z02,ZAR
4500006298,WK,2024-10-01T00:00:00,0001000039,Z100,Z03,ZAR
4500006299,ZDOM,2024-10-14T00:00:00,0001000039,Z100,Z01,ZAR
4500006300,WK,2025-03-13T00:00:00,0001000039,Z100,Z03,ZAR
4500006301,ZDOM,2025-07-15T00:00:00,0001000039,Z100,Z02,ZAR
4500006302,WK,2025-11-07T00:00:00,0001000039,Z100,Z01,ZAR
4500006303,ZDOM,2026-03-07T00:00:00,0001000039,Z100,Z03,ZAR
4500006304,ZDOM,2026-09-07T00:00:00,0001000039,Z100,Z03,ZAR
4500006305,ZDOM,2024-09-24T00:00:00,0001000039,Z100,Z03,ZAR
4500006306,AN,2024-11-01T00:00:00,0001000039,Z100,Z01,ZAR
4500006307,WK,2025-11-01T00:00:00,0001000039,Z100,Z03,ZAR
4500006308,WK,2026-09-07T00:00:00,0001000039,Z100,Z03,ZAR
4500006309,WK,2024-10-06T00:00:00,0001000031,Z100,Z03,ZAR
4500006310,AN,2025-04-15T00:00:00,0001000031,Z100,Z03,ZAR
4500006311,WK,2025-06-02T00:00:00,0001000031,Z100,Z01,ZAR
4500006312,ZDOM,2025-06-14T00:00:00,0001000031,Z100,Z03,ZAR
4500006313,WK,2025-10-21T00:00:00,0001000031,Z100,Z01,ZAR
4500006314,WK,2024-09-13T00:00:00,0001000032,Z100,Z01,ZAR
4500006315,WK,2024-12-21T00:00:00,0001000032,Z100,Z02,ZAR
4500006316,ZDOM,2025-02-10T00:00:00,0001000032,Z100,Z03,ZAR
4500006317,WK,2025-06-23T00:00:00,0001000032,Z100,Z01,ZAR
4500006318,WK,2025-09-16T00:00:00,0001000032,Z100,Z01,ZAR
4500006319,AN,2025-10-29T00:00:00,0001000032,Z100,Z03,ZAR
4500006320,AN,2026-06-23T00:00:00,0001000032,Z100,Z03,ZAR
4500006321,ZDOM,2024-09-28T00:00:00,0001000052,Z100,Z03,ZAR
4500006322,ZDOM,2025-01-26T00:00:00,0001000052,Z100,Z03,ZAR
4500006323,WK,2025-02-13T00:00:00,0001000052,Z100,Z01,ZAR
4500006324,WK,2025-03-26T00:00:00,0001000052,Z100,Z01,ZAR
4500006325,WK,2025-10-24T00:00:00,0001000052,Z100,Z01,ZAR
4500006326,WK,2026-02-28T00:00:00,0001000052,Z100,Z02,ZAR
4500006327,AN,2026-03-20T00:00:00,0001000052,Z100,Z01,ZAR
4500006328,WK,2026-06-11T00:00:00,0001000052,Z100,Z01,ZAR
4500006329,AN,2026-08-02T00:00:00,0001000052,Z100,Z01,ZAR
4500006330,AN,2024-09-17T00:00:00,0001000013,Z100,Z03,ZAR
4500006331,AN,2024-10-12T00:00:00,0001000013,Z100,Z02,ZAR
4500006332,AN,2025-03-10T00:00:00,0001000013,Z100,Z02,ZAR
4500006333,WK,2025-05-06T00:00:00,0001000013,Z100,Z01,ZAR
4500006334,ZDOM,2025-05-12T00:00:00,0001000013,Z100,Z02,ZAR
4500006335,ZDOM,2025-06-09T00:00:00,0001000013,Z100,Z01,ZAR
4500006336,AN,2025-09-25T00:00:00,0001000013,Z100,Z01,ZAR
4500006337,AN,2026-05-01T00:00:00,0001000013,Z100,Z01,ZAR
4500006338,AN,2024-09-19T00:00:00,0001000007,Z100,Z02,ZAR
4500006339,WK,2025-09-11T00:00:00,0001000007,Z100,Z02,ZAR
4500006340,ZDOM,2025-10-11T00:00:00,0001000007,Z100,Z03,ZAR
4500006341,AN,2025-11-11T00:00:00,0001000007,Z100,Z03,ZAR
4500006342,AN,2025-08-11T00:00:00,0001000011,Z100,Z02,ZAR
4500006343,WK,2026-01-04T00:00:00,0001000011,Z100,Z02,ZAR
4500006344,ZDOM,2026-05-23T00:00:00,0001000011,Z100,Z01,ZAR
4500006345,ZDOM,2026-06-25T00:00:00,0001000011,Z100,Z01,ZAR
4500006346,ZDOM,2026-08-01T00:00:00,0001000011,Z100,Z01,ZAR
4500006347,AN,2026-08-20T00:00:00,0001000011,Z100,Z01,ZAR
4500006348,WK,2024-09-15T00:00:00,0001000048,Z100,Z03,ZAR
4500006349,WK,2024-11-06T00:00:00,0001000048,Z100,Z03,ZAR
4500006350,ZDOM,2024-11-22T00:00:00,0001000048,Z100,Z01,ZAR
4500006351,AN,2025-01-20T00:00:00,0001000048,Z100,Z03,ZAR
4500006352,ZDOM,2025-07-05T00:00:00,0001000048,Z100,Z02,ZAR
4500006353,AN,2025-10-08T00:00:00,0001000048,Z100,Z01,ZAR
4500006354,AN,2026-01-10T00:00:00,0001000048,Z100,Z01,ZAR
4500006355,WK,2024-11-18T00:00:00,0001000048,Z100,Z02,ZAR
4500006356,ZDOM,2024-12-07T00:00:00,0001000048,Z100,Z03,ZAR
4500006357,AN,2025-02-08T00:00:00,0001000048,Z100,Z02,ZAR
4500006358,AN,2025-02-27T00:00:00,0001000048,Z100,Z03,ZAR
4500006359,WK,2025-10-08T00:00:00,0001000048,Z100,Z02,ZAR
4500006360,WK,2025-11-09T00:00:00,0001000048,Z100,Z02,ZAR
4500006361,WK,2026-06-03T00:00:00,0001000048,Z100,Z03,ZAR
4500006362,AN,2026-07-03T00:00:00,0001000048,Z100,Z03,ZAR
4500006363,WK,2024-10-01T00:00:00,0001000016,Z100,Z03,ZAR
4500006364,AN,2025-06-13T00:00:00,0001000016,Z100,Z01,ZAR
4500006365,AN,2026-08-10T00:00:00,0001000016,Z100,Z03,ZAR
4500006366,WK,2024-09-15T00:00:00,0001000050,Z100,Z01,ZAR
4500006367,WK,2025-04-11T00:00:00,0001000050,Z100,Z01,ZAR
4500006368,ZDOM,2025-06-06T00:00:00,0001000050,Z100,Z03,ZAR
4500006369,WK,2026-03-17T00:00:00,0001000050,Z100,Z03,ZAR
4500006370,AN,2026-04-30T00:00:00,0001000050,Z100,Z03,ZAR
4500006371,AN,2026-05-13T00:00:00,0001000050,Z100,Z01,ZAR
4500006372,WK,2024-11-26T00:00:00,0001000055,Z100,Z02,ZAR
4500006373,AN,2025-02-24T00:00:00,0001000055,Z100,Z02,ZAR
4500006374,ZDOM,2025-03-24T00:00:00,0001000055,Z100,Z02,ZAR
4500006375,WK,2025-09-29T00:00:00,0001000055,Z100,Z01,ZAR
4500006376,AN,2026-07-09T00:00:00,0001000055,Z100,Z01,ZAR
4500006377,ZDOM,2024-09-26T00:00:00,0001000010,Z100,Z01,ZAR
4500006378,WK,2025-01-28T00:00:00,0001000010,Z100,Z03,ZAR
4500006379,AN,2025-06-20T00:00:00,0001000010,Z100,Z01,ZAR
4500006380,WK,2025-11-06T00:00:00,0001000010,Z100,Z01,ZAR
4500006381,WK,2026-02-10T00:00:00,0001000010,Z100,Z01,ZAR
4500006382,ZDOM,2026-03-14T00:00:00,0001000010,Z100,Z02,ZAR
4500006383,WK,2026-07-29T00:00:00,0001000010,Z100,Z02,ZAR
4500006384,AN,2024-09-23T00:00:00,0001000039,Z100,Z03,ZAR
4500006385,WK,2024-10-17T00:00:00,0001000039,Z100,Z01,ZAR
4500006386,WK,2025-07-19T00:00:00,0001000039,Z100,Z02,ZAR
4500006387,ZDOM,2026-07-16T00:00:00,0001000039,Z100,Z03,ZAR
4500006388,WK,2024-10-12T00:00:00,0001000047,Z100,Z02,ZAR
4500006389,AN,2025-03-04T00:00:00,0001000047,Z100,Z02,ZAR
4500006390,AN,2025-04-22T00:00:00,0001000047,Z100,Z02,ZAR
4500006391,WK,2025-10-01T00:00:00,0001000047,Z100,Z03,ZAR
4500006392,WK,2026-02-02T00:00:00,0001000047,Z100,Z01,ZAR
4500006393,AN,2026-07-28T00:00:00,0001000047,Z100,Z03,ZAR
4500006394,ZDOM,2024-09-03T00:00:00,0001000013,Z100,Z02,ZAR
4500006395,ZDOM,2024-10-14T00:00:00,0001000013,Z100,Z03,ZAR
4500006396,AN,2025-01-15T00:00:00,0001000013,Z100,Z03,ZAR
4500006397,WK,2025-06-10T00:00:00,0001000013,Z100,Z01,ZAR
4500006398,ZDOM,2025-07-24T00:00:00,0001000013,Z100,Z01,ZAR
4500006399,WK,2025-08-10T00:00:00,0001000013,Z100,Z03,ZAR
4500006400,AN,2026-06-27T00:00:00,0001000013,Z100,Z02,ZAR
4500006401,AN,2024-10-12T00:00:00,0001000019,Z100,Z03,ZAR
4500006402,WK,2024-12-05T00:00:00,0001000019,Z100,Z01,ZAR
4500006403,ZDOM,2025-07-01T00:00:00,0001000019,Z100,Z01,ZAR
4500006404,ZDOM,2026-01-10T00:00:00,0001000019,Z100,Z02,ZAR
4500006405,ZDOM,2026-08-11T00:00:00,0001000019,Z100,Z02,ZAR
4500006406,WK,2026-08-29T00:00:00,0001000019,Z100,Z03,ZAR
4500006407,ZDOM,2024-09-26T00:00:00,0001000013,Z100,Z02,ZAR
4500006408,AN,2024-10-14T00:00:00,0001000013,Z100,Z02,ZAR
4500006409,AN,2025-02-15T00:00:00,0001000013,Z100,Z03,ZAR
4500006410,ZDOM,2025-09-26T00:00:00,0001000013,Z100,Z02,ZAR
4500006411,AN,2025-10-28T00:00:00,0001000013,Z100,Z01,ZAR
4500006412,WK,2026-07-28T00:00:00,0001000013,Z100,Z01,ZAR
4500006413,WK,2025-01-02T00:00:00,0001000013,Z100,Z03,ZAR
4500006414,ZDOM,2026-03-03T00:00:00,0001000013,Z100,Z02,ZAR
4500006415,ZDOM,2026-04-03T00:00:00,0001000013,Z100,Z01,ZAR
4500006416,ZDOM,2026-05-01T00:00:00,0001000013,Z100,Z03,ZAR
4500006417,AN,2026-06-01T00:00:00,0001000013,Z100,Z03,ZAR
4500006418,ZDOM,2024-10-02T00:00:00,0001000050,Z100,Z01,ZAR
4500006419,ZDOM,2026-01-03T00:00:00,0001000050,Z100,Z01,ZAR
4500006420,AN,2026-02-25T00:00:00,0001000050,Z100,Z02,ZAR
4500006421,ZDOM,2024-09-09T00:00:00,0001000050,Z100,Z01,ZAR
4500006422,WK,2024-12-27T00:00:00,0001000050,Z100,Z01,ZAR
4500006423,ZDOM,2026-03-02T00:00:00,0001000050,Z100,Z01,ZAR
4500006424,WK,2026-08-16T00:00:00,0001000050,Z100,Z02,ZAR
4500006425,AN,2024-09-26T00:00:00,0001000015,Z100,Z03,ZAR
4500006426,ZDOM,2024-10-22T00:00:00,0001000015,Z100,Z03,ZAR
4500006427,WK,2025-04-16T00:00:00,0001000015,Z100,Z03,ZAR
4500006428,AN,2025-06-05T00:00:00,0001000015,Z100,Z01,ZAR
4500006429,ZDOM,2025-08-27T00:00:00,0001000015,Z100,Z03,ZAR
4500006430,ZDOM,2025-10-05T00:00:00,0001000015,Z100,Z03,ZAR
4500006431,AN,2025-11-12T00:00:00,0001000015,Z100,Z03,ZAR
4500006432,ZDOM,2025-12-26T00:00:00,0001000015,Z100,Z03,ZAR
4500006433,AN,2026-01-10T00:00:00,0001000015,Z100,Z03,ZAR
4500006434,AN,2024-12-07T00:00:00,0001000023,Z100,Z02,ZAR
4500006435,AN,2024-12-30T00:00:00,0001000023,Z100,Z02,ZAR
4500006436,AN,2025-01-29T00:00:00,0001000023,Z100,Z01,ZAR
4500006437,ZDOM,2025-05-26T00:00:00,0001000023,Z100,Z01,ZAR
4500006438,AN,2025-09-09T00:00:00,0001000023,Z100,Z01,ZAR
4500006439,WK,2025-12-30T00:00:00,0001000023,Z100,Z02,ZAR
4500006440,WK,2026-03-03T00:00:00,0001000023,Z100,Z02,ZAR
4500006441,AN,2026-03-17T00:00:00,0001000023,Z100,Z02,ZAR
4500006442,ZDOM,2026-07-02T00:00:00,0001000023,Z100,Z02,ZAR
4500006443,ZDOM,2024-10-16T00:00:00,0001000023,Z100,Z03,ZAR
4500006444,ZDOM,2024-11-05T00:00:00,0001000023,Z100,Z03,ZAR
4500006445,AN,2024-12-18T00:00:00,0001000023,Z100,Z02,ZAR
4500006446,AN,2025-03-19T00:00:00,0001000023,Z100,Z02,ZAR
4500006447,ZDOM,2025-05-01T00:00:00,0001000023,Z100,Z01,ZAR
4500006448,AN,2025-12-11T00:00:00,0001000023,Z100,Z01,ZAR
4500006449,AN,2026-04-24T00:00:00,0001000023,Z100,Z01,ZAR
4500006450,ZDOM,2024-10-06T00:00:00,0001000001,Z100,Z01,ZAR
4500006451,WK,2025-03-31T00:00:00,0001000001,Z100,Z03,ZAR
4500006452,AN,2025-09-24T00:00:00,0001000001,Z100,Z02,ZAR
4500006453,AN,2026-08-02T00:00:00,0001000001,Z100,Z01,ZAR
4500006454,WK,2025-01-08T00:00:00,0001000059,Z100,Z02,ZAR
4500006455,ZDOM,2025-06-27T00:00:00,0001000059,Z100,Z01,ZAR
4500006456,ZDOM,2025-11-06T00:00:00,0001000059,Z100,Z03,ZAR
4500006457,WK,2026-05-31T00:00:00,0001000059,Z100,Z03,ZAR
4500006458,ZDOM,2025-01-31T00:00:00,0001000029,Z100,Z02,ZAR
4500006459,ZDOM,2025-08-04T00:00:00,0001000029,Z100,Z03,ZAR
4500006460,AN,2025-11-02T00:00:00,0001000029,Z100,Z02,ZAR
4500006461,ZDOM,2026-05-20T00:00:00,0001000029,Z100,Z03,ZAR
4500006462,WK,2026-08-28T00:00:00,0001000029,Z100,Z02,ZAR
4500006463,AN,2024-10-03T00:00:00,0001000048,Z100,Z03,ZAR
4500006464,WK,2024-12-19T00:00:00,0001000048,Z100,Z02,ZAR
4500006465,AN,2025-01-10T00:00:00,0001000048,Z100,Z02,ZAR
4500006466,AN,2025-04-11T00:00:00,0001000048,Z100,Z03,ZAR
4500006467,AN,2025-08-02T00:00:00,0001000048,Z100,Z03,ZAR
4500006468,ZDOM,2025-08-26T00:00:00,0001000048,Z100,Z03,ZAR
4500006469,AN,2026-05-14T00:00:00,0001000048,Z100,Z03,ZAR
4500006470,ZDOM,2026-06-08T00:00:00,0001000048,Z100,Z02,ZAR
4500006471,AN,2026-07-19T00:00:00,0001000048,Z100,Z03,ZAR
4500006472,AN,2024-09-17T00:00:00,0001000029,Z100,Z03,ZAR
4500006473,ZDOM,2024-10-23T00:00:00,0001000029,Z100,Z01,ZAR
4500006474,AN,2025-05-29T00:00:00,0001000029,Z100,Z03,ZAR
4500006475,AN,2026-03-19T00:00:00,0001000029,Z100,Z01,ZAR
4500006476,ZDOM,2026-07-28T00:00:00,0001000029,Z100,Z03,ZAR
4500006477,ZDOM,2024-09-10T00:00:00,0001000025,Z100,Z01,ZAR
4500006478,WK,2025-03-06T00:00:00,0001000025,Z100,Z03,ZAR
4500006479,AN,2025-06-05T00:00:00,0001000025,Z100,Z03,ZAR
4500006480,WK,2025-12-14T00:00:00,0001000025,Z100,Z01,ZAR
4500006481,ZDOM,2026-06-10T00:00:00,0001000025,Z100,Z01,ZAR
4500006482,ZDOM,2024-09-20T00:00:00,0001000028,Z100,Z01,ZAR
4500006483,WK,2025-02-18T00:00:00,0001000028,Z100,Z03,ZAR
4500006484,AN,2025-06-25T00:00:00,0001000028,Z100,Z01,ZAR
4500006485,ZDOM,2025-10-03T00:00:00,0001000028,Z100,Z01,ZAR
4500006486,AN,2025-12-24T00:00:00,0001000028,Z100,Z03,ZAR
4500006487,WK,2026-02-28T00:00:00,0001000028,Z100,Z03,ZAR
4500006488,WK,2024-09-20T00:00:00,0001000021,Z100,Z01,ZAR
4500006489,WK,2025-02-25T00:00:00,0001000021,Z100,Z03,ZAR
4500006490,WK,2024-10-05T00:00:00,0001000021,Z100,Z01,ZAR
4500006491,ZDOM,2024-10-27T00:00:00,0001000021,Z100,Z02,ZAR
4500006492,WK,2024-12-05T00:00:00,0001000021,Z100,Z01,ZAR
4500006493,AN,2024-12-21T00:00:00,0001000021,Z100,Z02,ZAR
4500006494,AN,2025-12-16T00:00:00,0001000021,Z100,Z02,ZAR
4500006495,AN,2026-04-29T00:00:00,0001000021,Z100,Z03,ZAR
4500006496,AN,2024-09-16T00:00:00,0001000020,Z100,Z02,ZAR
4500006497,AN,2025-03-30T00:00:00,0001000020,Z100,Z03,ZAR
4500006498,ZDOM,2026-01-03T00:00:00,0001000020,Z100,Z03,ZAR
4500006499,WK,2026-01-14T00:00:00,0001000020,Z100,Z03,ZAR
4500006500,WK,2026-05-09T00:00:00,0001000020,Z100,Z02,ZAR
4500006501,WK,2024-09-14T00:00:00,0001000014,Z100,Z02,ZAR
4500006502,WK,2025-06-16T00:00:00,0001000014,Z100,Z01,ZAR
4500006503,ZDOM,2025-07-27T00:00:00,0001000014,Z100,Z03,ZAR
4500006504,WK,2025-10-19T00:00:00,0001000014,Z100,Z02,ZAR
4500006505,WK,2026-04-26T00:00:00,0001000014,Z100,Z03,ZAR
4500006506,ZDOM,2026-06-04T00:00:00,0001000014,Z100,Z02,ZAR
4500006507,AN,2024-10-24T00:00:00,0001000014,Z100,Z01,ZAR
4500006508,AN,2024-12-06T00:00:00,0001000014,Z100,Z02,ZAR
4500006509,ZDOM,2025-01-09T00:00:00,0001000014,Z100,Z02,ZAR
4500006510,WK,2025-09-16T00:00:00,0001000014,Z100,Z03,ZAR
4500006511,ZDOM,2025-10-23T00:00:00,0001000014,Z100,Z01,ZAR
4500006512,AN,2026-06-10T00:00:00,0001000014,Z100,Z01,ZAR
4500006513,AN,2026-06-25T00:00:00,0001000014,Z100,Z03,ZAR
4500006514,AN,2024-11-21T00:00:00,0001000040,Z100,Z03,ZAR
4500006515,WK,2025-01-29T00:00:00,0001000040,Z100,Z03,ZAR
4500006516,AN,2025-07-31T00:00:00,0001000040,Z100,Z03,ZAR
4500006517,AN,2025-12-15T00:00:00,0001000040,Z100,Z01,ZAR
4500006518,WK,2026-07-21T00:00:00,0001000040,Z100,Z03,ZAR
4500006519,ZDOM,2024-10-02T00:00:00,0001000034,Z100,Z02,ZAR
4500006520,WK,2025-07-20T00:00:00,0001000034,Z100,Z01,ZAR
4500006521,AN,2026-01-13T00:00:00,0001000034,Z100,Z02,ZAR
4500006522,WK,2026-02-17T00:00:00,0001000034,Z100,Z02,ZAR
4500006523,AN,2026-03-30T00:00:00,0001000034,Z100,Z03,ZAR
4500006524,WK,2024-12-14T00:00:00,0001000000,Z100,Z01,ZAR
4500006525,ZDOM,2025-05-05T00:00:00,0001000000,Z100,Z02,ZAR
4500006526,ZDOM,2025-05-09T00:00:00,0001000000,Z100,Z01,ZAR
4500006527,WK,2025-08-25T00:00:00,0001000000,Z100,Z03,ZAR
4500006528,AN,2026-03-07T00:00:00,0001000000,Z100,Z03,ZAR
4500006529,AN,2024-10-02T00:00:00,0001000032,Z100,Z01,ZAR
4500006530,ZDOM,2024-11-10T00:00:00,0001000032,Z100,Z03,ZAR
4500006531,AN,2024-12-19T00:00:00,0001000032,Z100,Z02,ZAR
4500006532,WK,2025-02-02T00:00:00,0001000032,Z100,Z03,ZAR
4500006533,WK,2025-09-18T00:00:00,0001000032,Z100,Z02,ZAR
4500006534,AN,2025-11-04T00:00:00,0001000032,Z100,Z02,ZAR
4500006535,WK,2026-02-17T00:00:00,0001000032,Z100,Z03,ZAR
4500006536,ZDOM,2024-09-30T00:00:00,0001000021,Z100,Z03,ZAR
4500006537,WK,2025-06-11T00:00:00,0001000021,Z100,Z02,ZAR
4500006538,AN,2025-11-11T00:00:00,0001000021,Z100,Z03,ZAR
4500006539,WK,2026-08-21T00:00:00,0001000021,Z100,Z02,ZAR
4500006540,AN,2024-09-26T00:00:00,0001000055,Z100,Z02,ZAR
4500006541,AN,2025-01-16T00:00:00,0001000055,Z100,Z03,ZAR
4500006542,WK,2025-03-02T00:00:00,0001000055,Z100,Z03,ZAR
4500006543,WK,2025-08-09T00:00:00,0001000055,Z100,Z01,ZAR
4500006544,ZDOM,2026-06-12T00:00:00,0001000055,Z100,Z03,ZAR
4500006545,AN,2024-10-22T00:00:00,0001000045,Z100,Z03,ZAR
4500006546,AN,2025-02-01T00:00:00,0001000045,Z100,Z02,ZAR
4500006547,ZDOM,2025-06-07T00:00:00,0001000045,Z100,Z02,ZAR
4500006548,WK,2026-06-07T00:00:00,0001000045,Z100,Z02,ZAR
4500006549,AN,2024-10-12T00:00:00,0001000041,Z100,Z03,ZAR
4500006550,AN,2025-06-13T00:00:00,0001000041,Z100,Z03,ZAR
4500006551,WK,2026-01-07T00:00:00,0001000041,Z100,Z01,ZAR
4500006552,AN,2026-07-17T00:00:00,0001000041,Z100,Z01,ZAR
4500006553,ZDOM,2024-10-14T00:00:00,0001000045,Z100,Z02,ZAR
4500006554,AN,2025-02-17T00:00:00,0001000045,Z100,Z01,ZAR
4500006555,ZDOM,2025-03-30T00:00:00,0001000045,Z100,Z03,ZAR
4500006556,WK,2025-04-15T00:00:00,0001000045,Z100,Z02,ZAR
4500006557,WK,2025-05-19T00:00:00,0001000045,Z100,Z02,ZAR
4500006558,WK,2025-07-04T00:00:00,0001000045,Z100,Z02,ZAR
4500006559,AN,2025-09-21T00:00:00,0001000045,Z100,Z03,ZAR
4500006560,WK,2026-03-10T00:00:00,0001000045,Z100,Z01,ZAR
4500006561,ZDOM,2026-07-21T00:00:00,0001000045,Z100,Z03,ZAR
4500006562,WK,2024-09-23T00:00:00,0001000045,Z100,Z02,ZAR
4500006563,WK,2024-10-19T00:00:00,0001000045,Z100,Z03,ZAR
4500006564,AN,2025-08-18T00:00:00,0001000045,Z100,Z03,ZAR
4500006565,WK,2026-01-23T00:00:00,0001000045,Z100,Z02,ZAR
4500006566,ZDOM,2025-02-27T00:00:00,0001000034,Z100,Z01,ZAR
4500006567,ZDOM,2026-07-21T00:00:00,0001000034,Z100,Z03,ZAR
4500006568,WK,2024-12-17T00:00:00,0001000021,Z100,Z03,ZAR
4500006569,WK,2025-01-27T00:00:00,0001000021,Z100,Z03,ZAR
4500006570,AN,2025-07-31T00:00:00,0001000021,Z100,Z01,ZAR
4500006571,WK,2026-06-21T00:00:00,0001000021,Z100,Z01,ZAR
4500006572,ZDOM,2024-10-23T00:00:00,0001000026,Z100,Z03,ZAR
4500006573,AN,2025-03-04T00:00:00,0001000026,Z100,Z03,ZAR
4500006574,ZDOM,2025-06-23T00:00:00,0001000026,Z100,Z03,ZAR
4500006575,AN,2025-10-18T00:00:00,0001000026,Z100,Z01,ZAR
4500006576,WK,2026-01-07T00:00:00,0001000026,Z100,Z03,ZAR
4500006577,AN,2026-07-02T00:00:00,0001000026,Z100,Z01,ZAR
4500006578,AN,2026-08-02T00:00:00,0001000026,Z100,Z03,ZAR
4500006579,AN,2024-10-08T00:00:00,0001000030,Z100,Z02,ZAR
4500006580,AN,2024-12-19T00:00:00,0001000030,Z100,Z01,ZAR
4500006581,ZDOM,2025-01-02T00:00:00,0001000030,Z100,Z03,ZAR
4500006582,WK,2025-04-29T00:00:00,0001000030,Z100,Z03,ZAR
4500006583,AN,2025-07-10T00:00:00,0001000030,Z100,Z03,ZAR
4500006584,AN,2025-10-26T00:00:00,0001000030,Z100,Z02,ZAR
4500006585,ZDOM,2026-02-02T00:00:00,0001000030,Z100,Z01,ZAR
4500006586,ZDOM,2026-02-17T00:00:00,0001000030,Z100,Z03,ZAR
4500006587,WK,2026-06-05T00:00:00,0001000030,Z100,Z01,ZAR
4500006588,AN,2024-09-15T00:00:00,0001000015,Z100,Z02,ZAR
4500006589,WK,2024-10-25T00:00:00,0001000015,Z100,Z01,ZAR
4500006590,WK,2025-02-04T00:00:00,0001000015,Z100,Z01,ZAR
4500006591,WK,2025-07-09T00:00:00,0001000015,Z100,Z02,ZAR
4500006592,AN,2026-05-03T00:00:00,0001000015,Z100,Z01,ZAR
4500006593,AN,2024-09-09T00:00:00,0001000015,Z100,Z02,ZAR
4500006594,ZDOM,2025-05-25T00:00:00,0001000015,Z100,Z02,ZAR
4500006595,WK,2026-03-07T00:00:00,0001000015,Z100,Z02,ZAR
4500006596,WK,2025-02-08T00:00:00,0001000053,Z100,Z01,ZAR
4500006597,ZDOM,2025-04-08T00:00:00,0001000053,Z100,Z03,ZAR
4500006598,WK,2025-09-10T00:00:00,0001000053,Z100,Z01,ZAR
4500006599,ZDOM,2025-10-11T00:00:00,0001000053,Z100,Z03,ZAR
4500006600,AN,2026-06-10T00:00:00,0001000053,Z100,Z02,ZAR
4500006601,WK,2024-09-15T00:00:00,0001000049,Z100,Z03,ZAR
4500006602,WK,2024-12-13T00:00:00,0001000049,Z100,Z01,ZAR
4500006603,WK,2026-02-26T00:00:00,0001000049,Z100,Z02,ZAR
4500006604,ZDOM,2026-03-24T00:00:00,0001000049,Z100,Z01,ZAR
4500006605,WK,2026-07-30T00:00:00,0001000049,Z100,Z02,ZAR
4500006606,WK,2024-11-06T00:00:00,0001000041,Z100,Z01,ZAR
4500006607,AN,2025-03-21T00:00:00,0001000041,Z100,Z02,ZAR
4500006608,ZDOM,2025-04-30T00:00:00,0001000041,Z100,Z02,ZAR
4500006609,ZDOM,2025-05-29T00:00:00,0001000041,Z100,Z03,ZAR
4500006610,ZDOM,2025-12-26T00:00:00,0001000041,Z100,Z01,ZAR
4500006611,WK,2026-03-15T00:00:00,0001000041,Z100,Z01,ZAR
4500006612,ZDOM,2026-07-14T00:00:00,0001000041,Z100,Z02,ZAR
4500006613,ZDOM,2024-09-21T00:00:00,0001000041,Z100,Z01,ZAR
4500006614,ZDOM,2024-10-14T00:00:00,0001000041,Z100,Z03,ZAR
4500006615,AN,2025-06-29T00:00:00,0001000041,Z100,Z03,ZAR
4500006616,AN,2025-07-19T00:00:00,0001000041,Z100,Z02,ZAR
4500006617,ZDOM,2025-09-18T00:00:00,0001000041,Z100,Z01,ZAR
4500006618,AN,2024-10-01T00:00:00,0001000046,Z100,Z02,ZAR
4500006619,WK,2024-10-31T00:00:00,0001000046,Z100,Z01,ZAR
4500006620,ZDOM,2026-02-06T00:00:00,0001000046,Z100,Z01,ZAR
4500006621,ZDOM,2026-02-25T00:00:00,0001000046,Z100,Z03,ZAR
4500006622,AN,2026-03-05T00:00:00,0001000046,Z100,Z03,ZAR
4500006623,ZDOM,2024-09-20T00:00:00,0001000042,Z100,Z02,ZAR
4500006624,AN,2025-03-10T00:00:00,0001000042,Z100,Z02,ZAR
4500006625,AN,2025-05-17T00:00:00,0001000042,Z100,Z01,ZAR
4500006626,WK,2026-01-30T00:00:00,0001000042,Z100,Z03,ZAR
4500006627,AN,2026-07-30T00:00:00,0001000042,Z100,Z03,ZAR
4500006628,AN,2026-09-04T00:00:00,0001000013,Z100,Z01,ZAR
4500006629,ZDOM,2024-09-22T00:00:00,0001000003,Z100,Z02,ZAR
4500006630,ZDOM,2026-01-15T00:00:00,0001000003,Z100,Z03,ZAR
4500006631,AN,2024-10-10T00:00:00,0001000029,Z100,Z02,ZAR
4500006632,WK,2025-02-22T00:00:00,0001000029,Z100,Z01,ZAR
4500006633,ZDOM,2025-12-01T00:00:00,0001000029,Z100,Z03,ZAR
4500006634,AN,2025-12-15T00:00:00,0001000029,Z100,Z01,ZAR
4500006635,WK,2026-05-01T00:00:00,0001000029,Z100,Z03,ZAR
4500006636,WK,2024-09-26T00:00:00,0001000051,Z100,Z03,ZAR
4500006637,ZDOM,2025-04-03T00:00:00,0001000051,Z100,Z02,ZAR
4500006638,ZDOM,2025-09-15T00:00:00,0001000051,Z100,Z03,ZAR
4500006639,WK,2026-02-14T00:00:00,0001000051,Z100,Z02,ZAR
4500006640,ZDOM,2026-07-26T00:00:00,0001000051,Z100,Z01,ZAR
4500006641,WK,2024-09-17T00:00:00,0001000001,Z100,Z02,ZAR
4500006642,ZDOM,2025-02-17T00:00:00,0001000001,Z100,Z02,ZAR
4500006643,ZDOM,2026-02-22T00:00:00,0001000001,Z100,Z02,ZAR
4500006644,ZDOM,2024-11-12T00:00:00,0001000023,Z100,Z03,ZAR
4500006645,AN,2024-12-10T00:00:00,0001000023,Z100,Z03,ZAR
4500006646,AN,2025-08-28T00:00:00,0001000023,Z100,Z02,ZAR
4500006647,AN,2025-10-04T00:00:00,0001000023,Z100,Z01,ZAR
4500006648,AN,2026-05-11T00:00:00,0001000023,Z100,Z02,ZAR
4500006649,WK,2025-09-06T00:00:00,0001000035,Z100,Z01,ZAR
4500006650,WK,2025-09-24T00:00:00,0001000035,Z100,Z01,ZAR
4500006651,AN,2024-10-06T00:00:00,0001000018,Z100,Z03,ZAR
4500006652,WK,2025-04-14T00:00:00,0001000018,Z100,Z02,ZAR
4500006653,AN,2025-12-12T00:00:00,0001000018,Z100,Z02,ZAR
4500006654,ZDOM,2026-01-22T00:00:00,0001000018,Z100,Z01,ZAR
4500006655,ZDOM,2026-02-21T00:00:00,0001000007,Z100,Z02,ZAR
4500006656,AN,2026-08-16T00:00:00,0001000007,Z100,Z02,ZAR
4500006657,AN,2024-09-30T00:00:00,0001000041,Z100,Z03,ZAR
4500006658,WK,2024-12-26T00:00:00,0001000041,Z100,Z03,ZAR
4500006659,ZDOM,2025-03-29T00:00:00,0001000041,Z100,Z02,ZAR
4500006660,ZDOM,2025-07-17T00:00:00,0001000041,Z100,Z02,ZAR
4500006661,WK,2025-10-10T00:00:00,0001000041,Z100,Z01,ZAR
4500006662,AN,2026-01-10T00:00:00,0001000041,Z100,Z01,ZAR
4500006663,WK,2026-03-06T00:00:00,0001000041,Z100,Z03,ZAR
4500006664,ZDOM,2026-07-01T00:00:00,0001000041,Z100,Z03,ZAR
4500006665,AN,2024-10-08T00:00:00,0001000041,Z100,Z02,ZAR
4500006666,AN,2025-02-01T00:00:00,0001000041,Z100,Z03,ZAR
4500006667,AN,2025-05-19T00:00:00,0001000041,Z100,Z03,ZAR
4500006668,AN,2025-09-15T00:00:00,0001000041,Z100,Z01,ZAR
4500006669,WK,2025-10-24T00:00:00,0001000041,Z100,Z01,ZAR
4500006670,WK,2026-03-30T00:00:00,0001000041,Z100,Z01,ZAR
4500006671,AN,2026-07-27T00:00:00,0001000041,Z100,Z02,ZAR
4500006672,AN,2024-12-08T00:00:00,0001000034,Z100,Z02,ZAR
4500006673,ZDOM,2025-04-15T00:00:00,0001000034,Z100,Z02,ZAR
4500006674,AN,2025-08-15T00:00:00,0001000034,Z100,Z01,ZAR
4500006675,ZDOM,2025-12-11T00:00:00,0001000034,Z100,Z01,ZAR
4500006676,AN,2026-03-26T00:00:00,0001000034,Z100,Z02,ZAR
4500006677,AN,2026-08-04T00:00:00,0001000034,Z100,Z02,ZAR
4500006678,ZDOM,2024-09-14T00:00:00,0001000041,Z100,Z02,ZAR
4500006679,ZDOM,2025-04-01T00:00:00,0001000041,Z100,Z01,ZAR
4500006680,WK,2025-04-29T00:00:00,0001000041,Z100,Z02,ZAR
4500006681,WK,2025-06-07T00:00:00,0001000041,Z100,Z03,ZAR
4500006682,AN,2025-12-09T00:00:00,0001000041,Z100,Z03,ZAR
4500006683,WK,2026-06-19T00:00:00,0001000041,Z100,Z02,ZAR
4500006684,WK,2026-07-26T00:00:00,0001000041,Z100,Z02,ZAR
4500006685,ZDOM,2024-11-05T00:00:00,0001000019,Z100,Z02,ZAR
4500006686,WK,2024-11-15T00:00:00,0001000019,Z100,Z01,ZAR
4500006687,WK,2025-04-20T00:00:00,0001000019,Z100,Z01,ZAR
4500006688,ZDOM,2025-08-31T00:00:00,0001000019,Z100,Z02,ZAR
4500006689,AN,2025-10-04T00:00:00,0001000019,Z100,Z03,ZAR
4500006690,WK,2026-01-20T00:00:00,0001000019,Z100,Z02,ZAR
4500006691,WK,2026-03-08T00:00:00,0001000019,Z100,Z03,ZAR
4500006692,ZDOM,2024-09-23T00:00:00,0001000038,Z100,Z03,ZAR
4500006693,WK,2025-03-08T00:00:00,0001000038,Z100,Z02,ZAR
4500006694,ZDOM,2025-04-22T00:00:00,0001000038,Z100,Z01,ZAR
4500006695,ZDOM,2025-09-15T00:00:00,0001000038,Z100,Z01,ZAR
4500006696,AN,2025-11-26T00:00:00,0001000038,Z100,Z03,ZAR
4500006697,AN,2026-04-16T00:00:00,0001000038,Z100,Z02,ZAR
4500006698,WK,2026-08-31T00:00:00,0001000038,Z100,Z03,ZAR
4500006699,WK,2024-11-03T00:00:00,0001000051,Z100,Z02,ZAR
4500006700,ZDOM,2025-05-26T00:00:00,0001000051,Z100,Z03,ZAR
4500006701,AN,2025-06-17T00:00:00,0001000051,Z100,Z02,ZAR
4500006702,ZDOM,2026-03-26T00:00:00,0001000051,Z100,Z02,ZAR
4500006703,AN,2026-04-30T00:00:00,0001000051,Z100,Z03,ZAR
4500006704,AN,2024-09-16T00:00:00,0001000054,Z100,Z02,ZAR
4500006705,AN,2024-11-17T00:00:00,0001000054,Z100,Z02,ZAR
4500006706,WK,2025-07-06T00:00:00,0001000054,Z100,Z01,ZAR
4500006707,AN,2025-07-17T00:00:00,0001000054,Z100,Z02,ZAR
4500006708,ZDOM,2025-09-02T00:00:00,0001000054,Z100,Z03,ZAR
4500006709,AN,2026-01-13T00:00:00,0001000054,Z100,Z01,ZAR
4500006710,ZDOM,2026-02-28T00:00:00,0001000054,Z100,Z01,ZAR
4500006711,AN,2026-03-24T00:00:00,0001000054,Z100,Z01,ZAR
4500006712,ZDOM,2026-04-12T00:00:00,0001000054,Z100,Z02,ZAR
4500006713,AN,2024-09-21T00:00:00,0001000005,Z100,Z01,ZAR
4500006714,WK,2024-10-15T00:00:00,0001000005,Z100,Z01,ZAR
4500006715,WK,2025-04-03T00:00:00,0001000005,Z100,Z01,ZAR
4500006716,AN,2025-08-13T00:00:00,0001000005,Z100,Z03,ZAR
4500006717,AN,2026-01-10T00:00:00,0001000005,Z100,Z01,ZAR
4500006718,AN,2026-05-12T00:00:00,0001000005,Z100,Z03,ZAR
4500006719,AN,2026-07-06T00:00:00,0001000005,Z100,Z02,ZAR
4500006720,ZDOM,2026-08-27T00:00:00,0001000005,Z100,Z01,ZAR
4500006721,WK,2024-09-03T00:00:00,0001000005,Z100,Z03,ZAR
4500006722,WK,2025-03-05T00:00:00,0001000005,Z100,Z02,ZAR
4500006723,AN,2025-10-02T00:00:00,0001000005,Z100,Z02,ZAR
4500006724,AN,2026-03-31T00:00:00,0001000005,Z100,Z02,ZAR
4500006725,ZDOM,2026-09-01T00:00:00,0001000005,Z100,Z03,ZAR
4500006726,ZDOM,2024-10-18T00:00:00,0001000014,Z100,Z01,ZAR
4500006727,WK,2026-03-21T00:00:00,0001000014,Z100,Z01,ZAR
4500006728,ZDOM,2024-09-25T00:00:00,0001000010,Z100,Z01,ZAR
4500006729,WK,2024-11-01T00:00:00,0001000010,Z100,Z03,ZAR
4500006730,ZDOM,2024-11-27T00:00:00,0001000010,Z100,Z03,ZAR
4500006731,WK,2025-10-21T00:00:00,0001000010,Z100,Z03,ZAR
4500006732,WK,2026-05-23T00:00:00,0001000010,Z100,Z02,ZAR
4500006733,WK,2025-04-11T00:00:00,0001000059,Z100,Z03,ZAR
4500006734,ZDOM,2025-07-07T00:00:00,0001000059,Z100,Z02,ZAR
4500006735,WK,2025-08-28T00:00:00,0001000059,Z100,Z01,ZAR
4500006736,WK,2025-12-09T00:00:00,0001000059,Z100,Z02,ZAR
4500006737,WK,2026-04-29T00:00:00,0001000059,Z100,Z02,ZAR
4500006738,ZDOM,2026-06-23T00:00:00,0001000059,Z100,Z02,ZAR
4500006739,AN,2026-08-21T00:00:00,0001000059,Z100,Z03,ZAR
4500006740,AN,2025-05-01T00:00:00,0001000049,Z100,Z02,ZAR
4500006741,WK,2025-09-11T00:00:00,0001000049,Z100,Z01,ZAR
4500006742,AN,2024-11-21T00:00:00,0001000054,Z100,Z03,ZAR
4500006743,AN,2025-04-03T00:00:00,0001000054,Z100,Z01,ZAR
4500006744,WK,2025-06-20T00:00:00,0001000054,Z100,Z01,ZAR
4500006745,AN,2025-11-22T00:00:00,0001000054,Z100,Z03,ZAR
4500006746,ZDOM,2025-12-14T00:00:00,0001000054,Z100,Z01,ZAR
4500006747,WK,2026-02-18T00:00:00,0001000054,Z100,Z02,ZAR
4500006748,WK,2026-06-19T00:00:00,0001000054,Z100,Z02,ZAR
4500006749,WK,2026-07-20T00:00:00,0001000054,Z100,Z03,ZAR
4500006750,WK,2024-09-24T00:00:00,0001000010,Z100,Z03,ZAR
4500006751,ZDOM,2025-02-27T00:00:00,0001000010,Z100,Z01,ZAR
4500006752,WK,2025-06-05T00:00:00,0001000010,Z100,Z02,ZAR
4500006753,ZDOM,2025-12-18T00:00:00,0001000010,Z100,Z02,ZAR
4500006754,WK,2026-01-28T00:00:00,0001000010,Z100,Z01,ZAR
4500006755,ZDOM,2026-07-02T00:00:00,0001000010,Z100,Z02,ZAR
4500006756,WK,2026-07-16T00:00:00,0001000010,Z100,Z01,ZAR
4500006757,ZDOM,2026-08-11T00:00:00,0001000010,Z100,Z01,ZAR
4500006758,ZDOM,2024-09-20T00:00:00,0001000033,Z100,Z03,ZAR
4500006759,WK,2024-10-10T00:00:00,0001000033,Z100,Z03,ZAR
4500006760,WK,2025-05-13T00:00:00,0001000033,Z100,Z01,ZAR
4500006761,WK,2025-06-28T00:00:00,0001000033,Z100,Z01,ZAR
4500006762,ZDOM,2025-11-12T00:00:00,0001000033,Z100,Z02,ZAR
4500006763,ZDOM,2026-01-05T00:00:00,0001000033,Z100,Z02,ZAR
4500006764,AN,2026-07-10T00:00:00,0001000033,Z100,Z03,ZAR
4500006765,WK,2024-10-29T00:00:00,0001000040,Z100,Z02,ZAR
4500006766,ZDOM,2024-11-17T00:00:00,0001000040,Z100,Z03,ZAR
4500006767,AN,2025-09-20T00:00:00,0001000040,Z100,Z01,ZAR
4500006768,AN,2025-10-07T00:00:00,0001000040,Z100,Z02,ZAR
4500006769,WK,2026-04-23T00:00:00,0001000040,Z100,Z01,ZAR
4500006770,ZDOM,2024-11-12T00:00:00,0001000040,Z100,Z01,ZAR
4500006771,ZDOM,2025-12-13T00:00:00,0001000040,Z100,Z02,ZAR
4500006772,WK,2026-01-25T00:00:00,0001000040,Z100,Z02,ZAR
4500006773,AN,2024-10-03T00:00:00,0001000023,Z100,Z01,ZAR
4500006774,ZDOM,2024-10-28T00:00:00,0001000023,Z100,Z01,ZAR
4500006775,WK,2025-11-11T00:00:00,0001000023,Z100,Z03,ZAR
4500006776,AN,2026-04-02T00:00:00,0001000023,Z100,Z03,ZAR
4500006777,WK,2024-10-02T00:00:00,0001000001,Z100,Z01,ZAR
4500006778,AN,2024-10-17T00:00:00,0001000001,Z100,Z01,ZAR
4500006779,AN,2025-02-07T00:00:00,0001000001,Z100,Z01,ZAR
4500006780,AN,2025-04-19T00:00:00,0001000001,Z100,Z02,ZAR
4500006781,WK,2025-05-19T00:00:00,0001000001,Z100,Z01,ZAR
4500006782,ZDOM,2025-09-15T00:00:00,0001000001,Z100,Z03,ZAR
4500006783,WK,2025-10-26T00:00:00,0001000001,Z100,Z02,ZAR
4500006784,AN,2026-02-22T00:00:00,0001000001,Z100,Z03,ZAR
4500006785,WK,2026-04-09T00:00:00,0001000001,Z100,Z01,ZAR
4500006786,WK,2026-05-02T00:00:00,0001000001,Z100,Z03,ZAR
4500006787,ZDOM,2026-06-06T00:00:00,0001000001,Z100,Z01,ZAR
4500006788,WK,2025-03-12T00:00:00,0001000005,Z100,Z01,ZAR
4500006789,WK,2026-01-29T00:00:00,0001000005,Z100,Z01,ZAR
4500006790,AN,2026-02-09T00:00:00,0001000005,Z100,Z03,ZAR
4500006791,ZDOM,2024-11-04T00:00:00,0001000004,Z100,Z02,ZAR
4500006792,WK,2025-08-30T00:00:00,0001000004,Z100,Z02,ZAR
4500006793,AN,2025-11-17T00:00:00,0001000004,Z100,Z01,ZAR
4500006794,AN,2026-04-01T00:00:00,0001000004,Z100,Z01,ZAR
4500006795,WK,2026-07-23T00:00:00,0001000004,Z100,Z01,ZAR
4500006796,WK,2024-11-01T00:00:00,0001000029,Z100,Z02,ZAR
4500006797,WK,2025-01-21T00:00:00,0001000029,Z100,Z01,ZAR
4500006798,ZDOM,2025-12-06T00:00:00,0001000029,Z100,Z02,ZAR
4500006799,WK,2026-04-28T00:00:00,0001000029,Z100,Z03,ZAR
4500006800,ZDOM,2026-05-12T00:00:00,0001000029,Z100,Z02,ZAR
4500006801,ZDOM,2024-12-25T00:00:00,0001000016,Z100,Z02,ZAR
4500006802,ZDOM,2025-03-02T00:00:00,0001000016,Z100,Z02,ZAR
4500006803,ZDOM,2025-04-05T00:00:00,0001000016,Z100,Z01,ZAR
4500006804,WK,2025-04-21T00:00:00,0001000016,Z100,Z03,ZAR
4500006805,AN,2025-07-03T00:00:00,0001000016,Z100,Z02,ZAR
4500006806,AN,2024-09-13T00:00:00,0001000016,Z100,Z03,ZAR
4500006807,ZDOM,2025-03-25T00:00:00,0001000016,Z100,Z03,ZAR
4500006808,WK,2025-04-07T00:00:00,0001000016,Z100,Z01,ZAR
4500006809,AN,2025-12-11T00:00:00,0001000016,Z100,Z02,ZAR
4500006810,WK,2026-06-13T00:00:00,0001000016,Z100,Z01,ZAR
4500006811,WK,2024-09-30T00:00:00,0001000009,Z100,Z01,ZAR
4500006812,AN,2025-07-01T00:00:00,0001000009,Z100,Z03,ZAR
4500006813,AN,2026-04-18T00:00:00,0001000009,Z100,Z01,ZAR
4500006814,WK,2026-08-29T00:00:00,0001000009,Z100,Z03,ZAR
4500006815,ZDOM,2024-10-04T00:00:00,0001000009,Z100,Z02,ZAR
4500006816,AN,2024-10-09T00:00:00,0001000009,Z100,Z01,ZAR
4500006817,AN,2024-11-11T00:00:00,0001000009,Z100,Z01,ZAR
4500006818,AN,2025-04-16T00:00:00,0001000009,Z100,Z03,ZAR
4500006819,WK,2025-05-26T00:00:00,0001000009,Z100,Z03,ZAR
4500006820,WK,2025-06-15T00:00:00,0001000009,Z100,Z03,ZAR
4500006821,ZDOM,2025-07-27T00:00:00,0001000009,Z100,Z02,ZAR
4500006822,WK,2025-08-22T00:00:00,0001000009,Z100,Z01,ZAR
4500006823,AN,2025-09-22T00:00:00,0001000009,Z100,Z02,ZAR
4500006824,AN,2026-02-01T00:00:00,0001000009,Z100,Z01,ZAR
4500006825,WK,2026-06-02T00:00:00,0001000009,Z100,Z03,ZAR
4500006826,WK,2026-09-07T00:00:00,0001000009,Z100,Z02,ZAR
4500006827,ZDOM,2024-09-16T00:00:00,0001000003,Z100,Z03,ZAR
4500006828,ZDOM,2024-11-01T00:00:00,0001000003,Z100,Z03,ZAR
4500006829,AN,2025-05-11T00:00:00,0001000003,Z100,Z02,ZAR
4500006830,ZDOM,2026-06-09T00:00:00,0001000003,Z100,Z01,ZAR
4500006831,WK,2024-10-01T00:00:00,0001000045,Z100,Z01,ZAR
4500006832,AN,2024-12-15T00:00:00,0001000045,Z100,Z03,ZAR
4500006833,WK,2025-07-16T00:00:00,0001000045,Z100,Z03,ZAR
4500006834,ZDOM,2026-02-24T00:00:00,0001000045,Z100,Z01,ZAR
4500006835,AN,2026-03-10T00:00:00,0001000045,Z100,Z03,ZAR
4500006836,AN,2026-07-11T00:00:00,0001000045,Z100,Z02,ZAR
4500006837,ZDOM,2024-09-25T00:00:00,0001000054,Z100,Z02,ZAR
4500006838,AN,2024-11-30T00:00:00,0001000054,Z100,Z03,ZAR
4500006839,WK,2024-12-31T00:00:00,0001000054,Z100,Z03,ZAR
4500006840,AN,2025-05-18T00:00:00,0001000054,Z100,Z01,ZAR
4500006841,AN,2025-12-12T00:00:00,0001000054,Z100,Z03,ZAR
4500006842,AN,2026-01-19T00:00:00,0001000054,Z100,Z02,ZAR
4500006843,ZDOM,2026-08-08T00:00:00,0001000054,Z100,Z03,ZAR
4500006844,WK,2024-09-08T00:00:00,0001000035,Z100,Z03,ZAR
4500006845,AN,2024-12-15T00:00:00,0001000035,Z100,Z03,ZAR
4500006846,WK,2025-04-24T00:00:00,0001000035,Z100,Z02,ZAR
4500006847,WK,2025-11-09T00:00:00,0001000035,Z100,Z03,ZAR
4500006848,ZDOM,2026-05-19T00:00:00,0001000035,Z100,Z02,ZAR
4500006849,AN,2026-06-12T00:00:00,0001000035,Z100,Z02,ZAR
4500006850,WK,2024-10-09T00:00:00,0001000035,Z100,Z01,ZAR
4500006851,AN,2025-05-29T00:00:00,0001000035,Z100,Z02,ZAR
4500006852,WK,2025-11-15T00:00:00,0001000035,Z100,Z02,ZAR
4500006853,AN,2026-07-06T00:00:00,0001000035,Z100,Z01,ZAR
4500006854,AN,2024-09-22T00:00:00,0001000016,Z100,Z02,ZAR
4500006855,ZDOM,2024-12-03T00:00:00,0001000016,Z100,Z01,ZAR
4500006856,WK,2025-02-12T00:00:00,0001000016,Z100,Z01,ZAR
4500006857,AN,2025-03-15T00:00:00,0001000016,Z100,Z01,ZAR
4500006858,ZDOM,2025-04-11T00:00:00,0001000016,Z100,Z01,ZAR
4500006859,ZDOM,2025-05-20T00:00:00,0001000016,Z100,Z01,ZAR
4500006860,WK,2025-09-07T00:00:00,0001000016,Z100,Z02,ZAR
4500006861,ZDOM,2025-10-27T00:00:00,0001000016,Z100,Z03,ZAR
4500006862,ZDOM,2025-12-23T00:00:00,0001000016,Z100,Z02,ZAR
4500006863,AN,2026-07-04T00:00:00,0001000016,Z100,Z01,ZAR
4500006864,WK,2024-11-07T00:00:00,0001000016,Z100,Z01,ZAR
4500006865,WK,2025-08-03T00:00:00,0001000016,Z100,Z01,ZAR
4500006866,WK,2025-09-30T00:00:00,0001000016,Z100,Z02,ZAR
4500006867,AN,2025-12-23T00:00:00,0001000016,Z100,Z02,ZAR
4500006868,ZDOM,2026-04-02T00:00:00,0001000016,Z100,Z02,ZAR
4500006869,WK,2026-08-13T00:00:00,0001000016,Z100,Z03,ZAR
4500006870,AN,2024-10-19T00:00:00,0001000007,Z100,Z03,ZAR
4500006871,WK,2024-11-19T00:00:00,0001000007,Z100,Z01,ZAR
4500006872,ZDOM,2025-02-21T00:00:00,0001000007,Z100,Z02,ZAR
4500006873,ZDOM,2025-07-25T00:00:00,0001000007,Z100,Z03,ZAR
4500006874,ZDOM,2025-11-07T00:00:00,0001000007,Z100,Z03,ZAR
4500006875,ZDOM,2025-11-10T00:00:00,0001000007,Z100,Z01,ZAR
4500006876,ZDOM,2026-04-18T00:00:00,0001000007,Z100,Z03,ZAR
4500006877,ZDOM,2026-08-22T00:00:00,0001000007,Z100,Z03,ZAR
4500006878,WK,2024-09-12T00:00:00,0001000046,Z100,Z01,ZAR
4500006879,AN,2024-12-14T00:00:00,0001000046,Z100,Z02,ZAR
4500006880,AN,2025-02-02T00:00:00,0001000046,Z100,Z03,ZAR
4500006881,ZDOM,2025-08-14T00:00:00,0001000046,Z100,Z02,ZAR
4500006882,ZDOM,2025-11-15T00:00:00,0001000046,Z100,Z02,ZAR
4500006883,AN,2026-03-12T00:00:00,0001000046,Z100,Z01,ZAR
4500006884,ZDOM,2024-11-03T00:00:00,0001000003,Z100,Z01,ZAR
4500006885,WK,2024-11-10T00:00:00,0001000003,Z100,Z02,ZAR
4500006886,AN,2025-04-18T00:00:00,0001000003,Z100,Z02,ZAR
4500006887,WK,2025-09-17T00:00:00,0001000003,Z100,Z02,ZAR
4500006888,ZDOM,2026-03-12T00:00:00,0001000003,Z100,Z01,ZAR
4500006889,AN,2024-11-08T00:00:00,0001000034,Z100,Z02,ZAR
4500006890,AN,2024-11-26T00:00:00,0001000034,Z100,Z02,ZAR
4500006891,AN,2025-11-25T00:00:00,0001000034,Z100,Z03,ZAR
4500006892,AN,2026-03-12T00:00:00,0001000034,Z100,Z03,ZAR
4500006893,AN,2026-04-27T00:00:00,0001000034,Z100,Z02,ZAR
4500006894,WK,2024-09-26T00:00:00,0001000034,Z100,Z02,ZAR
4500006895,WK,2025-02-23T00:00:00,0001000034,Z100,Z02,ZAR
4500006896,WK,2025-11-18T00:00:00,0001000034,Z100,Z02,ZAR
4500006897,ZDOM,2026-09-01T00:00:00,0001000034,Z100,Z02,ZAR
4500006898,AN,2024-09-17T00:00:00,0001000013,Z100,Z03,ZAR
4500006899,WK,2025-08-12T00:00:00,0001000013,Z100,Z01,ZAR
4500006900,AN,2026-06-14T00:00:00,0001000013,Z100,Z02,ZAR
4500006901,ZDOM,2024-09-22T00:00:00,0001000043,Z100,Z02,ZAR
4500006902,ZDOM,2024-12-14T00:00:00,0001000043,Z100,Z03,ZAR
4500006903,WK,2025-07-11T00:00:00,0001000043,Z100,Z02,ZAR
4500006904,AN,2025-09-24T00:00:00,0001000043,Z100,Z03,ZAR
4500006905,WK,2025-11-05T00:00:00,0001000043,Z100,Z03,ZAR
4500006906,ZDOM,2026-02-27T00:00:00,0001000043,Z100,Z03,ZAR
4500006907,ZDOM,2026-03-13T00:00:00,0001000043,Z100,Z02,ZAR
4500006908,AN,2026-04-13T00:00:00,0001000043,Z100,Z03,ZAR
4500006909,WK,2026-06-17T00:00:00,0001000043,Z100,Z02,ZAR
4500006910,WK,2024-09-05T00:00:00,0001000005,Z100,Z02,ZAR
4500006911,AN,2024-12-17T00:00:00,0001000005,Z100,Z02,ZAR
4500006912,AN,2025-02-26T00:00:00,0001000005,Z100,Z03,ZAR
4500006913,AN,2025-12-23T00:00:00,0001000005,Z100,Z02,ZAR
4500006914,ZDOM,2026-02-11T00:00:00,0001000005,Z100,Z02,ZAR
4500006915,WK,2024-10-01T00:00:00,0001000003,Z100,Z03,ZAR
4500006916,WK,2024-10-10T00:00:00,0001000003,Z100,Z03,ZAR
4500006917,WK,2024-12-07T00:00:00,0001000003,Z100,Z01,ZAR
4500006918,WK,2025-01-15T00:00:00,0001000003,Z100,Z03,ZAR
4500006919,ZDOM,2025-03-13T00:00:00,0001000003,Z100,Z02,ZAR
4500006920,WK,2025-07-22T00:00:00,0001000003,Z100,Z02,ZAR
4500006921,ZDOM,2025-10-01T00:00:00,0001000003,Z100,Z01,ZAR
4500006922,AN,2025-11-14T00:00:00,0001000003,Z100,Z01,ZAR
4500006923,ZDOM,2026-03-18T00:00:00,0001000003,Z100,Z01,ZAR
4500006924,ZDOM,2026-05-12T00:00:00,0001000003,Z100,Z02,ZAR
4500006925,ZDOM,2024-09-21T00:00:00,0001000053,Z100,Z03,ZAR
4500006926,AN,2025-07-12T00:00:00,0001000053,Z100,Z03,ZAR
4500006927,ZDOM,2025-07-24T00:00:00,0001000053,Z100,Z02,ZAR
4500006928,ZDOM,2026-02-04T00:00:00,0001000053,Z100,Z01,ZAR
4500006929,AN,2025-06-26T00:00:00,0001000051,Z100,Z01,ZAR
4500006930,WK,2025-04-19T00:00:00,0001000042,Z100,Z03,ZAR
4500006931,WK,2025-08-10T00:00:00,0001000042,Z100,Z02,ZAR
4500006932,AN,2025-12-31T00:00:00,0001000042,Z100,Z02,ZAR
4500006933,AN,2024-09-21T00:00:00,0001000042,Z100,Z02,ZAR
4500006934,WK,2024-10-31T00:00:00,0001000042,Z100,Z03,ZAR
4500006935,AN,2024-11-11T00:00:00,0001000042,Z100,Z03,ZAR
4500006936,WK,2025-12-16T00:00:00,0001000042,Z100,Z02,ZAR
4500006937,AN,2026-05-15T00:00:00,0001000042,Z100,Z01,ZAR
4500006938,ZDOM,2026-07-10T00:00:00,0001000042,Z100,Z03,ZAR
4500006939,WK,2024-09-29T00:00:00,0001000004,Z100,Z03,ZAR
4500006940,AN,2024-12-31T00:00:00,0001000004,Z100,Z02,ZAR
4500006941,AN,2025-09-07T00:00:00,0001000004,Z100,Z03,ZAR
4500006942,ZDOM,2026-07-14T00:00:00,0001000004,Z100,Z03,ZAR
4500006943,WK,2026-08-15T00:00:00,0001000004,Z100,Z01,ZAR
4500006944,WK,2024-10-05T00:00:00,0001000004,Z100,Z02,ZAR
4500006945,AN,2025-01-10T00:00:00,0001000004,Z100,Z02,ZAR
4500006946,ZDOM,2025-07-31T00:00:00,0001000004,Z100,Z01,ZAR
4500006947,WK,2025-08-30T00:00:00,0001000004,Z100,Z01,ZAR
4500006948,WK,2026-01-14T00:00:00,0001000004,Z100,Z02,ZAR
4500006949,ZDOM,2026-04-04T00:00:00,0001000004,Z100,Z02,ZAR
4500006950,WK,2026-08-01T00:00:00,0001000004,Z100,Z01,ZAR
4500006951,WK,2026-08-22T00:00:00,0001000004,Z100,Z02,ZAR
4500006952,WK,2024-11-07T00:00:00,0001000029,Z100,Z03,ZAR
4500006953,WK,2025-07-19T00:00:00,0001000029,Z100,Z01,ZAR
4500006954,ZDOM,2024-09-16T00:00:00,0001000029,Z100,Z01,ZAR
4500006955,WK,2025-12-01T00:00:00,0001000029,Z100,Z01,ZAR
4500006956,ZDOM,2026-06-28T00:00:00,0001000029,Z100,Z03,ZAR
4500006957,WK,2026-07-12T00:00:00,0001000029,Z100,Z01,ZAR
4500006958,ZDOM,2024-09-17T00:00:00,0001000037,Z100,Z02,ZAR
4500006959,ZDOM,2025-01-28T00:00:00,0001000037,Z100,Z01,ZAR
4500006960,AN,2025-03-13T00:00:00,0001000037,Z100,Z01,ZAR
4500006961,WK,2025-05-01T00:00:00,0001000037,Z100,Z01,ZAR
4500006962,WK,2025-05-08T00:00:00,0001000037,Z100,Z02,ZAR
4500006963,WK,2026-01-03T00:00:00,0001000037,Z100,Z01,ZAR
4500006964,WK,2026-01-27T00:00:00,0001000037,Z100,Z02,ZAR
4500006965,AN,2026-04-28T00:00:00,0001000037,Z100,Z01,ZAR
4500006966,AN,2026-05-22T00:00:00,0001000037,Z100,Z03,ZAR
4500006967,WK,2024-10-08T00:00:00,0001000051,Z100,Z03,ZAR
4500006968,ZDOM,2024-10-12T00:00:00,0001000051,Z100,Z01,ZAR
4500006969,WK,2025-09-08T00:00:00,0001000051,Z100,Z01,ZAR
4500006970,WK,2025-10-07T00:00:00,0001000051,Z100,Z02,ZAR
4500006971,WK,2025-11-10T00:00:00,0001000051,Z100,Z02,ZAR
4500006972,AN,2026-04-14T00:00:00,0001000051,Z100,Z03,ZAR
4500006973,ZDOM,2026-06-05T00:00:00,0001000051,Z100,Z02,ZAR
4500006974,ZDOM,2026-07-03T00:00:00,0001000051,Z100,Z02,ZAR
4500006975,AN,2024-12-07T00:00:00,0001000030,Z100,Z01,ZAR
4500006976,AN,2025-01-24T00:00:00,0001000030,Z100,Z01,ZAR
4500006977,AN,2025-03-01T00:00:00,0001000030,Z100,Z02,ZAR
4500006978,WK,2025-09-27T00:00:00,0001000030,Z100,Z01,ZAR
4500006979,ZDOM,2026-03-07T00:00:00,0001000030,Z100,Z02,ZAR
4500006980,WK,2026-08-26T00:00:00,0001000030,Z100,Z01,ZAR
4500006981,WK,2024-10-28T00:00:00,0001000030,Z100,Z03,ZAR
4500006982,AN,2025-05-05T00:00:00,0001000030,Z100,Z02,ZAR
4500006983,AN,2026-01-11T00:00:00,0001000030,Z100,Z03,ZAR
4500006984,ZDOM,2026-05-01T00:00:00,0001000030,Z100,Z03,ZAR
4500006985,ZDOM,2025-04-30T00:00:00,0001000009,Z100,Z03,ZAR
4500006986,ZDOM,2025-06-07T00:00:00,0001000009,Z100,Z01,ZAR
4500006987,ZDOM,2025-06-18T00:00:00,0001000009,Z100,Z03,ZAR
4500006988,AN,2026-01-26T00:00:00,0001000009,Z100,Z01,ZAR
4500006989,WK,2026-02-22T00:00:00,0001000009,Z100,Z02,ZAR
4500006990,ZDOM,2026-05-16T00:00:00,0001000009,Z100,Z02,ZAR
4500006991,AN,2024-10-26T00:00:00,0001000009,Z100,Z01,ZAR
4500006992,ZDOM,2025-07-08T00:00:00,0001000009,Z100,Z02,ZAR
4500006993,AN,2025-08-20T00:00:00,0001000009,Z100,Z02,ZAR
4500006994,AN,2025-12-23T00:00:00,0001000009,Z100,Z02,ZAR
4500006995,WK,2026-08-11T00:00:00,0001000009,Z100,Z02,ZAR
4500006996,AN,2024-10-08T00:00:00,0001000055,Z100,Z03,ZAR
4500006997,WK,2024-10-28T00:00:00,0001000055,Z100,Z02,ZAR
4500006998,AN,2025-04-23T00:00:00,0001000055,Z100,Z01,ZAR
4500006999,ZDOM,2025-10-09T00:00:00,0001000055,Z100,Z03,ZAR
4500007000,ZDOM,2025-11-21T00:00:00,0001000055,Z100,Z01,ZAR
4500007001,AN,2025-12-29T00:00:00,0001000055,Z100,Z02,ZAR
4500007002,WK,2026-01-21T00:00:00,0001000055,Z100,Z02,ZAR
4500007003,WK,2026-08-11T00:00:00,0001000055,Z100,Z03,ZAR
4500007004,ZDOM,2024-09-25T00:00:00,0001000053,Z100,Z01,ZAR
4500007005,WK,2025-03-02T00:00:00,0001000053,Z100,Z01,ZAR
4500007006,WK,2025-10-18T00:00:00,0001000053,Z100,Z03,ZAR
4500007007,AN,2026-05-29T00:00:00,0001000053,Z100,Z01,ZAR
4500007008,AN,2026-06-30T00:00:00,0001000053,Z100,Z01,ZAR
4500007009,AN,2026-08-04T00:00:00,0001000053,Z100,Z02,ZAR
4500007010,WK,2026-09-07T00:00:00,0001000053,Z100,Z02,ZAR
4500007011,AN,2024-11-07T00:00:00,0001000053,Z100,Z03,ZAR
4500007012,WK,2025-02-09T00:00:00,0001000053,Z100,Z03,ZAR
4500007013,WK,2025-06-05T00:00:00,0001000053,Z100,Z02,ZAR
4500007014,ZDOM,2025-07-02T00:00:00,0001000053,Z100,Z02,ZAR
4500007015,ZDOM,2025-09-24T00:00:00,0001000053,Z100,Z01,ZAR
4500007016,WK,2025-12-19T00:00:00,0001000053,Z100,Z02,ZAR
4500007017,AN,2026-01-19T00:00:00,0001000053,Z100,Z01,ZAR
4500007018,AN,2026-02-13T00:00:00,0001000053,Z100,Z03,ZAR
4500007019,AN,2026-08-15T00:00:00,0001000053,Z100,Z03,ZAR
4500007020,AN,2025-04-03T00:00:00,0001000019,Z100,Z02,ZAR
4500007021,WK,2025-07-17T00:00:00,0001000019,Z100,Z03,ZAR
4500007022,WK,2025-10-27T00:00:00,0001000019,Z100,Z01,ZAR
4500007023,ZDOM,2026-01-24T00:00:00,0001000019,Z100,Z02,ZAR
4500007024,WK,2024-11-06T00:00:00,0001000048,Z100,Z01,ZAR
4500007025,AN,2025-02-13T00:00:00,0001000048,Z100,Z02,ZAR
4500007026,AN,2025-05-15T00:00:00,0001000048,Z100,Z01,ZAR
4500007027,AN,2025-06-23T00:00:00,0001000048,Z100,Z02,ZAR
4500007028,AN,2026-01-26T00:00:00,0001000048,Z100,Z03,ZAR
4500007029,AN,2026-02-24T00:00:00,0001000048,Z100,Z03,ZAR
4500007030,AN,2026-03-12T00:00:00,0001000048,Z100,Z02,ZAR
4500007031,WK,2024-12-16T00:00:00,0001000048,Z100,Z03,ZAR
4500007032,WK,2025-05-05T00:00:00,0001000048,Z100,Z03,ZAR
4500007033,AN,2026-03-12T00:00:00,0001000048,Z100,Z03,ZAR
4500007034,WK,2026-06-07T00:00:00,0001000048,Z100,Z02,ZAR
4500007035,WK,2026-07-16T00:00:00,0001000048,Z100,Z02,ZAR
4500007036,WK,2024-09-26T00:00:00,0001000018,Z100,Z02,ZAR
4500007037,WK,2024-12-11T00:00:00,0001000018,Z100,Z02,ZAR
4500007038,AN,2025-06-24T00:00:00,0001000018,Z100,Z03,ZAR
4500007039,WK,2025-07-22T00:00:00,0001000018,Z100,Z01,ZAR
4500007040,ZDOM,2025-10-10T00:00:00,0001000018,Z100,Z03,ZAR
4500007041,ZDOM,2026-02-12T00:00:00,0001000018,Z100,Z01,ZAR
4500007042,ZDOM,2026-05-31T00:00:00,0001000018,Z100,Z03,ZAR
4500007043,WK,2024-12-20T00:00:00,0001000001,Z100,Z02,ZAR
4500007044,AN,2025-05-21T00:00:00,0001000001,Z100,Z01,ZAR
4500007045,ZDOM,2026-01-03T00:00:00,0001000001,Z100,Z01,ZAR
4500007046,ZDOM,2026-07-06T00:00:00,0001000001,Z100,Z03,ZAR
4500007047,WK,2024-09-20T00:00:00,0001000014,Z100,Z01,ZAR
4500007048,WK,2025-02-10T00:00:00,0001000014,Z100,Z01,ZAR
4500007049,AN,2025-03-20T00:00:00,0001000014,Z100,Z01,ZAR
4500007050,ZDOM,2024-09-30T00:00:00,0001000014,Z100,Z03,ZAR
4500007051,AN,2025-04-24T00:00:00,0001000014,Z100,Z03,ZAR
4500007052,AN,2025-06-10T00:00:00,0001000014,Z100,Z01,ZAR
4500007053,ZDOM,2026-01-01T00:00:00,0001000014,Z100,Z03,ZAR
4500007054,WK,2026-05-31T00:00:00,0001000014,Z100,Z01,ZAR
4500007055,WK,2024-10-30T00:00:00,0001000023,Z100,Z02,ZAR
4500007056,ZDOM,2025-04-15T00:00:00,0001000023,Z100,Z02,ZAR
4500007057,AN,2025-09-17T00:00:00,0001000023,Z100,Z03,ZAR
4500007058,WK,2026-03-10T00:00:00,0001000023,Z100,Z02,ZAR
4500007059,WK,2026-03-04T00:00:00,0001000023,Z100,Z03,ZAR
4500007060,WK,2026-07-10T00:00:00,0001000023,Z100,Z01,ZAR
4500007061,WK,2025-07-14T00:00:00,0001000055,Z100,Z03,ZAR
4500007062,ZDOM,2024-09-12T00:00:00,0001000037,Z100,Z03,ZAR
4500007063,AN,2025-01-09T00:00:00,0001000037,Z100,Z03,ZAR
4500007064,AN,2025-02-25T00:00:00,0001000037,Z100,Z02,ZAR
4500007065,WK,2025-10-19T00:00:00,0001000037,Z100,Z03,ZAR
4500007066,ZDOM,2025-11-14T00:00:00,0001000037,Z100,Z03,ZAR
4500007067,WK,2024-10-14T00:00:00,0001000037,Z100,Z03,ZAR
4500007068,WK,2024-11-14T00:00:00,0001000037,Z100,Z03,ZAR
4500007069,AN,2025-03-05T00:00:00,0001000037,Z100,Z02,ZAR
4500007070,ZDOM,2026-06-13T00:00:00,0001000037,Z100,Z02,ZAR
4500007071,AN,2026-07-28T00:00:00,0001000037,Z100,Z02,ZAR
4500007072,WK,2025-03-22T00:00:00,0001000046,Z100,Z01,ZAR
4500007073,ZDOM,2025-11-03T00:00:00,0001000046,Z100,Z01,ZAR
4500007074,AN,2026-07-01T00:00:00,0001000046,Z100,Z01,ZAR
4500007075,WK,2024-12-01T00:00:00,0001000012,Z100,Z03,ZAR
4500007076,AN,2025-02-04T00:00:00,0001000012,Z100,Z01,ZAR
4500007077,WK,2025-04-05T00:00:00,0001000012,Z100,Z02,ZAR
4500007078,AN,2025-05-04T00:00:00,0001000012,Z100,Z03,ZAR
4500007079,AN,2024-10-05T00:00:00,0001000016,Z100,Z01,ZAR
4500007080,AN,2024-10-22T00:00:00,0001000016,Z100,Z03,ZAR
4500007081,WK,2024-11-12T00:00:00,0001000016,Z100,Z01,ZAR
4500007082,WK,2025-10-31T00:00:00,0001000016,Z100,Z02,ZAR
4500007083,WK,2024-11-03T00:00:00,0001000022,Z100,Z03,ZAR
4500007084,ZDOM,2025-04-08T00:00:00,0001000022,Z100,Z03,ZAR
4500007085,AN,2025-09-09T00:00:00,0001000022,Z100,Z03,ZAR
4500007086,AN,2026-01-24T00:00:00,0001000022,Z100,Z03,ZAR
4500007087,AN,2026-06-22T00:00:00,0001000022,Z100,Z02,ZAR
4500007088,AN,2026-08-12T00:00:00,0001000022,Z100,Z03,ZAR
4500007089,WK,2024-09-19T00:00:00,0001000022,Z100,Z03,ZAR
4500007090,ZDOM,2024-11-03T00:00:00,0001000022,Z100,Z01,ZAR
4500007091,ZDOM,2025-02-07T00:00:00,0001000022,Z100,Z03,ZAR
4500007092,AN,2025-03-15T00:00:00,0001000022,Z100,Z03,ZAR
4500007093,WK,2025-04-30T00:00:00,0001000022,Z100,Z01,ZAR
4500007094,WK,2025-05-24T00:00:00,0001000022,Z100,Z02,ZAR
4500007095,AN,2025-09-21T00:00:00,0001000022,Z100,Z01,ZAR
4500007096,WK,2025-12-17T00:00:00,0001000022,Z100,Z01,ZAR
4500007097,AN,2026-03-25T00:00:00,0001000022,Z100,Z03,ZAR
4500007098,ZDOM,2026-07-15T00:00:00,0001000022,Z100,Z01,ZAR
4500007099,WK,2026-08-21T00:00:00,0001000022,Z100,Z02,ZAR
4500007100,AN,2024-09-24T00:00:00,0001000046,Z100,Z02,ZAR
4500007101,ZDOM,2025-07-15T00:00:00,0001000046,Z100,Z01,ZAR
4500007102,AN,2025-08-13T00:00:00,0001000046,Z100,Z02,ZAR
4500007103,ZDOM,2026-04-17T00:00:00,0001000046,Z100,Z01,ZAR
4500007104,AN,2026-05-29T00:00:00,0001000046,Z100,Z01,ZAR
4500007105,WK,2026-07-08T00:00:00,0001000046,Z100,Z01,ZAR
4500007106,WK,2024-10-23T00:00:00,0001000046,Z100,Z01,ZAR
4500007107,AN,2025-11-23T00:00:00,0001000046,Z100,Z03,ZAR
4500007108,ZDOM,2024-09-29T00:00:00,0001000003,Z100,Z02,ZAR
4500007109,AN,2024-11-21T00:00:00,0001000003,Z100,Z01,ZAR
4500007110,ZDOM,2025-04-24T00:00:00,0001000003,Z100,Z02,ZAR
4500007111,ZDOM,2025-06-22T00:00:00,0001000003,Z100,Z03,ZAR
4500007112,AN,2025-09-02T00:00:00,0001000003,Z100,Z01,ZAR
4500007113,WK,2025-11-12T00:00:00,0001000003,Z100,Z02,ZAR
4500007114,ZDOM,2026-01-24T00:00:00,0001000003,Z100,Z01,ZAR
4500007115,WK,2026-05-15T00:00:00,0001000003,Z100,Z02,ZAR
4500007116,WK,2026-06-29T00:00:00,0001000003,Z100,Z03,ZAR
4500007117,WK,2026-07-29T00:00:00,0001000003,Z100,Z01,ZAR
4500007118,AN,2026-08-27T00:00:00,0001000003,Z100,Z02,ZAR
4500007119,ZDOM,2024-09-18T00:00:00,0001000058,Z100,Z01,ZAR
4500007120,WK,2024-12-18T00:00:00,0001000058,Z100,Z02,ZAR
4500007121,AN,2025-05-10T00:00:00,0001000058,Z100,Z03,ZAR
4500007122,WK,2025-07-21T00:00:00,0001000058,Z100,Z03,ZAR
4500007123,AN,2025-08-14T00:00:00,0001000058,Z100,Z02,ZAR
4500007124,AN,2025-12-01T00:00:00,0001000058,Z100,Z01,ZAR
4500007125,WK,2026-04-18T00:00:00,0001000058,Z100,Z02,ZAR
4500007126,AN,2026-08-04T00:00:00,0001000058,Z100,Z02,ZAR
4500007127,AN,2026-09-06T00:00:00,0001000058,Z100,Z02,ZAR
4500007128,ZDOM,2025-10-29T00:00:00,0001000046,Z100,Z02,ZAR
4500007129,AN,2025-01-28T00:00:00,0001000046,Z100,Z02,ZAR
4500007130,WK,2025-02-24T00:00:00,0001000046,Z100,Z01,ZAR
4500007131,ZDOM,2025-03-18T00:00:00,0001000046,Z100,Z02,ZAR
4500007132,ZDOM,2025-12-04T00:00:00,0001000046,Z100,Z03,ZAR
4500007133,WK,2026-04-14T00:00:00,0001000046,Z100,Z01,ZAR
4500007134,ZDOM,2026-07-09T00:00:00,0001000046,Z100,Z03,ZAR
4500007135,ZDOM,2026-07-10T00:00:00,0001000046,Z100,Z01,ZAR
4500007136,WK,2024-12-13T00:00:00,0001000030,Z100,Z02,ZAR
4500007137,AN,2025-05-07T00:00:00,0001000030,Z100,Z02,ZAR
4500007138,ZDOM,2026-01-10T00:00:00,0001000030,Z100,Z01,ZAR
4500007139,WK,2026-09-01T00:00:00,0001000030,Z100,Z02,ZAR
4500007140,WK,2024-10-06T00:00:00,0001000038,Z100,Z03,ZAR
4500007141,ZDOM,2024-11-07T00:00:00,0001000038,Z100,Z01,ZAR
4500007142,WK,2025-03-03T00:00:00,0001000038,Z100,Z03,ZAR
4500007143,AN,2025-10-19T00:00:00,0001000038,Z100,Z02,ZAR
4500007144,WK,2024-10-10T00:00:00,0001000009,Z100,Z01,ZAR
4500007145,WK,2024-11-09T00:00:00,0001000009,Z100,Z02,ZAR
4500007146,ZDOM,2025-02-21T00:00:00,0001000009,Z100,Z02,ZAR
4500007147,WK,2025-03-29T00:00:00,0001000009,Z100,Z01,ZAR
4500007148,ZDOM,2026-02-11T00:00:00,0001000009,Z100,Z01,ZAR
4500007149,ZDOM,2026-02-22T00:00:00,0001000009,Z100,Z01,ZAR
4500007150,AN,2026-06-15T00:00:00,0001000009,Z100,Z03,ZAR
4500007151,WK,2024-09-18T00:00:00,0001000009,Z100,Z02,ZAR
4500007152,AN,2025-06-15T00:00:00,0001000009,Z100,Z03,ZAR
4500007153,ZDOM,2026-02-09T00:00:00,0001000009,Z100,Z03,ZAR
4500007154,ZDOM,2026-03-14T00:00:00,0001000009,Z100,Z03,ZAR
4500007155,ZDOM,2026-04-05T00:00:00,0001000009,Z100,Z01,ZAR
4500007156,ZDOM,2025-01-26T00:00:00,0001000002,Z100,Z03,ZAR
4500007157,ZDOM,2025-09-04T00:00:00,0001000002,Z100,Z03,ZAR
4500007158,AN,2026-03-24T00:00:00,0001000002,Z100,Z03,ZAR
4500007159,AN,2024-11-27T00:00:00,0001000058,Z100,Z01,ZAR
4500007160,ZDOM,2025-08-05T00:00:00,0001000058,Z100,Z03,ZAR
4500007161,ZDOM,2026-04-03T00:00:00,0001000058,Z100,Z03,ZAR
4500007162,WK,2024-09-23T00:00:00,0001000018,Z100,Z02,ZAR
4500007163,WK,2025-03-18T00:00:00,0001000018,Z100,Z02,ZAR
4500007164,AN,2025-11-02T00:00:00,0001000018,Z100,Z03,ZAR
4500007165,AN,2026-02-06T00:00:00,0001000018,Z100,Z03,ZAR
4500007166,WK,2026-05-08T00:00:00,0001000018,Z100,Z02,ZAR
4500007167,ZDOM,2026-06-03T00:00:00,0001000018,Z100,Z01,ZAR
4500007168,ZDOM,2026-06-23T00:00:00,0001000018,Z100,Z02,ZAR
4500007169,WK,2024-10-22T00:00:00,0001000041,Z100,Z03,ZAR
4500007170,WK,2025-01-31T00:00:00,0001000041,Z100,Z02,ZAR
4500007171,WK,2025-04-23T00:00:00,0001000041,Z100,Z03,ZAR
4500007172,ZDOM,2026-05-14T00:00:00,0001000041,Z100,Z03,ZAR
4500007173,WK,2025-11-03T00:00:00,0001000041,Z100,Z02,ZAR
4500007174,WK,2026-06-20T00:00:00,0001000041,Z100,Z02,ZAR
4500007175,ZDOM,2024-10-05T00:00:00,0001000032,Z100,Z01,ZAR
4500007176,AN,2024-12-12T00:00:00,0001000032,Z100,Z01,ZAR
4500007177,ZDOM,2025-01-25T00:00:00,0001000032,Z100,Z03,ZAR
4500007178,AN,2025-02-24T00:00:00,0001000032,Z100,Z01,ZAR
4500007179,WK,2025-06-26T00:00:00,0001000032,Z100,Z03,ZAR
4500007180,AN,2025-09-16T00:00:00,0001000032,Z100,Z02,ZAR
4500007181,AN,2026-05-10T00:00:00,0001000032,Z100,Z01,ZAR
4500007182,ZDOM,2026-06-18T00:00:00,0001000032,Z100,Z02,ZAR
4500007183,WK,2025-06-17T00:00:00,0001000027,Z100,Z03,ZAR
4500007184,ZDOM,2025-08-05T00:00:00,0001000027,Z100,Z02,ZAR
4500007185,WK,2025-08-29T00:00:00,0001000027,Z100,Z03,ZAR
4500007186,WK,2025-10-28T00:00:00,0001000027,Z100,Z02,ZAR
4500007187,AN,2026-02-25T00:00:00,0001000027,Z100,Z03,ZAR
4500007188,ZDOM,2024-09-17T00:00:00,0001000049,Z100,Z01,ZAR
4500007189,ZDOM,2025-04-29T00:00:00,0001000049,Z100,Z02,ZAR
4500007190,ZDOM,2025-07-29T00:00:00,0001000049,Z100,Z02,ZAR
4500007191,AN,2024-11-16T00:00:00,0001000023,Z100,Z02,ZAR
4500007192,WK,2025-08-02T00:00:00,0001000023,Z100,Z03,ZAR
4500007193,ZDOM,2026-03-20T00:00:00,0001000023,Z100,Z02,ZAR
4500007194,ZDOM,2026-08-09T00:00:00,0001000023,Z100,Z01,ZAR
4500007195,WK,2024-09-28T00:00:00,0001000023,Z100,Z01,ZAR
4500007196,AN,2024-10-09T00:00:00,0001000023,Z100,Z02,ZAR
4500007197,WK,2024-11-22T00:00:00,0001000023,Z100,Z03,ZAR
4500007198,AN,2025-05-20T00:00:00,0001000023,Z100,Z01,ZAR
4500007199,AN,2026-02-23T00:00:00,0001000023,Z100,Z02,ZAR
4500007200,ZDOM,2026-08-13T00:00:00,0001000023,Z100,Z03,ZAR
4500007201,AN,2024-10-09T00:00:00,0001000017,Z100,Z01,ZAR
4500007202,ZDOM,2025-01-19T00:00:00,0001000017,Z100,Z02,ZAR
4500007203,ZDOM,2025-03-23T00:00:00,0001000017,Z100,Z03,ZAR
4500007204,AN,2025-04-06T00:00:00,0001000017,Z100,Z01,ZAR
4500007205,ZDOM,2025-10-16T00:00:00,0001000017,Z100,Z02,ZAR
4500007206,ZDOM,2026-02-27T00:00:00,0001000017,Z100,Z03,ZAR
4500007207,ZDOM,2026-08-03T00:00:00,0001000017,Z100,Z02,ZAR
4500007208,ZDOM,2026-09-07T00:00:00,0001000017,Z100,Z02,ZAR
4500007209,ZDOM,2024-09-22T00:00:00,0001000020,Z100,Z03,ZAR
4500007210,WK,2024-10-27T00:00:00,0001000020,Z100,Z01,ZAR
4500007211,WK,2025-11-12T00:00:00,0001000020,Z100,Z03,ZAR
4500007212,WK,2024-09-02T00:00:00,0001000038,Z100,Z01,ZAR
4500007213,AN,2024-10-26T00:00:00,0001000038,Z100,Z02,ZAR
4500007214,WK,2025-04-22T00:00:00,0001000038,Z100,Z03,ZAR
4500007215,AN,2025-06-03T00:00:00,0001000038,Z100,Z01,ZAR
4500007216,ZDOM,2025-06-30T00:00:00,0001000038,Z100,Z01,ZAR
4500007217,WK,2025-07-03T00:00:00,0001000038,Z100,Z01,ZAR
4500007218,AN,2026-01-13T00:00:00,0001000038,Z100,Z02,ZAR
4500007219,ZDOM,2024-09-30T00:00:00,0001000019,Z100,Z03,ZAR
4500007220,WK,2024-10-08T00:00:00,0001000019,Z100,Z02,ZAR
4500007221,WK,2024-11-22T00:00:00,0001000019,Z100,Z02,ZAR
4500007222,ZDOM,2025-05-01T00:00:00,0001000019,Z100,Z03,ZAR
4500007223,WK,2025-09-26T00:00:00,0001000019,Z100,Z03,ZAR
4500007224,AN,2025-11-06T00:00:00,0001000019,Z100,Z02,ZAR
4500007225,ZDOM,2026-05-16T00:00:00,0001000019,Z100,Z03,ZAR
4500007226,WK,2025-01-13T00:00:00,0001000055,Z100,Z01,ZAR
4500007227,WK,2026-07-09T00:00:00,0001000055,Z100,Z01,ZAR
4500007228,ZDOM,2026-07-16T00:00:00,0001000055,Z100,Z03,ZAR
4500007229,WK,2024-12-05T00:00:00,0001000036,Z100,Z01,ZAR
4500007230,ZDOM,2025-05-04T00:00:00,0001000036,Z100,Z01,ZAR
4500007231,WK,2025-05-14T00:00:00,0001000036,Z100,Z02,ZAR
4500007232,WK,2025-06-11T00:00:00,0001000036,Z100,Z02,ZAR
4500007233,AN,2026-06-23T00:00:00,0001000036,Z100,Z03,ZAR
4500007234,WK,2024-09-05T00:00:00,0001000048,Z100,Z02,ZAR
4500007235,WK,2024-12-18T00:00:00,0001000048,Z100,Z02,ZAR
4500007236,WK,2025-02-05T00:00:00,0001000048,Z100,Z03,ZAR
4500007237,WK,2025-02-14T00:00:00,0001000048,Z100,Z03,ZAR
4500007238,WK,2025-04-02T00:00:00,0001000048,Z100,Z03,ZAR
4500007239,ZDOM,2025-10-12T00:00:00,0001000048,Z100,Z03,ZAR
4500007240,AN,2026-07-04T00:00:00,0001000048,Z100,Z01,ZAR
4500007241,ZDOM,2025-02-02T00:00:00,0001000046,Z100,Z01,ZAR
4500007242,WK,2025-11-19T00:00:00,0001000046,Z100,Z01,ZAR
4500007243,WK,2024-10-08T00:00:00,0001000046,Z100,Z02,ZAR
4500007244,WK,2025-01-17T00:00:00,0001000046,Z100,Z01,ZAR
4500007245,AN,2025-02-10T00:00:00,0001000046,Z100,Z01,ZAR
4500007246,AN,2025-05-31T00:00:00,0001000046,Z100,Z03,ZAR
4500007247,WK,2025-06-17T00:00:00,0001000046,Z100,Z03,ZAR
4500007248,ZDOM,2025-09-22T00:00:00,0001000046,Z100,Z02,ZAR
4500007249,ZDOM,2025-10-24T00:00:00,0001000046,Z100,Z02,ZAR
4500007250,ZDOM,2025-12-29T00:00:00,0001000046,Z100,Z02,ZAR
4500007251,AN,2026-01-30T00:00:00,0001000046,Z100,Z03,ZAR
4500007252,ZDOM,2024-12-07T00:00:00,0001000021,Z100,Z03,ZAR
4500007253,WK,2025-02-20T00:00:00,0001000021,Z100,Z03,ZAR
4500007254,WK,2025-08-29T00:00:00,0001000021,Z100,Z02,ZAR
4500007255,ZDOM,2026-02-11T00:00:00,0001000021,Z100,Z02,ZAR
4500007256,AN,2024-10-28T00:00:00,0001000040,Z100,Z02,ZAR
4500007257,WK,2024-12-03T00:00:00,0001000040,Z100,Z01,ZAR
4500007258,WK,2025-06-14T00:00:00,0001000040,Z100,Z01,ZAR
4500007259,ZDOM,2025-10-19T00:00:00,0001000040,Z100,Z02,ZAR
4500007260,WK,2026-03-06T00:00:00,0001000040,Z100,Z01,ZAR
4500007261,ZDOM,2026-06-20T00:00:00,0001000040,Z100,Z02,ZAR
4500007262,WK,2024-09-22T00:00:00,0001000027,Z100,Z01,ZAR
4500007263,ZDOM,2024-12-14T00:00:00,0001000027,Z100,Z02,ZAR
4500007264,AN,2025-09-01T00:00:00,0001000027,Z100,Z01,ZAR
4500007265,ZDOM,2026-01-23T00:00:00,0001000027,Z100,Z02,ZAR
4500007266,AN,2024-10-28T00:00:00,0001000048,Z100,Z01,ZAR
4500007267,ZDOM,2025-02-12T00:00:00,0001000048,Z100,Z02,ZAR
4500007268,ZDOM,2025-09-12T00:00:00,0001000048,Z100,Z01,ZAR
4500007269,WK,2025-12-30T00:00:00,0001000048,Z100,Z02,ZAR
4500007270,WK,2024-10-15T00:00:00,0001000005,Z100,Z02,ZAR
4500007271,ZDOM,2025-05-02T00:00:00,0001000005,Z100,Z02,ZAR
4500007272,AN,2025-10-22T00:00:00,0001000005,Z100,Z03,ZAR
4500007273,ZDOM,2026-03-19T00:00:00,0001000005,Z100,Z02,ZAR
4500007274,ZDOM,2024-09-08T00:00:00,0001000000,Z100,Z02,ZAR
4500007275,AN,2024-12-22T00:00:00,0001000000,Z100,Z02,ZAR
4500007276,AN,2025-04-01T00:00:00,0001000000,Z100,Z03,ZAR
4500007277,WK,2025-05-22T00:00:00,0001000000,Z100,Z02,ZAR
4500007278,ZDOM,2026-03-21T00:00:00,0001000000,Z100,Z02,ZAR
4500007279,ZDOM,2026-08-15T00:00:00,0001000000,Z100,Z02,ZAR
4500007280,ZDOM,2025-01-19T00:00:00,0001000023,Z100,Z03,ZAR
4500007281,ZDOM,2025-10-19T00:00:00,0001000023,Z100,Z02,ZAR
4500007282,WK,2026-08-19T00:00:00,0001000023,Z100,Z01,ZAR
4500007283,ZDOM,2024-10-08T00:00:00,0001000023,Z100,Z02,ZAR
4500007284,WK,2025-05-28T00:00:00,0001000023,Z100,Z02,ZAR
4500007285,ZDOM,2025-06-15T00:00:00,0001000023,Z100,Z02,ZAR
4500007286,WK,2025-12-11T00:00:00,0001000023,Z100,Z03,ZAR
4500007287,AN,2026-05-29T00:00:00,0001000023,Z100,Z02,ZAR
4500007288,ZDOM,2024-12-28T00:00:00,0001000014,Z100,Z02,ZAR
4500007289,ZDOM,2025-01-29T00:00:00,0001000014,Z100,Z01,ZAR
4500007290,AN,2025-05-14T00:00:00,0001000014,Z100,Z03,ZAR
4500007291,AN,2025-06-09T00:00:00,0001000014,Z100,Z02,ZAR
4500007292,WK,2025-12-07T00:00:00,0001000014,Z100,Z03,ZAR
4500007293,WK,2026-01-30T00:00:00,0001000014,Z100,Z03,ZAR
4500007294,ZDOM,2026-03-23T00:00:00,0001000014,Z100,Z03,ZAR
4500007295,ZDOM,2026-08-05T00:00:00,0001000014,Z100,Z02,ZAR
4500007296,AN,2024-11-18T00:00:00,0001000014,Z100,Z01,ZAR
4500007297,WK,2025-05-05T00:00:00,0001000014,Z100,Z01,ZAR
4500007298,WK,2025-12-11T00:00:00,0001000014,Z100,Z01,ZAR
4500007299,ZDOM,2026-05-06T00:00:00,0001000014,Z100,Z02,ZAR
4500007300,AN,2025-12-22T00:00:00,0001000031,Z100,Z03,ZAR
4500007301,ZDOM,2024-09-26T00:00:00,0001000059,Z100,Z02,ZAR
4500007302,AN,2025-06-22T00:00:00,0001000059,Z100,Z02,ZAR
4500007303,ZDOM,2026-06-19T00:00:00,0001000059,Z100,Z03,ZAR
4500007304,ZDOM,2026-09-07T00:00:00,0001000059,Z100,Z03,ZAR
4500007305,ZDOM,2024-12-08T00:00:00,0001000001,Z100,Z02,ZAR
4500007306,AN,2025-04-24T00:00:00,0001000001,Z100,Z01,ZAR
4500007307,AN,2025-08-03T00:00:00,0001000001,Z100,Z01,ZAR
4500007308,WK,2026-01-08T00:00:00,0001000001,Z100,Z01,ZAR
4500007309,AN,2026-06-23T00:00:00,0001000001,Z100,Z01,ZAR
4500007310,AN,2024-11-07T00:00:00,0001000001,Z100,Z03,ZAR
4500007311,WK,2025-08-17T00:00:00,0001000001,Z100,Z01,ZAR
4500007312,ZDOM,2026-03-08T00:00:00,0001000001,Z100,Z02,ZAR
4500007313,AN,2026-09-07T00:00:00,0001000001,Z100,Z03,ZAR
4500007314,ZDOM,2026-05-12T00:00:00,0001000037,Z100,Z03,ZAR
4500007315,ZDOM,2026-08-17T00:00:00,0001000037,Z100,Z01,ZAR
4500007316,AN,2025-01-28T00:00:00,0001000035,Z100,Z01,ZAR
4500007317,ZDOM,2025-07-13T00:00:00,0001000035,Z100,Z03,ZAR
4500007318,AN,2026-06-06T00:00:00,0001000035,Z100,Z03,ZAR
4500007319,WK,2024-09-26T00:00:00,0001000047,Z100,Z02,ZAR
4500007320,ZDOM,2025-04-09T00:00:00,0001000047,Z100,Z01,ZAR
4500007321,AN,2026-01-11T00:00:00,0001000047,Z100,Z02,ZAR
4500007322,WK,2026-09-07T00:00:00,0001000047,Z100,Z01,ZAR
4500007323,AN,2024-09-21T00:00:00,0001000015,Z100,Z02,ZAR
4500007324,ZDOM,2024-10-28T00:00:00,0001000015,Z100,Z02,ZAR
4500007325,ZDOM,2025-01-06T00:00:00,0001000015,Z100,Z02,ZAR
4500007326,AN,2025-01-19T00:00:00,0001000015,Z100,Z03,ZAR
4500007327,ZDOM,2025-04-08T00:00:00,0001000015,Z100,Z03,ZAR
4500007328,AN,2025-07-03T00:00:00,0001000015,Z100,Z03,ZAR
4500007329,AN,2025-09-08T00:00:00,0001000015,Z100,Z02,ZAR
4500007330,ZDOM,2025-09-26T00:00:00,0001000015,Z100,Z03,ZAR
4500007331,WK,2025-12-28T00:00:00,0001000015,Z100,Z03,ZAR
4500007332,AN,2026-01-05T00:00:00,0001000015,Z100,Z01,ZAR
4500007333,WK,2026-02-22T00:00:00,0001000015,Z100,Z01,ZAR
4500007334,WK,2026-05-12T00:00:00,0001000015,Z100,Z03,ZAR
4500007335,ZDOM,2026-07-10T00:00:00,0001000015,Z100,Z01,ZAR
4500007336,AN,2024-09-21T00:00:00,0001000015,Z100,Z03,ZAR
4500007337,AN,2024-12-31T00:00:00,0001000015,Z100,Z01,ZAR
4500007338,ZDOM,2025-06-09T00:00:00,0001000015,Z100,Z03,ZAR
4500007339,WK,2025-12-31T00:00:00,0001000015,Z100,Z01,ZAR
4500007340,WK,2026-07-07T00:00:00,0001000015,Z100,Z01,ZAR
4500007341,ZDOM,2024-09-23T00:00:00,0001000049,Z100,Z01,ZAR
4500007342,ZDOM,2025-02-16T00:00:00,0001000049,Z100,Z02,ZAR
4500007343,AN,2026-01-01T00:00:00,0001000049,Z100,Z02,ZAR
4500007344,WK,2026-06-03T00:00:00,0001000049,Z100,Z03,ZAR
4500007345,ZDOM,2024-12-11T00:00:00,0001000009,Z100,Z03,ZAR
4500007346,WK,2025-04-16T00:00:00,0001000009,Z100,Z01,ZAR
4500007347,WK,2025-07-23T00:00:00,0001000009,Z100,Z01,ZAR
4500007348,AN,2025-11-01T00:00:00,0001000009,Z100,Z02,ZAR
4500007349,ZDOM,2025-11-16T00:00:00,0001000009,Z100,Z02,ZAR
4500007350,WK,2026-03-21T00:00:00,0001000009,Z100,Z02,ZAR
4500007351,AN,2026-07-12T00:00:00,0001000009,Z100,Z01,ZAR
4500007352,AN,2024-10-11T00:00:00,0001000056,Z100,Z01,ZAR
4500007353,ZDOM,2024-11-30T00:00:00,0001000056,Z100,Z02,ZAR
4500007354,ZDOM,2025-06-25T00:00:00,0001000056,Z100,Z01,ZAR
4500007355,AN,2025-07-13T00:00:00,0001000056,Z100,Z02,ZAR
4500007356,WK,2025-11-30T00:00:00,0001000056,Z100,Z02,ZAR
4500007357,ZDOM,2024-09-16T00:00:00,0001000056,Z100,Z02,ZAR
4500007358,WK,2025-05-17T00:00:00,0001000056,Z100,Z01,ZAR
4500007359,AN,2025-06-25T00:00:00,0001000056,Z100,Z03,ZAR
4500007360,AN,2025-12-05T00:00:00,0001000056,Z100,Z03,ZAR
4500007361,WK,2024-09-17T00:00:00,0001000014,Z100,Z01,ZAR
4500007362,WK,2024-10-25T00:00:00,0001000014,Z100,Z02,ZAR
4500007363,WK,2024-11-24T00:00:00,0001000014,Z100,Z03,ZAR
4500007364,WK,2025-01-07T00:00:00,0001000014,Z100,Z03,ZAR
4500007365,AN,2024-12-09T00:00:00,0001000053,Z100,Z02,ZAR
4500007366,WK,2025-01-17T00:00:00,0001000053,Z100,Z02,ZAR
4500007367,WK,2025-06-20T00:00:00,0001000053,Z100,Z01,ZAR
4500007368,WK,2026-02-21T00:00:00,0001000053,Z100,Z03,ZAR
4500007369,WK,2024-09-25T00:00:00,0001000012,Z100,Z02,ZAR
4500007370,AN,2025-06-08T00:00:00,0001000012,Z100,Z03,ZAR
4500007371,ZDOM,2025-07-25T00:00:00,0001000012,Z100,Z01,ZAR
4500007372,ZDOM,2025-09-05T00:00:00,0001000012,Z100,Z01,ZAR
4500007373,WK,2025-12-12T00:00:00,0001000012,Z100,Z02,ZAR
4500007374,WK,2024-12-02T00:00:00,0001000049,Z100,Z02,ZAR
4500007375,WK,2025-01-03T00:00:00,0001000049,Z100,Z01,ZAR
4500007376,WK,2025-05-21T00:00:00,0001000049,Z100,Z03,ZAR
4500007377,WK,2025-06-16T00:00:00,0001000049,Z100,Z01,ZAR
4500007378,WK,2025-09-13T00:00:00,0001000049,Z100,Z03,ZAR
4500007379,ZDOM,2026-02-13T00:00:00,0001000049,Z100,Z01,ZAR
4500007380,ZDOM,2026-04-11T00:00:00,0001000049,Z100,Z01,ZAR
4500007381,AN,2024-09-21T00:00:00,0001000015,Z100,Z02,ZAR
4500007382,WK,2025-04-30T00:00:00,0001000015,Z100,Z03,ZAR
4500007383,AN,2025-11-17T00:00:00,0001000015,Z100,Z03,ZAR
4500007384,ZDOM,2026-01-03T00:00:00,0001000015,Z100,Z03,ZAR
4500007385,AN,2026-01-25T00:00:00,0001000015,Z100,Z02,ZAR
4500007386,ZDOM,2026-02-25T00:00:00,0001000015,Z100,Z01,ZAR
4500007387,AN,2026-09-07T00:00:00,0001000015,Z100,Z03,ZAR
4500007388,WK,2024-11-01T00:00:00,0001000021,Z100,Z02,ZAR
4500007389,AN,2024-12-28T00:00:00,0001000021,Z100,Z03,ZAR
4500007390,AN,2025-10-02T00:00:00,0001000021,Z100,Z01,ZAR
4500007391,ZDOM,2025-11-23T00:00:00,0001000021,Z100,Z01,ZAR
4500007392,WK,2025-12-11T00:00:00,0001000021,Z100,Z02,ZAR
4500007393,AN,2026-01-31T00:00:00,0001000021,Z100,Z03,ZAR
4500007394,WK,2026-03-28T00:00:00,0001000021,Z100,Z01,ZAR
4500007395,WK,2026-06-11T00:00:00,0001000021,Z100,Z03,ZAR
4500007396,WK,2026-08-20T00:00:00,0001000021,Z100,Z03,ZAR
4500007397,AN,2024-09-22T00:00:00,0001000041,Z100,Z02,ZAR
4500007398,AN,2024-12-06T00:00:00,0001000041,Z100,Z01,ZAR
4500007399,AN,2025-08-31T00:00:00,0001000041,Z100,Z02,ZAR
4500007400,ZDOM,2025-09-30T00:00:00,0001000041,Z100,Z03,ZAR
4500007401,AN,2026-01-12T00:00:00,0001000041,Z100,Z01,ZAR
4500007402,WK,2026-03-04T00:00:00,0001000041,Z100,Z02,ZAR
4500007403,WK,2026-03-06T00:00:00,0001000041,Z100,Z02,ZAR
4500007404,ZDOM,2026-04-26T00:00:00,0001000041,Z100,Z01,ZAR
4500007405,WK,2026-05-26T00:00:00,0001000041,Z100,Z02,ZAR
4500007406,WK,2024-10-04T00:00:00,0001000041,Z100,Z01,ZAR
4500007407,AN,2025-01-14T00:00:00,0001000041,Z100,Z02,ZAR
4500007408,WK,2025-09-18T00:00:00,0001000041,Z100,Z01,ZAR
4500007409,WK,2026-01-17T00:00:00,0001000041,Z100,Z01,ZAR
4500007410,AN,2026-08-29T00:00:00,0001000041,Z100,Z03,ZAR
4500007411,WK,2024-10-14T00:00:00,0001000019,Z100,Z02,ZAR
4500007412,WK,2025-03-11T00:00:00,0001000019,Z100,Z03,ZAR
4500007413,ZDOM,2025-04-22T00:00:00,0001000019,Z100,Z03,ZAR
4500007414,ZDOM,2025-10-04T00:00:00,0001000019,Z100,Z02,ZAR
4500007415,WK,2024-10-17T00:00:00,0001000057,Z100,Z02,ZAR
4500007416,WK,2024-12-06T00:00:00,0001000057,Z100,Z01,ZAR
4500007417,WK,2025-11-26T00:00:00,0001000057,Z100,Z02,ZAR
4500007418,WK,2024-09-27T00:00:00,0001000014,Z100,Z01,ZAR
4500007419,AN,2025-03-08T00:00:00,0001000014,Z100,Z03,ZAR
4500007420,ZDOM,2024-11-29T00:00:00,0001000004,Z100,Z01,ZAR
4500007421,AN,2025-07-10T00:00:00,0001000004,Z100,Z03,ZAR
4500007422,WK,2025-09-06T00:00:00,0001000004,Z100,Z02,ZAR
4500007423,ZDOM,2026-05-12T00:00:00,0001000004,Z100,Z02,ZAR
4500007424,ZDOM,2024-10-09T00:00:00,0001000030,Z100,Z03,ZAR
4500007425,ZDOM,2024-11-07T00:00:00,0001000030,Z100,Z02,ZAR
4500007426,WK,2025-01-02T00:00:00,0001000030,Z100,Z01,ZAR
4500007427,ZDOM,2025-09-21T00:00:00,0001000030,Z100,Z03,ZAR
4500007428,WK,2026-04-07T00:00:00,0001000030,Z100,Z03,ZAR
4500007429,ZDOM,2024-09-25T00:00:00,0001000024,Z100,Z01,ZAR
4500007430,ZDOM,2024-10-04T00:00:00,0001000024,Z100,Z02,ZAR
4500007431,ZDOM,2025-05-02T00:00:00,0001000024,Z100,Z02,ZAR
4500007432,WK,2026-04-03T00:00:00,0001000024,Z100,Z03,ZAR
4500007433,AN,2026-04-21T00:00:00,0001000024,Z100,Z01,ZAR
4500007434,ZDOM,2024-10-03T00:00:00,0001000005,Z100,Z03,ZAR
4500007435,ZDOM,2025-07-27T00:00:00,0001000005,Z100,Z02,ZAR
4500007436,WK,2026-03-25T00:00:00,0001000005,Z100,Z02,ZAR
4500007437,AN,2026-04-13T00:00:00,0001000005,Z100,Z01,ZAR
4500007438,ZDOM,2024-11-21T00:00:00,0001000050,Z100,Z03,ZAR
4500007439,AN,2024-12-17T00:00:00,0001000050,Z100,Z03,ZAR
4500007440,ZDOM,2025-06-17T00:00:00,0001000050,Z100,Z03,ZAR
4500007441,AN,2026-02-15T00:00:00,0001000050,Z100,Z02,ZAR
4500007442,AN,2026-03-15T00:00:00,0001000050,Z100,Z03,ZAR
4500007443,ZDOM,2026-04-06T00:00:00,0001000050,Z100,Z02,ZAR
4500007444,AN,2026-05-16T00:00:00,0001000050,Z100,Z01,ZAR
4500007445,WK,2024-12-16T00:00:00,0001000038,Z100,Z03,ZAR
4500007446,AN,2025-01-31T00:00:00,0001000038,Z100,Z03,ZAR
4500007447,AN,2025-06-01T00:00:00,0001000038,Z100,Z02,ZAR
4500007448,ZDOM,2025-06-20T00:00:00,0001000038,Z100,Z02,ZAR
4500007449,WK,2026-01-19T00:00:00,0001000038,Z100,Z02,ZAR
4500007450,WK,2024-10-04T00:00:00,0001000022,Z100,Z03,ZAR
4500007451,AN,2025-01-07T00:00:00,0001000022,Z100,Z03,ZAR
4500007452,ZDOM,2025-05-02T00:00:00,0001000022,Z100,Z03,ZAR
4500007453,AN,2025-07-18T00:00:00,0001000022,Z100,Z01,ZAR
4500007454,WK,2025-11-24T00:00:00,0001000022,Z100,Z03,ZAR
4500007455,WK,2026-04-11T00:00:00,0001000022,Z100,Z03,ZAR
4500007456,ZDOM,2026-08-26T00:00:00,0001000022,Z100,Z02,ZAR
4500007457,AN,2024-09-23T00:00:00,0001000044,Z100,Z02,ZAR
4500007458,ZDOM,2025-02-25T00:00:00,0001000044,Z100,Z03,ZAR
4500007459,AN,2025-08-21T00:00:00,0001000044,Z100,Z01,ZAR
4500007460,WK,2026-07-04T00:00:00,0001000044,Z100,Z02,ZAR
4500007461,AN,2024-09-28T00:00:00,0001000044,Z100,Z01,ZAR
4500007462,AN,2025-03-03T00:00:00,0001000044,Z100,Z03,ZAR
4500007463,WK,2025-05-03T00:00:00,0001000044,Z100,Z02,ZAR
4500007464,AN,2026-06-02T00:00:00,0001000044,Z100,Z02,ZAR
4500007465,WK,2024-12-13T00:00:00,0001000025,Z100,Z02,ZAR
4500007466,ZDOM,2025-05-02T00:00:00,0001000025,Z100,Z03,ZAR
4500007467,WK,2026-08-13T00:00:00,0001000025,Z100,Z02,ZAR
4500007468,AN,2024-10-19T00:00:00,0001000034,Z100,Z03,ZAR
4500007469,ZDOM,2025-11-07T00:00:00,0001000034,Z100,Z02,ZAR
4500007470,ZDOM,2026-07-02T00:00:00,0001000034,Z100,Z01,ZAR
4500007471,ZDOM,2024-10-13T00:00:00,0001000043,Z100,Z01,ZAR
4500007472,WK,2024-11-24T00:00:00,0001000043,Z100,Z02,ZAR
4500007473,ZDOM,2025-04-13T00:00:00,0001000043,Z100,Z01,ZAR
4500007474,WK,2025-07-14T00:00:00,0001000043,Z100,Z03,ZAR
4500007475,AN,2025-11-05T00:00:00,0001000043,Z100,Z03,ZAR
4500007476,WK,2026-03-11T00:00:00,0001000043,Z100,Z03,ZAR
4500007477,ZDOM,2026-07-23T00:00:00,0001000043,Z100,Z02,ZAR
4500007478,AN,2026-08-20T00:00:00,0001000043,Z100,Z01,ZAR
4500007479,AN,2024-09-27T00:00:00,0001000059,Z100,Z03,ZAR
4500007480,ZDOM,2025-12-19T00:00:00,0001000059,Z100,Z01,ZAR
4500007481,AN,2026-04-16T00:00:00,0001000059,Z100,Z03,ZAR
4500007482,WK,2026-05-08T00:00:00,0001000059,Z100,Z01,ZAR
4500007483,ZDOM,2026-06-09T00:00:00,0001000059,Z100,Z03,ZAR
4500007484,WK,2024-09-16T00:00:00,0001000010,Z100,Z03,ZAR
4500007485,ZDOM,2025-05-26T00:00:00,0001000010,Z100,Z02,ZAR
4500007486,ZDOM,2025-09-17T00:00:00,0001000010,Z100,Z03,ZAR
4500007487,WK,2025-12-01T00:00:00,0001000010,Z100,Z03,ZAR
4500007488,WK,2026-06-19T00:00:00,0001000010,Z100,Z01,ZAR
4500007489,ZDOM,2024-11-03T00:00:00,0001000015,Z100,Z02,ZAR
4500007490,ZDOM,2025-09-18T00:00:00,0001000015,Z100,Z02,ZAR
4500007491,ZDOM,2025-10-20T00:00:00,0001000015,Z100,Z01,ZAR
4500007492,ZDOM,2026-03-03T00:00:00,0001000015,Z100,Z01,ZAR
4500007493,ZDOM,2026-04-14T00:00:00,0001000015,Z100,Z03,ZAR
4500007494,WK,2024-11-29T00:00:00,0001000058,Z100,Z01,ZAR
4500007495,AN,2025-03-31T00:00:00,0001000058,Z100,Z01,ZAR
4500007496,ZDOM,2025-10-09T00:00:00,0001000058,Z100,Z03,ZAR
4500007497,ZDOM,2026-06-25T00:00:00,0001000058,Z100,Z03,ZAR
4500007498,ZDOM,2026-07-29T00:00:00,0001000058,Z100,Z01,ZAR
4500007499,WK,2024-10-05T00:00:00,0001000015,Z100,Z02,ZAR
4500007500,WK,2025-04-25T00:00:00,0001000015,Z100,Z02,ZAR
4500007501,ZDOM,2025-12-08T00:00:00,0001000015,Z100,Z02,ZAR
4500007502,AN,2026-04-08T00:00:00,0001000015,Z100,Z03,ZAR
4500007503,WK,2024-10-19T00:00:00,0001000037,Z100,Z01,ZAR
4500007504,WK,2025-02-02T00:00:00,0001000037,Z100,Z01,ZAR
4500007505,AN,2025-03-05T00:00:00,0001000037,Z100,Z01,ZAR
4500007506,WK,2025-06-23T00:00:00,0001000037,Z100,Z02,ZAR
4500007507,ZDOM,2026-08-04T00:00:00,0001000037,Z100,Z02,ZAR
4500007508,WK,2024-10-02T00:00:00,0001000004,Z100,Z03,ZAR
4500007509,AN,2024-11-10T00:00:00,0001000004,Z100,Z01,ZAR
4500007510,AN,2025-10-05T00:00:00,0001000004,Z100,Z01,ZAR
4500007511,AN,2026-04-17T00:00:00,0001000004,Z100,Z01,ZAR
4500007512,ZDOM,2026-05-28T00:00:00,0001000004,Z100,Z03,ZAR
4500007513,AN,2024-09-08T00:00:00,0001000001,Z100,Z01,ZAR
4500007514,AN,2024-10-15T00:00:00,0001000001,Z100,Z03,ZAR
4500007515,AN,2025-04-01T00:00:00,0001000001,Z100,Z01,ZAR
4500007516,WK,2025-05-23T00:00:00,0001000001,Z100,Z03,ZAR
4500007517,WK,2025-08-14T00:00:00,0001000001,Z100,Z03,ZAR
4500007518,WK,2025-10-25T00:00:00,0001000001,Z100,Z01,ZAR
4500007519,AN,2026-03-18T00:00:00,0001000001,Z100,Z02,ZAR
4500007520,ZDOM,2026-04-17T00:00:00,0001000001,Z100,Z02,ZAR
4500007521,ZDOM,2024-09-16T00:00:00,0001000037,Z100,Z01,ZAR
4500007522,WK,2024-11-11T00:00:00,0001000037,Z100,Z02,ZAR
4500007523,ZDOM,2025-05-31T00:00:00,0001000037,Z100,Z02,ZAR
4500007524,ZDOM,2026-01-06T00:00:00,0001000037,Z100,Z03,ZAR
4500007525,WK,2026-06-17T00:00:00,0001000037,Z100,Z03,ZAR
4500007526,WK,2024-11-19T00:00:00,0001000037,Z100,Z03,ZAR
4500007527,WK,2025-04-21T00:00:00,0001000037,Z100,Z03,ZAR
4500007528,ZDOM,2025-09-17T00:00:00,0001000037,Z100,Z02,ZAR
4500007529,AN,2026-02-28T00:00:00,0001000037,Z100,Z03,ZAR
4500007530,WK,2026-06-08T00:00:00,0001000037,Z100,Z01,ZAR
4500007531,ZDOM,2024-10-03T00:00:00,0001000035,Z100,Z01,ZAR
4500007532,AN,2024-10-19T00:00:00,0001000035,Z100,Z03,ZAR
4500007533,ZDOM,2024-11-25T00:00:00,0001000035,Z100,Z03,ZAR
4500007534,WK,2025-02-26T00:00:00,0001000035,Z100,Z01,ZAR
4500007535,ZDOM,2025-04-15T00:00:00,0001000035,Z100,Z01,ZAR
4500007536,AN,2025-06-10T00:00:00,0001000035,Z100,Z02,ZAR
4500007537,AN,2025-07-17T00:00:00,0001000035,Z100,Z01,ZAR
4500007538,ZDOM,2025-10-29T00:00:00,0001000035,Z100,Z01,ZAR
4500007539,ZDOM,2025-12-27T00:00:00,0001000035,Z100,Z02,ZAR
4500007540,ZDOM,2026-03-17T00:00:00,0001000035,Z100,Z01,ZAR
4500007541,WK,2026-04-11T00:00:00,0001000035,Z100,Z03,ZAR
4500007542,ZDOM,2024-10-05T00:00:00,0001000015,Z100,Z02,ZAR
4500007543,AN,2024-11-24T00:00:00,0001000015,Z100,Z03,ZAR
4500007544,WK,2025-12-03T00:00:00,0001000015,Z100,Z02,ZAR
4500007545,WK,2026-08-20T00:00:00,0001000015,Z100,Z01,ZAR
4500007546,WK,2024-09-20T00:00:00,0001000035,Z100,Z02,ZAR
4500007547,ZDOM,2024-10-28T00:00:00,0001000035,Z100,Z02,ZAR
4500007548,AN,2025-03-01T00:00:00,0001000035,Z100,Z02,ZAR
4500007549,WK,2025-09-18T00:00:00,0001000035,Z100,Z03,ZAR
4500007550,AN,2025-11-12T00:00:00,0001000035,Z100,Z03,ZAR
4500007551,WK,2025-11-14T00:00:00,0001000035,Z100,Z02,ZAR
4500007552,WK,2026-05-08T00:00:00,0001000035,Z100,Z01,ZAR
4500007553,ZDOM,2026-06-23T00:00:00,0001000035,Z100,Z01,ZAR
4500007554,WK,2026-08-24T00:00:00,0001000035,Z100,Z01,ZAR
4500007555,ZDOM,2024-09-28T00:00:00,0001000004,Z100,Z02,ZAR
4500007556,ZDOM,2024-10-08T00:00:00,0001000004,Z100,Z01,ZAR
4500007557,ZDOM,2026-07-13T00:00:00,0001000004,Z100,Z03,ZAR
4500007558,ZDOM,2024-09-13T00:00:00,0001000025,Z100,Z03,ZAR
4500007559,WK,2024-10-07T00:00:00,0001000025,Z100,Z01,ZAR
4500007560,WK,2024-11-26T00:00:00,0001000025,Z100,Z03,ZAR
4500007561,WK,2024-12-16T00:00:00,0001000025,Z100,Z01,ZAR
4500007562,WK,2025-07-22T00:00:00,0001000025,Z100,Z01,ZAR
4500007563,ZDOM,2026-01-22T00:00:00,0001000025,Z100,Z02,ZAR
4500007564,WK,2026-08-25T00:00:00,0001000025,Z100,Z03,ZAR
4500007565,WK,2024-09-21T00:00:00,0001000018,Z100,Z02,ZAR
4500007566,WK,2025-01-09T00:00:00,0001000018,Z100,Z02,ZAR
4500007567,WK,2025-03-23T00:00:00,0001000018,Z100,Z02,ZAR
4500007568,ZDOM,2025-06-14T00:00:00,0001000018,Z100,Z01,ZAR
4500007569,AN,2025-10-09T00:00:00,0001000018,Z100,Z02,ZAR
4500007570,WK,2025-11-15T00:00:00,0001000018,Z100,Z01,ZAR
4500007571,WK,2026-06-12T00:00:00,0001000018,Z100,Z02,ZAR
4500007572,ZDOM,2026-03-12T00:00:00,0001000014,Z100,Z02,ZAR
4500007573,WK,2025-12-30T00:00:00,0001000057,Z100,Z01,ZAR
4500007574,AN,2026-02-20T00:00:00,0001000057,Z100,Z03,ZAR
4500007575,ZDOM,2026-04-28T00:00:00,0001000057,Z100,Z02,ZAR
4500007576,WK,2024-10-04T00:00:00,0001000018,Z100,Z02,ZAR
4500007577,WK,2024-11-27T00:00:00,0001000018,Z100,Z03,ZAR
4500007578,AN,2025-01-16T00:00:00,0001000018,Z100,Z01,ZAR
4500007579,ZDOM,2025-02-16T00:00:00,0001000018,Z100,Z01,ZAR
4500007580,WK,2025-05-08T00:00:00,0001000018,Z100,Z01,ZAR
4500007581,ZDOM,2025-05-19T00:00:00,0001000018,Z100,Z02,ZAR
4500007582,ZDOM,2025-06-25T00:00:00,0001000018,Z100,Z03,ZAR
4500007583,ZDOM,2025-09-21T00:00:00,0001000018,Z100,Z02,ZAR
4500007584,ZDOM,2025-10-15T00:00:00,0001000018,Z100,Z02,ZAR
4500007585,AN,2026-01-06T00:00:00,0001000018,Z100,Z03,ZAR
4500007586,AN,2026-01-03T00:00:00,0001000018,Z100,Z03,ZAR
4500007587,ZDOM,2026-03-26T00:00:00,0001000018,Z100,Z02,ZAR
4500007588,WK,2026-05-02T00:00:00,0001000018,Z100,Z02,ZAR
4500007589,AN,2026-07-28T00:00:00,0001000018,Z100,Z02,ZAR
4500007590,AN,2024-11-20T00:00:00,0001000023,Z100,Z01,ZAR
4500007591,ZDOM,2025-04-07T00:00:00,0001000023,Z100,Z01,ZAR
4500007592,WK,2026-05-17T00:00:00,0001000023,Z100,Z03,ZAR
4500007593,WK,2024-10-03T00:00:00,0001000058,Z100,Z01,ZAR
4500007594,WK,2025-01-18T00:00:00,0001000058,Z100,Z01,ZAR
4500007595,WK,2025-04-07T00:00:00,0001000058,Z100,Z02,ZAR
4500007596,WK,2025-06-17T00:00:00,0001000058,Z100,Z01,ZAR
4500007597,WK,2026-05-24T00:00:00,0001000058,Z100,Z02,ZAR
4500007598,AN,2026-06-30T00:00:00,0001000058,Z100,Z01,ZAR
4500007599,AN,2025-02-09T00:00:00,0001000047,Z100,Z03,ZAR
4500007600,WK,2025-02-12T00:00:00,0001000047,Z100,Z01,ZAR
4500007601,WK,2025-07-01T00:00:00,0001000047,Z100,Z03,ZAR
4500007602,ZDOM,2025-10-28T00:00:00,0001000047,Z100,Z03,ZAR
4500007603,ZDOM,2026-02-13T00:00:00,0001000047,Z100,Z02,ZAR
4500007604,ZDOM,2024-10-01T00:00:00,0001000055,Z100,Z01,ZAR
4500007605,ZDOM,2024-10-06T00:00:00,0001000055,Z100,Z03,ZAR
4500007606,ZDOM,2025-08-24T00:00:00,0001000055,Z100,Z03,ZAR
4500007607,AN,2026-09-07T00:00:00,0001000055,Z100,Z03,ZAR
4500007608,ZDOM,2024-10-05T00:00:00,0001000055,Z100,Z01,ZAR
4500007609,AN,2025-07-19T00:00:00,0001000055,Z100,Z02,ZAR
4500007610,ZDOM,2026-05-12T00:00:00,0001000055,Z100,Z02,ZAR
4500007611,WK,2025-01-03T00:00:00,0001000025,Z100,Z03,ZAR
4500007612,WK,2025-02-28T00:00:00,0001000025,Z100,Z02,ZAR
4500007613,AN,2025-05-04T00:00:00,0001000025,Z100,Z03,ZAR
4500007614,WK,2026-07-01T00:00:00,0001000025,Z100,Z01,ZAR
4500007615,ZDOM,2024-09-24T00:00:00,0001000050,Z100,Z01,ZAR
4500007616,WK,2024-11-17T00:00:00,0001000050,Z100,Z02,ZAR
4500007617,ZDOM,2024-12-11T00:00:00,0001000050,Z100,Z01,ZAR
4500007618,AN,2025-07-16T00:00:00,0001000050,Z100,Z01,ZAR
4500007619,AN,2025-10-24T00:00:00,0001000050,Z100,Z02,ZAR
4500007620,WK,2026-06-25T00:00:00,0001000050,Z100,Z03,ZAR
4500007621,AN,2025-03-07T00:00:00,0001000048,Z100,Z02,ZAR
4500007622,ZDOM,2025-10-10T00:00:00,0001000048,Z100,Z02,ZAR
4500007623,WK,2026-06-13T00:00:00,0001000048,Z100,Z03,ZAR
4500007624,WK,2024-10-09T00:00:00,0001000011,Z100,Z02,ZAR
4500007625,AN,2024-12-28T00:00:00,0001000011,Z100,Z01,ZAR
4500007626,ZDOM,2025-08-14T00:00:00,0001000011,Z100,Z02,ZAR
4500007627,AN,2025-09-14T00:00:00,0001000011,Z100,Z01,ZAR
4500007628,WK,2026-01-12T00:00:00,0001000011,Z100,Z03,ZAR
4500007629,ZDOM,2024-09-10T00:00:00,0001000045,Z100,Z03,ZAR
4500007630,ZDOM,2025-05-12T00:00:00,0001000045,Z100,Z03,ZAR
4500007631,WK,2025-12-12T00:00:00,0001000045,Z100,Z02,ZAR
4500007632,ZDOM,2026-05-16T00:00:00,0001000021,Z100,Z02,ZAR
4500007633,AN,2024-09-27T00:00:00,0001000025,Z100,Z02,ZAR
4500007634,WK,2024-10-08T00:00:00,0001000025,Z100,Z01,ZAR
4500007635,ZDOM,2024-12-31T00:00:00,0001000025,Z100,Z03,ZAR
4500007636,WK,2025-07-15T00:00:00,0001000025,Z100,Z01,ZAR
4500007637,WK,2025-12-29T00:00:00,0001000025,Z100,Z02,ZAR
4500007638,ZDOM,2026-07-27T00:00:00,0001000025,Z100,Z02,ZAR
4500007639,AN,2026-09-02T00:00:00,0001000025,Z100,Z01,ZAR
4500007640,AN,2024-10-30T00:00:00,0001000048,Z100,Z01,ZAR
4500007641,AN,2024-11-20T00:00:00,0001000048,Z100,Z03,ZAR
4500007642,ZDOM,2025-04-15T00:00:00,0001000048,Z100,Z01,ZAR
4500007643,ZDOM,2025-10-16T00:00:00,0001000048,Z100,Z02,ZAR
4500007644,AN,2026-03-15T00:00:00,0001000048,Z100,Z01,ZAR
4500007645,WK,2026-08-18T00:00:00,0001000048,Z100,Z03,ZAR
4500007646,ZDOM,2024-11-27T00:00:00,0001000021,Z100,Z01,ZAR
4500007647,WK,2024-12-22T00:00:00,0001000021,Z100,Z01,ZAR
4500007648,ZDOM,2025-09-01T00:00:00,0001000021,Z100,Z01,ZAR
4500007649,WK,2026-02-15T00:00:00,0001000021,Z100,Z01,ZAR
4500007650,ZDOM,2026-04-08T00:00:00,0001000021,Z100,Z01,ZAR
4500007651,WK,2024-12-16T00:00:00,0001000028,Z100,Z02,ZAR
4500007652,WK,2025-02-03T00:00:00,0001000028,Z100,Z01,ZAR
4500007653,AN,2026-02-18T00:00:00,0001000028,Z100,Z02,ZAR
4500007654,WK,2026-03-09T00:00:00,0001000028,Z100,Z02,ZAR
4500007655,ZDOM,2026-09-07T00:00:00,0001000028,Z100,Z03,ZAR
4500007656,WK,2024-09-29T00:00:00,0001000035,Z100,Z02,ZAR
4500007657,WK,2024-11-07T00:00:00,0001000035,Z100,Z03,ZAR
4500007658,WK,2025-05-25T00:00:00,0001000035,Z100,Z02,ZAR
4500007659,ZDOM,2025-06-20T00:00:00,0001000035,Z100,Z03,ZAR
4500007660,WK,2025-07-27T00:00:00,0001000035,Z100,Z01,ZAR
4500007661,WK,2025-10-17T00:00:00,0001000035,Z100,Z01,ZAR
4500007662,WK,2025-11-14T00:00:00,0001000035,Z100,Z03,ZAR
4500007663,WK,2026-03-28T00:00:00,0001000035,Z100,Z03,ZAR
4500007664,AN,2026-04-14T00:00:00,0001000035,Z100,Z02,ZAR
4500007665,AN,2024-09-26T00:00:00,0001000029,Z100,Z02,ZAR
4500007666,ZDOM,2025-04-05T00:00:00,0001000029,Z100,Z01,ZAR
4500007667,WK,2025-09-29T00:00:00,0001000029,Z100,Z02,ZAR
4500007668,WK,2026-04-12T00:00:00,0001000029,Z100,Z03,ZAR
4500007669,AN,2024-10-04T00:00:00,0001000050,Z100,Z02,ZAR
4500007670,AN,2025-03-01T00:00:00,0001000050,Z100,Z01,ZAR
4500007671,ZDOM,2025-07-03T00:00:00,0001000050,Z100,Z02,ZAR
4500007672,AN,2025-12-20T00:00:00,0001000050,Z100,Z02,ZAR
4500007673,WK,2026-03-22T00:00:00,0001000050,Z100,Z03,ZAR
4500007674,AN,2026-08-08T00:00:00,0001000050,Z100,Z03,ZAR
4500007675,ZDOM,2024-10-09T00:00:00,0001000011,Z100,Z01,ZAR
4500007676,ZDOM,2024-10-14T00:00:00,0001000011,Z100,Z02,ZAR
4500007677,ZDOM,2025-06-17T00:00:00,0001000011,Z100,Z03,ZAR
4500007678,ZDOM,2025-10-24T00:00:00,0001000011,Z100,Z03,ZAR
4500007679,ZDOM,2026-04-22T00:00:00,0001000011,Z100,Z03,ZAR
4500007680,WK,2024-09-17T00:00:00,0001000013,Z100,Z02,ZAR
4500007681,ZDOM,2024-11-02T00:00:00,0001000013,Z100,Z01,ZAR
4500007682,ZDOM,2025-02-06T00:00:00,0001000013,Z100,Z01,ZAR
4500007683,WK,2025-05-21T00:00:00,0001000013,Z100,Z02,ZAR
4500007684,WK,2025-09-03T00:00:00,0001000013,Z100,Z02,ZAR
4500007685,WK,2025-09-30T00:00:00,0001000013,Z100,Z03,ZAR
4500007686,AN,2025-11-02T00:00:00,0001000013,Z100,Z03,ZAR
4500007687,ZDOM,2025-11-26T00:00:00,0001000013,Z100,Z01,ZAR
4500007688,WK,2026-02-12T00:00:00,0001000013,Z100,Z02,ZAR
4500007689,ZDOM,2026-05-21T00:00:00,0001000013,Z100,Z03,ZAR
4500007690,ZDOM,2024-10-23T00:00:00,0001000009,Z100,Z01,ZAR
4500007691,WK,2025-02-06T00:00:00,0001000009,Z100,Z01,ZAR
4500007692,AN,2025-07-18T00:00:00,0001000009,Z100,Z01,ZAR
4500007693,ZDOM,2026-02-06T00:00:00,0001000009,Z100,Z03,ZAR
4500007694,ZDOM,2026-05-26T00:00:00,0001000009,Z100,Z01,ZAR
4500007695,AN,2026-08-10T00:00:00,0001000009,Z100,Z03,ZAR
4500007696,ZDOM,2024-10-06T00:00:00,0001000010,Z100,Z02,ZAR
4500007697,WK,2024-12-21T00:00:00,0001000010,Z100,Z02,ZAR
4500007698,AN,2025-06-22T00:00:00,0001000010,Z100,Z01,ZAR
4500007699,WK,2025-12-28T00:00:00,0001000010,Z100,Z01,ZAR
4500007700,ZDOM,2026-07-11T00:00:00,0001000010,Z100,Z03,ZAR
4500007701,AN,2026-08-08T00:00:00,0001000010,Z100,Z03,ZAR
4500007702,WK,2025-01-07T00:00:00,0001000010,Z100,Z03,ZAR
4500007703,AN,2025-02-10T00:00:00,0001000010,Z100,Z01,ZAR
4500007704,ZDOM,2025-07-30T00:00:00,0001000010,Z100,Z02,ZAR
4500007705,ZDOM,2026-02-10T00:00:00,0001000010,Z100,Z02,ZAR
4500007706,WK,2026-08-25T00:00:00,0001000010,Z100,Z02,ZAR
4500007707,WK,2024-09-27T00:00:00,0001000023,Z100,Z01,ZAR
4500007708,WK,2024-11-12T00:00:00,0001000023,Z100,Z01,ZAR
4500007709,WK,2025-01-03T00:00:00,0001000023,Z100,Z01,ZAR
4500007710,AN,2025-04-06T00:00:00,0001000023,Z100,Z01,ZAR
4500007711,AN,2025-05-07T00:00:00,0001000023,Z100,Z01,ZAR
4500007712,ZDOM,2025-07-27T00:00:00,0001000023,Z100,Z01,ZAR
4500007713,AN,2025-08-19T00:00:00,0001000023,Z100,Z02,ZAR
4500007714,WK,2025-11-29T00:00:00,0001000023,Z100,Z03,ZAR
4500007715,WK,2026-02-27T00:00:00,0001000023,Z100,Z02,ZAR
4500007716,WK,2026-06-04T00:00:00,0001000023,Z100,Z03,ZAR
4500007717,WK,2026-07-13T00:00:00,0001000023,Z100,Z01,ZAR
4500007718,ZDOM,2025-04-08T00:00:00,0001000034,Z100,Z03,ZAR
4500007719,ZDOM,2025-07-17T00:00:00,0001000034,Z100,Z01,ZAR
4500007720,WK,2025-08-16T00:00:00,0001000034,Z100,Z02,ZAR
4500007721,AN,2026-02-10T00:00:00,0001000034,Z100,Z01,ZAR
4500007722,AN,2026-07-18T00:00:00,0001000034,Z100,Z03,ZAR
4500007723,AN,2024-09-18T00:00:00,0001000034,Z100,Z01,ZAR
4500007724,WK,2025-01-04T00:00:00,0001000034,Z100,Z02,ZAR
4500007725,ZDOM,2025-01-09T00:00:00,0001000034,Z100,Z03,ZAR
4500007726,WK,2025-02-07T00:00:00,0001000034,Z100,Z03,ZAR
4500007727,ZDOM,2025-03-17T00:00:00,0001000034,Z100,Z03,ZAR
4500007728,AN,2025-09-27T00:00:00,0001000034,Z100,Z03,ZAR
4500007729,AN,2025-10-21T00:00:00,0001000034,Z100,Z03,ZAR
4500007730,ZDOM,2026-04-20T00:00:00,0001000034,Z100,Z01,ZAR
4500007731,AN,2026-08-14T00:00:00,0001000034,Z100,Z03,ZAR
4500007732,ZDOM,2024-11-04T00:00:00,0001000019,Z100,Z03,ZAR
4500007733,WK,2024-11-09T00:00:00,0001000019,Z100,Z01,ZAR
4500007734,WK,2025-08-10T00:00:00,0001000019,Z100,Z03,ZAR
4500007735,WK,2025-09-20T00:00:00,0001000019,Z100,Z02,ZAR
4500007736,ZDOM,2026-03-05T00:00:00,0001000019,Z100,Z02,ZAR
4500007737,WK,2026-03-31T00:00:00,0001000019,Z100,Z02,ZAR
4500007738,AN,2026-06-23T00:00:00,0001000019,Z100,Z03,ZAR
4500007739,ZDOM,2024-09-23T00:00:00,0001000025,Z100,Z02,ZAR
4500007740,AN,2024-10-18T00:00:00,0001000025,Z100,Z03,ZAR
4500007741,AN,2025-03-08T00:00:00,0001000025,Z100,Z01,ZAR
4500007742,WK,2025-08-01T00:00:00,0001000025,Z100,Z03,ZAR
4500007743,AN,2025-12-02T00:00:00,0001000025,Z100,Z02,ZAR
4500007744,WK,2026-04-11T00:00:00,0001000025,Z100,Z02,ZAR
4500007745,ZDOM,2026-08-04T00:00:00,0001000025,Z100,Z02,ZAR
4500007746,ZDOM,2026-08-27T00:00:00,0001000025,Z100,Z01,ZAR
4500007747,WK,2024-10-01T00:00:00,0001000050,Z100,Z02,ZAR
4500007748,AN,2024-12-16T00:00:00,0001000050,Z100,Z02,ZAR
4500007749,ZDOM,2025-03-23T00:00:00,0001000050,Z100,Z03,ZAR
4500007750,ZDOM,2025-05-05T00:00:00,0001000050,Z100,Z02,ZAR
4500007751,AN,2025-06-05T00:00:00,0001000050,Z100,Z03,ZAR
4500007752,WK,2025-08-18T00:00:00,0001000050,Z100,Z03,ZAR
4500007753,WK,2026-03-24T00:00:00,0001000050,Z100,Z03,ZAR
4500007754,WK,2026-04-24T00:00:00,0001000050,Z100,Z03,ZAR
4500007755,ZDOM,2026-08-23T00:00:00,0001000050,Z100,Z03,ZAR
4500007756,WK,2024-12-21T00:00:00,0001000006,Z100,Z02,ZAR
4500007757,AN,2025-04-16T00:00:00,0001000006,Z100,Z02,ZAR
4500007758,AN,2025-05-19T00:00:00,0001000006,Z100,Z01,ZAR
4500007759,AN,2025-12-25T00:00:00,0001000006,Z100,Z03,ZAR
4500007760,WK,2026-02-22T00:00:00,0001000006,Z100,Z02,ZAR
4500007761,ZDOM,2026-06-27T00:00:00,0001000006,Z100,Z03,ZAR
4500007762,AN,2026-01-14T00:00:00,0001000009,Z100,Z03,ZAR
4500007763,WK,2026-04-22T00:00:00,0001000009,Z100,Z02,ZAR
4500007764,AN,2025-09-30T00:00:00,0001000009,Z100,Z03,ZAR
4500007765,WK,2026-04-28T00:00:00,0001000009,Z100,Z03,ZAR
4500007766,ZDOM,2026-01-26T00:00:00,0001000034,Z100,Z02,ZAR
4500007767,WK,2025-10-22T00:00:00,0001000034,Z100,Z01,ZAR
4500007768,ZDOM,2025-11-26T00:00:00,0001000010,Z100,Z02,ZAR
4500007769,WK,2025-12-30T00:00:00,0001000010,Z100,Z03,ZAR
4500007770,AN,2026-02-01T00:00:00,0001000010,Z100,Z03,ZAR
4500007771,ZDOM,2026-03-29T00:00:00,0001000049,Z100,Z01,ZAR
4500007772,ZDOM,2026-04-29T00:00:00,0001000049,Z100,Z02,ZAR
4500007773,WK,2025-11-01T00:00:00,0001000033,Z100,Z01,ZAR
4500007774,ZDOM,2026-03-23T00:00:00,0001000033,Z100,Z01,ZAR
4500007775,WK,2025-11-16T00:00:00,0001000059,Z100,Z02,ZAR
4500007776,ZDOM,2026-04-09T00:00:00,0001000059,Z100,Z02,ZAR
4500007777,ZDOM,2026-04-26T00:00:00,0001000003,Z100,Z03,ZAR
4500007778,ZDOM,2026-03-07T00:00:00,0001000001,Z100,Z01,ZAR
4500007779,AN,2026-02-12T00:00:00,0001000001,Z100,Z03,ZAR
4500007780,WK,2025-08-17T00:00:00,0001000001,Z100,Z01,ZAR
4500007781,ZDOM,2026-03-26T00:00:00,0001000010,Z100,Z03,ZAR
4500007782,AN,2025-12-07T00:00:00,0001000055,Z100,Z03,ZAR
4500007783,AN,2025-08-19T00:00:00,0001000055,Z100,Z01,ZAR
4500007784,ZDOM,2026-05-23T00:00:00,0001000055,Z100,Z02,ZAR
4500007785,AN,2025-10-02T00:00:00,0001000022,Z100,Z02,ZAR
4500007786,ZDOM,2025-08-01T00:00:00,0001000022,Z100,Z01,ZAR
4500007787,AN,2026-04-09T00:00:00,0001000010,Z100,Z02,ZAR
4500007788,AN,2026-01-25T00:00:00,0001000010,Z100,Z02,ZAR
4500007789,WK,2026-06-22T00:00:00,0001000010,Z100,Z01,ZAR
4500007790,WK,2026-01-27T00:00:00,0001000010,Z100,Z03,ZAR
4500007791,WK,2025-11-30T00:00:00,0001000010,Z100,Z01,ZAR
4500007792,ZDOM,2026-05-11T00:00:00,0001000010,Z100,Z03,ZAR
4500007793,AN,2026-05-09T00:00:00,0001000007,Z100,Z03,ZAR
4500007794,AN,2025-12-11T00:00:00,0001000007,Z100,Z02,ZAR
4500007795,ZDOM,2026-02-15T00:00:00,0001000009,Z100,Z02,ZAR
4500007796,ZDOM,2025-10-04T00:00:00,0001000042,Z100,Z02,ZAR
4500007797,ZDOM,2026-04-18T00:00:00,0001000042,Z100,Z03,ZAR
4500007798,ZDOM,2026-01-27T00:00:00,0001000042,Z100,Z02,ZAR
4500007799,WK,2026-01-26T00:00:00,0001000007,Z100,Z02,ZAR
4500007800,AN,2025-12-15T00:00:00,0001000007,Z100,Z01,ZAR
4500007801,WK,2026-04-27T00:00:00,0001000059,Z100,Z02,ZAR
4500007802,ZDOM,2025-12-04T00:00:00,0001000059,Z100,Z01,ZAR
4500007803,ZDOM,2026-03-17T00:00:00,0001000059,Z100,Z02,ZAR
4500007804,AN,2026-04-04T00:00:00,0001000059,Z100,Z01,ZAR
4500007805,WK,2026-07-05T00:00:00,0001000017,Z100,Z03,ZAR
4500007806,WK,2026-02-21T00:00:00,0001000054,Z100,Z03,ZAR
4500007807,AN,2026-01-31T00:00:00,0001000057,Z100,Z03,ZAR
4500007808,ZDOM,2026-03-03T00:00:00,0001000057,Z100,Z02,ZAR
4500007809,WK,2026-05-12T00:00:00,0001000058,Z100,Z03,ZAR
4500007810,AN,2026-04-15T00:00:00,0001000023,Z100,Z02,ZAR
4500007811,WK,2026-06-20T00:00:00,0001000023,Z100,Z03,ZAR
4500007812,WK,2026-02-01T00:00:00,0001000023,Z100,Z02,ZAR
4500007813,ZDOM,2025-12-14T00:00:00,0001000023,Z100,Z02,ZAR
4500007814,AN,2026-05-08T00:00:00,0001000023,Z100,Z03,ZAR
4500007815,WK,2026-03-17T00:00:00,0001000059,Z100,Z02,ZAR
4500007816,ZDOM,2026-03-13T00:00:00,0001000059,Z100,Z02,ZAR
4500007817,WK,2026-06-04T00:00:00,0001000059,Z100,Z02,ZAR
4500007818,ZDOM,2025-11-15T00:00:00,0001000059,Z100,Z01,ZAR
4500007819,WK,2026-03-15T00:00:00,0001000057,Z100,Z01,ZAR
4500007820,ZDOM,2025-09-29T00:00:00,0001000057,Z100,Z01,ZAR
4500007821,AN,2025-11-12T00:00:00,0001000055,Z100,Z03,ZAR
4500007822,AN,2026-02-27T00:00:00,0001000037,Z100,Z02,ZAR
4500007823,AN,2026-02-07T00:00:00,0001000023,Z100,Z02,ZAR
4500007824,AN,2025-09-24T00:00:00,0001000013,Z100,Z02,ZAR
4500007825,WK,2026-03-20T00:00:00,0001000013,Z100,Z01,ZAR
4500007826,WK,2026-04-17T00:00:00,0001000013,Z100,Z01,ZAR
4500007827,AN,2025-11-09T00:00:00,0001000057,Z100,Z01,ZAR
4500007828,AN,2025-09-07T00:00:00,0001000057,Z100,Z03,ZAR
4500007829,WK,2026-01-01T00:00:00,0001000057,Z100,Z03,ZAR
4500007830,WK,2026-03-12T00:00:00,0001000057,Z100,Z01,ZAR
4500007831,WK,2025-11-08T00:00:00,0001000007,Z100,Z02,ZAR
4500007832,WK,2025-11-14T00:00:00,0001000007,Z100,Z03,ZAR
4500007833,AN,2025-11-28T00:00:00,0001000023,Z100,Z03,ZAR
4500007834,WK,2026-08-05T00:00:00,0001000023,Z100,Z02,ZAR
4500007835,ZDOM,2025-12-11T00:00:00,0001000023,Z100,Z02,ZAR
4500007836,AN,2025-10-15T00:00:00,0001000030,Z100,Z02,ZAR
4500007837,WK,2025-12-29T00:00:00,0001000030,Z100,Z03,ZAR
4500007838,ZDOM,2025-11-05T00:00:00,0001000017,Z100,Z02,ZAR
4500007839,AN,2025-12-11T00:00:00,0001000017,Z100,Z03,ZAR
4500007840,WK,2026-01-23T00:00:00,0001000017,Z100,Z01,ZAR
4500007841,AN,2025-10-31T00:00:00,0001000017,Z100,Z01,ZAR
4500007842,WK,2025-12-20T00:00:00,0001000049,Z100,Z02,ZAR
4500007843,ZDOM,2025-09-19T00:00:00,0001000049,Z100,Z03,ZAR
4500007844,ZDOM,2025-09-08T00:00:00,0001000049,Z100,Z03,ZAR
4500007845,AN,2026-05-25T00:00:00,0001000023,Z100,Z02,ZAR
4500007846,ZDOM,2025-12-08T00:00:00,0001000051,Z100,Z01,ZAR
4500007847,ZDOM,2026-05-24T00:00:00,0001000051,Z100,Z03,ZAR
4500007848,AN,2026-07-10T00:00:00,0001000051,Z100,Z01,ZAR
4500007849,AN,2026-01-26T00:00:00,0001000043,Z100,Z02,ZAR
4500007850,WK,2025-10-20T00:00:00,0001000043,Z100,Z01,ZAR
4500007851,ZDOM,2026-02-17T00:00:00,0001000043,Z100,Z01,ZAR
4500007852,WK,2025-12-16T00:00:00,0001000010,Z100,Z03,ZAR
4500007853,AN,2026-02-27T00:00:00,0001000010,Z100,Z02,ZAR
4500007854,WK,2026-03-11T00:00:00,0001000010,Z100,Z03,ZAR
4500007855,WK,2026-03-29T00:00:00,0001000034,Z100,Z03,ZAR
4500007856,ZDOM,2026-02-24T00:00:00,0001000034,Z100,Z01,ZAR
4500007857,AN,2026-04-22T00:00:00,0001000046,Z100,Z01,ZAR
4500007858,WK,2026-05-13T00:00:00,0001000046,Z100,Z01,ZAR
4500007859,AN,2026-03-21T00:00:00,0001000046,Z100,Z03,ZAR
4500007860,WK,2025-10-26T00:00:00,0001000050,Z100,Z02,ZAR
4500007861,AN,2025-09-01T00:00:00,0001000050,Z100,Z02,ZAR
4500007862,ZDOM,2026-04-27T00:00:00,0001000050,Z100,Z01,ZAR
4500007863,ZDOM,2026-04-29T00:00:00,0001000049,Z100,Z02,ZAR
4500007864,ZDOM,2026-06-01T00:00:00,0001000034,Z100,Z01,ZAR
4500007865,WK,2025-11-11T00:00:00,0001000034,Z100,Z03,ZAR
4500007866,AN,2026-03-18T00:00:00,0001000019,Z100,Z03,ZAR
4500007867,WK,2025-09-10T00:00:00,0001000019,Z100,Z03,ZAR
4500007868,WK,2026-03-05T00:00:00,0001000027,Z100,Z02,ZAR
4500007869,AN,2026-01-08T00:00:00,0001000027,Z100,Z01,ZAR
4500007870,ZDOM,2025-10-16T00:00:00,0001000003,Z100,Z03,ZAR
4500007871,AN,2026-06-18T00:00:00,0001000003,Z100,Z03,ZAR
4500007872,ZDOM,2025-10-11T00:00:00,0001000030,Z100,Z01,ZAR
4500007873,AN,2026-04-19T00:00:00,0001000030,Z100,Z02,ZAR
4500007874,ZDOM,2026-05-17T00:00:00,0001000030,Z100,Z03,ZAR
4500007875,ZDOM,2026-04-09T00:00:00,0001000030,Z100,Z01,ZAR
4500007876,WK,2025-09-24T00:00:00,0001000030,Z100,Z02,ZAR
4500007877,ZDOM,2025-11-12T00:00:00,0001000025,Z100,Z03,ZAR
4500007878,WK,2025-12-18T00:00:00,0001000025,Z100,Z01,ZAR
4500007879,ZDOM,2026-02-27T00:00:00,0001000025,Z100,Z03,ZAR
4500007880,AN,2025-12-19T00:00:00,0001000037,Z100,Z01,ZAR
4500007881,ZDOM,2025-11-05T00:00:00,0001000037,Z100,Z02,ZAR
4500007882,WK,2025-12-27T00:00:00,0001000034,Z100,Z02,ZAR
4500007883,WK,2026-01-14T00:00:00,0001000034,Z100,Z02,ZAR
4500007884,ZDOM,2026-03-08T00:00:00,0001000021,Z100,Z02,ZAR
4500007885,AN,2025-08-24T00:00:00,0001000021,Z100,Z03,ZAR
4500007886,ZDOM,2025-10-02T00:00:00,0001000021,Z100,Z02,ZAR
4500007887,ZDOM,2026-02-26T00:00:00,0001000037,Z100,Z01,ZAR
4500007888,WK,2026-03-29T00:00:00,0001000037,Z100,Z03,ZAR
4500007889,AN,2026-06-04T00:00:00,0001000037,Z100,Z03,ZAR
4500007890,ZDOM,2026-03-17T00:00:00,0001000029,Z100,Z01,ZAR
4500007891,WK,2026-07-17T00:00:00,0001000029,Z100,Z02,ZAR
4500007892,ZDOM,2025-11-30T00:00:00,0001000029,Z100,Z03,ZAR
4500007893,ZDOM,2026-01-03T00:00:00,0001000005,Z100,Z03,ZAR
4500007894,AN,2026-01-27T00:00:00,0001000005,Z100,Z01,ZAR
4500007895,ZDOM,2025-11-25T00:00:00,0001000005,Z100,Z02,ZAR
4500007896,ZDOM,2026-04-07T00:00:00,0001000005,Z100,Z02,ZAR
4500007897,ZDOM,2026-04-29T00:00:00,0001000026,Z100,Z03,ZAR
4500007898,AN,2025-11-10T00:00:00,0001000026,Z100,Z02,ZAR
4500007899,WK,2025-08-07T00:00:00,0001000026,Z100,Z02,ZAR
4500007900,WK,2026-03-29T00:00:00,0001000051,Z100,Z01,ZAR
4500007901,ZDOM,2026-01-30T00:00:00,0001000051,Z100,Z03,ZAR
4500007902,WK,2025-12-16T00:00:00,0001000051,Z100,Z01,ZAR
4500007903,WK,2025-11-13T00:00:00,0001000002,Z100,Z03,ZAR
4500007904,WK,2025-09-20T00:00:00,0001000002,Z100,Z02,ZAR
4500007905,AN,2026-05-27T00:00:00,0001000050,Z100,Z02,ZAR
4500007906,WK,2026-03-02T00:00:00,0001000050,Z100,Z01,ZAR
4500007907,WK,2025-09-29T00:00:00,0001000038,Z100,Z03,ZAR
4500007908,ZDOM,2026-03-17T00:00:00,0001000038,Z100,Z03,ZAR
4500007909,AN,2025-12-04T00:00:00,0001000035,Z100,Z01,ZAR
4500007910,ZDOM,2025-10-22T00:00:00,0001000035,Z100,Z02,ZAR
4500007911,AN,2025-11-26T00:00:00,0001000035,Z100,Z02,ZAR
4500007912,WK,2026-01-20T00:00:00,0001000026,Z100,Z02,ZAR
4500007913,ZDOM,2026-03-26T00:00:00,0001000009,Z100,Z03,ZAR
4500007914,ZDOM,2025-11-20T00:00:00,0001000009,Z100,Z03,ZAR
4500007915,AN,2026-02-13T00:00:00,0001000041,Z100,Z02,ZAR
4500007916,ZDOM,2026-02-18T00:00:00,0001000041,Z100,Z01,ZAR
4500007917,ZDOM,2025-10-23T00:00:00,0001000041,Z100,Z01,ZAR
4500007918,AN,2025-10-17T00:00:00,0001000041,Z100,Z02,ZAR
4500007919,ZDOM,2026-05-06T00:00:00,0001000041,Z100,Z01,ZAR
4500007920,AN,2026-04-17T00:00:00,0001000043,Z100,Z01,ZAR
4500007921,AN,2025-11-21T00:00:00,0001000043,Z100,Z03,ZAR
4500007922,ZDOM,2026-03-09T00:00:00,0001000049,Z100,Z02,ZAR
4500007923,WK,2025-09-04T00:00:00,0001000003,Z100,Z02,ZAR
4500007924,AN,2025-12-14T00:00:00,0001000003,Z100,Z01,ZAR
4500007925,WK,2025-10-17T00:00:00,0001000003,Z100,Z01,ZAR
4500007926,AN,2026-02-06T00:00:00,0001000027,Z100,Z02,ZAR
4500007927,ZDOM,2025-10-27T00:00:00,0001000027,Z100,Z01,ZAR
4500007928,AN,2026-02-17T00:00:00,0001000027,Z100,Z01,ZAR
4500007929,WK,2025-10-06T00:00:00,0001000046,Z100,Z03,ZAR
4500007930,AN,2026-01-23T00:00:00,0001000046,Z100,Z03,ZAR
4500007931,AN,2026-02-04T00:00:00,0001000046,Z100,Z03,ZAR
4500007932,WK,2026-02-09T00:00:00,0001000034,Z100,Z03,ZAR
4500007933,ZDOM,2026-03-12T00:00:00,0001000034,Z100,Z01,ZAR
4500007934,WK,2025-11-13T00:00:00,0001000023,Z100,Z03,ZAR
4500007935,ZDOM,2026-03-06T00:00:00,0001000057,Z100,Z01,ZAR
4500007936,WK,2026-02-14T00:00:00,0001000057,Z100,Z02,ZAR
4500007937,ZDOM,2026-02-02T00:00:00,0001000057,Z100,Z03,ZAR
4500007938,WK,2026-01-09T00:00:00,0001000015,Z100,Z03,ZAR
4500007939,AN,2025-12-24T00:00:00,0001000015,Z100,Z02,ZAR
4500007940,ZDOM,2026-04-20T00:00:00,0001000015,Z100,Z03,ZAR
4500007941,WK,2026-06-18T00:00:00,0001000001,Z100,Z01,ZAR
4500007942,WK,2026-03-16T00:00:00,0001000001,Z100,Z02,ZAR
4500007943,AN,2025-12-31T00:00:00,0001000031,Z100,Z03,ZAR
4500007944,ZDOM,2026-02-03T00:00:00,0001000031,Z100,Z02,ZAR
4500007945,WK,2025-10-17T00:00:00,0001000015,Z100,Z03,ZAR
4500007946,ZDOM,2026-05-06T00:00:00,0001000015,Z100,Z03,ZAR
4500007947,AN,2025-11-12T00:00:00,0001000031,Z100,Z01,ZAR
4500007948,AN,2025-11-08T00:00:00,0001000015,Z100,Z02,ZAR
4500007949,ZDOM,2025-08-26T00:00:00,0001000015,Z100,Z02,ZAR
4500007950,AN,2026-02-20T00:00:00,0001000059,Z100,Z02,ZAR
4500007951,AN,2026-04-01T00:00:00,0001000059,Z100,Z02,ZAR
4500007952,ZDOM,2026-06-20T00:00:00,0001000059,Z100,Z02,ZAR
4500007953,ZDOM,2026-05-23T00:00:00,0001000059,Z100,Z02,ZAR
4500007954,ZDOM,2026-04-04T00:00:00,0001000018,Z100,Z01,ZAR
4500007955,WK,2025-10-23T00:00:00,0001000027,Z100,Z03,ZAR
4500007956,AN,2026-06-30T00:00:00,0001000019,Z100,Z03,ZAR
4500007957,WK,2026-04-09T00:00:00,0001000033,Z100,Z03,ZAR
4500007958,WK,2025-12-28T00:00:00,0001000033,Z100,Z02,ZAR
4500007959,WK,2026-06-18T00:00:00,0001000033,Z100,Z01,ZAR
4500007960,ZDOM,2025-12-05T00:00:00,0001000041,Z100,Z03,ZAR
4500007961,ZDOM,2026-01-13T00:00:00,0001000050,Z100,Z01,ZAR
4500007962,WK,2025-10-04T00:00:00,0001000050,Z100,Z03,ZAR
4500007963,AN,2026-03-03T00:00:00,0001000007,Z100,Z03,ZAR
4500007964,ZDOM,2026-05-13T00:00:00,0001000007,Z100,Z02,ZAR
4500007965,ZDOM,2026-06-14T00:00:00,0001000059,Z100,Z01,ZAR
4500007966,WK,2025-10-23T00:00:00,0001000039,Z100,Z03,ZAR
4500007967,AN,2026-05-11T00:00:00,0001000039,Z100,Z02,ZAR
4500007968,WK,2025-11-03T00:00:00,0001000039,Z100,Z03,ZAR
4500007969,ZDOM,2026-07-18T00:00:00,0001000013,Z100,Z03,ZAR
4500007970,WK,2025-11-22T00:00:00,0001000013,Z100,Z01,ZAR
4500007971,ZDOM,2025-10-12T00:00:00,0001000013,Z100,Z01,ZAR
4500007972,WK,2026-03-09T00:00:00,0001000057,Z100,Z02,ZAR
4500007973,WK,2026-03-11T00:00:00,0001000057,Z100,Z01,ZAR
4500007974,AN,2026-01-19T00:00:00,0001000011,Z100,Z01,ZAR
4500007975,AN,2026-04-25T00:00:00,0001000011,Z100,Z01,ZAR
4500007976,WK,2025-09-30T00:00:00,0001000003,Z100,Z03,ZAR
4500007977,AN,2025-09-23T00:00:00,0001000049,Z100,Z01,ZAR
4500007978,ZDOM,2026-04-18T00:00:00,0001000049,Z100,Z01,ZAR
4500007979,WK,2026-05-11T00:00:00,0001000006,Z100,Z01,ZAR
4500007980,ZDOM,2026-06-08T00:00:00,0001000054,Z100,Z02,ZAR
4500007981,WK,2025-12-23T00:00:00,0001000054,Z100,Z02,ZAR
4500007982,ZDOM,2025-10-23T00:00:00,0001000055,Z100,Z02,ZAR
4500007983,ZDOM,2025-12-16T00:00:00,0001000015,Z100,Z02,ZAR
4500007984,WK,2026-03-17T00:00:00,0001000050,Z100,Z02,ZAR
4500007985,ZDOM,2026-02-12T00:00:00,0001000050,Z100,Z03,ZAR
4500007986,ZDOM,2026-04-06T00:00:00,0001000050,Z100,Z01,ZAR
4500007987,AN,2025-10-29T00:00:00,0001000045,Z100,Z02,ZAR
4500007988,WK,2026-01-09T00:00:00,0001000045,Z100,Z01,ZAR
4500007989,AN,2026-03-23T00:00:00,0001000022,Z100,Z01,ZAR
4500007990,WK,2026-04-11T00:00:00,0001000041,Z100,Z03,ZAR
4500007991,AN,2026-01-01T00:00:00,0001000041,Z100,Z03,ZAR
4500007992,ZDOM,2026-04-18T00:00:00,0001000041,Z100,Z03,ZAR
4500007993,ZDOM,2025-10-07T00:00:00,0001000041,Z100,Z02,ZAR
4500007994,ZDOM,2026-01-05T00:00:00,0001000041,Z100,Z01,ZAR
4500007995,ZDOM,2025-11-04T00:00:00,0001000023,Z100,Z03,ZAR
4500007996,ZDOM,2026-03-03T00:00:00,0001000010,Z100,Z02,ZAR
4500007997,WK,2025-12-02T00:00:00,0001000010,Z100,Z02,ZAR
4500007998,ZDOM,2026-05-07T00:00:00,0001000025,Z100,Z03,ZAR
4500007999,ZDOM,2025-11-11T00:00:00,0001000025,Z100,Z02,ZAR
4500008000,WK,2025-11-06T00:00:00,0001000025,Z100,Z03,ZAR
4500008001,AN,2025-12-12T00:00:00,0001000025,Z100,Z01,ZAR
4500008002,AN,2026-01-01T00:00:00,0001000025,Z100,Z01,ZAR
4500008003,WK,2026-03-24T00:00:00,0001000043,Z100,Z01,ZAR
4500008004,WK,2025-12-09T00:00:00,0001000055,Z100,Z03,ZAR
4500008005,WK,2026-05-17T00:00:00,0001000045,Z100,Z02,ZAR
4500008006,AN,2025-11-26T00:00:00,0001000045,Z100,Z02,ZAR
4500008007,WK,2026-06-04T00:00:00,0001000045,Z100,Z03,ZAR
4500008008,WK,2025-09-22T00:00:00,0001000045,Z100,Z01,ZAR
4500008009,ZDOM,2026-01-10T00:00:00,0001000007,Z100,Z03,ZAR
4500008010,ZDOM,2026-03-28T00:00:00,0001000007,Z100,Z01,ZAR
4500008011,ZDOM,2025-09-16T00:00:00,0001000007,Z100,Z03,ZAR
4500008012,AN,2026-03-09T00:00:00,0001000009,Z100,Z02,ZAR
4500008013,ZDOM,2026-05-30T00:00:00,0001000041,Z100,Z01,ZAR
4500008014,AN,2026-01-13T00:00:00,0001000041,Z100,Z03,ZAR
4500008015,AN,2026-06-14T00:00:00,0001000045,Z100,Z01,ZAR
4500008016,WK,2025-10-10T00:00:00,0001000037,Z100,Z01,ZAR
4500008017,WK,2026-05-16T00:00:00,0001000010,Z100,Z03,ZAR
4500008018,AN,2026-03-10T00:00:00,0001000010,Z100,Z01,ZAR
4500008019,AN,2026-07-07T00:00:00,0001000010,Z100,Z03,ZAR
4500008020,WK,2026-02-05T00:00:00,0001000019,Z100,Z03,ZAR
4500008021,AN,2026-01-03T00:00:00,0001000019,Z100,Z01,ZAR
4500008022,ZDOM,2026-01-03T00:00:00,0001000013,Z100,Z01,ZAR
4500008023,WK,2026-07-11T00:00:00,0001000013,Z100,Z02,ZAR
4500008024,ZDOM,2025-11-25T00:00:00,0001000013,Z100,Z03,ZAR
4500008025,WK,2026-06-14T00:00:00,0001000033,Z100,Z01,ZAR
4500008026,ZDOM,2025-08-22T00:00:00,0001000046,Z100,Z03,ZAR
4500008027,WK,2025-09-15T00:00:00,0001000046,Z100,Z02,ZAR
4500008028,WK,2025-09-03T00:00:00,0001000046,Z100,Z03,ZAR
4500008029,WK,2026-03-14T00:00:00,0001000022,Z100,Z02,ZAR
4500008030,WK,2025-12-06T00:00:00,0001000022,Z100,Z02,ZAR
4500008031,ZDOM,2025-11-07T00:00:00,0001000011,Z100,Z01,ZAR
4500008032,WK,2026-02-25T00:00:00,0001000011,Z100,Z03,ZAR
4500008033,ZDOM,2026-01-07T00:00:00,0001000011,Z100,Z01,ZAR
4500008034,AN,2025-12-27T00:00:00,0001000057,Z100,Z01,ZAR
4500008035,ZDOM,2025-09-27T00:00:00,0001000057,Z100,Z01,ZAR
4500008036,AN,2026-02-13T00:00:00,0001000050,Z100,Z03,ZAR
4500008037,ZDOM,2026-02-04T00:00:00,0001000050,Z100,Z01,ZAR
4500008038,AN,2025-09-26T00:00:00,0001000050,Z100,Z02,ZAR
4500008039,WK,2026-01-27T00:00:00,0001000050,Z100,Z01,ZAR
4500008040,WK,2025-10-21T00:00:00,0001000029,Z100,Z01,ZAR
4500008041,ZDOM,2025-07-04T00:00:00,0001000029,Z100,Z01,ZAR
4500008042,ZDOM,2025-10-31T00:00:00,0001000029,Z100,Z02,ZAR
4500008043,WK,2026-05-27T00:00:00,0001000035,Z100,Z03,ZAR
4500008044,AN,2025-09-27T00:00:00,0001000035,Z100,Z02,ZAR
4500008045,AN,2025-10-30T00:00:00,0001000009,Z100,Z02,ZAR
4500008046,AN,2026-03-03T00:00:00,0001000033,Z100,Z02,ZAR
4500008047,AN,2025-10-19T00:00:00,0001000033,Z100,Z02,ZAR
4500008048,ZDOM,2026-05-14T00:00:00,0001000031,Z100,Z01,ZAR
4500008049,ZDOM,2025-09-17T00:00:00,0001000031,Z100,Z03,ZAR
4500008050,WK,2026-01-29T00:00:00,0001000031,Z100,Z01,ZAR
4500008051,WK,2026-03-18T00:00:00,0001000026,Z100,Z01,ZAR
4500008052,WK,2026-01-14T00:00:00,0001000026,Z100,Z02,ZAR
4500008053,AN,2026-03-17T00:00:00,0001000002,Z100,Z03,ZAR
4500008054,ZDOM,2026-07-02T00:00:00,0001000002,Z100,Z01,ZAR
4500008055,AN,2026-02-01T00:00:00,0001000002,Z100,Z03,ZAR
4500008056,AN,2026-01-19T00:00:00,0001000002,Z100,Z01,ZAR
4500008057,ZDOM,2025-10-01T00:00:00,0001000050,Z100,Z01,ZAR
4500008058,ZDOM,2025-10-22T00:00:00,0001000050,Z100,Z03,ZAR
4500008059,WK,2026-04-24T00:00:00,0001000018,Z100,Z03,ZAR
4500008060,WK,2025-09-17T00:00:00,0001000018,Z100,Z02,ZAR
4500008061,ZDOM,2025-09-23T00:00:00,0001000010,Z100,Z01,ZAR
4500008062,AN,2025-12-13T00:00:00,0001000010,Z100,Z01,ZAR
4500008063,ZDOM,2026-05-04T00:00:00,0001000049,Z100,Z03,ZAR
4500008064,ZDOM,2026-03-31T00:00:00,0001000033,Z100,Z03,ZAR
4500008065,AN,2026-03-04T00:00:00,0001000019,Z100,Z03,ZAR
4500008066,ZDOM,2025-12-02T00:00:00,0001000019,Z100,Z01,ZAR
4500008067,WK,2026-06-13T00:00:00,0001000057,Z100,Z01,ZAR
4500008068,WK,2026-07-10T00:00:00,0001000055,Z100,Z01,ZAR
4500008069,ZDOM,2026-01-09T00:00:00,0001000014,Z100,Z02,ZAR
4500008070,AN,2025-10-12T00:00:00,0001000014,Z100,Z03,ZAR
4500008071,ZDOM,2025-09-24T00:00:00,0001000014,Z100,Z01,ZAR
4500008072,ZDOM,2025-12-21T00:00:00,0001000031,Z100,Z01,ZAR
4500008073,WK,2025-10-16T00:00:00,0001000031,Z100,Z02,ZAR
4500008074,WK,2025-10-25T00:00:00,0001000031,Z100,Z03,ZAR
4500008075,ZDOM,2025-11-05T00:00:00,0001000031,Z100,Z03,ZAR
4500008076,ZDOM,2025-12-27T00:00:00,0001000003,Z100,Z03,ZAR
4500008077,ZDOM,2026-05-03T00:00:00,0001000003,Z100,Z02,ZAR
4500008078,WK,2025-10-21T00:00:00,0001000026,Z100,Z02,ZAR
4500008079,ZDOM,2025-10-29T00:00:00,0001000026,Z100,Z03,ZAR
4500008080,AN,2025-08-26T00:00:00,0001000026,Z100,Z01,ZAR
4500008081,WK,2026-03-04T00:00:00,0001000022,Z100,Z01,ZAR
4500008082,AN,2026-01-18T00:00:00,0001000022,Z100,Z01,ZAR
4500008083,ZDOM,2026-08-11T00:00:00,0001000038,Z100,Z03,ZAR
4500008084,ZDOM,2025-11-15T00:00:00,0001000038,Z100,Z03,ZAR
4500008085,ZDOM,2026-02-14T00:00:00,0001000038,Z100,Z02,ZAR
4500008086,ZDOM,2025-10-23T00:00:00,0001000023,Z100,Z01,ZAR
4500008087,AN,2026-03-15T00:00:00,0001000023,Z100,Z03,ZAR
4500008088,WK,2025-10-27T00:00:00,0001000023,Z100,Z02,ZAR
4500008089,ZDOM,2025-11-01T00:00:00,0001000017,Z100,Z03,ZAR
4500008090,WK,2025-09-23T00:00:00,0001000017,Z100,Z01,ZAR
4500008091,WK,2025-12-22T00:00:00,0001000017,Z100,Z02,ZAR
4500008092,WK,2026-05-13T00:00:00,0001000023,Z100,Z02,ZAR
4500008093,AN,2026-01-11T00:00:00,0001000023,Z100,Z02,ZAR
4500008094,ZDOM,2026-03-03T00:00:00,0001000023,Z100,Z02,ZAR
4500008095,AN,2026-01-17T00:00:00,0001000011,Z100,Z02,ZAR
4500008096,ZDOM,2025-09-26T00:00:00,0001000011,Z100,Z01,ZAR
4500008097,ZDOM,2026-03-28T00:00:00,0001000043,Z100,Z02,ZAR
4500008098,WK,2025-09-24T00:00:00,0001000043,Z100,Z01,ZAR
4500008099,ZDOM,2025-10-18T00:00:00,0001000043,Z100,Z02,ZAR
4500008100,ZDOM,2025-08-23T00:00:00,0001000045,Z100,Z03,ZAR
4500008101,ZDOM,2026-03-17T00:00:00,0001000045,Z100,Z01,ZAR
4500008102,AN,2026-02-23T00:00:00,0001000045,Z100,Z03,ZAR
4500008103,ZDOM,2026-04-21T00:00:00,0001000045,Z100,Z01,ZAR
4500008104,AN,2026-06-07T00:00:00,0001000045,Z100,Z02,ZAR
4500008105,AN,2026-05-23T00:00:00,0001000059,Z100,Z02,ZAR
4500008106,AN,2026-06-19T00:00:00,0001000059,Z100,Z01,ZAR
4500008107,ZDOM,2026-02-19T00:00:00,0001000059,Z100,Z01,ZAR
4500008108,WK,2026-02-09T00:00:00,0001000059,Z100,Z02,ZAR
4500008109,AN,2025-11-24T00:00:00,0001000059,Z100,Z02,ZAR
4500008110,ZDOM,2025-10-04T00:00:00,0001000017,Z100,Z03,ZAR
4500008111,WK,2026-05-15T00:00:00,0001000017,Z100,Z02,ZAR
4500008112,AN,2026-04-08T00:00:00,0001000017,Z100,Z02,ZAR
4500008113,ZDOM,2025-10-28T00:00:00,0001000050,Z100,Z01,ZAR
4500008114,WK,2026-05-30T00:00:00,0001000050,Z100,Z02,ZAR
4500008115,ZDOM,2025-11-28T00:00:00,0001000050,Z100,Z02,ZAR
4500008116,ZDOM,2026-01-15T00:00:00,0001000029,Z100,Z01,ZAR
4500008117,WK,2026-03-03T00:00:00,0001000029,Z100,Z01,ZAR
4500008118,ZDOM,2025-12-11T00:00:00,0001000029,Z100,Z03,ZAR
4500008119,WK,2025-09-18T00:00:00,0001000029,Z100,Z01,ZAR
4500008120,AN,2025-09-30T00:00:00,0001000029,Z100,Z02,ZAR
4500008121,AN,2025-12-18T00:00:00,0001000059,Z100,Z03,ZAR
4500008122,WK,2025-10-30T00:00:00,0001000059,Z100,Z02,ZAR
4500008123,ZDOM,2026-01-22T00:00:00,0001000027,Z100,Z03,ZAR
4500008124,AN,2025-11-20T00:00:00,0001000027,Z100,Z02,ZAR
4500008125,ZDOM,2025-09-20T00:00:00,0001000038,Z100,Z01,ZAR
4500008126,WK,2025-10-01T00:00:00,0001000038,Z100,Z01,ZAR
4500008127,WK,2026-04-04T00:00:00,0001000026,Z100,Z01,ZAR
4500008128,ZDOM,2026-06-30T00:00:00,0001000026,Z100,Z03,ZAR
4500008129,ZDOM,2025-11-01T00:00:00,0001000026,Z100,Z01,ZAR
4500008130,WK,2026-05-24T00:00:00,0001000026,Z100,Z01,ZAR
4500008131,ZDOM,2026-01-04T00:00:00,0001000026,Z100,Z02,ZAR
4500008132,WK,2026-03-25T00:00:00,0001000026,Z100,Z03,ZAR
4500008133,WK,2025-12-19T00:00:00,0001000029,Z100,Z01,ZAR
4500008134,WK,2025-10-15T00:00:00,0001000029,Z100,Z02,ZAR
4500008135,ZDOM,2026-03-10T00:00:00,0001000029,Z100,Z01,ZAR
4500008136,ZDOM,2026-02-08T00:00:00,0001000030,Z100,Z01,ZAR
4500008137,WK,2026-05-04T00:00:00,0001000030,Z100,Z03,ZAR
4500008138,WK,2025-12-26T00:00:00,0001000039,Z100,Z01,ZAR
4500008139,WK,2026-02-11T00:00:00,0001000039,Z100,Z01,ZAR
4500008140,ZDOM,2026-03-20T00:00:00,0001000039,Z100,Z03,ZAR
4500008141,ZDOM,2026-05-03T00:00:00,0001000023,Z100,Z02,ZAR
4500008142,AN,2025-10-25T00:00:00,0001000023,Z100,Z03,ZAR
4500008143,AN,2026-03-30T00:00:00,0001000031,Z100,Z01,ZAR
4500008144,ZDOM,2026-02-06T00:00:00,0001000031,Z100,Z01,ZAR
4500008145,WK,2025-08-29T00:00:00,0001000031,Z100,Z02,ZAR
4500008146,ZDOM,2025-12-07T00:00:00,0001000055,Z100,Z02,ZAR
4500008147,ZDOM,2025-11-23T00:00:00,0001000055,Z100,Z02,ZAR
4500008148,WK,2026-02-04T00:00:00,0001000001,Z100,Z02,ZAR
4500008149,ZDOM,2026-06-19T00:00:00,0001000017,Z100,Z03,ZAR
4500008150,AN,2026-06-04T00:00:00,0001000017,Z100,Z03,ZAR
4500008151,WK,2026-02-02T00:00:00,0001000017,Z100,Z02,ZAR
4500008152,ZDOM,2026-03-07T00:00:00,0001000017,Z100,Z01,ZAR
4500008153,AN,2025-12-27T00:00:00,0001000017,Z100,Z03,ZAR
4500008154,AN,2026-02-24T00:00:00,0001000001,Z100,Z03,ZAR
4500008155,AN,2026-05-29T00:00:00,0001000027,Z100,Z01,ZAR
4500008156,AN,2026-02-03T00:00:00,0001000034,Z100,Z02,ZAR
4500008157,AN,2026-04-03T00:00:00,0001000034,Z100,Z03,ZAR
4500008158,ZDOM,2025-08-21T00:00:00,0001000015,Z100,Z01,ZAR
4500008159,AN,2025-12-04T00:00:00,0001000034,Z100,Z01,ZAR
4500008160,AN,2025-11-19T00:00:00,0001000055,Z100,Z03,ZAR
4500008161,WK,2026-07-05T00:00:00,0001000055,Z100,Z02,ZAR
4500008162,WK,2026-02-24T00:00:00,0001000055,Z100,Z03,ZAR
4500008163,ZDOM,2025-11-08T00:00:00,0001000055,Z100,Z03,ZAR
4500008164,WK,2026-07-06T00:00:00,0001000055,Z100,Z02,ZAR
4500008165,ZDOM,2026-06-23T00:00:00,0001000055,Z100,Z03,ZAR
4500008166,ZDOM,2026-03-15T00:00:00,0001000022,Z100,Z03,ZAR
4500008167,ZDOM,2025-12-29T00:00:00,0001000022,Z100,Z01,ZAR
4500008168,ZDOM,2026-04-16T00:00:00,0001000023,Z100,Z02,ZAR
4500008169,AN,2026-04-24T00:00:00,0001000025,Z100,Z03,ZAR
4500008170,WK,2026-01-05T00:00:00,0001000025,Z100,Z01,ZAR
4500008171,AN,2025-11-04T00:00:00,0001000025,Z100,Z02,ZAR
4500008172,WK,2025-12-10T00:00:00,0001000025,Z100,Z03,ZAR
4500008173,ZDOM,2025-10-01T00:00:00,0001000002,Z100,Z03,ZAR
4500008174,WK,2025-10-06T00:00:00,0001000002,Z100,Z03,ZAR
4500008175,WK,2025-11-08T00:00:00,0001000002,Z100,Z03,ZAR
4500008176,AN,2025-10-11T00:00:00,0001000035,Z100,Z02,ZAR
4500008177,ZDOM,2025-09-11T00:00:00,0001000035,Z100,Z01,ZAR
4500008178,WK,2025-12-27T00:00:00,0001000035,Z100,Z02,ZAR
4500008179,WK,2026-07-26T00:00:00,0001000003,Z100,Z02,ZAR
4500008180,ZDOM,2026-01-13T00:00:00,0001000003,Z100,Z03,ZAR
4500008181,AN,2026-06-25T00:00:00,0001000003,Z100,Z02,ZAR
4500008182,ZDOM,2025-12-25T00:00:00,0001000042,Z100,Z03,ZAR
4500008183,AN,2026-02-14T00:00:00,0001000042,Z100,Z01,ZAR
4500008184,WK,2025-11-19T00:00:00,0001000042,Z100,Z03,ZAR
4500008185,ZDOM,2026-03-30T00:00:00,0001000051,Z100,Z01,ZAR
4500008186,AN,2026-06-06T00:00:00,0001000051,Z100,Z03,ZAR
4500008187,WK,2026-03-10T00:00:00,0001000051,Z100,Z01,ZAR
4500008188,AN,2025-08-29T00:00:00,0001000045,Z100,Z03,ZAR
4500008189,AN,2025-08-19T00:00:00,0001000057,Z100,Z02,ZAR
4500008190,ZDOM,2025-10-04T00:00:00,0001000041,Z100,Z02,ZAR
4500008191,WK,2025-11-11T00:00:00,0001000041,Z100,Z02,ZAR
4500008192,AN,2026-05-31T00:00:00,0001000041,Z100,Z01,ZAR
4500008193,AN,2025-10-14T00:00:00,0001000041,Z100,Z01,ZAR
4500008194,ZDOM,2025-09-15T00:00:00,0001000041,Z100,Z02,ZAR
4500008195,ZDOM,2026-06-28T00:00:00,0001000011,Z100,Z03,ZAR
4500008196,AN,2025-12-31T00:00:00,0001000011,Z100,Z03,ZAR
4500008197,WK,2026-02-23T00:00:00,0001000026,Z100,Z03,ZAR
4500008198,WK,2025-12-01T00:00:00,0001000026,Z100,Z01,ZAR
4500008199,ZDOM,2025-10-23T00:00:00,0001000026,Z100,Z02,ZAR
4500008200,AN,2026-04-25T00:00:00,0001000026,Z100,Z01,ZAR
4500008201,ZDOM,2025-10-17T00:00:00,0001000011,Z100,Z02,ZAR
4500008202,ZDOM,2026-04-13T00:00:00,0001000011,Z100,Z02,ZAR
4500008203,WK,2026-02-06T00:00:00,0001000018,Z100,Z03,ZAR
4500008204,WK,2025-09-25T00:00:00,0001000038,Z100,Z03,ZAR
4500008205,ZDOM,2026-04-05T00:00:00,0001000038,Z100,Z02,ZAR
4500008206,WK,2025-11-10T00:00:00,0001000038,Z100,Z01,ZAR
4500008207,WK,2025-11-02T00:00:00,0001000038,Z100,Z03,ZAR
4500008208,WK,2026-02-10T00:00:00,0001000038,Z100,Z03,ZAR
4500008209,AN,2025-07-10T00:00:00,0001000038,Z100,Z03,ZAR
4500008210,WK,2026-06-13T00:00:00,0001000055,Z100,Z02,ZAR
4500008211,AN,2026-04-18T00:00:00,0001000047,Z100,Z02,ZAR
4500008212,WK,2026-04-14T00:00:00,0001000047,Z100,Z02,ZAR
4500008213,ZDOM,2026-02-28T00:00:00,0001000013,Z100,Z01,ZAR
4500008214,AN,2026-01-08T00:00:00,0001000059,Z100,Z02,ZAR
4500008215,ZDOM,2026-05-12T00:00:00,0001000059,Z100,Z01,ZAR
4500008216,ZDOM,2025-09-29T00:00:00,0001000059,Z100,Z01,ZAR
4500008217,WK,2026-03-28T00:00:00,0001000002,Z100,Z02,ZAR
4500008218,ZDOM,2026-04-16T00:00:00,0001000002,Z100,Z03,ZAR
4500008219,ZDOM,2026-03-17T00:00:00,0001000002,Z100,Z02,ZAR
4500008220,AN,2025-11-28T00:00:00,0001000002,Z100,Z01,ZAR
4500008221,AN,2026-06-26T00:00:00,0001000002,Z100,Z01,ZAR
4500008222,WK,2025-10-24T00:00:00,0001000002,Z100,Z02,ZAR
4500008223,AN,2025-12-29T00:00:00,0001000023,Z100,Z01,ZAR
4500008224,AN,2025-11-04T00:00:00,0001000014,Z100,Z01,ZAR
4500008225,AN,2026-06-14T00:00:00,0001000014,Z100,Z02,ZAR
4500008226,WK,2026-01-11T00:00:00,0001000035,Z100,Z03,ZAR
4500008227,ZDOM,2025-12-10T00:00:00,0001000035,Z100,Z01,ZAR
4500008228,WK,2026-01-12T00:00:00,0001000035,Z100,Z01,ZAR
4500008229,ZDOM,2026-01-29T00:00:00,0001000047,Z100,Z01,ZAR
4500008230,AN,2025-11-02T00:00:00,0001000054,Z100,Z01,ZAR
4500008231,ZDOM,2026-05-11T00:00:00,0001000054,Z100,Z01,ZAR
4500008232,WK,2026-06-21T00:00:00,0001000054,Z100,Z01,ZAR
4500008233,ZDOM,2026-04-26T00:00:00,0001000045,Z100,Z01,ZAR
4500008234,WK,2025-11-06T00:00:00,0001000050,Z100,Z01,ZAR
4500008235,WK,2026-05-21T00:00:00,0001000050,Z100,Z02,ZAR
4500008236,AN,2026-01-03T00:00:00,0001000050,Z100,Z02,ZAR
4500008237,WK,2025-11-03T00:00:00,0001000011,Z100,Z02,ZAR
4500008238,WK,2026-02-07T00:00:00,0001000055,Z100,Z03,ZAR
4500008239,AN,2026-03-08T00:00:00,0001000055,Z100,Z01,ZAR
4500008240,WK,2025-09-22T00:00:00,0001000055,Z100,Z03,ZAR
4500008241,ZDOM,2026-05-08T00:00:00,0001000055,Z100,Z03,ZAR
4500008242,AN,2025-09-16T00:00:00,0001000002,Z100,Z02,ZAR
4500008243,ZDOM,2025-07-29T00:00:00,0001000002,Z100,Z03,ZAR
4500008244,WK,2026-02-26T00:00:00,0001000055,Z100,Z03,ZAR
4500008245,WK,2026-02-15T00:00:00,0001000055,Z100,Z02,ZAR
4500008246,ZDOM,2026-02-23T00:00:00,0001000051,Z100,Z03,ZAR
4500008247,ZDOM,2025-09-30T00:00:00,0001000051,Z100,Z01,ZAR
4500008248,WK,2025-09-28T00:00:00,0001000051,Z100,Z03,ZAR
4500008249,WK,2025-10-29T00:00:00,0001000035,Z100,Z01,ZAR
4500008250,WK,2026-06-23T00:00:00,0001000035,Z100,Z01,ZAR
4500008251,WK,2025-10-28T00:00:00,0001000035,Z100,Z01,ZAR
4500008252,ZDOM,2026-01-14T00:00:00,0001000009,Z100,Z03,ZAR
4500008253,ZDOM,2026-06-19T00:00:00,0001000009,Z100,Z02,ZAR
4500008254,AN,2026-03-02T00:00:00,0001000001,Z100,Z02,ZAR
4500008255,AN,2025-11-08T00:00:00,0001000001,Z100,Z02,ZAR
4500008256,AN,2025-11-15T00:00:00,0001000019,Z100,Z02,ZAR
4500008257,ZDOM,2026-04-18T00:00:00,0001000059,Z100,Z01,ZAR
4500008258,WK,2026-03-19T00:00:00,0001000059,Z100,Z01,ZAR
4500008259,ZDOM,2025-09-07T00:00:00,0001000059,Z100,Z02,ZAR
4500008260,ZDOM,2025-11-18T00:00:00,0001000038,Z100,Z03,ZAR
4500008261,AN,2026-04-05T00:00:00,0001000038,Z100,Z01,ZAR
4500008262,WK,2026-01-01T00:00:00,0001000038,Z100,Z02,ZAR
4500008263,AN,2026-03-21T00:00:00,0001000026,Z100,Z01,ZAR
4500008264,ZDOM,2026-01-24T00:00:00,0001000054,Z100,Z03,ZAR
4500008265,WK,2025-10-31T00:00:00,0001000054,Z100,Z02,ZAR
4500008266,AN,2026-01-19T00:00:00,0001000054,Z100,Z01,ZAR
4500008267,AN,2026-01-11T00:00:00,0001000054,Z100,Z02,ZAR
4500008268,AN,2025-09-15T00:00:00,0001000038,Z100,Z03,ZAR
4500008269,ZDOM,2026-04-07T00:00:00,0001000023,Z100,Z01,ZAR
4500008270,ZDOM,2026-04-19T00:00:00,0001000023,Z100,Z03,ZAR
4500008271,ZDOM,2025-12-21T00:00:00,0001000023,Z100,Z01,ZAR
4500008272,WK,2025-07-21T00:00:00,0001000042,Z100,Z01,ZAR
4500008273,WK,2025-10-16T00:00:00,0001000042,Z100,Z02,ZAR
4500008274,AN,2026-03-07T00:00:00,0001000042,Z100,Z02,ZAR
4500008275,WK,2025-11-01T00:00:00,0001000001,Z100,Z02,ZAR
4500008276,AN,2026-03-16T00:00:00,0001000001,Z100,Z02,ZAR
4500008277,WK,2025-11-22T00:00:00,0001000033,Z100,Z01,ZAR
4500008278,ZDOM,2026-05-03T00:00:00,0001000033,Z100,Z03,ZAR
4500008279,WK,2026-01-29T00:00:00,0001000033,Z100,Z02,ZAR
4500008280,ZDOM,2026-06-16T00:00:00,0001000031,Z100,Z03,ZAR
4500008281,ZDOM,2026-04-07T00:00:00,0001000031,Z100,Z03,ZAR
4500008282,WK,2026-05-30T00:00:00,0001000031,Z100,Z03,ZAR
4500008283,WK,2025-12-09T00:00:00,0001000031,Z100,Z01,ZAR
4500008284,AN,2025-08-27T00:00:00,0001000013,Z100,Z01,ZAR
4500008285,WK,2025-07-23T00:00:00,0001000013,Z100,Z03,ZAR
4500008286,ZDOM,2026-01-27T00:00:00,0001000013,Z100,Z02,ZAR
4500008287,WK,2026-02-15T00:00:00,0001000026,Z100,Z03,ZAR
4500008288,AN,2026-02-19T00:00:00,0001000026,Z100,Z01,ZAR
4500008289,ZDOM,2026-04-03T00:00:00,0001000026,Z100,Z02,ZAR
4500008290,WK,2025-11-20T00:00:00,0001000026,Z100,Z01,ZAR
4500008291,WK,2026-04-21T00:00:00,0001000026,Z100,Z03,ZAR
4500008292,WK,2026-02-15T00:00:00,0001000046,Z100,Z03,ZAR
4500008293,WK,2025-12-12T00:00:00,0001000046,Z100,Z02,ZAR
4500008294,AN,2026-02-24T00:00:00,0001000046,Z100,Z03,ZAR
4500008295,ZDOM,2026-02-09T00:00:00,0001000001,Z100,Z02,ZAR
4500008296,ZDOM,2026-02-17T00:00:00,0001000001,Z100,Z02,ZAR
4500008297,ZDOM,2025-09-30T00:00:00,0001000001,Z100,Z02,ZAR
4500008298,WK,2026-03-18T00:00:00,0001000051,Z100,Z02,ZAR
4500008299,ZDOM,2025-12-14T00:00:00,0001000051,Z100,Z03,ZAR
4500008300,ZDOM,2025-11-24T00:00:00,0001000053,Z100,Z03,ZAR
4500008301,WK,2025-09-20T00:00:00,0001000023,Z100,Z02,ZAR
4500008302,WK,2025-11-05T00:00:00,0001000023,Z100,Z01,ZAR
4500008303,AN,2026-04-03T00:00:00,0001000055,Z100,Z01,ZAR
4500008304,WK,2025-10-23T00:00:00,0001000054,Z100,Z03,ZAR
4500008305,ZDOM,2026-02-21T00:00:00,0001000054,Z100,Z03,ZAR
4500008306,AN,2025-11-02T00:00:00,0001000034,Z100,Z03,ZAR
4500008307,WK,2026-04-16T00:00:00,0001000034,Z100,Z03,ZAR
4500008308,AN,2025-08-14T00:00:00,0001000023,Z100,Z02,ZAR
4500008309,ZDOM,2025-12-07T00:00:00,0001000023,Z100,Z03,ZAR
4500008310,AN,2026-06-20T00:00:00,0001000042,Z100,Z03,ZAR
4500008311,WK,2026-01-21T00:00:00,0001000042,Z100,Z01,ZAR
4500008312,WK,2025-10-15T00:00:00,0001000041,Z100,Z02,ZAR
4500008313,ZDOM,2026-05-14T00:00:00,0001000041,Z100,Z03,ZAR
4500008314,ZDOM,2026-02-17T00:00:00,0001000007,Z100,Z01,ZAR
4500008315,ZDOM,2025-10-04T00:00:00,0001000007,Z100,Z02,ZAR
4500008316,AN,2025-12-25T00:00:00,0001000037,Z100,Z01,ZAR
4500008317,WK,2025-12-29T00:00:00,0001000019,Z100,Z03,ZAR
4500008318,ZDOM,2026-06-16T00:00:00,0001000019,Z100,Z02,ZAR
4500008319,WK,2025-12-01T00:00:00,0001000054,Z100,Z03,ZAR
4500008320,ZDOM,2025-10-14T00:00:00,0001000054,Z100,Z01,ZAR
4500008321,ZDOM,2026-03-24T00:00:00,0001000054,Z100,Z02,ZAR
4500008322,WK,2026-02-16T00:00:00,0001000001,Z100,Z02,ZAR
4500008323,ZDOM,2026-01-27T00:00:00,0001000047,Z100,Z01,ZAR
4500008324,AN,2026-04-09T00:00:00,0001000007,Z100,Z03,ZAR
4500008325,ZDOM,2026-03-23T00:00:00,0001000007,Z100,Z03,ZAR
4500008326,AN,2025-11-12T00:00:00,0001000057,Z100,Z01,ZAR
4500008327,ZDOM,2026-01-09T00:00:00,0001000057,Z100,Z01,ZAR
4500008328,AN,2025-11-29T00:00:00,0001000005,Z100,Z01,ZAR
4500008329,ZDOM,2026-04-15T00:00:00,0001000005,Z100,Z01,ZAR
4500008330,WK,2026-03-07T00:00:00,0001000005,Z100,Z02,ZAR
4500008331,ZDOM,2025-12-08T00:00:00,0001000045,Z100,Z03,ZAR
4500008332,WK,2025-12-25T00:00:00,0001000045,Z100,Z02,ZAR
4500008333,AN,2026-07-12T00:00:00,0001000045,Z100,Z01,ZAR
4500008334,ZDOM,2026-03-16T00:00:00,0001000055,Z100,Z03,ZAR
4500008335,AN,2026-02-04T00:00:00,0001000055,Z100,Z02,ZAR
4500008336,WK,2026-05-25T00:00:00,0001000055,Z100,Z02,ZAR
4500008337,WK,2025-10-23T00:00:00,0001000019,Z100,Z02,ZAR
4500008338,ZDOM,2025-10-15T00:00:00,0001000019,Z100,Z02,ZAR
4500008339,AN,2026-04-29T00:00:00,0001000019,Z100,Z01,ZAR
4500008340,WK,2025-12-30T00:00:00,0001000019,Z100,Z02,ZAR
4500008341,ZDOM,2026-01-06T00:00:00,0001000034,Z100,Z01,ZAR
4500008342,AN,2025-10-13T00:00:00,0001000034,Z100,Z03,ZAR
4500008343,WK,2026-04-26T00:00:00,0001000043,Z100,Z03,ZAR
4500008344,AN,2026-04-17T00:00:00,0001000043,Z100,Z02,ZAR
4500008345,ZDOM,2026-07-09T00:00:00,0001000050,Z100,Z01,ZAR
4500008346,AN,2026-02-26T00:00:00,0001000050,Z100,Z02,ZAR
4500008347,WK,2026-06-21T00:00:00,0001000049,Z100,Z02,ZAR
4500008348,ZDOM,2026-02-27T00:00:00,0001000049,Z100,Z02,ZAR
4500008349,AN,2026-02-02T00:00:00,0001000045,Z100,Z02,ZAR
4500008350,AN,2026-01-23T00:00:00,0001000045,Z100,Z03,ZAR
4500008351,AN,2025-10-21T00:00:00,0001000018,Z100,Z01,ZAR
4500008352,WK,2025-11-29T00:00:00,0001000059,Z100,Z03,ZAR
4500008353,WK,2025-10-31T00:00:00,0001000059,Z100,Z01,ZAR
4500008354,WK,2026-02-04T00:00:00,0001000034,Z100,Z02,ZAR
4500008355,AN,2026-02-07T00:00:00,0001000034,Z100,Z01,ZAR
4500008356,WK,2025-11-03T00:00:00,0001000034,Z100,Z02,ZAR
4500008357,ZDOM,2026-02-11T00:00:00,0001000034,Z100,Z02,ZAR
4500008358,WK,2026-06-07T00:00:00,0001000045,Z100,Z02,ZAR
4500008359,AN,2025-10-17T00:00:00,0001000045,Z100,Z02,ZAR
4500008360,AN,2026-01-17T00:00:00,0001000001,Z100,Z02,ZAR
4500008361,AN,2025-11-06T00:00:00,0001000001,Z100,Z01,ZAR
4500008362,ZDOM,2026-01-31T00:00:00,0001000005,Z100,Z01,ZAR
4500008363,ZDOM,2025-11-14T00:00:00,0001000027,Z100,Z02,ZAR
4500008364,WK,2026-03-06T00:00:00,0001000027,Z100,Z03,ZAR
4500008365,WK,2026-07-06T00:00:00,0001000033,Z100,Z02,ZAR
4500008366,AN,2026-05-27T00:00:00,0001000011,Z100,Z03,ZAR
4500008367,ZDOM,2026-07-06T00:00:00,0001000003,Z100,Z02,ZAR
4500008368,ZDOM,2026-05-22T00:00:00,0001000003,Z100,Z01,ZAR
4500008369,WK,2026-05-05T00:00:00,0001000003,Z100,Z02,ZAR
4500008370,WK,2026-04-19T00:00:00,0001000041,Z100,Z03,ZAR
4500008371,ZDOM,2025-10-27T00:00:00,0001000041,Z100,Z03,ZAR
4500008372,WK,2025-09-06T00:00:00,0001000025,Z100,Z01,ZAR
4500008373,ZDOM,2026-01-06T00:00:00,0001000023,Z100,Z03,ZAR
4500008374,WK,2025-08-31T00:00:00,0001000023,Z100,Z02,ZAR
4500008375,AN,2025-09-09T00:00:00,0001000005,Z100,Z02,ZAR
4500008376,AN,2025-12-08T00:00:00,0001000005,Z100,Z03,ZAR
4500008377,WK,2025-09-28T00:00:00,0001000005,Z100,Z01,ZAR
4500008378,AN,2026-04-11T00:00:00,0001000005,Z100,Z03,ZAR
4500008379,ZDOM,2025-10-19T00:00:00,0001000005,Z100,Z01,ZAR
4500008380,AN,2026-06-01T00:00:00,0001000057,Z100,Z02,ZAR
4500008381,ZDOM,2025-10-15T00:00:00,0001000057,Z100,Z03,ZAR
4500008382,ZDOM,2025-11-19T00:00:00,0001000025,Z100,Z03,ZAR
4500008383,WK,2025-06-03T00:00:00,0001000025,Z100,Z03,ZAR
4500008384,ZDOM,2025-12-24T00:00:00,0001000047,Z100,Z02,ZAR
4500008385,ZDOM,2025-11-10T00:00:00,0001000034,Z100,Z01,ZAR
4500008386,ZDOM,2026-03-11T00:00:00,0001000034,Z100,Z01,ZAR
4500008387,ZDOM,2026-04-06T00:00:00,0001000042,Z100,Z01,ZAR
4500008388,AN,2026-04-06T00:00:00,0001000031,Z100,Z03,ZAR
4500008389,WK,2026-06-27T00:00:00,0001000031,Z100,Z03,ZAR
4500008390,ZDOM,2025-11-30T00:00:00,0001000014,Z100,Z01,ZAR
4500008391,WK,2025-09-16T00:00:00,0001000031,Z100,Z03,ZAR
4500008392,WK,2025-12-28T00:00:00,0001000038,Z100,Z02,ZAR
4500008393,ZDOM,2025-12-08T00:00:00,0001000038,Z100,Z03,ZAR
4500008394,WK,2025-10-12T00:00:00,0001000006,Z100,Z02,ZAR
4500008395,AN,2026-07-10T00:00:00,0001000038,Z100,Z02,ZAR
4500008396,ZDOM,2026-05-13T00:00:00,0001000046,Z100,Z01,ZAR
4500008397,WK,2026-05-13T00:00:00,0001000046,Z100,Z02,ZAR
4500008398,AN,2026-02-24T00:00:00,0001000043,Z100,Z03,ZAR
4500008399,ZDOM,2025-07-23T00:00:00,0001000029,Z100,Z02,ZAR
4500008400,ZDOM,2025-08-14T00:00:00,0001000029,Z100,Z03,ZAR
4500008401,WK,2025-11-21T00:00:00,0001000029,Z100,Z02,ZAR
4500008402,AN,2025-11-26T00:00:00,0001000055,Z100,Z01,ZAR
4500008403,AN,2025-09-15T00:00:00,0001000055,Z100,Z01,ZAR
4500008404,WK,2025-11-23T00:00:00,0001000055,Z100,Z02,ZAR
4500008405,WK,2025-06-16T00:00:00,0001000055,Z100,Z02,ZAR
4500008406,ZDOM,2025-07-01T00:00:00,0001000055,Z100,Z02,ZAR
4500008407,WK,2025-07-09T00:00:00,0001000055,Z100,Z01,ZAR
4500008408,AN,2026-02-11T00:00:00,0001000026,Z100,Z01,ZAR
4500008409,WK,2026-06-21T00:00:00,0001000026,Z100,Z03,ZAR
4500008410,AN,2026-01-13T00:00:00,0001000026,Z100,Z03,ZAR
4500008411,ZDOM,2026-01-12T00:00:00,0001000026,Z100,Z03,ZAR
4500008412,WK,2025-12-22T00:00:00,0001000003,Z100,Z02,ZAR
4500008413,ZDOM,2026-05-26T00:00:00,0001000058,Z100,Z02,ZAR
4500008414,WK,2025-12-31T00:00:00,0001000058,Z100,Z01,ZAR
4500008415,AN,2026-02-02T00:00:00,0001000058,Z100,Z02,ZAR
4500008416,ZDOM,2026-07-28T00:00:00,0001000058,Z100,Z03,ZAR
4500008417,AN,2025-12-26T00:00:00,0001000058,Z100,Z03,ZAR
4500008418,ZDOM,2026-02-11T00:00:00,0001000058,Z100,Z03,ZAR
4500008419,AN,2025-11-02T00:00:00,0001000009,Z100,Z02,ZAR
4500008420,AN,2025-09-25T00:00:00,0001000009,Z100,Z01,ZAR
4500008421,WK,2025-12-01T00:00:00,0001000051,Z100,Z03,ZAR
4500008422,ZDOM,2026-01-13T00:00:00,0001000051,Z100,Z02,ZAR
4500008423,AN,2026-01-28T00:00:00,0001000049,Z100,Z03,ZAR
4500008424,ZDOM,2025-12-10T00:00:00,0001000003,Z100,Z03,ZAR
4500008425,WK,2026-01-07T00:00:00,0001000039,Z100,Z01,ZAR
4500008426,ZDOM,2025-11-25T00:00:00,0001000039,Z100,Z03,ZAR
4500008427,AN,2026-06-10T00:00:00,0001000039,Z100,Z02,ZAR
4500008428,WK,2025-10-26T00:00:00,0001000039,Z100,Z02,ZAR
4500008429,ZDOM,2026-06-19T00:00:00,0001000051,Z100,Z03,ZAR
4500008430,WK,2026-04-29T00:00:00,0001000051,Z100,Z03,ZAR
4500008431,WK,2026-04-16T00:00:00,0001000014,Z100,Z03,ZAR
4500008432,WK,2026-01-25T00:00:00,0001000014,Z100,Z03,ZAR
4500008433,WK,2026-04-13T00:00:00,0001000014,Z100,Z01,ZAR
4500008434,ZDOM,2025-10-09T00:00:00,0001000014,Z100,Z02,ZAR
4500008435,AN,2026-06-20T00:00:00,0001000014,Z100,Z03,ZAR
4500008436,AN,2025-10-30T00:00:00,0001000014,Z100,Z01,ZAR
4500008437,AN,2025-12-04T00:00:00,0001000059,Z100,Z01,ZAR
4500008438,WK,2025-12-27T00:00:00,0001000059,Z100,Z01,ZAR
4500008439,WK,2025-12-06T00:00:00,0001000059,Z100,Z02,ZAR
4500008440,ZDOM,2025-12-10T00:00:00,0001000059,Z100,Z03,ZAR
4500008441,ZDOM,2026-02-03T00:00:00,0001000059,Z100,Z01,ZAR
4500008442,ZDOM,2026-01-05T00:00:00,0001000055,Z100,Z02,ZAR
4500008443,AN,2025-11-22T00:00:00,0001000055,Z100,Z03,ZAR
4500008444,AN,2026-05-05T00:00:00,0001000006,Z100,Z03,ZAR
4500008445,AN,2026-03-01T00:00:00,0001000006,Z100,Z03,ZAR
4500008446,ZDOM,2025-12-15T00:00:00,0001000047,Z100,Z02,ZAR
4500008447,WK,2026-01-11T00:00:00,0001000047,Z100,Z01,ZAR
4500008448,ZDOM,2026-02-07T00:00:00,0001000047,Z100,Z03,ZAR
4500008449,AN,2026-04-26T00:00:00,0001000047,Z100,Z01,ZAR
4500008450,ZDOM,2025-11-24T00:00:00,0001000047,Z100,Z02,ZAR
4500008451,WK,2025-12-10T00:00:00,0001000047,Z100,Z02,ZAR
4500008452,WK,2026-01-16T00:00:00,0001000041,Z100,Z01,ZAR
4500008453,AN,2026-01-28T00:00:00,0001000041,Z100,Z03,ZAR
4500008454,WK,2026-02-17T00:00:00,0001000053,Z100,Z03,ZAR
4500008455,AN,2025-12-29T00:00:00,0001000053,Z100,Z02,ZAR
4500008456,WK,2026-01-01T00:00:00,0001000006,Z100,Z03,ZAR
4500008457,WK,2026-03-09T00:00:00,0001000006,Z100,Z03,ZAR
4500008458,WK,2025-12-29T00:00:00,0001000006,Z100,Z02,ZAR
4500008459,AN,2025-11-18T00:00:00,0001000025,Z100,Z03,ZAR
4500008460,AN,2025-11-18T00:00:00,0001000025,Z100,Z03,ZAR
4500008461,AN,2026-02-21T00:00:00,0001000025,Z100,Z01,ZAR
4500008462,WK,2026-05-02T00:00:00,0001000002,Z100,Z03,ZAR
4500008463,WK,2026-04-07T00:00:00,0001000002,Z100,Z03,ZAR
4500008464,ZDOM,2026-06-23T00:00:00,0001000057,Z100,Z02,ZAR
4500008465,ZDOM,2025-09-30T00:00:00,0001000057,Z100,Z02,ZAR
4500008466,AN,2026-06-18T00:00:00,0001000023,Z100,Z03,ZAR
4500008467,WK,2026-05-02T00:00:00,0001000001,Z100,Z02,ZAR
4500008468,WK,2025-10-09T00:00:00,0001000001,Z100,Z01,ZAR
4500008469,WK,2026-01-14T00:00:00,0001000001,Z100,Z01,ZAR
4500008470,WK,2026-01-12T00:00:00,0001000001,Z100,Z01,ZAR
4500008471,ZDOM,2026-03-09T00:00:00,0001000001,Z100,Z01,ZAR
4500008472,AN,2026-04-22T00:00:00,0001000001,Z100,Z01,ZAR
4500008473,WK,2025-12-09T00:00:00,0001000035,Z100,Z01,ZAR
4500008474,WK,2026-03-04T00:00:00,0001000022,Z100,Z01,ZAR
4500008475,WK,2025-09-05T00:00:00,0001000027,Z100,Z03,ZAR
4500008476,AN,2025-10-11T00:00:00,0001000027,Z100,Z02,ZAR
4500008477,ZDOM,2025-11-05T00:00:00,0001000022,Z100,Z02,ZAR
4500008478,AN,2026-02-15T00:00:00,0001000022,Z100,Z01,ZAR
4500008479,AN,2026-01-25T00:00:00,0001000022,Z100,Z02,ZAR
4500008480,AN,2026-05-07T00:00:00,0001000022,Z100,Z01,ZAR
4500008481,AN,2025-11-29T00:00:00,0001000022,Z100,Z03,ZAR
4500008482,AN,2025-09-16T00:00:00,0001000059,Z100,Z03,ZAR
4500008483,WK,2026-03-22T00:00:00,0001000049,Z100,Z02,ZAR
4500008484,ZDOM,2026-02-02T00:00:00,0001000009,Z100,Z01,ZAR
4500008485,ZREP,2026-07-10T00:00:00,0001000028,Z100,Z02,ZAR
4500008486,ZREP,2026-03-29T00:00:00,0001000036,Z100,Z01,ZAR
4500008487,ZREP,2026-08-15T00:00:00,0001000004,Z100,Z03,ZAR
4500008488,ZREP,2026-05-05T00:00:00,0001000028,Z100,Z03,ZAR
4500008489,ZREP,2026-07-12T00:00:00,0001000028,Z100,Z01,ZAR
4500008490,ZREP,2026-05-09T00:00:00,0001000008,Z100,Z01,ZAR
4500008491,ZREP,2026-08-04T00:00:00,0001000036,Z100,Z01,ZAR
4500008492,ZREP,2026-09-02T00:00:00,0001000044,Z100,Z03,ZAR
4500008493,ZREP,2026-06-16T00:00:00,0001000032,Z100,Z03,ZAR
4500008494,ZREP,2026-05-16T00:00:00,0001000040,Z100,Z02,ZAR
4500008495,ZREP,2026-07-18T00:00:00,0001000028,Z100,Z01,ZAR
4500008496,ZREP,2026-07-09T00:00:00,0001000040,Z100,Z01,ZAR
4500008497,ZREP,2026-04-25T00:00:00,0001000044,Z100,Z02,ZAR
4500008498,ZREP,2026-01-07T00:00:00,0001000004,Z100,Z03,ZAR
4500008499,ZREP,2026-03-06T00:00:00,0001000008,Z100,Z02,ZAR
4500008500,ZDOM,2026-08-20T00:00:00,0001000032,Z100,Z02,ZAR
4500008501,ZREP,2026-07-24T00:00:00,0001000020,Z100,Z01,ZAR
4500008502,ZREP,2026-07-27T00:00:00,0001000000,Z100,Z02,ZAR
4500008503,ZDOM,2025-12-27T00:00:00,0001000040,Z100,Z02,ZAR
4500008504,ZREP,2026-09-04T00:00:00,0001000056,Z100,Z03,ZAR
4500008505,ZREP,2026-08-22T00:00:00,0001000012,Z100,Z03,ZAR
4500008506,ZREP,2026-03-20T00:00:00,0001000012,Z100,Z01,ZAR
4500008507,ZREP,2026-06-28T00:00:00,0001000028,Z100,Z03,ZAR
4500008508,WK,2026-07-01T00:00:00,0001000020,Z100,Z01,ZAR
4500008509,WK,2025-12-02T00:00:00,0001000024,Z100,Z03,ZAR
4500008510,ZREP,2026-05-07T00:00:00,0001000000,Z100,Z02,ZAR
4500008511,ZREP,2026-05-04T00:00:00,0001000020,Z100,Z03,ZAR
4500008512,ZREP,2026-02-26T00:00:00,0001000024,Z100,Z02,ZAR
4500008513,ZREP,2026-07-06T00:00:00,0001000004,Z100,Z03,ZAR
4500008514,ZREP,2026-07-07T00:00:00,0001000044,Z100,Z02,ZAR
4500008515,ZREP,2026-04-29T00:00:00,0001000012,Z100,Z01,ZAR
4500008516,ZREP,2026-07-27T00:00:00,0001000028,Z100,Z02,ZAR
4500008517,ZREP,2026-01-11T00:00:00,0001000040,Z100,Z01,ZAR
4500008518,ZREP,2026-06-16T00:00:00,0001000012,Z100,Z01,ZAR
4500008519,ZREP,2026-03-01T00:00:00,0001000004,Z100,Z01,ZAR
4500008520,ZREP,2026-08-05T00:00:00,0001000040,Z100,Z01,ZAR
4500008521,ZREP,2026-04-25T00:00:00,0001000052,Z100,Z01,ZAR
4500008522,ZREP,2026-09-01T00:00:00,0001000016,Z100,Z03,ZAR
4500008523,AN,2026-07-22T00:00:00,0001000048,Z100,Z02,ZAR
4500008524,ZREP,2026-07-09T00:00:00,0001000000,Z100,Z03,ZAR
4500008525,ZREP,2026-05-28T00:00:00,0001000028,Z100,Z02,ZAR
4500008526,ZREP,2026-05-24T00:00:00,0001000048,Z100,Z02,ZAR
4500008527,ZREP,2025-10-25T00:00:00,0001000036,Z100,Z03,ZAR
4500008528,ZREP,2026-08-28T00:00:00,0001000056,Z100,Z02,ZAR
4500008529,ZREP,2026-06-19T00:00:00,0001000024,Z100,Z02,ZAR
4500008530,ZREP,2026-05-19T00:00:00,0001000036,Z100,Z03,ZAR
4500008531,ZDOM,2026-03-14T00:00:00,0001000020,Z100,Z01,ZAR
4500008532,WK,2026-06-29T00:00:00,0001000000,Z100,Z01,ZAR
4500008533,ZREP,2026-05-03T00:00:00,0001000044,Z100,Z01,ZAR
4500008534,ZREP,2026-06-01T00:00:00,0001000000,Z100,Z03,ZAR
4500008535,ZREP,2026-05-28T00:00:00,0001000040,Z100,Z02,ZAR
4500008536,ZREP,2025-12-03T00:00:00,0001000000,Z100,Z01,ZAR
4500008537,ZREP,2025-11-05T00:00:00,0001000040,Z100,Z03,ZAR
4500008538,ZREP,2026-07-14T00:00:00,0001000052,Z100,Z02,ZAR
4500008539,ZREP,2026-08-30T00:00:00,0001000004,Z100,Z02,ZAR
4500008540,ZREP,2026-08-10T00:00:00,0001000052,Z100,Z02,ZAR
4500008541,ZREP,2026-07-29T00:00:00,0001000032,Z100,Z03,ZAR
4500008542,ZREP,2026-05-22T00:00:00,0001000048,Z100,Z03,ZAR
4500008543,ZDOM,2026-05-19T00:00:00,0001000036,Z100,Z01,ZAR
4500008544,ZREP,2026-06-02T00:00:00,0001000040,Z100,Z02,ZAR
4500008545,ZREP,2026-07-31T00:00:00,0001000020,Z100,Z02,ZAR
4500008546,ZREP,2026-03-30T00:00:00,0001000000,Z100,Z02,ZAR
4500008547,ZREP,2026-06-14T00:00:00,0001000028,Z100,Z01,ZAR
4500008548,ZREP,2026-08-22T00:00:00,0001000000,Z100,Z01,ZAR
4500008549,ZREP,2025-11-15T00:00:00,0001000016,Z100,Z03,ZAR
4500008550,AN,2026-08-15T00:00:00,0001000036,Z100,Z03,ZAR
4500008551,ZREP,2026-08-10T00:00:00,0001000020,Z100,Z01,ZAR
4500008552,ZREP,2026-07-13T00:00:00,0001000040,Z100,Z02,ZAR
4500008553,ZREP,2026-08-15T00:00:00,0001000036,Z100,Z03,ZAR
4500008554,ZREP,2026-08-01T00:00:00,0001000000,Z100,Z03,ZAR
4500008555,ZREP,2026-03-23T00:00:00,0001000004,Z100,Z01,ZAR
4500008556,ZREP,2026-08-30T00:00:00,0001000040,Z100,Z01,ZAR
4500008557,ZREP,2026-06-10T00:00:00,0001000052,Z100,Z03,ZAR
4500008558,ZREP,2026-03-28T00:00:00,0001000036,Z100,Z02,ZAR
4500008559,ZREP,2026-04-04T00:00:00,0001000056,Z100,Z01,ZAR
4500008560,ZREP,2026-08-13T00:00:00,0001000048,Z100,Z03,ZAR
4500008561,ZREP,2026-01-26T00:00:00,0001000052,Z100,Z03,ZAR
4500008562,ZREP,2026-08-14T00:00:00,0001000012,Z100,Z02,ZAR
4500008563,ZREP,2026-08-12T00:00:00,0001000056,Z100,Z02,ZAR
4500008564,ZREP,2026-01-17T00:00:00,0001000004,Z100,Z02,ZAR
4500008565,ZREP,2026-06-11T00:00:00,0001000032,Z100,Z02,ZAR
4500008566,ZREP,2026-03-22T00:00:00,0001000012,Z100,Z02,ZAR
4500008567,ZREP,2026-09-01T00:00:00,0001000052,Z100,Z03,ZAR
4500008568,ZREP,2026-07-20T00:00:00,0001000016,Z100,Z03,ZAR
4500008569,ZREP,2026-08-05T00:00:00,0001000024,Z100,Z01,ZAR
4500008570,ZREP,2026-06-07T00:00:00,0001000036,Z100,Z01,ZAR
4500008571,ZREP,2026-05-04T00:00:00,0001000040,Z100,Z02,ZAR
4500008572,ZREP,2026-07-16T00:00:00,0001000048,Z100,Z02,ZAR
4500008573,ZREP,2026-08-27T00:00:00,0001000008,Z100,Z02,ZAR
4500008574,ZREP,2026-08-23T00:00:00,0001000056,Z100,Z01,ZAR
4500008575,ZREP,2026-08-15T00:00:00,0001000048,Z100,Z03,ZAR
4500008576,ZREP,2026-07-22T00:00:00,0001000020,Z100,Z03,ZAR
4500008577,ZREP,2026-04-29T00:00:00,0001000032,Z100,Z02,ZAR
4500008578,ZREP,2026-08-30T00:00:00,0001000016,Z100,Z02,ZAR
4500008579,ZREP,2026-04-30T00:00:00,0001000008,Z100,Z03,ZAR
4500008580,ZREP,2026-02-28T00:00:00,0001000004,Z100,Z02,ZAR
4500008581,ZREP,2026-07-13T00:00:00,0001000032,Z100,Z03,ZAR
4500008582,ZREP,2026-05-28T00:00:00,0001000056,Z100,Z03,ZAR
4500008583,WK,2026-08-12T00:00:00,0001000032,Z100,Z02,ZAR
4500008584,ZREP,2026-06-07T00:00:00,0001000040,Z100,Z01,ZAR
4500008585,ZREP,2026-02-24T00:00:00,0001000040,Z100,Z01,ZAR
4500008586,ZDOM,2026-04-17T00:00:00,0001000048,Z100,Z03,ZAR
4500008587,ZREP,2026-07-01T00:00:00,0001000008,Z100,Z03,ZAR
4500008588,ZREP,2026-07-12T00:00:00,0001000044,Z100,Z01,ZAR
4500008589,ZREP,2026-09-04T00:00:00,0001000056,Z100,Z01,ZAR
4500008590,ZREP,2025-10-16T00:00:00,0001000052,Z100,Z03,ZAR
4500008591,ZREP,2026-04-25T00:00:00,0001000044,Z100,Z01,ZAR
4500008592,ZREP,2026-01-31T00:00:00,0001000040,Z100,Z02,ZAR
4500008593,ZREP,2026-09-07T00:00:00,0001000020,Z100,Z01,ZAR
4500008594,ZREP,2026-08-17T00:00:00,0001000020,Z100,Z01,ZAR
4500008595,ZREP,2026-06-13T00:00:00,0001000056,Z100,Z03,ZAR
4500008596,ZREP,2026-08-25T00:00:00,0001000028,Z100,Z02,ZAR
4500008597,AN,2026-03-03T00:00:00,0001000056,Z100,Z03,ZAR
4500008598,ZREP,2026-01-22T00:00:00,0001000044,Z100,Z03,ZAR
4500008599,ZREP,2026-03-15T00:00:00,0001000016,Z100,Z03,ZAR
4500008600,ZREP,2026-08-21T00:00:00,0001000004,Z100,Z02,ZAR
4500008601,AN,2026-07-21T00:00:00,0001000004,Z100,Z02,ZAR
4500008602,ZREP,2026-01-07T00:00:00,0001000056,Z100,Z02,ZAR
4500008603,ZREP,2026-09-06T00:00:00,0001000004,Z100,Z02,ZAR
4500008604,ZREP,2026-06-18T00:00:00,0001000012,Z100,Z03,ZAR
4500008605,ZREP,2026-08-13T00:00:00,0001000016,Z100,Z02,ZAR
4500008606,ZREP,2026-01-17T00:00:00,0001000024,Z100,Z02,ZAR
4500008607,ZREP,2026-06-26T00:00:00,0001000020,Z100,Z03,ZAR
4500008608,ZREP,2025-12-15T00:00:00,0001000000,Z100,Z02,ZAR
4500008609,ZREP,2026-08-26T00:00:00,0001000048,Z100,Z02,ZAR
4500008610,ZREP,2026-01-18T00:00:00,0001000028,Z100,Z01,ZAR
4500008611,ZREP,2026-05-05T00:00:00,0001000008,Z100,Z03,ZAR
4500008612,ZDOM,2026-04-11T00:00:00,0001000056,Z100,Z02,ZAR
4500008613,ZREP,2026-09-06T00:00:00,0001000020,Z100,Z01,ZAR
4500008614,ZREP,2026-08-30T00:00:00,0001000056,Z100,Z02,ZAR
4500008615,ZREP,2026-03-23T00:00:00,0001000020,Z100,Z01,ZAR
4500008616,ZREP,2026-04-12T00:00:00,0001000024,Z100,Z02,ZAR
4500008617,ZREP,2026-04-20T00:00:00,0001000028,Z100,Z01,ZAR
4500008618,ZREP,2026-08-18T00:00:00,0001000004,Z100,Z01,ZAR
4500008619,ZREP,2026-04-26T00:00:00,0001000012,Z100,Z02,ZAR
4500008620,WK,2026-06-21T00:00:00,0001000016,Z100,Z02,ZAR
4500008621,ZREP,2026-08-29T00:00:00,0001000020,Z100,Z03,ZAR
4500008622,ZREP,2026-02-08T00:00:00,0001000044,Z100,Z03,ZAR
4500008623,ZREP,2026-07-29T00:00:00,0001000024,Z100,Z02,ZAR
4500008624,ZREP,2026-09-01T00:00:00,0001000032,Z100,Z02,ZAR
4500008625,ZREP,2025-12-07T00:00:00,0001000016,Z100,Z01,ZAR
4500008626,ZDOM,2025-11-25T00:00:00,0001000000,Z100,Z01,ZAR
4500008627,ZREP,2025-12-26T00:00:00,0001000000,Z100,Z01,ZAR
4500008628,ZREP,2026-01-08T00:00:00,0001000048,Z100,Z01,ZAR
4500008629,ZREP,2026-07-05T00:00:00,0001000028,Z100,Z01,ZAR
4500008630,ZREP,2026-05-03T00:00:00,0001000008,Z100,Z01,ZAR
4500008631,ZREP,2026-05-24T00:00:00,0001000024,Z100,Z02,ZAR
4500008632,WK,2026-07-18T00:00:00,0001000028,Z100,Z01,ZAR
4500008633,ZREP,2025-12-21T00:00:00,0001000008,Z100,Z01,ZAR
4500008634,ZREP,2025-11-24T00:00:00,0001000048,Z100,Z02,ZAR
4500008635,ZDOM,2026-05-05T00:00:00,0001000040,Z100,Z02,ZAR
4500008636,ZREP,2026-01-24T00:00:00,0001000028,Z100,Z01,ZAR
4500008637,ZREP,2025-12-21T00:00:00,0001000040,Z100,Z03,ZAR
4500008638,ZREP,2026-08-24T00:00:00,0001000036,Z100,Z03,ZAR
4500008639,ZREP,2026-08-29T00:00:00,0001000016,Z100,Z02,ZAR
4500008640,ZREP,2026-03-27T00:00:00,0001000040,Z100,Z03,ZAR
4500008641,ZREP,2026-03-05T00:00:00,0001000000,Z100,Z01,ZAR
4500008642,ZREP,2025-11-29T00:00:00,0001000000,Z100,Z03,ZAR
4500008643,ZREP,2026-03-21T00:00:00,0001000016,Z100,Z01,ZAR
4500008644,ZREP,2026-01-09T00:00:00,0001000016,Z100,Z02,ZAR
4500008645,ZREP,2026-06-20T00:00:00,0001000012,Z100,Z03,ZAR
4500008646,ZREP,2026-07-05T00:00:00,0001000008,Z100,Z01,ZAR
4500008647,ZREP,2026-03-07T00:00:00,0001000036,Z100,Z01,ZAR
4500008648,ZREP,2026-08-29T00:00:00,0001000056,Z100,Z01,ZAR
4500008649,ZREP,2026-05-08T00:00:00,0001000040,Z100,Z02,ZAR
4500008650,ZREP,2026-07-21T00:00:00,0001000012,Z100,Z03,ZAR
4500008651,ZREP,2026-08-24T00:00:00,0001000040,Z100,Z01,ZAR
4500008652,ZREP,2026-04-15T00:00:00,0001000052,Z100,Z01,ZAR
4500008653,ZREP,2026-02-23T00:00:00,0001000012,Z100,Z02,ZAR
4500008654,ZREP,2026-05-21T00:00:00,0001000032,Z100,Z01,ZAR
4500008655,WK,2026-04-21T00:00:00,0001000044,Z100,Z03,ZAR
4500008656,ZREP,2025-11-19T00:00:00,0001000016,Z100,Z01,ZAR
4500008657,ZREP,2026-09-02T00:00:00,0001000016,Z100,Z02,ZAR
4500008658,ZREP,2026-01-18T00:00:00,0001000056,Z100,Z01,ZAR
4500008659,ZREP,2026-07-25T00:00:00,0001000052,Z100,Z03,ZAR
4500008660,ZREP,2026-05-08T00:00:00,0001000008,Z100,Z02,ZAR
4500008661,ZREP,2026-07-22T00:00:00,0001000024,Z100,Z01,ZAR
4500008662,WK,2026-04-21T00:00:00,0001000036,Z100,Z02,ZAR
4500008663,ZREP,2026-02-21T00:00:00,0001000024,Z100,Z03,ZAR
4500008664,ZREP,2026-04-27T00:00:00,0001000024,Z100,Z03,ZAR
4500008665,ZREP,2026-05-01T00:00:00,0001000024,Z100,Z02,ZAR
4500008666,ZREP,2026-07-04T00:00:00,0001000048,Z100,Z03,ZAR
4500008667,ZREP,2026-09-03T00:00:00,0001000052,Z100,Z03,ZAR
4500008668,ZREP,2026-02-17T00:00:00,0001000036,Z100,Z02,ZAR
4500008669,ZREP,2026-04-29T00:00:00,0001000032,Z100,Z01,ZAR
4500008670,ZREP,2026-03-30T00:00:00,0001000044,Z100,Z03,ZAR
4500008671,ZREP,2026-05-26T00:00:00,0001000040,Z100,Z02,ZAR
4500008672,ZREP,2026-06-26T00:00:00,0001000036,Z100,Z01,ZAR
4500008673,ZREP,2026-07-01T00:00:00,0001000008,Z100,Z03,ZAR
4500008674,ZREP,2026-05-29T00:00:00,0001000036,Z100,Z03,ZAR
4500008675,ZREP,2026-03-30T00:00:00,0001000040,Z100,Z01,ZAR
4500008676,ZREP,2026-01-27T00:00:00,0001000036,Z100,Z03,ZAR
4500008677,WK,2026-04-18T00:00:00,0001000032,Z100,Z03,ZAR
4500008678,ZREP,2026-07-12T00:00:00,0001000040,Z100,Z01,ZAR
4500008679,ZREP,2026-07-09T00:00:00,0001000000,Z100,Z01,ZAR
4500008680,AN,2026-04-28T00:00:00,0001000036,Z100,Z02,ZAR
4500008681,ZDOM,2025-12-13T00:00:00,0001000036,Z100,Z03,ZAR
4500008682,ZREP,2026-09-05T00:00:00,0001000008,Z100,Z02,ZAR
4500008683,ZREP,2026-05-30T00:00:00,0001000040,Z100,Z02,ZAR
4500008684,ZREP,2026-05-02T00:00:00,0001000004,Z100,Z03,ZAR
4500008685,ZREP,2026-07-02T00:00:00,0001000024,Z100,Z03,ZAR
4500008686,ZREP,2026-05-14T00:00:00,0001000020,Z100,Z02,ZAR
4500008687,ZREP,2026-08-02T00:00:00,0001000016,Z100,Z02,ZAR
4500008688,ZDOM,2026-03-09T00:00:00,0001000044,Z100,Z01,ZAR
4500008689,ZREP,2026-06-15T00:00:00,0001000052,Z100,Z01,ZAR
4500008690,ZREP,2026-04-19T00:00:00,0001000044,Z100,Z02,ZAR
4500008691,ZREP,2026-08-14T00:00:00,0001000048,Z100,Z03,ZAR
4500008692,ZREP,2025-12-03T00:00:00,0001000044,Z100,Z03,ZAR
4500008693,ZREP,2026-08-26T00:00:00,0001000016,Z100,Z02,ZAR
4500008694,ZDOM,2026-07-18T00:00:00,0001000012,Z100,Z03,ZAR
4500008695,ZREP,2026-07-30T00:00:00,0001000016,Z100,Z01,ZAR
4500008696,ZREP,2026-03-25T00:00:00,0001000044,Z100,Z01,ZAR
4500008697,ZREP,2025-12-31T00:00:00,0001000024,Z100,Z02,ZAR
4500008698,WK,2026-08-05T00:00:00,0001000012,Z100,Z03,ZAR
4500008699,ZREP,2026-01-12T00:00:00,0001000028,Z100,Z03,ZAR
4500008700,ZREP,2026-01-04T00:00:00,0001000036,Z100,Z02,ZAR
4500008701,AN,2026-06-28T00:00:00,0001000028,Z100,Z02,ZAR
4500008702,AN,2026-01-15T00:00:00,0001000028,Z100,Z02,ZAR
4500008703,ZREP,2026-08-31T00:00:00,0001000028,Z100,Z02,ZAR
4500008704,AN,2026-01-17T00:00:00,0001000056,Z100,Z01,ZAR
4500008705,ZREP,2026-04-05T00:00:00,0001000008,Z100,Z02,ZAR
4500008706,ZREP,2025-12-12T00:00:00,0001000028,Z100,Z01,ZAR
4500008707,ZREP,2026-07-29T00:00:00,0001000024,Z100,Z02,ZAR
4500008708,ZREP,2026-06-18T00:00:00,0001000024,Z100,Z02,ZAR
4500008709,ZREP,2026-08-30T00:00:00,0001000032,Z100,Z01,ZAR
4500008710,ZREP,2026-05-02T00:00:00,0001000024,Z100,Z01,ZAR
4500008711,ZREP,2026-07-19T00:00:00,0001000000,Z100,Z03,ZAR
4500008712,ZREP,2026-05-27T00:00:00,0001000016,Z100,Z03,ZAR
4500008713,ZREP,2026-05-19T00:00:00,0001000028,Z100,Z02,ZAR
4500008714,ZREP,2026-03-05T00:00:00,0001000016,Z100,Z03,ZAR
4500008715,WK,2026-06-14T00:00:00,0001000020,Z100,Z02,ZAR
4500008716,ZREP,2026-08-10T00:00:00,0001000048,Z100,Z03,ZAR
4500008717,ZREP,2025-12-06T00:00:00,0001000016,Z100,Z02,ZAR
4500008718,WK,2026-05-28T00:00:00,0001000056,Z100,Z03,ZAR
4500008719,ZREP,2026-08-15T00:00:00,0001000056,Z100,Z03,ZAR
4500008720,WK,2026-06-02T00:00:00,0001000020,Z100,Z01,ZAR
4500008721,ZREP,2026-05-25T00:00:00,0001000044,Z100,Z01,ZAR
4500008722,ZREP,2026-08-28T00:00:00,0001000052,Z100,Z02,ZAR
4500008723,ZREP,2026-08-31T00:00:00,0001000048,Z100,Z02,ZAR
4500008724,ZREP,2026-01-11T00:00:00,0001000040,Z100,Z01,ZAR
4500008725,ZREP,2026-08-28T00:00:00,0001000016,Z100,Z01,ZAR
4500008726,ZREP,2026-06-19T00:00:00,0001000000,Z100,Z01,ZAR
4500008727,ZREP,2026-09-02T00:00:00,0001000024,Z100,Z03,ZAR
4500008728,ZREP,2026-07-17T00:00:00,0001000000,Z100,Z02,ZAR
4500008729,ZREP,2026-08-03T00:00:00,0001000016,Z100,Z02,ZAR
4500008730,ZREP,2026-08-30T00:00:00,0001000024,Z100,Z03,ZAR
4500008731,ZREP,2025-12-19T00:00:00,0001000012,Z100,Z01,ZAR
4500008732,ZREP,2026-07-10T00:00:00,0001000024,Z100,Z02,ZAR
4500008733,ZREP,2026-06-26T00:00:00,0001000044,Z100,Z02,ZAR
4500008734,ZREP,2026-08-02T00:00:00,0001000012,Z100,Z01,ZAR
4500008735,ZREP,2025-11-22T00:00:00,0001000044,Z100,Z02,ZAR
4500008736,ZREP,2026-04-29T00:00:00,0001000000,Z100,Z02,ZAR
4500008737,ZREP,2026-06-08T00:00:00,0001000024,Z100,Z01,ZAR
4500008738,ZREP,2026-07-16T00:00:00,0001000048,Z100,Z03,ZAR
4500008739,ZREP,2026-06-27T00:00:00,0001000000,Z100,Z02,ZAR
4500008740,ZDOM,2026-04-15T00:00:00,0001000056,Z100,Z02,ZAR
4500008741,ZREP,2026-07-26T00:00:00,0001000052,Z100,Z01,ZAR
4500008742,ZREP,2026-05-18T00:00:00,0001000056,Z100,Z02,ZAR
4500008743,ZREP,2026-05-12T00:00:00,0001000036,Z100,Z03,ZAR
4500008744,ZREP,2026-09-03T00:00:00,0001000024,Z100,Z01,ZAR
4500008745,ZREP,2026-02-28T00:00:00,0001000008,Z100,Z01,ZAR
4500008746,ZREP,2026-04-17T00:00:00,0001000008,Z100,Z03,ZAR
4500008747,ZREP,2026-06-15T00:00:00,0001000012,Z100,Z02,ZAR
4500008748,ZREP,2025-12-13T00:00:00,0001000028,Z100,Z01,ZAR
4500008749,ZREP,2026-06-20T00:00:00,0001000052,Z100,Z03,ZAR
4500008750,ZREP,2026-06-12T00:00:00,0001000056,Z100,Z03,ZAR
4500008751,ZREP,2026-05-10T00:00:00,0001000004,Z100,Z01,ZAR
4500008752,ZREP,2026-07-22T00:00:00,0001000048,Z100,Z03,ZAR
4500008753,ZREP,2026-08-03T00:00:00,0001000044,Z100,Z03,ZAR
4500008754,ZREP,2026-07-26T00:00:00,0001000012,Z100,Z02,ZAR
4500008755,ZREP,2026-07-03T00:00:00,0001000000,Z100,Z03,ZAR
4500008756,ZREP,2026-09-04T00:00:00,0001000000,Z100,Z03,ZAR
4500008757,ZREP,2025-12-26T00:00:00,0001000012,Z100,Z03,ZAR
4500008758,ZREP,2026-07-10T00:00:00,0001000052,Z100,Z02,ZAR
4500008759,ZREP,2026-01-06T00:00:00,0001000048,Z100,Z01,ZAR
4500008760,ZREP,2026-08-13T00:00:00,0001000052,Z100,Z03,ZAR
4500008761,ZREP,2026-04-15T00:00:00,0001000036,Z100,Z01,ZAR
4500008762,ZREP,2026-08-17T00:00:00,0001000008,Z100,Z01,ZAR
4500008763,ZREP,2026-08-04T00:00:00,0001000020,Z100,Z03,ZAR
4500008764,ZREP,2026-09-07T00:00:00,0001000032,Z100,Z03,ZAR
4500008765,ZREP,2026-06-30T00:00:00,0001000012,Z100,Z03,ZAR
4500008766,ZREP,2026-03-18T00:00:00,0001000012,Z100,Z01,ZAR
4500008767,AN,2026-04-26T00:00:00,0001000048,Z100,Z01,ZAR
4500008768,ZREP,2026-03-14T00:00:00,0001000052,Z100,Z01,ZAR
4500008769,ZREP,2026-04-11T00:00:00,0001000044,Z100,Z01,ZAR
4500008770,ZREP,2026-08-03T00:00:00,0001000036,Z100,Z01,ZAR
4500008771,ZREP,2026-01-01T00:00:00,0001000056,Z100,Z01,ZAR
4500008772,ZREP,2026-06-11T00:00:00,0001000056,Z100,Z01,ZAR
4500008773,ZREP,2026-07-06T00:00:00,0001000052,Z100,Z02,ZAR
4500008774,ZREP,2026-07-20T00:00:00,0001000052,Z100,Z02,ZAR
4500008775,ZREP,2026-05-16T00:00:00,0001000020,Z100,Z01,ZAR
4500008776,ZREP,2026-09-03T00:00:00,0001000052,Z100,Z03,ZAR
4500008777,ZREP,2026-05-04T00:00:00,0001000048,Z100,Z02,ZAR
4500008778,ZREP,2026-05-25T00:00:00,0001000044,Z100,Z03,ZAR
4500008779,ZREP,2026-03-18T00:00:00,0001000040,Z100,Z03,ZAR
4500008780,ZREP,2026-02-11T00:00:00,0001000016,Z100,Z03,ZAR
4500008781,ZREP,2026-06-02T00:00:00,0001000016,Z100,Z02,ZAR
4500008782,ZREP,2026-04-29T00:00:00,0001000024,Z100,Z02,ZAR
4500008783,ZREP,2025-12-25T00:00:00,0001000048,Z100,Z03,ZAR
4500008784,AN,2026-03-17T00:00:00,0001000048,Z100,Z02,ZAR
4500008785,WK,2025-12-19T00:00:00,0001000012,Z100,Z01,ZAR
4500008786,ZREP,2026-07-17T00:00:00,0001000004,Z100,Z01,ZAR
4500008787,ZREP,2026-09-03T00:00:00,0001000052,Z100,Z01,ZAR
4500008788,ZREP,2026-07-20T00:00:00,0001000004,Z100,Z01,ZAR
4500008789,ZREP,2026-04-16T00:00:00,0001000032,Z100,Z03,ZAR
4500008790,ZREP,2026-05-18T00:00:00,0001000044,Z100,Z01,ZAR
4500008791,WK,2026-05-15T00:00:00,0001000040,Z100,Z01,ZAR
4500008792,ZREP,2026-01-04T00:00:00,0001000016,Z100,Z01,ZAR
4500008793,AN,2026-03-15T00:00:00,0001000000,Z100,Z01,ZAR
4500008794,ZREP,2026-07-01T00:00:00,0001000028,Z100,Z01,ZAR
4500008795,ZREP,2026-08-21T00:00:00,0001000024,Z100,Z03,ZAR
4500008796,ZREP,2026-05-27T00:00:00,0001000056,Z100,Z01,ZAR
4500008797,ZREP,2026-04-29T00:00:00,0001000016,Z100,Z01,ZAR
4500008798,WK,2026-05-21T00:00:00,0001000024,Z100,Z02,ZAR
4500008799,ZREP,2026-06-13T00:00:00,0001000052,Z100,Z03,ZAR
4500008800,ZREP,2026-06-22T00:00:00,0001000024,Z100,Z03,ZAR
4500008801,ZREP,2026-03-15T00:00:00,0001000028,Z100,Z01,ZAR
4500008802,ZREP,2026-09-05T00:00:00,0001000052,Z100,Z03,ZAR
4500008803,ZREP,2026-02-13T00:00:00,0001000004,Z100,Z01,ZAR
4500008804,ZREP,2026-08-10T00:00:00,0001000040,Z100,Z02,ZAR
4500008805,ZREP,2025-10-28T00:00:00,0001000008,Z100,Z02,ZAR
