Rsnum,Rspos,Xloek,Kzear,Matnr,Werks,Lgort,Bdter,Bdmng,Meins,Enmng,Enwrt,Banfn,Bnfpo,Aufnr,Bwart,Umwrk,Umlgo,Wempf,Zzaisession
1000000000,0001,false,false,000000000030000000,4000,SP04,2026-02-21T00:00:00,2.000,EA,0.000,0.00,2000007762,00010,443349647,261,,,VZIREQ01,SESS-000001
1000000001,0001,false,true,000000000030000000,4000,SP04,2026-05-07T00:00:00,4.000,EA,3.000,372721.80,2000007763,00010,448335913,261,,,VZIREQ05,SESS-000002
1000000002,0001,false,false,000000000030000000,4000,SP04,2025-10-21T00:00:00,4.000,EA,0.000,0.00,2000007764,00010,449968340,261,,,VZIREQ02,SESS-000003
1000000003,0001,false,false,000000000030000000,1000,SP01,2026-05-22T00:00:00,3.000,EA,2.000,248481.20,2000007765,00010,412981819,261,,,VZIREQ02,SESS-000004
1000000004,0001,false,true,000000000030000001,1000,SP01,2026-02-26T00:00:00,2.000,EA,2.000,118408.74,2000007766,00010,411414982,261,,,VZIREQ04,SESS-000005
1000000005,0001,false,false,000000000030000001,1000,SP01,2025-12-17T00:00:00,3.000,EA,2.000,118408.74,2000007767,00010,412646257,261,,,VZIREQ02,SESS-000006
1000000006,0001,false,false,000000000030000002,3000,SP03,2025-12-14T00:00:00,4.000,EA,0.000,0.00,2000007768,00010,437583626,261,,,VZIREQ05,SESS-000007
1000000007,0001,false,false,000000000030000002,3000,SP03,2026-01-02T00:00:00,4.000,EA,2.000,48252.80,2000007769,00010,432956478,261,,,VZIREQ03,SESS-000008
1000000008,0001,false,true,000000000030000002,3000,SP03,2026-02-10T00:00:00,4.000,EA,2.000,48252.80,2000007770,00010,439272884,261,,,VZIREQ04,SESS-000009
1000000009,0001,false,false,000000000030000003,4000,SP04,2025-10-30T00:00:00,3.000,EA,0.000,0.00,2000007771,00010,448891716,261,,,VZIREQ03,SESS-000010
1000000010,0001,false,false,000000000030000003,1000,SP01,2026-03-22T00:00:00,4.000,EA,0.000,0.00,2000007772,00010,412941013,261,,,VZIREQ01,SESS-000011
1000000011,0001,false,false,000000000030000003,1000,SP01,2026-01-06T00:00:00,2.000,EA,0.000,0.00,2000007773,00010,419527811,261,,,VZIREQ01,SESS-000012
1000000012,0001,false,false,000000000030000003,1000,SP01,2026-05-27T00:00:00,1.000,EA,0.000,0.00,2000007774,00010,419052954,261,,,VZIREQ01,SESS-000013
1000000013,0001,false,false,000000000030000004,4000,SP04,2025-11-20T00:00:00,4.000,EA,2.000,238142.68,2000007775,00010,447429961,261,,,VZIREQ05,SESS-000014
1000000014,0001,false,false,000000000030000004,4000,SP04,2026-03-27T00:00:00,2.000,EA,0.000,0.00,2000007776,00010,441645905,261,,,VZIREQ02,SESS-000015
1000000015,0001,false,false,000000000030000004,4000,SP04,2026-05-01T00:00:00,3.000,EA,0.000,0.00,2000007777,00010,445093620,261,,,VZIREQ03,SESS-000016
1000000016,0001,false,false,000000000030000005,3000,SP03,2025-12-09T00:00:00,2.000,EA,0.000,0.00,2000007778,00010,435394474,261,,,VZIREQ01,SESS-000017
1000000017,0001,false,false,000000000030000005,3000,SP03,2026-05-28T00:00:00,1.000,EA,0.000,0.00,2000007779,00010,432341593,261,,,VZIREQ05,SESS-000018
1000000018,0001,false,false,000000000030000006,2000,SP02,2026-06-11T00:00:00,1.000,EA,0.000,0.00,2000007780,00010,421473447,261,,,VZIREQ03,SESS-000019
1000000019,0001,false,false,000000000030000007,1000,SP01,2026-03-21T00:00:00,3.000,EA,2.000,156162.08,2000007781,00010,419001978,261,,,VZIREQ02,SESS-000020
1000000020,0001,false,true,000000000030000007,1000,SP01,2026-03-23T00:00:00,2.000,EA,2.000,156162.08,2000007782,00010,418388416,261,,,VZIREQ05,SESS-000021
1000000021,0001,false,true,000000000030000007,1000,SP01,2025-08-30T00:00:00,1.000,EA,1.000,78081.04,2000007783,00010,414003632,261,,,VZIREQ03,SESS-000022
1000000022,0001,false,false,000000000030000008,3000,SP03,2025-11-26T00:00:00,1.000,EA,0.000,0.00,2000007784,00010,437348849,261,,,VZIREQ05,SESS-000023
1000000023,0001,false,false,000000000030000008,3000,SP03,2026-04-15T00:00:00,4.000,EA,2.000,301494.84,2000007785,00010,432974158,261,,,VZIREQ02,SESS-000024
1000000024,0001,false,true,000000000030000009,3000,SP03,2026-01-26T00:00:00,2.000,EA,2.000,692128.12,2000007786,00010,437158743,261,,,VZIREQ05,SESS-000025
1000000025,0001,false,false,000000000030000009,3000,SP03,2025-10-05T00:00:00,2.000,EA,0.000,0.00,2000007787,00010,439779288,261,,,VZIREQ02,SESS-000026
1000000026,0001,false,false,000000000030000009,3000,SP03,2026-07-01T00:00:00,3.000,EA,0.000,0.00,2000007788,00010,435628481,261,,,VZIREQ05,SESS-000027
1000000027,0001,false,false,000000000030000010,4000,SP04,2025-11-21T00:00:00,2.000,EA,0.000,0.00,2000007789,00010,447574878,261,,,VZIREQ03,SESS-000028
1000000028,0001,false,false,000000000030000010,4000,SP04,2025-08-22T00:00:00,4.000,EA,0.000,0.00,2000007790,00010,442342981,261,,,VZIREQ02,SESS-000029
1000000029,0001,false,false,000000000030000011,1000,SP01,2026-04-20T00:00:00,1.000,EA,0.000,0.00,2000007791,00010,412526156,261,,,VZIREQ01,SESS-000030
1000000030,0001,false,false,000000000030000011,1000,SP01,2026-02-10T00:00:00,2.000,EA,1.000,158542.96,2000007792,00010,411724842,261,,,VZIREQ01,SESS-000031
1000000031,0001,false,false,000000000030000011,1000,SP01,2026-07-12T00:00:00,4.000,EA,0.000,0.00,2000007793,00010,418942671,261,,,VZIREQ01,SESS-000032
1000000032,0001,false,true,000000000030000011,3000,SP03,2026-02-15T00:00:00,3.000,EA,3.000,475628.88,2000007794,00010,437274961,261,,,VZIREQ03,SESS-000033
1000000033,0001,false,true,000000000030000011,3000,SP03,2026-01-11T00:00:00,4.000,EA,4.000,634171.84,2000007795,00010,434780259,261,,,VZIREQ01,SESS-000034
1000000034,0001,false,true,000000000030000011,3000,SP03,2026-06-06T00:00:00,2.000,EA,1.000,158542.96,2000007796,00010,436295616,261,,,VZIREQ02,SESS-000035
1000000035,0001,false,true,000000000030000012,3000,SP03,2026-06-26T00:00:00,1.000,EA,1.000,15908.99,2000007797,00010,435457191,261,,,VZIREQ02,SESS-000036
1000000036,0001,false,true,000000000030000012,3000,SP03,2026-01-13T00:00:00,4.000,EA,4.000,63635.96,2000007798,00010,432863444,261,,,VZIREQ05,SESS-000037
1000000037,0001,false,true,000000000030000013,2000,SP02,2026-02-22T00:00:00,2.000,EA,2.000,26650.30,2000007799,00010,421222726,261,,,VZIREQ03,SESS-000038
1000000038,0001,false,true,000000000030000014,1000,SP01,2025-11-19T00:00:00,1.000,EA,1.000,120501.85,2000007800,00010,414075353,261,,,VZIREQ01,SESS-000039
1000000039,0001,false,false,000000000030000014,1000,SP01,2026-04-19T00:00:00,1.000,EA,0.000,0.00,2000007801,00010,417609294,261,,,VZIREQ04,SESS-000040
1000000040,0001,false,true,000000000030000014,1000,SP01,2026-01-30T00:00:00,4.000,EA,4.000,482007.40,2000007802,00010,416994803,261,,,VZIREQ02,
1000000041,0001,false,true,000000000030000015,3000,SP03,2026-02-28T00:00:00,1.000,EA,1.000,34024.15,2000007803,00010,434288968,261,,,VZIREQ02,SESS-000041
1000000042,0001,false,true,000000000030000015,3000,SP03,2026-01-17T00:00:00,3.000,EA,3.000,102072.45,2000007804,00010,435872783,261,,,VZIREQ03,SESS-000042
1000000043,0001,false,true,000000000030000016,3000,SP03,2026-06-04T00:00:00,3.000,EA,3.000,99383.43,2000007805,00010,433101023,261,,,VZIREQ05,SESS-000043
1000000044,0001,false,true,000000000030000016,1000,SP01,2025-12-16T00:00:00,3.000,EA,3.000,99383.43,2000007806,00010,417048473,261,,,VZIREQ02,
1000000045,0001,false,false,000000000030000016,1000,SP01,2026-03-11T00:00:00,2.000,EA,0.000,0.00,2000007807,00010,414858480,261,,,VZIREQ04,SESS-000044
1000000046,0001,false,false,000000000030000016,1000,SP01,2026-04-13T00:00:00,3.000,EA,0.000,0.00,2000007808,00010,417426970,261,,,VZIREQ05,SESS-000045
1000000047,0001,false,true,000000000030000017,3000,SP03,2026-08-09T00:00:00,2.000,EA,2.000,318132.16,2000007809,00010,434516659,261,,,VZIREQ01,SESS-000046
1000000048,0001,false,false,000000000030000018,4000,SP04,2026-03-12T00:00:00,3.000,EA,0.000,0.00,2000007810,00010,443368148,261,,,VZIREQ01,SESS-000047
1000000049,0001,false,true,000000000030000019,1000,SP01,2026-03-05T00:00:00,1.000,EA,1.000,45663.54,2000007811,00010,415376568,261,,,VZIREQ05,SESS-000048
1000000050,0001,false,false,000000000030000019,3000,SP03,2026-04-06T00:00:00,2.000,EA,1.000,45663.54,2000007812,00010,431855586,261,,,VZIREQ02,SESS-000049
1000000051,0001,false,true,000000000030000020,2000,SP02,2026-06-10T00:00:00,1.000,EA,1.000,505530.16,2000007813,00010,427595274,261,,,VZIREQ02,SESS-000050
1000000052,0001,false,true,000000000030000021,1000,SP01,2026-05-22T00:00:00,4.000,EA,4.000,180079.52,2000007814,00010,416435661,261,,,VZIREQ05,SESS-000051
1000000053,0001,false,false,000000000030000021,1000,SP01,2026-07-26T00:00:00,2.000,EA,1.000,45019.88,2000007815,00010,414822141,261,,,VZIREQ02,SESS-000052
1000000054,0001,false,false,000000000030000021,1000,SP01,2026-02-20T00:00:00,2.000,EA,0.000,0.00,2000007816,00010,415394216,261,,,VZIREQ01,SESS-000053
1000000055,0001,false,false,000000000030000021,4000,SP04,2026-01-12T00:00:00,1.000,EA,0.000,0.00,2000007817,00010,443424489,261,,,VZIREQ05,SESS-000054
1000000056,0001,false,false,000000000030000021,4000,SP04,2026-05-29T00:00:00,4.000,EA,0.000,0.00,2000007818,00010,444420157,261,,,VZIREQ02,SESS-000055
1000000057,0001,false,false,000000000030000022,4000,SP04,2026-04-10T00:00:00,1.000,EA,0.000,0.00,2000007819,00010,444858058,261,,,VZIREQ05,SESS-000056
1000000058,0001,false,false,000000000030000022,1000,SP01,2026-04-07T00:00:00,4.000,EA,0.000,0.00,2000007820,00010,417677247,261,,,VZIREQ01,SESS-000057
1000000059,0001,false,false,000000000030000022,1000,SP01,2026-07-02T00:00:00,3.000,EA,2.000,358728.44,2000007821,00010,416138034,261,,,VZIREQ05,SESS-000058
1000000060,0001,false,true,000000000030000022,1000,SP01,2026-01-01T00:00:00,4.000,EA,4.000,717456.88,2000007822,00010,412760238,261,,,VZIREQ03,SESS-000059
1000000061,0001,false,true,000000000030000023,1000,SP01,2026-05-05T00:00:00,2.000,EA,1.000,72184.91,2000007823,00010,413299738,261,,,VZIREQ05,SESS-000060
1000000062,0001,false,false,000000000030000023,1000,SP01,2025-11-11T00:00:00,1.000,EA,0.000,0.00,2000007824,00010,415403149,261,,,VZIREQ04,SESS-000061
1000000063,0001,false,false,000000000030000024,1000,SP01,2025-11-14T00:00:00,4.000,EA,2.000,26314.10,2000007825,00010,417778418,261,,,VZIREQ05,SESS-000062
1000000064,0001,false,false,000000000030000025,3000,SP03,2025-12-26T00:00:00,3.000,EA,0.000,0.00,2000007826,00010,438226498,261,,,VZIREQ03,SESS-000063
1000000065,0001,false,false,000000000030000025,3000,SP03,2026-06-27T00:00:00,2.000,EA,0.000,0.00,2000007827,00010,438198113,261,,,VZIREQ04,SESS-000064
1000000066,0001,false,false,000000000030000025,3000,SP03,2026-03-21T00:00:00,2.000,EA,0.000,0.00,2000007828,00010,435334999,261,,,VZIREQ02,SESS-000065
1000000067,0001,false,false,000000000030000026,3000,SP03,2026-03-04T00:00:00,1.000,EA,0.000,0.00,2000007829,00010,435307842,261,,,VZIREQ02,SESS-000066
1000000068,0001,false,false,000000000030000027,2000,SP02,2025-10-27T00:00:00,3.000,EA,0.000,0.00,2000007830,00010,422003229,261,,,VZIREQ02,SESS-000067
1000000069,0001,false,true,000000000030000027,4000,SP04,2026-04-20T00:00:00,1.000,EA,1.000,531364.03,2000007831,00010,442677517,261,,,VZIREQ03,SESS-000068
1000000070,0001,false,true,000000000030000027,4000,SP04,2026-04-23T00:00:00,1.000,EA,1.000,531364.03,2000007832,00010,442265061,261,,,VZIREQ05,SESS-000069
1000000071,0001,false,true,000000000030000028,1000,SP01,2025-12-13T00:00:00,4.000,EA,4.000,406432.52,2000007833,00010,412117326,261,,,VZIREQ03,SESS-000070
1000000072,0001,false,false,000000000030000028,4000,SP04,2025-09-19T00:00:00,1.000,EA,0.000,0.00,2000007834,00010,445356609,261,,,VZIREQ01,SESS-000071
1000000073,0001,false,true,000000000030000028,4000,SP04,2026-01-24T00:00:00,2.000,EA,2.000,203216.26,2000007835,00010,449380795,261,,,VZIREQ05,SESS-000072
1000000074,0001,false,false,000000000030000028,4000,SP04,2026-04-10T00:00:00,4.000,EA,0.000,0.00,2000007836,00010,442998628,261,,,VZIREQ04,SESS-000073
1000000075,0001,false,true,000000000030000029,1000,SP01,2025-11-14T00:00:00,1.000,EA,1.000,8402.88,2000007837,00010,412306601,261,,,VZIREQ04,SESS-000074
1000000076,0001,false,false,000000000030000029,1000,SP01,2025-12-09T00:00:00,2.000,EA,0.000,0.00,2000007838,00010,416238396,261,,,VZIREQ05,SESS-000075
1000000077,0001,false,false,000000000030000030,3000,SP03,2025-12-06T00:00:00,1.000,EA,0.000,0.00,2000007839,00010,433655579,261,,,VZIREQ01,SESS-000076
1000000078,0001,false,false,000000000030000030,3000,SP03,2026-08-23T00:00:00,2.000,EA,0.000,0.00,2000007840,00010,439590054,261,,,VZIREQ03,SESS-000077
1000000079,0001,false,false,000000000030000030,3000,SP03,2026-01-13T00:00:00,4.000,EA,0.000,0.00,2000007841,00010,437644663,261,,,VZIREQ03,SESS-000078
1000000080,0001,false,false,000000000030000030,4000,SP04,2026-06-07T00:00:00,1.000,EA,0.000,0.00,2000007842,00010,442207710,261,,,VZIREQ05,SESS-000079
1000000081,0001,false,false,000000000030000031,3000,SP03,2025-11-07T00:00:00,1.000,EA,0.000,0.00,2000007843,00010,438196034,261,,,VZIREQ02,SESS-000080
1000000082,0001,false,false,000000000030000031,3000,SP03,2026-01-20T00:00:00,3.000,EA,0.000,0.00,2000007844,00010,435794920,261,,,VZIREQ04,SESS-000081
1000000083,0001,false,false,000000000030000032,2000,SP02,2025-11-27T00:00:00,3.000,EA,0.000,0.00,2000007845,00010,428612951,261,,,VZIREQ01,SESS-000082
1000000084,0001,false,false,000000000030000032,2000,SP02,2026-01-23T00:00:00,3.000,EA,0.000,0.00,2000007846,00010,428602294,261,,,VZIREQ04,SESS-000083
1000000085,0001,false,false,000000000030000032,2000,SP02,2026-01-16T00:00:00,1.000,EA,0.000,0.00,2000007847,00010,421637384,261,,,VZIREQ04,SESS-000084
1000000086,0001,false,true,000000000030000032,4000,SP04,2026-02-18T00:00:00,4.000,EA,4.000,401474.28,2000007848,00010,444101909,261,,,VZIREQ04,SESS-000085
1000000087,0001,false,true,000000000030000032,4000,SP04,2025-12-16T00:00:00,4.000,EA,4.000,401474.28,2000007849,00010,448340069,261,,,VZIREQ04,SESS-000086
1000000088,0001,false,true,000000000030000033,2000,SP02,2026-01-30T00:00:00,1.000,EA,1.000,98242.86,2000007850,00010,424623100,261,,,VZIREQ03,SESS-000087
1000000089,0001,false,true,000000000030000033,2000,SP02,2025-11-05T00:00:00,4.000,EA,4.000,392971.44,2000007851,00010,424417631,261,,,VZIREQ01,SESS-000088
1000000090,0001,false,true,000000000030000033,2000,SP02,2025-10-16T00:00:00,1.000,EA,1.000,98242.86,2000007852,00010,427911437,261,,,VZIREQ05,SESS-000089
1000000091,0001,false,true,000000000030000034,1000,SP01,2026-06-26T00:00:00,2.000,EA,2.000,350466.68,2000007853,00010,415215118,261,,,VZIREQ03,SESS-000090
1000000092,0001,false,true,000000000030000035,4000,SP04,2026-01-15T00:00:00,4.000,EA,4.000,195432.44,2000007854,00010,447860276,261,,,VZIREQ01,SESS-000091
1000000093,0001,false,false,000000000030000035,4000,SP04,2026-06-14T00:00:00,3.000,EA,0.000,0.00,2000007855,00010,444844676,261,,,VZIREQ02,SESS-000092
1000000094,0001,false,false,000000000030000035,4000,SP04,2026-07-09T00:00:00,4.000,EA,2.000,97716.22,2000007856,00010,444258064,261,,,VZIREQ03,SESS-000093
1000000095,0001,false,true,000000000030000036,1000,SP01,2026-02-10T00:00:00,1.000,EA,1.000,36992.85,2000007857,00010,418879604,261,,,VZIREQ05,SESS-000094
1000000096,0001,false,true,000000000030000036,1000,SP01,2025-11-28T00:00:00,4.000,EA,2.000,73985.70,2000007858,00010,418203758,261,,,VZIREQ02,SESS-000095
1000000097,0001,false,false,000000000030000036,1000,SP01,2026-02-18T00:00:00,1.000,EA,0.000,0.00,2000007859,00010,411149269,261,,,VZIREQ02,SESS-000096
1000000098,0001,false,true,000000000030000037,4000,SP04,2026-01-22T00:00:00,2.000,EA,2.000,74219.54,2000007860,00010,443369841,261,,,VZIREQ01,
1000000099,0001,false,true,000000000030000037,4000,SP04,2026-03-24T00:00:00,4.000,EA,2.000,74219.54,2000007861,00010,442538575,261,,,VZIREQ01,SESS-000097
1000000100,0001,false,true,000000000030000037,1000,SP01,2026-03-21T00:00:00,4.000,EA,4.000,148439.08,2000007862,00010,411978338,261,,,VZIREQ04,SESS-000098
1000000101,0001,false,false,000000000030000038,4000,SP04,2026-05-12T00:00:00,1.000,EA,1.000,162830.37,2000007863,00010,449639607,261,,,VZIREQ03,SESS-000099
1000000102,0001,false,false,000000000030000038,4000,SP04,2026-04-09T00:00:00,3.000,EA,2.000,325660.74,2000007864,00010,444472470,261,,,VZIREQ05,SESS-000100
1000000103,0001,false,false,000000000030000039,1000,SP01,2026-06-07T00:00:00,3.000,EA,0.000,0.00,2000007865,00010,419460454,261,,,VZIREQ04,SESS-000101
1000000104,0001,false,false,000000000030000039,1000,SP01,2026-06-16T00:00:00,3.000,EA,0.000,0.00,2000007866,00010,412745405,261,,,VZIREQ01,SESS-000102
1000000105,0001,false,true,000000000030000039,1000,SP01,2026-03-22T00:00:00,4.000,EA,4.000,190706.00,2000007867,00010,414428903,261,,,VZIREQ02,
1000000106,0001,false,false,000000000030000040,1000,SP01,2025-11-03T00:00:00,2.000,EA,0.000,0.00,2000007868,00010,415478167,261,,,VZIREQ05,SESS-000103
1000000107,0001,false,true,000000000030000040,1000,SP01,2025-10-03T00:00:00,2.000,EA,2.000,167076.80,2000007869,00010,414740796,261,,,VZIREQ03,SESS-000104
1000000108,0001,false,false,000000000030000040,1000,SP01,2026-05-06T00:00:00,4.000,EA,0.000,0.00,2000007870,00010,415610643,261,,,VZIREQ02,SESS-000105
1000000109,0001,false,false,000000000030000041,2000,SP02,2026-05-14T00:00:00,2.000,EA,0.000,0.00,2000007871,00010,425332924,261,,,VZIREQ01,SESS-000106
1000000110,0001,false,true,000000000030000042,4000,SP04,2026-05-30T00:00:00,2.000,EA,2.000,153248.76,2000007872,00010,443114938,261,,,VZIREQ02,SESS-000107
1000000111,0001,false,true,000000000030000042,4000,SP04,2025-12-20T00:00:00,2.000,EA,2.000,153248.76,2000007873,00010,446610034,261,,,VZIREQ02,SESS-000108
1000000112,0001,false,false,000000000030000043,3000,SP03,2026-04-15T00:00:00,2.000,EA,0.000,0.00,2000007874,00010,432855388,261,,,VZIREQ03,SESS-000109
1000000113,0001,false,false,000000000030000043,3000,SP03,2025-10-11T00:00:00,1.000,EA,0.000,0.00,2000007875,00010,431702729,261,,,VZIREQ02,SESS-000110
1000000114,0001,false,true,000000000030000044,3000,SP03,2026-03-16T00:00:00,3.000,EA,2.000,624041.30,2000007876,00010,436131362,261,,,VZIREQ04,SESS-000111
1000000115,0001,false,false,000000000030000044,3000,SP03,2026-02-18T00:00:00,1.000,EA,1.000,312020.65,2000007877,00010,436447591,261,,,VZIREQ05,SESS-000112
1000000116,0001,false,false,000000000030000045,2000,SP02,2025-10-26T00:00:00,1.000,EA,0.000,0.00,2000007878,00010,421974994,261,,,VZIREQ01,SESS-000113
1000000117,0001,false,false,000000000030000045,2000,SP02,2026-06-21T00:00:00,4.000,EA,0.000,0.00,2000007879,00010,423633646,261,,,VZIREQ01,SESS-000114
1000000118,0001,false,false,000000000030000046,3000,SP03,2025-11-25T00:00:00,2.000,EA,0.000,0.00,2000007880,00010,435001667,261,,,VZIREQ01,SESS-000115
1000000119,0001,false,false,000000000030000046,3000,SP03,2026-05-25T00:00:00,4.000,EA,0.000,0.00,2000007881,00010,437563947,261,,,VZIREQ02,SESS-000116
1000000120,0001,false,false,000000000030000046,3000,SP03,2026-06-29T00:00:00,4.000,EA,0.000,0.00,2000007882,00010,435907327,261,,,VZIREQ05,SESS-000117
1000000121,0001,false,false,000000000030000046,4000,SP04,2026-05-03T00:00:00,1.000,EA,0.000,0.00,2000007883,00010,446992520,261,,,VZIREQ03,SESS-000118
1000000122,0001,false,true,000000000030000046,4000,SP04,2025-10-27T00:00:00,4.000,EA,4.000,151160.32,2000007884,00010,447137773,261,,,VZIREQ01,SESS-000119
1000000123,0001,false,true,000000000030000047,1000,SP01,2025-11-18T00:00:00,1.000,EA,1.000,157481.34,2000007885,00010,414964540,261,,,VZIREQ02,SESS-000120
1000000124,0001,false,true,000000000030000047,1000,SP01,2025-12-18T00:00:00,1.000,EA,1.000,157481.34,2000007886,00010,417027186,261,,,VZIREQ04,SESS-000121
1000000125,0001,false,true,000000000030000047,1000,SP01,2026-03-17T00:00:00,4.000,EA,4.000,629925.36,2000007887,00010,418850482,261,,,VZIREQ01,SESS-000122
1000000126,0001,false,false,000000000030000048,4000,SP04,2026-01-24T00:00:00,4.000,EA,0.000,0.00,2000007888,00010,449885479,261,,,VZIREQ05,SESS-000123
1000000127,0001,false,false,000000000030000048,4000,SP04,2025-12-29T00:00:00,4.000,EA,0.000,0.00,2000007889,00010,449338973,261,,,VZIREQ03,SESS-000124
1000000128,0001,false,false,000000000030000049,2000,SP02,2026-01-02T00:00:00,1.000,EA,0.000,0.00,2000007890,00010,422995128,261,,,VZIREQ04,SESS-000125
1000000129,0001,false,false,000000000030000049,2000,SP02,2026-01-25T00:00:00,4.000,EA,2.000,122673.96,2000007891,00010,424940257,261,,,VZIREQ03,SESS-000126
1000000130,0001,false,false,000000000030000050,3000,SP03,2026-03-12T00:00:00,3.000,EA,0.000,0.00,2000007892,00010,433066318,261,,,VZIREQ01,SESS-000127
1000000131,0001,false,true,000000000030000050,3000,SP03,2025-09-21T00:00:00,4.000,EA,4.000,440923.56,2000007893,00010,433682484,261,,,VZIREQ02,SESS-000128
1000000132,0001,false,true,000000000030000050,3000,SP03,2025-10-05T00:00:00,3.000,EA,2.000,220461.78,2000007894,00010,439623494,261,,,VZIREQ01,SESS-000129
1000000133,0001,false,true,000000000030000051,1000,SP01,2026-03-01T00:00:00,4.000,EA,4.000,506670.72,2000007895,00010,412397644,261,,,VZIREQ04,SESS-000130
1000000134,0001,false,false,000000000030000051,1000,SP01,2026-04-26T00:00:00,4.000,EA,0.000,0.00,2000007896,00010,411660475,261,,,VZIREQ03,SESS-000131
1000000135,0001,false,true,000000000030000051,1000,SP01,2026-07-24T00:00:00,2.000,EA,2.000,253335.36,2000007897,00010,411547617,261,,,VZIREQ04,SESS-000132
1000000136,0001,false,false,000000000030000052,1000,SP01,2026-04-28T00:00:00,2.000,EA,0.000,0.00,2000007898,00010,411311390,261,,,VZIREQ04,SESS-000133
1000000137,0001,false,true,000000000030000052,1000,SP01,2026-08-10T00:00:00,3.000,EA,3.000,437640.24,2000007899,00010,412983400,261,,,VZIREQ01,SESS-000134
1000000138,0001,false,true,000000000030000052,1000,SP01,2025-12-24T00:00:00,3.000,EA,3.000,437640.24,2000007900,00010,416878052,261,,,VZIREQ04,SESS-000135
1000000139,0001,false,false,000000000030000053,1000,SP01,2026-03-29T00:00:00,3.000,EA,0.000,0.00,2000007901,00010,415045327,261,,,VZIREQ03,SESS-000136
1000000140,0001,false,false,000000000030000054,3000,SP03,2026-03-05T00:00:00,1.000,EA,0.000,0.00,2000007902,00010,433198717,261,,,VZIREQ04,SESS-000137
1000000141,0001,false,false,000000000030000054,3000,SP03,2025-11-18T00:00:00,1.000,EA,0.000,0.00,2000007903,00010,438357386,261,,,VZIREQ05,SESS-000138
1000000142,0001,false,false,000000000030000055,4000,SP04,2026-01-27T00:00:00,4.000,EA,0.000,0.00,2000007904,00010,445134381,261,,,VZIREQ05,SESS-000139
1000000143,0001,false,true,000000000030000055,1000,SP01,2026-02-09T00:00:00,1.000,EA,1.000,86314.02,2000007905,00010,412214622,261,,,VZIREQ05,SESS-000140
1000000144,0001,false,false,000000000030000055,1000,SP01,2025-11-24T00:00:00,2.000,EA,0.000,0.00,2000007906,00010,413043786,261,,,VZIREQ01,SESS-000141
1000000145,0001,false,true,000000000030000055,1000,SP01,2026-05-14T00:00:00,2.000,EA,2.000,172628.04,2000007907,00010,415103634,261,,,VZIREQ05,SESS-000142
1000000146,0001,false,false,000000000030000056,2000,SP02,2026-05-15T00:00:00,3.000,EA,2.000,696789.44,2000007908,00010,424190429,261,,,VZIREQ03,SESS-000143
1000000147,0001,false,true,000000000030000056,2000,SP02,2025-12-05T00:00:00,2.000,EA,2.000,696789.44,2000007909,00010,427416618,261,,,VZIREQ03,
1000000148,0001,false,false,000000000030000056,2000,SP02,2025-08-14T00:00:00,4.000,EA,0.000,0.00,2000007910,00010,429455023,261,,,VZIREQ01,SESS-000144
1000000149,0001,false,false,000000000030000057,4000,SP04,2026-04-20T00:00:00,3.000,EA,0.000,0.00,2000007911,00010,441200703,261,,,VZIREQ02,SESS-000145
1000000150,0001,false,false,000000000030000057,4000,SP04,2026-02-25T00:00:00,2.000,EA,0.000,0.00,2000007912,00010,448983848,261,,,VZIREQ04,SESS-000146
1000000151,0001,false,true,000000000030000057,4000,SP04,2025-12-30T00:00:00,2.000,EA,2.000,1231921.92,2000007913,00010,449768424,261,,,VZIREQ04,SESS-000147
1000000152,0001,false,true,000000000030000058,2000,SP02,2025-11-12T00:00:00,1.000,EA,1.000,360739.60,2000007914,00010,426546572,261,,,VZIREQ01,SESS-000148
1000000153,0001,false,false,000000000030000058,2000,SP02,2025-10-22T00:00:00,1.000,EA,0.000,0.00,2000007915,00010,429840120,261,,,VZIREQ03,SESS-000149
1000000154,0001,false,true,000000000030000059,4000,SP04,2026-06-10T00:00:00,1.000,EA,1.000,6110.74,2000007916,00010,441893774,261,,,VZIREQ05,SESS-000150
1000000155,0001,false,true,000000000030000059,4000,SP04,2026-03-22T00:00:00,2.000,EA,2.000,12221.48,2000007917,00010,443468471,261,,,VZIREQ02,SESS-000151
1000000156,0001,false,false,000000000030000060,3000,SP03,2026-01-25T00:00:00,1.000,EA,0.000,0.00,2000007918,00010,433330836,261,,,VZIREQ05,SESS-000152
1000000157,0001,false,false,000000000030000060,3000,SP03,2025-10-22T00:00:00,2.000,EA,0.000,0.00,2000007919,00010,431972202,261,,,VZIREQ03,SESS-000153
1000000158,0001,false,false,000000000030000060,3000,SP03,2026-04-10T00:00:00,4.000,EA,0.000,0.00,2000007920,00010,432775245,261,,,VZIREQ02,SESS-000154
1000000159,0001,false,false,000000000030000061,4000,SP04,2025-12-17T00:00:00,4.000,EA,0.000,0.00,2000007921,00010,446204507,261,,,VZIREQ01,SESS-000155
1000000160,0001,false,false,000000000030000061,4000,SP04,2025-11-21T00:00:00,4.000,EA,0.000,0.00,2000007922,00010,449370421,261,,,VZIREQ04,SESS-000156
1000000161,0001,false,false,000000000030000061,4000,SP04,2025-12-29T00:00:00,2.000,EA,0.000,0.00,2000007923,00010,445459812,261,,,VZIREQ05,SESS-000157
1000000162,0001,false,true,000000000030000062,2000,SP02,2026-02-28T00:00:00,1.000,EA,1.000,75661.36,2000007924,00010,426600283,261,,,VZIREQ03,SESS-000158
1000000163,0001,false,true,000000000030000063,4000,SP04,2026-04-17T00:00:00,1.000,EA,1.000,66376.97,2000007925,00010,441732281,261,,,VZIREQ03,SESS-000159
1000000164,0001,false,false,000000000030000063,4000,SP04,2025-12-13T00:00:00,3.000,EA,0.000,0.00,2000007926,00010,445757425,261,,,VZIREQ03,SESS-000160
1000000165,0001,false,false,000000000030000064,4000,SP04,2026-03-26T00:00:00,4.000,EA,0.000,0.00,2000007927,00010,441681100,261,,,VZIREQ05,SESS-000161
1000000166,0001,false,false,000000000030000064,4000,SP04,2026-03-22T00:00:00,2.000,EA,0.000,0.00,2000007928,00010,445966145,261,,,VZIREQ05,SESS-000162
1000000167,0001,false,true,000000000030000064,1000,SP01,2025-10-29T00:00:00,2.000,EA,2.000,217535.48,2000007929,00010,411943029,261,,,VZIREQ01,SESS-000163
1000000168,0001,false,true,000000000030000064,1000,SP01,2025-10-15T00:00:00,2.000,EA,2.000,217535.48,2000007930,00010,412007948,261,,,VZIREQ02,SESS-000164
1000000169,0001,false,false,000000000030000064,1000,SP01,2026-06-09T00:00:00,2.000,EA,0.000,0.00,2000007931,00010,411432785,261,,,VZIREQ02,SESS-000165
1000000170,0001,false,false,000000000030000065,4000,SP04,2025-11-19T00:00:00,4.000,EA,0.000,0.00,2000007932,00010,448520770,261,,,VZIREQ04,SESS-000166
1000000171,0001,false,false,000000000030000066,3000,SP03,2026-04-15T00:00:00,2.000,EA,0.000,0.00,2000007933,00010,436999104,261,,,VZIREQ04,SESS-000167
1000000172,0001,false,false,000000000030000066,3000,SP03,2026-01-08T00:00:00,1.000,EA,0.000,0.00,2000007934,00010,433072759,261,,,VZIREQ03,SESS-000168
1000000173,0001,false,true,000000000030000067,1000,SP01,2026-03-08T00:00:00,1.000,EA,1.000,40830.56,2000007935,00010,415850053,261,,,VZIREQ02,SESS-000169
1000000174,0001,false,true,000000000030000068,1000,SP01,2025-09-10T00:00:00,4.000,EA,4.000,465116.92,2000007936,00010,411099290,261,,,VZIREQ05,SESS-000170
1000000175,0001,false,true,000000000030000068,1000,SP01,2026-01-09T00:00:00,4.000,EA,4.000,465116.92,2000007937,00010,418315264,261,,,VZIREQ02,SESS-000171
1000000176,0001,false,false,000000000030000068,1000,SP01,2025-10-15T00:00:00,4.000,EA,2.000,232558.46,2000007938,00010,414637728,261,,,VZIREQ04,SESS-000172
1000000177,0001,false,false,000000000030000069,3000,SP03,2026-04-04T00:00:00,4.000,EA,2.000,1016217.76,2000007939,00010,433456448,261,,,VZIREQ01,SESS-000173
1000000178,0001,false,true,000000000030000069,3000,SP03,2025-11-09T00:00:00,4.000,EA,4.000,2032435.52,2000007940,00010,435769719,261,,,VZIREQ01,SESS-000174
1000000179,0001,false,true,000000000030000069,4000,SP04,2026-03-05T00:00:00,1.000,EA,1.000,508108.88,2000007941,00010,442460427,261,,,VZIREQ02,
1000000180,0001,false,true,000000000030000070,1000,SP01,2025-12-01T00:00:00,4.000,EA,4.000,499523.12,2000007942,00010,412621271,261,,,VZIREQ04,SESS-000175
1000000181,0001,false,true,000000000030000070,1000,SP01,2026-02-07T00:00:00,2.000,EA,2.000,249761.56,2000007943,00010,418043709,261,,,VZIREQ04,SESS-000176
1000000182,0001,false,false,000000000030000070,1000,SP01,2026-03-19T00:00:00,4.000,EA,2.000,249761.56,2000007944,00010,419421089,261,,,VZIREQ02,SESS-000177
1000000183,0001,false,false,000000000030000071,3000,SP03,2026-03-06T00:00:00,4.000,EA,0.000,0.00,2000007945,00010,436881629,261,,,VZIREQ02,SESS-000178
1000000184,0001,false,true,000000000030000071,3000,SP03,2026-03-27T00:00:00,2.000,EA,2.000,343350.64,2000007946,00010,438806426,261,,,VZIREQ01,SESS-000179
1000000185,0001,false,false,000000000030000072,4000,SP04,2025-12-30T00:00:00,4.000,EA,2.000,191211.98,2000007947,00010,441585804,261,,,VZIREQ02,SESS-000180
1000000186,0001,false,true,000000000030000073,4000,SP04,2026-04-04T00:00:00,3.000,EA,3.000,205910.01,2000007948,00010,449913914,261,,,VZIREQ02,SESS-000181
1000000187,0001,false,false,000000000030000073,3000,SP03,2026-03-14T00:00:00,2.000,EA,0.000,0.00,2000007949,00010,438063752,261,,,VZIREQ04,SESS-000182
1000000188,0001,false,true,000000000030000073,3000,SP03,2026-03-21T00:00:00,3.000,EA,3.000,205910.01,2000007950,00010,438353828,261,,,VZIREQ04,SESS-000183
1000000189,0001,false,false,000000000030000074,4000,SP04,2026-01-31T00:00:00,3.000,EA,0.000,0.00,2000007951,00010,441927114,261,,,VZIREQ04,SESS-000184
1000000190,0001,false,true,000000000030000074,2000,SP02,2026-01-14T00:00:00,4.000,EA,4.000,508744.76,2000007952,00010,425298021,261,,,VZIREQ03,SESS-000185
1000000191,0001,false,true,000000000030000074,2000,SP02,2026-04-28T00:00:00,4.000,EA,4.000,508744.76,2000007953,00010,425164616,261,,,VZIREQ04,SESS-000186
1000000192,0001,false,true,000000000030000075,4000,SP04,2026-07-26T00:00:00,3.000,EA,1.000,122176.64,2000007954,00010,448849020,261,,,VZIREQ05,SESS-000187
1000000193,0001,false,true,000000000030000075,4000,SP04,2026-04-01T00:00:00,4.000,EA,4.000,488706.56,2000007955,00010,448514165,261,,,VZIREQ02,SESS-000188
1000000194,0001,false,true,000000000030000076,2000,SP02,2026-01-23T00:00:00,4.000,EA,4.000,663681.04,2000007956,00010,422078666,261,,,VZIREQ02,SESS-000189
1000000195,0001,false,true,000000000030000076,2000,SP02,2026-02-16T00:00:00,2.000,EA,2.000,331840.52,2000007957,00010,429754986,261,,,VZIREQ05,SESS-000190
1000000196,0001,false,true,000000000030000077,1000,SP01,2025-11-15T00:00:00,2.000,EA,2.000,252374.68,2000007958,00010,419906306,261,,,VZIREQ05,SESS-000191
1000000197,0001,false,false,000000000030000077,1000,SP01,2026-05-20T00:00:00,1.000,EA,0.000,0.00,2000007959,00010,413599853,261,,,VZIREQ02,SESS-000192
1000000198,0001,false,false,000000000030000078,4000,SP04,2025-11-27T00:00:00,3.000,EA,0.000,0.00,2000007960,00010,448672727,261,,,VZIREQ03,SESS-000193
1000000199,0001,false,false,000000000030000079,4000,SP04,2025-10-16T00:00:00,2.000,EA,0.000,0.00,2000007961,00010,441047929,261,,,VZIREQ03,SESS-000194
1000000200,0001,false,false,000000000030000079,4000,SP04,2025-11-29T00:00:00,2.000,EA,0.000,0.00,2000007962,00010,442417036,261,,,VZIREQ04,SESS-000195
1000000201,0001,false,true,000000000030000079,4000,SP04,2025-09-15T00:00:00,3.000,EA,3.000,2096771.67,2000007963,00010,442262151,261,,,VZIREQ04,SESS-000196
1000000202,0001,false,false,000000000030000080,4000,SP04,2026-03-17T00:00:00,1.000,EA,0.000,0.00,2000007964,00010,446574321,261,,,VZIREQ05,SESS-000197
1000000203,0001,false,true,000000000030000080,4000,SP04,2026-04-14T00:00:00,1.000,EA,1.000,164678.73,2000007965,00010,448619200,261,,,VZIREQ01,
1000000204,0001,false,true,000000000030000080,4000,SP04,2026-07-11T00:00:00,3.000,EA,1.000,164678.73,2000007966,00010,446779690,261,,,VZIREQ01,SESS-000198
1000000205,0001,false,true,000000000030000080,3000,SP03,2026-07-04T00:00:00,2.000,EA,2.000,329357.46,2000007967,00010,438327818,261,,,VZIREQ02,SESS-000199
1000000206,0001,false,true,000000000030000081,4000,SP04,2026-05-13T00:00:00,3.000,EA,3.000,283567.14,2000007968,00010,441944803,261,,,VZIREQ03,
1000000207,0001,false,false,000000000030000082,1000,SP01,2025-11-22T00:00:00,3.000,EA,0.000,0.00,2000007969,00010,415316289,261,,,VZIREQ02,SESS-000200
1000000208,0001,false,false,000000000030000083,1000,SP01,2026-07-14T00:00:00,3.000,EA,0.000,0.00,2000007970,00010,414289244,261,,,VZIREQ05,SESS-000201
1000000209,0001,false,false,000000000030000083,1000,SP01,2025-12-03T00:00:00,2.000,EA,0.000,0.00,2000007971,00010,419524238,261,,,VZIREQ02,SESS-000202
1000000210,0001,false,true,000000000030000084,4000,SP04,2026-04-22T00:00:00,1.000,EA,1.000,128292.36,2000007972,00010,443467352,261,,,VZIREQ02,SESS-000203
1000000211,0001,false,true,000000000030000084,4000,SP04,2026-01-20T00:00:00,1.000,EA,1.000,128292.36,2000007973,00010,449617517,261,,,VZIREQ04,
1000000212,0001,false,false,000000000030000084,3000,SP03,2026-08-03T00:00:00,2.000,EA,0.000,0.00,2000007974,00010,439425145,261,,,VZIREQ04,SESS-000204
1000000213,0001,false,false,000000000030000085,3000,SP03,2025-12-08T00:00:00,4.000,EA,0.000,0.00,2000007975,00010,431423300,261,,,VZIREQ05,SESS-000205
1000000214,0001,false,true,000000000030000086,2000,SP02,2026-01-17T00:00:00,4.000,EA,4.000,589837.44,2000007976,00010,426404844,261,,,VZIREQ02,SESS-000206
1000000215,0001,false,false,000000000030000086,2000,SP02,2025-11-19T00:00:00,4.000,EA,0.000,0.00,2000007977,00010,429013016,261,,,VZIREQ03,SESS-000207
1000000216,0001,false,false,000000000030000087,2000,SP02,2026-03-31T00:00:00,1.000,EA,0.000,0.00,2000007978,00010,421711164,261,,,VZIREQ02,SESS-000208
1000000217,0001,false,false,000000000030000087,2000,SP02,2026-01-08T00:00:00,2.000,EA,0.000,0.00,2000007979,00010,426590845,261,,,VZIREQ05,SESS-000209
1000000218,0001,false,false,000000000030000087,2000,SP02,2026-05-30T00:00:00,1.000,EA,0.000,0.00,2000007980,00010,422765106,261,,,VZIREQ01,SESS-000210
1000000219,0001,false,false,000000000030000088,4000,SP04,2026-07-02T00:00:00,1.000,EA,0.000,0.00,2000007981,00010,447290072,261,,,VZIREQ05,SESS-000211
1000000220,0001,false,false,000000000030000089,2000,SP02,2025-11-27T00:00:00,3.000,EA,0.000,0.00,2000007982,00010,428114914,261,,,VZIREQ01,SESS-000212
1000000221,0001,false,true,000000000030000089,2000,SP02,2026-06-14T00:00:00,2.000,EA,2.000,303739.40,2000007983,00010,425355236,261,,,VZIREQ03,SESS-000213
1000000222,0001,false,false,000000000030000089,4000,SP04,2025-11-03T00:00:00,2.000,EA,0.000,0.00,2000007984,00010,448436958,261,,,VZIREQ01,SESS-000214
1000000223,0001,false,false,000000000030000090,4000,SP04,2026-08-09T00:00:00,4.000,EA,0.000,0.00,2000007985,00010,446255921,261,,,VZIREQ01,SESS-000215
1000000224,0001,false,false,000000000030000090,3000,SP03,2025-12-20T00:00:00,1.000,EA,0.000,0.00,2000007986,00010,438986137,261,,,VZIREQ01,SESS-000216
1000000225,0001,false,true,000000000030000090,3000,SP03,2025-10-23T00:00:00,4.000,EA,4.000,277550.44,2000007987,00010,434752297,261,,,VZIREQ01,SESS-000217
1000000226,0001,false,true,000000000030000091,1000,SP01,2026-03-18T00:00:00,2.000,EA,2.000,220374.94,2000007988,00010,415367837,261,,,VZIREQ05,SESS-000218
1000000227,0001,false,true,000000000030000091,1000,SP01,2026-04-07T00:00:00,2.000,EA,1.000,110187.47,2000007989,00010,417149035,261,,,VZIREQ02,SESS-000219
1000000228,0001,false,false,000000000030000092,2000,SP02,2026-02-01T00:00:00,4.000,EA,0.000,0.00,2000007990,00010,426195657,261,,,VZIREQ01,SESS-000220
1000000229,0001,false,true,000000000030000092,2000,SP02,2026-06-10T00:00:00,3.000,EA,3.000,18268.29,2000007991,00010,423402395,261,,,VZIREQ03,
1000000230,0001,false,false,000000000030000093,1000,SP01,2025-10-28T00:00:00,4.000,EA,0.000,0.00,2000007992,00010,415198702,261,,,VZIREQ03,SESS-000221
1000000231,0001,false,false,000000000030000094,3000,SP03,2025-10-04T00:00:00,2.000,EA,1.000,34970.19,2000007993,00010,436953028,261,,,VZIREQ03,SESS-000222
1000000232,0001,false,true,000000000030000094,3000,SP03,2026-05-27T00:00:00,2.000,EA,1.000,34970.19,2000007994,00010,432095625,261,,,VZIREQ03,SESS-000223
1000000233,0001,false,true,000000000030000095,4000,SP04,2026-06-20T00:00:00,3.000,EA,3.000,523617.27,2000007995,00010,448231639,261,,,VZIREQ05,SESS-000224
1000000234,0001,false,false,000000000030000096,1000,SP01,2026-07-19T00:00:00,3.000,EA,0.000,0.00,2000007996,00010,414367069,261,,,VZIREQ04,SESS-000225
1000000235,0001,false,true,000000000030000096,1000,SP01,2026-01-31T00:00:00,4.000,EA,4.000,516306.76,2000007997,00010,413581057,261,,,VZIREQ02,SESS-000226
1000000236,0001,false,false,000000000030000097,2000,SP02,2025-10-29T00:00:00,3.000,EA,0.000,0.00,2000007998,00010,425697855,261,,,VZIREQ03,SESS-000227
1000000237,0001,false,false,000000000030000098,3000,SP03,2025-12-21T00:00:00,2.000,EA,0.000,0.00,2000007999,00010,435958400,261,,,VZIREQ02,SESS-000228
1000000238,0001,false,false,000000000030000098,1000,SP01,2026-01-15T00:00:00,2.000,EA,0.000,0.00,2000008000,00010,415235287,261,,,VZIREQ02,SESS-000229
1000000239,0001,false,false,000000000030000099,1000,SP01,2026-03-19T00:00:00,4.000,EA,0.000,0.00,2000008001,00010,417570411,261,,,VZIREQ02,SESS-000230
1000000240,0001,false,false,000000000030000099,1000,SP01,2026-03-02T00:00:00,3.000,EA,0.000,0.00,2000008002,00010,419006754,261,,,VZIREQ01,SESS-000231
1000000241,0001,false,true,000000000030000099,1000,SP01,2026-03-31T00:00:00,1.000,EA,1.000,113134.61,2000008003,00010,417808010,261,,,VZIREQ05,SESS-000232
1000000242,0001,false,false,000000000030000100,3000,SP03,2025-10-26T00:00:00,1.000,EA,0.000,0.00,2000008004,00010,431962569,261,,,VZIREQ02,SESS-000233
1000000243,0001,false,false,000000000030000100,3000,SP03,2026-01-14T00:00:00,4.000,EA,0.000,0.00,2000008005,00010,433240972,261,,,VZIREQ03,SESS-000234
1000000244,0001,false,false,000000000030000101,4000,SP04,2026-04-29T00:00:00,3.000,EA,0.000,0.00,2000008006,00010,445193092,261,,,VZIREQ05,SESS-000235
1000000245,0001,false,false,000000000030000102,1000,SP01,2026-05-12T00:00:00,2.000,EA,0.000,0.00,2000008007,00010,411311420,261,,,VZIREQ01,SESS-000236
1000000246,0001,false,false,000000000030000102,1000,SP01,2026-02-08T00:00:00,1.000,EA,0.000,0.00,2000008008,00010,411843983,261,,,VZIREQ04,SESS-000237
1000000247,0001,false,false,000000000030000102,1000,SP01,2026-05-02T00:00:00,3.000,EA,2.000,182874.70,2000008009,00010,412322108,261,,,VZIREQ03,SESS-000238
1000000248,0001,false,true,000000000030000102,4000,SP04,2025-11-08T00:00:00,1.000,EA,1.000,91437.35,2000008010,00010,447052646,261,,,VZIREQ03,SESS-000239
1000000249,0001,false,false,000000000030000102,4000,SP04,2026-01-08T00:00:00,3.000,EA,0.000,0.00,2000008011,00010,446574052,261,,,VZIREQ05,SESS-000240
1000000250,0001,false,true,000000000030000103,4000,SP04,2025-12-07T00:00:00,4.000,EA,3.000,2283263.16,2000008012,00010,447158554,261,,,VZIREQ04,SESS-000241
1000000251,0001,false,true,000000000030000104,4000,SP04,2026-03-18T00:00:00,1.000,EA,1.000,405326.21,2000008013,00010,449431701,261,,,VZIREQ05,SESS-000242
1000000252,0001,false,true,000000000030000104,4000,SP04,2025-12-27T00:00:00,2.000,EA,1.000,405326.21,2000008014,00010,449165583,261,,,VZIREQ03,SESS-000243
1000000253,0001,false,false,000000000030000105,3000,SP03,2026-06-05T00:00:00,2.000,EA,0.000,0.00,2000008015,00010,437282477,261,,,VZIREQ03,SESS-000244
1000000254,0001,false,false,000000000030000105,3000,SP03,2025-11-26T00:00:00,2.000,EA,0.000,0.00,2000008016,00010,435529075,261,,,VZIREQ01,SESS-000245
1000000255,0001,false,true,000000000030000105,3000,SP03,2025-12-18T00:00:00,4.000,EA,2.000,33542.00,2000008017,00010,439016517,261,,,VZIREQ05,SESS-000246
1000000256,0001,false,false,000000000030000105,2000,SP02,2025-11-15T00:00:00,3.000,EA,0.000,0.00,2000008018,00010,422573206,261,,,VZIREQ01,SESS-000247
1000000257,0001,false,true,000000000030000105,2000,SP02,2026-01-21T00:00:00,2.000,EA,2.000,33542.00,2000008019,00010,428957783,261,,,VZIREQ02,SESS-000248
1000000258,0001,false,true,000000000030000105,2000,SP02,2026-01-31T00:00:00,1.000,EA,1.000,16771.00,2000008020,00010,425586050,261,,,VZIREQ05,SESS-000249
1000000259,0001,false,false,000000000030000106,2000,SP02,2026-04-16T00:00:00,1.000,EA,0.000,0.00,2000008021,00010,428249384,261,,,VZIREQ05,SESS-000250
1000000260,0001,false,false,000000000030000107,3000,SP03,2026-01-04T00:00:00,4.000,EA,0.000,0.00,2000008022,00010,437139331,261,,,VZIREQ02,SESS-000251
1000000261,0001,false,false,000000000030000108,2000,SP02,2026-02-07T00:00:00,4.000,EA,0.000,0.00,2000008023,00010,427660440,261,,,VZIREQ05,SESS-000252
1000000262,0001,false,true,000000000030000108,2000,SP02,2026-06-08T00:00:00,3.000,EA,3.000,35911.62,2000008024,00010,427606255,261,,,VZIREQ03,SESS-000253
1000000263,0001,false,false,000000000030000108,2000,SP02,2026-01-15T00:00:00,3.000,EA,0.000,0.00,2000008025,00010,424891277,261,,,VZIREQ04,SESS-000254
1000000264,0001,false,false,000000000030000108,1000,SP01,2026-02-23T00:00:00,3.000,EA,0.000,0.00,2000008026,00010,413478590,261,,,VZIREQ01,SESS-000255
1000000265,0001,false,false,000000000030000108,1000,SP01,2026-07-08T00:00:00,3.000,EA,0.000,0.00,2000008027,00010,417327845,261,,,VZIREQ03,SESS-000256
1000000266,0001,false,false,000000000030000108,1000,SP01,2025-10-07T00:00:00,1.000,EA,0.000,0.00,2000008028,00010,415602249,261,,,VZIREQ01,SESS-000257
1000000267,0001,false,true,000000000030000109,1000,SP01,2026-02-09T00:00:00,3.000,EA,3.000,130776.15,2000008029,00010,416576588,261,,,VZIREQ03,SESS-000258
1000000268,0001,false,false,000000000030000109,1000,SP01,2026-04-11T00:00:00,1.000,EA,0.000,0.00,2000008030,00010,411296195,261,,,VZIREQ05,SESS-000259
1000000269,0001,false,false,000000000030000109,1000,SP01,2025-09-30T00:00:00,2.000,EA,0.000,0.00,2000008031,00010,413072396,261,,,VZIREQ01,SESS-000260
1000000270,0001,false,false,000000000030000110,2000,SP02,2026-04-15T00:00:00,1.000,EA,0.000,0.00,2000008032,00010,427714176,261,,,VZIREQ02,SESS-000261
1000000271,0001,false,true,000000000030000111,3000,SP03,2026-06-20T00:00:00,2.000,EA,2.000,87303.16,2000008033,00010,434020491,261,,,VZIREQ05,SESS-000262
1000000272,0001,false,true,000000000030000111,3000,SP03,2026-02-10T00:00:00,2.000,EA,2.000,87303.16,2000008034,00010,435226657,261,,,VZIREQ02,SESS-000263
1000000273,0001,false,false,000000000030000112,2000,SP02,2026-07-22T00:00:00,3.000,EA,2.000,148060.34,2000008035,00010,424628300,261,,,VZIREQ05,SESS-000264
1000000274,0001,false,false,000000000030000113,4000,SP04,2025-10-29T00:00:00,4.000,EA,2.000,227763.72,2000008036,00010,443948839,261,,,VZIREQ01,SESS-000265
1000000275,0001,false,false,000000000030000114,3000,SP03,2026-06-06T00:00:00,4.000,EA,2.000,88109.22,2000008037,00010,431377188,261,,,VZIREQ02,SESS-000266
1000000276,0001,false,true,000000000030000114,3000,SP03,2026-04-07T00:00:00,3.000,EA,3.000,132163.83,2000008038,00010,433069551,261,,,VZIREQ05,SESS-000267
1000000277,0001,false,false,000000000030000114,3000,SP03,2026-07-15T00:00:00,4.000,EA,0.000,0.00,2000008039,00010,435653147,261,,,VZIREQ01,SESS-000268
1000000278,0001,false,true,000000000030000115,3000,SP03,2026-03-28T00:00:00,3.000,EA,3.000,15899.88,2000008040,00010,437516703,261,,,VZIREQ04,
1000000279,0001,false,false,000000000030000115,3000,SP03,2026-02-09T00:00:00,4.000,EA,0.000,0.00,2000008041,00010,434865358,261,,,VZIREQ02,SESS-000269
1000000280,0001,false,false,000000000030000116,1000,SP01,2026-02-19T00:00:00,4.000,EA,2.000,31798.62,2000008042,00010,418091917,261,,,VZIREQ05,SESS-000270
1000000281,0001,false,true,000000000030000116,1000,SP01,2026-08-28T00:00:00,3.000,EA,3.000,47697.93,2000008043,00010,415142774,261,,,VZIREQ05,SESS-000271
1000000282,0001,false,false,000000000030000116,1000,SP01,2025-12-29T00:00:00,1.000,EA,0.000,0.00,2000008044,00010,419325221,261,,,VZIREQ05,SESS-000272
1000000283,0001,false,false,000000000030000117,4000,SP04,2026-06-18T00:00:00,1.000,EA,0.000,0.00,2000008045,00010,441770680,261,,,VZIREQ05,SESS-000273
1000000284,0001,false,true,000000000030000118,4000,SP04,2025-09-25T00:00:00,4.000,EA,4.000,237174.24,2000008046,00010,443771381,261,,,VZIREQ05,SESS-000274
1000000285,0001,false,true,000000000030000118,4000,SP04,2025-10-25T00:00:00,4.000,EA,4.000,237174.24,2000008047,00010,449325679,261,,,VZIREQ02,SESS-000275
1000000286,0001,false,false,000000000030000118,4000,SP04,2025-09-25T00:00:00,1.000,EA,0.000,0.00,2000008048,00010,445143973,261,,,VZIREQ03,SESS-000276
1000000287,0001,false,false,000000000030000119,3000,SP03,2026-04-13T00:00:00,4.000,EA,0.000,0.00,2000008049,00010,439606769,261,,,VZIREQ05,SESS-000277
1000000288,0001,false,true,000000000030000119,3000,SP03,2026-01-07T00:00:00,3.000,EA,3.000,108213.93,2000008050,00010,436752779,261,,,VZIREQ05,SESS-000278
1000000289,0001,false,false,000000000030000120,3000,SP03,2025-11-06T00:00:00,3.000,EA,2.000,304984.64,2000008051,00010,431904965,261,,,VZIREQ01,SESS-000279
1000000290,0001,false,false,000000000030000120,3000,SP03,2026-03-26T00:00:00,4.000,EA,0.000,0.00,2000008052,00010,432800853,261,,,VZIREQ01,SESS-000280
1000000291,0001,false,false,000000000030000120,3000,SP03,2026-01-29T00:00:00,1.000,EA,0.000,0.00,2000008053,00010,435263572,261,,,VZIREQ02,SESS-000281
1000000292,0001,false,false,000000000030000121,3000,SP03,2026-03-07T00:00:00,4.000,EA,0.000,0.00,2000008054,00010,431747778,261,,,VZIREQ02,SESS-000282
1000000293,0001,false,true,000000000030000122,3000,SP03,2026-01-13T00:00:00,3.000,EA,3.000,59819.01,2000008055,00010,439475694,261,,,VZIREQ04,SESS-000283
1000000294,0001,false,true,000000000030000122,3000,SP03,2025-10-26T00:00:00,3.000,EA,3.000,59819.01,2000008056,00010,437214452,261,,,VZIREQ03,SESS-000284
1000000295,0001,false,true,000000000030000123,1000,SP01,2026-03-30T00:00:00,2.000,EA,2.000,203724.26,2000008057,00010,417176412,261,,,VZIREQ02,
1000000296,0001,false,true,000000000030000123,1000,SP01,2026-02-26T00:00:00,3.000,EA,3.000,305586.39,2000008058,00010,413024279,261,,,VZIREQ03,
1000000297,0001,false,false,000000000030000123,4000,SP04,2025-09-26T00:00:00,2.000,EA,0.000,0.00,2000008059,00010,448709837,261,,,VZIREQ05,SESS-000285
1000000298,0001,false,true,000000000030000123,4000,SP04,2026-03-02T00:00:00,3.000,EA,1.000,101862.13,2000008060,00010,442722839,261,,,VZIREQ03,SESS-000286
1000000299,0001,false,false,000000000030000124,3000,SP03,2025-11-25T00:00:00,3.000,EA,2.000,192905.92,2000008061,00010,437934713,261,,,VZIREQ03,SESS-000287
1000000300,0001,false,false,000000000030000124,3000,SP03,2025-07-30T00:00:00,3.000,EA,2.000,192905.92,2000008062,00010,439991092,261,,,VZIREQ02,SESS-000288
1000000301,0001,false,true,000000000030000124,3000,SP03,2025-12-10T00:00:00,3.000,EA,3.000,289358.88,2000008063,00010,437226201,261,,,VZIREQ05,SESS-000289
1000000302,0001,false,false,000000000030000125,3000,SP03,2026-06-13T00:00:00,4.000,EA,0.000,0.00,2000008064,00010,432094087,261,,,VZIREQ04,SESS-000290
1000000303,0001,false,false,000000000030000125,1000,SP01,2025-10-23T00:00:00,3.000,EA,0.000,0.00,2000008065,00010,416461913,261,,,VZIREQ04,SESS-000291
1000000304,0001,false,true,000000000030000126,1000,SP01,2025-11-05T00:00:00,2.000,EA,2.000,1461399.80,2000008066,00010,415051074,261,,,VZIREQ05,SESS-000292
1000000305,0001,false,false,000000000030000127,2000,SP02,2026-03-22T00:00:00,1.000,EA,0.000,0.00,2000008067,00010,429266682,261,,,VZIREQ05,SESS-000293
1000000306,0001,false,false,000000000030000127,2000,SP02,2025-11-10T00:00:00,2.000,EA,0.000,0.00,2000008068,00010,428176582,261,,,VZIREQ05,SESS-000294
1000000307,0001,false,true,000000000030000128,3000,SP03,2026-05-26T00:00:00,3.000,EA,3.000,424775.46,2000008069,00010,436337031,261,,,VZIREQ03,SESS-000295
1000000308,0001,false,false,000000000030000128,3000,SP03,2025-09-28T00:00:00,3.000,EA,0.000,0.00,2000008070,00010,437811510,261,,,VZIREQ01,SESS-000296
1000000309,0001,false,true,000000000030000128,3000,SP03,2026-02-05T00:00:00,3.000,EA,3.000,424775.46,2000008071,00010,431522562,261,,,VZIREQ05,SESS-000297
1000000310,0001,false,true,000000000030000129,2000,SP02,2026-04-12T00:00:00,1.000,EA,1.000,156286.15,2000008072,00010,429808535,261,,,VZIREQ01,SESS-000298
1000000311,0001,false,false,000000000030000129,2000,SP02,2026-02-13T00:00:00,2.000,EA,0.000,0.00,2000008073,00010,423113118,261,,,VZIREQ02,SESS-000299
1000000312,0001,false,false,000000000030000129,2000,SP02,2025-08-02T00:00:00,3.000,EA,0.000,0.00,2000008074,00010,428064228,261,,,VZIREQ04,SESS-000300
1000000313,0001,false,true,000000000030000130,4000,SP04,2026-04-24T00:00:00,2.000,EA,1.000,152084.44,2000008075,00010,446261670,261,,,VZIREQ03,SESS-000301
1000000314,0001,false,false,000000000030000130,4000,SP04,2026-07-03T00:00:00,1.000,EA,0.000,0.00,2000008076,00010,445850411,261,,,VZIREQ05,SESS-000302
1000000315,0001,false,false,000000000030000130,2000,SP02,2026-03-21T00:00:00,1.000,EA,0.000,0.00,2000008077,00010,421762815,261,,,VZIREQ02,SESS-000303
1000000316,0001,false,false,000000000030000130,2000,SP02,2026-02-04T00:00:00,2.000,EA,0.000,0.00,2000008078,00010,428912314,261,,,VZIREQ01,SESS-000304
1000000317,0001,false,true,000000000030000131,3000,SP03,2025-10-26T00:00:00,3.000,EA,2.000,179004.84,2000008079,00010,439278240,261,,,VZIREQ02,SESS-000305
1000000318,0001,false,false,000000000030000131,3000,SP03,2025-11-11T00:00:00,1.000,EA,0.000,0.00,2000008080,00010,432226871,261,,,VZIREQ05,SESS-000306
1000000319,0001,false,false,000000000030000132,3000,SP03,2026-05-06T00:00:00,4.000,EA,0.000,0.00,2000008081,00010,434677320,261,,,VZIREQ05,SESS-000307
1000000320,0001,false,false,000000000030000132,3000,SP03,2026-05-08T00:00:00,3.000,EA,0.000,0.00,2000008082,00010,433002978,261,,,VZIREQ03,SESS-000308
1000000321,0001,false,false,000000000030000132,3000,SP03,2025-09-12T00:00:00,2.000,EA,0.000,0.00,2000008083,00010,431224057,261,,,VZIREQ03,SESS-000309
1000000322,0001,false,false,000000000030000133,4000,SP04,2025-10-14T00:00:00,1.000,EA,0.000,0.00,2000008084,00010,444061708,261,,,VZIREQ01,SESS-000310
1000000323,0001,false,false,000000000030000133,4000,SP04,2026-01-18T00:00:00,1.000,EA,0.000,0.00,2000008085,00010,445808953,261,,,VZIREQ05,SESS-000311
1000000324,0001,false,true,000000000030000134,2000,SP02,2026-06-07T00:00:00,2.000,EA,1.000,75705.45,2000008086,00010,423410478,261,,,VZIREQ02,SESS-000312
1000000325,0001,false,true,000000000030000135,4000,SP04,2026-04-10T00:00:00,2.000,EA,2.000,260646.38,2000008087,00010,444671281,261,,,VZIREQ05,SESS-000313
1000000326,0001,false,false,000000000030000135,4000,SP04,2026-07-22T00:00:00,4.000,EA,0.000,0.00,2000008088,00010,442669104,261,,,VZIREQ05,SESS-000314
1000000327,0001,false,false,000000000030000136,3000,SP03,2026-03-27T00:00:00,4.000,EA,0.000,0.00,2000008089,00010,431018919,261,,,VZIREQ01,SESS-000315
1000000328,0001,false,true,000000000030000136,3000,SP03,2025-12-24T00:00:00,1.000,EA,1.000,282844.55,2000008090,00010,436693864,261,,,VZIREQ01,SESS-000316
1000000329,0001,false,false,000000000030000137,3000,SP03,2025-12-07T00:00:00,2.000,EA,0.000,0.00,2000008091,00010,438813971,261,,,VZIREQ04,SESS-000317
1000000330,0001,false,false,000000000030000138,4000,SP04,2026-07-14T00:00:00,2.000,EA,0.000,0.00,2000008092,00010,449670360,261,,,VZIREQ02,SESS-000318
1000000331,0001,false,false,000000000030000139,3000,SP03,2026-08-06T00:00:00,1.000,EA,0.000,0.00,2000008093,00010,438205505,261,,,VZIREQ01,SESS-000319
1000000332,0001,false,false,000000000030000140,3000,SP03,2026-01-20T00:00:00,1.000,EA,0.000,0.00,2000008094,00010,439495225,261,,,VZIREQ03,SESS-000320
1000000333,0001,false,true,000000000030000140,3000,SP03,2025-10-22T00:00:00,3.000,EA,3.000,249007.65,2000008095,00010,432463044,261,,,VZIREQ03,SESS-000321
1000000334,0001,false,true,000000000030000140,3000,SP03,2025-09-23T00:00:00,1.000,EA,1.000,83002.55,2000008096,00010,431785262,261,,,VZIREQ01,SESS-000322
1000000335,0001,false,false,000000000030000141,3000,SP03,2026-03-27T00:00:00,2.000,EA,0.000,0.00,2000008097,00010,437387362,261,,,VZIREQ05,SESS-000323
1000000336,0001,false,false,000000000030000141,3000,SP03,2025-12-31T00:00:00,2.000,EA,1.000,84568.82,2000008098,00010,434441153,261,,,VZIREQ05,SESS-000324
1000000337,0001,false,true,000000000030000141,2000,SP02,2025-11-28T00:00:00,3.000,EA,3.000,253706.46,2000008099,00010,429086222,261,,,VZIREQ05,SESS-000325
1000000338,0001,false,true,000000000030000141,2000,SP02,2025-11-02T00:00:00,3.000,EA,1.000,84568.82,2000008100,00010,424164701,261,,,VZIREQ01,SESS-000326
1000000339,0001,false,true,000000000030000141,2000,SP02,2025-11-09T00:00:00,2.000,EA,2.000,169137.64,2000008101,00010,427643186,261,,,VZIREQ05,SESS-000327
1000000340,0001,false,false,000000000030000142,1000,SP01,2026-02-05T00:00:00,3.000,EA,0.000,0.00,2000008102,00010,414232146,261,,,VZIREQ04,SESS-000328
1000000341,0001,false,true,000000000030000142,1000,SP01,2026-06-18T00:00:00,1.000,EA,1.000,45351.54,2000008103,00010,415481818,261,,,VZIREQ03,SESS-000329
1000000342,0001,false,true,000000000030000143,2000,SP02,2025-10-30T00:00:00,2.000,EA,2.000,28327.46,2000008104,00010,424160189,261,,,VZIREQ04,SESS-000330
1000000343,0001,false,true,000000000030000143,2000,SP02,2025-11-16T00:00:00,1.000,EA,1.000,14163.73,2000008105,00010,421186892,261,,,VZIREQ03,SESS-000331
1000000344,0001,false,false,000000000030000143,3000,SP03,2025-10-09T00:00:00,4.000,EA,0.000,0.00,2000008106,00010,433677219,261,,,VZIREQ04,SESS-000332
1000000345,0001,false,false,000000000030000144,3000,SP03,2026-03-09T00:00:00,2.000,EA,0.000,0.00,2000008107,00010,435498047,261,,,VZIREQ03,SESS-000333
1000000346,0001,false,false,000000000030000144,3000,SP03,2026-02-17T00:00:00,3.000,EA,0.000,0.00,2000008108,00010,439817367,261,,,VZIREQ05,SESS-000334
1000000347,0001,false,true,000000000030000145,3000,SP03,2026-08-09T00:00:00,4.000,EA,4.000,220738.80,2000008109,00010,433114721,261,,,VZIREQ05,SESS-000335
1000000348,0001,false,true,000000000030000145,4000,SP04,2025-12-17T00:00:00,3.000,EA,3.000,165554.10,2000008110,00010,449250656,261,,,VZIREQ02,SESS-000336
1000000349,0001,false,false,000000000030000145,4000,SP04,2026-03-22T00:00:00,1.000,EA,0.000,0.00,2000008111,00010,447959041,261,,,VZIREQ01,SESS-000337
1000000350,0001,false,true,000000000030000146,4000,SP04,2025-12-08T00:00:00,1.000,EA,1.000,51352.24,2000008112,00010,441974761,261,,,VZIREQ04,SESS-000338
1000000351,0001,false,false,000000000030000146,4000,SP04,2026-04-22T00:00:00,2.000,EA,0.000,0.00,2000008113,00010,447065757,261,,,VZIREQ03,SESS-000339
1000000352,0001,false,false,000000000030000146,4000,SP04,2025-11-28T00:00:00,3.000,EA,0.000,0.00,2000008114,00010,449961504,261,,,VZIREQ03,SESS-000340
1000000353,0001,false,true,000000000030000147,3000,SP03,2025-11-20T00:00:00,4.000,EA,4.000,2559408.88,2000008115,00010,439040518,261,,,VZIREQ05,SESS-000341
1000000354,0001,false,false,000000000030000147,3000,SP03,2025-11-14T00:00:00,4.000,EA,0.000,0.00,2000008116,00010,435685681,261,,,VZIREQ01,SESS-000342
1000000355,0001,false,true,000000000030000147,3000,SP03,2026-01-02T00:00:00,2.000,EA,2.000,1279704.44,2000008117,00010,438918046,261,,,VZIREQ02,SESS-000343
1000000356,0001,false,true,000000000030000148,2000,SP02,2026-05-09T00:00:00,2.000,EA,1.000,767281.16,2000008118,00010,427073949,261,,,VZIREQ03,SESS-000344
1000000357,0001,false,true,000000000030000148,2000,SP02,2026-01-24T00:00:00,1.000,EA,1.000,767281.16,2000008119,00010,426529873,261,,,VZIREQ03,SESS-000345
1000000358,0001,false,true,000000000030000148,2000,SP02,2026-04-01T00:00:00,4.000,EA,3.000,2301843.48,2000008120,00010,426124241,261,,,VZIREQ01,SESS-000346
1000000359,0001,false,true,000000000030000149,2000,SP02,2026-02-27T00:00:00,4.000,EA,4.000,3166921.32,2000008121,00010,429554990,261,,,VZIREQ03,
1000000360,0001,false,false,000000000030000149,2000,SP02,2026-02-15T00:00:00,4.000,EA,0.000,0.00,2000008122,00010,425568095,261,,,VZIREQ02,SESS-000347
1000000361,0001,false,false,000000000030000149,2000,SP02,2025-10-25T00:00:00,3.000,EA,0.000,0.00,2000008123,00010,425700191,261,,,VZIREQ03,SESS-000348
1000000362,0001,false,false,000000000030000150,2000,SP02,2026-05-16T00:00:00,3.000,EA,2.000,68433.72,2000008124,00010,426066507,261,,,VZIREQ01,SESS-000349
1000000363,0001,false,false,000000000030000150,2000,SP02,2025-09-20T00:00:00,4.000,EA,0.000,0.00,2000008125,00010,425125873,261,,,VZIREQ04,SESS-000350
1000000364,0001,false,true,000000000030000150,2000,SP02,2025-11-20T00:00:00,3.000,EA,1.000,34216.86,2000008126,00010,422254439,261,,,VZIREQ03,SESS-000351
1000000365,0001,false,false,000000000030000151,3000,SP03,2025-09-06T00:00:00,2.000,EA,0.000,0.00,2000008127,00010,434977262,261,,,VZIREQ03,SESS-000352
1000000366,0001,false,false,000000000030000151,3000,SP03,2026-04-22T00:00:00,1.000,EA,0.000,0.00,2000008128,00010,433800025,261,,,VZIREQ05,SESS-000353
1000000367,0001,false,true,000000000030000151,4000,SP04,2026-03-11T00:00:00,1.000,EA,1.000,4950.33,2000008129,00010,449717399,261,,,VZIREQ05,SESS-000354
1000000368,0001,false,true,000000000030000151,4000,SP04,2026-05-08T00:00:00,1.000,EA,1.000,4950.33,2000008130,00010,445136672,261,,,VZIREQ05,SESS-000355
1000000369,0001,false,true,000000000030000151,4000,SP04,2026-06-13T00:00:00,1.000,EA,1.000,4950.33,2000008131,00010,446589661,261,,,VZIREQ02,SESS-000356
1000000370,0001,false,false,000000000030000152,3000,SP03,2026-07-08T00:00:00,4.000,EA,0.000,0.00,2000008132,00010,437192826,261,,,VZIREQ02,SESS-000357
1000000371,0001,false,false,000000000030000152,3000,SP03,2026-07-25T00:00:00,2.000,EA,0.000,0.00,2000008133,00010,432008828,261,,,VZIREQ05,SESS-000358
1000000372,0001,false,true,000000000030000152,3000,SP03,2026-04-05T00:00:00,1.000,EA,1.000,90141.72,2000008134,00010,434570657,261,,,VZIREQ04,SESS-000359
1000000373,0001,false,true,000000000030000152,2000,SP02,2026-03-06T00:00:00,2.000,EA,2.000,180283.44,2000008135,00010,424120266,261,,,VZIREQ05,SESS-000360
1000000374,0001,false,false,000000000030000152,2000,SP02,2026-01-06T00:00:00,1.000,EA,0.000,0.00,2000008136,00010,428426180,261,,,VZIREQ02,SESS-000361
1000000375,0001,false,true,000000000030000152,2000,SP02,2025-12-20T00:00:00,4.000,EA,4.000,360566.88,2000008137,00010,421436838,261,,,VZIREQ02,SESS-000362
1000000376,0001,false,false,000000000030000153,4000,SP04,2025-11-21T00:00:00,3.000,EA,0.000,0.00,2000008138,00010,449239331,261,,,VZIREQ02,SESS-000363
1000000377,0001,false,false,000000000030000153,4000,SP04,2026-06-29T00:00:00,1.000,EA,0.000,0.00,2000008139,00010,449742981,261,,,VZIREQ03,SESS-000364
1000000378,0001,false,false,000000000030000153,4000,SP04,2026-05-05T00:00:00,3.000,EA,0.000,0.00,2000008140,00010,442733991,261,,,VZIREQ01,SESS-000365
1000000379,0001,false,false,000000000030000154,2000,SP02,2025-11-03T00:00:00,4.000,EA,0.000,0.00,2000008141,00010,426051297,261,,,VZIREQ03,SESS-000366
1000000380,0001,false,false,000000000030000154,2000,SP02,2026-07-04T00:00:00,1.000,EA,0.000,0.00,2000008142,00010,421167136,261,,,VZIREQ04,SESS-000367
1000000381,0001,false,false,000000000030000154,2000,SP02,2025-12-08T00:00:00,3.000,EA,0.000,0.00,2000008143,00010,423450266,261,,,VZIREQ05,SESS-000368
1000000382,0001,false,false,000000000030000155,2000,SP02,2026-02-09T00:00:00,1.000,EA,0.000,0.00,2000008144,00010,429777842,261,,,VZIREQ04,SESS-000369
1000000383,0001,false,false,000000000030000155,2000,SP02,2026-03-19T00:00:00,4.000,EA,0.000,0.00,2000008145,00010,424992622,261,,,VZIREQ05,SESS-000370
1000000384,0001,false,false,000000000030000155,2000,SP02,2025-12-29T00:00:00,4.000,EA,0.000,0.00,2000008146,00010,422242478,261,,,VZIREQ01,SESS-000371
1000000385,0001,false,true,000000000030000155,4000,SP04,2025-10-21T00:00:00,1.000,EA,1.000,93162.38,2000008147,00010,444824765,261,,,VZIREQ01,SESS-000372
1000000386,0001,false,false,000000000030000155,4000,SP04,2025-10-18T00:00:00,3.000,EA,2.000,186324.76,2000008148,00010,448225076,261,,,VZIREQ03,SESS-000373
1000000387,0001,false,true,000000000030000156,3000,SP03,2025-12-21T00:00:00,2.000,EA,2.000,315956.08,2000008149,00010,432724364,261,,,VZIREQ04,SESS-000374
1000000388,0001,false,true,000000000030000156,3000,SP03,2025-10-31T00:00:00,3.000,EA,3.000,473934.12,2000008150,00010,434563246,261,,,VZIREQ02,SESS-000375
1000000389,0001,false,true,000000000030000157,1000,SP01,2026-01-31T00:00:00,3.000,EA,3.000,93796.17,2000008151,00010,414071561,261,,,VZIREQ01,SESS-000376
1000000390,0001,false,true,000000000030000157,1000,SP01,2025-12-13T00:00:00,4.000,EA,4.000,125061.56,2000008152,00010,412337423,261,,,VZIREQ05,SESS-000377
1000000391,0001,false,false,000000000030000158,3000,SP03,2025-10-10T00:00:00,3.000,EA,2.000,293263.52,2000008153,00010,438408220,261,,,VZIREQ04,SESS-000378
1000000392,0001,false,true,000000000030000158,4000,SP04,2025-10-08T00:00:00,4.000,EA,4.000,586527.04,2000008154,00010,445502973,261,,,VZIREQ01,SESS-000379
1000000393,0001,false,false,000000000030000159,3000,SP03,2026-04-06T00:00:00,4.000,EA,0.000,0.00,2000008155,00010,432813321,261,,,VZIREQ01,SESS-000380
1000000394,0001,false,false,000000000030000159,3000,SP03,2026-07-22T00:00:00,2.000,EA,0.000,0.00,2000008156,00010,434598231,261,,,VZIREQ02,SESS-000381
1000000395,0001,false,true,000000000030000159,1000,SP01,2025-11-16T00:00:00,4.000,EA,4.000,248858.04,2000008157,00010,415225353,261,,,VZIREQ05,
1000000396,0001,false,true,000000000030000159,1000,SP01,2026-06-21T00:00:00,3.000,EA,3.000,186643.53,2000008158,00010,415246826,261,,,VZIREQ04,SESS-000382
1000000397,0001,false,false,000000000030000160,4000,SP04,2026-02-13T00:00:00,4.000,EA,0.000,0.00,2000008159,00010,444063756,261,,,VZIREQ02,SESS-000383
1000000398,0001,false,false,000000000030000160,4000,SP04,2026-04-29T00:00:00,2.000,EA,0.000,0.00,2000008160,00010,442008992,261,,,VZIREQ01,SESS-000384
1000000399,0001,false,false,000000000030000161,2000,SP02,2025-12-31T00:00:00,3.000,EA,0.000,0.00,2000008161,00010,424617069,261,,,VZIREQ01,SESS-000385
1000000400,0001,false,false,000000000030000161,2000,SP02,2025-10-31T00:00:00,4.000,EA,0.000,0.00,2000008162,00010,421881882,261,,,VZIREQ02,SESS-000386
1000000401,0001,false,true,000000000030000161,2000,SP02,2026-04-22T00:00:00,1.000,EA,1.000,98235.65,2000008163,00010,424380010,261,,,VZIREQ04,SESS-000387
1000000402,0001,false,false,000000000030000162,1000,SP01,2026-03-09T00:00:00,4.000,EA,0.000,0.00,2000008164,00010,416940705,261,,,VZIREQ04,SESS-000388
1000000403,0001,false,false,000000000030000162,3000,SP03,2026-05-15T00:00:00,2.000,EA,1.000,140848.86,2000008165,00010,439719370,261,,,VZIREQ05,SESS-000389
1000000404,0001,false,true,000000000030000163,2000,SP02,2026-02-04T00:00:00,4.000,EA,4.000,204894.72,2000008166,00010,427705169,261,,,VZIREQ05,SESS-000390
1000000405,0001,false,true,000000000030000163,2000,SP02,2026-03-24T00:00:00,4.000,EA,4.000,204894.72,2000008167,00010,425429137,261,,,VZIREQ01,SESS-000391
1000000406,0001,false,true,000000000030000163,2000,SP02,2026-05-17T00:00:00,2.000,EA,2.000,102447.36,2000008168,00010,426120914,261,,,VZIREQ03,
1000000407,0001,false,false,000000000030000164,1000,SP01,2026-06-03T00:00:00,1.000,EA,0.000,0.00,2000008169,00010,419114895,261,,,VZIREQ01,SESS-000392
1000000408,0001,false,true,000000000030000164,1000,SP01,2025-11-24T00:00:00,4.000,EA,2.000,54618.72,2000008170,00010,417612274,261,,,VZIREQ04,SESS-000393
1000000409,0001,false,false,000000000030000165,3000,SP03,2026-04-09T00:00:00,4.000,EA,0.000,0.00,2000008171,00010,433650849,261,,,VZIREQ02,SESS-000394
1000000410,0001,false,true,000000000030000165,3000,SP03,2026-02-22T00:00:00,3.000,EA,1.000,428292.37,2000008172,00010,435651777,261,,,VZIREQ04,SESS-000395
1000000411,0001,false,false,000000000030000165,3000,SP03,2025-09-01T00:00:00,2.000,EA,0.000,0.00,2000008173,00010,438232880,261,,,VZIREQ05,SESS-000396
1000000412,0001,false,false,000000000030000166,2000,SP02,2025-12-16T00:00:00,1.000,EA,0.000,0.00,2000008174,00010,426202480,261,,,VZIREQ05,SESS-000397
1000000413,0001,false,true,000000000030000166,2000,SP02,2025-12-06T00:00:00,3.000,EA,3.000,463146.69,2000008175,00010,422258254,261,,,VZIREQ03,SESS-000398
1000000414,0001,false,false,000000000030000166,2000,SP02,2025-12-02T00:00:00,3.000,EA,0.000,0.00,2000008176,00010,427212729,261,,,VZIREQ03,SESS-000399
1000000415,0001,false,false,000000000030000167,1000,SP01,2025-11-08T00:00:00,2.000,EA,0.000,0.00,2000008177,00010,413465964,261,,,VZIREQ03,SESS-000400
1000000416,0001,false,true,000000000030000168,2000,SP02,2026-02-27T00:00:00,2.000,EA,2.000,30972.60,2000008178,00010,429995808,261,,,VZIREQ01,SESS-000401
1000000417,0001,false,false,000000000030000169,4000,SP04,2026-07-09T00:00:00,3.000,EA,0.000,0.00,2000008179,00010,442107102,261,,,VZIREQ03,SESS-000402
1000000418,0001,false,false,000000000030000169,4000,SP04,2026-07-27T00:00:00,2.000,EA,0.000,0.00,2000008180,00010,443413645,261,,,VZIREQ03,SESS-000403
1000000419,0001,false,false,000000000030000169,4000,SP04,2026-02-26T00:00:00,3.000,EA,0.000,0.00,2000008181,00010,449599111,261,,,VZIREQ01,SESS-000404
1000000420,0001,false,false,000000000030000169,1000,SP01,2026-03-17T00:00:00,2.000,EA,0.000,0.00,2000008182,00010,419412290,261,,,VZIREQ05,SESS-000405
1000000421,0001,false,true,000000000030000169,1000,SP01,2026-01-09T00:00:00,1.000,EA,1.000,81921.43,2000008183,00010,417946959,261,,,VZIREQ04,SESS-000406
1000000422,0001,false,false,000000000030000170,3000,SP03,2026-03-05T00:00:00,2.000,EA,0.000,0.00,2000008184,00010,439095471,261,,,VZIREQ01,SESS-000407
1000000423,0001,false,false,000000000030000170,3000,SP03,2026-04-01T00:00:00,2.000,EA,0.000,0.00,2000008185,00010,437700510,261,,,VZIREQ05,SESS-000408
1000000424,0001,false,false,000000000030000171,2000,SP02,2025-11-02T00:00:00,3.000,EA,0.000,0.00,2000008186,00010,428982390,261,,,VZIREQ02,SESS-000409
1000000425,0001,false,false,000000000030000171,4000,SP04,2026-06-14T00:00:00,3.000,EA,0.000,0.00,2000008187,00010,447543361,261,,,VZIREQ02,SESS-000410
1000000426,0001,false,true,000000000030000172,1000,SP01,2026-03-14T00:00:00,3.000,EA,3.000,105227.04,2000008188,00010,419954700,261,,,VZIREQ04,
1000000427,0001,false,false,000000000030000172,1000,SP01,2026-05-04T00:00:00,3.000,EA,0.000,0.00,2000008189,00010,418171527,261,,,VZIREQ03,SESS-000411
1000000428,0001,false,true,000000000030000173,2000,SP02,2025-09-06T00:00:00,1.000,EA,1.000,102719.18,2000008190,00010,427096776,261,,,VZIREQ01,SESS-000412
1000000429,0001,false,true,000000000030000174,4000,SP04,2026-01-19T00:00:00,1.000,EA,1.000,37891.36,2000008191,00010,442784722,261,,,VZIREQ03,SESS-000413
1000000430,0001,false,false,000000000030000175,4000,SP04,2025-12-23T00:00:00,4.000,EA,0.000,0.00,2000008192,00010,446537924,261,,,VZIREQ03,SESS-000414
1000000431,0001,false,false,000000000030000175,4000,SP04,2026-08-07T00:00:00,3.000,EA,0.000,0.00,2000008193,00010,448517081,261,,,VZIREQ03,SESS-000415
1000000432,0001,false,false,000000000030000175,4000,SP04,2026-04-02T00:00:00,3.000,EA,0.000,0.00,2000008194,00010,443711667,261,,,VZIREQ05,SESS-000416
1000000433,0001,false,true,000000000030000175,3000,SP03,2025-12-11T00:00:00,1.000,EA,1.000,170488.33,2000008195,00010,433014762,261,,,VZIREQ02,SESS-000417
1000000434,0001,false,true,000000000030000175,3000,SP03,2026-07-04T00:00:00,1.000,EA,1.000,170488.33,2000008196,00010,438070058,261,,,VZIREQ02,
1000000435,0001,false,false,000000000030000175,3000,SP03,2026-07-29T00:00:00,2.000,EA,0.000,0.00,2000008197,00010,432049967,261,,,VZIREQ04,SESS-000418
1000000436,0001,false,true,000000000030000176,4000,SP04,2026-05-01T00:00:00,2.000,EA,2.000,50242.92,2000008198,00010,449675458,261,,,VZIREQ03,SESS-000419
1000000437,0001,false,true,000000000030000176,4000,SP04,2026-02-09T00:00:00,1.000,EA,1.000,25121.46,2000008199,00010,443938388,261,,,VZIREQ03,SESS-000420
1000000438,0001,false,true,000000000030000177,1000,SP01,2026-05-05T00:00:00,4.000,EA,4.000,1971518.56,2000008200,00010,411520195,261,,,VZIREQ04,SESS-000421
1000000439,0001,false,false,000000000030000178,4000,SP04,2026-04-28T00:00:00,2.000,EA,1.000,123413.11,2000008201,00010,445050299,261,,,VZIREQ04,SESS-000422
1000000440,0001,false,true,000000000030000178,4000,SP04,2026-01-29T00:00:00,2.000,EA,2.000,246826.22,2000008202,00010,446547790,261,,,VZIREQ03,SESS-000423
1000000441,0001,false,false,000000000030000178,3000,SP03,2025-12-02T00:00:00,3.000,EA,2.000,246826.22,2000008203,00010,432350660,261,,,VZIREQ02,SESS-000424
1000000442,0001,false,true,000000000030000178,3000,SP03,2025-12-20T00:00:00,1.000,EA,1.000,123413.11,2000008204,00010,435785123,261,,,VZIREQ02,SESS-000425
1000000443,0001,false,false,000000000030000179,1000,SP01,2025-10-08T00:00:00,3.000,EA,2.000,120199.48,2000008205,00010,413073750,261,,,VZIREQ05,SESS-000426
1000000444,0001,false,true,000000000030000179,1000,SP01,2025-10-22T00:00:00,4.000,EA,4.000,240398.96,2000008206,00010,413502518,261,,,VZIREQ04,SESS-000427
1000000445,0001,false,true,000000000030000179,1000,SP01,2025-12-10T00:00:00,1.000,EA,1.000,60099.74,2000008207,00010,416882013,261,,,VZIREQ01,SESS-000428
1000000446,0001,false,false,000000000030000180,3000,SP03,2025-10-14T00:00:00,3.000,EA,0.000,0.00,2000008208,00010,437026373,261,,,VZIREQ03,SESS-000429
1000000447,0001,false,false,000000000030000180,3000,SP03,2025-10-26T00:00:00,4.000,EA,0.000,0.00,2000008209,00010,433242206,261,,,VZIREQ01,SESS-000430
1000000448,0001,false,false,000000000030000180,3000,SP03,2026-02-18T00:00:00,3.000,EA,0.000,0.00,2000008210,00010,436939978,261,,,VZIREQ03,SESS-000431
1000000449,0001,false,false,000000000030000181,4000,SP04,2026-07-28T00:00:00,3.000,EA,2.000,322634.40,2000008211,00010,449452265,261,,,VZIREQ03,SESS-000432
1000000450,0001,false,false,000000000030000181,4000,SP04,2025-10-30T00:00:00,4.000,EA,0.000,0.00,2000008212,00010,441860587,261,,,VZIREQ04,SESS-000433
1000000451,0001,false,false,000000000030000181,4000,SP04,2026-02-12T00:00:00,2.000,EA,0.000,0.00,2000008213,00010,444437890,261,,,VZIREQ02,SESS-000434
1000000452,0001,false,false,000000000030000182,3000,SP03,2026-08-12T00:00:00,3.000,EA,0.000,0.00,2000008214,00010,439007799,261,,,VZIREQ02,SESS-000435
1000000453,0001,false,true,000000000030000183,1000,SP01,2026-02-04T00:00:00,1.000,EA,1.000,114086.93,2000008215,00010,411325957,261,,,VZIREQ05,
1000000454,0001,false,false,000000000030000183,1000,SP01,2026-03-20T00:00:00,1.000,EA,1.000,114086.93,2000008216,00010,416880440,261,,,VZIREQ04,SESS-000436
1000000455,0001,false,false,000000000030000183,1000,SP01,2025-11-28T00:00:00,2.000,EA,0.000,0.00,2000008217,00010,417835947,261,,,VZIREQ02,SESS-000437
1000000456,0001,false,false,000000000030000184,2000,SP02,2026-05-20T00:00:00,3.000,EA,0.000,0.00,2000008218,00010,427475858,261,,,VZIREQ01,SESS-000438
1000000457,0001,false,false,000000000030000184,2000,SP02,2026-07-22T00:00:00,1.000,EA,0.000,0.00,2000008219,00010,424890497,261,,,VZIREQ03,SESS-000439
1000000458,0001,false,true,000000000030000184,2000,SP02,2026-04-19T00:00:00,3.000,EA,3.000,196927.56,2000008220,00010,424130179,261,,,VZIREQ03,SESS-000440
1000000459,0001,false,true,000000000030000185,3000,SP03,2025-09-14T00:00:00,1.000,EA,1.000,81034.72,2000008221,00010,435575744,261,,,VZIREQ05,SESS-000441
1000000460,0001,false,false,000000000030000186,2000,SP02,2025-09-14T00:00:00,3.000,EA,0.000,0.00,2000008222,00010,428297045,261,,,VZIREQ04,SESS-000442
1000000461,0001,false,false,000000000030000187,3000,SP03,2025-11-13T00:00:00,1.000,EA,0.000,0.00,2000008223,00010,433861164,261,,,VZIREQ01,SESS-000443
1000000462,0001,false,true,000000000030000187,3000,SP03,2025-12-27T00:00:00,3.000,EA,2.000,217566.80,2000008224,00010,431911354,261,,,VZIREQ01,SESS-000444
1000000463,0001,false,false,000000000030000187,1000,SP01,2026-06-17T00:00:00,3.000,EA,0.000,0.00,2000008225,00010,418424841,261,,,VZIREQ04,SESS-000445
1000000464,0001,false,true,000000000030000187,1000,SP01,2025-10-16T00:00:00,3.000,EA,3.000,326350.20,2000008226,00010,416694731,261,,,VZIREQ02,SESS-000446
1000000465,0001,false,true,000000000030000187,1000,SP01,2025-09-27T00:00:00,1.000,EA,1.000,108783.40,2000008227,00010,411395994,261,,,VZIREQ03,SESS-000447
1000000466,0001,false,false,000000000030000188,3000,SP03,2025-11-07T00:00:00,3.000,EA,0.000,0.00,2000008228,00010,434498654,261,,,VZIREQ02,SESS-000448
1000000467,0001,false,false,000000000030000188,3000,SP03,2026-08-02T00:00:00,4.000,EA,0.000,0.00,2000008229,00010,438076359,261,,,VZIREQ02,SESS-000449
1000000468,0001,false,true,000000000030000188,3000,SP03,2026-01-24T00:00:00,2.000,EA,2.000,234987.76,2000008230,00010,438598998,261,,,VZIREQ05,SESS-000450
1000000469,0001,false,false,000000000030000189,2000,SP02,2026-03-10T00:00:00,2.000,EA,0.000,0.00,2000008231,00010,425580957,261,,,VZIREQ04,SESS-000451
1000000470,0001,false,true,000000000030000189,2000,SP02,2025-12-06T00:00:00,3.000,EA,3.000,1405600.65,2000008232,00010,421127257,261,,,VZIREQ04,SESS-000452
1000000471,0001,false,false,000000000030000189,3000,SP03,2025-10-21T00:00:00,2.000,EA,0.000,0.00,2000008233,00010,435462121,261,,,VZIREQ01,SESS-000453
1000000472,0001,false,true,000000000030000189,3000,SP03,2026-05-07T00:00:00,4.000,EA,2.000,937067.10,2000008234,00010,434588215,261,,,VZIREQ01,SESS-000454
1000000473,0001,false,true,000000000030000190,1000,SP01,2025-11-12T00:00:00,4.000,EA,4.000,1875370.36,2000008235,00010,419554217,261,,,VZIREQ03,SESS-000455
1000000474,0001,false,true,000000000030000190,1000,SP01,2026-05-06T00:00:00,3.000,EA,3.000,1406527.77,2000008236,00010,416241324,261,,,VZIREQ04,SESS-000456
1000000475,0001,false,true,000000000030000191,2000,SP02,2026-02-15T00:00:00,3.000,EA,1.000,33107.25,2000008237,00010,422676091,261,,,VZIREQ03,SESS-000457
1000000476,0001,false,true,000000000030000192,4000,SP04,2025-11-05T00:00:00,2.000,EA,2.000,646818.96,2000008238,00010,443787970,261,,,VZIREQ01,SESS-000458
1000000477,0001,false,true,000000000030000192,4000,SP04,2026-04-04T00:00:00,1.000,EA,1.000,323409.48,2000008239,00010,444999948,261,,,VZIREQ01,SESS-000459
1000000478,0001,false,true,000000000030000192,4000,SP04,2025-12-10T00:00:00,1.000,EA,1.000,323409.48,2000008240,00010,448588710,261,,,VZIREQ01,SESS-000460
1000000479,0001,false,false,000000000030000192,1000,SP01,2025-11-23T00:00:00,2.000,EA,0.000,0.00,2000008241,00010,411285019,261,,,VZIREQ02,SESS-000461
1000000480,0001,false,true,000000000030000192,1000,SP01,2026-03-22T00:00:00,4.000,EA,4.000,1293637.92,2000008242,00010,416449689,261,,,VZIREQ05,SESS-000462
1000000481,0001,false,true,000000000030000192,1000,SP01,2025-07-29T00:00:00,2.000,EA,2.000,646818.96,2000008243,00010,411334183,261,,,VZIREQ01,SESS-000463
1000000482,0001,false,false,000000000030000193,1000,SP01,2026-07-29T00:00:00,1.000,EA,0.000,0.00,2000008244,00010,412184509,261,,,VZIREQ01,SESS-000464
1000000483,0001,false,true,000000000030000194,1000,SP01,2026-05-11T00:00:00,2.000,EA,2.000,321695.10,2000008245,00010,413368033,261,,,VZIREQ05,SESS-000465
1000000484,0001,false,false,000000000030000194,1000,SP01,2026-07-27T00:00:00,4.000,EA,0.000,0.00,2000008246,00010,412970997,261,,,VZIREQ01,SESS-000466
1000000485,0001,false,true,000000000030000194,1000,SP01,2026-05-04T00:00:00,3.000,EA,3.000,482542.65,2000008247,00010,419602741,261,,,VZIREQ01,SESS-000467
1000000486,0001,false,true,000000000030000195,3000,SP03,2026-03-18T00:00:00,1.000,EA,1.000,16103.96,2000008248,00010,439258981,261,,,VZIREQ05,SESS-000468
1000000487,0001,false,false,000000000030000196,3000,SP03,2026-01-26T00:00:00,3.000,EA,0.000,0.00,2000008249,00010,439705750,261,,,VZIREQ04,SESS-000469
1000000488,0001,false,false,000000000030000196,3000,SP03,2026-05-13T00:00:00,4.000,EA,2.000,156418.38,2000008250,00010,434238787,261,,,VZIREQ02,SESS-000470
1000000489,0001,false,false,000000000030000196,3000,SP03,2025-10-22T00:00:00,1.000,EA,0.000,0.00,2000008251,00010,431690808,261,,,VZIREQ05,SESS-000471
1000000490,0001,false,true,000000000030000197,3000,SP03,2026-04-10T00:00:00,1.000,EA,1.000,92715.87,2000008252,00010,437869154,261,,,VZIREQ04,SESS-000472
1000000491,0001,false,false,000000000030000197,3000,SP03,2026-06-04T00:00:00,2.000,EA,0.000,0.00,2000008253,00010,432171305,261,,,VZIREQ04,SESS-000473
1000000492,0001,false,true,000000000030000197,3000,SP03,2026-05-03T00:00:00,4.000,EA,4.000,370863.48,2000008254,00010,439738626,261,,,VZIREQ04,SESS-000474
1000000493,0001,false,true,000000000030000197,4000,SP04,2025-12-10T00:00:00,3.000,EA,3.000,278147.61,2000008255,00010,441358397,261,,,VZIREQ02,SESS-000475
1000000494,0001,false,true,000000000030000197,4000,SP04,2026-07-28T00:00:00,2.000,EA,2.000,185431.74,2000008256,00010,448066758,261,,,VZIREQ02,SESS-000476
1000000495,0001,false,true,000000000030000197,4000,SP04,2025-11-28T00:00:00,2.000,EA,1.000,92715.87,2000008257,00010,448282342,261,,,VZIREQ04,SESS-000477
1000000496,0001,false,false,000000000030000198,2000,SP02,2026-01-07T00:00:00,2.000,EA,0.000,0.00,2000008258,00010,429228859,261,,,VZIREQ05,SESS-000478
1000000497,0001,false,false,000000000030000199,3000,SP03,2025-12-16T00:00:00,3.000,EA,0.000,0.00,2000008259,00010,436279727,261,,,VZIREQ01,SESS-000479
1000000498,0001,false,false,000000000030000199,3000,SP03,2026-03-25T00:00:00,3.000,EA,0.000,0.00,2000008260,00010,431136317,261,,,VZIREQ02,SESS-000480
1000000499,0001,false,true,000000000030000199,3000,SP03,2026-07-18T00:00:00,3.000,EA,3.000,227411.73,2000008261,00010,437598828,261,,,VZIREQ03,
1000000500,0001,false,true,000000000030000200,1000,SP01,2026-01-14T00:00:00,2.000,EA,1.000,23644.28,2000008262,00010,418319062,261,,,VZIREQ05,SESS-000481
1000000501,0001,false,false,000000000030000200,1000,SP01,2026-01-10T00:00:00,2.000,EA,0.000,0.00,2000008263,00010,419445236,261,,,VZIREQ04,SESS-000482
1000000502,0001,false,true,000000000030000200,1000,SP01,2026-02-17T00:00:00,4.000,EA,4.000,94577.12,2000008264,00010,418724396,261,,,VZIREQ01,
1000000503,0001,false,true,000000000030000201,2000,SP02,2026-01-24T00:00:00,1.000,EA,1.000,79217.82,2000008265,00010,428015885,261,,,VZIREQ03,SESS-000483
1000000504,0001,false,false,000000000030000202,3000,SP03,2025-11-12T00:00:00,3.000,EA,0.000,0.00,2000008266,00010,435958527,261,,,VZIREQ02,SESS-000484
1000000505,0001,false,true,000000000030000202,3000,SP03,2026-06-13T00:00:00,2.000,EA,2.000,113200.64,2000008267,00010,435209685,261,,,VZIREQ03,SESS-000485
1000000506,0001,false,true,000000000030000202,3000,SP03,2026-08-04T00:00:00,3.000,EA,3.000,169800.96,2000008268,00010,432484413,261,,,VZIREQ03,SESS-000486
1000000507,0001,false,true,000000000030000203,1000,SP01,2026-05-01T00:00:00,2.000,EA,1.000,53858.38,2000008269,00010,418135501,261,,,VZIREQ03,SESS-000487
1000000508,0001,false,false,000000000030000204,3000,SP03,2025-12-09T00:00:00,4.000,EA,0.000,0.00,2000008270,00010,435475218,261,,,VZIREQ03,SESS-000488
1000000509,0001,false,true,000000000030000204,3000,SP03,2026-06-19T00:00:00,2.000,EA,2.000,43841.98,2000008271,00010,435498325,261,,,VZIREQ01,SESS-000489
1000000510,0001,false,false,000000000030000204,3000,SP03,2026-02-21T00:00:00,3.000,EA,0.000,0.00,2000008272,00010,433298688,261,,,VZIREQ04,SESS-000490
1000000511,0001,false,false,000000000030000205,2000,SP02,2025-11-11T00:00:00,2.000,EA,1.000,132317.21,2000008273,00010,423315280,261,,,VZIREQ01,SESS-000491
1000000512,0001,false,true,000000000030000206,2000,SP02,2026-02-13T00:00:00,3.000,EA,3.000,264222.48,2000008274,00010,421862613,261,,,VZIREQ04,SESS-000492
1000000513,0001,false,false,000000000030000206,2000,SP02,2026-03-16T00:00:00,4.000,EA,0.000,0.00,2000008275,00010,423163250,261,,,VZIREQ03,SESS-000493
1000000514,0001,false,false,000000000030000206,2000,SP02,2025-10-28T00:00:00,4.000,EA,2.000,176148.32,2000008276,00010,424634346,261,,,VZIREQ01,SESS-000494
1000000515,0001,false,false,000000000030000206,3000,SP03,2026-05-15T00:00:00,1.000,EA,0.000,0.00,2000008277,00010,438793137,261,,,VZIREQ04,SESS-000495
1000000516,0001,false,false,000000000030000207,1000,SP01,2025-11-04T00:00:00,2.000,EA,0.000,0.00,2000008278,00010,416821992,261,,,VZIREQ04,SESS-000496
1000000517,0001,false,false,000000000030000207,1000,SP01,2025-08-23T00:00:00,2.000,EA,0.000,0.00,2000008279,00010,411941706,261,,,VZIREQ01,SESS-000497
1000000518,0001,false,false,000000000030000208,1000,SP01,2026-03-03T00:00:00,3.000,EA,0.000,0.00,2000008280,00010,415428666,261,,,VZIREQ04,SESS-000498
1000000519,0001,false,false,000000000030000208,1000,SP01,2026-03-10T00:00:00,4.000,EA,0.000,0.00,2000008281,00010,419343324,261,,,VZIREQ04,SESS-000499
1000000520,0001,false,false,000000000030000209,2000,SP02,2026-03-28T00:00:00,1.000,EA,0.000,0.00,2000008282,00010,424879665,261,,,VZIREQ03,SESS-000500
1000000521,0001,false,true,000000000030000209,2000,SP02,2025-10-20T00:00:00,2.000,EA,2.000,1560749.32,2000008283,00010,426132378,261,,,VZIREQ04,SESS-000501
1000000522,0001,false,false,000000000030000209,2000,SP02,2025-10-28T00:00:00,4.000,EA,0.000,0.00,2000008284,00010,426370658,261,,,VZIREQ01,SESS-000502
1000000523,0001,false,true,000000000030000210,1000,SP01,2025-11-12T00:00:00,4.000,EA,4.000,467157.76,2000008285,00010,418842296,261,,,VZIREQ02,SESS-000503
1000000524,0001,false,false,000000000030000210,1000,SP01,2026-07-08T00:00:00,3.000,EA,0.000,0.00,2000008286,00010,415200165,261,,,VZIREQ02,SESS-000504
1000000525,0001,false,false,000000000030000210,1000,SP01,2025-11-07T00:00:00,3.000,EA,0.000,0.00,2000008287,00010,419650229,261,,,VZIREQ05,SESS-000505
1000000526,0001,false,false,000000000030000211,3000,SP03,2026-03-02T00:00:00,1.000,EA,0.000,0.00,2000008288,00010,436320664,261,,,VZIREQ03,SESS-000506
1000000527,0001,false,false,000000000030000211,3000,SP03,2026-07-29T00:00:00,1.000,EA,0.000,0.00,2000008289,00010,437660135,261,,,VZIREQ03,SESS-000507
1000000528,0001,false,false,000000000030000212,1000,SP01,2026-04-02T00:00:00,1.000,EA,0.000,0.00,2000008290,00010,411455845,261,,,VZIREQ05,SESS-000508
1000000529,0001,false,false,000000000030000212,1000,SP01,2025-12-16T00:00:00,2.000,EA,0.000,0.00,2000008291,00010,419447718,261,,,VZIREQ04,SESS-000509
1000000530,0001,false,true,000000000030000213,4000,SP04,2025-11-20T00:00:00,2.000,EA,2.000,849132.90,2000008292,00010,444360371,261,,,VZIREQ03,SESS-000510
1000000531,0001,false,false,000000000030000214,3000,SP03,2026-05-29T00:00:00,3.000,EA,0.000,0.00,2000008293,00010,434758368,261,,,VZIREQ03,SESS-000511
1000000532,0001,false,true,000000000030000214,3000,SP03,2026-04-02T00:00:00,1.000,EA,1.000,682900.93,2000008294,00010,432132197,261,,,VZIREQ01,SESS-000512
1000000533,0001,false,true,000000000030000214,3000,SP03,2025-10-09T00:00:00,4.000,EA,4.000,2731603.72,2000008295,00010,438272877,261,,,VZIREQ01,SESS-000513
1000000534,0001,false,false,000000000030000215,1000,SP01,2025-12-22T00:00:00,2.000,EA,1.000,98994.00,2000008296,00010,416969652,261,,,VZIREQ04,SESS-000514
1000000535,0001,false,false,000000000030000215,1000,SP01,2026-05-03T00:00:00,1.000,EA,1.000,98994.00,2000008297,00010,414310058,261,,,VZIREQ05,SESS-000515
1000000536,0001,false,false,000000000030000215,1000,SP01,2026-01-30T00:00:00,2.000,EA,0.000,0.00,2000008298,00010,413212360,261,,,VZIREQ02,SESS-000516
1000000537,0001,false,false,000000000030000216,4000,SP04,2026-04-13T00:00:00,3.000,EA,0.000,0.00,2000008299,00010,444460037,261,,,VZIREQ04,SESS-000517
1000000538,0001,false,false,000000000030000216,4000,SP04,2026-01-30T00:00:00,2.000,EA,0.000,0.00,2000008300,00010,446395043,261,,,VZIREQ05,SESS-000518
1000000539,0001,false,false,000000000030000217,4000,SP04,2026-02-23T00:00:00,3.000,EA,0.000,0.00,2000008301,00010,448964389,261,,,VZIREQ03,SESS-000519
1000000540,0001,false,false,000000000030000217,4000,SP04,2025-11-14T00:00:00,3.000,EA,0.000,0.00,2000008302,00010,446720284,261,,,VZIREQ04,SESS-000520
1000000541,0001,false,false,000000000030000217,4000,SP04,2026-02-04T00:00:00,3.000,EA,0.000,0.00,2000008303,00010,442441844,261,,,VZIREQ03,SESS-000521
1000000542,0001,false,true,000000000030000217,3000,SP03,2026-02-27T00:00:00,2.000,EA,2.000,206383.42,2000008304,00010,432844910,261,,,VZIREQ05,SESS-000522
1000000543,0001,false,true,000000000030000218,1000,SP01,2025-10-27T00:00:00,3.000,EA,3.000,241632.78,2000008305,00010,411309793,261,,,VZIREQ03,SESS-000523
1000000544,0001,false,true,000000000030000219,1000,SP01,2026-04-07T00:00:00,3.000,EA,3.000,181420.95,2000008306,00010,417340967,261,,,VZIREQ05,SESS-000524
1000000545,0001,false,false,000000000030000219,1000,SP01,2026-06-07T00:00:00,4.000,EA,2.000,120947.30,2000008307,00010,419424486,261,,,VZIREQ02,SESS-000525
1000000546,0001,false,false,000000000030000219,1000,SP01,2026-01-18T00:00:00,3.000,EA,0.000,0.00,2000008308,00010,419860884,261,,,VZIREQ05,SESS-000526
1000000547,0001,false,false,000000000030000220,2000,SP02,2025-08-14T00:00:00,4.000,EA,0.000,0.00,2000008309,00010,422571207,261,,,VZIREQ03,SESS-000527
1000000548,0001,false,false,000000000030000220,2000,SP02,2025-10-26T00:00:00,1.000,EA,0.000,0.00,2000008310,00010,421383823,261,,,VZIREQ05,SESS-000528
1000000549,0001,false,false,000000000030000220,2000,SP02,2026-04-05T00:00:00,2.000,EA,1.000,164698.61,2000008311,00010,422742095,261,,,VZIREQ01,SESS-000529
1000000550,0001,false,true,000000000030000221,4000,SP04,2025-11-25T00:00:00,2.000,EA,1.000,169157.20,2000008312,00010,442055304,261,,,VZIREQ04,SESS-000530
1000000551,0001,false,true,000000000030000221,4000,SP04,2026-04-25T00:00:00,3.000,EA,3.000,507471.60,2000008313,00010,444790779,261,,,VZIREQ04,SESS-000531
1000000552,0001,false,true,000000000030000222,1000,SP01,2025-12-18T00:00:00,2.000,EA,2.000,189301.56,2000008314,00010,411294259,261,,,VZIREQ01,SESS-000532
1000000553,0001,false,false,000000000030000222,2000,SP02,2026-05-27T00:00:00,2.000,EA,0.000,0.00,2000008315,00010,427597005,261,,,VZIREQ04,SESS-000533
1000000554,0001,false,false,000000000030000222,2000,SP02,2026-03-21T00:00:00,1.000,EA,1.000,94650.78,2000008316,00010,421352335,261,,,VZIREQ05,SESS-000534
1000000555,0001,false,false,000000000030000222,2000,SP02,2026-06-01T00:00:00,2.000,EA,0.000,0.00,2000008317,00010,422698121,261,,,VZIREQ03,SESS-000535
1000000556,0001,false,false,000000000030000223,4000,SP04,2026-07-29T00:00:00,2.000,EA,0.000,0.00,2000008318,00010,447276110,261,,,VZIREQ04,SESS-000536
1000000557,0001,false,false,000000000030000223,4000,SP04,2026-04-06T00:00:00,3.000,EA,2.000,226922.92,2000008319,00010,446344511,261,,,VZIREQ05,SESS-000537
1000000558,0001,false,true,000000000030000223,4000,SP04,2026-07-01T00:00:00,2.000,EA,2.000,226922.92,2000008320,00010,447127205,261,,,VZIREQ04,SESS-000538
1000000559,0001,false,true,000000000030000223,3000,SP03,2026-01-14T00:00:00,4.000,EA,4.000,453845.84,2000008321,00010,436857528,261,,,VZIREQ01,SESS-000539
1000000560,0001,false,false,000000000030000224,2000,SP02,2025-09-05T00:00:00,4.000,EA,0.000,0.00,2000008322,00010,429109469,261,,,VZIREQ03,SESS-000540
1000000561,0001,false,true,000000000030000224,2000,SP02,2025-08-06T00:00:00,4.000,EA,2.000,62871.98,2000008323,00010,428366409,261,,,VZIREQ04,SESS-000541
1000000562,0001,false,false,000000000030000224,4000,SP04,2026-05-01T00:00:00,4.000,EA,0.000,0.00,2000008324,00010,441500481,261,,,VZIREQ04,SESS-000542
1000000563,0001,false,false,000000000030000224,4000,SP04,2026-02-21T00:00:00,4.000,EA,0.000,0.00,2000008325,00010,444860409,261,,,VZIREQ04,SESS-000543
1000000564,0001,false,false,000000000030000225,1000,SP01,2026-03-15T00:00:00,3.000,EA,0.000,0.00,2000008326,00010,416835242,261,,,VZIREQ01,SESS-000544
1000000565,0001,false,false,000000000030000225,1000,SP01,2026-02-18T00:00:00,1.000,EA,0.000,0.00,2000008327,00010,413874078,261,,,VZIREQ01,SESS-000545
1000000566,0001,false,true,000000000030000225,1000,SP01,2026-05-13T00:00:00,3.000,EA,2.000,103781.98,2000008328,00010,412904328,261,,,VZIREQ04,SESS-000546
1000000567,0001,false,false,000000000030000225,4000,SP04,2025-12-03T00:00:00,3.000,EA,0.000,0.00,2000008329,00010,449335188,261,,,VZIREQ02,SESS-000547
1000000568,0001,false,false,000000000030000225,4000,SP04,2026-05-11T00:00:00,3.000,EA,2.000,103781.98,2000008330,00010,444759846,261,,,VZIREQ02,SESS-000548
1000000569,0001,false,false,000000000030000226,1000,SP01,2026-02-24T00:00:00,1.000,EA,1.000,9735.50,2000008331,00010,419911689,261,,,VZIREQ05,SESS-000549
1000000570,0001,false,true,000000000030000226,1000,SP01,2025-12-27T00:00:00,3.000,EA,3.000,29206.50,2000008332,00010,412531037,261,,,VZIREQ03,
1000000571,0001,false,false,000000000030000226,1000,SP01,2026-04-07T00:00:00,4.000,EA,0.000,0.00,2000008333,00010,419581162,261,,,VZIREQ04,SESS-000550
1000000572,0001,false,true,000000000030000227,3000,SP03,2026-03-16T00:00:00,1.000,EA,1.000,20114.16,2000008334,00010,432965853,261,,,VZIREQ03,SESS-000551
1000000573,0001,false,true,000000000030000227,3000,SP03,2026-03-30T00:00:00,3.000,EA,2.000,40228.32,2000008335,00010,436244134,261,,,VZIREQ03,SESS-000552
1000000574,0001,false,true,000000000030000227,3000,SP03,2025-10-15T00:00:00,2.000,EA,2.000,40228.32,2000008336,00010,432619654,261,,,VZIREQ05,SESS-000553
1000000575,0001,false,true,000000000030000228,2000,SP02,2026-04-20T00:00:00,2.000,EA,1.000,617956.62,2000008337,00010,424294134,261,,,VZIREQ04,SESS-000554
1000000576,0001,false,false,000000000030000228,2000,SP02,2025-12-18T00:00:00,2.000,EA,1.000,617956.62,2000008338,00010,422774911,261,,,VZIREQ05,SESS-000555
1000000577,0001,false,false,000000000030000229,3000,SP03,2026-01-16T00:00:00,3.000,EA,0.000,0.00,2000008339,00010,433097608,261,,,VZIREQ05,SESS-000556
1000000578,0001,false,false,000000000030000230,1000,SP01,2025-10-12T00:00:00,4.000,EA,0.000,0.00,2000008340,00010,416708947,261,,,VZIREQ02,SESS-000557
1000000579,0001,false,false,000000000030000230,4000,SP04,2026-02-15T00:00:00,2.000,EA,0.000,0.00,2000008341,00010,443883063,261,,,VZIREQ02,SESS-000558
1000000580,0001,false,false,000000000030000230,4000,SP04,2025-12-02T00:00:00,1.000,EA,0.000,0.00,2000008342,00010,446881919,261,,,VZIREQ04,SESS-000559
1000000581,0001,false,false,000000000030000231,1000,SP01,2026-04-23T00:00:00,3.000,EA,0.000,0.00,2000008343,00010,414661184,261,,,VZIREQ01,SESS-000560
1000000582,0001,false,false,000000000030000232,1000,SP01,2025-12-13T00:00:00,3.000,EA,2.000,301895.28,2000008344,00010,415576301,261,,,VZIREQ04,SESS-000561
1000000583,0001,false,false,000000000030000232,1000,SP01,2026-04-01T00:00:00,1.000,EA,0.000,0.00,2000008345,00010,416193051,261,,,VZIREQ03,SESS-000562
1000000584,0001,false,true,000000000030000233,1000,SP01,2025-11-24T00:00:00,2.000,EA,1.000,46324.97,2000008346,00010,418944420,261,,,VZIREQ01,SESS-000563
1000000585,0001,false,false,000000000030000233,1000,SP01,2025-11-24T00:00:00,1.000,EA,0.000,0.00,2000008347,00010,411448552,261,,,VZIREQ01,SESS-000564
1000000586,0001,false,false,000000000030000233,1000,SP01,2026-05-14T00:00:00,4.000,EA,0.000,0.00,2000008348,00010,411438426,261,,,VZIREQ02,SESS-000565
1000000587,0001,false,false,000000000030000234,1000,SP01,2025-08-14T00:00:00,1.000,EA,1.000,247763.14,2000008349,00010,416409758,261,,,VZIREQ04,SESS-000566
1000000588,0001,false,false,000000000030000234,1000,SP01,2026-02-15T00:00:00,1.000,EA,0.000,0.00,2000008350,00010,413824384,261,,,VZIREQ05,SESS-000567
1000000589,0001,false,true,000000000030000234,1000,SP01,2025-12-23T00:00:00,2.000,EA,2.000,495526.28,2000008351,00010,418422649,261,,,VZIREQ05,SESS-000568
1000000590,0001,false,true,000000000030000235,4000,SP04,2026-07-10T00:00:00,1.000,EA,1.000,114444.48,2000008352,00010,445763150,261,,,VZIREQ02,SESS-000569
1000000591,0001,false,false,000000000030000235,4000,SP04,2026-02-27T00:00:00,4.000,EA,0.000,0.00,2000008353,00010,445766617,261,,,VZIREQ03,SESS-000570
1000000592,0001,false,false,000000000030000236,2000,SP02,2025-11-18T00:00:00,1.000,EA,0.000,0.00,2000008354,00010,425581823,261,,,VZIREQ04,SESS-000571
1000000593,0001,false,false,000000000030000236,2000,SP02,2026-06-12T00:00:00,1.000,EA,0.000,0.00,2000008355,00010,421309843,261,,,VZIREQ01,SESS-000572
1000000594,0001,false,false,000000000030000236,2000,SP02,2026-06-30T00:00:00,2.000,EA,0.000,0.00,2000008356,00010,423116691,261,,,VZIREQ01,SESS-000573
1000000595,0001,false,false,000000000030000237,2000,SP02,2026-02-18T00:00:00,2.000,EA,0.000,0.00,2000008357,00010,424338265,261,,,VZIREQ01,SESS-000574
1000000596,0001,false,false,000000000030000237,2000,SP02,2025-11-18T00:00:00,3.000,EA,0.000,0.00,2000008358,00010,423115429,261,,,VZIREQ01,SESS-000575
1000000597,0001,false,true,000000000030000238,2000,SP02,2026-01-21T00:00:00,3.000,EA,3.000,814710.93,2000008359,00010,429978129,261,,,VZIREQ04,SESS-000576
1000000598,0001,false,false,000000000030000239,1000,SP01,2026-01-12T00:00:00,3.000,EA,2.000,284417.70,2000008360,00010,419323321,261,,,VZIREQ02,SESS-000577
1000000599,0001,false,true,000000000030000239,1000,SP01,2026-06-19T00:00:00,4.000,EA,4.000,568835.40,2000008361,00010,414433314,261,,,VZIREQ02,SESS-000578
1000000600,0001,false,true,000000000030000240,3000,SP03,2025-12-27T00:00:00,1.000,EA,1.000,430798.53,2000008362,00010,431571955,261,,,VZIREQ04,SESS-000579
1000000601,0001,false,true,000000000030000240,3000,SP03,2025-10-19T00:00:00,4.000,EA,4.000,1723194.12,2000008363,00010,434888291,261,,,VZIREQ02,SESS-000580
1000000602,0001,false,false,000000000030000240,3000,SP03,2026-04-14T00:00:00,2.000,EA,0.000,0.00,2000008364,00010,431494140,261,,,VZIREQ03,SESS-000581
1000000603,0001,false,false,000000000030000241,4000,SP04,2026-03-15T00:00:00,4.000,EA,2.000,133040.42,2000008365,00010,444245907,261,,,VZIREQ04,SESS-000582
1000000604,0001,false,false,000000000030000242,4000,SP04,2026-02-11T00:00:00,2.000,EA,0.000,0.00,2000008366,00010,443883460,261,,,VZIREQ03,SESS-000583
1000000605,0001,false,true,000000000030000243,1000,SP01,2026-04-20T00:00:00,2.000,EA,2.000,305155.84,2000008367,00010,416974645,261,,,VZIREQ03,SESS-000584
1000000606,0001,false,true,000000000030000243,1000,SP01,2026-05-02T00:00:00,4.000,EA,4.000,610311.68,2000008368,00010,414906996,261,,,VZIREQ04,SESS-000585
1000000607,0001,false,true,000000000030000244,4000,SP04,2025-12-21T00:00:00,2.000,EA,2.000,235432.22,2000008369,00010,441155054,261,,,VZIREQ01,
1000000608,0001,false,false,000000000030000244,4000,SP04,2025-08-21T00:00:00,3.000,EA,0.000,0.00,2000008370,00010,445636255,261,,,VZIREQ03,SESS-000586
1000000609,0001,false,true,000000000030000244,4000,SP04,2026-02-27T00:00:00,2.000,EA,1.000,117716.11,2000008371,00010,449152078,261,,,VZIREQ05,SESS-000587
1000000610,0001,false,false,000000000030000245,1000,SP01,2026-01-09T00:00:00,4.000,EA,0.000,0.00,2000008372,00010,414574679,261,,,VZIREQ01,SESS-000588
1000000611,0001,false,false,000000000030000245,1000,SP01,2026-05-21T00:00:00,3.000,EA,0.000,0.00,2000008373,00010,417241789,261,,,VZIREQ02,SESS-000589
1000000612,0001,false,false,000000000030000245,1000,SP01,2026-03-25T00:00:00,4.000,EA,0.000,0.00,2000008374,00010,412087942,261,,,VZIREQ05,SESS-000590
1000000613,0001,false,false,000000000030000246,4000,SP04,2025-12-24T00:00:00,3.000,EA,2.000,291802.94,2000008375,00010,448386163,261,,,VZIREQ02,SESS-000591
1000000614,0001,false,true,000000000030000246,4000,SP04,2025-12-28T00:00:00,1.000,EA,1.000,145901.47,2000008376,00010,444005679,261,,,VZIREQ01,SESS-000592
1000000615,0001,false,true,000000000030000246,4000,SP04,2026-07-15T00:00:00,1.000,EA,1.000,145901.47,2000008377,00010,443106904,261,,,VZIREQ04,SESS-000593
1000000616,0001,false,false,000000000030000247,4000,SP04,2026-04-25T00:00:00,4.000,EA,0.000,0.00,2000008378,00010,443753794,261,,,VZIREQ02,SESS-000594
1000000617,0001,false,false,000000000030000247,4000,SP04,2026-02-08T00:00:00,3.000,EA,0.000,0.00,2000008379,00010,445452219,261,,,VZIREQ05,SESS-000595
1000000618,0001,false,true,000000000030000247,4000,SP04,2026-06-28T00:00:00,4.000,EA,3.000,82162.68,2000008380,00010,449031242,261,,,VZIREQ01,SESS-000596
1000000619,0001,false,true,000000000030000248,4000,SP04,2025-10-22T00:00:00,3.000,EA,3.000,466107.84,2000008381,00010,444825306,261,,,VZIREQ03,SESS-000597
1000000620,0001,false,true,000000000030000248,4000,SP04,2025-10-30T00:00:00,4.000,EA,4.000,621477.12,2000008382,00010,445891639,261,,,VZIREQ02,SESS-000598
1000000621,0001,false,false,000000000030000248,4000,SP04,2026-01-27T00:00:00,2.000,EA,0.000,0.00,2000008383,00010,449474238,261,,,VZIREQ01,SESS-000599
1000000622,0001,false,true,000000000030000248,2000,SP02,2026-06-08T00:00:00,2.000,EA,2.000,310738.56,2000008384,00010,421342066,261,,,VZIREQ04,SESS-000600
1000000623,0001,false,true,000000000030000248,2000,SP02,2026-01-16T00:00:00,2.000,EA,1.000,155369.28,2000008385,00010,426188809,261,,,VZIREQ04,SESS-000601
1000000624,0001,false,false,000000000030000249,2000,SP02,2026-01-18T00:00:00,2.000,EA,0.000,0.00,2000008386,00010,426395020,261,,,VZIREQ01,SESS-000602
1000000625,0001,false,false,000000000030000249,2000,SP02,2025-12-05T00:00:00,1.000,EA,1.000,80525.24,2000008387,00010,424977428,261,,,VZIREQ02,SESS-000603
1000000626,0001,false,false,000000000030000249,2000,SP02,2025-09-08T00:00:00,1.000,EA,0.000,0.00,2000008388,00010,427358854,261,,,VZIREQ05,SESS-000604
1000000627,0001,false,true,000000000030000250,4000,SP04,2026-05-05T00:00:00,3.000,EA,3.000,312934.59,2000008389,00010,443234080,261,,,VZIREQ05,
1000000628,0001,false,true,000000000030000251,1000,SP01,2026-06-03T00:00:00,2.000,EA,1.000,176044.59,2000008390,00010,412218454,261,,,VZIREQ04,SESS-000605
1000000629,0001,false,false,000000000030000252,1000,SP01,2026-08-28T00:00:00,2.000,EA,1.000,48763.12,2000008391,00010,415083437,261,,,VZIREQ02,SESS-000606
1000000630,0001,false,true,000000000030000252,1000,SP01,2026-04-02T00:00:00,3.000,EA,3.000,146289.36,2000008392,00010,414275689,261,,,VZIREQ02,
1000000631,0001,false,true,000000000030000253,3000,SP03,2026-07-27T00:00:00,1.000,EA,1.000,380892.80,2000008393,00010,431741561,261,,,VZIREQ01,SESS-000607
1000000632,0001,false,true,000000000030000253,3000,SP03,2026-03-30T00:00:00,2.000,EA,1.000,380892.80,2000008394,00010,435204398,261,,,VZIREQ04,SESS-000608
1000000633,0001,false,false,000000000030000254,3000,SP03,2026-03-04T00:00:00,4.000,EA,0.000,0.00,2000008395,00010,434702891,261,,,VZIREQ04,SESS-000609
1000000634,0001,false,false,000000000030000254,3000,SP03,2026-03-06T00:00:00,2.000,EA,0.000,0.00,2000008396,00010,436046779,261,,,VZIREQ01,SESS-000610
1000000635,0001,false,false,000000000030000255,1000,SP01,2025-11-11T00:00:00,2.000,EA,0.000,0.00,2000008397,00010,419037265,261,,,VZIREQ03,SESS-000611
1000000636,0001,false,false,000000000030000256,3000,SP03,2025-12-28T00:00:00,1.000,EA,0.000,0.00,2000008398,00010,435772836,261,,,VZIREQ04,SESS-000612
1000000637,0001,false,true,000000000030000256,3000,SP03,2025-12-12T00:00:00,3.000,EA,3.000,368835.96,2000008399,00010,434824992,261,,,VZIREQ02,SESS-000613
1000000638,0001,false,false,000000000030000257,2000,SP02,2026-03-15T00:00:00,3.000,EA,0.000,0.00,2000008400,00010,428642037,261,,,VZIREQ01,SESS-000614
1000000639,0001,false,true,000000000030000257,3000,SP03,2026-03-27T00:00:00,4.000,EA,2.000,38015.22,2000008401,00010,434617181,261,,,VZIREQ05,SESS-000615
1000000640,0001,false,true,000000000030000257,3000,SP03,2025-11-07T00:00:00,2.000,EA,2.000,38015.22,2000008402,00010,435647001,261,,,VZIREQ04,SESS-000616
1000000641,0001,false,true,000000000030000257,3000,SP03,2026-03-22T00:00:00,2.000,EA,2.000,38015.22,2000008403,00010,434915510,261,,,VZIREQ02,SESS-000617
1000000642,0001,false,true,000000000030000258,2000,SP02,2026-07-19T00:00:00,2.000,EA,2.000,143382.22,2000008404,00010,421672355,261,,,VZIREQ01,SESS-000618
1000000643,0001,false,true,000000000030000258,2000,SP02,2025-11-11T00:00:00,4.000,EA,4.000,286764.44,2000008405,00010,422399433,261,,,VZIREQ02,SESS-000619
1000000644,0001,false,true,000000000030000259,1000,SP01,2026-02-07T00:00:00,3.000,EA,3.000,478596.12,2000008406,00010,419604627,261,,,VZIREQ02,SESS-000620
1000000645,0001,false,false,000000000030000259,1000,SP01,2026-01-03T00:00:00,4.000,EA,0.000,0.00,2000008407,00010,416622860,261,,,VZIREQ01,SESS-000621
1000000646,0001,false,false,000000000030000259,1000,SP01,2025-11-17T00:00:00,3.000,EA,0.000,0.00,2000008408,00010,418594142,261,,,VZIREQ05,SESS-000622
1000000647,0001,false,false,000000000030000260,3000,SP03,2026-02-09T00:00:00,2.000,EA,0.000,0.00,2000008409,00010,436249702,261,,,VZIREQ04,SESS-000623
1000000648,0001,false,false,000000000030000261,2000,SP02,2025-11-16T00:00:00,3.000,EA,0.000,0.00,2000008410,00010,428261535,261,,,VZIREQ02,SESS-000624
1000000649,0001,false,false,000000000030000261,2000,SP02,2026-03-05T00:00:00,2.000,EA,0.000,0.00,2000008411,00010,422411151,261,,,VZIREQ03,SESS-000625
1000000650,0001,false,false,000000000030000262,2000,SP02,2026-03-29T00:00:00,3.000,EA,0.000,0.00,2000008412,00010,429922365,261,,,VZIREQ02,SESS-000626
1000000651,0001,false,true,000000000030000262,2000,SP02,2026-08-21T00:00:00,3.000,EA,3.000,50024.64,2000008413,00010,422001169,261,,,VZIREQ04,SESS-000627
1000000652,0001,false,true,000000000030000263,4000,SP04,2026-06-02T00:00:00,2.000,EA,2.000,250345.32,2000008414,00010,446834322,261,,,VZIREQ05,
1000000653,0001,false,true,000000000030000264,4000,SP04,2026-07-10T00:00:00,1.000,EA,1.000,616119.91,2000008415,00010,441192479,261,,,VZIREQ01,SESS-000628
1000000654,0001,false,false,000000000030000264,4000,SP04,2026-06-28T00:00:00,1.000,EA,0.000,0.00,2000008416,00010,449670551,261,,,VZIREQ01,SESS-000629
1000000655,0001,false,true,000000000030000264,4000,SP04,2026-06-15T00:00:00,2.000,EA,2.000,1232239.82,2000008417,00010,445796527,261,,,VZIREQ03,SESS-000630
1000000656,0001,false,true,000000000030000265,4000,SP04,2026-05-17T00:00:00,3.000,EA,1.000,181609.78,2000008418,00010,445875393,261,,,VZIREQ05,SESS-000631
1000000657,0001,false,false,000000000030000265,4000,SP04,2025-12-13T00:00:00,3.000,EA,0.000,0.00,2000008419,00010,446772001,261,,,VZIREQ03,SESS-000632
1000000658,0001,false,true,000000000030000266,1000,SP01,2025-10-07T00:00:00,1.000,EA,1.000,708645.18,2000008420,00010,418678677,261,,,VZIREQ01,
1000000659,0001,false,true,000000000030000267,4000,SP04,2026-02-06T00:00:00,1.000,EA,1.000,564245.92,2000008421,00010,445325641,261,,,VZIREQ05,SESS-000633
1000000660,0001,false,true,000000000030000267,4000,SP04,2025-09-28T00:00:00,4.000,EA,4.000,2256983.68,2000008422,00010,448135782,261,,,VZIREQ05,SESS-000634
1000000661,0001,false,false,000000000030000268,3000,SP03,2025-09-16T00:00:00,1.000,EA,0.000,0.00,2000008423,00010,437107404,261,,,VZIREQ04,SESS-000635
1000000662,0001,false,true,000000000030000268,3000,SP03,2026-01-25T00:00:00,2.000,EA,2.000,234553.98,2000008424,00010,439590779,261,,,VZIREQ03,SESS-000636
1000000663,0001,false,false,000000000030000268,3000,SP03,2025-10-05T00:00:00,2.000,EA,0.000,0.00,2000008425,00010,432547789,261,,,VZIREQ02,SESS-000637
1000000664,0001,false,false,000000000030000268,1000,SP01,2026-05-13T00:00:00,1.000,EA,0.000,0.00,2000008426,00010,419902113,261,,,VZIREQ03,SESS-000638
1000000665,0001,false,true,000000000030000268,1000,SP01,2025-10-25T00:00:00,2.000,EA,2.000,234553.98,2000008427,00010,417964196,261,,,VZIREQ03,SESS-000639
1000000666,0001,false,true,000000000030000269,3000,SP03,2026-06-25T00:00:00,3.000,EA,3.000,104113.32,2000008428,00010,434874495,261,,,VZIREQ01,SESS-000640
1000000667,0001,false,false,000000000030000269,3000,SP03,2025-11-30T00:00:00,1.000,EA,0.000,0.00,2000008429,00010,436584251,261,,,VZIREQ01,SESS-000641
1000000668,0001,false,true,000000000030000270,4000,SP04,2025-12-26T00:00:00,2.000,EA,1.000,148375.46,2000008430,00010,442646093,261,,,VZIREQ03,SESS-000642
1000000669,0001,false,true,000000000030000270,4000,SP04,2025-07-22T00:00:00,3.000,EA,3.000,445126.38,2000008431,00010,449725736,261,,,VZIREQ04,SESS-000643
1000000670,0001,false,true,000000000030000271,4000,SP04,2026-01-28T00:00:00,4.000,EA,4.000,153958.08,2000008432,00010,445794183,261,,,VZIREQ01,SESS-000644
1000000671,0001,false,true,000000000030000272,1000,SP01,2025-12-21T00:00:00,3.000,EA,2.000,1184197.28,2000008433,00010,417870119,261,,,VZIREQ03,SESS-000645
1000000672,0001,false,false,000000000030000272,1000,SP01,2026-04-22T00:00:00,2.000,EA,0.000,0.00,2000008434,00010,413937548,261,,,VZIREQ03,SESS-000646
1000000673,0001,false,false,000000000030000273,4000,SP04,2026-04-06T00:00:00,4.000,EA,0.000,0.00,2000008435,00010,442946601,261,,,VZIREQ05,SESS-000647
1000000674,0001,false,false,000000000030000274,1000,SP01,2026-04-23T00:00:00,1.000,EA,1.000,12419.30,2000008436,00010,414867698,261,,,VZIREQ05,SESS-000648
1000000675,0001,false,true,000000000030000274,1000,SP01,2026-07-31T00:00:00,4.000,EA,4.000,49677.20,2000008437,00010,415459206,261,,,VZIREQ02,SESS-000649
1000000676,0001,false,false,000000000030000275,1000,SP01,2025-12-14T00:00:00,3.000,EA,0.000,0.00,2000008438,00010,417784060,261,,,VZIREQ01,SESS-000650
1000000677,0001,false,true,000000000030000276,4000,SP04,2025-09-15T00:00:00,1.000,EA,1.000,191000.76,2000008439,00010,446888526,261,,,VZIREQ03,SESS-000651
1000000678,0001,false,false,000000000030000277,4000,SP04,2025-11-22T00:00:00,3.000,EA,0.000,0.00,2000008440,00010,443358484,261,,,VZIREQ05,SESS-000652
1000000679,0001,false,true,000000000030000277,3000,SP03,2025-12-29T00:00:00,3.000,EA,3.000,1298566.11,2000008441,00010,434231871,261,,,VZIREQ04,SESS-000653
1000000680,0001,false,true,000000000030000277,3000,SP03,2025-12-25T00:00:00,3.000,EA,3.000,1298566.11,2000008442,00010,434694361,261,,,VZIREQ04,
1000000681,0001,false,true,000000000030000278,3000,SP03,2025-10-26T00:00:00,4.000,EA,4.000,312508.64,2000008443,00010,434949230,261,,,VZIREQ02,SESS-000654
1000000682,0001,false,false,000000000030000279,2000,SP02,2026-08-31T00:00:00,2.000,EA,1.000,14937.72,2000008444,00010,421704186,261,,,VZIREQ03,SESS-000655
1000000683,0001,false,false,000000000030000280,2000,SP02,2026-05-25T00:00:00,3.000,EA,0.000,0.00,2000008445,00010,424719842,261,,,VZIREQ03,SESS-000656
1000000684,0001,false,false,000000000030000280,2000,SP02,2026-06-13T00:00:00,2.000,EA,0.000,0.00,2000008446,00010,428891166,261,,,VZIREQ04,SESS-000657
1000000685,0001,false,false,000000000030000281,3000,SP03,2026-02-23T00:00:00,1.000,EA,0.000,0.00,2000008447,00010,438333463,261,,,VZIREQ05,SESS-000658
1000000686,0001,false,true,000000000030000282,1000,SP01,2025-08-01T00:00:00,2.000,EA,2.000,345846.96,2000008448,00010,411916925,261,,,VZIREQ05,SESS-000659
1000000687,0001,false,false,000000000030000282,1000,SP01,2025-08-26T00:00:00,1.000,EA,0.000,0.00,2000008449,00010,418560250,261,,,VZIREQ04,SESS-000660
1000000688,0001,false,false,000000000030000282,1000,SP01,2026-01-04T00:00:00,2.000,EA,0.000,0.00,2000008450,00010,412169719,261,,,VZIREQ04,SESS-000661
1000000689,0001,false,true,000000000030000283,3000,SP03,2025-11-29T00:00:00,2.000,EA,1.000,101521.18,2000008451,00010,434245145,261,,,VZIREQ01,SESS-000662
1000000690,0001,false,true,000000000030000283,3000,SP03,2025-10-05T00:00:00,2.000,EA,2.000,203042.36,2000008452,00010,435347798,261,,,VZIREQ05,SESS-000663
1000000691,0001,false,true,000000000030000283,3000,SP03,2025-12-02T00:00:00,4.000,EA,4.000,406084.72,2000008453,00010,434359870,261,,,VZIREQ01,SESS-000664
1000000692,0001,false,false,000000000030000283,1000,SP01,2025-08-08T00:00:00,2.000,EA,0.000,0.00,2000008454,00010,411111956,261,,,VZIREQ02,SESS-000665
1000000693,0001,false,true,000000000030000283,1000,SP01,2025-07-08T00:00:00,4.000,EA,3.000,304563.54,2000008455,00010,411148231,261,,,VZIREQ03,SESS-000666
1000000694,0001,false,true,000000000030000283,1000,SP01,2025-08-14T00:00:00,2.000,EA,2.000,203042.36,2000008456,00010,415329934,261,,,VZIREQ04,
1000000695,0001,false,true,000000000030000284,3000,SP03,2026-03-18T00:00:00,1.000,EA,1.000,164955.72,2000008457,00010,434537216,261,,,VZIREQ03,SESS-000667
1000000696,0001,false,true,000000000030000284,2000,SP02,2026-08-03T00:00:00,3.000,EA,2.000,329911.44,2000008458,00010,421531739,261,,,VZIREQ03,SESS-000668
1000000697,0001,false,true,000000000030000284,2000,SP02,2026-01-31T00:00:00,2.000,EA,2.000,329911.44,2000008459,00010,426684917,261,,,VZIREQ03,SESS-000669
1000000698,0001,false,false,000000000030000284,2000,SP02,2026-03-06T00:00:00,3.000,EA,0.000,0.00,2000008460,00010,429587134,261,,,VZIREQ04,SESS-000670
1000000699,0001,false,false,000000000030000285,4000,SP04,2026-01-28T00:00:00,3.000,EA,0.000,0.00,2000008461,00010,448971968,261,,,VZIREQ02,SESS-000671
1000000700,0001,false,true,000000000030000286,1000,SP01,2026-06-05T00:00:00,1.000,EA,1.000,53555.00,2000008462,00010,411928869,261,,,VZIREQ03,SESS-000672
1000000701,0001,false,true,000000000030000286,1000,SP01,2026-01-05T00:00:00,3.000,EA,3.000,160665.00,2000008463,00010,417374452,261,,,VZIREQ03,
1000000702,0001,false,false,000000000030000286,1000,SP01,2026-03-28T00:00:00,4.000,EA,0.000,0.00,2000008464,00010,412755941,261,,,VZIREQ03,SESS-000673
1000000703,0001,false,true,000000000030000286,4000,SP04,2026-08-20T00:00:00,1.000,EA,1.000,53555.00,2000008465,00010,446018998,261,,,VZIREQ02,SESS-000674
1000000704,0001,false,true,000000000030000286,4000,SP04,2025-12-27T00:00:00,4.000,EA,4.000,214220.00,2000008466,00010,441010373,261,,,VZIREQ05,SESS-000675
1000000705,0001,false,true,000000000030000286,4000,SP04,2026-03-21T00:00:00,1.000,EA,1.000,53555.00,2000008467,00010,445234128,261,,,VZIREQ04,SESS-000676
1000000706,0001,false,true,000000000030000287,4000,SP04,2025-12-03T00:00:00,4.000,EA,4.000,1282607.68,2000008468,00010,447930143,261,,,VZIREQ05,SESS-000677
1000000707,0001,false,false,000000000030000287,4000,SP04,2025-10-26T00:00:00,3.000,EA,0.000,0.00,2000008469,00010,445494937,261,,,VZIREQ01,SESS-000678
1000000708,0001,false,true,000000000030000288,2000,SP02,2025-12-24T00:00:00,2.000,EA,2.000,337028.50,2000008470,00010,429938341,261,,,VZIREQ02,SESS-000679
1000000709,0001,false,true,000000000030000288,3000,SP03,2026-01-31T00:00:00,1.000,EA,1.000,168514.25,2000008471,00010,437809092,261,,,VZIREQ05,SESS-000680
1000000710,0001,false,false,000000000030000289,4000,SP04,2026-03-08T00:00:00,2.000,EA,0.000,0.00,2000008472,00010,447029232,261,,,VZIREQ01,SESS-000681
1000000711,0001,false,true,000000000030000290,4000,SP04,2026-01-10T00:00:00,4.000,EA,4.000,376267.00,2000008473,00010,441140204,261,,,VZIREQ03,SESS-000682
1000000712,0001,false,false,000000000030000290,4000,SP04,2025-12-16T00:00:00,4.000,EA,0.000,0.00,2000008474,00010,449451681,261,,,VZIREQ03,SESS-000683
1000000713,0001,false,false,000000000030000291,4000,SP04,2026-02-07T00:00:00,4.000,EA,0.000,0.00,2000008475,00010,448326502,261,,,VZIREQ05,SESS-000684
1000000714,0001,false,true,000000000030000291,1000,SP01,2026-01-12T00:00:00,4.000,EA,2.000,188789.86,2000008476,00010,418738494,261,,,VZIREQ03,SESS-000685
1000000715,0001,false,true,000000000030000291,1000,SP01,2026-07-05T00:00:00,4.000,EA,4.000,377579.72,2000008477,00010,412246042,261,,,VZIREQ05,SESS-000686
1000000716,0001,false,false,000000000030000291,1000,SP01,2025-12-09T00:00:00,3.000,EA,2.000,188789.86,2000008478,00010,418591453,261,,,VZIREQ01,SESS-000687
1000000717,0001,false,true,000000000030000292,3000,SP03,2026-07-14T00:00:00,2.000,EA,1.000,52037.17,2000008479,00010,437489237,261,,,VZIREQ05,SESS-000688
1000000718,0001,false,true,000000000030000292,3000,SP03,2026-05-20T00:00:00,2.000,EA,2.000,104074.34,2000008480,00010,431289856,261,,,VZIREQ04,SESS-000689
1000000719,0001,false,true,000000000030000293,2000,SP02,2026-04-15T00:00:00,1.000,EA,1.000,132887.69,2000008481,00010,422788636,261,,,VZIREQ03,
1000000720,0001,false,true,000000000030000293,2000,SP02,2026-03-05T00:00:00,1.000,EA,1.000,132887.69,2000008482,00010,428579287,261,,,VZIREQ03,SESS-000690
1000000721,0001,false,true,000000000030000293,2000,SP02,2026-05-14T00:00:00,2.000,EA,2.000,265775.38,2000008483,00010,424758645,261,,,VZIREQ02,
1000000722,0001,false,true,000000000030000293,3000,SP03,2025-11-05T00:00:00,4.000,EA,4.000,531550.76,2000008484,00010,438171048,261,,,VZIREQ04,SESS-000691
1000000723,0001,false,true,000000000030000293,3000,SP03,2026-07-27T00:00:00,3.000,EA,3.000,398663.07,2000008485,00010,434105665,261,,,VZIREQ05,SESS-000692
1000000724,0001,false,false,000000000030000293,3000,SP03,2025-12-02T00:00:00,2.000,EA,1.000,132887.69,2000008486,00010,434034119,261,,,VZIREQ04,SESS-000693
1000000725,0001,false,false,000000000030000294,2000,SP02,2025-12-07T00:00:00,4.000,EA,0.000,0.00,2000008487,00010,428597847,261,,,VZIREQ01,SESS-000694
1000000726,0001,false,false,000000000030000294,2000,SP02,2026-02-03T00:00:00,3.000,EA,0.000,0.00,2000008488,00010,427655008,261,,,VZIREQ05,SESS-000695
1000000727,0001,false,false,000000000030000294,2000,SP02,2026-01-13T00:00:00,1.000,EA,0.000,0.00,2000008489,00010,421749489,261,,,VZIREQ04,SESS-000696
1000000728,0001,false,true,000000000030000294,1000,SP01,2026-01-22T00:00:00,1.000,EA,1.000,179106.87,2000008490,00010,411740650,261,,,VZIREQ02,
1000000729,0001,false,false,000000000030000294,1000,SP01,2026-03-15T00:00:00,2.000,EA,0.000,0.00,2000008491,00010,412173823,261,,,VZIREQ02,SESS-000697
1000000730,0001,false,false,000000000030000295,3000,SP03,2026-01-16T00:00:00,2.000,EA,0.000,0.00,2000008492,00010,437560143,261,,,VZIREQ02,SESS-000698
1000000731,0001,false,false,000000000030000295,3000,SP03,2026-01-18T00:00:00,4.000,EA,0.000,0.00,2000008493,00010,437928008,261,,,VZIREQ03,SESS-000699
1000000732,0001,false,true,000000000030000296,3000,SP03,2026-06-08T00:00:00,2.000,EA,2.000,97250.96,2000008494,00010,431850789,261,,,VZIREQ04,SESS-000700
1000000733,0001,false,true,000000000030000296,3000,SP03,2026-04-01T00:00:00,4.000,EA,2.000,97250.96,2000008495,00010,431081219,261,,,VZIREQ02,SESS-000701
1000000734,0001,false,false,000000000030000297,3000,SP03,2025-12-12T00:00:00,3.000,EA,0.000,0.00,2000008496,00010,438062887,261,,,VZIREQ03,SESS-000702
1000000735,0001,false,false,000000000030000297,3000,SP03,2026-02-08T00:00:00,1.000,EA,0.000,0.00,2000008497,00010,437148700,261,,,VZIREQ04,SESS-000703
1000000736,0001,false,true,000000000030000298,1000,SP01,2026-03-18T00:00:00,1.000,EA,1.000,272566.42,2000008498,00010,413146875,261,,,VZIREQ02,SESS-000704
1000000737,0001,false,false,000000000030000299,2000,SP02,2026-05-12T00:00:00,4.000,EA,0.000,0.00,2000008499,00010,426947644,261,,,VZIREQ03,SESS-000705
1000000738,0001,false,true,000000000030000299,2000,SP02,2025-11-28T00:00:00,1.000,EA,1.000,122572.81,2000008500,00010,428424205,261,,,VZIREQ05,SESS-000706
1000000739,0001,false,false,000000000030000299,2000,SP02,2026-01-22T00:00:00,1.000,EA,0.000,0.00,2000008501,00010,427972201,261,,,VZIREQ01,SESS-000707
1000000740,0001,false,false,000000000030000300,3000,SP03,2026-01-10T00:00:00,4.000,EA,0.000,0.00,2000008502,00010,431093128,261,,,VZIREQ02,SESS-000708
1000000741,0001,false,false,000000000030000300,3000,SP03,2026-03-17T00:00:00,2.000,EA,0.000,0.00,2000008503,00010,434677134,261,,,VZIREQ01,SESS-000709
1000000742,0001,false,true,000000000030000301,2000,SP02,2026-03-28T00:00:00,3.000,EA,3.000,139432.80,2000008504,00010,429491761,261,,,VZIREQ02,SESS-000710
1000000743,0001,false,true,000000000030000301,4000,SP04,2026-01-29T00:00:00,2.000,EA,1.000,46477.60,2000008505,00010,448668926,261,,,VZIREQ05,SESS-000711
1000000744,0001,false,false,000000000030000301,4000,SP04,2025-10-25T00:00:00,1.000,EA,0.000,0.00,2000008506,00010,442584032,261,,,VZIREQ05,SESS-000712
1000000745,0001,false,true,000000000030000302,1000,SP01,2026-01-19T00:00:00,4.000,EA,4.000,625342.48,2000008507,00010,415013434,261,,,VZIREQ04,
1000000746,0001,false,true,000000000030000302,1000,SP01,2026-03-11T00:00:00,4.000,EA,4.000,625342.48,2000008508,00010,415119024,261,,,VZIREQ04,SESS-000713
1000000747,0001,false,false,000000000030000302,1000,SP01,2026-01-15T00:00:00,3.000,EA,0.000,0.00,2000008509,00010,414240632,261,,,VZIREQ01,SESS-000714
1000000748,0001,false,true,000000000030000303,4000,SP04,2025-12-18T00:00:00,4.000,EA,3.000,288751.20,2000008510,00010,445298358,261,,,VZIREQ02,SESS-000715
1000000749,0001,false,true,000000000030000303,4000,SP04,2025-12-12T00:00:00,3.000,EA,3.000,288751.20,2000008511,00010,447447772,261,,,VZIREQ02,SESS-000716
1000000750,0001,false,false,000000000030000303,4000,SP04,2026-03-27T00:00:00,1.000,EA,1.000,96250.40,2000008512,00010,445417603,261,,,VZIREQ01,SESS-000717
1000000751,0001,false,false,000000000030000304,2000,SP02,2026-06-06T00:00:00,2.000,EA,0.000,0.00,2000008513,00010,423128004,261,,,VZIREQ05,SESS-000718
1000000752,0001,false,false,000000000030000304,2000,SP02,2026-04-20T00:00:00,4.000,EA,0.000,0.00,2000008514,00010,421159190,261,,,VZIREQ02,SESS-000719
1000000753,0001,false,false,000000000030000305,3000,SP03,2026-08-03T00:00:00,1.000,EA,0.000,0.00,2000008515,00010,434563575,261,,,VZIREQ05,SESS-000720
1000000754,0001,false,false,000000000030000305,3000,SP03,2025-11-22T00:00:00,1.000,EA,0.000,0.00,2000008516,00010,438064545,261,,,VZIREQ05,SESS-000721
1000000755,0001,false,false,000000000030000306,2000,SP02,2026-02-10T00:00:00,1.000,EA,0.000,0.00,2000008517,00010,425983550,261,,,VZIREQ04,SESS-000722
1000000756,0001,false,true,000000000030000306,2000,SP02,2026-07-20T00:00:00,3.000,EA,3.000,69441.63,2000008518,00010,421353652,261,,,VZIREQ05,
1000000757,0001,false,false,000000000030000307,2000,SP02,2026-05-19T00:00:00,4.000,EA,2.000,263967.12,2000008519,00010,426849117,261,,,VZIREQ04,SESS-000723
1000000758,0001,false,true,000000000030000307,2000,SP02,2025-11-21T00:00:00,1.000,EA,1.000,131983.56,2000008520,00010,421781281,261,,,VZIREQ01,SESS-000724
1000000759,0001,false,false,000000000030000308,1000,SP01,2026-02-08T00:00:00,4.000,EA,0.000,0.00,2000008521,00010,411516479,261,,,VZIREQ02,SESS-000725
1000000760,0001,false,true,000000000030000308,1000,SP01,2026-01-08T00:00:00,2.000,EA,2.000,174730.36,2000008522,00010,413515656,261,,,VZIREQ04,SESS-000726
1000000761,0001,false,false,000000000030000308,3000,SP03,2026-04-02T00:00:00,1.000,EA,1.000,87365.18,2000008523,00010,437773069,261,,,VZIREQ04,SESS-000727
1000000762,0001,false,true,000000000030000308,3000,SP03,2026-04-21T00:00:00,1.000,EA,1.000,87365.18,2000008524,00010,431901648,261,,,VZIREQ05,SESS-000728
1000000763,0001,false,true,000000000030000309,2000,SP02,2026-01-08T00:00:00,3.000,EA,2.000,95966.34,2000008525,00010,421151863,261,,,VZIREQ02,SESS-000729
1000000764,0001,false,true,000000000030000310,3000,SP03,2026-03-04T00:00:00,4.000,EA,4.000,537629.00,2000008526,00010,434591757,261,,,VZIREQ03,SESS-000730
1000000765,0001,false,false,000000000030000310,3000,SP03,2025-11-14T00:00:00,2.000,EA,0.000,0.00,2000008527,00010,436625348,261,,,VZIREQ03,SESS-000731
1000000766,0001,false,false,000000000030000310,3000,SP03,2025-12-18T00:00:00,3.000,EA,0.000,0.00,2000008528,00010,439811265,261,,,VZIREQ04,SESS-000732
1000000767,0001,false,true,000000000030000311,4000,SP04,2025-10-22T00:00:00,2.000,EA,1.000,690776.69,2000008529,00010,447425967,261,,,VZIREQ04,SESS-000733
1000000768,0001,false,true,000000000030000311,4000,SP04,2025-11-14T00:00:00,2.000,EA,2.000,1381553.38,2000008530,00010,449907919,261,,,VZIREQ05,SESS-000734
1000000769,0001,false,true,000000000030000312,2000,SP02,2025-11-24T00:00:00,1.000,EA,1.000,225903.88,2000008531,00010,427057610,261,,,VZIREQ01,SESS-000735
1000000770,0001,false,false,000000000030000312,2000,SP02,2026-03-23T00:00:00,4.000,EA,0.000,0.00,2000008532,00010,421328853,261,,,VZIREQ03,SESS-000736
1000000771,0001,false,true,000000000030000312,3000,SP03,2026-02-22T00:00:00,2.000,EA,2.000,451807.76,2000008533,00010,432670182,261,,,VZIREQ01,SESS-000737
1000000772,0001,false,true,000000000030000312,3000,SP03,2026-06-08T00:00:00,1.000,EA,1.000,225903.88,2000008534,00010,434960563,261,,,VZIREQ03,
1000000773,0001,false,false,000000000030000312,3000,SP03,2026-01-16T00:00:00,3.000,EA,0.000,0.00,2000008535,00010,439610960,261,,,VZIREQ03,SESS-000738
1000000774,0001,false,false,000000000030000313,1000,SP01,2026-05-03T00:00:00,4.000,EA,0.000,0.00,2000008536,00010,415770324,261,,,VZIREQ04,SESS-000739
1000000775,0001,false,false,000000000030000313,1000,SP01,2025-10-18T00:00:00,1.000,EA,0.000,0.00,2000008537,00010,415724173,261,,,VZIREQ03,SESS-000740
1000000776,0001,false,false,000000000030000314,4000,SP04,2026-04-25T00:00:00,3.000,EA,2.000,332348.22,2000008538,00010,443025871,261,,,VZIREQ02,SESS-000741
1000000777,0001,false,false,000000000030000315,2000,SP02,2026-03-15T00:00:00,4.000,EA,0.000,0.00,2000008539,00010,425041585,261,,,VZIREQ04,SESS-000742
1000000778,0001,false,false,000000000080000000,3000,SP03,2026-07-03T00:00:00,1.000,EA,0.000,0.00,,,431111114,541,,,VZIREQ01,SESS-000743
1000000779,0001,false,false,000000000080000001,1000,SP01,2026-03-29T00:00:00,1.000,EA,0.000,0.00,,,414750515,541,,,VZIREQ04,SESS-000744
1000000780,0001,false,false,000000000080000001,4000,SP04,2026-08-22T00:00:00,1.000,EA,0.000,0.00,,,449840021,541,,,VZIREQ01,SESS-000745
1000000781,0001,false,false,000000000080000002,3000,SP03,2026-05-01T00:00:00,1.000,EA,0.000,0.00,,,435779818,541,,,VZIREQ04,SESS-000746
1000000782,0001,false,false,000000000080000003,4000,SP04,2026-07-13T00:00:00,1.000,EA,0.000,0.00,,,445179292,541,,,VZIREQ01,SESS-000747
1000000783,0001,false,false,000000000080000004,2000,SP02,2026-05-06T00:00:00,1.000,EA,0.000,0.00,,,429456022,541,,,VZIREQ03,SESS-000748
1000000784,0001,false,false,000000000080000005,4000,SP04,2026-08-07T00:00:00,1.000,EA,0.000,0.00,,,448096246,541,,,VZIREQ03,SESS-000749
1000000785,0001,false,false,000000000080000005,2000,SP02,2026-09-06T00:00:00,1.000,EA,0.000,0.00,,,424179639,541,,,VZIREQ05,SESS-000750
1000000786,0001,false,false,000000000080000006,2000,SP02,2026-06-23T00:00:00,1.000,EA,0.000,0.00,,,425270801,541,,,VZIREQ04,SESS-000751
1000000787,0001,false,false,000000000080000007,1000,SP01,2026-05-21T00:00:00,1.000,EA,0.000,0.00,,,414495412,541,,,VZIREQ02,SESS-000752
1000000788,0001,false,false,000000000080000009,1000,SP01,2026-08-01T00:00:00,1.000,EA,0.000,0.00,,,416301297,541,,,VZIREQ05,SESS-000753
1000000789,0001,false,false,000000000080000009,4000,SP04,2026-06-30T00:00:00,1.000,EA,0.000,0.00,,,443432254,541,,,VZIREQ01,SESS-000754
1000000790,0001,false,false,000000000080000010,3000,SP03,2026-05-05T00:00:00,1.000,EA,0.000,0.00,,,431679415,541,,,VZIREQ05,SESS-000755
1000000791,0001,false,false,000000000080000011,2000,SP02,2026-01-07T00:00:00,1.000,EA,0.000,0.00,,,424027203,541,,,VZIREQ03,SESS-000756
1000000792,0001,false,false,000000000080000012,3000,SP03,2026-02-24T00:00:00,1.000,EA,0.000,0.00,,,434106548,541,,,VZIREQ05,SESS-000757
1000000793,0001,false,false,000000000080000013,3000,SP03,2026-01-22T00:00:00,1.000,EA,0.000,0.00,,,434375360,541,,,VZIREQ05,SESS-000758
1000000794,0001,false,false,000000000080000015,3000,SP03,2026-07-22T00:00:00,1.000,EA,0.000,0.00,,,433474718,541,,,VZIREQ03,SESS-000759
1000000795,0001,false,false,000000000080000016,1000,SP01,2026-07-31T00:00:00,1.000,EA,0.000,0.00,,,416615643,541,,,VZIREQ05,SESS-000760
1000000796,0001,false,false,000000000080000016,2000,SP02,2025-12-16T00:00:00,1.000,EA,0.000,0.00,,,425015447,541,,,VZIREQ03,SESS-000761
1000000797,0001,false,false,000000000080000017,2000,SP02,2026-09-07T00:00:00,1.000,EA,0.000,0.00,,,427372116,541,,,VZIREQ05,SESS-000762
1000000798,0001,false,false,000000000080000017,3000,SP03,2026-08-18T00:00:00,1.000,EA,0.000,0.00,,,434474555,541,,,VZIREQ04,SESS-000763
1000000799,0001,false,false,000000000080000018,4000,SP04,2026-03-21T00:00:00,1.000,EA,0.000,0.00,,,441287824,541,,,VZIREQ02,SESS-000764
1000000800,0001,false,false,000000000080000018,3000,SP03,2026-07-06T00:00:00,1.000,EA,0.000,0.00,,,437636361,541,,,VZIREQ01,SESS-000765
1000000801,0001,false,false,000000000080000019,2000,SP02,2025-11-25T00:00:00,1.000,EA,0.000,0.00,,,429382813,541,,,VZIREQ03,SESS-000766
1000000802,0001,false,false,000000000080000020,3000,SP03,2026-02-12T00:00:00,1.000,EA,0.000,0.00,,,435637373,541,,,VZIREQ05,SESS-000767
1000000803,0001,false,false,000000000080000020,1000,SP01,2026-05-05T00:00:00,1.000,EA,0.000,0.00,,,412262722,541,,,VZIREQ05,SESS-000768
1000000804,0001,false,false,000000000080000021,2000,SP02,2026-04-28T00:00:00,1.000,EA,0.000,0.00,,,429733598,541,,,VZIREQ03,SESS-000769
1000000805,0001,false,false,000000000080000021,3000,SP03,2026-02-27T00:00:00,1.000,EA,0.000,0.00,,,439131504,541,,,VZIREQ05,SESS-000770
1000000806,0001,false,false,000000000080000022,3000,SP03,2026-07-17T00:00:00,1.000,EA,0.000,0.00,,,435736312,541,,,VZIREQ01,SESS-000771
1000000807,0001,false,false,000000000080000023,3000,SP03,2026-07-11T00:00:00,1.000,EA,0.000,0.00,,,438186730,541,,,VZIREQ03,SESS-000772
1000000808,0001,false,false,000000000080000024,2000,SP02,2026-05-10T00:00:00,1.000,EA,0.000,0.00,,,423120888,541,,,VZIREQ02,SESS-000773
1000000809,0001,false,false,000000000080000025,3000,SP03,2026-07-24T00:00:00,1.000,EA,0.000,0.00,,,431128357,541,,,VZIREQ05,SESS-000774
1000000810,0001,false,false,000000000080000025,4000,SP04,2026-01-06T00:00:00,1.000,EA,0.000,0.00,,,448892964,541,,,VZIREQ02,SESS-000775
1000000811,0001,false,false,000000000080000026,2000,SP02,2026-06-16T00:00:00,1.000,EA,0.000,0.00,,,421872160,541,,,VZIREQ04,SESS-000776
1000000812,0001,false,false,000000000080000027,1000,SP01,2026-03-12T00:00:00,1.000,EA,0.000,0.00,,,415992365,541,,,VZIREQ04,SESS-000777
1000000813,0001,false,false,000000000080000029,4000,SP04,2026-08-04T00:00:00,1.000,EA,0.000,0.00,,,441505736,541,,,VZIREQ05,SESS-000778
1000000814,0001,false,false,000000000080000030,1000,SP01,2026-04-22T00:00:00,1.000,EA,0.000,0.00,,,413907618,541,,,VZIREQ05,SESS-000779
1000000815,0001,false,false,000000000080000031,1000,SP01,2026-09-04T00:00:00,1.000,EA,0.000,0.00,,,413030105,541,,,VZIREQ01,SESS-000780
1000000816,0001,false,false,000000000080000032,1000,SP01,2026-01-24T00:00:00,1.000,EA,0.000,0.00,,,415140421,541,,,VZIREQ02,SESS-000781
1000000817,0001,false,false,000000000080000033,4000,SP04,2026-07-06T00:00:00,1.000,EA,0.000,0.00,,,447339372,541,,,VZIREQ01,SESS-000782
1000000818,0001,false,false,000000000080000034,1000,SP01,2026-05-28T00:00:00,1.000,EA,0.000,0.00,,,418724491,541,,,VZIREQ01,SESS-000783
1000000819,0001,false,false,000000000080000035,4000,SP04,2026-05-16T00:00:00,1.000,EA,0.000,0.00,,,449429741,541,,,VZIREQ05,SESS-000784
1000000820,0001,false,false,000000000080000035,2000,SP02,2025-11-06T00:00:00,1.000,EA,0.000,0.00,,,426336255,541,,,VZIREQ04,SESS-000785
1000000821,0001,false,false,000000000080000036,3000,SP03,2026-08-31T00:00:00,1.000,EA,0.000,0.00,,,435754422,541,,,VZIREQ04,SESS-000786
1000000822,0001,false,false,000000000080000037,2000,SP02,2026-06-22T00:00:00,1.000,EA,0.000,0.00,,,422806907,541,,,VZIREQ02,SESS-000787
1000000823,0001,false,false,000000000080000037,1000,SP01,2026-05-28T00:00:00,1.000,EA,0.000,0.00,,,415336647,541,,,VZIREQ05,SESS-000788
1000000824,0001,false,false,000000000080000038,3000,SP03,2026-04-18T00:00:00,1.000,EA,0.000,0.00,,,438123300,541,,,VZIREQ03,SESS-000789
1000000825,0001,false,false,000000000080000039,1000,SP01,2025-12-14T00:00:00,1.000,EA,0.000,0.00,,,417844019,541,,,VZIREQ03,SESS-000790
1000000826,0001,false,false,000000000080000039,4000,SP04,2026-05-04T00:00:00,1.000,EA,0.000,0.00,,,449923345,541,,,VZIREQ02,SESS-000791
1000000827,0001,false,false,000000000080000040,1000,SP01,2026-06-03T00:00:00,1.000,EA,0.000,0.00,,,417036858,541,,,VZIREQ05,SESS-000792
1000000828,0001,false,false,000000000080000041,1000,SP01,2026-05-28T00:00:00,1.000,EA,0.000,0.00,,,418424111,541,,,VZIREQ03,SESS-000793
1000000829,0001,false,false,000000000080000041,4000,SP04,2025-12-05T00:00:00,1.000,EA,0.000,0.00,,,445445046,541,,,VZIREQ04,SESS-000794
1000000830,0001,false,false,000000000080000042,1000,SP01,2025-11-03T00:00:00,1.000,EA,0.000,0.00,,,416967931,541,,,VZIREQ03,SESS-000795
1000000831,0001,false,false,000000000080000043,4000,SP04,2026-07-09T00:00:00,1.000,EA,0.000,0.00,,,441798736,541,,,VZIREQ01,SESS-000796
1000000832,0001,false,false,000000000080000044,1000,SP01,2026-08-29T00:00:00,1.000,EA,0.000,0.00,,,418260203,541,,,VZIREQ03,SESS-000797
1000000833,0001,false,false,000000000080000045,4000,SP04,2026-08-07T00:00:00,1.000,EA,0.000,0.00,,,443698525,541,,,VZIREQ04,SESS-000798
1000000834,0001,false,false,000000000080000046,4000,SP04,2026-07-20T00:00:00,1.000,EA,0.000,0.00,,,449378848,541,,,VZIREQ01,SESS-000799
1000000835,0001,false,false,000000000080000047,2000,SP02,2026-06-08T00:00:00,1.000,EA,0.000,0.00,,,429279236,541,,,VZIREQ04,SESS-000800
1000000836,0001,false,false,000000000080000048,3000,SP03,2026-04-10T00:00:00,1.000,EA,0.000,0.00,,,434307354,541,,,VZIREQ04,SESS-000801
1000000837,0001,false,false,000000000080000049,4000,SP04,2026-06-15T00:00:00,1.000,EA,0.000,0.00,,,448440383,541,,,VZIREQ03,SESS-000802
1000000838,0001,false,false,000000000080000050,2000,SP02,2026-08-02T00:00:00,1.000,EA,0.000,0.00,,,424955168,541,,,VZIREQ04,SESS-000803
1000000839,0001,false,false,000000000080000051,4000,SP04,2026-03-29T00:00:00,1.000,EA,0.000,0.00,,,447527455,541,,,VZIREQ03,SESS-000804
1000000840,0001,false,false,000000000080000052,3000,SP03,2026-06-22T00:00:00,1.000,EA,0.000,0.00,,,433541178,541,,,VZIREQ05,SESS-000805
1000000841,0001,false,false,000000000080000053,1000,SP01,2026-08-23T00:00:00,1.000,EA,0.000,0.00,,,412928307,541,,,VZIREQ01,SESS-000806
1000000842,0001,false,false,000000000080000054,2000,SP02,2025-11-19T00:00:00,1.000,EA,0.000,0.00,,,429033044,541,,,VZIREQ04,SESS-000807
1000000843,0001,false,false,000000000080000054,4000,SP04,2026-06-06T00:00:00,1.000,EA,0.000,0.00,,,444435885,541,,,VZIREQ05,SESS-000808
1000000844,0001,false,false,000000000080000055,3000,SP03,2026-08-18T00:00:00,1.000,EA,0.000,0.00,,,439470582,541,,,VZIREQ05,SESS-000809
1000000845,0001,false,false,000000000080000056,3000,SP03,2026-07-16T00:00:00,1.000,EA,0.000,0.00,,,435685227,541,,,VZIREQ01,SESS-000810
1000000846,0001,false,false,000000000080000057,1000,SP01,2026-08-24T00:00:00,1.000,EA,0.000,0.00,,,418846252,541,,,VZIREQ01,SESS-000811
1000000847,0001,false,false,000000000080000058,2000,SP02,2026-08-02T00:00:00,1.000,EA,0.000,0.00,,,426830337,541,,,VZIREQ02,SESS-000812
1000000848,0001,false,false,000000000080000059,4000,SP04,2026-03-27T00:00:00,1.000,EA,0.000,0.00,,,442590273,541,,,VZIREQ01,SESS-000813
1000000849,0001,false,false,000000000080000060,2000,SP02,2026-08-24T00:00:00,1.000,EA,0.000,0.00,,,429310845,541,,,VZIREQ02,SESS-000814
1000000850,0001,false,false,000000000080000060,3000,SP03,2026-06-14T00:00:00,1.000,EA,0.000,0.00,,,438547921,541,,,VZIREQ02,SESS-000815
1000000851,0001,false,false,000000000080000061,2000,SP02,2026-04-07T00:00:00,1.000,EA,0.000,0.00,,,428092509,541,,,VZIREQ04,SESS-000816
1000000852,0001,false,false,000000000080000062,1000,SP01,2026-03-28T00:00:00,1.000,EA,0.000,0.00,,,417996291,541,,,VZIREQ01,SESS-000817
1000000853,0001,false,false,000000000080000063,1000,SP01,2026-08-12T00:00:00,1.000,EA,0.000,0.00,,,411139581,541,,,VZIREQ05,SESS-000818
1000000854,0001,false,false,000000000080000063,2000,SP02,2026-01-27T00:00:00,1.000,EA,0.000,0.00,,,422849527,541,,,VZIREQ04,SESS-000819
1000000855,0001,false,false,000000000080000064,1000,SP01,2026-08-07T00:00:00,1.000,EA,0.000,0.00,,,414817003,541,,,VZIREQ04,SESS-000820
1000000856,0001,false,false,000000000080000065,1000,SP01,2026-08-28T00:00:00,1.000,EA,0.000,0.00,,,416304791,541,,,VZIREQ04,SESS-000821
1000000857,0001,false,false,000000000080000065,4000,SP04,2026-01-18T00:00:00,1.000,EA,0.000,0.00,,,448674014,541,,,VZIREQ01,SESS-000822
1000000858,0001,false,false,000000000080000066,1000,SP01,2026-06-06T00:00:00,1.000,EA,0.000,0.00,,,418590350,541,,,VZIREQ01,SESS-000823
1000000859,0001,false,false,000000000080000067,4000,SP04,2026-03-19T00:00:00,1.000,EA,0.000,0.00,,,446816195,541,,,VZIREQ02,SESS-000824
1000000860,0001,false,false,000000000080000068,1000,SP01,2026-09-13T00:00:00,1.000,EA,0.000,0.00,,,419353275,541,,,VZIREQ04,SESS-000825
1000000861,0001,false,false,000000000080000068,4000,SP04,2026-07-24T00:00:00,1.000,EA,0.000,0.00,,,449643742,541,,,VZIREQ04,SESS-000826
1000000862,0001,false,false,000000000080000069,2000,SP02,2026-08-18T00:00:00,1.000,EA,0.000,0.00,,,427935948,541,,,VZIREQ01,SESS-000827
1000000863,0001,false,false,000000000080000069,1000,SP01,2026-06-15T00:00:00,1.000,EA,0.000,0.00,,,415242353,541,,,VZIREQ04,SESS-000828
1000000864,0001,false,false,000000000080000070,2000,SP02,2026-05-05T00:00:00,1.000,EA,0.000,0.00,,,427211602,541,,,VZIREQ03,SESS-000829
1000000865,0001,false,false,000000000080000071,3000,SP03,2026-07-27T00:00:00,1.000,EA,0.000,0.00,,,434956021,541,,,VZIREQ01,SESS-000830
1000000866,0001,false,false,000000000080000071,1000,SP01,2026-08-23T00:00:00,1.000,EA,0.000,0.00,,,412647468,541,,,VZIREQ03,SESS-000831
1000000867,0001,false,false,000000000080000072,1000,SP01,2026-08-16T00:00:00,1.000,EA,0.000,0.00,,,412484914,541,,,VZIREQ01,SESS-000832
1000000868,0001,false,false,000000000080000073,4000,SP04,2026-08-17T00:00:00,1.000,EA,0.000,0.00,,,447283464,541,,,VZIREQ03,SESS-000833
1000000869,0001,false,false,000000000080000074,1000,SP01,2026-07-28T00:00:00,1.000,EA,0.000,0.00,,,413742296,541,,,VZIREQ04,SESS-000834
1000000870,0001,false,false,000000000080000075,4000,SP04,2026-04-20T00:00:00,1.000,EA,0.000,0.00,,,443883414,541,,,VZIREQ05,SESS-000835
1000000871,0001,false,false,000000000080000076,1000,SP01,2026-08-24T00:00:00,1.000,EA,0.000,0.00,,,413223619,541,,,VZIREQ04,SESS-000836
1000000872,0001,false,false,000000000080000077,2000,SP02,2026-05-08T00:00:00,1.000,EA,0.000,0.00,,,421914129,541,,,VZIREQ03,SESS-000837
1000000873,0001,false,false,000000000080000079,2000,SP02,2026-03-06T00:00:00,1.000,EA,0.000,0.00,,,424963599,541,,,VZIREQ04,SESS-000838
1000000874,0001,false,false,000000000080000079,4000,SP04,2026-07-13T00:00:00,1.000,EA,0.000,0.00,,,443435238,541,,,VZIREQ02,SESS-000839
1000000875,0001,false,false,000000000080000080,4000,SP04,2026-06-08T00:00:00,1.000,EA,0.000,0.00,,,447674420,541,,,VZIREQ01,SESS-000840
1000000876,0001,false,false,000000000080000081,4000,SP04,2026-02-14T00:00:00,1.000,EA,0.000,0.00,,,447952748,541,,,VZIREQ05,SESS-000841
1000000877,0001,false,false,000000000080000081,3000,SP03,2026-06-06T00:00:00,1.000,EA,0.000,0.00,,,432900763,541,,,VZIREQ02,SESS-000842
1000000878,0001,false,false,000000000080000082,4000,SP04,2026-02-27T00:00:00,1.000,EA,0.000,0.00,,,447402306,541,,,VZIREQ02,SESS-000843
1000000879,0001,false,false,000000000080000083,1000,SP01,2026-02-18T00:00:00,1.000,EA,0.000,0.00,,,416130710,541,,,VZIREQ05,SESS-000844
1000000880,0001,false,false,000000000080000083,3000,SP03,2026-07-12T00:00:00,1.000,EA,0.000,0.00,,,435884894,541,,,VZIREQ03,SESS-000845
1000000881,0001,false,false,000000000080000084,4000,SP04,2026-07-17T00:00:00,1.000,EA,0.000,0.00,,,442897580,541,,,VZIREQ05,SESS-000846
1000000882,0001,false,false,000000000080000085,3000,SP03,2026-09-04T00:00:00,1.000,EA,0.000,0.00,,,432112700,541,,,VZIREQ03,SESS-000847
1000000883,0001,false,false,000000000080000086,1000,SP01,2025-10-23T00:00:00,1.000,EA,0.000,0.00,,,418545073,541,,,VZIREQ04,SESS-000848
1000000884,0001,false,false,000000000080000087,3000,SP03,2026-04-29T00:00:00,1.000,EA,0.000,0.00,,,435548356,541,,,VZIREQ02,SESS-000849
1000000885,0001,false,false,000000000080000088,1000,SP01,2026-02-09T00:00:00,1.000,EA,0.000,0.00,,,414611577,541,,,VZIREQ03,SESS-000850
1000000886,0001,false,false,000000000080000089,1000,SP01,2026-09-05T00:00:00,1.000,EA,0.000,0.00,,,419856607,541,,,VZIREQ05,SESS-000851
1000000887,0001,false,false,000000000080000090,3000,SP03,2026-08-19T00:00:00,1.000,EA,0.000,0.00,,,431484438,541,,,VZIREQ05,SESS-000852
1000000888,0001,false,false,000000000080000091,4000,SP04,2026-06-29T00:00:00,1.000,EA,0.000,0.00,,,443474398,541,,,VZIREQ01,SESS-000853
1000000889,0001,false,false,000000000080000092,3000,SP03,2026-09-02T00:00:00,1.000,EA,0.000,0.00,,,436774047,541,,,VZIREQ02,SESS-000854
1000000890,0001,false,false,000000000080000093,4000,SP04,2026-04-03T00:00:00,1.000,EA,0.000,0.00,,,442190882,541,,,VZIREQ03,SESS-000855
1000000891,0001,false,false,000000000080000094,2000,SP02,2026-02-06T00:00:00,1.000,EA,0.000,0.00,,,422981216,541,,,VZIREQ04,SESS-000856
1000000892,0001,false,false,000000000080000095,4000,SP04,2026-03-15T00:00:00,1.000,EA,0.000,0.00,,,449481098,541,,,VZIREQ02,SESS-000857
1000000893,0001,false,false,000000000080000095,1000,SP01,2026-09-02T00:00:00,1.000,EA,0.000,0.00,,,413110709,541,,,VZIREQ01,SESS-000858
1000000894,0001,false,false,000000000080000096,2000,SP02,2025-11-30T00:00:00,1.000,EA,0.000,0.00,,,426321663,541,,,VZIREQ05,SESS-000859
1000000895,0001,false,false,000000000080000097,3000,SP03,2026-01-15T00:00:00,1.000,EA,0.000,0.00,,,438043414,541,,,VZIREQ05,SESS-000860
1000000896,0001,false,false,000000000080000097,4000,SP04,2026-09-03T00:00:00,1.000,EA,0.000,0.00,,,441234071,541,,,VZIREQ03,SESS-000861
1000000897,0001,false,false,000000000080000098,1000,SP01,2026-06-27T00:00:00,1.000,EA,0.000,0.00,,,411424741,541,,,VZIREQ04,SESS-000862
1000000898,0001,false,false,000000000080000099,4000,SP04,2026-08-11T00:00:00,1.000,EA,0.000,0.00,,,444893774,541,,,VZIREQ03,SESS-000863
1000000899,0001,false,false,000000000080000100,2000,SP02,2026-01-22T00:00:00,1.000,EA,0.000,0.00,,,428733117,541,,,VZIREQ03,SESS-000864
1000000900,0001,false,false,000000000080000100,3000,SP03,2026-06-20T00:00:00,1.000,EA,0.000,0.00,,,437199381,541,,,VZIREQ03,SESS-000865
1000000901,0001,false,false,000000000080000101,2000,SP02,2026-01-01T00:00:00,1.000,EA,0.000,0.00,,,422665647,541,,,VZIREQ03,SESS-000866
1000000902,0001,false,false,000000000080000102,1000,SP01,2026-09-09T00:00:00,1.000,EA,0.000,0.00,,,414430381,541,,,VZIREQ04,SESS-000867
1000000903,0001,false,false,000000000080000103,2000,SP02,2026-01-24T00:00:00,1.000,EA,0.000,0.00,,,425145824,541,,,VZIREQ01,SESS-000868
1000000904,0001,false,false,000000000080000104,3000,SP03,2026-04-30T00:00:00,1.000,EA,0.000,0.00,,,435907852,541,,,VZIREQ05,SESS-000869
1000000905,0001,false,false,000000000080000104,2000,SP02,2026-03-09T00:00:00,1.000,EA,0.000,0.00,,,425950132,541,,,VZIREQ01,SESS-000870
1000000906,0001,false,false,000000000080000105,1000,SP01,2026-09-18T00:00:00,1.000,EA,0.000,0.00,,,414989778,541,,,VZIREQ03,SESS-000871
1000000907,0001,false,false,000000000080000106,2000,SP02,2026-09-13T00:00:00,1.000,EA,0.000,0.00,,,426725854,541,,,VZIREQ03,SESS-000872
1000000908,0001,false,false,000000000080000107,2000,SP02,2026-03-25T00:00:00,1.000,EA,0.000,0.00,,,424437072,541,,,VZIREQ01,SESS-000873
1000000909,0001,false,false,000000000080000108,2000,SP02,2026-04-17T00:00:00,1.000,EA,0.000,0.00,,,429523263,541,,,VZIREQ02,SESS-000874
1000000910,0001,false,false,000000000080000109,3000,SP03,2026-04-19T00:00:00,1.000,EA,0.000,0.00,,,433451162,541,,,VZIREQ03,SESS-000875
1000000911,0001,false,false,000000000080000110,2000,SP02,2026-08-19T00:00:00,1.000,EA,0.000,0.00,,,423312341,541,,,VZIREQ05,SESS-000876
1000000912,0001,false,false,000000000080000111,1000,SP01,2026-04-26T00:00:00,1.000,EA,0.000,0.00,,,414750175,541,,,VZIREQ01,SESS-000877
1000000913,0001,false,false,000000000080000112,4000,SP04,2026-01-13T00:00:00,1.000,EA,0.000,0.00,,,449783432,541,,,VZIREQ03,SESS-000878
1000000914,0001,false,false,000000000080000112,1000,SP01,2026-09-04T00:00:00,1.000,EA,0.000,0.00,,,416579160,541,,,VZIREQ05,SESS-000879
1000000915,0001,false,false,000000000080000113,3000,SP03,2026-02-04T00:00:00,1.000,EA,0.000,0.00,,,436397467,541,,,VZIREQ04,SESS-000880
1000000916,0001,false,false,000000000080000114,2000,SP02,2026-07-25T00:00:00,1.000,EA,0.000,0.00,,,427239157,541,,,VZIREQ02,SESS-000881
1000000917,0001,false,false,000000000080000115,3000,SP03,2026-08-26T00:00:00,1.000,EA,0.000,0.00,,,434293846,541,,,VZIREQ03,SESS-000882
1000000918,0001,false,false,000000000080000116,1000,SP01,2025-12-20T00:00:00,1.000,EA,0.000,0.00,,,414590918,541,,,VZIREQ03,SESS-000883
1000000919,0001,false,false,000000000080000117,4000,SP04,2026-06-16T00:00:00,1.000,EA,0.000,0.00,,,441075824,541,,,VZIREQ02,SESS-000884
1000000920,0001,false,false,000000000080000118,3000,SP03,2025-12-18T00:00:00,1.000,EA,0.000,0.00,,,437486880,541,,,VZIREQ04,SESS-000885
1000000921,0001,false,false,000000000080000119,4000,SP04,2026-01-03T00:00:00,1.000,EA,0.000,0.00,,,444912066,541,,,VZIREQ01,SESS-000886
1000000922,0001,false,false,000000000080000121,3000,SP03,2026-07-20T00:00:00,1.000,EA,0.000,0.00,,,436432583,541,,,VZIREQ05,SESS-000887
1000000923,0001,false,false,000000000080000122,2000,SP02,2026-05-12T00:00:00,1.000,EA,0.000,0.00,,,421977187,541,,,VZIREQ04,SESS-000888
1000000924,0001,false,false,000000000080000122,3000,SP03,2026-05-21T00:00:00,1.000,EA,0.000,0.00,,,434910503,541,,,VZIREQ02,SESS-000889
1000000925,0001,false,false,000000000080000123,2000,SP02,2026-04-29T00:00:00,1.000,EA,0.000,0.00,,,422183174,541,,,VZIREQ05,SESS-000890
1000000926,0001,false,false,000000000080000124,2000,SP02,2025-12-29T00:00:00,1.000,EA,0.000,0.00,,,423004065,541,,,VZIREQ03,SESS-000891
1000000927,0001,false,false,000000000080000125,2000,SP02,2025-11-27T00:00:00,1.000,EA,0.000,0.00,,,429718285,541,,,VZIREQ04,SESS-000892
1000000928,0001,false,false,000000000080000127,4000,SP04,2026-01-08T00:00:00,1.000,EA,0.000,0.00,,,445777545,541,,,VZIREQ03,SESS-000893
1000000929,0001,false,false,000000000080000128,2000,SP02,2026-01-26T00:00:00,1.000,EA,0.000,0.00,,,429876059,541,,,VZIREQ03,SESS-000894
1000000930,0001,false,false,000000000080000130,1000,SP01,2025-12-26T00:00:00,1.000,EA,0.000,0.00,,,417732407,541,,,VZIREQ03,SESS-000895
1000000931,0001,false,false,000000000080000131,4000,SP04,2026-08-18T00:00:00,1.000,EA,0.000,0.00,,,448464245,541,,,VZIREQ05,SESS-000896
1000000932,0001,false,false,000000000080000131,3000,SP03,2026-09-05T00:00:00,1.000,EA,0.000,0.00,,,433793435,541,,,VZIREQ04,SESS-000897
1000000933,0001,false,false,000000000080000132,3000,SP03,2026-03-27T00:00:00,1.000,EA,0.000,0.00,,,438221336,541,,,VZIREQ01,SESS-000898
1000000934,0001,false,false,000000000080000132,2000,SP02,2026-03-18T00:00:00,1.000,EA,0.000,0.00,,,429508490,541,,,VZIREQ05,SESS-000899
1000000935,0001,false,false,000000000080000133,4000,SP04,2025-11-25T00:00:00,1.000,EA,0.000,0.00,,,441568698,541,,,VZIREQ02,SESS-000900
1000000936,0001,false,false,000000000080000134,3000,SP03,2026-03-29T00:00:00,1.000,EA,0.000,0.00,,,437165792,541,,,VZIREQ03,SESS-000901
1000000937,0001,false,false,000000000080000135,3000,SP03,2026-01-14T00:00:00,1.000,EA,0.000,0.00,,,436169652,541,,,VZIREQ04,SESS-000902
1000000938,0001,false,false,000000000080000135,4000,SP04,2026-06-17T00:00:00,1.000,EA,0.000,0.00,,,442379600,541,,,VZIREQ03,SESS-000903
1000000939,0001,false,false,000000000080000136,1000,SP01,2026-07-02T00:00:00,1.000,EA,0.000,0.00,,,417760048,541,,,VZIREQ02,SESS-000904
1000000940,0001,false,false,000000000080000136,4000,SP04,2026-03-15T00:00:00,1.000,EA,0.000,0.00,,,447011778,541,,,VZIREQ03,SESS-000905
1000000941,0001,false,false,000000000080000137,2000,SP02,2026-09-06T00:00:00,1.000,EA,0.000,0.00,,,429789804,541,,,VZIREQ04,SESS-000906
1000000942,0001,false,false,000000000080000138,1000,SP01,2026-05-04T00:00:00,1.000,EA,0.000,0.00,,,418275995,541,,,VZIREQ01,SESS-000907
1000000943,0001,false,false,000000000080000139,1000,SP01,2026-07-22T00:00:00,1.000,EA,0.000,0.00,,,415034039,541,,,VZIREQ04,SESS-000908
1000000944,0001,false,false,000000000080000140,4000,SP04,2026-08-31T00:00:00,1.000,EA,0.000,0.00,,,449165979,541,,,VZIREQ02,SESS-000909
1000000945,0001,false,false,000000000080000141,1000,SP01,2026-04-13T00:00:00,1.000,EA,0.000,0.00,,,417352112,541,,,VZIREQ05,SESS-000910
1000000946,0001,false,false,000000000080000142,3000,SP03,2026-02-22T00:00:00,1.000,EA,0.000,0.00,,,438681931,541,,,VZIREQ02,SESS-000911
1000000947,0001,false,false,000000000080000143,2000,SP02,2026-06-07T00:00:00,1.000,EA,0.000,0.00,,,421518470,541,,,VZIREQ04,SESS-000912
1000000948,0001,false,false,000000000080000144,2000,SP02,2026-01-25T00:00:00,1.000,EA,0.000,0.00,,,423881041,541,,,VZIREQ03,SESS-000913
1000000949,0001,false,false,000000000080000145,1000,SP01,2025-11-10T00:00:00,1.000,EA,0.000,0.00,,,416970277,541,,,VZIREQ01,SESS-000914
1000000950,0001,false,false,000000000080000146,1000,SP01,2026-08-27T00:00:00,1.000,EA,0.000,0.00,,,416210870,541,,,VZIREQ02,SESS-000915
1000000951,0001,false,false,000000000080000146,3000,SP03,2026-01-24T00:00:00,1.000,EA,0.000,0.00,,,438093894,541,,,VZIREQ04,SESS-000916
1000000952,0001,false,false,000000000080000147,2000,SP02,2026-07-28T00:00:00,1.000,EA,0.000,0.00,,,424639415,541,,,VZIREQ01,SESS-000917
1000000953,0001,false,false,000000000080000148,4000,SP04,2026-05-05T00:00:00,1.000,EA,0.000,0.00,,,448174523,541,,,VZIREQ03,SESS-000918
1000000954,0001,false,false,000000000080000149,2000,SP02,2026-07-25T00:00:00,1.000,EA,0.000,0.00,,,426651720,541,,,VZIREQ04,SESS-000919
1000000955,0001,false,false,000000000080000150,4000,SP04,2026-05-13T00:00:00,1.000,EA,0.000,0.00,,,445595178,541,,,VZIREQ03,SESS-000920
1000000956,0001,false,false,000000000080000151,1000,SP01,2026-02-15T00:00:00,1.000,EA,0.000,0.00,,,419989200,541,,,VZIREQ03,SESS-000921
1000000957,0001,false,false,000000000080000151,2000,SP02,2026-05-01T00:00:00,1.000,EA,0.000,0.00,,,423492296,541,,,VZIREQ05,SESS-000922
1000000958,0001,false,false,000000000080000152,1000,SP01,2026-05-04T00:00:00,1.000,EA,0.000,0.00,,,413886198,541,,,VZIREQ04,SESS-000923
1000000959,0001,false,false,000000000080000153,4000,SP04,2026-07-13T00:00:00,1.000,EA,0.000,0.00,,,443607227,541,,,VZIREQ03,SESS-000924
1000000960,0001,false,false,000000000080000154,4000,SP04,2026-08-27T00:00:00,1.000,EA,0.000,0.00,,,443400197,541,,,VZIREQ01,SESS-000925
1000000961,0001,false,false,000000000080000155,4000,SP04,2026-03-03T00:00:00,1.000,EA,0.000,0.00,,,448647997,541,,,VZIREQ03,SESS-000926
1000000962,0001,false,false,000000000080000156,2000,SP02,2026-04-16T00:00:00,1.000,EA,0.000,0.00,,,429253308,541,,,VZIREQ04,SESS-000927
1000000963,0001,false,false,000000000080000156,4000,SP04,2026-04-05T00:00:00,1.000,EA,0.000,0.00,,,442935807,541,,,VZIREQ04,SESS-000928
1000000964,0001,false,false,000000000080000157,4000,SP04,2026-06-01T00:00:00,1.000,EA,0.000,0.00,,,446963877,541,,,VZIREQ05,SESS-000929
1000000965,0001,false,false,000000000080000158,2000,SP02,2026-06-28T00:00:00,1.000,EA,0.000,0.00,,,426703719,541,,,VZIREQ01,SESS-000930
1000000966,0001,false,false,000000000080000158,1000,SP01,2026-07-05T00:00:00,1.000,EA,0.000,0.00,,,415825393,541,,,VZIREQ05,SESS-000931
1000000967,0001,false,false,000000000080000159,2000,SP02,2026-06-02T00:00:00,1.000,EA,0.000,0.00,,,426257052,541,,,VZIREQ02,SESS-000932
1000000968,0001,false,false,000000000080000159,3000,SP03,2026-03-28T00:00:00,1.000,EA,0.000,0.00,,,433502765,541,,,VZIREQ05,SESS-000933
1000000969,0001,false,false,000000000080000160,2000,SP02,2026-01-28T00:00:00,1.000,EA,0.000,0.00,,,422450722,541,,,VZIREQ03,SESS-000934
1000000970,0001,false,false,000000000080000161,1000,SP01,2026-06-14T00:00:00,1.000,EA,0.000,0.00,,,417032241,541,,,VZIREQ01,SESS-000935
1000000971,0001,false,false,000000000080000162,2000,SP02,2026-07-17T00:00:00,1.000,EA,0.000,0.00,,,429067510,541,,,VZIREQ03,SESS-000936
1000000972,0001,false,false,000000000080000163,2000,SP02,2026-07-03T00:00:00,1.000,EA,0.000,0.00,,,427656813,541,,,VZIREQ04,SESS-000937
1000000973,0001,false,false,000000000080000164,4000,SP04,2026-05-11T00:00:00,1.000,EA,0.000,0.00,,,442323698,541,,,VZIREQ05,SESS-000938
1000000974,0001,false,false,000000000080000164,3000,SP03,2026-06-10T00:00:00,1.000,EA,0.000,0.00,,,433658647,541,,,VZIREQ02,SESS-000939
1000000975,0001,false,false,000000000080000165,3000,SP03,2026-09-13T00:00:00,1.000,EA,0.000,0.00,,,437277541,541,,,VZIREQ01,SESS-000940
1000000976,0001,false,false,000000000080000166,1000,SP01,2026-06-04T00:00:00,1.000,EA,0.000,0.00,,,411123536,541,,,VZIREQ04,SESS-000941
1000000977,0001,false,false,000000000080000167,2000,SP02,2026-05-09T00:00:00,1.000,EA,0.000,0.00,,,429748469,541,,,VZIREQ03,SESS-000942
1000000978,0001,false,false,000000000080000168,2000,SP02,2026-07-16T00:00:00,1.000,EA,0.000,0.00,,,427617184,541,,,VZIREQ01,SESS-000943
1000000979,0001,false,false,000000000080000169,1000,SP01,2026-05-20T00:00:00,1.000,EA,0.000,0.00,,,417042502,541,,,VZIREQ04,SESS-000944
1000000980,0001,false,false,000000000080000170,2000,SP02,2026-08-11T00:00:00,1.000,EA,0.000,0.00,,,425389775,541,,,VZIREQ05,SESS-000945
1000000981,0001,false,false,000000000080000170,4000,SP04,2026-01-09T00:00:00,1.000,EA,0.000,0.00,,,441255711,541,,,VZIREQ04,SESS-000946
1000000982,0001,false,false,000000000080000171,3000,SP03,2026-06-23T00:00:00,1.000,EA,0.000,0.00,,,438050654,541,,,VZIREQ02,SESS-000947
1000000983,0001,false,false,000000000080000172,2000,SP02,2026-04-20T00:00:00,1.000,EA,0.000,0.00,,,426585417,541,,,VZIREQ02,SESS-000948
1000000984,0001,false,false,000000000080000172,3000,SP03,2026-08-14T00:00:00,1.000,EA,0.000,0.00,,,433864180,541,,,VZIREQ03,SESS-000949
1000000985,0001,false,false,000000000080000173,1000,SP01,2025-12-11T00:00:00,1.000,EA,0.000,0.00,,,419922261,541,,,VZIREQ03,SESS-000950
1000000986,0001,false,false,000000000080000174,1000,SP01,2026-09-02T00:00:00,1.000,EA,0.000,0.00,,,416366220,541,,,VZIREQ02,SESS-000951
1000000987,0001,false,false,000000000080000174,2000,SP02,2025-12-19T00:00:00,1.000,EA,0.000,0.00,,,426932431,541,,,VZIREQ01,SESS-000952
1000000988,0001,false,false,000000000080000175,4000,SP04,2026-08-07T00:00:00,1.000,EA,0.000,0.00,,,443842251,541,,,VZIREQ03,SESS-000953
1000000989,0001,false,false,000000000080000176,3000,SP03,2026-03-28T00:00:00,1.000,EA,0.000,0.00,,,435204227,541,,,VZIREQ02,SESS-000954
1000000990,0001,false,false,000000000080000176,2000,SP02,2026-01-08T00:00:00,1.000,EA,0.000,0.00,,,421677630,541,,,VZIREQ04,SESS-000955
1000000991,0001,false,false,000000000080000177,3000,SP03,2026-04-02T00:00:00,1.000,EA,0.000,0.00,,,434481518,541,,,VZIREQ04,SESS-000956
1000000992,0001,false,false,000000000080000177,2000,SP02,2026-01-09T00:00:00,1.000,EA,0.000,0.00,,,425819513,541,,,VZIREQ03,SESS-000957
1000000993,0001,false,false,000000000080000178,3000,SP03,2026-01-10T00:00:00,1.000,EA,0.000,0.00,,,434220541,541,,,VZIREQ05,SESS-000958
1000000994,0001,false,false,000000000080000179,4000,SP04,2026-03-31T00:00:00,1.000,EA,0.000,0.00,,,446785479,541,,,VZIREQ03,SESS-000959
1000000995,0001,false,false,000000000080000179,3000,SP03,2026-02-13T00:00:00,1.000,EA,0.000,0.00,,,438326994,541,,,VZIREQ01,SESS-000960
1000000996,0001,false,false,000000000080000180,3000,SP03,2026-08-23T00:00:00,1.000,EA,0.000,0.00,,,438359571,541,,,VZIREQ01,SESS-000961
1000000997,0001,false,false,000000000080000181,4000,SP04,2026-04-29T00:00:00,1.000,EA,0.000,0.00,,,445313804,541,,,VZIREQ05,SESS-000962
1000000998,0001,false,false,000000000080000182,1000,SP01,2026-04-03T00:00:00,1.000,EA,0.000,0.00,,,412154048,541,,,VZIREQ05,SESS-000963
1000000999,0001,false,false,000000000080000183,2000,SP02,2025-12-20T00:00:00,1.000,EA,0.000,0.00,,,421876578,541,,,VZIREQ03,SESS-000964
1000001000,0001,false,false,000000000080000184,4000,SP04,2026-07-23T00:00:00,1.000,EA,0.000,0.00,,,444845809,541,,,VZIREQ05,SESS-000965
1000001001,0001,false,false,000000000080000185,1000,SP01,2026-06-30T00:00:00,1.000,EA,0.000,0.00,,,419759235,541,,,VZIREQ02,SESS-000966
1000001002,0001,false,false,000000000080000186,3000,SP03,2026-09-09T00:00:00,1.000,EA,0.000,0.00,,,431954203,541,,,VZIREQ01,SESS-000967
1000001003,0001,false,false,000000000080000187,3000,SP03,2026-04-29T00:00:00,1.000,EA,0.000,0.00,,,436047563,541,,,VZIREQ05,SESS-000968
1000001004,0001,false,false,000000000080000188,4000,SP04,2026-07-12T00:00:00,1.000,EA,0.000,0.00,,,448379922,541,,,VZIREQ02,SESS-000969
1000001005,0001,false,false,000000000080000189,1000,SP01,2026-06-10T00:00:00,1.000,EA,0.000,0.00,,,418311452,541,,,VZIREQ01,SESS-000970
1000001006,0001,false,false,000000000080000189,2000,SP02,2026-05-30T00:00:00,1.000,EA,0.000,0.00,,,423744115,541,,,VZIREQ05,SESS-000971
1000001007,0001,false,false,000000000080000190,4000,SP04,2026-03-09T00:00:00,1.000,EA,0.000,0.00,,,443522852,541,,,VZIREQ03,SESS-000972
1000001008,0001,false,false,000000000080000191,4000,SP04,2026-05-07T00:00:00,1.000,EA,0.000,0.00,,,444712550,541,,,VZIREQ04,SESS-000973
1000001009,0001,false,false,000000000080000192,1000,SP01,2026-08-12T00:00:00,1.000,EA,0.000,0.00,,,419136290,541,,,VZIREQ05,SESS-000974
1000001010,0001,false,false,000000000080000193,1000,SP01,2025-12-09T00:00:00,1.000,EA,0.000,0.00,,,416066083,541,,,VZIREQ01,SESS-000975
1000001011,0001,false,false,000000000080000194,3000,SP03,2026-05-03T00:00:00,1.000,EA,0.000,0.00,,,439020798,541,,,VZIREQ03,SESS-000976
1000001012,0001,false,false,000000000080000194,1000,SP01,2026-08-07T00:00:00,1.000,EA,0.000,0.00,,,413991487,541,,,VZIREQ04,SESS-000977
1000001013,0001,false,false,000000000080000195,3000,SP03,2026-01-19T00:00:00,1.000,EA,0.000,0.00,,,437183647,541,,,VZIREQ01,SESS-000978
1000001014,0001,false,false,000000000080000196,3000,SP03,2026-05-20T00:00:00,1.000,EA,0.000,0.00,,,431433890,541,,,VZIREQ01,SESS-000979
1000001015,0001,false,false,000000000080000196,2000,SP02,2026-08-25T00:00:00,1.000,EA,0.000,0.00,,,428912123,541,,,VZIREQ02,SESS-000980
1000001016,0001,false,false,000000000080000197,1000,SP01,2026-09-07T00:00:00,1.000,EA,0.000,0.00,,,417167450,541,,,VZIREQ02,SESS-000981
1000001017,0001,false,false,000000000080000198,2000,SP02,2026-01-01T00:00:00,1.000,EA,0.000,0.00,,,421874170,541,,,VZIREQ01,SESS-000982
1000001018,0001,false,false,000000000080000199,2000,SP02,2026-08-30T00:00:00,1.000,EA,0.000,0.00,,,427935321,541,,,VZIREQ04,SESS-000983
1000001019,0001,false,false,000000000080000200,1000,SP01,2026-06-18T00:00:00,1.000,EA,0.000,0.00,,,415092863,541,,,VZIREQ04,SESS-000984
1000001020,0001,false,false,000000000080000201,1000,SP01,2026-08-26T00:00:00,1.000,EA,0.000,0.00,,,412379368,541,,,VZIREQ01,SESS-000985
1000001021,0001,false,false,000000000080000202,2000,SP02,2026-07-25T00:00:00,1.000,EA,0.000,0.00,,,427103919,541,,,VZIREQ02,SESS-000986
1000001022,0001,false,false,000000000080000203,2000,SP02,2026-08-07T00:00:00,1.000,EA,0.000,0.00,,,421653587,541,,,VZIREQ02,SESS-000987
1000001023,0001,false,false,000000000080000204,4000,SP04,2026-08-25T00:00:00,1.000,EA,0.000,0.00,,,449852848,541,,,VZIREQ02,SESS-000988
1000001024,0001,false,false,000000000080000205,1000,SP01,2025-12-19T00:00:00,1.000,EA,0.000,0.00,,,413053742,541,,,VZIREQ05,SESS-000989
1000001025,0001,false,false,000000000080000206,3000,SP03,2026-07-24T00:00:00,1.000,EA,0.000,0.00,,,433704254,541,,,VZIREQ05,SESS-000990
1000001026,0001,false,false,000000000080000207,2000,SP02,2026-06-22T00:00:00,1.000,EA,0.000,0.00,,,426313427,541,,,VZIREQ03,SESS-000991
1000001027,0001,false,false,000000000080000208,2000,SP02,2026-08-15T00:00:00,1.000,EA,0.000,0.00,,,426340420,541,,,VZIREQ01,SESS-000992
1000001028,0001,false,false,000000000080000209,2000,SP02,2025-11-23T00:00:00,1.000,EA,0.000,0.00,,,422185515,541,,,VZIREQ05,SESS-000993
1000001029,0001,false,false,000000000080000209,3000,SP03,2026-05-08T00:00:00,1.000,EA,0.000,0.00,,,434239707,541,,,VZIREQ05,SESS-000994
1000001030,0001,false,false,000000000080000210,4000,SP04,2026-06-06T00:00:00,1.000,EA,0.000,0.00,,,445122843,541,,,VZIREQ02,SESS-000995
1000001031,0001,false,false,000000000080000211,1000,SP01,2026-07-29T00:00:00,1.000,EA,0.000,0.00,,,413434226,541,,,VZIREQ04,SESS-000996
1000001032,0001,false,false,000000000080000212,2000,SP02,2026-06-28T00:00:00,1.000,EA,0.000,0.00,,,422330068,541,,,VZIREQ05,SESS-000997
1000001033,0001,false,false,000000000080000212,3000,SP03,2026-03-03T00:00:00,1.000,EA,0.000,0.00,,,439005012,541,,,VZIREQ01,SESS-000998
1000001034,0001,false,false,000000000080000213,2000,SP02,2026-08-04T00:00:00,1.000,EA,0.000,0.00,,,424658122,541,,,VZIREQ04,SESS-000999
1000001035,0001,false,false,000000000080000214,3000,SP03,2026-05-24T00:00:00,1.000,EA,0.000,0.00,,,437809649,541,,,VZIREQ04,SESS-001000
1000001036,0001,false,false,000000000080000214,1000,SP01,2026-05-21T00:00:00,1.000,EA,0.000,0.00,,,416260060,541,,,VZIREQ03,SESS-001001
1000001037,0001,false,false,000000000080000215,4000,SP04,2026-09-12T00:00:00,1.000,EA,0.000,0.00,,,448970628,541,,,VZIREQ03,SESS-001002
1000001038,0001,false,false,000000000080000216,1000,SP01,2026-03-09T00:00:00,1.000,EA,0.000,0.00,,,411550088,541,,,VZIREQ05,SESS-001003
1000001039,0001,false,false,000000000080000216,4000,SP04,2026-04-24T00:00:00,1.000,EA,0.000,0.00,,,446239725,541,,,VZIREQ03,SESS-001004
1000001040,0001,false,false,000000000080000217,2000,SP02,2026-06-19T00:00:00,1.000,EA,0.000,0.00,,,422542895,541,,,VZIREQ02,SESS-001005
1000001041,0001,false,false,000000000080000218,3000,SP03,2025-12-09T00:00:00,1.000,EA,0.000,0.00,,,438087631,541,,,VZIREQ03,SESS-001006
1000001042,0001,false,false,000000000080000218,1000,SP01,2026-06-16T00:00:00,1.000,EA,0.000,0.00,,,418350978,541,,,VZIREQ03,SESS-001007
1000001043,0001,false,false,000000000080000219,2000,SP02,2026-06-16T00:00:00,1.000,EA,0.000,0.00,,,428663179,541,,,VZIREQ03,SESS-001008
1000001044,0001,false,false,000000000080000220,2000,SP02,2026-05-12T00:00:00,1.000,EA,0.000,0.00,,,424314494,541,,,VZIREQ02,SESS-001009
1000001045,0001,false,false,000000000080000221,2000,SP02,2026-07-18T00:00:00,1.000,EA,0.000,0.00,,,427930637,541,,,VZIREQ04,SESS-001010
1000001046,0001,false,false,000000000080000222,1000,SP01,2026-08-18T00:00:00,1.000,EA,0.000,0.00,,,414949116,541,,,VZIREQ04,SESS-001011
1000001047,0001,false,false,000000000080000222,3000,SP03,2026-07-29T00:00:00,1.000,EA,0.000,0.00,,,431062345,541,,,VZIREQ01,SESS-001012
1000001048,0001,false,false,000000000080000223,1000,SP01,2026-07-03T00:00:00,1.000,EA,0.000,0.00,,,411555894,541,,,VZIREQ03,SESS-001013
1000001049,0001,false,false,000000000080000224,1000,SP01,2026-08-29T00:00:00,1.000,EA,0.000,0.00,,,416780697,541,,,VZIREQ05,SESS-001014
1000001050,0001,false,false,000000000080000226,4000,SP04,2025-12-27T00:00:00,1.000,EA,0.000,0.00,,,446598848,541,,,VZIREQ05,SESS-001015
1000001051,0001,false,false,000000000080000227,3000,SP03,2026-07-13T00:00:00,1.000,EA,0.000,0.00,,,438142694,541,,,VZIREQ05,SESS-001016
1000001052,0001,false,false,000000000080000228,4000,SP04,2025-12-29T00:00:00,1.000,EA,0.000,0.00,,,446601119,541,,,VZIREQ01,SESS-001017
1000001053,0001,false,false,000000000080000229,2000,SP02,2026-08-26T00:00:00,1.000,EA,0.000,0.00,,,421963066,541,,,VZIREQ04,SESS-001018
1000001054,0001,false,false,000000000080000230,1000,SP01,2026-04-24T00:00:00,1.000,EA,0.000,0.00,,,412905304,541,,,VZIREQ01,SESS-001019
1000001055,0001,false,false,000000000080000230,4000,SP04,2026-08-26T00:00:00,1.000,EA,0.000,0.00,,,446973278,541,,,VZIREQ03,SESS-001020
1000001056,0001,false,false,000000000080000231,1000,SP01,2026-08-10T00:00:00,1.000,EA,0.000,0.00,,,419663583,541,,,VZIREQ03,SESS-001021
1000001057,0001,false,false,000000000080000232,2000,SP02,2026-09-13T00:00:00,1.000,EA,0.000,0.00,,,427568393,541,,,VZIREQ03,SESS-001022
1000001058,0001,false,false,000000000080000233,3000,SP03,2026-06-28T00:00:00,1.000,EA,0.000,0.00,,,433488597,541,,,VZIREQ03,SESS-001023
1000001059,0001,false,false,000000000080000234,2000,SP02,2026-03-13T00:00:00,1.000,EA,0.000,0.00,,,423791482,541,,,VZIREQ02,SESS-001024
1000001060,0001,false,false,000000000080000234,4000,SP04,2026-04-26T00:00:00,1.000,EA,0.000,0.00,,,446814459,541,,,VZIREQ02,SESS-001025
1000001061,0001,false,false,000000000080000235,3000,SP03,2026-03-19T00:00:00,1.000,EA,0.000,0.00,,,437723759,541,,,VZIREQ01,SESS-001026
1000001062,0001,false,false,000000000080000236,3000,SP03,2026-04-19T00:00:00,1.000,EA,0.000,0.00,,,434565130,541,,,VZIREQ03,SESS-001027
1000001063,0001,false,false,000000000080000237,2000,SP02,2026-08-07T00:00:00,1.000,EA,0.000,0.00,,,428073677,541,,,VZIREQ04,SESS-001028
1000001064,0001,false,false,000000000080000238,4000,SP04,2025-12-28T00:00:00,1.000,EA,0.000,0.00,,,442219722,541,,,VZIREQ02,SESS-001029
1000001065,0001,false,false,000000000080000239,2000,SP02,2026-06-23T00:00:00,1.000,EA,0.000,0.00,,,428913609,541,,,VZIREQ03,SESS-001030
1000001066,0001,false,false,000000000080000240,4000,SP04,2026-07-12T00:00:00,1.000,EA,0.000,0.00,,,448063342,541,,,VZIREQ05,SESS-001031
1000001067,0001,false,false,000000000080000241,1000,SP01,2026-07-20T00:00:00,1.000,EA,0.000,0.00,,,412049086,541,,,VZIREQ02,SESS-001032
1000001068,0001,false,false,000000000080000242,2000,SP02,2026-05-15T00:00:00,1.000,EA,0.000,0.00,,,425824455,541,,,VZIREQ02,SESS-001033
1000001069,0001,false,false,000000000080000242,3000,SP03,2026-09-06T00:00:00,1.000,EA,0.000,0.00,,,435931173,541,,,VZIREQ04,SESS-001034
1000001070,0001,false,false,000000000080000243,3000,SP03,2026-05-15T00:00:00,1.000,EA,0.000,0.00,,,432396764,541,,,VZIREQ04,SESS-001035
1000001071,0001,false,false,000000000080000244,1000,SP01,2026-06-04T00:00:00,1.000,EA,0.000,0.00,,,417818406,541,,,VZIREQ04,SESS-001036
1000001072,0001,false,false,000000000080000245,4000,SP04,2026-03-17T00:00:00,1.000,EA,0.000,0.00,,,448248156,541,,,VZIREQ01,SESS-001037
1000001073,0001,false,false,000000000080000246,1000,SP01,2026-02-07T00:00:00,1.000,EA,0.000,0.00,,,411126678,541,,,VZIREQ01,SESS-001038
1000001074,0001,false,false,000000000080000246,4000,SP04,2026-05-26T00:00:00,1.000,EA,0.000,0.00,,,445568859,541,,,VZIREQ04,SESS-001039
1000001075,0001,false,false,000000000080000247,1000,SP01,2026-04-30T00:00:00,1.000,EA,0.000,0.00,,,414161762,541,,,VZIREQ02,SESS-001040
1000001076,0001,false,false,000000000080000248,2000,SP02,2025-12-31T00:00:00,1.000,EA,0.000,0.00,,,429137529,541,,,VZIREQ05,SESS-001041
1000001077,0001,false,false,000000000080000248,4000,SP04,2026-01-03T00:00:00,1.000,EA,0.000,0.00,,,448211191,541,,,VZIREQ04,SESS-001042
1000001078,0001,false,false,000000000080000249,1000,SP01,2025-11-19T00:00:00,1.000,EA,0.000,0.00,,,417783083,541,,,VZIREQ05,SESS-001043
1000001079,0001,false,false,000000000080000250,2000,SP02,2026-07-10T00:00:00,1.000,EA,0.000,0.00,,,421495946,541,,,VZIREQ05,SESS-001044
1000001080,0001,false,false,000000000080000251,2000,SP02,2026-09-07T00:00:00,1.000,EA,0.000,0.00,,,424329459,541,,,VZIREQ03,SESS-001045
1000001081,0001,false,false,000000000080000252,1000,SP01,2026-07-28T00:00:00,1.000,EA,0.000,0.00,,,413395237,541,,,VZIREQ05,SESS-001046
1000001082,0001,false,false,000000000080000253,3000,SP03,2026-04-22T00:00:00,1.000,EA,0.000,0.00,,,431585303,541,,,VZIREQ01,SESS-001047
1000001083,0001,false,false,000000000080000254,4000,SP04,2026-05-27T00:00:00,1.000,EA,0.000,0.00,,,446549288,541,,,VZIREQ03,SESS-001048
1000001084,0001,false,false,000000000080000255,4000,SP04,2026-07-03T00:00:00,1.000,EA,0.000,0.00,,,445827120,541,,,VZIREQ04,SESS-001049
1000001085,0001,false,false,000000000080000256,1000,SP01,2025-12-31T00:00:00,1.000,EA,0.000,0.00,,,414234220,541,,,VZIREQ04,SESS-001050
1000001086,0001,false,false,000000000080000257,2000,SP02,2026-01-28T00:00:00,1.000,EA,0.000,0.00,,,425196262,541,,,VZIREQ04,SESS-001051
1000001087,0001,false,false,000000000080000258,4000,SP04,2026-07-08T00:00:00,1.000,EA,0.000,0.00,,,449455781,541,,,VZIREQ05,SESS-001052
1000001088,0001,false,false,000000000080000258,2000,SP02,2026-08-29T00:00:00,1.000,EA,0.000,0.00,,,427473317,541,,,VZIREQ05,SESS-001053
1000001089,0001,false,false,000000000080000259,1000,SP01,2026-05-24T00:00:00,1.000,EA,0.000,0.00,,,415997510,541,,,VZIREQ01,SESS-001054
1000001090,0001,false,false,000000000080000260,4000,SP04,2026-05-10T00:00:00,1.000,EA,0.000,0.00,,,444794923,541,,,VZIREQ01,SESS-001055
1000001091,0001,false,false,000000000080000261,3000,SP03,2026-01-18T00:00:00,1.000,EA,0.000,0.00,,,434189532,541,,,VZIREQ03,SESS-001056
1000001092,0001,false,false,000000000080000262,2000,SP02,2026-06-14T00:00:00,1.000,EA,0.000,0.00,,,422998038,541,,,VZIREQ05,SESS-001057
1000001093,0001,false,false,000000000080000262,1000,SP01,2026-07-02T00:00:00,1.000,EA,0.000,0.00,,,416177631,541,,,VZIREQ04,SESS-001058
1000001094,0001,false,false,000000000080000263,3000,SP03,2026-03-22T00:00:00,1.000,EA,0.000,0.00,,,436104691,541,,,VZIREQ05,SESS-001059
1000001095,0001,false,false,000000000080000264,4000,SP04,2026-09-07T00:00:00,1.000,EA,0.000,0.00,,,442124020,541,,,VZIREQ04,SESS-001060
1000001096,0001,false,false,000000000080000265,2000,SP02,2026-02-17T00:00:00,1.000,EA,0.000,0.00,,,426410656,541,,,VZIREQ03,SESS-001061
1000001097,0001,false,false,000000000080000266,3000,SP03,2026-08-10T00:00:00,1.000,EA,0.000,0.00,,,433057494,541,,,VZIREQ03,SESS-001062
1000001098,0001,false,false,000000000080000267,4000,SP04,2025-11-04T00:00:00,1.000,EA,0.000,0.00,,,441547623,541,,,VZIREQ05,SESS-001063
