Werks,Lgort,Matnr,Dispo,Mtart,Matkl,Dismm,Mbwbest,Wbwbest,Letztzug,Letztabg,Letztver,Letztbew,Eisbe
1000,SP01,000000000010000000,002,ERSA,MECH-BRG,VB,107.000,5927064.91,2026-08-17T00:00:00,2026-09-06T00:00:00,2026-09-06T00:00:00,2026-09-06T00:00:00,6.202
1000,SP01,000000000010000001,010,ERSA,MILL-LINR,VB,32.000,393450.88,2026-03-11T00:00:00,2026-08-12T00:00:00,2026-08-12T00:00:00,2026-08-12T00:00:00,2.532
2000,SP02,000000000010000001,009,ERSA,MILL-LINR,VB,26.000,319678.84,2026-05-07T00:00:00,2026-08-29T00:00:00,2026-08-29T00:00:00,2026-08-29T00:00:00,8.855
3000,SP03,000000000080000000,003,ERSA,MECH-SEAL,VB,12.000,3094634.04,2026-08-23T00:00:00,2026-06-30T00:00:00,2026-06-30T00:00:00,2026-08-23T00:00:00,5.882
4000,SP04,000000000010000002,002,ERSA,ELEC-CTRL,VB,6.000,852278.10,2026-04-15T00:00:00,2026-09-05T00:00:00,2026-09-05T00:00:00,2026-09-05T00:00:00,2.676
2000,SP02,000000000010000002,008,ERSA,ELEC-CTRL,VB,7.000,994324.45,2026-05-29T00:00:00,2026-09-06T00:00:00,2026-09-06T00:00:00,2026-09-06T00:00:00,3.902
4000,SP04,000000000030000000,009,HIBE,HYDR-ASSY,PD,6.000,745443.60,2026-06-21T00:00:00,2026-07-28T00:00:00,2026-07-28T00:00:00,2026-07-28T00:00:00,0.000
1000,SP01,000000000030000000,008,HIBE,HYDR-ASSY,ND,1.000,124240.60,2026-06-20T00:00:00,2026-06-30T00:00:00,2026-06-30T00:00:00,2026-06-30T00:00:00,0.000
1000,SP01,000000000010000003,001,ERSA,MECH-GBOX,VB,0.000,0.00,,2025-05-13T00:00:00,2025-05-13T00:00:00,2025-05-13T00:00:00,0.000
1000,SP01,000000000080000001,005,HIBE,INST-XMTR,VB,5.000,345937.30,2026-07-06T00:00:00,2026-07-20T00:00:00,2026-07-20T00:00:00,2026-07-20T00:00:00,4.563
4000,SP04,000000000080000001,005,HIBE,INST-XMTR,VB,11.000,761062.06,2026-07-20T00:00:00,2026-08-07T00:00:00,2026-08-07T00:00:00,2026-08-07T00:00:00,4.299
3000,SP03,000000000010000004,005,ERSA,MECH-GBOX,VB,93.000,524957.10,2026-08-17T00:00:00,2026-08-28T00:00:00,2026-08-28T00:00:00,2026-08-28T00:00:00,11.211
1000,SP01,000000000010000005,002,ERSA,HYDR-ASSY,VB,75.000,1705504.50,2026-02-19T00:00:00,2026-08-21T00:00:00,2026-08-21T00:00:00,2026-08-21T00:00:00,30.978
1000,SP01,000000000010000006,008,ERSA,INST-XMTR,VB,3.000,834205.17,2026-06-28T00:00:00,2026-08-02T00:00:00,2026-08-02T00:00:00,2026-08-02T00:00:00,1.845
1000,SP01,000000000030000001,008,HIBE,MILL-LINR,ND,1.000,59204.37,2026-02-27T00:00:00,2026-04-16T00:00:00,2026-04-16T00:00:00,2026-04-16T00:00:00,0.000
3000,SP03,000000000010000007,005,ERSA,INST-XMTR,VB,18.000,2565289.80,2026-07-11T00:00:00,2026-07-09T00:00:00,2026-07-09T00:00:00,2026-07-11T00:00:00,11.696
4000,SP04,000000000010000008,009,ERSA,ELEC-CTRL,VB,42.000,575950.20,2026-08-06T00:00:00,2026-07-03T00:00:00,2026-07-03T00:00:00,2026-08-06T00:00:00,12.583
3000,SP03,000000000080000002,006,ERSA,INST-XMTR,VB,5.000,1917403.45,2026-06-26T00:00:00,2026-07-25T00:00:00,2026-07-25T00:00:00,2026-07-25T00:00:00,3.241
4000,SP04,000000000080000003,007,HIBE,ELEC-MOTR,VB,25.000,1738074.25,2026-07-16T00:00:00,2026-07-05T00:00:00,2026-07-05T00:00:00,2026-07-16T00:00:00,6.395
3000,SP03,000000000010000009,001,ERSA,ELEC-MOTR,VB,4.000,323512.84,2025-11-06T00:00:00,2026-06-02T00:00:00,2026-06-02T00:00:00,2026-06-02T00:00:00,2.750
3000,SP03,000000000030000002,007,ERSA,MECH-GBOX,ND,6.000,144758.40,2026-02-13T00:00:00,2026-03-08T00:00:00,2026-03-08T00:00:00,2026-03-08T00:00:00,0.000
1000,SP01,000000000010000010,003,ERSA,CONV-COMP,VB,0.000,0.00,,2023-07-02T00:00:00,2023-07-02T00:00:00,2023-07-02T00:00:00,0.000
4000,SP04,000000000030000003,003,ERSA,HYDR-ASSY,ND,0.000,0.00,,,,,0.000
1000,SP01,000000000030000003,007,ERSA,HYDR-ASSY,PD,5.000,543366.00,2026-05-31T00:00:00,,,2026-05-31T00:00:00,0.000
4000,SP04,000000000010000011,006,ERSA,ELEC-CTRL,VB,32.000,354776.96,2026-03-23T00:00:00,2026-08-26T00:00:00,2026-08-26T00:00:00,2026-08-26T00:00:00,13.585
3000,SP03,000000000010000012,007,ERSA,MECH-SEAL,VB,1.000,11526.72,2026-06-26T00:00:00,2026-07-10T00:00:00,2026-07-10T00:00:00,2026-07-10T00:00:00,1.863
2000,SP02,000000000010000012,010,ERSA,MECH-SEAL,VB,9.000,103740.48,2026-09-06T00:00:00,2026-07-04T00:00:00,2026-07-04T00:00:00,2026-09-06T00:00:00,4.049
4000,SP04,000000000010000013,006,ERSA,MECH-PUMP,VB,5.000,332637.25,2026-07-07T00:00:00,2026-06-04T00:00:00,2026-06-04T00:00:00,2026-07-07T00:00:00,2.183
4000,SP04,000000000010000014,003,HIBE,MECH-BRG,VB,0.000,0.00,,2024-05-19T00:00:00,2024-05-19T00:00:00,2024-05-19T00:00:00,0.000
2000,SP02,000000000010000014,004,HIBE,MECH-BRG,VB,0.000,0.00,,2025-04-28T00:00:00,2025-04-28T00:00:00,2025-04-28T00:00:00,0.000
4000,SP04,000000000010000015,003,ERSA,CONV-COMP,VB,171.000,100703310.75,2026-09-03T00:00:00,2026-09-04T00:00:00,2026-09-04T00:00:00,2026-09-04T00:00:00,23.353
1000,SP01,000000000010000015,005,ERSA,CONV-COMP,VB,135.000,79502613.75,2026-08-16T00:00:00,2026-08-23T00:00:00,2026-08-23T00:00:00,2026-08-23T00:00:00,19.264
2000,SP02,000000000010000016,002,ERSA,INST-XMTR,VB,36.000,81997.20,2026-03-09T00:00:00,2026-08-09T00:00:00,2026-08-09T00:00:00,2026-08-09T00:00:00,11.605
2000,SP02,000000000010000017,004,HIBE,ELEC-MOTR,VB,0.000,0.00,,2022-11-02T00:00:00,2022-11-02T00:00:00,2022-11-02T00:00:00,0.000
2000,SP02,000000000010000018,003,ERSA,CONV-COMP,VB,6.000,78549.78,2026-06-09T00:00:00,2026-03-29T00:00:00,2026-03-29T00:00:00,2026-06-09T00:00:00,2.906
3000,SP03,000000000010000019,005,HIBE,MECH-BRG,VB,3.000,91233.30,2026-03-28T00:00:00,2026-02-16T00:00:00,2026-02-16T00:00:00,2026-03-28T00:00:00,1.119
3000,SP03,000000000010000020,007,ERSA,MECH-SEAL,VB,27.000,2278879.11,2026-02-09T00:00:00,2026-03-25T00:00:00,2026-03-25T00:00:00,2026-03-25T00:00:00,8.911
1000,SP01,000000000010000021,001,ERSA,MILL-LINR,VB,11.000,108271.02,2026-04-17T00:00:00,2026-09-03T00:00:00,2026-09-03T00:00:00,2026-09-03T00:00:00,2.466
4000,SP04,000000000090000000,003,ERSA,INST-XMTR,ND,11.000,537868.98,,2023-06-17T00:00:00,2023-06-17T00:00:00,2023-06-17T00:00:00,0.000
4000,SP04,000000000010000022,006,ERSA,MECH-SEAL,VB,205.000,828271.75,2026-08-09T00:00:00,2026-09-04T00:00:00,2026-09-04T00:00:00,2026-09-04T00:00:00,10.744
3000,SP03,000000000010000023,007,HIBE,INST-XMTR,VB,18.000,162159.66,2026-08-25T00:00:00,2026-07-24T00:00:00,2026-07-24T00:00:00,2026-08-25T00:00:00,3.508
2000,SP02,000000000080000004,002,ERSA,ELEC-MOTR,VB,21.000,9296434.77,2026-03-11T00:00:00,2026-07-18T00:00:00,2026-07-18T00:00:00,2026-07-18T00:00:00,16.362
2000,SP02,000000000010000024,009,ERSA,MECH-GBOX,VB,0.000,0.00,,2025-02-17T00:00:00,2025-02-17T00:00:00,2025-02-17T00:00:00,0.000
2000,SP02,000000000010000025,007,ERSA,INST-XMTR,VB,104.000,49870731.04,2026-05-04T00:00:00,2026-09-02T00:00:00,2026-09-02T00:00:00,2026-09-02T00:00:00,6.961
2000,SP02,000000000010000026,001,ERSA,HYDR-ASSY,VB,0.000,0.00,,2026-08-29T00:00:00,2026-08-29T00:00:00,2026-08-29T00:00:00,1.095
1000,SP01,000000000010000026,004,ERSA,HYDR-ASSY,VB,1.000,155061.15,2026-05-19T00:00:00,2026-02-03T00:00:00,2026-02-03T00:00:00,2026-05-19T00:00:00,0.301
4000,SP04,000000000080000005,006,ERSA,MECH-PUMP,VB,2.000,519266.62,2026-05-09T00:00:00,2026-08-03T00:00:00,2026-08-03T00:00:00,2026-08-03T00:00:00,1.243
2000,SP02,000000000080000005,003,ERSA,MECH-PUMP,VB,10.000,2596333.10,2025-12-17T00:00:00,2026-08-27T00:00:00,2026-08-27T00:00:00,2026-08-27T00:00:00,2.114
3000,SP03,000000000010000027,002,ERSA,INST-XMTR,VB,0.000,0.00,,2024-08-01T00:00:00,2024-08-01T00:00:00,2024-08-01T00:00:00,0.000
2000,SP02,000000000010000028,002,ERSA,INST-XMTR,VB,1.000,72346.01,2025-12-31T00:00:00,2026-07-28T00:00:00,2026-07-28T00:00:00,2026-07-28T00:00:00,6.469
4000,SP04,000000000010000028,008,ERSA,INST-XMTR,VB,9.000,651114.09,2026-08-24T00:00:00,2026-08-17T00:00:00,2026-08-17T00:00:00,2026-08-24T00:00:00,3.650
3000,SP03,000000000010000029,006,ERSA,MECH-SEAL,VB,26.000,11292596.64,2026-05-23T00:00:00,2026-08-04T00:00:00,2026-08-04T00:00:00,2026-08-04T00:00:00,4.468
2000,SP02,000000000010000029,005,ERSA,MECH-SEAL,VB,238.000,103370692.32,2026-07-29T00:00:00,2026-08-13T00:00:00,2026-08-13T00:00:00,2026-08-13T00:00:00,23.771
4000,SP04,000000000030000004,006,ERSA,HYDR-ASSY,ND,5.000,595356.70,2026-04-15T00:00:00,2026-01-02T00:00:00,2026-01-02T00:00:00,2026-04-15T00:00:00,0.000
4000,SP04,000000000010000030,002,ERSA,HYDR-ASSY,VB,64.000,561520.00,2026-07-16T00:00:00,2026-08-19T00:00:00,2026-08-19T00:00:00,2026-08-19T00:00:00,4.699
3000,SP03,000000000010000031,010,ERSA,MECH-GBOX,VB,0.000,0.00,,2023-12-03T00:00:00,2023-12-03T00:00:00,2023-12-03T00:00:00,0.000
4000,SP04,000000000010000032,009,ERSA,MECH-GBOX,VB,5.000,133662.50,2026-08-12T00:00:00,2026-06-19T00:00:00,2026-06-19T00:00:00,2026-08-12T00:00:00,2.998
1000,SP01,000000000010000033,008,ERSA,MECH-BRG,VB,0.000,0.00,,2025-01-25T00:00:00,2025-01-25T00:00:00,2025-01-25T00:00:00,8.143
1000,SP01,000000000010000034,007,ERSA,HYDR-ASSY,VB,4.000,2449407.16,2026-04-08T00:00:00,2026-07-21T00:00:00,2026-07-21T00:00:00,2026-07-21T00:00:00,2.836
2000,SP02,000000000080000006,002,ERSA,ELEC-MOTR,VB,14.000,2449820.94,2026-07-19T00:00:00,2026-06-08T00:00:00,2026-06-08T00:00:00,2026-07-19T00:00:00,3.667
1000,SP01,000000000010000035,010,ERSA,HYDR-ASSY,VB,0.000,0.00,,2022-09-08T00:00:00,2022-09-08T00:00:00,2022-09-08T00:00:00,0.000
3000,SP03,000000000010000036,002,ERSA,MECH-BRG,VB,1.000,90675.48,2026-04-10T00:00:00,2026-09-05T00:00:00,2026-09-05T00:00:00,2026-09-05T00:00:00,1.096
2000,SP02,000000000010000036,008,ERSA,MECH-BRG,VB,1.000,90675.48,2026-02-23T00:00:00,2026-08-08T00:00:00,2026-08-08T00:00:00,2026-08-08T00:00:00,0.729
1000,SP01,000000000010000037,004,HIBE,MECH-BRG,VB,6.000,274889.88,2026-09-06T00:00:00,2026-07-06T00:00:00,2026-07-06T00:00:00,2026-09-06T00:00:00,2.509
1000,SP01,000000000090000001,003,ERSA,MECH-PUMP,ND,25.000,4041645.25,,2022-10-03T00:00:00,2022-10-03T00:00:00,2022-10-03T00:00:00,0.000
3000,SP03,000000000010000038,003,ERSA,INST-XMTR,VB,44.000,296845.12,2026-07-21T00:00:00,2026-08-16T00:00:00,2026-08-16T00:00:00,2026-08-16T00:00:00,5.652
1000,SP01,000000000080000007,006,ERSA,MILL-LINR,VB,27.000,9756131.13,2026-08-02T00:00:00,2026-05-26T00:00:00,2026-05-26T00:00:00,2026-08-02T00:00:00,11.526
2000,SP02,000000000010000039,009,ERSA,INST-XMTR,VB,0.000,0.00,,2024-02-05T00:00:00,2024-02-05T00:00:00,2024-02-05T00:00:00,0.000
3000,SP03,000000000030000005,006,ERSA,MECH-GBOX,PD,3.000,321794.19,2026-05-11T00:00:00,,,2026-05-11T00:00:00,0.000
1000,SP01,000000000010000040,001,ERSA,INST-XMTR,VB,3.000,99662.79,2026-03-16T00:00:00,2026-04-28T00:00:00,2026-04-28T00:00:00,2026-04-28T00:00:00,0.901
4000,SP04,000000000010000041,007,ERSA,MECH-SEAL,VB,7.000,925115.38,2026-03-20T00:00:00,2026-07-30T00:00:00,2026-07-30T00:00:00,2026-07-30T00:00:00,7.482
1000,SP01,000000000010000042,009,ERSA,CONV-COMP,VB,0.000,0.00,,2024-04-25T00:00:00,2024-04-25T00:00:00,2024-04-25T00:00:00,0.000
2000,SP02,000000000030000006,010,HIBE,HYDR-ASSY,ND,1.000,15593.48,2026-07-13T00:00:00,,,2026-07-13T00:00:00,0.000
4000,SP04,000000000080000008,001,ERSA,ELEC-CTRL,VB,0.000,0.00,2025-09-13T00:00:00,2026-07-20T00:00:00,2026-07-20T00:00:00,2026-07-20T00:00:00,0.524
1000,SP01,000000000080000009,008,ERSA,MECH-GBOX,VB,8.000,844937.60,2026-08-02T00:00:00,2026-07-15T00:00:00,2026-07-15T00:00:00,2026-08-02T00:00:00,3.182
4000,SP04,000000000080000009,009,ERSA,MECH-GBOX,VB,14.000,1478640.80,2026-07-18T00:00:00,2026-06-26T00:00:00,2026-06-26T00:00:00,2026-07-18T00:00:00,6.388
3000,SP03,000000000080000010,010,ERSA,ELEC-CTRL,VB,4.000,247877.28,2026-07-29T00:00:00,2026-08-16T00:00:00,2026-08-16T00:00:00,2026-08-16T00:00:00,3.397
1000,SP01,000000000030000007,007,ERSA,MECH-SEAL,ND,1.000,78081.04,2026-06-19T00:00:00,2026-07-16T00:00:00,2026-07-16T00:00:00,2026-07-16T00:00:00,0.000
3000,SP03,000000000030000008,008,ERSA,INST-XMTR,ND,2.000,301494.84,2026-05-17T00:00:00,2026-06-13T00:00:00,2026-06-13T00:00:00,2026-06-13T00:00:00,0.000
1000,SP01,000000000010000043,007,ERSA,MECH-BRG,VB,9.000,592184.88,2026-01-05T00:00:00,2026-05-21T00:00:00,2026-05-21T00:00:00,2026-05-21T00:00:00,1.288
4000,SP04,000000000010000043,008,ERSA,MECH-BRG,VB,5.000,328991.60,2026-06-27T00:00:00,2026-06-08T00:00:00,2026-06-08T00:00:00,2026-06-27T00:00:00,0.913
3000,SP03,000000000010000044,005,ERSA,MECH-SEAL,VB,3.000,225307.29,2026-07-18T00:00:00,2026-06-08T00:00:00,2026-06-08T00:00:00,2026-07-18T00:00:00,1.113
4000,SP04,000000000010000045,003,ERSA,HYDR-ASSY,VB,85.000,1615135.15,2026-08-26T00:00:00,2026-08-11T00:00:00,2026-08-11T00:00:00,2026-08-26T00:00:00,5.066
2000,SP02,000000000080000011,005,ERSA,MILL-LINR,VB,12.000,1322117.52,2026-05-22T00:00:00,2026-04-24T00:00:00,2026-04-24T00:00:00,2026-05-22T00:00:00,1.752
3000,SP03,000000000080000012,004,ERSA,HYDR-ASSY,VB,7.000,2378446.63,2026-06-23T00:00:00,2026-07-18T00:00:00,2026-07-18T00:00:00,2026-07-18T00:00:00,3.357
2000,SP02,000000000010000046,006,ERSA,ELEC-MOTR,VB,0.000,0.00,,2025-05-14T00:00:00,2025-05-14T00:00:00,2025-05-14T00:00:00,0.000
1000,SP01,000000000010000047,002,ERSA,MILL-LINR,VB,0.000,0.00,,2025-07-19T00:00:00,2025-07-19T00:00:00,2025-07-19T00:00:00,0.000
4000,SP04,000000000010000047,002,ERSA,MILL-LINR,VB,0.000,0.00,,2023-02-24T00:00:00,2023-02-24T00:00:00,2023-02-24T00:00:00,0.000
4000,SP04,000000000010000048,003,ERSA,ELEC-CTRL,VB,29.000,577596.19,2026-08-06T00:00:00,2026-09-03T00:00:00,2026-09-03T00:00:00,2026-09-03T00:00:00,6.446
3000,SP03,000000000080000013,007,ERSA,MECH-BRG,VB,4.000,151849.80,2026-07-10T00:00:00,2026-06-22T00:00:00,2026-06-22T00:00:00,2026-07-10T00:00:00,0.677
3000,SP03,000000000010000049,010,ERSA,ELEC-CTRL,VB,12.000,94141.80,2026-05-23T00:00:00,2026-09-01T00:00:00,2026-09-01T00:00:00,2026-09-01T00:00:00,19.320
1000,SP01,000000000010000049,007,ERSA,ELEC-CTRL,VB,116.000,910037.40,2026-08-13T00:00:00,2026-09-05T00:00:00,2026-09-05T00:00:00,2026-09-05T00:00:00,10.376
2000,SP02,000000000010000050,010,ERSA,HYDR-ASSY,VB,0.000,0.00,,2024-09-19T00:00:00,2024-09-19T00:00:00,2024-09-19T00:00:00,1.919
4000,SP04,000000000010000050,008,ERSA,HYDR-ASSY,VB,0.000,0.00,,2025-01-03T00:00:00,2025-01-03T00:00:00,2025-01-03T00:00:00,7.906
2000,SP02,000000000010000051,002,HIBE,INST-XMTR,VB,0.000,0.00,,2022-08-29T00:00:00,2022-08-29T00:00:00,2022-08-29T00:00:00,0.000
3000,SP03,000000000010000052,003,ERSA,ELEC-CTRL,VB,14.000,1649288.20,2026-03-06T00:00:00,2026-08-18T00:00:00,2026-08-18T00:00:00,2026-08-18T00:00:00,7.010
1000,SP01,000000000010000053,010,HIBE,ELEC-MOTR,VB,60.000,35602262.40,2026-06-01T00:00:00,2026-08-23T00:00:00,2026-08-23T00:00:00,2026-08-23T00:00:00,5.294
1000,SP01,000000000010000054,006,ERSA,MECH-GBOX,VB,7.000,229205.97,2026-06-24T00:00:00,2026-05-25T00:00:00,2026-05-25T00:00:00,2026-06-24T00:00:00,0.764
3000,SP03,000000000010000055,004,ERSA,MECH-GBOX,VB,1.000,44707.09,2026-04-15T00:00:00,2026-07-19T00:00:00,2026-07-19T00:00:00,2026-07-19T00:00:00,1.470
3000,SP03,000000000010000056,010,ERSA,INST-XMTR,VB,0.000,0.00,,2024-11-08T00:00:00,2024-11-08T00:00:00,2024-11-08T00:00:00,0.000
2000,SP02,000000000010000056,004,ERSA,INST-XMTR,VB,0.000,0.00,,2023-06-15T00:00:00,2023-06-15T00:00:00,2023-06-15T00:00:00,0.000
1000,SP01,000000000010000057,003,ERSA,MECH-BRG,VB,2.000,187571.50,2026-05-29T00:00:00,2026-03-21T00:00:00,2026-03-21T00:00:00,2026-05-29T00:00:00,0.879
4000,SP04,000000000010000058,004,ERSA,INST-XMTR,VB,0.000,0.00,2026-01-05T00:00:00,2026-08-08T00:00:00,2026-08-08T00:00:00,2026-08-08T00:00:00,0.504
3000,SP03,000000000010000059,007,HIBE,MECH-PUMP,VB,12.000,8837451.48,2026-07-22T00:00:00,2026-06-10T00:00:00,2026-06-10T00:00:00,2026-07-22T00:00:00,3.919
3000,SP03,000000000030000009,006,ERSA,MILL-LINR,ND,5.000,1730320.30,2026-09-07T00:00:00,2026-03-08T00:00:00,2026-03-08T00:00:00,2026-09-07T00:00:00,0.000
2000,SP02,000000000010000060,004,ERSA,HYDR-ASSY,VB,99.000,2219952.24,2026-07-15T00:00:00,2026-08-03T00:00:00,2026-08-03T00:00:00,2026-08-03T00:00:00,4.063
4000,SP04,000000000010000060,008,ERSA,HYDR-ASSY,VB,38.000,852102.88,2026-06-18T00:00:00,2026-08-15T00:00:00,2026-08-15T00:00:00,2026-08-15T00:00:00,6.801
3000,SP03,000000000010000061,008,HIBE,MECH-PUMP,VB,8.000,866914.96,2026-06-11T00:00:00,2026-09-06T00:00:00,2026-09-06T00:00:00,2026-09-06T00:00:00,5.369
3000,SP03,000000000010000062,006,ERSA,MECH-BRG,VB,2.000,255910.86,,2026-02-04T00:00:00,2026-02-04T00:00:00,2026-02-04T00:00:00,1.298
4000,SP04,000000000030000010,010,ERSA,HYDR-ASSY,ND,6.000,1262676.60,2026-01-27T00:00:00,,,2026-01-27T00:00:00,0.000
1000,SP01,000000000030000011,006,ERSA,INST-XMTR,PD,6.000,951257.76,2026-07-19T00:00:00,2026-03-28T00:00:00,2026-03-28T00:00:00,2026-07-19T00:00:00,0.000
3000,SP03,000000000030000011,010,ERSA,INST-XMTR,PD,0.000,0.00,2026-06-24T00:00:00,2026-07-25T00:00:00,2026-07-25T00:00:00,2026-07-25T00:00:00,0.000
3000,SP03,000000000010000063,007,ERSA,MECH-BRG,VB,8.000,946994.24,2026-02-11T00:00:00,2026-08-13T00:00:00,2026-08-13T00:00:00,2026-08-13T00:00:00,4.436
2000,SP02,000000000010000064,003,ERSA,INST-XMTR,VB,0.000,0.00,,2022-08-27T00:00:00,2022-08-27T00:00:00,2022-08-27T00:00:00,0.000
4000,SP04,000000000010000065,007,HIBE,INST-XMTR,VB,6.000,349147.02,2026-07-29T00:00:00,2026-08-03T00:00:00,2026-08-03T00:00:00,2026-08-03T00:00:00,7.254
4000,SP04,000000000080000014,008,HIBE,HYDR-ASSY,VB,0.000,0.00,2026-01-23T00:00:00,2026-08-18T00:00:00,2026-08-18T00:00:00,2026-08-18T00:00:00,3.153
3000,SP03,000000000010000066,008,ERSA,INST-XMTR,VB,14.000,83255.34,2026-07-24T00:00:00,2026-06-10T00:00:00,2026-06-10T00:00:00,2026-07-24T00:00:00,4.704
4000,SP04,000000000010000066,005,ERSA,INST-XMTR,VB,4.000,23787.24,2026-07-22T00:00:00,2026-06-16T00:00:00,2026-06-16T00:00:00,2026-07-22T00:00:00,1.108
3000,SP03,000000000010000067,010,ERSA,MECH-GBOX,VB,0.000,0.00,,2024-10-24T00:00:00,2024-10-24T00:00:00,2024-10-24T00:00:00,2.654
3000,SP03,000000000080000015,009,ERSA,MECH-GBOX,VB,4.000,1451277.56,2026-07-08T00:00:00,2026-08-22T00:00:00,2026-08-22T00:00:00,2026-08-22T00:00:00,0.959
1000,SP01,000000000080000016,001,ERSA,MILL-LINR,VB,7.000,2764114.92,2026-08-12T00:00:00,2026-07-18T00:00:00,2026-07-18T00:00:00,2026-08-12T00:00:00,1.831
2000,SP02,000000000080000016,006,ERSA,MILL-LINR,VB,7.000,2764114.92,2026-08-04T00:00:00,2026-09-01T00:00:00,2026-09-01T00:00:00,2026-09-01T00:00:00,2.189
2000,SP02,000000000010000068,003,ERSA,HYDR-ASSY,VB,0.000,0.00,,2024-10-13T00:00:00,2024-10-13T00:00:00,2024-10-13T00:00:00,12.486
4000,SP04,000000000010000069,007,ERSA,HYDR-ASSY,VB,0.000,0.00,,2025-06-30T00:00:00,2025-06-30T00:00:00,2025-06-30T00:00:00,11.088
2000,SP02,000000000010000070,009,ERSA,HYDR-ASSY,VB,120.000,568920.00,2026-08-13T00:00:00,2026-08-08T00:00:00,2026-08-08T00:00:00,2026-08-13T00:00:00,20.291
3000,SP03,000000000010000071,001,ERSA,ELEC-CTRL,VB,9.000,5403248.19,2025-07-17T00:00:00,2026-08-28T00:00:00,2026-08-28T00:00:00,2026-08-28T00:00:00,4.410
2000,SP02,000000000090000002,001,ERSA,INST-XMTR,ND,12.000,2146260.36,,2023-08-28T00:00:00,2023-08-28T00:00:00,2023-08-28T00:00:00,0.000
4000,SP04,000000000010000072,006,HIBE,CONV-COMP,VB,24.000,569323.68,2026-01-23T00:00:00,2026-08-23T00:00:00,2026-08-23T00:00:00,2026-08-23T00:00:00,19.612
2000,SP02,000000000080000017,002,ERSA,MECH-BRG,VB,22.000,4658613.30,2026-07-02T00:00:00,2026-08-26T00:00:00,2026-08-26T00:00:00,2026-08-26T00:00:00,4.995
3000,SP03,000000000080000017,009,ERSA,MECH-BRG,VB,9.000,1905796.35,2025-05-02T00:00:00,2026-08-13T00:00:00,2026-08-13T00:00:00,2026-08-13T00:00:00,5.057
3000,SP03,000000000010000073,002,ERSA,CONV-COMP,VB,35.000,44501.80,2026-03-16T00:00:00,2026-08-09T00:00:00,2026-08-09T00:00:00,2026-08-09T00:00:00,10.804
1000,SP01,000000000010000074,010,ERSA,MECH-BRG,VB,1.000,117308.38,2026-08-14T00:00:00,2026-07-11T00:00:00,2026-07-11T00:00:00,2026-08-14T00:00:00,0.765
3000,SP03,000000000030000012,008,ERSA,INST-XMTR,PD,0.000,0.00,2026-06-14T00:00:00,2026-07-06T00:00:00,2026-07-06T00:00:00,2026-07-06T00:00:00,0.000
2000,SP02,000000000010000075,004,HIBE,ELEC-CTRL,VB,101.000,1569079.44,2026-06-22T00:00:00,2026-08-28T00:00:00,2026-08-28T00:00:00,2026-08-28T00:00:00,15.777
1000,SP01,000000000010000075,010,HIBE,ELEC-CTRL,VB,121.000,1879788.24,2026-07-03T00:00:00,2026-08-09T00:00:00,2026-08-09T00:00:00,2026-08-09T00:00:00,12.196
2000,SP02,000000000010000076,004,ERSA,MECH-BRG,VB,0.000,0.00,,2023-04-24T00:00:00,2023-04-24T00:00:00,2023-04-24T00:00:00,0.000
2000,SP02,000000000010000077,004,ERSA,MECH-SEAL,VB,17.000,1419193.83,2026-08-02T00:00:00,2026-08-24T00:00:00,2026-08-24T00:00:00,2026-08-24T00:00:00,4.265
3000,SP03,000000000010000078,004,ERSA,ELEC-MOTR,VB,0.000,0.00,,2025-03-22T00:00:00,2025-03-22T00:00:00,2025-03-22T00:00:00,0.000
1000,SP01,000000000010000079,001,ERSA,HYDR-ASSY,VB,55.000,391368.45,2026-08-09T00:00:00,2026-08-12T00:00:00,2026-08-12T00:00:00,2026-08-12T00:00:00,1.929
2000,SP02,000000000010000080,010,ERSA,MECH-PUMP,VB,1.000,175217.29,2026-05-03T00:00:00,2026-04-05T00:00:00,2026-04-05T00:00:00,2026-05-03T00:00:00,0.625
1000,SP01,000000000010000081,004,ERSA,MECH-SEAL,VB,0.000,0.00,,2024-01-12T00:00:00,2024-01-12T00:00:00,2024-01-12T00:00:00,0.000
3000,SP03,000000000010000081,004,ERSA,MECH-SEAL,VB,0.000,0.00,,2023-05-19T00:00:00,2023-05-19T00:00:00,2023-05-19T00:00:00,0.000
4000,SP04,000000000080000018,008,ERSA,ELEC-CTRL,VB,3.000,540952.17,2026-06-20T00:00:00,2026-07-09T00:00:00,2026-07-09T00:00:00,2026-07-09T00:00:00,2.026
3000,SP03,000000000080000018,009,ERSA,ELEC-CTRL,VB,4.000,721269.56,2026-04-19T00:00:00,2026-06-19T00:00:00,2026-06-19T00:00:00,2026-06-19T00:00:00,1.654
2000,SP02,000000000080000019,001,ERSA,ELEC-MOTR,VB,12.000,3233040.72,2026-08-31T00:00:00,2026-05-20T00:00:00,2026-05-20T00:00:00,2026-08-31T00:00:00,1.682
2000,SP02,000000000030000013,007,ERSA,MILL-LINR,ND,0.000,0.00,2026-02-24T00:00:00,2026-03-07T00:00:00,2026-03-07T00:00:00,2026-03-07T00:00:00,0.000
3000,SP03,000000000010000082,007,ERSA,MECH-SEAL,VB,0.000,0.00,2026-04-11T00:00:00,2026-08-28T00:00:00,2026-08-28T00:00:00,2026-08-28T00:00:00,12.056
4000,SP04,000000000030000014,008,HIBE,ELEC-MOTR,VB,9.000,1084516.65,2026-08-16T00:00:00,2026-08-23T00:00:00,2026-08-23T00:00:00,2026-08-23T00:00:00,3.240
1000,SP01,000000000030000014,005,HIBE,ELEC-MOTR,PD,1.000,120501.85,2026-05-24T00:00:00,2026-05-14T00:00:00,2026-05-14T00:00:00,2026-05-24T00:00:00,0.000
3000,SP03,000000000010000083,006,ERSA,ELEC-CTRL,VB,1.000,123294.25,2025-08-28T00:00:00,2026-07-11T00:00:00,2026-07-11T00:00:00,2026-07-11T00:00:00,1.799
4000,SP04,000000000010000084,009,ERSA,MILL-LINR,VB,4.000,454280.56,2026-04-13T00:00:00,2026-08-12T00:00:00,2026-08-12T00:00:00,2026-08-12T00:00:00,0.777
2000,SP02,000000000010000084,008,ERSA,MILL-LINR,VB,6.000,681420.84,2026-07-13T00:00:00,2026-07-21T00:00:00,2026-07-21T00:00:00,2026-07-21T00:00:00,1.514
1000,SP01,000000000010000085,002,ERSA,HYDR-ASSY,VB,14.000,2362493.70,2025-09-10T00:00:00,2026-04-27T00:00:00,2026-04-27T00:00:00,2026-04-27T00:00:00,8.666
3000,SP03,000000000010000085,010,ERSA,HYDR-ASSY,VB,6.000,1012497.30,2026-05-08T00:00:00,2026-08-04T00:00:00,2026-08-04T00:00:00,2026-08-04T00:00:00,2.194
3000,SP03,000000000080000020,002,ERSA,INST-XMTR,VB,12.000,3858507.60,2026-05-03T00:00:00,2026-06-14T00:00:00,2026-06-14T00:00:00,2026-06-14T00:00:00,5.839
1000,SP01,000000000080000020,006,ERSA,INST-XMTR,VB,4.000,1286169.20,2026-06-23T00:00:00,2026-08-26T00:00:00,2026-08-26T00:00:00,2026-08-26T00:00:00,2.625
4000,SP04,000000000010000086,005,ERSA,CONV-COMP,VB,1.000,28028.81,2026-06-01T00:00:00,2026-08-29T00:00:00,2026-08-29T00:00:00,2026-08-29T00:00:00,1.252
2000,SP02,000000000010000086,006,ERSA,CONV-COMP,VB,2.000,56057.62,2026-01-21T00:00:00,2026-04-27T00:00:00,2026-04-27T00:00:00,2026-04-27T00:00:00,1.333
4000,SP04,000000000010000087,006,ERSA,HYDR-ASSY,VB,2.000,235333.52,,2025-07-27T00:00:00,2025-07-27T00:00:00,2025-07-27T00:00:00,0.632
3000,SP03,000000000030000015,001,ERSA,MECH-BRG,ND,0.000,0.00,2026-04-13T00:00:00,2026-04-18T00:00:00,2026-04-18T00:00:00,2026-04-18T00:00:00,0.000
4000,SP04,000000000010000088,002,ERSA,HYDR-ASSY,VB,5.000,2027459.10,2026-06-06T00:00:00,2026-07-15T00:00:00,2026-07-15T00:00:00,2026-07-15T00:00:00,4.494
2000,SP02,000000000080000021,007,ERSA,MECH-SEAL,VB,3.000,622736.70,2026-02-19T00:00:00,2026-07-20T00:00:00,2026-07-20T00:00:00,2026-07-20T00:00:00,4.297
3000,SP03,000000000080000021,006,ERSA,MECH-SEAL,VB,2.000,415157.80,2026-05-29T00:00:00,2026-06-07T00:00:00,2026-06-07T00:00:00,2026-06-07T00:00:00,1.079
3000,SP03,000000000080000022,009,ERSA,CONV-COMP,VB,7.000,2575527.08,2026-06-20T00:00:00,2026-06-29T00:00:00,2026-06-29T00:00:00,2026-06-29T00:00:00,5.590
3000,SP03,000000000080000023,010,ERSA,MECH-BRG,VB,13.000,2518013.81,2026-06-10T00:00:00,2026-06-28T00:00:00,2026-06-28T00:00:00,2026-06-28T00:00:00,8.119
1000,SP01,000000000010000089,001,ERSA,ELEC-MOTR,VB,0.000,0.00,,2025-01-27T00:00:00,2025-01-27T00:00:00,2025-01-27T00:00:00,0.000
4000,SP04,000000000010000090,003,ERSA,CONV-COMP,VB,5.000,506379.35,2026-08-03T00:00:00,2026-07-21T00:00:00,2026-07-21T00:00:00,2026-08-03T00:00:00,3.119
4000,SP04,000000000010000091,002,ERSA,ELEC-MOTR,VB,110.000,365365.00,2026-06-22T00:00:00,2026-08-18T00:00:00,2026-08-18T00:00:00,2026-08-18T00:00:00,28.966
1000,SP01,000000000010000092,002,HIBE,INST-XMTR,VB,9.000,777930.03,2026-07-19T00:00:00,2026-07-11T00:00:00,2026-07-11T00:00:00,2026-07-19T00:00:00,1.465
1000,SP01,000000000010000093,004,HIBE,HYDR-ASSY,VB,3.000,129668.01,,2026-05-26T00:00:00,2026-05-26T00:00:00,2026-05-26T00:00:00,2.087
2000,SP02,000000000010000094,001,ERSA,MILL-LINR,VB,195.000,650818.35,2026-08-14T00:00:00,2026-08-19T00:00:00,2026-08-19T00:00:00,2026-08-19T00:00:00,38.354
3000,SP03,000000000030000016,001,ERSA,ELEC-CTRL,ND,0.000,0.00,2026-06-08T00:00:00,2026-06-23T00:00:00,2026-06-23T00:00:00,2026-06-23T00:00:00,0.000
1000,SP01,000000000030000016,005,ERSA,ELEC-CTRL,PD,5.000,165639.05,2026-05-07T00:00:00,2026-02-18T00:00:00,2026-02-18T00:00:00,2026-05-07T00:00:00,0.000
4000,SP04,000000000010000095,010,ERSA,ELEC-CTRL,VB,4.000,910231.00,2025-12-01T00:00:00,2026-08-12T00:00:00,2026-08-12T00:00:00,2026-08-12T00:00:00,6.606
2000,SP02,000000000010000096,001,ERSA,MECH-BRG,VB,19.000,8262041.70,2026-09-01T00:00:00,2026-08-06T00:00:00,2026-08-06T00:00:00,2026-09-01T00:00:00,6.543
4000,SP04,000000000010000097,005,HIBE,MECH-GBOX,VB,7.000,928365.41,2025-09-12T00:00:00,2026-09-06T00:00:00,2026-09-06T00:00:00,2026-09-06T00:00:00,3.721
3000,SP03,000000000030000017,010,ERSA,MECH-PUMP,PD,0.000,0.00,2026-08-12T00:00:00,2026-08-20T00:00:00,2026-08-20T00:00:00,2026-08-20T00:00:00,0.000
1000,SP01,000000000010000098,005,HIBE,MECH-GBOX,VB,10.000,561208.30,2026-07-10T00:00:00,2026-07-22T00:00:00,2026-07-22T00:00:00,2026-07-22T00:00:00,4.165
2000,SP02,000000000010000099,010,HIBE,ELEC-CTRL,VB,3.000,354765.75,2026-08-15T00:00:00,2026-08-11T00:00:00,2026-08-11T00:00:00,2026-08-15T00:00:00,1.554
4000,SP04,000000000010000099,010,HIBE,ELEC-CTRL,VB,13.000,1537318.25,2026-07-18T00:00:00,2026-08-31T00:00:00,2026-08-31T00:00:00,2026-08-31T00:00:00,2.805
4000,SP04,000000000010000100,004,ERSA,MILL-LINR,VB,12.000,972757.08,2026-06-25T00:00:00,2026-07-07T00:00:00,2026-07-07T00:00:00,2026-07-07T00:00:00,3.562
2000,SP02,000000000090000003,002,ERSA,MILL-LINR,ND,7.000,141978.06,,2025-06-10T00:00:00,2025-06-10T00:00:00,2025-06-10T00:00:00,0.000
3000,SP03,000000000090000003,004,ERSA,MILL-LINR,ND,18.000,365086.44,,2023-05-09T00:00:00,2023-05-09T00:00:00,2023-05-09T00:00:00,0.000
4000,SP04,000000000010000101,004,ERSA,MECH-PUMP,VB,5.000,68401.70,2025-10-01T00:00:00,2026-07-03T00:00:00,2026-07-03T00:00:00,2026-07-03T00:00:00,5.049
4000,SP04,000000000030000018,002,ERSA,MECH-PUMP,PD,3.000,1985154.75,2026-04-15T00:00:00,,,2026-04-15T00:00:00,0.000
1000,SP01,000000000010000102,004,ERSA,MECH-GBOX,VB,0.000,0.00,,2023-06-26T00:00:00,2023-06-26T00:00:00,2023-06-26T00:00:00,0.000
2000,SP02,000000000080000024,003,ERSA,INST-XMTR,VB,1.000,156541.62,2026-06-10T00:00:00,2026-08-25T00:00:00,2026-08-25T00:00:00,2026-08-25T00:00:00,1.708
2000,SP02,000000000010000103,006,ERSA,HYDR-ASSY,VB,0.000,0.00,,2024-09-07T00:00:00,2024-09-07T00:00:00,2024-09-07T00:00:00,3.197
1000,SP01,000000000030000019,005,ERSA,MECH-PUMP,PD,0.000,0.00,2026-03-06T00:00:00,2026-03-09T00:00:00,2026-03-09T00:00:00,2026-03-09T00:00:00,0.000
3000,SP03,000000000030000019,008,ERSA,MECH-PUMP,PD,1.000,45663.54,2026-04-01T00:00:00,2026-05-22T00:00:00,2026-05-22T00:00:00,2026-05-22T00:00:00,0.000
3000,SP03,000000000010000104,010,ERSA,ELEC-CTRL,VB,18.000,4134559.86,2025-09-22T00:00:00,2026-04-14T00:00:00,2026-04-14T00:00:00,2026-04-14T00:00:00,6.778
2000,SP02,000000000010000104,002,ERSA,ELEC-CTRL,VB,0.000,0.00,2025-04-30T00:00:00,2026-08-29T00:00:00,2026-08-29T00:00:00,2026-08-29T00:00:00,2.395
4000,SP04,000000000010000105,003,ERSA,ELEC-CTRL,VB,3.000,142460.07,2026-08-14T00:00:00,2026-06-22T00:00:00,2026-06-22T00:00:00,2026-08-14T00:00:00,1.543
3000,SP03,000000000010000106,003,ERSA,MECH-BRG,VB,32.000,654683.20,2026-08-06T00:00:00,2026-08-16T00:00:00,2026-08-16T00:00:00,2026-08-16T00:00:00,4.927
4000,SP04,000000000010000107,005,ERSA,CONV-COMP,VB,0.000,0.00,,2025-04-15T00:00:00,2025-04-15T00:00:00,2025-04-15T00:00:00,0.000
1000,SP01,000000000010000108,002,ERSA,CONV-COMP,VB,0.000,0.00,,2024-10-02T00:00:00,2024-10-02T00:00:00,2024-10-02T00:00:00,4.324
4000,SP04,000000000010000109,003,ERSA,MILL-LINR,VB,1.000,255293.61,2026-07-23T00:00:00,2026-07-01T00:00:00,2026-07-01T00:00:00,2026-07-23T00:00:00,0.709
3000,SP03,000000000080000025,009,ERSA,MECH-BRG,VB,10.000,4354987.50,2026-08-12T00:00:00,2026-07-23T00:00:00,2026-07-23T00:00:00,2026-08-12T00:00:00,4.255
4000,SP04,000000000080000025,007,ERSA,MECH-BRG,VB,16.000,6967980.00,2026-08-15T00:00:00,2026-08-05T00:00:00,2026-08-05T00:00:00,2026-08-15T00:00:00,5.880
2000,SP02,000000000010000110,004,ERSA,MILL-LINR,VB,7.000,719667.20,2026-08-04T00:00:00,2026-06-25T00:00:00,2026-06-25T00:00:00,2026-08-04T00:00:00,2.570
2000,SP02,000000000030000020,002,HIBE,MILL-LINR,ND,0.000,0.00,2026-06-25T00:00:00,2026-06-30T00:00:00,2026-06-30T00:00:00,2026-06-30T00:00:00,0.000
3000,SP03,000000000010000111,007,ERSA,MILL-LINR,VB,86.000,356390.02,2026-09-02T00:00:00,2026-08-20T00:00:00,2026-08-20T00:00:00,2026-09-02T00:00:00,15.408
1000,SP01,000000000010000112,010,ERSA,MECH-SEAL,VB,33.000,21025.29,2026-02-19T00:00:00,2026-08-03T00:00:00,2026-08-03T00:00:00,2026-08-03T00:00:00,19.110
3000,SP03,000000000010000113,006,ERSA,MILL-LINR,VB,0.000,0.00,,2024-03-16T00:00:00,2024-03-16T00:00:00,2024-03-16T00:00:00,0.000
4000,SP04,000000000010000114,008,HIBE,MECH-BRG,VB,9.000,107638.56,2026-05-23T00:00:00,2026-08-10T00:00:00,2026-08-10T00:00:00,2026-08-10T00:00:00,2.043
4000,SP04,000000000010000115,005,ERSA,MECH-PUMP,VB,0.000,0.00,,2024-09-05T00:00:00,2024-09-05T00:00:00,2024-09-05T00:00:00,5.706
2000,SP02,000000000010000116,007,ERSA,MILL-LINR,VB,3.000,501041.28,2026-07-01T00:00:00,2026-07-29T00:00:00,2026-07-29T00:00:00,2026-07-29T00:00:00,1.484
3000,SP03,000000000010000116,002,ERSA,MILL-LINR,VB,3.000,501041.28,2026-06-10T00:00:00,2026-07-30T00:00:00,2026-07-30T00:00:00,2026-07-30T00:00:00,0.389
1000,SP01,000000000030000021,008,ERSA,CONV-COMP,PD,3.000,135059.64,2026-08-23T00:00:00,2026-09-03T00:00:00,2026-09-03T00:00:00,2026-09-03T00:00:00,0.000
4000,SP04,000000000030000021,002,ERSA,CONV-COMP,PD,5.000,225099.40,2026-06-26T00:00:00,,,2026-06-26T00:00:00,0.000
1000,SP01,000000000010000117,006,HIBE,MECH-GBOX,VB,0.000,0.00,,2024-09-18T00:00:00,2024-09-18T00:00:00,2024-09-18T00:00:00,2.179
4000,SP04,000000000010000118,005,ERSA,MECH-PUMP,VB,4.000,720740.60,2026-06-10T00:00:00,2026-08-12T00:00:00,2026-08-12T00:00:00,2026-08-12T00:00:00,5.264
1000,SP01,000000000010000119,003,ERSA,MECH-BRG,VB,21.000,3729372.57,2026-09-05T00:00:00,2026-08-06T00:00:00,2026-08-06T00:00:00,2026-09-05T00:00:00,5.529
1000,SP01,000000000010000120,005,ERSA,MECH-PUMP,VB,5.000,3775529.25,2026-03-20T00:00:00,2025-12-11T00:00:00,2025-12-11T00:00:00,2026-03-20T00:00:00,2.001
4000,SP04,000000000010000120,003,ERSA,MECH-PUMP,VB,4.000,3020423.40,2026-05-21T00:00:00,2025-12-28T00:00:00,2025-12-28T00:00:00,2026-05-21T00:00:00,1.306
4000,SP04,000000000030000022,007,ERSA,MECH-GBOX,ND,1.000,179364.22,2026-04-26T00:00:00,,,2026-04-26T00:00:00,0.000
1000,SP01,000000000030000022,004,ERSA,MECH-GBOX,PD,5.000,896821.10,2026-07-04T00:00:00,2026-08-30T00:00:00,2026-08-30T00:00:00,2026-08-30T00:00:00,0.000
4000,SP04,000000000090000004,006,ERSA,INST-XMTR,ND,19.000,1052544.71,,2023-08-14T00:00:00,2023-08-14T00:00:00,2023-08-14T00:00:00,0.000
4000,SP04,000000000010000121,009,ERSA,ELEC-CTRL,VB,0.000,0.00,,2025-02-15T00:00:00,2025-02-15T00:00:00,2025-02-15T00:00:00,6.222
3000,SP03,000000000010000122,006,ERSA,HYDR-ASSY,VB,4.000,24740.24,2026-05-28T00:00:00,2026-04-16T00:00:00,2026-04-16T00:00:00,2026-05-28T00:00:00,0.204
1000,SP01,000000000010000123,003,ERSA,MILL-LINR,VB,4.000,42948.68,2026-08-03T00:00:00,2026-08-16T00:00:00,2026-08-16T00:00:00,2026-08-16T00:00:00,2.281
3000,SP03,000000000010000124,002,HIBE,MECH-GBOX,VB,68.000,1242718.36,2026-08-21T00:00:00,2026-08-11T00:00:00,2026-08-11T00:00:00,2026-08-21T00:00:00,2.931
3000,SP03,000000000080000026,001,ERSA,ELEC-MOTR,VB,0.000,0.00,2025-04-24T00:00:00,2026-08-12T00:00:00,2026-08-12T00:00:00,2026-08-12T00:00:00,0.472
2000,SP02,000000000080000026,009,ERSA,ELEC-MOTR,VB,3.000,98622.54,2026-06-05T00:00:00,2026-09-03T00:00:00,2026-09-03T00:00:00,2026-09-03T00:00:00,1.858
4000,SP04,000000000010000125,003,ERSA,MECH-BRG,VB,3.000,180855.66,2026-05-06T00:00:00,2026-06-20T00:00:00,2026-06-20T00:00:00,2026-06-20T00:00:00,0.738
1000,SP01,000000000080000027,010,ERSA,MECH-GBOX,VB,1.000,192088.11,2026-04-22T00:00:00,2026-08-20T00:00:00,2026-08-20T00:00:00,2026-08-20T00:00:00,1.133
1000,SP01,000000000010000126,005,ERSA,MECH-SEAL,VB,0.000,0.00,,2022-12-01T00:00:00,2022-12-01T00:00:00,2022-12-01T00:00:00,0.000
3000,SP03,000000000010000127,004,ERSA,MECH-SEAL,VB,6.000,1039562.28,2026-04-06T00:00:00,2026-08-05T00:00:00,2026-08-05T00:00:00,2026-08-05T00:00:00,3.643
1000,SP01,000000000010000127,005,ERSA,MECH-SEAL,VB,0.000,0.00,2025-10-05T00:00:00,2026-08-12T00:00:00,2026-08-12T00:00:00,2026-08-12T00:00:00,2.327
4000,SP04,000000000010000128,005,ERSA,ELEC-MOTR,VB,0.000,0.00,2025-12-27T00:00:00,2026-08-06T00:00:00,2026-08-06T00:00:00,2026-08-06T00:00:00,0.926
4000,SP04,000000000010000129,001,ERSA,HYDR-ASSY,VB,0.000,0.00,,2024-12-15T00:00:00,2024-12-15T00:00:00,2024-12-15T00:00:00,3.198
2000,SP02,000000000010000130,002,ERSA,CONV-COMP,VB,0.000,0.00,,2024-09-27T00:00:00,2024-09-27T00:00:00,2024-09-27T00:00:00,2.791
1000,SP01,000000000010000131,010,ERSA,ELEC-MOTR,VB,10.000,1051260.50,2026-04-06T00:00:00,2026-06-01T00:00:00,2026-06-01T00:00:00,2026-06-01T00:00:00,3.984
2000,SP02,000000000010000132,010,HIBE,MECH-BRG,VB,159.000,464858.76,2026-06-24T00:00:00,2026-08-08T00:00:00,2026-08-08T00:00:00,2026-08-08T00:00:00,17.595
1000,SP01,000000000010000132,010,HIBE,MECH-BRG,VB,42.000,122792.88,2026-09-05T00:00:00,2026-09-06T00:00:00,2026-09-06T00:00:00,2026-09-06T00:00:00,3.809
3000,SP03,000000000010000133,004,ERSA,ELEC-MOTR,VB,4.000,697233.96,2026-09-03T00:00:00,2026-08-11T00:00:00,2026-08-11T00:00:00,2026-09-03T00:00:00,1.516
2000,SP02,000000000010000134,002,ERSA,MECH-GBOX,VB,132.000,11761900.92,2026-08-09T00:00:00,2026-08-15T00:00:00,2026-08-15T00:00:00,2026-08-15T00:00:00,11.922
3000,SP03,000000000010000135,010,HIBE,MILL-LINR,VB,2.000,257588.78,2026-01-20T00:00:00,2026-08-31T00:00:00,2026-08-31T00:00:00,2026-08-31T00:00:00,2.912
2000,SP02,000000000010000135,006,HIBE,MILL-LINR,VB,6.000,772766.34,2026-08-03T00:00:00,2026-06-29T00:00:00,2026-06-29T00:00:00,2026-08-03T00:00:00,1.166
1000,SP01,000000000010000136,001,ERSA,ELEC-CTRL,VB,11.000,619088.69,2026-08-07T00:00:00,2026-06-01T00:00:00,2026-06-01T00:00:00,2026-08-07T00:00:00,5.280
1000,SP01,000000000090000005,010,ERSA,MECH-BRG,ND,13.000,1686359.87,,2023-10-06T00:00:00,2023-10-06T00:00:00,2023-10-06T00:00:00,0.000
3000,SP03,000000000010000137,009,ERSA,HYDR-ASSY,VB,83.000,1640715.78,2026-08-24T00:00:00,2026-08-25T00:00:00,2026-08-25T00:00:00,2026-08-25T00:00:00,18.764
2000,SP02,000000000010000138,010,HIBE,MILL-LINR,VB,0.000,0.00,2025-05-31T00:00:00,2026-07-20T00:00:00,2026-07-20T00:00:00,2026-07-20T00:00:00,2.946
1000,SP01,000000000080000028,008,ERSA,CONV-COMP,VB,0.000,0.00,2025-11-22T00:00:00,2026-07-07T00:00:00,2026-07-07T00:00:00,2026-07-07T00:00:00,1.919
4000,SP04,000000000080000029,010,HIBE,MECH-SEAL,VB,0.000,0.00,2026-04-26T00:00:00,2026-08-05T00:00:00,2026-08-05T00:00:00,2026-08-05T00:00:00,0.573
1000,SP01,000000000010000139,004,ERSA,CONV-COMP,VB,0.000,0.00,,2024-12-15T00:00:00,2024-12-15T00:00:00,2024-12-15T00:00:00,4.162
4000,SP04,000000000010000140,010,ERSA,INST-XMTR,VB,1.000,124304.73,,2026-08-28T00:00:00,2026-08-28T00:00:00,2026-08-28T00:00:00,0.498
4000,SP04,000000000010000141,003,ERSA,ELEC-MOTR,VB,35.000,677720.05,2026-07-12T00:00:00,2026-08-31T00:00:00,2026-08-31T00:00:00,2026-08-31T00:00:00,6.525
1000,SP01,000000000080000030,004,ERSA,MECH-GBOX,VB,2.000,395519.94,2026-06-12T00:00:00,2026-08-17T00:00:00,2026-08-17T00:00:00,2026-08-17T00:00:00,3.505
1000,SP01,000000000010000142,004,ERSA,MILL-LINR,VB,2.000,143531.32,2025-09-11T00:00:00,2026-07-08T00:00:00,2026-07-08T00:00:00,2026-07-08T00:00:00,1.873
1000,SP01,000000000010000143,008,ERSA,ELEC-CTRL,VB,0.000,0.00,,2024-11-06T00:00:00,2024-11-06T00:00:00,2024-11-06T00:00:00,9.953
2000,SP02,000000000010000144,010,ERSA,CONV-COMP,VB,0.000,0.00,2025-12-14T00:00:00,2026-09-06T00:00:00,2026-09-06T00:00:00,2026-09-06T00:00:00,0.492
1000,SP01,000000000010000145,004,ERSA,MECH-BRG,VB,2.000,291182.68,2026-07-01T00:00:00,2026-05-16T00:00:00,2026-05-16T00:00:00,2026-07-01T00:00:00,0.430
1000,SP01,000000000080000031,003,ERSA,MECH-BRG,VB,10.000,2720610.20,2026-06-24T00:00:00,2026-08-25T00:00:00,2026-08-25T00:00:00,2026-08-25T00:00:00,1.607
4000,SP04,000000000010000146,004,ERSA,HYDR-ASSY,VB,0.000,0.00,,2024-09-22T00:00:00,2024-09-22T00:00:00,2024-09-22T00:00:00,2.411
1000,SP01,000000000010000146,001,ERSA,HYDR-ASSY,VB,0.000,0.00,,2024-10-18T00:00:00,2024-10-18T00:00:00,2024-10-18T00:00:00,2.252
2000,SP02,000000000010000147,010,ERSA,MECH-BRG,VB,10.000,5359109.90,2026-07-29T00:00:00,2026-08-23T00:00:00,2026-08-23T00:00:00,2026-08-23T00:00:00,3.731
1000,SP01,000000000030000023,002,ERSA,MECH-BRG,PD,1.000,72184.91,2026-05-02T00:00:00,2026-05-03T00:00:00,2026-05-03T00:00:00,2026-05-03T00:00:00,0.000
4000,SP04,000000000010000148,008,ERSA,MECH-BRG,VB,1.000,70055.88,2025-10-14T00:00:00,2025-08-05T00:00:00,2025-08-05T00:00:00,2025-10-14T00:00:00,0.576
4000,SP04,000000000010000149,006,HIBE,MECH-PUMP,VB,98.000,46239.34,2026-09-05T00:00:00,2026-08-16T00:00:00,2026-08-16T00:00:00,2026-09-05T00:00:00,1.770
1000,SP01,000000000080000032,004,ERSA,MILL-LINR,VB,6.000,218781.42,2026-04-16T00:00:00,2026-08-09T00:00:00,2026-08-09T00:00:00,2026-08-09T00:00:00,3.645
1000,SP01,000000000010000150,007,ERSA,INST-XMTR,VB,14.000,1072491.14,2026-01-01T00:00:00,2026-08-16T00:00:00,2026-08-16T00:00:00,2026-08-16T00:00:00,5.467
3000,SP03,000000000010000151,006,ERSA,MECH-PUMP,VB,0.000,0.00,,2025-03-15T00:00:00,2025-03-15T00:00:00,2025-03-15T00:00:00,4.865
1000,SP01,000000000010000152,009,ERSA,MECH-GBOX,VB,0.000,0.00,,2025-04-01T00:00:00,2025-04-01T00:00:00,2025-04-01T00:00:00,7.142
2000,SP02,000000000010000153,003,ERSA,MECH-SEAL,VB,2.000,1287427.82,,2026-07-30T00:00:00,2026-07-30T00:00:00,2026-07-30T00:00:00,2.116
4000,SP04,000000000080000033,002,ERSA,ELEC-MOTR,VB,5.000,1356104.75,2026-07-05T00:00:00,2026-08-08T00:00:00,2026-08-08T00:00:00,2026-08-08T00:00:00,2.634
1000,SP01,000000000010000154,008,HIBE,MILL-LINR,VB,4.000,674542.08,2026-07-03T00:00:00,2026-05-06T00:00:00,2026-05-06T00:00:00,2026-07-03T00:00:00,0.460
3000,SP03,000000000010000155,005,ERSA,INST-XMTR,VB,4.000,1012229.60,2026-05-07T00:00:00,2026-09-05T00:00:00,2026-09-05T00:00:00,2026-09-05T00:00:00,1.375
4000,SP04,000000000010000156,008,ERSA,MECH-PUMP,VB,0.000,0.00,,2024-11-01T00:00:00,2024-11-01T00:00:00,2024-11-01T00:00:00,6.504
3000,SP03,000000000010000156,006,ERSA,MECH-PUMP,VB,0.000,0.00,,2024-11-20T00:00:00,2024-11-20T00:00:00,2024-11-20T00:00:00,7.211
1000,SP01,000000000080000034,006,ERSA,CONV-COMP,VB,1.000,218145.59,2025-10-24T00:00:00,2026-05-21T00:00:00,2026-05-21T00:00:00,2026-05-21T00:00:00,1.251
2000,SP02,000000000010000157,006,ERSA,HYDR-ASSY,VB,2.000,225657.24,2026-01-12T00:00:00,2025-09-02T00:00:00,2025-09-02T00:00:00,2026-01-12T00:00:00,0.415
3000,SP03,000000000010000157,008,ERSA,HYDR-ASSY,VB,1.000,112828.62,2026-08-20T00:00:00,2026-08-06T00:00:00,2026-08-06T00:00:00,2026-08-20T00:00:00,0.387
1000,SP01,000000000030000024,008,HIBE,HYDR-ASSY,ND,2.000,26314.10,2026-01-17T00:00:00,2026-01-28T00:00:00,2026-01-28T00:00:00,2026-01-28T00:00:00,0.000
4000,SP04,000000000080000035,003,ERSA,MECH-BRG,VB,11.000,693545.16,2026-08-20T00:00:00,2026-05-12T00:00:00,2026-05-12T00:00:00,2026-08-20T00:00:00,5.302
2000,SP02,000000000080000035,007,ERSA,MECH-BRG,VB,8.000,504396.48,2026-09-05T00:00:00,2026-08-19T00:00:00,2026-08-19T00:00:00,2026-09-05T00:00:00,4.290
2000,SP02,000000000010000158,004,ERSA,CONV-COMP,VB,86.000,1880878.48,2026-05-18T00:00:00,2026-08-21T00:00:00,2026-08-21T00:00:00,2026-08-21T00:00:00,4.275
2000,SP02,000000000010000159,006,ERSA,MILL-LINR,VB,5.000,651481.30,2026-02-14T00:00:00,2026-08-30T00:00:00,2026-08-30T00:00:00,2026-08-30T00:00:00,4.512
1000,SP01,000000000010000160,004,ERSA,ELEC-MOTR,VB,0.000,0.00,,2023-07-23T00:00:00,2023-07-23T00:00:00,2023-07-23T00:00:00,0.000
4000,SP04,000000000010000160,005,ERSA,ELEC-MOTR,VB,0.000,0.00,,2024-12-31T00:00:00,2024-12-31T00:00:00,2024-12-31T00:00:00,0.000
3000,SP03,000000000080000036,001,ERSA,MILL-LINR,VB,1.000,25558.23,2026-03-08T00:00:00,2026-08-25T00:00:00,2026-08-25T00:00:00,2026-08-25T00:00:00,1.221
4000,SP04,000000000010000161,008,ERSA,HYDR-ASSY,VB,158.000,3241164.60,2026-07-08T00:00:00,2026-08-24T00:00:00,2026-08-24T00:00:00,2026-08-24T00:00:00,11.338
3000,SP03,000000000010000161,004,ERSA,HYDR-ASSY,VB,90.000,1846233.00,2026-06-11T00:00:00,2026-08-14T00:00:00,2026-08-14T00:00:00,2026-08-14T00:00:00,14.514
2000,SP02,000000000010000162,009,ERSA,MECH-PUMP,VB,0.000,0.00,2024-12-02T00:00:00,2026-06-15T00:00:00,2026-06-15T00:00:00,2026-06-15T00:00:00,0.449
4000,SP04,000000000010000163,007,ERSA,INST-XMTR,VB,60.000,47328468.60,2026-04-17T00:00:00,2026-08-25T00:00:00,2026-08-25T00:00:00,2026-08-25T00:00:00,18.195
2000,SP02,000000000080000037,010,ERSA,INST-XMTR,VB,3.000,1320786.48,2026-03-22T00:00:00,2026-07-16T00:00:00,2026-07-16T00:00:00,2026-07-16T00:00:00,2.530
1000,SP01,000000000080000037,003,ERSA,INST-XMTR,VB,41.000,18050748.56,2026-06-14T00:00:00,2026-05-14T00:00:00,2026-05-14T00:00:00,2026-06-14T00:00:00,14.021
3000,SP03,000000000010000164,009,ERSA,HYDR-ASSY,VB,24.000,3649988.16,2026-06-10T00:00:00,2026-07-30T00:00:00,2026-07-30T00:00:00,2026-07-30T00:00:00,11.265
4000,SP04,000000000010000164,005,ERSA,HYDR-ASSY,VB,2.000,304165.68,2025-03-16T00:00:00,2026-05-20T00:00:00,2026-05-20T00:00:00,2026-05-20T00:00:00,5.676
2000,SP02,000000000010000165,002,ERSA,HYDR-ASSY,VB,0.000,0.00,,2022-11-07T00:00:00,2022-11-07T00:00:00,2022-11-07T00:00:00,0.000
2000,SP02,000000000010000166,004,ERSA,ELEC-MOTR,VB,9.000,1387873.71,2026-06-10T00:00:00,2026-07-04T00:00:00,2026-07-04T00:00:00,2026-07-04T00:00:00,4.136
3000,SP03,000000000010000167,005,ERSA,MECH-PUMP,VB,0.000,0.00,,2024-11-04T00:00:00,2024-11-04T00:00:00,2024-11-04T00:00:00,1.950
2000,SP02,000000000010000167,007,ERSA,MECH-PUMP,VB,0.000,0.00,,2025-07-15T00:00:00,2025-07-15T00:00:00,2025-07-15T00:00:00,9.590
2000,SP02,000000000010000168,007,ERSA,MECH-PUMP,VB,0.000,0.00,,2024-09-29T00:00:00,2024-09-29T00:00:00,2024-09-29T00:00:00,0.000
3000,SP03,000000000080000038,008,ERSA,MECH-PUMP,VB,5.000,308688.90,2026-09-07T00:00:00,2026-07-29T00:00:00,2026-07-29T00:00:00,2026-09-07T00:00:00,1.593
4000,SP04,000000000010000169,005,HIBE,MECH-BRG,VB,5.000,889125.15,2026-07-12T00:00:00,2026-06-05T00:00:00,2026-06-05T00:00:00,2026-07-12T00:00:00,0.923
3000,SP03,000000000010000170,001,HIBE,ELEC-CTRL,VB,11.000,763947.69,2025-08-22T00:00:00,2026-08-26T00:00:00,2026-08-26T00:00:00,2026-08-26T00:00:00,7.276
1000,SP01,000000000080000039,004,ERSA,INST-XMTR,VB,2.000,791125.24,2026-04-28T00:00:00,2026-05-04T00:00:00,2026-05-04T00:00:00,2026-05-04T00:00:00,0.983
4000,SP04,000000000080000039,006,ERSA,INST-XMTR,VB,3.000,1186687.86,2026-08-01T00:00:00,2026-08-06T00:00:00,2026-08-06T00:00:00,2026-08-06T00:00:00,1.721
2000,SP02,000000000010000171,005,HIBE,CONV-COMP,VB,3.000,513029.07,2026-08-29T00:00:00,2026-07-16T00:00:00,2026-07-16T00:00:00,2026-08-29T00:00:00,0.806
3000,SP03,000000000030000025,009,ERSA,HYDR-ASSY,PD,2.000,228073.88,2026-04-01T00:00:00,,,2026-04-01T00:00:00,0.000
3000,SP03,000000000030000026,008,HIBE,INST-XMTR,ND,1.000,162226.85,2026-06-14T00:00:00,,,2026-06-14T00:00:00,0.000
1000,SP01,000000000010000172,006,ERSA,ELEC-CTRL,VB,6.000,3478335.30,2026-06-13T00:00:00,2026-04-06T00:00:00,2026-04-06T00:00:00,2026-06-13T00:00:00,1.038
2000,SP02,000000000030000027,005,ERSA,CONV-COMP,PD,3.000,1594092.09,2026-01-02T00:00:00,,,2026-01-02T00:00:00,0.000
4000,SP04,000000000030000027,006,ERSA,CONV-COMP,ND,0.000,0.00,2026-07-24T00:00:00,2026-08-07T00:00:00,2026-08-07T00:00:00,2026-08-07T00:00:00,0.000
1000,SP01,000000000030000028,005,ERSA,CONV-COMP,PD,0.000,0.00,2026-02-19T00:00:00,2026-03-29T00:00:00,2026-03-29T00:00:00,2026-03-29T00:00:00,0.000
4000,SP04,000000000030000028,005,ERSA,CONV-COMP,ND,5.000,508040.65,2026-06-15T00:00:00,2026-06-10T00:00:00,2026-06-10T00:00:00,2026-06-15T00:00:00,0.000
3000,SP03,000000000010000173,004,ERSA,CONV-COMP,VB,2.000,318543.54,,2026-09-01T00:00:00,2026-09-01T00:00:00,2026-09-01T00:00:00,1.186
2000,SP02,000000000010000174,004,ERSA,HYDR-ASSY,VB,63.000,180447.12,2026-04-19T00:00:00,2026-08-08T00:00:00,2026-08-08T00:00:00,2026-08-08T00:00:00,8.964
3000,SP03,000000000010000174,009,ERSA,HYDR-ASSY,VB,204.000,584304.96,2026-09-07T00:00:00,2026-07-21T00:00:00,2026-07-21T00:00:00,2026-09-07T00:00:00,8.881
1000,SP01,000000000030000029,002,ERSA,INST-XMTR,ND,2.000,16805.76,2025-12-12T00:00:00,2026-01-24T00:00:00,2026-01-24T00:00:00,2026-01-24T00:00:00,0.000
4000,SP04,000000000010000175,010,ERSA,HYDR-ASSY,VB,13.000,443403.87,2026-07-13T00:00:00,2026-06-26T00:00:00,2026-06-26T00:00:00,2026-07-13T00:00:00,2.367
1000,SP01,000000000010000176,004,ERSA,MECH-PUMP,VB,2.000,24417.86,2026-08-27T00:00:00,2026-08-02T00:00:00,2026-08-02T00:00:00,2026-08-27T00:00:00,1.635
1000,SP01,000000000010000177,002,ERSA,MILL-LINR,VB,0.000,0.00,,2026-08-03T00:00:00,2026-08-03T00:00:00,2026-08-03T00:00:00,0.386
3000,SP03,000000000010000177,005,ERSA,MILL-LINR,VB,3.000,283633.92,2026-06-22T00:00:00,2026-04-27T00:00:00,2026-04-27T00:00:00,2026-06-22T00:00:00,1.005
3000,SP03,000000000010000178,009,ERSA,ELEC-CTRL,VB,0.000,0.00,2025-03-05T00:00:00,2026-06-20T00:00:00,2026-06-20T00:00:00,2026-06-20T00:00:00,1.384
3000,SP03,000000000030000030,001,HIBE,HYDR-ASSY,PD,7.000,149734.34,2026-09-01T00:00:00,,,2026-09-01T00:00:00,0.000
4000,SP04,000000000030000030,005,HIBE,HYDR-ASSY,PD,0.000,0.00,,,,,0.000
3000,SP03,000000000010000179,002,ERSA,ELEC-MOTR,VB,0.000,0.00,,2024-09-12T00:00:00,2024-09-12T00:00:00,2024-09-12T00:00:00,0.000
1000,SP01,000000000010000180,010,ERSA,MILL-LINR,VB,5.000,773711.50,2026-05-05T00:00:00,2026-08-19T00:00:00,2026-08-19T00:00:00,2026-08-19T00:00:00,2.969
4000,SP04,000000000010000180,005,ERSA,MILL-LINR,VB,5.000,773711.50,2026-07-03T00:00:00,2026-07-03T00:00:00,2026-07-03T00:00:00,2026-07-03T00:00:00,1.241
2000,SP02,000000000010000181,005,ERSA,MECH-BRG,VB,4.000,427566.96,,2026-07-30T00:00:00,2026-07-30T00:00:00,2026-07-30T00:00:00,2.898
3000,SP03,000000000010000182,005,ERSA,MECH-SEAL,VB,0.000,0.00,2026-04-02T00:00:00,2026-07-09T00:00:00,2026-07-09T00:00:00,2026-07-09T00:00:00,6.377
1000,SP01,000000000010000183,005,HIBE,INST-XMTR,VB,27.000,2778876.45,2026-07-29T00:00:00,2026-06-12T00:00:00,2026-06-12T00:00:00,2026-07-29T00:00:00,7.868
2000,SP02,000000000010000183,007,HIBE,INST-XMTR,VB,7.000,720449.45,2026-04-07T00:00:00,2026-08-17T00:00:00,2026-08-17T00:00:00,2026-08-17T00:00:00,4.259
1000,SP01,000000000010000184,005,HIBE,MECH-BRG,VB,254.000,655365.72,2026-07-02T00:00:00,2026-08-28T00:00:00,2026-08-28T00:00:00,2026-08-28T00:00:00,35.093
3000,SP03,000000000010000185,004,ERSA,MECH-GBOX,VB,3.000,91682.88,2026-01-15T00:00:00,2025-11-23T00:00:00,2025-11-23T00:00:00,2026-01-15T00:00:00,1.065
4000,SP04,000000000010000186,007,ERSA,HYDR-ASSY,VB,0.000,0.00,,2023-10-04T00:00:00,2023-10-04T00:00:00,2023-10-04T00:00:00,0.000
3000,SP03,000000000010000187,009,ERSA,MECH-PUMP,VB,443.000,10947730.53,2026-09-07T00:00:00,2026-09-01T00:00:00,2026-09-01T00:00:00,2026-09-07T00:00:00,40.851
2000,SP02,000000000010000188,001,ERSA,ELEC-CTRL,VB,113.000,2349264.35,2026-08-20T00:00:00,2026-07-12T00:00:00,2026-07-12T00:00:00,2026-08-20T00:00:00,15.361
2000,SP02,000000000010000189,002,HIBE,MILL-LINR,VB,0.000,0.00,,2024-09-19T00:00:00,2024-09-19T00:00:00,2024-09-19T00:00:00,5.651
1000,SP01,000000000010000189,006,HIBE,MILL-LINR,VB,0.000,0.00,,2025-05-24T00:00:00,2025-05-24T00:00:00,2025-05-24T00:00:00,6.994
3000,SP03,000000000010000190,009,ERSA,MECH-GBOX,VB,22.000,514092.26,2026-06-16T00:00:00,2026-09-03T00:00:00,2026-09-03T00:00:00,2026-09-03T00:00:00,2.688
2000,SP02,000000000010000190,005,ERSA,MECH-GBOX,VB,0.000,0.00,2026-03-13T00:00:00,2026-08-01T00:00:00,2026-08-01T00:00:00,2026-08-01T00:00:00,6.695
4000,SP04,000000000010000191,001,ERSA,HYDR-ASSY,VB,48.000,409520.64,2026-08-10T00:00:00,2026-09-05T00:00:00,2026-09-05T00:00:00,2026-09-05T00:00:00,12.520
1000,SP01,000000000010000191,003,ERSA,HYDR-ASSY,VB,2.000,17063.36,2026-02-24T00:00:00,2026-08-01T00:00:00,2026-08-01T00:00:00,2026-08-01T00:00:00,6.680
1000,SP01,000000000080000040,007,ERSA,INST-XMTR,VB,19.000,6068151.03,2026-04-27T00:00:00,2026-08-02T00:00:00,2026-08-02T00:00:00,2026-08-02T00:00:00,6.555
3000,SP03,000000000010000192,010,HIBE,MECH-PUMP,VB,9.000,365119.29,2026-04-17T00:00:00,2026-07-23T00:00:00,2026-07-23T00:00:00,2026-07-23T00:00:00,6.689
4000,SP04,000000000010000192,002,HIBE,MECH-PUMP,VB,17.000,689669.77,2026-05-13T00:00:00,2026-03-18T00:00:00,2026-03-18T00:00:00,2026-05-13T00:00:00,3.020
3000,SP03,000000000010000193,007,ERSA,ELEC-MOTR,VB,22.000,545792.50,2026-03-16T00:00:00,2026-08-02T00:00:00,2026-08-02T00:00:00,2026-08-02T00:00:00,11.944
1000,SP01,000000000080000041,003,ERSA,MECH-PUMP,VB,4.000,140422.76,2026-03-19T00:00:00,2026-06-14T00:00:00,2026-06-14T00:00:00,2026-06-14T00:00:00,1.244
4000,SP04,000000000080000041,008,ERSA,MECH-PUMP,VB,8.000,280845.52,2026-07-21T00:00:00,2026-06-12T00:00:00,2026-06-12T00:00:00,2026-07-21T00:00:00,3.896
1000,SP01,000000000090000006,002,ERSA,ELEC-CTRL,ND,16.000,102031.04,,2025-02-18T00:00:00,2025-02-18T00:00:00,2025-02-18T00:00:00,0.000
1000,SP01,000000000080000042,008,ERSA,MECH-SEAL,VB,8.000,2868882.32,2026-07-20T00:00:00,2026-07-02T00:00:00,2026-07-02T00:00:00,2026-07-20T00:00:00,1.913
1000,SP01,000000000010000194,007,ERSA,INST-XMTR,VB,6.000,677730.42,2026-02-22T00:00:00,2026-07-04T00:00:00,2026-07-04T00:00:00,2026-07-04T00:00:00,1.901
4000,SP04,000000000010000194,003,ERSA,INST-XMTR,VB,9.000,1016595.63,2025-10-16T00:00:00,2026-07-24T00:00:00,2026-07-24T00:00:00,2026-07-24T00:00:00,4.174
3000,SP03,000000000030000031,001,ERSA,ELEC-CTRL,ND,4.000,152112.88,2026-01-29T00:00:00,,,2026-01-29T00:00:00,0.000
4000,SP04,000000000080000043,009,ERSA,MECH-BRG,VB,5.000,1281941.95,2026-07-20T00:00:00,2026-08-05T00:00:00,2026-08-05T00:00:00,2026-08-05T00:00:00,1.281
1000,SP01,000000000080000044,004,ERSA,MECH-BRG,VB,12.000,2486515.68,2026-06-08T00:00:00,2026-08-25T00:00:00,2026-08-25T00:00:00,2026-08-25T00:00:00,1.244
1000,SP01,000000000010000195,008,ERSA,MILL-LINR,VB,1.000,116656.70,2025-09-20T00:00:00,2025-08-21T00:00:00,2025-08-21T00:00:00,2025-09-20T00:00:00,0.466
2000,SP02,000000000010000196,005,ERSA,ELEC-CTRL,VB,8.000,483745.20,2026-05-09T00:00:00,2026-04-29T00:00:00,2026-04-29T00:00:00,2026-05-09T00:00:00,2.706
2000,SP02,000000000090000007,002,ERSA,MECH-SEAL,ND,20.000,1579909.20,,2024-02-06T00:00:00,2024-02-06T00:00:00,2024-02-06T00:00:00,0.000
2000,SP02,000000000010000197,002,ERSA,ELEC-CTRL,VB,0.000,0.00,,2024-11-17T00:00:00,2024-11-17T00:00:00,2024-11-17T00:00:00,11.884
1000,SP01,000000000010000197,003,ERSA,ELEC-CTRL,VB,0.000,0.00,,2024-09-21T00:00:00,2024-09-21T00:00:00,2024-09-21T00:00:00,10.138
2000,SP02,000000000030000032,009,ERSA,ELEC-MOTR,PD,4.000,401474.28,2026-03-02T00:00:00,,,2026-03-02T00:00:00,0.000
4000,SP04,000000000030000032,004,ERSA,ELEC-MOTR,PD,0.000,0.00,2026-04-21T00:00:00,2026-04-28T00:00:00,2026-04-28T00:00:00,2026-04-28T00:00:00,0.000
4000,SP04,000000000080000045,010,ERSA,MILL-LINR,VB,3.000,97612.47,2026-02-10T00:00:00,2026-09-06T00:00:00,2026-09-06T00:00:00,2026-09-06T00:00:00,1.651
2000,SP02,000000000010000198,002,HIBE,INST-XMTR,VB,3.000,72441.06,2026-05-07T00:00:00,2026-06-01T00:00:00,2026-06-01T00:00:00,2026-06-01T00:00:00,0.466
2000,SP02,000000000030000033,007,HIBE,CONV-COMP,PD,0.000,0.00,2026-03-27T00:00:00,2026-05-21T00:00:00,2026-05-21T00:00:00,2026-05-21T00:00:00,0.000
4000,SP04,000000000080000046,008,ERSA,MECH-GBOX,VB,3.000,162692.97,2026-05-06T00:00:00,2026-07-19T00:00:00,2026-07-19T00:00:00,2026-07-19T00:00:00,2.800
3000,SP03,000000000010000199,006,ERSA,ELEC-CTRL,VB,0.000,0.00,,2024-09-28T00:00:00,2024-09-28T00:00:00,2024-09-28T00:00:00,4.316
2000,SP02,000000000080000047,006,ERSA,MILL-LINR,VB,11.000,2980272.46,2026-06-25T00:00:00,2026-06-30T00:00:00,2026-06-30T00:00:00,2026-06-30T00:00:00,4.018
4000,SP04,000000000010000200,008,ERSA,CONV-COMP,VB,0.000,0.00,,2024-10-12T00:00:00,2024-10-12T00:00:00,2024-10-12T00:00:00,0.000
3000,SP03,000000000010000201,002,ERSA,CONV-COMP,VB,2.000,5272.44,2026-02-21T00:00:00,2025-12-28T00:00:00,2025-12-28T00:00:00,2026-02-21T00:00:00,0.656
1000,SP01,000000000030000034,002,ERSA,ELEC-CTRL,ND,0.000,0.00,2026-07-25T00:00:00,2026-07-26T00:00:00,2026-07-26T00:00:00,2026-07-26T00:00:00,0.000
2000,SP02,000000000010000202,008,ERSA,INST-XMTR,VB,12.000,1197511.44,2025-11-07T00:00:00,2026-05-22T00:00:00,2026-05-22T00:00:00,2026-05-22T00:00:00,6.370
2000,SP02,000000000010000203,003,ERSA,INST-XMTR,VB,0.000,0.00,,2025-01-14T00:00:00,2025-01-14T00:00:00,2025-01-14T00:00:00,0.000
4000,SP04,000000000030000035,003,ERSA,MECH-BRG,ND,5.000,244290.55,2026-07-17T00:00:00,2026-08-28T00:00:00,2026-08-28T00:00:00,2026-08-28T00:00:00,0.000
1000,SP01,000000000030000036,001,ERSA,INST-XMTR,ND,1.000,36992.85,2026-03-20T00:00:00,2026-04-17T00:00:00,2026-04-17T00:00:00,2026-04-17T00:00:00,0.000
3000,SP03,000000000010000204,010,ERSA,ELEC-CTRL,VB,2.000,235273.66,2026-06-02T00:00:00,2026-04-24T00:00:00,2026-04-24T00:00:00,2026-06-02T00:00:00,0.623
1000,SP01,000000000010000204,002,ERSA,ELEC-CTRL,VB,1.000,117636.83,2026-05-17T00:00:00,2026-08-30T00:00:00,2026-08-30T00:00:00,2026-08-30T00:00:00,1.412
1000,SP01,000000000010000205,001,ERSA,MECH-PUMP,VB,0.000,0.00,,2024-03-10T00:00:00,2024-03-10T00:00:00,2024-03-10T00:00:00,0.000
3000,SP03,000000000080000048,004,ERSA,HYDR-ASSY,VB,4.000,1616033.16,2026-07-28T00:00:00,2026-07-08T00:00:00,2026-07-08T00:00:00,2026-07-28T00:00:00,2.114
4000,SP04,000000000030000037,001,ERSA,ELEC-MOTR,ND,0.000,0.00,2026-05-05T00:00:00,2026-06-20T00:00:00,2026-06-20T00:00:00,2026-06-20T00:00:00,0.000
1000,SP01,000000000030000037,007,ERSA,ELEC-MOTR,PD,0.000,0.00,2026-06-02T00:00:00,2026-06-25T00:00:00,2026-06-25T00:00:00,2026-06-25T00:00:00,0.000
3000,SP03,000000000010000206,005,ERSA,HYDR-ASSY,VB,78.000,1858576.20,2026-06-02T00:00:00,2026-08-29T00:00:00,2026-08-29T00:00:00,2026-08-29T00:00:00,21.419
3000,SP03,000000000010000207,002,ERSA,INST-XMTR,VB,6.000,1039858.08,2026-08-19T00:00:00,2026-06-08T00:00:00,2026-06-08T00:00:00,2026-08-19T00:00:00,2.554
4000,SP04,000000000030000038,010,ERSA,INST-XMTR,PD,1.000,162830.37,2026-07-08T00:00:00,2026-08-13T00:00:00,2026-08-13T00:00:00,2026-08-13T00:00:00,0.000
2000,SP02,000000000010000208,004,ERSA,ELEC-MOTR,VB,2.000,203217.44,2026-09-04T00:00:00,2026-06-01T00:00:00,2026-06-01T00:00:00,2026-09-04T00:00:00,0.793
1000,SP01,000000000090000008,009,ERSA,MECH-GBOX,ND,37.000,3193366.40,,2023-10-16T00:00:00,2023-10-16T00:00:00,2023-10-16T00:00:00,0.000
2000,SP02,000000000010000209,007,ERSA,MECH-BRG,VB,0.000,0.00,,2023-04-04T00:00:00,2023-04-04T00:00:00,2023-04-04T00:00:00,0.000
1000,SP01,000000000030000039,002,ERSA,CONV-COMP,ND,6.000,286059.00,2026-07-05T00:00:00,2026-07-02T00:00:00,2026-07-02T00:00:00,2026-07-05T00:00:00,0.000
4000,SP04,000000000010000210,007,ERSA,CONV-COMP,VB,93.000,288365.10,2026-08-21T00:00:00,2026-08-26T00:00:00,2026-08-26T00:00:00,2026-08-26T00:00:00,5.742
1000,SP01,000000000010000210,010,ERSA,CONV-COMP,VB,62.000,192243.40,2026-08-09T00:00:00,2026-08-02T00:00:00,2026-08-02T00:00:00,2026-08-09T00:00:00,5.564
4000,SP04,000000000080000049,007,ERSA,MECH-BRG,VB,10.000,709181.40,2026-08-20T00:00:00,2026-05-26T00:00:00,2026-05-26T00:00:00,2026-08-20T00:00:00,1.077
4000,SP04,000000000010000211,003,ERSA,HYDR-ASSY,VB,20.000,757890.60,2026-06-13T00:00:00,2026-07-02T00:00:00,2026-07-02T00:00:00,2026-07-02T00:00:00,10.324
2000,SP02,000000000080000050,007,ERSA,CONV-COMP,VB,5.000,2121182.70,2026-05-18T00:00:00,2026-07-25T00:00:00,2026-07-25T00:00:00,2026-07-25T00:00:00,2.514
2000,SP02,000000000010000212,008,HIBE,MECH-SEAL,VB,0.000,0.00,,2025-02-12T00:00:00,2025-02-12T00:00:00,2025-02-12T00:00:00,9.929
3000,SP03,000000000010000212,001,HIBE,MECH-SEAL,VB,0.000,0.00,,2025-01-20T00:00:00,2025-01-20T00:00:00,2025-01-20T00:00:00,6.733
4000,SP04,000000000010000213,001,ERSA,HYDR-ASSY,VB,5.000,2617671.60,2025-07-01T00:00:00,2026-04-14T00:00:00,2026-04-14T00:00:00,2026-04-14T00:00:00,1.395
4000,SP04,000000000080000051,009,ERSA,MECH-BRG,VB,7.000,1910862.17,2026-06-17T00:00:00,2026-08-06T00:00:00,2026-08-06T00:00:00,2026-08-06T00:00:00,4.508
4000,SP04,000000000010000214,002,ERSA,CONV-COMP,VB,3.000,321174.30,2026-06-29T00:00:00,2026-05-03T00:00:00,2026-05-03T00:00:00,2026-06-29T00:00:00,1.835
4000,SP04,000000000010000215,010,ERSA,HYDR-ASSY,VB,2.000,243251.82,2026-08-20T00:00:00,2026-08-26T00:00:00,2026-08-26T00:00:00,2026-08-26T00:00:00,1.579
4000,SP04,000000000010000216,001,ERSA,HYDR-ASSY,VB,127.000,3020160.33,2026-08-04T00:00:00,2026-09-02T00:00:00,2026-09-02T00:00:00,2026-09-02T00:00:00,69.389
1000,SP01,000000000090000009,008,ERSA,INST-XMTR,ND,31.000,650798.50,,2024-04-25T00:00:00,2024-04-25T00:00:00,2024-04-25T00:00:00,0.000
1000,SP01,000000000010000217,004,ERSA,MECH-BRG,VB,22.000,12328009.54,2026-09-02T00:00:00,2026-06-19T00:00:00,2026-06-19T00:00:00,2026-09-02T00:00:00,7.130
4000,SP04,000000000010000218,004,HIBE,MILL-LINR,VB,2.000,24589.74,,2026-06-18T00:00:00,2026-06-18T00:00:00,2026-06-18T00:00:00,1.107
2000,SP02,000000000010000219,006,ERSA,MILL-LINR,VB,0.000,0.00,2026-03-17T00:00:00,2026-08-06T00:00:00,2026-08-06T00:00:00,2026-08-06T00:00:00,1.081
3000,SP03,000000000080000052,004,ERSA,MECH-BRG,VB,4.000,629552.96,2026-01-19T00:00:00,2026-08-17T00:00:00,2026-08-17T00:00:00,2026-08-17T00:00:00,3.165
1000,SP01,000000000080000053,007,HIBE,INST-XMTR,VB,6.000,2055110.34,2026-08-19T00:00:00,2026-08-30T00:00:00,2026-08-30T00:00:00,2026-08-30T00:00:00,2.962
2000,SP02,000000000080000054,003,ERSA,MECH-PUMP,VB,6.000,1621851.42,2026-06-05T00:00:00,2026-05-17T00:00:00,2026-05-17T00:00:00,2026-06-05T00:00:00,1.500
4000,SP04,000000000080000054,002,ERSA,MECH-PUMP,VB,1.000,270308.57,2026-06-12T00:00:00,2026-07-30T00:00:00,2026-07-30T00:00:00,2026-07-30T00:00:00,0.808
1000,SP01,000000000010000220,002,ERSA,ELEC-CTRL,VB,5.000,532773.10,2026-03-12T00:00:00,2026-07-17T00:00:00,2026-07-17T00:00:00,2026-07-17T00:00:00,1.321
1000,SP01,000000000090000010,003,ERSA,MECH-GBOX,ND,29.000,611394.24,,2025-07-08T00:00:00,2025-07-08T00:00:00,2025-07-08T00:00:00,0.000
3000,SP03,000000000090000011,009,ERSA,ELEC-MOTR,ND,12.000,1553684.40,,2024-11-09T00:00:00,2024-11-09T00:00:00,2024-11-09T00:00:00,0.000
4000,SP04,000000000090000011,005,ERSA,ELEC-MOTR,ND,36.000,4661053.20,,2023-04-23T00:00:00,2023-04-23T00:00:00,2023-04-23T00:00:00,0.000
1000,SP01,000000000030000040,007,ERSA,MECH-BRG,ND,6.000,501230.40,2026-08-12T00:00:00,2025-12-22T00:00:00,2025-12-22T00:00:00,2026-08-12T00:00:00,0.000
3000,SP03,000000000030000040,009,ERSA,MECH-BRG,VB,24.000,2004921.60,2026-07-15T00:00:00,2026-07-06T00:00:00,2026-07-06T00:00:00,2026-07-15T00:00:00,14.416
2000,SP02,000000000030000041,006,ERSA,HYDR-ASSY,PD,2.000,256904.04,2026-07-05T00:00:00,,,2026-07-05T00:00:00,0.000
1000,SP01,000000000090000012,003,HIBE,HYDR-ASSY,ND,20.000,1433108.00,,2024-01-07T00:00:00,2024-01-07T00:00:00,2024-01-07T00:00:00,0.000
2000,SP02,000000000010000221,002,HIBE,MECH-BRG,VB,13.000,9671607.14,2026-08-18T00:00:00,2026-08-11T00:00:00,2026-08-11T00:00:00,2026-08-18T00:00:00,7.230
3000,SP03,000000000080000055,009,ERSA,MECH-PUMP,VB,4.000,1655778.40,2026-06-11T00:00:00,2026-08-01T00:00:00,2026-08-01T00:00:00,2026-08-01T00:00:00,1.278
2000,SP02,000000000010000222,004,ERSA,MILL-LINR,VB,0.000,0.00,,2024-11-24T00:00:00,2024-11-24T00:00:00,2024-11-24T00:00:00,0.000
1000,SP01,000000000010000223,004,ERSA,MECH-PUMP,VB,1.000,112604.54,,2026-05-27T00:00:00,2026-05-27T00:00:00,2026-05-27T00:00:00,0.658
4000,SP04,000000000010000224,006,ERSA,MILL-LINR,VB,9.000,1471234.86,2026-04-27T00:00:00,2026-02-28T00:00:00,2026-02-28T00:00:00,2026-04-27T00:00:00,3.549
2000,SP02,000000000010000225,008,ERSA,MECH-GBOX,VB,70.000,1611061.90,2026-08-06T00:00:00,2026-06-25T00:00:00,2026-06-25T00:00:00,2026-08-06T00:00:00,5.092
4000,SP04,000000000010000226,007,ERSA,ELEC-CTRL,VB,77.000,255178.77,2026-03-30T00:00:00,2026-08-28T00:00:00,2026-08-28T00:00:00,2026-08-28T00:00:00,4.628
1000,SP01,000000000010000226,008,ERSA,ELEC-CTRL,VB,41.000,135874.41,2026-07-13T00:00:00,2026-08-23T00:00:00,2026-08-23T00:00:00,2026-08-23T00:00:00,14.144
4000,SP04,000000000010000227,005,ERSA,CONV-COMP,VB,0.000,0.00,2026-06-09T00:00:00,2026-09-02T00:00:00,2026-09-02T00:00:00,2026-09-02T00:00:00,0.246
4000,SP04,000000000030000042,005,ERSA,ELEC-MOTR,PD,0.000,0.00,2026-07-02T00:00:00,2026-08-03T00:00:00,2026-08-03T00:00:00,2026-08-03T00:00:00,0.000
3000,SP03,000000000080000056,004,HIBE,INST-XMTR,VB,10.000,1891925.00,2026-08-15T00:00:00,2026-07-06T00:00:00,2026-07-06T00:00:00,2026-08-15T00:00:00,5.383
3000,SP03,000000000090000013,006,HIBE,INST-XMTR,ND,12.000,389288.04,,2023-04-11T00:00:00,2023-04-11T00:00:00,2023-04-11T00:00:00,0.000
1000,SP01,000000000080000057,003,ERSA,MECH-PUMP,VB,14.000,1954388.80,2026-08-17T00:00:00,2026-09-03T00:00:00,2026-09-03T00:00:00,2026-09-03T00:00:00,5.803
4000,SP04,000000000010000228,004,ERSA,MECH-GBOX,VB,25.000,171213.50,2026-06-28T00:00:00,2026-09-07T00:00:00,2026-09-07T00:00:00,2026-09-07T00:00:00,7.623
2000,SP02,000000000080000058,005,ERSA,MECH-PUMP,VB,4.000,752250.72,2026-08-31T00:00:00,2026-07-20T00:00:00,2026-07-20T00:00:00,2026-08-31T00:00:00,3.111
2000,SP02,000000000010000229,008,HIBE,MILL-LINR,VB,263.000,159390931.71,2026-06-02T00:00:00,2026-08-18T00:00:00,2026-08-18T00:00:00,2026-08-18T00:00:00,32.627
3000,SP03,000000000010000229,009,HIBE,MILL-LINR,VB,32.000,19393573.44,2026-03-16T00:00:00,2026-08-17T00:00:00,2026-08-17T00:00:00,2026-08-17T00:00:00,18.995
3000,SP03,000000000030000043,001,ERSA,MECH-SEAL,PD,3.000,375915.27,2026-06-15T00:00:00,,,2026-06-15T00:00:00,0.000
3000,SP03,000000000030000044,004,ERSA,MECH-BRG,PD,0.000,0.00,2026-07-14T00:00:00,2026-09-03T00:00:00,2026-09-03T00:00:00,2026-09-03T00:00:00,0.000
3000,SP03,000000000010000230,002,ERSA,MECH-PUMP,VB,5.000,343957.50,2026-04-12T00:00:00,2026-08-13T00:00:00,2026-08-13T00:00:00,2026-08-13T00:00:00,2.756
1000,SP01,000000000010000230,003,ERSA,MECH-PUMP,VB,9.000,619123.50,2026-07-02T00:00:00,2026-07-01T00:00:00,2026-07-01T00:00:00,2026-07-02T00:00:00,6.209
2000,SP02,000000000030000045,001,ERSA,HYDR-ASSY,ND,5.000,22768.65,2026-07-31T00:00:00,,,2026-07-31T00:00:00,0.000
2000,SP02,000000000010000231,008,HIBE,MECH-PUMP,VB,0.000,0.00,,2025-04-03T00:00:00,2025-04-03T00:00:00,2025-04-03T00:00:00,0.000
2000,SP02,000000000010000232,008,ERSA,CONV-COMP,VB,2.000,357480.80,2026-02-15T00:00:00,2026-08-10T00:00:00,2026-08-10T00:00:00,2026-08-10T00:00:00,2.112
2000,SP02,000000000010000233,002,HIBE,HYDR-ASSY,VB,17.000,1951813.01,2026-09-03T00:00:00,2026-05-31T00:00:00,2026-05-31T00:00:00,2026-09-03T00:00:00,2.653
2000,SP02,000000000010000234,009,ERSA,INST-XMTR,VB,6.000,301199.58,2026-06-04T00:00:00,2026-06-23T00:00:00,2026-06-23T00:00:00,2026-06-23T00:00:00,1.702
1000,SP01,000000000010000235,004,ERSA,INST-XMTR,VB,6.000,857591.04,2026-03-22T00:00:00,2026-07-10T00:00:00,2026-07-10T00:00:00,2026-07-10T00:00:00,1.687
3000,SP03,000000000030000046,006,HIBE,HYDR-ASSY,PD,10.000,377900.80,2026-07-15T00:00:00,,,2026-07-15T00:00:00,0.000
4000,SP04,000000000030000046,001,HIBE,HYDR-ASSY,ND,1.000,37790.08,2026-06-02T00:00:00,2026-01-14T00:00:00,2026-01-14T00:00:00,2026-06-02T00:00:00,0.000
4000,SP04,000000000010000236,005,ERSA,MECH-PUMP,VB,10.000,231014.50,2026-04-27T00:00:00,2026-08-22T00:00:00,2026-08-22T00:00:00,2026-08-22T00:00:00,16.068
1000,SP01,000000000030000047,002,ERSA,MECH-GBOX,ND,0.000,0.00,2026-04-22T00:00:00,2026-05-13T00:00:00,2026-05-13T00:00:00,2026-05-13T00:00:00,0.000
3000,SP03,000000000010000237,008,ERSA,MECH-GBOX,VB,0.000,0.00,,2023-06-14T00:00:00,2023-06-14T00:00:00,2023-06-14T00:00:00,0.000
3000,SP03,000000000010000238,005,ERSA,HYDR-ASSY,VB,6.000,593869.80,,2026-07-14T00:00:00,2026-07-14T00:00:00,2026-07-14T00:00:00,0.755
2000,SP02,000000000010000238,002,ERSA,HYDR-ASSY,VB,3.000,296934.90,,2025-10-04T00:00:00,2025-10-04T00:00:00,2025-10-04T00:00:00,1.037
4000,SP04,000000000030000048,010,HIBE,MILL-LINR,PD,8.000,391670.72,2026-03-08T00:00:00,,,2026-03-08T00:00:00,0.000
1000,SP01,000000000010000239,009,ERSA,ELEC-CTRL,VB,30.000,628575.60,2026-06-18T00:00:00,2026-08-30T00:00:00,2026-08-30T00:00:00,2026-08-30T00:00:00,6.720
4000,SP04,000000000010000239,002,ERSA,ELEC-CTRL,VB,134.000,2807637.68,2026-07-15T00:00:00,2026-09-02T00:00:00,2026-09-02T00:00:00,2026-09-02T00:00:00,13.120
4000,SP04,000000000010000240,002,ERSA,INST-XMTR,VB,35.000,8049585.25,2026-06-15T00:00:00,2026-06-24T00:00:00,2026-06-24T00:00:00,2026-06-24T00:00:00,6.169
1000,SP01,000000000010000241,005,ERSA,MECH-GBOX,VB,10.000,899105.30,2026-08-26T00:00:00,2026-03-29T00:00:00,2026-03-29T00:00:00,2026-08-26T00:00:00,2.702
2000,SP02,000000000010000242,006,ERSA,MECH-GBOX,VB,8.000,683007.60,2026-08-20T00:00:00,2026-05-27T00:00:00,2026-05-27T00:00:00,2026-08-20T00:00:00,1.547
1000,SP01,000000000010000242,003,ERSA,MECH-GBOX,VB,8.000,683007.60,2026-08-07T00:00:00,2026-09-01T00:00:00,2026-09-01T00:00:00,2026-09-01T00:00:00,3.669
2000,SP02,000000000030000049,009,ERSA,MECH-PUMP,ND,3.000,184010.94,2026-03-20T00:00:00,2026-05-17T00:00:00,2026-05-17T00:00:00,2026-05-17T00:00:00,0.000
2000,SP02,000000000010000243,005,HIBE,MECH-BRG,VB,0.000,0.00,2026-05-25T00:00:00,2026-07-29T00:00:00,2026-07-29T00:00:00,2026-07-29T00:00:00,0.505
1000,SP01,000000000090000014,010,ERSA,MECH-PUMP,ND,16.000,1566382.56,,2022-07-31T00:00:00,2022-07-31T00:00:00,2022-07-31T00:00:00,0.000
4000,SP04,000000000010000244,001,ERSA,HYDR-ASSY,VB,6.000,2711372.82,2026-02-11T00:00:00,2026-07-08T00:00:00,2026-07-08T00:00:00,2026-07-08T00:00:00,2.603
4000,SP04,000000000010000245,010,HIBE,MILL-LINR,VB,15.000,418861.65,2026-05-06T00:00:00,2026-05-30T00:00:00,2026-05-30T00:00:00,2026-05-30T00:00:00,7.280
3000,SP03,000000000010000245,005,HIBE,MILL-LINR,VB,10.000,279241.10,2026-02-22T00:00:00,2026-05-30T00:00:00,2026-05-30T00:00:00,2026-05-30T00:00:00,4.119
3000,SP03,000000000010000246,006,ERSA,MECH-GBOX,VB,65.000,679546.40,2026-06-01T00:00:00,2026-09-05T00:00:00,2026-09-05T00:00:00,2026-09-05T00:00:00,5.415
2000,SP02,000000000010000247,006,ERSA,ELEC-CTRL,VB,3.000,188948.04,2026-05-16T00:00:00,2026-08-13T00:00:00,2026-08-13T00:00:00,2026-08-13T00:00:00,1.845
4000,SP04,000000000010000248,008,HIBE,ELEC-CTRL,VB,1.000,130984.99,2026-06-23T00:00:00,2026-07-23T00:00:00,2026-07-23T00:00:00,2026-07-23T00:00:00,1.072
4000,SP04,000000000080000059,005,ERSA,HYDR-ASSY,VB,2.000,277413.28,2026-04-22T00:00:00,2026-08-30T00:00:00,2026-08-30T00:00:00,2026-08-30T00:00:00,2.391
3000,SP03,000000000030000050,003,ERSA,MECH-SEAL,PD,3.000,330692.67,2026-06-13T00:00:00,2026-03-03T00:00:00,2026-03-03T00:00:00,2026-06-13T00:00:00,0.000
1000,SP01,000000000010000249,005,ERSA,MECH-BRG,VB,21.000,314757.66,2026-08-04T00:00:00,2026-07-11T00:00:00,2026-07-11T00:00:00,2026-08-04T00:00:00,3.308
2000,SP02,000000000080000060,003,ERSA,ELEC-CTRL,VB,3.000,1296083.70,2026-05-21T00:00:00,2026-08-19T00:00:00,2026-08-19T00:00:00,2026-08-19T00:00:00,4.436
3000,SP03,000000000080000060,002,ERSA,ELEC-CTRL,VB,18.000,7776502.20,2026-08-29T00:00:00,2026-08-26T00:00:00,2026-08-26T00:00:00,2026-08-29T00:00:00,10.404
2000,SP02,000000000080000061,003,ERSA,HYDR-ASSY,VB,9.000,944808.57,2026-06-10T00:00:00,2026-08-21T00:00:00,2026-08-21T00:00:00,2026-08-21T00:00:00,4.460
1000,SP01,000000000080000062,008,HIBE,MECH-SEAL,VB,5.000,1700589.00,2026-08-28T00:00:00,2026-07-30T00:00:00,2026-07-30T00:00:00,2026-08-28T00:00:00,1.295
3000,SP03,000000000010000250,008,HIBE,CONV-COMP,VB,7.000,4425662.64,2026-06-24T00:00:00,2026-08-08T00:00:00,2026-08-08T00:00:00,2026-08-08T00:00:00,3.916
1000,SP01,000000000080000063,004,ERSA,MECH-BRG,VB,6.000,1872912.54,2026-08-27T00:00:00,2026-08-09T00:00:00,2026-08-09T00:00:00,2026-08-27T00:00:00,4.552
2000,SP02,000000000080000063,005,ERSA,MECH-BRG,VB,5.000,1560760.45,2026-07-19T00:00:00,2026-05-05T00:00:00,2026-05-05T00:00:00,2026-07-19T00:00:00,1.910
1000,SP01,000000000010000251,003,HIBE,MECH-SEAL,VB,4.000,327711.96,2026-08-19T00:00:00,2026-08-04T00:00:00,2026-08-04T00:00:00,2026-08-19T00:00:00,1.248
4000,SP04,000000000010000252,005,ERSA,MECH-SEAL,VB,15.000,954435.15,2026-05-06T00:00:00,2026-05-08T00:00:00,2026-05-08T00:00:00,2026-05-08T00:00:00,8.390
3000,SP03,000000000010000252,010,ERSA,MECH-SEAL,VB,22.000,1399838.22,2026-08-22T00:00:00,2026-06-16T00:00:00,2026-06-16T00:00:00,2026-08-22T00:00:00,3.448
2000,SP02,000000000010000253,005,ERSA,ELEC-MOTR,VB,103.000,39474570.78,2026-04-03T00:00:00,2026-08-07T00:00:00,2026-08-07T00:00:00,2026-08-07T00:00:00,9.385
1000,SP01,000000000030000051,010,HIBE,MILL-LINR,ND,4.000,506670.72,2026-07-12T00:00:00,2026-09-06T00:00:00,2026-09-06T00:00:00,2026-09-06T00:00:00,0.000
2000,SP02,000000000010000254,007,ERSA,MILL-LINR,VB,19.000,2178871.55,2026-09-07T00:00:00,2026-06-04T00:00:00,2026-06-04T00:00:00,2026-09-07T00:00:00,6.316
3000,SP03,000000000010000255,003,ERSA,ELEC-CTRL,VB,4.000,1258006.24,2026-08-22T00:00:00,2026-08-23T00:00:00,2026-08-23T00:00:00,2026-08-23T00:00:00,2.760
3000,SP03,000000000010000256,010,HIBE,INST-XMTR,VB,48.000,1158611.52,2026-09-05T00:00:00,2026-08-25T00:00:00,2026-08-25T00:00:00,2026-09-05T00:00:00,6.082
2000,SP02,000000000090000015,009,HIBE,ELEC-MOTR,ND,21.000,1339599.24,,2023-05-31T00:00:00,2023-05-31T00:00:00,2023-05-31T00:00:00,0.000
4000,SP04,000000000090000015,007,HIBE,ELEC-MOTR,ND,36.000,2296455.84,,2025-05-31T00:00:00,2025-05-31T00:00:00,2025-05-31T00:00:00,0.000
1000,SP01,000000000030000052,010,ERSA,INST-XMTR,ND,2.000,291760.16,2026-09-03T00:00:00,2026-09-07T00:00:00,2026-09-07T00:00:00,2026-09-07T00:00:00,0.000
1000,SP01,000000000010000257,009,ERSA,ELEC-CTRL,VB,9.000,641344.05,2026-04-15T00:00:00,2026-08-29T00:00:00,2026-08-29T00:00:00,2026-08-29T00:00:00,5.799
2000,SP02,000000000010000258,006,ERSA,ELEC-MOTR,VB,0.000,0.00,,2023-11-12T00:00:00,2023-11-12T00:00:00,2023-11-12T00:00:00,0.000
2000,SP02,000000000010000259,001,HIBE,MILL-LINR,VB,3.000,225071.07,2025-05-06T00:00:00,2026-08-27T00:00:00,2026-08-27T00:00:00,2026-08-27T00:00:00,1.722
4000,SP04,000000000010000259,007,HIBE,MILL-LINR,VB,5.000,375118.45,2025-03-01T00:00:00,2026-08-12T00:00:00,2026-08-12T00:00:00,2026-08-12T00:00:00,7.639
1000,SP01,000000000080000064,010,ERSA,MECH-SEAL,VB,9.000,921715.92,2026-08-19T00:00:00,2026-08-03T00:00:00,2026-08-03T00:00:00,2026-08-19T00:00:00,2.829
3000,SP03,000000000010000260,005,ERSA,HYDR-ASSY,VB,36.000,489730.32,2026-06-06T00:00:00,2026-08-26T00:00:00,2026-08-26T00:00:00,2026-08-26T00:00:00,14.523
1000,SP01,000000000080000065,002,ERSA,MILL-LINR,VB,2.000,706251.18,2026-05-31T00:00:00,2026-08-10T00:00:00,2026-08-10T00:00:00,2026-08-10T00:00:00,2.070
4000,SP04,000000000080000065,001,ERSA,MILL-LINR,VB,7.000,2471879.13,2026-07-09T00:00:00,2026-06-04T00:00:00,2026-06-04T00:00:00,2026-07-09T00:00:00,1.680
4000,SP04,000000000010000261,005,ERSA,HYDR-ASSY,VB,0.000,0.00,,2024-12-14T00:00:00,2024-12-14T00:00:00,2024-12-14T00:00:00,5.403
4000,SP04,000000000010000262,008,ERSA,ELEC-MOTR,VB,0.000,0.00,,2025-03-08T00:00:00,2025-03-08T00:00:00,2025-03-08T00:00:00,0.000
3000,SP03,000000000010000262,010,ERSA,ELEC-MOTR,VB,0.000,0.00,,2024-09-21T00:00:00,2024-09-21T00:00:00,2024-09-21T00:00:00,0.000
3000,SP03,000000000010000263,009,ERSA,MILL-LINR,VB,0.000,0.00,2026-05-02T00:00:00,2026-08-14T00:00:00,2026-08-14T00:00:00,2026-08-14T00:00:00,2.447
2000,SP02,000000000010000264,008,ERSA,MILL-LINR,VB,6.000,1018960.02,2025-08-26T00:00:00,2026-08-12T00:00:00,2026-08-12T00:00:00,2026-08-12T00:00:00,1.945
1000,SP01,000000000010000265,002,ERSA,MILL-LINR,VB,32.000,608482.56,2026-04-14T00:00:00,2026-08-13T00:00:00,2026-08-13T00:00:00,2026-08-13T00:00:00,18.256
1000,SP01,000000000010000266,008,HIBE,CONV-COMP,VB,21.000,1133271.09,2026-08-29T00:00:00,2026-08-01T00:00:00,2026-08-01T00:00:00,2026-08-29T00:00:00,1.776
1000,SP01,000000000030000053,007,ERSA,MECH-GBOX,PD,0.000,0.00,,,,,0.000
1000,SP01,000000000080000066,007,ERSA,MECH-GBOX,VB,5.000,2104962.25,2026-08-15T00:00:00,2026-08-01T00:00:00,2026-08-01T00:00:00,2026-08-15T00:00:00,1.164
3000,SP03,000000000030000054,001,ERSA,MECH-PUMP,PD,0.000,0.00,,,,,0.000
4000,SP04,000000000030000055,008,HIBE,CONV-COMP,PD,4.000,345256.08,2026-04-16T00:00:00,,,2026-04-16T00:00:00,0.000
1000,SP01,000000000030000055,005,HIBE,CONV-COMP,ND,2.000,172628.04,2026-07-06T00:00:00,2026-07-16T00:00:00,2026-07-16T00:00:00,2026-07-16T00:00:00,0.000
3000,SP03,000000000010000267,008,ERSA,ELEC-MOTR,VB,4.000,663954.96,2026-05-16T00:00:00,2026-01-07T00:00:00,2026-01-07T00:00:00,2026-05-16T00:00:00,1.968
2000,SP02,000000000030000056,010,HIBE,MECH-SEAL,ND,5.000,1741973.60,2026-08-22T00:00:00,2026-09-07T00:00:00,2026-09-07T00:00:00,2026-09-07T00:00:00,0.000
4000,SP04,000000000010000268,010,ERSA,MECH-BRG,VB,6.000,266118.24,2026-02-17T00:00:00,2026-08-31T00:00:00,2026-08-31T00:00:00,2026-08-31T00:00:00,0.690
2000,SP02,000000000010000269,006,ERSA,MECH-GBOX,VB,45.000,2351509.20,2026-04-09T00:00:00,2026-05-30T00:00:00,2026-05-30T00:00:00,2026-05-30T00:00:00,12.682
4000,SP04,000000000080000067,004,ERSA,HYDR-ASSY,VB,13.000,2523044.29,2026-06-11T00:00:00,2026-08-13T00:00:00,2026-08-13T00:00:00,2026-08-13T00:00:00,9.380
1000,SP01,000000000080000068,002,ERSA,MECH-SEAL,VB,9.000,3535382.70,2026-08-24T00:00:00,2026-08-27T00:00:00,2026-08-27T00:00:00,2026-08-27T00:00:00,5.708
4000,SP04,000000000080000068,006,ERSA,MECH-SEAL,VB,13.000,5106663.90,2026-06-15T00:00:00,2026-08-31T00:00:00,2026-08-31T00:00:00,2026-08-31T00:00:00,9.210
4000,SP04,000000000010000270,006,ERSA,ELEC-CTRL,VB,0.000,0.00,,2025-04-08T00:00:00,2025-04-08T00:00:00,2025-04-08T00:00:00,0.000
1000,SP01,000000000010000271,007,ERSA,ELEC-CTRL,VB,0.000,0.00,,2022-08-16T00:00:00,2022-08-16T00:00:00,2022-08-16T00:00:00,0.000
3000,SP03,000000000010000272,009,ERSA,MECH-GBOX,VB,0.000,0.00,2026-03-06T00:00:00,2026-08-19T00:00:00,2026-08-19T00:00:00,2026-08-19T00:00:00,2.886
2000,SP02,000000000010000272,001,ERSA,MECH-GBOX,VB,69.000,128962.38,2026-08-27T00:00:00,2026-08-19T00:00:00,2026-08-19T00:00:00,2026-08-27T00:00:00,10.173
2000,SP02,000000000010000273,009,ERSA,MILL-LINR,VB,0.000,0.00,,2023-12-27T00:00:00,2023-12-27T00:00:00,2023-12-27T00:00:00,0.000
1000,SP01,000000000010000273,002,ERSA,MILL-LINR,VB,0.000,0.00,,2023-11-10T00:00:00,2023-11-10T00:00:00,2023-11-10T00:00:00,0.000
4000,SP04,000000000030000057,009,ERSA,MILL-LINR,PD,5.000,3079804.80,2026-07-25T00:00:00,2026-05-26T00:00:00,2026-05-26T00:00:00,2026-07-25T00:00:00,0.000
2000,SP02,000000000030000058,008,ERSA,HYDR-ASSY,PD,1.000,360739.60,2026-01-22T00:00:00,2026-01-26T00:00:00,2026-01-26T00:00:00,2026-01-26T00:00:00,0.000
3000,SP03,000000000010000274,010,ERSA,MECH-SEAL,VB,7.000,652978.34,2026-04-09T00:00:00,2026-08-12T00:00:00,2026-08-12T00:00:00,2026-08-12T00:00:00,4.015
2000,SP02,000000000080000069,006,ERSA,MECH-SEAL,VB,4.000,1654502.40,2026-02-13T00:00:00,2026-08-03T00:00:00,2026-08-03T00:00:00,2026-08-03T00:00:00,0.892
1000,SP01,000000000080000069,008,ERSA,MECH-SEAL,VB,4.000,1654502.40,2026-08-09T00:00:00,2026-06-24T00:00:00,2026-06-24T00:00:00,2026-08-09T00:00:00,0.563
2000,SP02,000000000080000070,006,ERSA,MECH-PUMP,VB,7.000,1423318.54,2026-06-24T00:00:00,2026-04-30T00:00:00,2026-04-30T00:00:00,2026-06-24T00:00:00,2.692
3000,SP03,000000000010000275,007,HIBE,ELEC-MOTR,VB,7.000,5320354.69,2026-08-16T00:00:00,2026-08-20T00:00:00,2026-08-20T00:00:00,2026-08-20T00:00:00,1.872
4000,SP04,000000000030000059,002,HIBE,ELEC-MOTR,ND,0.000,0.00,2026-08-25T00:00:00,2026-09-02T00:00:00,2026-09-02T00:00:00,2026-09-02T00:00:00,0.000
3000,SP03,000000000030000060,001,ERSA,HYDR-ASSY,PD,6.000,801935.64,2026-05-20T00:00:00,,,2026-05-20T00:00:00,0.000
1000,SP01,000000000010000276,006,ERSA,MECH-GBOX,VB,0.000,0.00,,2024-03-04T00:00:00,2024-03-04T00:00:00,2024-03-04T00:00:00,0.000
2000,SP02,000000000010000276,003,ERSA,MECH-GBOX,VB,0.000,0.00,,2024-06-24T00:00:00,2024-06-24T00:00:00,2024-06-24T00:00:00,0.000
1000,SP01,000000000010000277,004,ERSA,INST-XMTR,VB,18.000,2674189.08,2026-07-08T00:00:00,2026-05-29T00:00:00,2026-05-29T00:00:00,2026-07-08T00:00:00,1.887
3000,SP03,000000000010000277,006,ERSA,INST-XMTR,VB,11.000,1634226.66,2026-08-01T00:00:00,2026-08-30T00:00:00,2026-08-30T00:00:00,2026-08-30T00:00:00,6.870
2000,SP02,000000000010000278,008,ERSA,INST-XMTR,VB,9.000,48879.36,2026-04-16T00:00:00,2026-08-30T00:00:00,2026-08-30T00:00:00,2026-08-30T00:00:00,4.272
4000,SP04,000000000010000278,004,ERSA,INST-XMTR,VB,3.000,16293.12,2026-05-23T00:00:00,2026-08-17T00:00:00,2026-08-17T00:00:00,2026-08-17T00:00:00,3.614
4000,SP04,000000000010000279,009,ERSA,CONV-COMP,VB,5.000,291119.30,2026-06-15T00:00:00,2026-08-13T00:00:00,2026-08-13T00:00:00,2026-08-13T00:00:00,4.988
2000,SP02,000000000010000280,008,ERSA,ELEC-CTRL,VB,0.000,0.00,,2025-04-05T00:00:00,2025-04-05T00:00:00,2025-04-05T00:00:00,0.000
1000,SP01,000000000010000280,009,ERSA,ELEC-CTRL,VB,0.000,0.00,,2022-11-20T00:00:00,2022-11-20T00:00:00,2022-11-20T00:00:00,0.000
2000,SP02,000000000010000281,004,ERSA,MECH-PUMP,VB,0.000,0.00,,2024-09-11T00:00:00,2024-09-11T00:00:00,2024-09-11T00:00:00,3.476
1000,SP01,000000000010000282,010,ERSA,HYDR-ASSY,VB,46.000,6218805.78,2026-07-21T00:00:00,2026-09-05T00:00:00,2026-09-05T00:00:00,2026-09-05T00:00:00,5.441
4000,SP04,000000000030000061,004,ERSA,MECH-BRG,ND,10.000,960401.80,2025-12-19T00:00:00,,,2025-12-19T00:00:00,0.000
3000,SP03,000000000010000283,004,ERSA,ELEC-MOTR,VB,4.000,2802295.16,2026-02-03T00:00:00,2026-07-03T00:00:00,2026-07-03T00:00:00,2026-07-03T00:00:00,0.970
2000,SP02,000000000010000284,006,ERSA,MECH-BRG,VB,0.000,0.00,,2023-08-29T00:00:00,2023-08-29T00:00:00,2023-08-29T00:00:00,0.000
3000,SP03,000000000010000285,007,ERSA,CONV-COMP,VB,4.000,265384.88,2026-04-03T00:00:00,2026-07-22T00:00:00,2026-07-22T00:00:00,2026-07-22T00:00:00,3.348
3000,SP03,000000000080000071,009,HIBE,ELEC-MOTR,VB,4.000,1469805.92,2026-05-04T00:00:00,2026-07-20T00:00:00,2026-07-20T00:00:00,2026-07-20T00:00:00,2.388
1000,SP01,000000000080000071,009,HIBE,ELEC-MOTR,VB,8.000,2939611.84,2026-05-31T00:00:00,2026-08-18T00:00:00,2026-08-18T00:00:00,2026-08-18T00:00:00,3.724
1000,SP01,000000000010000286,003,ERSA,MECH-GBOX,VB,44.000,1094986.20,2026-05-14T00:00:00,2026-08-24T00:00:00,2026-08-24T00:00:00,2026-08-24T00:00:00,6.637
1000,SP01,000000000010000287,003,ERSA,MECH-SEAL,VB,96.000,599293.44,2026-06-21T00:00:00,2026-08-25T00:00:00,2026-08-25T00:00:00,2026-08-25T00:00:00,18.209
4000,SP04,000000000010000288,003,ERSA,MILL-LINR,VB,11.000,908653.90,2026-07-03T00:00:00,2026-08-05T00:00:00,2026-08-05T00:00:00,2026-08-05T00:00:00,2.071
2000,SP02,000000000010000289,004,ERSA,MILL-LINR,VB,0.000,0.00,,2024-11-28T00:00:00,2024-11-28T00:00:00,2024-11-28T00:00:00,0.000
1000,SP01,000000000010000289,003,ERSA,MILL-LINR,VB,0.000,0.00,,2025-07-19T00:00:00,2025-07-19T00:00:00,2025-07-19T00:00:00,0.000
1000,SP01,000000000010000290,008,ERSA,INST-XMTR,VB,15.000,142945.35,2026-08-01T00:00:00,2026-08-07T00:00:00,2026-08-07T00:00:00,2026-08-07T00:00:00,2.778
1000,SP01,000000000010000291,010,ERSA,HYDR-ASSY,VB,3.000,11380.38,2026-03-27T00:00:00,2026-09-03T00:00:00,2026-09-03T00:00:00,2026-09-03T00:00:00,1.632
2000,SP02,000000000010000292,006,ERSA,MILL-LINR,VB,0.000,0.00,,2023-01-18T00:00:00,2023-01-18T00:00:00,2023-01-18T00:00:00,0.000
4000,SP04,000000000010000293,007,ERSA,MILL-LINR,VB,0.000,0.00,,2024-09-24T00:00:00,2024-09-24T00:00:00,2024-09-24T00:00:00,4.541
1000,SP01,000000000010000294,002,ERSA,HYDR-ASSY,VB,3.000,1108186.11,2025-09-05T00:00:00,2026-07-08T00:00:00,2026-07-08T00:00:00,2026-07-08T00:00:00,1.115
1000,SP01,000000000080000072,003,HIBE,MECH-PUMP,VB,2.000,436863.40,2025-12-31T00:00:00,2026-08-10T00:00:00,2026-08-10T00:00:00,2026-08-10T00:00:00,1.713
3000,SP03,000000000010000295,010,ERSA,MECH-SEAL,VB,5.000,854614.90,2026-08-21T00:00:00,2026-08-03T00:00:00,2026-08-03T00:00:00,2026-08-21T00:00:00,1.151
1000,SP01,000000000010000296,002,ERSA,MECH-BRG,VB,84.000,252855.96,2026-09-03T00:00:00,2026-08-02T00:00:00,2026-08-02T00:00:00,2026-09-03T00:00:00,4.562
1000,SP01,000000000010000297,008,HIBE,CONV-COMP,VB,0.000,0.00,,2024-06-11T00:00:00,2024-06-11T00:00:00,2024-06-11T00:00:00,0.000
2000,SP02,000000000010000298,008,ERSA,ELEC-CTRL,VB,55.000,132227.15,2026-08-17T00:00:00,2026-08-11T00:00:00,2026-08-11T00:00:00,2026-08-17T00:00:00,18.113
2000,SP02,000000000010000299,004,ERSA,ELEC-CTRL,VB,56.000,28199598.56,2026-03-17T00:00:00,2026-08-26T00:00:00,2026-08-26T00:00:00,2026-08-26T00:00:00,9.612
4000,SP04,000000000080000073,008,ERSA,CONV-COMP,VB,3.000,1040342.52,2025-04-11T00:00:00,2026-08-11T00:00:00,2026-08-11T00:00:00,2026-08-11T00:00:00,3.140
2000,SP02,000000000010000300,003,ERSA,HYDR-ASSY,VB,20.000,1261981.00,2026-05-11T00:00:00,2026-08-17T00:00:00,2026-08-17T00:00:00,2026-08-17T00:00:00,5.266
2000,SP02,000000000010000301,001,ERSA,MECH-PUMP,VB,0.000,0.00,,2024-09-19T00:00:00,2024-09-19T00:00:00,2024-09-19T00:00:00,6.146
2000,SP02,000000000010000302,005,ERSA,HYDR-ASSY,VB,275.000,201151.50,2026-08-11T00:00:00,2026-08-16T00:00:00,2026-08-16T00:00:00,2026-08-16T00:00:00,41.977
2000,SP02,000000000010000303,010,HIBE,MECH-GBOX,VB,14.000,1379844.06,2026-08-24T00:00:00,2026-09-06T00:00:00,2026-09-06T00:00:00,2026-09-06T00:00:00,2.808
1000,SP01,000000000010000303,003,HIBE,MECH-GBOX,VB,2.000,197120.58,2026-07-31T00:00:00,2026-07-05T00:00:00,2026-07-05T00:00:00,2026-07-31T00:00:00,0.917
1000,SP01,000000000010000304,009,HIBE,MILL-LINR,VB,4.000,289516.60,,2026-07-17T00:00:00,2026-07-17T00:00:00,2026-07-17T00:00:00,2.873
1000,SP01,000000000080000074,004,ERSA,MECH-PUMP,VB,4.000,239637.60,2026-09-06T00:00:00,2026-07-19T00:00:00,2026-07-19T00:00:00,2026-09-06T00:00:00,1.153
4000,SP04,000000000080000075,009,ERSA,MILL-LINR,VB,7.000,2495201.73,2026-07-22T00:00:00,2026-07-23T00:00:00,2026-07-23T00:00:00,2026-07-23T00:00:00,8.037
2000,SP02,000000000010000305,005,ERSA,ELEC-MOTR,VB,0.000,0.00,,2024-10-10T00:00:00,2024-10-10T00:00:00,2024-10-10T00:00:00,8.687
1000,SP01,000000000010000306,001,HIBE,CONV-COMP,VB,0.000,0.00,,2024-10-07T00:00:00,2024-10-07T00:00:00,2024-10-07T00:00:00,1.594
1000,SP01,000000000010000307,006,ERSA,MECH-PUMP,VB,0.000,0.00,,2023-08-18T00:00:00,2023-08-18T00:00:00,2023-08-18T00:00:00,0.000
3000,SP03,000000000010000308,007,ERSA,HYDR-ASSY,VB,11.000,472327.13,2026-05-17T00:00:00,2026-03-26T00:00:00,2026-03-26T00:00:00,2026-05-17T00:00:00,1.591
3000,SP03,000000000010000309,003,ERSA,HYDR-ASSY,VB,3.000,1130609.85,2025-11-14T00:00:00,2026-07-30T00:00:00,2026-07-30T00:00:00,2026-07-30T00:00:00,2.443
4000,SP04,000000000010000309,002,ERSA,HYDR-ASSY,VB,9.000,3391829.55,2026-01-01T00:00:00,2026-08-12T00:00:00,2026-08-12T00:00:00,2026-08-12T00:00:00,2.358
2000,SP02,000000000010000310,003,ERSA,INST-XMTR,VB,0.000,0.00,2026-06-27T00:00:00,2026-08-14T00:00:00,2026-08-14T00:00:00,2026-08-14T00:00:00,1.829
2000,SP02,000000000030000062,002,ERSA,MILL-LINR,ND,0.000,0.00,2026-05-22T00:00:00,2026-06-12T00:00:00,2026-06-12T00:00:00,2026-06-12T00:00:00,0.000
2000,SP02,000000000010000311,008,ERSA,HYDR-ASSY,VB,0.000,0.00,,2025-03-22T00:00:00,2025-03-22T00:00:00,2025-03-22T00:00:00,4.073
4000,SP04,000000000010000312,007,ERSA,HYDR-ASSY,VB,0.000,0.00,,2023-08-09T00:00:00,2023-08-09T00:00:00,2023-08-09T00:00:00,0.000
4000,SP04,000000000030000063,007,ERSA,HYDR-ASSY,PD,3.000,199130.91,2026-04-25T00:00:00,2026-05-03T00:00:00,2026-05-03T00:00:00,2026-05-03T00:00:00,0.000
2000,SP02,000000000010000313,001,ERSA,CONV-COMP,VB,4.000,26211.08,2026-02-13T00:00:00,2026-08-01T00:00:00,2026-08-01T00:00:00,2026-08-01T00:00:00,2.581
4000,SP04,000000000010000314,007,ERSA,INST-XMTR,VB,8.000,978963.36,2026-07-13T00:00:00,2026-04-04T00:00:00,2026-04-04T00:00:00,2026-07-13T00:00:00,2.198
4000,SP04,000000000010000315,001,HIBE,CONV-COMP,VB,10.000,332745.10,2025-11-23T00:00:00,2026-08-11T00:00:00,2026-08-11T00:00:00,2026-08-11T00:00:00,8.234
1000,SP01,000000000010000316,001,HIBE,ELEC-MOTR,VB,7.000,878708.32,2025-10-09T00:00:00,2026-08-09T00:00:00,2026-08-09T00:00:00,2026-08-09T00:00:00,3.169
4000,SP04,000000000010000317,008,ERSA,INST-XMTR,VB,17.000,656400.43,2026-06-20T00:00:00,2026-09-03T00:00:00,2026-09-03T00:00:00,2026-09-03T00:00:00,6.882
1000,SP01,000000000010000317,010,ERSA,INST-XMTR,VB,3.000,115835.37,2026-06-20T00:00:00,2026-08-05T00:00:00,2026-08-05T00:00:00,2026-08-05T00:00:00,1.022
3000,SP03,000000000010000318,004,ERSA,MECH-SEAL,VB,0.000,0.00,,2025-03-23T00:00:00,2025-03-23T00:00:00,2025-03-23T00:00:00,0.000
1000,SP01,000000000010000319,007,ERSA,MECH-PUMP,VB,6.000,687411.78,2026-07-19T00:00:00,2026-08-28T00:00:00,2026-08-28T00:00:00,2026-08-28T00:00:00,3.597
4000,SP04,000000000010000319,001,ERSA,MECH-PUMP,VB,11.000,1260254.93,2026-02-06T00:00:00,2026-02-02T00:00:00,2026-02-02T00:00:00,2026-02-06T00:00:00,4.556
4000,SP04,000000000030000064,002,ERSA,INST-XMTR,ND,6.000,652606.44,2026-04-02T00:00:00,,,2026-04-02T00:00:00,0.000
1000,SP01,000000000030000064,007,ERSA,INST-XMTR,PD,2.000,217535.48,2026-06-04T00:00:00,2025-12-13T00:00:00,2025-12-13T00:00:00,2026-06-04T00:00:00,0.000
3000,SP03,000000000010000320,002,ERSA,ELEC-MOTR,VB,1.000,101636.73,2026-02-08T00:00:00,2025-11-26T00:00:00,2025-11-26T00:00:00,2026-02-08T00:00:00,0.195
2000,SP02,000000000010000320,007,ERSA,ELEC-MOTR,VB,2.000,203273.46,2026-07-19T00:00:00,2026-06-04T00:00:00,2026-06-04T00:00:00,2026-07-19T00:00:00,1.295
4000,SP04,000000000030000065,003,ERSA,MECH-GBOX,PD,0.000,0.00,,,,,0.000
1000,SP01,000000000010000321,006,ERSA,CONV-COMP,VB,2.000,141977.74,2026-07-28T00:00:00,2026-06-24T00:00:00,2026-06-24T00:00:00,2026-07-28T00:00:00,0.890
1000,SP01,000000000010000322,002,ERSA,ELEC-CTRL,VB,0.000,0.00,,2025-02-23T00:00:00,2025-02-23T00:00:00,2025-02-23T00:00:00,0.000
3000,SP03,000000000030000066,009,ERSA,INST-XMTR,ND,3.000,325803.78,2026-05-08T00:00:00,,,2026-05-08T00:00:00,0.000
1000,SP01,000000000010000323,007,ERSA,MECH-PUMP,VB,1.000,33715.80,2025-11-12T00:00:00,2026-08-21T00:00:00,2026-08-21T00:00:00,2026-08-21T00:00:00,0.966
3000,SP03,000000000010000324,002,ERSA,MECH-SEAL,VB,1.000,91728.63,2025-03-04T00:00:00,2024-12-07T00:00:00,2024-12-07T00:00:00,2025-03-04T00:00:00,0.366
1000,SP01,000000000030000067,002,ERSA,MECH-PUMP,ND,0.000,0.00,2026-05-10T00:00:00,2026-06-06T00:00:00,2026-06-06T00:00:00,2026-06-06T00:00:00,0.000
3000,SP03,000000000010000325,003,ERSA,MILL-LINR,VB,0.000,0.00,,2025-01-14T00:00:00,2025-01-14T00:00:00,2025-01-14T00:00:00,0.000
4000,SP04,000000000010000326,001,ERSA,MECH-BRG,VB,0.000,0.00,,2025-06-29T00:00:00,2025-06-29T00:00:00,2025-06-29T00:00:00,0.000
4000,SP04,000000000010000327,008,ERSA,ELEC-MOTR,VB,10.000,267390.70,2025-11-24T00:00:00,2026-06-12T00:00:00,2026-06-12T00:00:00,2026-06-12T00:00:00,7.063
1000,SP01,000000000030000068,007,ERSA,MILL-LINR,PD,2.000,232558.46,2026-03-23T00:00:00,2026-04-01T00:00:00,2026-04-01T00:00:00,2026-04-01T00:00:00,0.000
4000,SP04,000000000010000328,006,HIBE,HYDR-ASSY,VB,51.000,760510.98,2026-07-12T00:00:00,2026-08-03T00:00:00,2026-08-03T00:00:00,2026-08-03T00:00:00,3.709
1000,SP01,000000000010000329,006,ERSA,MECH-GBOX,VB,170.000,287385.00,2026-08-30T00:00:00,2026-08-14T00:00:00,2026-08-14T00:00:00,2026-08-30T00:00:00,7.687
3000,SP03,000000000030000069,006,ERSA,HYDR-ASSY,PD,2.000,1016217.76,2026-03-09T00:00:00,2026-04-10T00:00:00,2026-04-10T00:00:00,2026-04-10T00:00:00,0.000
4000,SP04,000000000030000069,002,ERSA,HYDR-ASSY,ND,0.000,0.00,2026-04-10T00:00:00,2026-04-30T00:00:00,2026-04-30T00:00:00,2026-04-30T00:00:00,0.000
4000,SP04,000000000010000330,006,ERSA,MECH-GBOX,VB,2.000,302346.40,2026-04-27T00:00:00,2026-08-26T00:00:00,2026-08-26T00:00:00,2026-08-26T00:00:00,2.390
2000,SP02,000000000010000330,003,ERSA,MECH-GBOX,VB,5.000,755866.00,2026-08-03T00:00:00,2026-06-21T00:00:00,2026-06-21T00:00:00,2026-08-03T00:00:00,0.672
4000,SP04,000000000010000331,006,ERSA,ELEC-MOTR,VB,10.000,5330695.90,,2026-07-11T00:00:00,2026-07-11T00:00:00,2026-07-11T00:00:00,4.238
3000,SP03,000000000010000332,010,ERSA,MECH-BRG,VB,1.000,116355.65,2026-08-08T00:00:00,2026-07-04T00:00:00,2026-07-04T00:00:00,2026-08-08T00:00:00,0.310
3000,SP03,000000000010000333,009,ERSA,INST-XMTR,VB,2.000,37886.42,,2024-11-18T00:00:00,2024-11-18T00:00:00,2024-11-18T00:00:00,0.880
1000,SP01,000000000080000076,001,ERSA,ELEC-CTRL,VB,7.000,714800.17,2026-07-13T00:00:00,2026-08-23T00:00:00,2026-08-23T00:00:00,2026-08-23T00:00:00,1.825
2000,SP02,000000000010000334,007,ERSA,MECH-GBOX,VB,0.000,0.00,,2024-10-18T00:00:00,2024-10-18T00:00:00,2024-10-18T00:00:00,6.329
1000,SP01,000000000010000334,006,ERSA,MECH-GBOX,VB,0.000,0.00,,2024-12-16T00:00:00,2024-12-16T00:00:00,2024-12-16T00:00:00,6.945
2000,SP02,000000000010000335,008,HIBE,MECH-SEAL,VB,12.000,8250015.24,2026-05-05T00:00:00,2026-07-20T00:00:00,2026-07-20T00:00:00,2026-07-20T00:00:00,6.253
4000,SP04,000000000090000016,007,ERSA,CONV-COMP,ND,29.000,4057770.19,,2025-03-22T00:00:00,2025-03-22T00:00:00,2025-03-22T00:00:00,0.000
2000,SP02,000000000010000336,002,ERSA,MECH-BRG,VB,1.000,470685.62,,2026-08-04T00:00:00,2026-08-04T00:00:00,2026-08-04T00:00:00,0.647
1000,SP01,000000000030000070,006,ERSA,MECH-SEAL,ND,2.000,249761.56,2026-06-05T00:00:00,2026-06-30T00:00:00,2026-06-30T00:00:00,2026-06-30T00:00:00,0.000
1000,SP01,000000000010000337,007,ERSA,ELEC-MOTR,VB,1.000,6140.70,2026-05-30T00:00:00,2026-08-08T00:00:00,2026-08-08T00:00:00,2026-08-08T00:00:00,1.419
2000,SP02,000000000080000077,006,ERSA,MECH-BRG,VB,7.000,2974644.40,2026-06-12T00:00:00,2026-08-25T00:00:00,2026-08-25T00:00:00,2026-08-25T00:00:00,4.284
3000,SP03,000000000030000071,008,ERSA,HYDR-ASSY,PD,4.000,686701.28,2026-05-05T00:00:00,2026-07-04T00:00:00,2026-07-04T00:00:00,2026-07-04T00:00:00,0.000
4000,SP04,000000000010000338,004,ERSA,MECH-GBOX,VB,34.000,403592.58,2026-01-19T00:00:00,2026-08-08T00:00:00,2026-08-08T00:00:00,2026-08-08T00:00:00,10.660
1000,SP01,000000000010000338,003,ERSA,MECH-GBOX,VB,68.000,807185.16,2026-08-04T00:00:00,2026-08-22T00:00:00,2026-08-22T00:00:00,2026-08-22T00:00:00,7.420
4000,SP04,000000000080000078,003,ERSA,MILL-LINR,VB,0.000,0.00,2025-06-18T00:00:00,2026-08-04T00:00:00,2026-08-04T00:00:00,2026-08-04T00:00:00,3.086
4000,SP04,000000000010000339,001,ERSA,INST-XMTR,VB,2.000,5978.08,2026-07-13T00:00:00,2026-06-05T00:00:00,2026-06-05T00:00:00,2026-07-13T00:00:00,0.283
3000,SP03,000000000010000340,006,HIBE,INST-XMTR,VB,7.000,73975.58,2026-08-06T00:00:00,2026-06-04T00:00:00,2026-06-04T00:00:00,2026-08-06T00:00:00,1.859
3000,SP03,000000000010000341,008,ERSA,MILL-LINR,VB,190.000,1121581.40,2026-08-18T00:00:00,2026-08-01T00:00:00,2026-08-01T00:00:00,2026-08-18T00:00:00,10.359
4000,SP04,000000000010000341,007,ERSA,MILL-LINR,VB,6.000,35418.36,2026-06-06T00:00:00,2026-08-21T00:00:00,2026-08-21T00:00:00,2026-08-21T00:00:00,3.428
1000,SP01,000000000010000342,001,HIBE,HYDR-ASSY,VB,0.000,0.00,,2023-03-30T00:00:00,2023-03-30T00:00:00,2023-03-30T00:00:00,0.000
3000,SP03,000000000010000342,008,HIBE,HYDR-ASSY,VB,0.000,0.00,,2023-08-09T00:00:00,2023-08-09T00:00:00,2023-08-09T00:00:00,0.000
1000,SP01,000000000010000343,009,ERSA,MECH-PUMP,VB,83.000,561409.51,2026-08-26T00:00:00,2026-08-24T00:00:00,2026-08-24T00:00:00,2026-08-26T00:00:00,8.538
4000,SP04,000000000010000344,009,ERSA,ELEC-MOTR,VB,7.000,1622374.81,2026-07-02T00:00:00,2026-08-13T00:00:00,2026-08-13T00:00:00,2026-08-13T00:00:00,3.585
4000,SP04,000000000010000345,006,ERSA,MECH-BRG,VB,4.000,291994.36,2026-06-29T00:00:00,2026-08-14T00:00:00,2026-08-14T00:00:00,2026-08-14T00:00:00,2.136
4000,SP04,000000000010000346,005,ERSA,MECH-GBOX,VB,6.000,437144.16,2026-03-13T00:00:00,2026-02-19T00:00:00,2026-02-19T00:00:00,2026-03-13T00:00:00,3.011
2000,SP02,000000000080000079,001,ERSA,MECH-SEAL,VB,14.000,2170634.90,2026-07-24T00:00:00,2026-07-14T00:00:00,2026-07-14T00:00:00,2026-07-24T00:00:00,3.417
4000,SP04,000000000080000079,009,ERSA,MECH-SEAL,VB,5.000,775226.75,2026-08-28T00:00:00,2026-08-10T00:00:00,2026-08-10T00:00:00,2026-08-28T00:00:00,3.590
4000,SP04,000000000010000347,006,ERSA,MECH-GBOX,VB,1.000,4667.06,,2026-07-24T00:00:00,2026-07-24T00:00:00,2026-07-24T00:00:00,0.553
3000,SP03,000000000010000347,009,ERSA,MECH-GBOX,VB,2.000,9334.12,,2026-03-05T00:00:00,2026-03-05T00:00:00,2026-03-05T00:00:00,1.278
3000,SP03,000000000010000348,001,ERSA,MECH-SEAL,VB,4.000,95584.12,2026-05-07T00:00:00,2026-08-11T00:00:00,2026-08-11T00:00:00,2026-08-11T00:00:00,4.466
4000,SP04,000000000010000349,007,ERSA,INST-XMTR,VB,32.000,315868.80,2025-11-27T00:00:00,2026-09-01T00:00:00,2026-09-01T00:00:00,2026-09-01T00:00:00,14.470
4000,SP04,000000000030000072,001,ERSA,MECH-SEAL,PD,2.000,191211.98,2026-01-03T00:00:00,2026-03-02T00:00:00,2026-03-02T00:00:00,2026-03-02T00:00:00,0.000
2000,SP02,000000000010000350,004,ERSA,MECH-SEAL,VB,15.000,9745440.75,2026-01-15T00:00:00,2026-04-26T00:00:00,2026-04-26T00:00:00,2026-04-26T00:00:00,6.079
3000,SP03,000000000010000351,004,ERSA,ELEC-CTRL,VB,50.000,1183762.00,2026-02-22T00:00:00,2026-08-21T00:00:00,2026-08-21T00:00:00,2026-08-21T00:00:00,11.350
1000,SP01,000000000010000352,001,ERSA,HYDR-ASSY,VB,0.000,0.00,,2023-12-21T00:00:00,2023-12-21T00:00:00,2023-12-21T00:00:00,0.000
3000,SP03,000000000010000353,006,ERSA,MILL-LINR,VB,4.000,276299.72,2026-08-03T00:00:00,2026-09-03T00:00:00,2026-09-03T00:00:00,2026-09-03T00:00:00,2.497
2000,SP02,000000000010000354,003,ERSA,MECH-GBOX,VB,1.000,102289.07,2026-04-29T00:00:00,2026-02-17T00:00:00,2026-02-17T00:00:00,2026-04-29T00:00:00,0.704
4000,SP04,000000000030000073,002,ERSA,MECH-PUMP,ND,0.000,0.00,2026-04-17T00:00:00,2026-05-18T00:00:00,2026-05-18T00:00:00,2026-05-18T00:00:00,0.000
3000,SP03,000000000030000073,003,ERSA,MECH-PUMP,ND,2.000,137273.34,2026-04-14T00:00:00,2026-05-09T00:00:00,2026-05-09T00:00:00,2026-05-09T00:00:00,0.000
4000,SP04,000000000010000355,005,HIBE,MILL-LINR,VB,243.000,67363604.64,2026-07-22T00:00:00,2026-09-05T00:00:00,2026-09-05T00:00:00,2026-09-05T00:00:00,9.501
2000,SP02,000000000010000356,003,ERSA,MECH-GBOX,VB,47.000,901697.35,2026-08-12T00:00:00,2026-08-24T00:00:00,2026-08-24T00:00:00,2026-08-24T00:00:00,18.502
4000,SP04,000000000010000357,007,ERSA,INST-XMTR,VB,4.000,494229.00,2026-04-06T00:00:00,2026-06-13T00:00:00,2026-06-13T00:00:00,2026-06-13T00:00:00,3.971
4000,SP04,000000000010000358,009,ERSA,MECH-GBOX,VB,6.000,861841.62,2026-07-24T00:00:00,2026-08-31T00:00:00,2026-08-31T00:00:00,2026-08-31T00:00:00,2.008
2000,SP02,000000000010000359,002,ERSA,MILL-LINR,VB,12.000,1814196.48,2026-03-31T00:00:00,2026-09-05T00:00:00,2026-09-05T00:00:00,2026-09-05T00:00:00,3.510
2000,SP02,000000000010000360,007,ERSA,ELEC-CTRL,VB,91.000,709644.39,2026-07-12T00:00:00,2026-09-06T00:00:00,2026-09-06T00:00:00,2026-09-06T00:00:00,15.490
1000,SP01,000000000010000360,010,ERSA,ELEC-CTRL,VB,47.000,366519.63,2026-04-14T00:00:00,2026-08-03T00:00:00,2026-08-03T00:00:00,2026-08-03T00:00:00,6.319
1000,SP01,000000000010000361,002,ERSA,MECH-BRG,VB,144.000,51258106.08,2026-06-09T00:00:00,2026-09-03T00:00:00,2026-09-03T00:00:00,2026-09-03T00:00:00,15.520
4000,SP04,000000000030000074,002,ERSA,ELEC-CTRL,ND,3.000,381558.57,2026-04-24T00:00:00,,,2026-04-24T00:00:00,0.000
2000,SP02,000000000030000074,008,ERSA,ELEC-CTRL,PD,0.000,0.00,2026-07-16T00:00:00,2026-09-04T00:00:00,2026-09-04T00:00:00,2026-09-04T00:00:00,0.000
4000,SP04,000000000010000362,008,ERSA,MILL-LINR,VB,62.000,1400694.70,2026-04-28T00:00:00,2026-09-05T00:00:00,2026-09-05T00:00:00,2026-09-05T00:00:00,16.202
3000,SP03,000000000010000363,010,ERSA,INST-XMTR,VB,79.000,992405.90,2026-04-07T00:00:00,2026-08-22T00:00:00,2026-08-22T00:00:00,2026-08-22T00:00:00,18.717
1000,SP01,000000000010000364,005,ERSA,INST-XMTR,VB,0.000,0.00,,2026-08-21T00:00:00,2026-08-21T00:00:00,2026-08-21T00:00:00,0.448
4000,SP04,000000000010000365,002,ERSA,INST-XMTR,VB,0.000,0.00,,2023-09-26T00:00:00,2023-09-26T00:00:00,2023-09-26T00:00:00,0.000
1000,SP01,000000000010000366,007,ERSA,INST-XMTR,VB,11.000,542400.54,2026-05-10T00:00:00,2026-05-01T00:00:00,2026-05-01T00:00:00,2026-05-10T00:00:00,1.264
4000,SP04,000000000010000367,001,ERSA,ELEC-CTRL,VB,0.000,0.00,,2025-02-06T00:00:00,2025-02-06T00:00:00,2025-02-06T00:00:00,4.447
1000,SP01,000000000010000367,003,ERSA,ELEC-CTRL,VB,0.000,0.00,,2024-12-31T00:00:00,2024-12-31T00:00:00,2024-12-31T00:00:00,1.507
2000,SP02,000000000010000368,005,ERSA,ELEC-MOTR,VB,2.000,224497.98,2025-07-08T00:00:00,2025-09-15T00:00:00,2025-09-15T00:00:00,2025-09-15T00:00:00,0.563
4000,SP04,000000000080000080,009,ERSA,ELEC-CTRL,VB,1.000,256548.29,2026-05-13T00:00:00,2026-07-16T00:00:00,2026-07-16T00:00:00,2026-07-16T00:00:00,0.865
1000,SP01,000000000010000369,001,ERSA,HYDR-ASSY,VB,51.000,16613844.66,2025-12-21T00:00:00,2026-08-24T00:00:00,2026-08-24T00:00:00,2026-08-24T00:00:00,8.236
4000,SP04,000000000010000369,004,ERSA,HYDR-ASSY,VB,66.000,21500269.56,2026-08-14T00:00:00,2026-07-07T00:00:00,2026-07-07T00:00:00,2026-08-14T00:00:00,5.644
3000,SP03,000000000010000370,010,ERSA,MECH-BRG,VB,236.000,5343120.24,2026-08-10T00:00:00,2026-08-18T00:00:00,2026-08-18T00:00:00,2026-08-18T00:00:00,34.401
4000,SP04,000000000030000075,009,ERSA,HYDR-ASSY,ND,0.000,0.00,2026-08-10T00:00:00,2026-08-22T00:00:00,2026-08-22T00:00:00,2026-08-22T00:00:00,0.000
4000,SP04,000000000080000081,008,ERSA,INST-XMTR,VB,4.000,497552.12,2026-07-15T00:00:00,2026-08-29T00:00:00,2026-08-29T00:00:00,2026-08-29T00:00:00,0.947
3000,SP03,000000000080000081,003,ERSA,INST-XMTR,VB,0.000,0.00,2026-08-11T00:00:00,2026-09-07T00:00:00,2026-09-07T00:00:00,2026-09-07T00:00:00,1.149
3000,SP03,000000000010000371,003,ERSA,MECH-BRG,VB,0.000,0.00,,2024-12-19T00:00:00,2024-12-19T00:00:00,2024-12-19T00:00:00,0.000
2000,SP02,000000000030000076,007,ERSA,CONV-COMP,PD,0.000,0.00,2026-03-31T00:00:00,2026-05-15T00:00:00,2026-05-15T00:00:00,2026-05-15T00:00:00,0.000
1000,SP01,000000000030000077,001,ERSA,MECH-SEAL,PD,1.000,126187.34,2026-06-24T00:00:00,2026-02-19T00:00:00,2026-02-19T00:00:00,2026-06-24T00:00:00,0.000
2000,SP02,000000000010000372,006,ERSA,MECH-GBOX,VB,11.000,7703143.69,2026-05-31T00:00:00,2026-09-03T00:00:00,2026-09-03T00:00:00,2026-09-03T00:00:00,6.839
4000,SP04,000000000080000082,005,ERSA,MECH-PUMP,VB,4.000,1188224.68,2026-05-15T00:00:00,2026-05-21T00:00:00,2026-05-21T00:00:00,2026-05-21T00:00:00,1.872
4000,SP04,000000000010000373,007,ERSA,HYDR-ASSY,VB,12.000,2082694.44,2026-08-23T00:00:00,2026-07-15T00:00:00,2026-07-15T00:00:00,2026-08-23T00:00:00,1.191
4000,SP04,000000000010000374,006,ERSA,HYDR-ASSY,VB,11.000,1078435.60,2026-05-15T00:00:00,2026-05-04T00:00:00,2026-05-04T00:00:00,2026-05-15T00:00:00,1.583
2000,SP02,000000000010000374,002,ERSA,HYDR-ASSY,VB,2.000,196079.20,2026-08-12T00:00:00,2026-08-04T00:00:00,2026-08-04T00:00:00,2026-08-12T00:00:00,0.706
1000,SP01,000000000080000083,003,ERSA,ELEC-MOTR,VB,11.000,2284682.84,2026-06-10T00:00:00,2026-04-08T00:00:00,2026-04-08T00:00:00,2026-06-10T00:00:00,5.270
3000,SP03,000000000080000083,004,ERSA,ELEC-MOTR,VB,5.000,1038492.20,2026-05-02T00:00:00,2026-07-05T00:00:00,2026-07-05T00:00:00,2026-07-05T00:00:00,3.122
4000,SP04,000000000010000375,004,ERSA,ELEC-MOTR,VB,1.000,40351.43,,2025-08-17T00:00:00,2025-08-17T00:00:00,2025-08-17T00:00:00,0.315
4000,SP04,000000000080000084,009,ERSA,CONV-COMP,VB,14.000,5630653.28,2026-06-10T00:00:00,2026-07-02T00:00:00,2026-07-02T00:00:00,2026-07-02T00:00:00,8.317
2000,SP02,000000000010000376,004,ERSA,MECH-PUMP,VB,6.000,627791.46,2026-07-20T00:00:00,2026-08-13T00:00:00,2026-08-13T00:00:00,2026-08-13T00:00:00,4.087
1000,SP01,000000000010000377,006,HIBE,ELEC-MOTR,VB,0.000,0.00,,2023-09-22T00:00:00,2023-09-22T00:00:00,2023-09-22T00:00:00,0.000
2000,SP02,000000000010000378,004,ERSA,MECH-BRG,VB,2.000,107306.34,2026-01-09T00:00:00,2025-10-30T00:00:00,2025-10-30T00:00:00,2026-01-09T00:00:00,0.593
4000,SP04,000000000090000017,001,ERSA,MECH-BRG,ND,33.000,4090298.19,,2025-06-06T00:00:00,2025-06-06T00:00:00,2025-06-06T00:00:00,0.000
3000,SP03,000000000080000085,005,HIBE,MECH-SEAL,VB,12.000,4241251.32,2026-07-27T00:00:00,2026-08-21T00:00:00,2026-08-21T00:00:00,2026-08-21T00:00:00,6.339
1000,SP01,000000000080000086,004,HIBE,CONV-COMP,VB,2.000,737005.00,2026-01-26T00:00:00,2026-07-13T00:00:00,2026-07-13T00:00:00,2026-07-13T00:00:00,0.872
3000,SP03,000000000010000379,006,ERSA,MILL-LINR,VB,1.000,17653.79,2025-09-13T00:00:00,2025-09-04T00:00:00,2025-09-04T00:00:00,2025-09-13T00:00:00,0.077
4000,SP04,000000000010000379,007,ERSA,MILL-LINR,VB,1.000,17653.79,2026-04-04T00:00:00,2026-03-17T00:00:00,2026-03-17T00:00:00,2026-04-04T00:00:00,0.245
3000,SP03,000000000080000087,007,ERSA,ELEC-MOTR,VB,12.000,4658294.64,2026-05-27T00:00:00,2026-08-21T00:00:00,2026-08-21T00:00:00,2026-08-21T00:00:00,7.420
4000,SP04,000000000030000078,005,ERSA,MECH-PUMP,ND,3.000,2015125.68,2026-01-16T00:00:00,,,2026-01-16T00:00:00,0.000
4000,SP04,000000000030000079,008,HIBE,HYDR-ASSY,PD,2.000,1397847.78,2026-02-16T00:00:00,2026-01-10T00:00:00,2026-01-10T00:00:00,2026-02-16T00:00:00,0.000
2000,SP02,000000000010000380,003,ERSA,MECH-BRG,VB,16.000,1112413.92,2026-07-07T00:00:00,2026-08-10T00:00:00,2026-08-10T00:00:00,2026-08-10T00:00:00,8.229
4000,SP04,000000000010000380,006,ERSA,MECH-BRG,VB,28.000,1946724.36,2025-10-30T00:00:00,2026-07-22T00:00:00,2026-07-22T00:00:00,2026-07-22T00:00:00,8.825
1000,SP01,000000000010000381,010,ERSA,CONV-COMP,VB,24.000,67089.12,2026-07-04T00:00:00,2026-08-18T00:00:00,2026-08-18T00:00:00,2026-08-18T00:00:00,12.705
2000,SP02,000000000010000382,008,ERSA,MILL-LINR,VB,0.000,0.00,,2024-09-02T00:00:00,2024-09-02T00:00:00,2024-09-02T00:00:00,3.822
3000,SP03,000000000010000383,003,HIBE,ELEC-CTRL,VB,83.000,1199117.60,2026-08-21T00:00:00,2026-08-14T00:00:00,2026-08-14T00:00:00,2026-08-21T00:00:00,12.165
1000,SP01,000000000010000384,001,ERSA,MILL-LINR,VB,11.000,1940118.40,2026-08-20T00:00:00,2026-07-01T00:00:00,2026-07-01T00:00:00,2026-08-20T00:00:00,3.423
4000,SP04,000000000030000080,005,ERSA,ELEC-MOTR,PD,1.000,164678.73,2026-08-07T00:00:00,2026-09-07T00:00:00,2026-09-07T00:00:00,2026-09-07T00:00:00,0.000
3000,SP03,000000000030000080,006,ERSA,ELEC-MOTR,PD,0.000,0.00,2026-06-21T00:00:00,2026-07-31T00:00:00,2026-07-31T00:00:00,2026-07-31T00:00:00,0.000
4000,SP04,000000000030000081,010,ERSA,MECH-SEAL,ND,0.000,0.00,2026-04-28T00:00:00,2026-06-26T00:00:00,2026-06-26T00:00:00,2026-06-26T00:00:00,0.000
2000,SP02,000000000010000385,006,ERSA,HYDR-ASSY,VB,142.000,82822.92,2026-08-08T00:00:00,2026-09-03T00:00:00,2026-09-03T00:00:00,2026-09-03T00:00:00,14.433
3000,SP03,000000000010000385,003,ERSA,HYDR-ASSY,VB,52.000,30329.52,2026-07-21T00:00:00,2026-08-31T00:00:00,2026-08-31T00:00:00,2026-08-31T00:00:00,3.490
1000,SP01,000000000080000088,007,HIBE,INST-XMTR,VB,4.000,694344.84,2026-04-14T00:00:00,2026-07-15T00:00:00,2026-07-15T00:00:00,2026-07-15T00:00:00,1.704
1000,SP01,000000000030000082,008,ERSA,CONV-COMP,PD,3.000,681193.02,2026-03-08T00:00:00,,,2026-03-08T00:00:00,0.000
4000,SP04,000000000010000386,001,HIBE,INST-XMTR,VB,53.000,8954914.45,2026-08-16T00:00:00,2026-06-14T00:00:00,2026-06-14T00:00:00,2026-08-16T00:00:00,13.320
2000,SP02,000000000010000387,006,ERSA,CONV-COMP,VB,0.000,0.00,,2024-09-27T00:00:00,2024-09-27T00:00:00,2024-09-27T00:00:00,0.000
4000,SP04,000000000010000387,010,ERSA,CONV-COMP,VB,0.000,0.00,,2022-08-29T00:00:00,2022-08-29T00:00:00,2022-08-29T00:00:00,0.000
1000,SP01,000000000080000089,008,ERSA,CONV-COMP,VB,3.000,1056801.90,2026-01-10T00:00:00,2026-09-02T00:00:00,2026-09-02T00:00:00,2026-09-02T00:00:00,4.363
1000,SP01,000000000030000083,002,ERSA,ELEC-MOTR,PD,3.000,233203.53,2026-08-03T00:00:00,,,2026-08-03T00:00:00,0.000
2000,SP02,000000000090000018,003,ERSA,MILL-LINR,ND,23.000,223609.45,,2022-12-11T00:00:00,2022-12-11T00:00:00,2022-12-11T00:00:00,0.000
4000,SP04,000000000010000388,006,ERSA,CONV-COMP,VB,1.000,24437.98,2025-11-23T00:00:00,2026-08-24T00:00:00,2026-08-24T00:00:00,2026-08-24T00:00:00,0.812
3000,SP03,000000000080000090,007,ERSA,ELEC-CTRL,VB,0.000,0.00,2026-04-12T00:00:00,2026-08-30T00:00:00,2026-08-30T00:00:00,2026-08-30T00:00:00,0.920
1000,SP01,000000000010000389,009,ERSA,CONV-COMP,VB,0.000,0.00,,2024-11-08T00:00:00,2024-11-08T00:00:00,2024-11-08T00:00:00,7.153
3000,SP03,000000000010000390,003,ERSA,ELEC-MOTR,VB,2.000,285188.54,2026-06-27T00:00:00,2026-05-07T00:00:00,2026-05-07T00:00:00,2026-06-27T00:00:00,0.824
4000,SP04,000000000030000084,003,HIBE,CONV-COMP,PD,0.000,0.00,2026-06-05T00:00:00,2026-06-24T00:00:00,2026-06-24T00:00:00,2026-06-24T00:00:00,0.000
3000,SP03,000000000030000084,006,HIBE,CONV-COMP,ND,2.000,256584.72,2026-08-05T00:00:00,,,2026-08-05T00:00:00,0.000
4000,SP04,000000000010000391,007,ERSA,MECH-BRG,VB,6.000,2378054.70,2026-04-22T00:00:00,2026-07-08T00:00:00,2026-07-08T00:00:00,2026-07-08T00:00:00,3.234
3000,SP03,000000000030000085,003,ERSA,MECH-BRG,ND,4.000,678419.44,2026-02-11T00:00:00,,,2026-02-11T00:00:00,0.000
2000,SP02,000000000010000392,009,ERSA,CONV-COMP,VB,17.000,4329394.25,2025-12-28T00:00:00,2026-08-19T00:00:00,2026-08-19T00:00:00,2026-08-19T00:00:00,9.403
2000,SP02,000000000010000393,010,HIBE,ELEC-MOTR,VB,3.000,374882.28,2025-12-18T00:00:00,2026-08-03T00:00:00,2026-08-03T00:00:00,2026-08-03T00:00:00,3.519
4000,SP04,000000000010000394,009,ERSA,ELEC-CTRL,VB,0.000,0.00,2026-01-03T00:00:00,2026-07-04T00:00:00,2026-07-04T00:00:00,2026-07-04T00:00:00,3.614
2000,SP02,000000000010000395,005,ERSA,MECH-SEAL,VB,2.000,319461.82,2026-05-27T00:00:00,2026-06-01T00:00:00,2026-06-01T00:00:00,2026-06-01T00:00:00,1.094
3000,SP03,000000000010000396,007,ERSA,MILL-LINR,VB,8.000,2001879.92,2026-06-04T00:00:00,2025-11-17T00:00:00,2025-11-17T00:00:00,2026-06-04T00:00:00,3.488
2000,SP02,000000000090000019,002,ERSA,MECH-BRG,ND,37.000,5360537.43,,2025-06-12T00:00:00,2025-06-12T00:00:00,2025-06-12T00:00:00,0.000
4000,SP04,000000000010000397,010,ERSA,MILL-LINR,VB,13.000,484709.03,2026-04-28T00:00:00,2026-08-09T00:00:00,2026-08-09T00:00:00,2026-08-09T00:00:00,1.958
3000,SP03,000000000010000398,006,ERSA,MECH-PUMP,VB,0.000,0.00,,2025-03-09T00:00:00,2025-03-09T00:00:00,2025-03-09T00:00:00,4.768
4000,SP04,000000000010000398,002,ERSA,MECH-PUMP,VB,0.000,0.00,,2025-07-23T00:00:00,2025-07-23T00:00:00,2025-07-23T00:00:00,17.830
2000,SP02,000000000010000399,008,ERSA,INST-XMTR,VB,14.000,405941.06,2026-04-26T00:00:00,2026-03-03T00:00:00,2026-03-03T00:00:00,2026-04-26T00:00:00,6.383
4000,SP04,000000000010000399,001,ERSA,INST-XMTR,VB,6.000,173974.74,2025-11-17T00:00:00,2026-05-01T00:00:00,2026-05-01T00:00:00,2026-05-01T00:00:00,3.550
2000,SP02,000000000010000400,004,ERSA,MECH-SEAL,VB,4.000,121499.08,2025-06-18T00:00:00,2026-08-10T00:00:00,2026-08-10T00:00:00,2026-08-10T00:00:00,3.349
3000,SP03,000000000010000400,008,ERSA,MECH-SEAL,VB,7.000,212623.39,2026-05-11T00:00:00,2026-09-07T00:00:00,2026-09-07T00:00:00,2026-09-07T00:00:00,2.580
4000,SP04,000000000080000091,002,ERSA,ELEC-MOTR,VB,16.000,4234972.16,2026-08-15T00:00:00,2026-06-11T00:00:00,2026-06-11T00:00:00,2026-08-15T00:00:00,2.744
3000,SP03,000000000010000401,004,ERSA,ELEC-MOTR,VB,0.000,0.00,2026-07-25T00:00:00,2026-09-05T00:00:00,2026-09-05T00:00:00,2026-09-05T00:00:00,0.441
2000,SP02,000000000010000402,002,ERSA,MECH-BRG,VB,4.000,1529230.44,2025-11-10T00:00:00,2026-06-15T00:00:00,2026-06-15T00:00:00,2026-06-15T00:00:00,1.879
4000,SP04,000000000010000402,004,ERSA,MECH-BRG,VB,11.000,4205383.71,2026-06-10T00:00:00,2026-08-24T00:00:00,2026-08-24T00:00:00,2026-08-24T00:00:00,8.630
4000,SP04,000000000010000403,001,ERSA,MECH-PUMP,VB,0.000,0.00,2025-10-31T00:00:00,2026-08-26T00:00:00,2026-08-26T00:00:00,2026-08-26T00:00:00,11.873
1000,SP01,000000000010000403,006,ERSA,MECH-PUMP,VB,27.000,10579431.33,2026-02-06T00:00:00,2026-08-29T00:00:00,2026-08-29T00:00:00,2026-08-29T00:00:00,11.887
2000,SP02,000000000030000086,007,HIBE,ELEC-CTRL,ND,4.000,589837.44,2026-02-18T00:00:00,2026-03-25T00:00:00,2026-03-25T00:00:00,2026-03-25T00:00:00,0.000
2000,SP02,000000000010000404,008,ERSA,CONV-COMP,VB,9.000,756381.15,2026-01-04T00:00:00,2025-11-03T00:00:00,2025-11-03T00:00:00,2026-01-04T00:00:00,3.843
4000,SP04,000000000010000404,007,ERSA,CONV-COMP,VB,7.000,588296.45,2026-03-21T00:00:00,2026-08-28T00:00:00,2026-08-28T00:00:00,2026-08-28T00:00:00,0.970
1000,SP01,000000000010000405,010,ERSA,HYDR-ASSY,VB,96.000,2130041.28,2026-08-20T00:00:00,2026-08-25T00:00:00,2026-08-25T00:00:00,2026-08-25T00:00:00,13.587
2000,SP02,000000000010000406,008,ERSA,CONV-COMP,VB,2.000,685515.20,,2026-07-21T00:00:00,2026-07-21T00:00:00,2026-07-21T00:00:00,0.984
3000,SP03,000000000080000092,003,ERSA,ELEC-MOTR,VB,3.000,1173678.15,2026-08-16T00:00:00,2026-08-15T00:00:00,2026-08-15T00:00:00,2026-08-16T00:00:00,1.440
2000,SP02,000000000010000407,002,ERSA,INST-XMTR,VB,38.000,484624.26,2026-07-19T00:00:00,2026-08-19T00:00:00,2026-08-19T00:00:00,2026-08-19T00:00:00,11.881
2000,SP02,000000000010000408,010,ERSA,ELEC-CTRL,VB,4.000,2287002.32,2026-06-10T00:00:00,2026-06-29T00:00:00,2026-06-29T00:00:00,2026-06-29T00:00:00,3.227
4000,SP04,000000000010000408,003,ERSA,ELEC-CTRL,VB,13.000,7432757.54,2026-08-13T00:00:00,2026-08-09T00:00:00,2026-08-09T00:00:00,2026-08-13T00:00:00,5.404
1000,SP01,000000000090000020,008,ERSA,MECH-GBOX,ND,22.000,1562119.46,,2025-02-14T00:00:00,2025-02-14T00:00:00,2025-02-14T00:00:00,0.000
1000,SP01,000000000010000409,006,ERSA,HYDR-ASSY,VB,22.000,3670118.98,2026-05-10T00:00:00,2026-06-10T00:00:00,2026-06-10T00:00:00,2026-06-10T00:00:00,2.639
4000,SP04,000000000010000409,007,ERSA,HYDR-ASSY,VB,10.000,1668235.90,2026-01-21T00:00:00,2026-08-30T00:00:00,2026-08-30T00:00:00,2026-08-30T00:00:00,6.882
3000,SP03,000000000010000410,005,HIBE,INST-XMTR,VB,0.000,0.00,,2023-11-03T00:00:00,2023-11-03T00:00:00,2023-11-03T00:00:00,0.000
2000,SP02,000000000090000021,007,ERSA,ELEC-CTRL,ND,13.000,283292.23,,2023-07-30T00:00:00,2023-07-30T00:00:00,2023-07-30T00:00:00,0.000
4000,SP04,000000000080000093,006,HIBE,MECH-GBOX,VB,42.000,3104439.66,2025-12-20T00:00:00,2026-05-01T00:00:00,2026-05-01T00:00:00,2026-05-01T00:00:00,19.730
2000,SP02,000000000080000094,004,HIBE,MECH-BRG,VB,12.000,4323508.56,2026-07-26T00:00:00,2026-08-25T00:00:00,2026-08-25T00:00:00,2026-08-25T00:00:00,8.972
2000,SP02,000000000030000087,005,ERSA,MECH-GBOX,PD,2.000,968219.88,2026-08-16T00:00:00,,,2026-08-16T00:00:00,0.000
4000,SP04,000000000080000095,009,ERSA,INST-XMTR,VB,6.000,2302957.80,2026-05-18T00:00:00,2026-07-04T00:00:00,2026-07-04T00:00:00,2026-07-04T00:00:00,3.818
1000,SP01,000000000080000095,005,ERSA,INST-XMTR,VB,17.000,6525047.10,2026-05-24T00:00:00,2026-08-13T00:00:00,2026-08-13T00:00:00,2026-08-13T00:00:00,9.040
1000,SP01,000000000010000411,005,ERSA,MILL-LINR,VB,15.000,159177.00,2026-06-18T00:00:00,2026-08-20T00:00:00,2026-08-20T00:00:00,2026-08-20T00:00:00,5.158
1000,SP01,000000000010000412,008,ERSA,ELEC-CTRL,VB,109.000,2303535.15,2026-08-22T00:00:00,2026-08-30T00:00:00,2026-08-30T00:00:00,2026-08-30T00:00:00,6.055
4000,SP04,000000000010000412,009,ERSA,ELEC-CTRL,VB,41.000,866467.35,2026-06-29T00:00:00,2026-09-06T00:00:00,2026-09-06T00:00:00,2026-09-06T00:00:00,8.534
3000,SP03,000000000010000413,009,ERSA,INST-XMTR,VB,2.000,226617.14,2026-08-23T00:00:00,2026-06-01T00:00:00,2026-06-01T00:00:00,2026-08-23T00:00:00,0.527
4000,SP04,000000000010000414,003,ERSA,ELEC-CTRL,VB,148.000,845142.16,2026-09-02T00:00:00,2026-09-03T00:00:00,2026-09-03T00:00:00,2026-09-03T00:00:00,33.358
4000,SP04,000000000030000088,004,ERSA,ELEC-CTRL,ND,1.000,169756.03,2026-06-27T00:00:00,,,2026-06-27T00:00:00,0.000
2000,SP02,000000000010000415,006,ERSA,MECH-GBOX,VB,16.000,1722752.16,2026-09-02T00:00:00,2026-08-24T00:00:00,2026-08-24T00:00:00,2026-09-02T00:00:00,7.193
1000,SP01,000000000010000416,006,ERSA,MECH-BRG,VB,61.000,754775.57,2026-07-11T00:00:00,2026-08-13T00:00:00,2026-08-13T00:00:00,2026-08-13T00:00:00,35.468
2000,SP02,000000000010000416,006,ERSA,MECH-BRG,VB,62.000,767148.94,2026-06-02T00:00:00,2026-08-10T00:00:00,2026-08-10T00:00:00,2026-08-10T00:00:00,26.064
3000,SP03,000000000010000417,010,ERSA,CONV-COMP,VB,17.000,812185.20,2026-07-25T00:00:00,2026-07-09T00:00:00,2026-07-09T00:00:00,2026-07-25T00:00:00,1.720
2000,SP02,000000000030000089,010,ERSA,MECH-BRG,PD,3.000,455609.10,2026-05-25T00:00:00,2026-06-08T00:00:00,2026-06-08T00:00:00,2026-06-08T00:00:00,0.000
4000,SP04,000000000030000089,009,ERSA,MECH-BRG,ND,2.000,303739.40,2025-11-25T00:00:00,,,2025-11-25T00:00:00,0.000
3000,SP03,000000000090000022,009,ERSA,ELEC-CTRL,ND,26.000,3373366.10,,2024-08-21T00:00:00,2024-08-21T00:00:00,2024-08-21T00:00:00,0.000
4000,SP04,000000000010000418,006,ERSA,HYDR-ASSY,VB,4.000,452214.44,2025-12-13T00:00:00,2025-11-25T00:00:00,2025-11-25T00:00:00,2025-12-13T00:00:00,0.654
1000,SP01,000000000010000418,006,ERSA,HYDR-ASSY,VB,3.000,339160.83,2026-07-11T00:00:00,2026-05-11T00:00:00,2026-05-11T00:00:00,2026-07-11T00:00:00,0.836
2000,SP02,000000000010000419,008,ERSA,HYDR-ASSY,VB,0.000,0.00,,2024-09-09T00:00:00,2024-09-09T00:00:00,2024-09-09T00:00:00,3.175
3000,SP03,000000000010000420,004,ERSA,ELEC-CTRL,VB,1.000,762119.75,,2026-05-31T00:00:00,2026-05-31T00:00:00,2026-05-31T00:00:00,0.452
1000,SP01,000000000010000420,007,ERSA,ELEC-CTRL,VB,2.000,1524239.50,,2026-07-03T00:00:00,2026-07-03T00:00:00,2026-07-03T00:00:00,1.721
2000,SP02,000000000010000421,008,HIBE,INST-XMTR,VB,0.000,0.00,,2024-10-16T00:00:00,2024-10-16T00:00:00,2024-10-16T00:00:00,3.735
4000,SP04,000000000010000421,009,HIBE,INST-XMTR,VB,0.000,0.00,,2024-12-15T00:00:00,2024-12-15T00:00:00,2024-12-15T00:00:00,5.874
2000,SP02,000000000080000096,008,ERSA,CONV-COMP,VB,10.000,389099.40,2025-12-01T00:00:00,2026-06-18T00:00:00,2026-06-18T00:00:00,2026-06-18T00:00:00,6.712
3000,SP03,000000000010000422,005,ERSA,MILL-LINR,VB,16.000,2096864.80,2026-08-04T00:00:00,2026-07-25T00:00:00,2026-07-25T00:00:00,2026-08-04T00:00:00,2.997
3000,SP03,000000000010000423,007,ERSA,CONV-COMP,VB,4.000,292221.68,,2026-07-19T00:00:00,2026-07-19T00:00:00,2026-07-19T00:00:00,1.725
4000,SP04,000000000010000423,006,ERSA,CONV-COMP,VB,3.000,219166.26,2026-07-14T00:00:00,2026-02-19T00:00:00,2026-02-19T00:00:00,2026-07-14T00:00:00,1.571
2000,SP02,000000000010000424,009,ERSA,INST-XMTR,VB,0.000,0.00,,2024-06-20T00:00:00,2024-06-20T00:00:00,2024-06-20T00:00:00,0.000
4000,SP04,000000000010000425,008,HIBE,ELEC-CTRL,VB,3.000,706746.36,2025-04-23T00:00:00,2026-08-29T00:00:00,2026-08-29T00:00:00,2026-08-29T00:00:00,3.423
1000,SP01,000000000010000426,006,ERSA,CONV-COMP,VB,4.000,711467.16,2026-08-09T00:00:00,2026-06-15T00:00:00,2026-06-15T00:00:00,2026-08-09T00:00:00,1.093
2000,SP02,000000000010000427,005,ERSA,ELEC-MOTR,VB,162.000,1239120.18,2026-08-02T00:00:00,2026-08-16T00:00:00,2026-08-16T00:00:00,2026-08-16T00:00:00,12.607
4000,SP04,000000000010000428,008,HIBE,CONV-COMP,VB,1.000,56832.26,2026-05-14T00:00:00,2026-03-30T00:00:00,2026-03-30T00:00:00,2026-05-14T00:00:00,0.509
2000,SP02,000000000010000428,006,HIBE,CONV-COMP,VB,2.000,113664.52,2026-04-19T00:00:00,2026-08-14T00:00:00,2026-08-14T00:00:00,2026-08-14T00:00:00,2.181
4000,SP04,000000000010000429,001,ERSA,ELEC-MOTR,VB,0.000,0.00,2026-05-27T00:00:00,2026-09-07T00:00:00,2026-09-07T00:00:00,2026-09-07T00:00:00,7.031
4000,SP04,000000000010000430,010,ERSA,MECH-PUMP,VB,8.000,648808.64,2026-06-26T00:00:00,2026-05-26T00:00:00,2026-05-26T00:00:00,2026-06-26T00:00:00,4.800
1000,SP01,000000000010000431,004,ERSA,MECH-GBOX,VB,17.000,244177.97,2026-07-15T00:00:00,2026-08-19T00:00:00,2026-08-19T00:00:00,2026-08-19T00:00:00,1.591
4000,SP04,000000000010000432,006,HIBE,MECH-GBOX,VB,15.000,255306.60,2026-08-20T00:00:00,2026-08-11T00:00:00,2026-08-11T00:00:00,2026-08-20T00:00:00,2.269
4000,SP04,000000000030000090,010,ERSA,HYDR-ASSY,PD,4.000,277550.44,2026-08-27T00:00:00,,,2026-08-27T00:00:00,0.000
3000,SP03,000000000030000090,008,ERSA,HYDR-ASSY,ND,1.000,69387.61,2025-12-31T00:00:00,2026-01-06T00:00:00,2026-01-06T00:00:00,2026-01-06T00:00:00,0.000
1000,SP01,000000000010000433,008,ERSA,INST-XMTR,VB,10.000,1442640.40,2026-06-10T00:00:00,2026-08-03T00:00:00,2026-08-03T00:00:00,2026-08-03T00:00:00,4.518
3000,SP03,000000000010000434,005,HIBE,INST-XMTR,VB,0.000,0.00,,2024-08-12T00:00:00,2024-08-12T00:00:00,2024-08-12T00:00:00,0.000
1000,SP01,000000000010000435,004,ERSA,MECH-GBOX,VB,4.000,209260.24,2026-08-30T00:00:00,2026-09-03T00:00:00,2026-09-03T00:00:00,2026-09-03T00:00:00,2.729
3000,SP03,000000000010000435,001,ERSA,MECH-GBOX,VB,3.000,156945.18,2026-01-07T00:00:00,2026-06-01T00:00:00,2026-06-01T00:00:00,2026-06-01T00:00:00,1.072
2000,SP02,000000000010000436,003,ERSA,MILL-LINR,VB,40.000,350604.80,2026-06-14T00:00:00,2026-08-07T00:00:00,2026-08-07T00:00:00,2026-08-07T00:00:00,9.211
4000,SP04,000000000010000437,005,ERSA,MILL-LINR,VB,137.000,345620.86,2026-08-06T00:00:00,2026-08-24T00:00:00,2026-08-24T00:00:00,2026-08-24T00:00:00,3.502
1000,SP01,000000000030000091,009,ERSA,INST-XMTR,PD,0.000,0.00,2026-07-19T00:00:00,2026-08-21T00:00:00,2026-08-21T00:00:00,2026-08-21T00:00:00,0.000
3000,SP03,000000000010000438,008,ERSA,MECH-PUMP,VB,1.000,111682.46,2025-12-01T00:00:00,2025-10-10T00:00:00,2025-10-10T00:00:00,2025-12-01T00:00:00,0.157
4000,SP04,000000000010000438,006,ERSA,MECH-PUMP,VB,1.000,111682.46,2026-05-24T00:00:00,2026-05-08T00:00:00,2026-05-08T00:00:00,2026-05-24T00:00:00,0.113
2000,SP02,000000000010000439,004,HIBE,ELEC-CTRL,VB,5.000,160409.60,2026-02-01T00:00:00,2026-07-24T00:00:00,2026-07-24T00:00:00,2026-07-24T00:00:00,1.636
1000,SP01,000000000010000440,004,ERSA,INST-XMTR,VB,0.000,0.00,,2024-08-05T00:00:00,2024-08-05T00:00:00,2024-08-05T00:00:00,0.000
2000,SP02,000000000030000092,005,ERSA,MILL-LINR,ND,4.000,24357.72,2026-05-10T00:00:00,2026-06-25T00:00:00,2026-06-25T00:00:00,2026-06-25T00:00:00,0.000
2000,SP02,000000000010000441,002,ERSA,MECH-SEAL,VB,16.000,2100732.48,2026-01-03T00:00:00,2026-08-15T00:00:00,2026-08-15T00:00:00,2026-08-15T00:00:00,10.507
3000,SP03,000000000080000097,004,ERSA,MECH-PUMP,VB,4.000,1528564.24,2026-08-07T00:00:00,2026-06-14T00:00:00,2026-06-14T00:00:00,2026-08-07T00:00:00,1.304
4000,SP04,000000000080000097,004,ERSA,MECH-PUMP,VB,1.000,382141.06,2026-05-12T00:00:00,2026-08-25T00:00:00,2026-08-25T00:00:00,2026-08-25T00:00:00,1.176
4000,SP04,000000000010000442,007,ERSA,MECH-PUMP,VB,18.000,1482992.82,2026-07-15T00:00:00,2026-03-03T00:00:00,2026-03-03T00:00:00,2026-07-15T00:00:00,10.330
3000,SP03,000000000010000443,001,ERSA,INST-XMTR,VB,23.000,10874508.10,2026-01-17T00:00:00,2026-09-02T00:00:00,2026-09-02T00:00:00,2026-09-02T00:00:00,5.030
4000,SP04,000000000010000444,001,ERSA,HYDR-ASSY,VB,1.000,91571.71,2025-08-24T00:00:00,2025-08-07T00:00:00,2025-08-07T00:00:00,2025-08-24T00:00:00,0.206
2000,SP02,000000000010000445,009,ERSA,ELEC-MOTR,VB,0.000,0.00,2025-07-27T00:00:00,2026-06-26T00:00:00,2026-06-26T00:00:00,2026-06-26T00:00:00,4.938
3000,SP03,000000000010000446,010,ERSA,HYDR-ASSY,VB,74.000,270433.00,2026-07-27T00:00:00,2026-08-20T00:00:00,2026-08-20T00:00:00,2026-08-20T00:00:00,24.078
1000,SP01,000000000010000446,005,ERSA,HYDR-ASSY,VB,116.000,423922.00,2026-09-05T00:00:00,2026-08-20T00:00:00,2026-08-20T00:00:00,2026-09-05T00:00:00,11.827
1000,SP01,000000000030000093,008,ERSA,INST-XMTR,PD,4.000,464159.36,2025-11-23T00:00:00,,,2025-11-23T00:00:00,0.000
1000,SP01,000000000080000098,007,ERSA,ELEC-CTRL,VB,13.000,2264427.88,2026-01-03T00:00:00,2026-06-10T00:00:00,2026-06-10T00:00:00,2026-06-10T00:00:00,5.464
1000,SP01,000000000010000447,006,HIBE,INST-XMTR,VB,0.000,0.00,,2024-09-26T00:00:00,2024-09-26T00:00:00,2024-09-26T00:00:00,2.110
2000,SP02,000000000010000448,003,ERSA,INST-XMTR,VB,1.000,151100.12,2025-09-16T00:00:00,2026-08-18T00:00:00,2026-08-18T00:00:00,2026-08-18T00:00:00,1.285
1000,SP01,000000000010000448,006,ERSA,INST-XMTR,VB,8.000,1208800.96,2026-06-28T00:00:00,2026-08-05T00:00:00,2026-08-05T00:00:00,2026-08-05T00:00:00,1.310
4000,SP04,000000000010000449,003,ERSA,ELEC-CTRL,VB,6.000,440407.74,2026-08-30T00:00:00,2026-05-10T00:00:00,2026-05-10T00:00:00,2026-08-30T00:00:00,1.451
2000,SP02,000000000010000449,001,ERSA,ELEC-CTRL,VB,7.000,513809.03,2026-01-24T00:00:00,2026-05-16T00:00:00,2026-05-16T00:00:00,2026-05-16T00:00:00,2.407
3000,SP03,000000000030000094,004,HIBE,INST-XMTR,PD,1.000,34970.19,2026-08-02T00:00:00,2026-08-28T00:00:00,2026-08-28T00:00:00,2026-08-28T00:00:00,0.000
1000,SP01,000000000010000450,007,ERSA,CONV-COMP,VB,15.000,11852929.20,2026-01-12T00:00:00,2026-08-31T00:00:00,2026-08-31T00:00:00,2026-08-31T00:00:00,5.705
4000,SP04,000000000090000023,010,ERSA,MILL-LINR,ND,9.000,540077.31,,2023-10-27T00:00:00,2023-10-27T00:00:00,2023-10-27T00:00:00,0.000
2000,SP02,000000000010000451,010,ERSA,MECH-SEAL,VB,79.000,1011971.04,2026-08-17T00:00:00,2026-08-27T00:00:00,2026-08-27T00:00:00,2026-08-27T00:00:00,9.032
4000,SP04,000000000030000095,005,ERSA,INST-XMTR,PD,0.000,0.00,2026-07-16T00:00:00,2026-07-31T00:00:00,2026-07-31T00:00:00,2026-07-31T00:00:00,0.000
4000,SP04,000000000010000452,004,ERSA,MECH-SEAL,VB,69.000,1309538.58,2026-08-22T00:00:00,2026-07-30T00:00:00,2026-07-30T00:00:00,2026-08-22T00:00:00,9.406
4000,SP04,000000000010000453,001,ERSA,CONV-COMP,VB,0.000,0.00,,2025-01-21T00:00:00,2025-01-21T00:00:00,2025-01-21T00:00:00,5.603
1000,SP01,000000000010000453,004,ERSA,CONV-COMP,VB,0.000,0.00,,2025-03-15T00:00:00,2025-03-15T00:00:00,2025-03-15T00:00:00,11.692
2000,SP02,000000000010000454,009,ERSA,INST-XMTR,VB,6.000,66401.88,2026-07-07T00:00:00,2026-08-09T00:00:00,2026-08-09T00:00:00,2026-08-09T00:00:00,2.565
4000,SP04,000000000080000099,006,ERSA,INST-XMTR,VB,2.000,703828.16,2026-01-17T00:00:00,2026-08-08T00:00:00,2026-08-08T00:00:00,2026-08-08T00:00:00,1.552
2000,SP02,000000000010000455,004,ERSA,MILL-LINR,VB,9.000,1556407.71,2026-04-21T00:00:00,2026-04-07T00:00:00,2026-04-07T00:00:00,2026-04-21T00:00:00,5.314
3000,SP03,000000000010000456,001,ERSA,MECH-SEAL,VB,5.000,217120.15,2026-04-20T00:00:00,2026-04-25T00:00:00,2026-04-25T00:00:00,2026-04-25T00:00:00,2.861
3000,SP03,000000000010000457,003,HIBE,ELEC-MOTR,VB,0.000,0.00,,2024-11-03T00:00:00,2024-11-03T00:00:00,2024-11-03T00:00:00,6.213
4000,SP04,000000000010000458,010,HIBE,MILL-LINR,VB,0.000,0.00,,2024-09-14T00:00:00,2024-09-14T00:00:00,2024-09-14T00:00:00,3.940
2000,SP02,000000000010000458,001,HIBE,MILL-LINR,VB,0.000,0.00,,2024-12-21T00:00:00,2024-12-21T00:00:00,2024-12-21T00:00:00,1.003
4000,SP04,000000000010000459,007,ERSA,MILL-LINR,VB,0.000,0.00,,2023-05-20T00:00:00,2023-05-20T00:00:00,2023-05-20T00:00:00,0.000
2000,SP02,000000000080000100,010,ERSA,CONV-COMP,VB,23.000,1504619.29,2026-07-31T00:00:00,2026-05-17T00:00:00,2026-05-17T00:00:00,2026-07-31T00:00:00,11.930
3000,SP03,000000000080000100,006,ERSA,CONV-COMP,VB,10.000,654182.30,2026-04-18T00:00:00,2026-06-19T00:00:00,2026-06-19T00:00:00,2026-06-19T00:00:00,4.139
1000,SP01,000000000010000460,002,ERSA,HYDR-ASSY,VB,0.000,0.00,2026-07-21T00:00:00,2026-08-08T00:00:00,2026-08-08T00:00:00,2026-08-08T00:00:00,5.494
3000,SP03,000000000010000461,010,ERSA,CONV-COMP,VB,0.000,0.00,,2025-03-25T00:00:00,2025-03-25T00:00:00,2025-03-25T00:00:00,0.000
4000,SP04,000000000010000462,010,ERSA,ELEC-MOTR,VB,25.000,8148310.00,2026-09-04T00:00:00,2026-07-17T00:00:00,2026-07-17T00:00:00,2026-09-04T00:00:00,4.397
3000,SP03,000000000010000463,010,ERSA,MECH-PUMP,VB,0.000,0.00,,2024-12-16T00:00:00,2024-12-16T00:00:00,2024-12-16T00:00:00,14.214
1000,SP01,000000000030000096,008,ERSA,CONV-COMP,ND,3.000,387230.07,2026-06-27T00:00:00,2026-03-06T00:00:00,2026-03-06T00:00:00,2026-06-27T00:00:00,0.000
2000,SP02,000000000010000464,002,ERSA,MECH-PUMP,VB,0.000,0.00,2026-02-15T00:00:00,2026-07-20T00:00:00,2026-07-20T00:00:00,2026-07-20T00:00:00,0.459
2000,SP02,000000000030000097,008,ERSA,MECH-BRG,PD,3.000,221883.48,2026-02-05T00:00:00,,,2026-02-05T00:00:00,0.000
4000,SP04,000000000010000465,005,ERSA,ELEC-CTRL,VB,3.000,1945147.74,2025-05-06T00:00:00,2026-07-07T00:00:00,2026-07-07T00:00:00,2026-07-07T00:00:00,2.293
1000,SP01,000000000010000466,002,ERSA,MECH-BRG,VB,0.000,0.00,,2025-02-07T00:00:00,2025-02-07T00:00:00,2025-02-07T00:00:00,9.641
1000,SP01,000000000010000467,007,ERSA,CONV-COMP,VB,0.000,0.00,,2024-12-20T00:00:00,2024-12-20T00:00:00,2024-12-20T00:00:00,4.397
3000,SP03,000000000010000468,003,ERSA,MECH-PUMP,VB,0.000,0.00,,2025-01-20T00:00:00,2025-01-20T00:00:00,2025-01-20T00:00:00,12.524
3000,SP03,000000000010000469,003,HIBE,MECH-PUMP,VB,199.000,1311495.57,2026-09-02T00:00:00,2026-08-06T00:00:00,2026-08-06T00:00:00,2026-09-02T00:00:00,28.530
3000,SP03,000000000030000098,010,ERSA,CONV-COMP,ND,0.000,0.00,,,,,0.000
1000,SP01,000000000030000098,004,ERSA,CONV-COMP,PD,2.000,150911.56,2026-01-31T00:00:00,,,2026-01-31T00:00:00,0.000
4000,SP04,000000000010000470,005,ERSA,ELEC-CTRL,VB,11.000,1654942.52,2026-04-29T00:00:00,2026-02-24T00:00:00,2026-02-24T00:00:00,2026-04-29T00:00:00,2.063
1000,SP01,000000000010000471,008,ERSA,HYDR-ASSY,VB,89.000,774854.47,2026-03-12T00:00:00,2026-08-31T00:00:00,2026-08-31T00:00:00,2026-08-31T00:00:00,5.574
4000,SP04,000000000090000024,008,ERSA,MECH-BRG,ND,15.000,594853.65,,2022-10-28T00:00:00,2022-10-28T00:00:00,2022-10-28T00:00:00,0.000
2000,SP02,000000000090000024,003,ERSA,MECH-BRG,ND,24.000,951765.84,,2024-09-23T00:00:00,2024-09-23T00:00:00,2024-09-23T00:00:00,0.000
3000,SP03,000000000010000472,006,ERSA,MECH-BRG,VB,67.000,1372148.61,2026-06-13T00:00:00,2026-08-29T00:00:00,2026-08-29T00:00:00,2026-08-29T00:00:00,9.454
2000,SP02,000000000010000473,009,ERSA,MILL-LINR,VB,4.000,1569914.64,2026-08-04T00:00:00,2026-08-12T00:00:00,2026-08-12T00:00:00,2026-08-12T00:00:00,1.754
4000,SP04,000000000010000473,010,ERSA,MILL-LINR,VB,3.000,1177435.98,2026-07-28T00:00:00,2026-04-22T00:00:00,2026-04-22T00:00:00,2026-07-28T00:00:00,0.955
2000,SP02,000000000080000101,001,ERSA,ELEC-CTRL,VB,10.000,1576756.50,2026-06-23T00:00:00,2026-08-18T00:00:00,2026-08-18T00:00:00,2026-08-18T00:00:00,1.678
2000,SP02,000000000010000474,010,ERSA,MECH-BRG,VB,0.000,0.00,,2024-03-17T00:00:00,2024-03-17T00:00:00,2024-03-17T00:00:00,0.000
1000,SP01,000000000010000475,006,ERSA,MECH-PUMP,VB,3.000,251264.22,,2026-07-02T00:00:00,2026-07-02T00:00:00,2026-07-02T00:00:00,2.231
1000,SP01,000000000030000099,003,ERSA,INST-XMTR,PD,7.000,791942.27,2026-05-29T00:00:00,2026-07-09T00:00:00,2026-07-09T00:00:00,2026-07-09T00:00:00,0.000
1000,SP01,000000000080000102,007,ERSA,CONV-COMP,VB,9.000,310916.25,2026-05-29T00:00:00,2026-08-22T00:00:00,2026-08-22T00:00:00,2026-08-22T00:00:00,2.542
2000,SP02,000000000080000103,010,ERSA,MECH-GBOX,VB,3.000,1019441.58,2026-08-21T00:00:00,2026-08-24T00:00:00,2026-08-24T00:00:00,2026-08-24T00:00:00,3.694
3000,SP03,000000000030000100,006,ERSA,CONV-COMP,PD,5.000,555492.90,2026-02-07T00:00:00,,,2026-02-07T00:00:00,0.000
4000,SP04,000000000010000476,009,ERSA,MECH-PUMP,VB,23.000,341621.30,2026-02-16T00:00:00,2026-08-21T00:00:00,2026-08-21T00:00:00,2026-08-21T00:00:00,4.766
3000,SP03,000000000090000025,009,ERSA,MECH-PUMP,ND,27.000,1984394.16,,2022-10-06T00:00:00,2022-10-06T00:00:00,2022-10-06T00:00:00,0.000
2000,SP02,000000000090000026,007,ERSA,CONV-COMP,ND,35.000,5874966.30,,2023-06-07T00:00:00,2023-06-07T00:00:00,2023-06-07T00:00:00,0.000
2000,SP02,000000000010000477,008,ERSA,CONV-COMP,VB,6.000,697209.96,2026-04-14T00:00:00,2026-08-18T00:00:00,2026-08-18T00:00:00,2026-08-18T00:00:00,3.532
2000,SP02,000000000010000478,008,ERSA,INST-XMTR,VB,0.000,0.00,,2024-10-11T00:00:00,2024-10-11T00:00:00,2024-10-11T00:00:00,5.040
4000,SP04,000000000030000101,001,ERSA,INST-XMTR,ND,3.000,120034.56,2026-05-22T00:00:00,,,2026-05-22T00:00:00,0.000
1000,SP01,000000000030000102,007,ERSA,MILL-LINR,ND,4.000,365749.40,2026-06-13T00:00:00,2026-07-05T00:00:00,2026-07-05T00:00:00,2026-07-05T00:00:00,0.000
4000,SP04,000000000030000102,007,ERSA,MILL-LINR,PD,3.000,274312.05,2026-02-20T00:00:00,2026-01-16T00:00:00,2026-01-16T00:00:00,2026-02-20T00:00:00,0.000
4000,SP04,000000000030000103,008,ERSA,MECH-BRG,ND,0.000,0.00,2026-04-15T00:00:00,2026-04-20T00:00:00,2026-04-20T00:00:00,2026-04-20T00:00:00,0.000
4000,SP04,000000000010000479,006,ERSA,MECH-PUMP,VB,0.000,0.00,,2025-02-01T00:00:00,2025-02-01T00:00:00,2025-02-01T00:00:00,0.000
3000,SP03,000000000080000104,008,ERSA,MECH-BRG,VB,10.000,3787391.60,2026-03-30T00:00:00,2026-04-21T00:00:00,2026-04-21T00:00:00,2026-04-21T00:00:00,7.981
2000,SP02,000000000080000104,009,ERSA,MECH-BRG,VB,24.000,9089739.84,2026-04-13T00:00:00,2026-07-07T00:00:00,2026-07-07T00:00:00,2026-07-07T00:00:00,7.202
1000,SP01,000000000010000480,004,ERSA,CONV-COMP,VB,2.000,112546.54,2026-08-10T00:00:00,2026-07-17T00:00:00,2026-07-17T00:00:00,2026-08-10T00:00:00,0.440
3000,SP03,000000000010000480,009,ERSA,CONV-COMP,VB,1.000,56273.27,2026-03-14T00:00:00,2026-02-15T00:00:00,2026-02-15T00:00:00,2026-03-14T00:00:00,0.249
4000,SP04,000000000010000481,008,ERSA,MECH-SEAL,VB,2.000,258100.28,2026-05-05T00:00:00,2026-05-08T00:00:00,2026-05-08T00:00:00,2026-05-08T00:00:00,1.210
1000,SP01,000000000010000481,002,ERSA,MECH-SEAL,VB,0.000,0.00,2026-05-09T00:00:00,2026-08-29T00:00:00,2026-08-29T00:00:00,2026-08-29T00:00:00,0.687
1000,SP01,000000000010000482,010,HIBE,MECH-BRG,VB,19.000,252295.68,2026-07-03T00:00:00,2026-08-16T00:00:00,2026-08-16T00:00:00,2026-08-16T00:00:00,1.396
3000,SP03,000000000010000483,006,ERSA,INST-XMTR,VB,11.000,89488.52,2026-04-08T00:00:00,2026-09-06T00:00:00,2026-09-06T00:00:00,2026-09-06T00:00:00,1.985
2000,SP02,000000000010000483,005,ERSA,INST-XMTR,VB,5.000,40676.60,2026-05-17T00:00:00,2026-07-12T00:00:00,2026-07-12T00:00:00,2026-07-12T00:00:00,2.161
2000,SP02,000000000010000484,005,ERSA,INST-XMTR,VB,12.000,1820503.92,2026-07-31T00:00:00,2026-08-21T00:00:00,2026-08-21T00:00:00,2026-08-21T00:00:00,6.604
3000,SP03,000000000010000485,004,ERSA,CONV-COMP,VB,1.000,90034.23,2026-08-18T00:00:00,2026-04-16T00:00:00,2026-04-16T00:00:00,2026-08-18T00:00:00,0.379
1000,SP01,000000000080000105,003,ERSA,ELEC-MOTR,VB,2.000,553515.64,2026-03-11T00:00:00,2026-09-01T00:00:00,2026-09-01T00:00:00,2026-09-01T00:00:00,1.486
3000,SP03,000000000010000486,008,ERSA,ELEC-MOTR,VB,40.000,710875.60,2026-06-02T00:00:00,2026-08-09T00:00:00,2026-08-09T00:00:00,2026-08-09T00:00:00,16.387
1000,SP01,000000000010000487,004,ERSA,MECH-GBOX,VB,0.000,0.00,,2025-01-02T00:00:00,2025-01-02T00:00:00,2025-01-02T00:00:00,0.000
3000,SP03,000000000010000488,004,ERSA,MECH-GBOX,VB,20.000,9979323.80,2026-03-29T00:00:00,2026-08-18T00:00:00,2026-08-18T00:00:00,2026-08-18T00:00:00,4.764
4000,SP04,000000000030000104,008,ERSA,ELEC-CTRL,ND,0.000,0.00,2026-05-22T00:00:00,2026-07-11T00:00:00,2026-07-11T00:00:00,2026-07-11T00:00:00,0.000
4000,SP04,000000000010000489,003,ERSA,MILL-LINR,VB,0.000,0.00,,2025-01-06T00:00:00,2025-01-06T00:00:00,2025-01-06T00:00:00,10.348
2000,SP02,000000000080000106,002,ERSA,ELEC-MOTR,VB,3.000,856721.40,2026-07-15T00:00:00,2026-08-27T00:00:00,2026-08-27T00:00:00,2026-08-27T00:00:00,1.509
2000,SP02,000000000010000490,010,ERSA,MECH-BRG,VB,8.000,410296.96,2026-06-17T00:00:00,2026-07-28T00:00:00,2026-07-28T00:00:00,2026-07-28T00:00:00,5.488
2000,SP02,000000000080000107,008,ERSA,ELEC-MOTR,VB,8.000,170710.40,2026-04-21T00:00:00,2026-08-26T00:00:00,2026-08-26T00:00:00,2026-08-26T00:00:00,2.048
2000,SP02,000000000090000027,001,HIBE,MILL-LINR,ND,31.000,2616792.15,,2023-02-02T00:00:00,2023-02-02T00:00:00,2023-02-02T00:00:00,0.000
1000,SP01,000000000090000027,001,HIBE,MILL-LINR,ND,29.000,2447966.85,,2022-10-28T00:00:00,2022-10-28T00:00:00,2022-10-28T00:00:00,0.000
3000,SP03,000000000010000491,004,ERSA,MECH-GBOX,VB,16.000,1254219.04,2026-07-20T00:00:00,2026-08-02T00:00:00,2026-08-02T00:00:00,2026-08-02T00:00:00,3.887
1000,SP01,000000000010000492,006,ERSA,MECH-SEAL,VB,21.000,3395314.23,2025-06-24T00:00:00,2026-08-08T00:00:00,2026-08-08T00:00:00,2026-08-08T00:00:00,14.522
2000,SP02,000000000080000108,009,ERSA,ELEC-CTRL,VB,6.000,2150624.76,2026-07-24T00:00:00,2026-08-16T00:00:00,2026-08-16T00:00:00,2026-08-16T00:00:00,3.296
3000,SP03,000000000010000493,004,ERSA,MECH-SEAL,VB,9.000,1447223.04,2026-01-25T00:00:00,2026-04-22T00:00:00,2026-04-22T00:00:00,2026-04-22T00:00:00,4.429
3000,SP03,000000000010000494,005,ERSA,MECH-BRG,VB,0.000,0.00,,2024-07-31T00:00:00,2024-07-31T00:00:00,2024-07-31T00:00:00,0.000
3000,SP03,000000000080000109,007,ERSA,MILL-LINR,VB,18.000,1041261.66,2026-04-19T00:00:00,2026-04-19T00:00:00,2026-04-19T00:00:00,2026-04-19T00:00:00,12.112
4000,SP04,000000000010000495,005,ERSA,ELEC-MOTR,VB,0.000,0.00,,2023-02-01T00:00:00,2023-02-01T00:00:00,2023-02-01T00:00:00,0.000
3000,SP03,000000000010000496,002,ERSA,HYDR-ASSY,VB,2.000,46015.42,,2026-06-28T00:00:00,2026-06-28T00:00:00,2026-06-28T00:00:00,0.431
3000,SP03,000000000030000105,007,ERSA,CONV-COMP,PD,4.000,67084.00,2026-07-10T00:00:00,2026-02-13T00:00:00,2026-02-13T00:00:00,2026-07-10T00:00:00,0.000
2000,SP02,000000000030000105,009,ERSA,CONV-COMP,PD,0.000,0.00,2026-03-09T00:00:00,2026-04-22T00:00:00,2026-04-22T00:00:00,2026-04-22T00:00:00,0.000
4000,SP04,000000000010000497,005,HIBE,HYDR-ASSY,VB,2.000,684386.78,2026-04-14T00:00:00,2026-06-07T00:00:00,2026-06-07T00:00:00,2026-06-07T00:00:00,1.089
1000,SP01,000000000010000497,006,HIBE,HYDR-ASSY,VB,3.000,1026580.17,,2026-06-22T00:00:00,2026-06-22T00:00:00,2026-06-22T00:00:00,0.760
4000,SP04,000000000090000028,003,ERSA,HYDR-ASSY,ND,36.000,6142286.16,,2023-12-25T00:00:00,2023-12-25T00:00:00,2023-12-25T00:00:00,0.000
2000,SP02,000000000090000028,008,ERSA,HYDR-ASSY,ND,18.000,3071143.08,,2022-12-07T00:00:00,2022-12-07T00:00:00,2022-12-07T00:00:00,0.000
1000,SP01,000000000010000498,007,ERSA,MECH-GBOX,VB,93.000,1843394.85,2026-08-11T00:00:00,2026-07-27T00:00:00,2026-07-27T00:00:00,2026-08-11T00:00:00,10.179
4000,SP04,000000000010000499,002,ERSA,CONV-COMP,VB,1.000,4715.14,2025-11-09T00:00:00,2026-03-10T00:00:00,2026-03-10T00:00:00,2026-03-10T00:00:00,0.372
2000,SP02,000000000010000500,005,ERSA,MECH-SEAL,VB,8.000,443460.00,2026-08-02T00:00:00,2026-06-20T00:00:00,2026-06-20T00:00:00,2026-08-02T00:00:00,1.092
4000,SP04,000000000010000500,004,ERSA,MECH-SEAL,VB,8.000,443460.00,2025-11-20T00:00:00,2026-02-25T00:00:00,2026-02-25T00:00:00,2026-02-25T00:00:00,4.068
2000,SP02,000000000030000106,009,ERSA,CONV-COMP,PD,1.000,152751.33,2026-05-22T00:00:00,,,2026-05-22T00:00:00,0.000
2000,SP02,000000000080000110,004,HIBE,ELEC-MOTR,VB,5.000,742846.90,2025-12-06T00:00:00,2026-09-04T00:00:00,2026-09-04T00:00:00,2026-09-04T00:00:00,8.729
1000,SP01,000000000010000501,009,ERSA,MECH-SEAL,VB,0.000,0.00,,2024-12-19T00:00:00,2024-12-19T00:00:00,2024-12-19T00:00:00,0.000
1000,SP01,000000000080000111,009,ERSA,CONV-COMP,VB,10.000,1759135.30,2026-06-06T00:00:00,2026-05-09T00:00:00,2026-05-09T00:00:00,2026-06-06T00:00:00,3.278
2000,SP02,000000000010000502,004,ERSA,MECH-PUMP,VB,103.000,1384658.87,2026-08-25T00:00:00,2026-08-10T00:00:00,2026-08-10T00:00:00,2026-08-25T00:00:00,2.930
3000,SP03,000000000010000503,010,ERSA,ELEC-CTRL,VB,80.000,15280452.00,2026-08-15T00:00:00,2026-08-20T00:00:00,2026-08-20T00:00:00,2026-08-20T00:00:00,5.156
2000,SP02,000000000010000503,008,ERSA,ELEC-CTRL,VB,0.000,0.00,2026-03-11T00:00:00,2026-07-11T00:00:00,2026-07-11T00:00:00,2026-07-11T00:00:00,11.969
1000,SP01,000000000010000504,002,HIBE,CONV-COMP,VB,7.000,15976.66,2026-03-21T00:00:00,2026-08-04T00:00:00,2026-08-04T00:00:00,2026-08-04T00:00:00,1.076
1000,SP01,000000000010000505,001,HIBE,MECH-BRG,VB,73.000,251210.52,2026-08-01T00:00:00,2026-08-17T00:00:00,2026-08-17T00:00:00,2026-08-17T00:00:00,16.932
1000,SP01,000000000010000506,004,ERSA,MECH-SEAL,VB,5.000,1364039.45,2025-04-16T00:00:00,2026-08-25T00:00:00,2026-08-25T00:00:00,2026-08-25T00:00:00,3.255
1000,SP01,000000000010000507,010,ERSA,INST-XMTR,VB,93.000,1430468.34,2026-07-24T00:00:00,2026-08-06T00:00:00,2026-08-06T00:00:00,2026-08-06T00:00:00,4.592
2000,SP02,000000000010000508,003,ERSA,INST-XMTR,VB,2.000,1046356.98,2026-01-15T00:00:00,2026-08-31T00:00:00,2026-08-31T00:00:00,2026-08-31T00:00:00,0.585
4000,SP04,000000000010000509,009,ERSA,MILL-LINR,VB,0.000,0.00,,2025-05-11T00:00:00,2025-05-11T00:00:00,2025-05-11T00:00:00,0.000
3000,SP03,000000000010000510,004,HIBE,MECH-BRG,VB,0.000,0.00,2025-12-10T00:00:00,2026-09-01T00:00:00,2026-09-01T00:00:00,2026-09-01T00:00:00,3.704
4000,SP04,000000000010000511,008,ERSA,MILL-LINR,VB,0.000,0.00,,2024-12-02T00:00:00,2024-12-02T00:00:00,2024-12-02T00:00:00,0.000
1000,SP01,000000000010000511,005,ERSA,MILL-LINR,VB,0.000,0.00,,2024-01-17T00:00:00,2024-01-17T00:00:00,2024-01-17T00:00:00,0.000
3000,SP03,000000000010000512,003,ERSA,MILL-LINR,VB,0.000,0.00,,2026-08-15T00:00:00,2026-08-15T00:00:00,2026-08-15T00:00:00,0.545
1000,SP01,000000000010000512,002,ERSA,MILL-LINR,VB,1.000,117396.49,2026-05-19T00:00:00,2026-04-17T00:00:00,2026-04-17T00:00:00,2026-05-19T00:00:00,0.381
2000,SP02,000000000010000513,007,ERSA,CONV-COMP,VB,0.000,0.00,,2025-07-26T00:00:00,2025-07-26T00:00:00,2025-07-26T00:00:00,0.000
1000,SP01,000000000010000514,002,ERSA,HYDR-ASSY,VB,8.000,1194321.44,2026-04-12T00:00:00,2026-02-24T00:00:00,2026-02-24T00:00:00,2026-04-12T00:00:00,1.567
1000,SP01,000000000010000515,006,ERSA,HYDR-ASSY,VB,0.000,0.00,,2024-10-07T00:00:00,2024-10-07T00:00:00,2024-10-07T00:00:00,0.000
2000,SP02,000000000010000516,006,ERSA,MECH-PUMP,VB,0.000,0.00,,2025-04-01T00:00:00,2025-04-01T00:00:00,2025-04-01T00:00:00,0.000
4000,SP04,000000000010000517,005,ERSA,CONV-COMP,VB,2.000,59035.54,2026-08-07T00:00:00,2026-05-29T00:00:00,2026-05-29T00:00:00,2026-08-07T00:00:00,0.982
2000,SP02,000000000010000517,001,ERSA,CONV-COMP,VB,1.000,29517.77,2026-01-24T00:00:00,2025-12-20T00:00:00,2025-12-20T00:00:00,2026-01-24T00:00:00,0.407
2000,SP02,000000000010000518,005,ERSA,INST-XMTR,VB,38.000,587333.32,2026-06-14T00:00:00,2026-08-22T00:00:00,2026-08-22T00:00:00,2026-08-22T00:00:00,2.452
3000,SP03,000000000030000107,004,ERSA,MILL-LINR,PD,4.000,176889.00,2026-02-21T00:00:00,,,2026-02-21T00:00:00,0.000
2000,SP02,000000000010000519,002,ERSA,MECH-BRG,VB,1.000,133359.90,2025-12-19T00:00:00,2025-11-20T00:00:00,2025-11-20T00:00:00,2025-12-19T00:00:00,0.292
3000,SP03,000000000010000520,009,ERSA,INST-XMTR,VB,36.000,768632.04,2026-04-05T00:00:00,2026-08-13T00:00:00,2026-08-13T00:00:00,2026-08-13T00:00:00,13.120
1000,SP01,000000000010000521,001,ERSA,MECH-BRG,VB,147.000,1905793.26,2026-08-16T00:00:00,2026-08-03T00:00:00,2026-08-03T00:00:00,2026-08-16T00:00:00,20.584
2000,SP02,000000000010000521,004,ERSA,MECH-BRG,VB,0.000,0.00,2026-05-25T00:00:00,2026-08-10T00:00:00,2026-08-10T00:00:00,2026-08-10T00:00:00,16.966
1000,SP01,000000000010000522,006,HIBE,MECH-BRG,VB,0.000,0.00,,2025-03-14T00:00:00,2025-03-14T00:00:00,2025-03-14T00:00:00,8.853
2000,SP02,000000000030000108,007,ERSA,INST-XMTR,ND,3.000,35911.62,2026-08-02T00:00:00,2026-09-07T00:00:00,2026-09-07T00:00:00,2026-09-07T00:00:00,0.000
1000,SP01,000000000030000108,010,ERSA,INST-XMTR,PD,4.000,47882.16,2026-08-14T00:00:00,,,2026-08-14T00:00:00,0.000
3000,SP03,000000000010000523,005,ERSA,MECH-GBOX,VB,36.000,4814458.56,2025-12-29T00:00:00,2026-08-01T00:00:00,2026-08-01T00:00:00,2026-08-01T00:00:00,5.627
1000,SP01,000000000030000109,005,HIBE,MECH-GBOX,ND,3.000,130776.15,2026-07-30T00:00:00,2026-05-27T00:00:00,2026-05-27T00:00:00,2026-07-30T00:00:00,0.000
2000,SP02,000000000030000109,003,HIBE,MECH-GBOX,VB,11.000,479512.55,2026-02-13T00:00:00,2026-06-28T00:00:00,2026-06-28T00:00:00,2026-06-28T00:00:00,6.356
3000,SP03,000000000010000524,001,ERSA,CONV-COMP,VB,22.000,17026879.98,2026-04-20T00:00:00,2026-08-27T00:00:00,2026-08-27T00:00:00,2026-08-27T00:00:00,4.912
1000,SP01,000000000010000524,003,ERSA,CONV-COMP,VB,2.000,1547898.18,2026-01-15T00:00:00,2026-07-18T00:00:00,2026-07-18T00:00:00,2026-07-18T00:00:00,2.340
3000,SP03,000000000010000525,006,ERSA,CONV-COMP,VB,0.000,0.00,,2024-09-07T00:00:00,2024-09-07T00:00:00,2024-09-07T00:00:00,3.660
4000,SP04,000000000010000525,003,ERSA,CONV-COMP,VB,0.000,0.00,,2024-10-03T00:00:00,2024-10-03T00:00:00,2024-10-03T00:00:00,7.213
4000,SP04,000000000090000029,006,ERSA,INST-XMTR,ND,14.000,1740144.00,,2023-12-22T00:00:00,2023-12-22T00:00:00,2023-12-22T00:00:00,0.000
4000,SP04,000000000080000112,010,ERSA,MECH-PUMP,VB,11.000,1547368.35,2026-08-10T00:00:00,2026-06-03T00:00:00,2026-06-03T00:00:00,2026-08-10T00:00:00,4.156
1000,SP01,000000000080000112,008,ERSA,MECH-PUMP,VB,5.000,703349.25,2026-08-03T00:00:00,2026-08-21T00:00:00,2026-08-21T00:00:00,2026-08-21T00:00:00,2.939
1000,SP01,000000000010000526,009,ERSA,MILL-LINR,VB,8.000,4503692.80,2026-06-07T00:00:00,2026-08-29T00:00:00,2026-08-29T00:00:00,2026-08-29T00:00:00,5.213
2000,SP02,000000000010000527,005,ERSA,INST-XMTR,VB,0.000,0.00,,2024-10-14T00:00:00,2024-10-14T00:00:00,2024-10-14T00:00:00,13.027
1000,SP01,000000000010000528,006,HIBE,MECH-GBOX,VB,1.000,6359.20,2026-05-16T00:00:00,2026-07-30T00:00:00,2026-07-30T00:00:00,2026-07-30T00:00:00,0.373
1000,SP01,000000000010000529,001,ERSA,HYDR-ASSY,VB,1.000,51114.15,2026-02-22T00:00:00,2026-08-27T00:00:00,2026-08-27T00:00:00,2026-08-27T00:00:00,4.007
3000,SP03,000000000080000113,003,ERSA,ELEC-CTRL,VB,11.000,4870180.37,2026-08-14T00:00:00,2026-09-04T00:00:00,2026-09-04T00:00:00,2026-09-04T00:00:00,9.002
1000,SP01,000000000010000530,007,ERSA,INST-XMTR,VB,0.000,0.00,2026-06-22T00:00:00,2026-08-24T00:00:00,2026-08-24T00:00:00,2026-08-24T00:00:00,1.179
3000,SP03,000000000010000531,009,ERSA,MECH-BRG,VB,64.000,287619.20,2026-07-04T00:00:00,2026-08-12T00:00:00,2026-08-12T00:00:00,2026-08-12T00:00:00,4.895
4000,SP04,000000000010000531,003,ERSA,MECH-BRG,VB,60.000,269643.00,2026-03-17T00:00:00,2026-09-06T00:00:00,2026-09-06T00:00:00,2026-09-06T00:00:00,18.037
2000,SP02,000000000080000114,003,ERSA,INST-XMTR,VB,1.000,82029.38,2025-09-06T00:00:00,2026-08-17T00:00:00,2026-08-17T00:00:00,2026-08-17T00:00:00,3.731
3000,SP03,000000000010000532,005,ERSA,MECH-SEAL,VB,5.000,630811.35,2026-08-14T00:00:00,2026-08-15T00:00:00,2026-08-15T00:00:00,2026-08-15T00:00:00,1.134
2000,SP02,000000000030000110,009,ERSA,MECH-GBOX,PD,1.000,73881.70,2026-05-03T00:00:00,,,2026-05-03T00:00:00,0.000
3000,SP03,000000000010000533,002,ERSA,ELEC-MOTR,VB,19.000,101893.77,2026-04-11T00:00:00,2026-08-11T00:00:00,2026-08-11T00:00:00,2026-08-11T00:00:00,7.868
2000,SP02,000000000010000534,004,ERSA,MILL-LINR,VB,139.000,2389347.45,2026-08-27T00:00:00,2026-08-22T00:00:00,2026-08-22T00:00:00,2026-08-27T00:00:00,8.860
1000,SP01,000000000010000535,003,ERSA,HYDR-ASSY,VB,3.000,566073.51,2026-08-12T00:00:00,2026-07-01T00:00:00,2026-07-01T00:00:00,2026-08-12T00:00:00,1.757
4000,SP04,000000000010000536,001,ERSA,MECH-BRG,VB,2.000,863218.12,2025-07-03T00:00:00,2026-07-17T00:00:00,2026-07-17T00:00:00,2026-07-17T00:00:00,0.802
3000,SP03,000000000010000536,009,ERSA,MECH-BRG,VB,11.000,4747699.66,2025-10-22T00:00:00,2026-08-02T00:00:00,2026-08-02T00:00:00,2026-08-02T00:00:00,8.538
1000,SP01,000000000010000537,006,ERSA,MILL-LINR,VB,96.000,469415.04,2026-06-30T00:00:00,2026-08-28T00:00:00,2026-08-28T00:00:00,2026-08-28T00:00:00,12.240
3000,SP03,000000000080000115,003,ERSA,MILL-LINR,VB,18.000,3865342.86,2026-03-19T00:00:00,2026-08-22T00:00:00,2026-08-22T00:00:00,2026-08-22T00:00:00,8.666
1000,SP01,000000000010000538,007,ERSA,MILL-LINR,VB,19.000,333826.77,2026-04-11T00:00:00,2026-04-17T00:00:00,2026-04-17T00:00:00,2026-04-17T00:00:00,7.727
1000,SP01,000000000090000030,006,ERSA,CONV-COMP,ND,19.000,200765.78,,2025-03-20T00:00:00,2025-03-20T00:00:00,2025-03-20T00:00:00,0.000
1000,SP01,000000000010000539,002,ERSA,HYDR-ASSY,VB,1.000,125311.02,,2025-12-29T00:00:00,2025-12-29T00:00:00,2025-12-29T00:00:00,0.267
2000,SP02,000000000010000539,005,ERSA,HYDR-ASSY,VB,1.000,125311.02,2026-02-25T00:00:00,2026-01-29T00:00:00,2026-01-29T00:00:00,2026-02-25T00:00:00,0.308
1000,SP01,000000000010000540,009,ERSA,CONV-COMP,VB,0.000,0.00,,2023-02-01T00:00:00,2023-02-01T00:00:00,2023-02-01T00:00:00,0.000
3000,SP03,000000000030000111,009,ERSA,ELEC-CTRL,PD,0.000,0.00,2026-06-09T00:00:00,2026-07-08T00:00:00,2026-07-08T00:00:00,2026-07-08T00:00:00,0.000
1000,SP01,000000000010000541,008,ERSA,MECH-BRG,VB,17.000,8051774.94,2026-03-04T00:00:00,2026-06-23T00:00:00,2026-06-23T00:00:00,2026-06-23T00:00:00,4.781
3000,SP03,000000000010000541,007,ERSA,MECH-BRG,VB,5.000,2368169.10,2026-06-06T00:00:00,2026-04-13T00:00:00,2026-04-13T00:00:00,2026-06-06T00:00:00,1.461
2000,SP02,000000000030000112,009,ERSA,CONV-COMP,ND,1.000,74030.17,2026-08-06T00:00:00,2026-08-25T00:00:00,2026-08-25T00:00:00,2026-08-25T00:00:00,0.000
1000,SP01,000000000080000116,006,ERSA,MECH-PUMP,VB,4.000,503283.88,2026-03-19T00:00:00,2026-05-24T00:00:00,2026-05-24T00:00:00,2026-05-24T00:00:00,0.902
4000,SP04,000000000010000542,010,ERSA,MECH-PUMP,VB,72.000,46301.76,2026-06-15T00:00:00,2026-08-27T00:00:00,2026-08-27T00:00:00,2026-08-27T00:00:00,11.943
4000,SP04,000000000030000113,002,HIBE,ELEC-CTRL,PD,2.000,227763.72,2025-11-19T00:00:00,2026-01-06T00:00:00,2026-01-06T00:00:00,2026-01-06T00:00:00,0.000
3000,SP03,000000000030000114,007,ERSA,CONV-COMP,PD,6.000,264327.66,2026-08-12T00:00:00,2026-08-14T00:00:00,2026-08-14T00:00:00,2026-08-14T00:00:00,0.000
3000,SP03,000000000010000543,009,ERSA,ELEC-CTRL,VB,6.000,3411491.76,2026-06-03T00:00:00,2026-04-07T00:00:00,2026-04-07T00:00:00,2026-06-03T00:00:00,1.904
4000,SP04,000000000080000117,008,ERSA,ELEC-MOTR,VB,3.000,472002.48,2026-04-14T00:00:00,2026-07-29T00:00:00,2026-07-29T00:00:00,2026-07-29T00:00:00,1.785
1000,SP01,000000000010000544,001,ERSA,MECH-SEAL,VB,0.000,0.00,,2024-10-15T00:00:00,2024-10-15T00:00:00,2024-10-15T00:00:00,6.733
3000,SP03,000000000010000544,005,ERSA,MECH-SEAL,VB,0.000,0.00,,2024-09-26T00:00:00,2024-09-26T00:00:00,2024-09-26T00:00:00,6.348
3000,SP03,000000000030000115,004,ERSA,MILL-LINR,PD,4.000,21199.84,2026-06-11T00:00:00,2026-06-16T00:00:00,2026-06-16T00:00:00,2026-06-16T00:00:00,0.000
1000,SP01,000000000030000116,007,ERSA,MECH-SEAL,ND,3.000,47697.93,2026-08-20T00:00:00,2026-09-07T00:00:00,2026-09-07T00:00:00,2026-09-07T00:00:00,0.000
4000,SP04,000000000010000545,004,ERSA,MECH-SEAL,VB,0.000,0.00,,2024-09-08T00:00:00,2024-09-08T00:00:00,2024-09-08T00:00:00,2.367
4000,SP04,000000000010000546,009,ERSA,MECH-BRG,VB,261.000,4243463.28,2026-08-29T00:00:00,2026-08-21T00:00:00,2026-08-21T00:00:00,2026-08-29T00:00:00,50.243
3000,SP03,000000000010000546,005,ERSA,MECH-BRG,VB,12.000,195101.76,2026-01-19T00:00:00,2026-08-18T00:00:00,2026-08-18T00:00:00,2026-08-18T00:00:00,14.085
2000,SP02,000000000010000547,007,ERSA,MECH-PUMP,VB,2.000,10350.84,2026-08-14T00:00:00,2026-07-13T00:00:00,2026-07-13T00:00:00,2026-08-14T00:00:00,0.915
4000,SP04,000000000010000548,009,ERSA,MECH-SEAL,VB,6.000,464523.66,2026-06-14T00:00:00,2026-06-05T00:00:00,2026-06-05T00:00:00,2026-06-14T00:00:00,3.694
3000,SP03,000000000080000118,005,ERSA,ELEC-CTRL,VB,6.000,2371440.72,2026-04-15T00:00:00,2026-08-06T00:00:00,2026-08-06T00:00:00,2026-08-06T00:00:00,6.192
4000,SP04,000000000010000549,001,HIBE,MECH-BRG,VB,5.000,574427.95,2025-08-23T00:00:00,2026-07-23T00:00:00,2026-07-23T00:00:00,2026-07-23T00:00:00,3.046
1000,SP01,000000000010000550,005,ERSA,MECH-PUMP,VB,9.000,270945.90,,2026-08-17T00:00:00,2026-08-17T00:00:00,2026-08-17T00:00:00,2.565
4000,SP04,000000000030000117,002,ERSA,HYDR-ASSY,PD,1.000,105699.72,2026-07-27T00:00:00,,,2026-07-27T00:00:00,0.000
1000,SP01,000000000010000551,004,ERSA,MECH-PUMP,VB,0.000,0.00,2025-02-26T00:00:00,2026-05-23T00:00:00,2026-05-23T00:00:00,2026-05-23T00:00:00,2.002
1000,SP01,000000000010000552,003,ERSA,MECH-PUMP,VB,2.000,153535.54,2026-05-31T00:00:00,2026-07-31T00:00:00,2026-07-31T00:00:00,2026-07-31T00:00:00,1.386
1000,SP01,000000000010000553,006,ERSA,CONV-COMP,VB,4.000,1199901.72,2026-01-16T00:00:00,2025-11-12T00:00:00,2025-11-12T00:00:00,2026-01-16T00:00:00,0.884
4000,SP04,000000000030000118,006,ERSA,ELEC-CTRL,PD,1.000,59293.56,2026-01-14T00:00:00,2026-03-13T00:00:00,2026-03-13T00:00:00,2026-03-13T00:00:00,0.000
4000,SP04,000000000010000554,009,ERSA,ELEC-MOTR,VB,0.000,0.00,,2025-02-19T00:00:00,2025-02-19T00:00:00,2025-02-19T00:00:00,0.000
3000,SP03,000000000030000119,001,ERSA,HYDR-ASSY,ND,4.000,144285.24,2026-05-30T00:00:00,2026-04-14T00:00:00,2026-04-14T00:00:00,2026-05-30T00:00:00,0.000
3000,SP03,000000000030000120,008,ERSA,MECH-PUMP,ND,6.000,914953.92,2026-05-12T00:00:00,2026-01-13T00:00:00,2026-01-13T00:00:00,2026-05-12T00:00:00,0.000
1000,SP01,000000000010000555,001,ERSA,ELEC-MOTR,VB,0.000,0.00,,2023-06-17T00:00:00,2023-06-17T00:00:00,2023-06-17T00:00:00,0.000
3000,SP03,000000000010000556,001,ERSA,ELEC-MOTR,VB,0.000,0.00,,2022-10-24T00:00:00,2022-10-24T00:00:00,2022-10-24T00:00:00,0.000
2000,SP02,000000000010000556,005,ERSA,ELEC-MOTR,VB,0.000,0.00,,2025-02-04T00:00:00,2025-02-04T00:00:00,2025-02-04T00:00:00,0.000
4000,SP04,000000000080000119,004,ERSA,MECH-SEAL,VB,3.000,531954.06,2026-04-15T00:00:00,2026-02-25T00:00:00,2026-02-25T00:00:00,2026-04-15T00:00:00,0.598
3000,SP03,000000000010000557,005,ERSA,MECH-PUMP,VB,0.000,0.00,,2024-10-20T00:00:00,2024-10-20T00:00:00,2024-10-20T00:00:00,7.661
4000,SP04,000000000010000557,001,ERSA,MECH-PUMP,VB,0.000,0.00,,2024-10-04T00:00:00,2024-10-04T00:00:00,2024-10-04T00:00:00,4.894
3000,SP03,000000000030000121,007,HIBE,MECH-BRG,ND,0.000,0.00,,,,,0.000
2000,SP02,000000000010000558,008,ERSA,MECH-PUMP,VB,0.000,0.00,,2022-12-14T00:00:00,2022-12-14T00:00:00,2022-12-14T00:00:00,0.000
2000,SP02,000000000010000559,008,ERSA,MECH-PUMP,VB,0.000,0.00,,2024-10-01T00:00:00,2024-10-01T00:00:00,2024-10-01T00:00:00,4.072
1000,SP01,000000000080000120,008,ERSA,ELEC-CTRL,VB,0.000,0.00,2026-07-14T00:00:00,2026-08-05T00:00:00,2026-08-05T00:00:00,2026-08-05T00:00:00,1.537
3000,SP03,000000000030000122,008,ERSA,ELEC-CTRL,ND,0.000,0.00,2026-02-14T00:00:00,2026-03-14T00:00:00,2026-03-14T00:00:00,2026-03-14T00:00:00,0.000
3000,SP03,000000000080000121,009,ERSA,ELEC-MOTR,VB,1.000,47932.18,2026-06-10T00:00:00,2026-08-05T00:00:00,2026-08-05T00:00:00,2026-08-05T00:00:00,3.466
2000,SP02,000000000010000560,005,ERSA,ELEC-MOTR,VB,165.000,740495.25,2026-06-29T00:00:00,2026-08-08T00:00:00,2026-08-08T00:00:00,2026-08-08T00:00:00,18.398
2000,SP02,000000000080000122,007,ERSA,ELEC-CTRL,VB,5.000,671545.00,2026-07-04T00:00:00,2026-07-19T00:00:00,2026-07-19T00:00:00,2026-07-19T00:00:00,1.694
3000,SP03,000000000080000122,005,ERSA,ELEC-CTRL,VB,3.000,402927.00,2026-08-07T00:00:00,2026-07-19T00:00:00,2026-07-19T00:00:00,2026-08-07T00:00:00,1.049
4000,SP04,000000000010000561,004,ERSA,MECH-GBOX,VB,3.000,221471.10,2026-08-12T00:00:00,2026-06-17T00:00:00,2026-06-17T00:00:00,2026-08-12T00:00:00,1.532
2000,SP02,000000000090000031,003,ERSA,CONV-COMP,ND,6.000,275622.60,,2023-02-02T00:00:00,2023-02-02T00:00:00,2023-02-02T00:00:00,0.000
1000,SP01,000000000030000123,006,HIBE,MECH-PUMP,ND,0.000,0.00,2026-04-27T00:00:00,2026-05-15T00:00:00,2026-05-15T00:00:00,2026-05-15T00:00:00,0.000
4000,SP04,000000000030000123,002,HIBE,MECH-PUMP,ND,2.000,203724.26,2026-04-10T00:00:00,2026-04-26T00:00:00,2026-04-26T00:00:00,2026-04-26T00:00:00,0.000
4000,SP04,000000000010000562,003,ERSA,ELEC-CTRL,VB,2.000,297784.88,2026-07-03T00:00:00,2026-05-21T00:00:00,2026-05-21T00:00:00,2026-07-03T00:00:00,0.954
2000,SP02,000000000010000562,007,ERSA,ELEC-CTRL,VB,0.000,0.00,2025-08-12T00:00:00,2026-09-06T00:00:00,2026-09-06T00:00:00,2026-09-06T00:00:00,0.601
2000,SP02,000000000080000123,004,HIBE,MECH-BRG,VB,1.000,52203.66,2025-05-09T00:00:00,2026-07-03T00:00:00,2026-07-03T00:00:00,2026-07-03T00:00:00,1.023
3000,SP03,000000000030000124,009,ERSA,CONV-COMP,PD,2.000,192905.92,2026-03-19T00:00:00,2026-05-08T00:00:00,2026-05-08T00:00:00,2026-05-08T00:00:00,0.000
3000,SP03,000000000010000563,001,ERSA,ELEC-CTRL,VB,12.000,174514.44,2026-04-26T00:00:00,2026-09-05T00:00:00,2026-09-05T00:00:00,2026-09-05T00:00:00,21.760
2000,SP02,000000000080000124,001,ERSA,MECH-SEAL,VB,11.000,2229447.88,2026-06-06T00:00:00,2026-08-04T00:00:00,2026-08-04T00:00:00,2026-08-04T00:00:00,5.625
2000,SP02,000000000080000125,003,ERSA,MECH-GBOX,VB,5.000,2190009.75,2026-03-24T00:00:00,2026-05-09T00:00:00,2026-05-09T00:00:00,2026-05-09T00:00:00,2.410
1000,SP01,000000000010000564,004,ERSA,MILL-LINR,VB,8.000,1964246.56,2026-07-22T00:00:00,2026-06-09T00:00:00,2026-06-09T00:00:00,2026-07-22T00:00:00,2.653
3000,SP03,000000000010000565,005,HIBE,ELEC-CTRL,VB,16.000,1982756.64,2026-06-11T00:00:00,2026-08-29T00:00:00,2026-08-29T00:00:00,2026-08-29T00:00:00,6.188
1000,SP01,000000000080000126,002,ERSA,INST-XMTR,VB,0.000,0.00,2026-01-18T00:00:00,2026-06-14T00:00:00,2026-06-14T00:00:00,2026-06-14T00:00:00,1.496
4000,SP04,000000000080000127,004,ERSA,INST-XMTR,VB,2.000,657760.34,2026-06-22T00:00:00,2026-08-30T00:00:00,2026-08-30T00:00:00,2026-08-30T00:00:00,3.373
1000,SP01,000000000010000566,010,ERSA,ELEC-MOTR,VB,4.000,252945.24,2026-07-02T00:00:00,2026-07-04T00:00:00,2026-07-04T00:00:00,2026-07-04T00:00:00,1.752
2000,SP02,000000000080000128,001,ERSA,CONV-COMP,VB,3.000,1098061.05,2026-08-09T00:00:00,2026-06-14T00:00:00,2026-06-14T00:00:00,2026-08-09T00:00:00,1.910
3000,SP03,000000000010000567,001,ERSA,INST-XMTR,VB,4.000,598268.56,2026-02-02T00:00:00,2025-11-26T00:00:00,2025-11-26T00:00:00,2026-02-02T00:00:00,0.439
3000,SP03,000000000010000568,010,ERSA,MECH-BRG,VB,14.000,1322505.10,2026-06-04T00:00:00,2026-04-26T00:00:00,2026-04-26T00:00:00,2026-06-04T00:00:00,1.645
1000,SP01,000000000010000568,009,ERSA,MECH-BRG,VB,12.000,1133575.80,2025-08-13T00:00:00,2026-06-28T00:00:00,2026-06-28T00:00:00,2026-06-28T00:00:00,6.409
2000,SP02,000000000080000129,005,ERSA,ELEC-MOTR,VB,0.000,0.00,2025-10-26T00:00:00,2026-09-07T00:00:00,2026-09-07T00:00:00,2026-09-07T00:00:00,0.395
4000,SP04,000000000010000569,001,ERSA,MILL-LINR,VB,26.000,337840.62,2026-09-02T00:00:00,2026-08-14T00:00:00,2026-08-14T00:00:00,2026-09-02T00:00:00,8.785
2000,SP02,000000000010000569,008,ERSA,MILL-LINR,VB,89.000,1156454.43,2026-08-03T00:00:00,2026-09-05T00:00:00,2026-09-05T00:00:00,2026-09-05T00:00:00,14.238
2000,SP02,000000000010000570,008,ERSA,MECH-PUMP,VB,2.000,844378.84,2026-07-05T00:00:00,2026-07-12T00:00:00,2026-07-12T00:00:00,2026-07-12T00:00:00,1.177
4000,SP04,000000000010000571,002,ERSA,MECH-GBOX,VB,4.000,177963.24,2025-12-30T00:00:00,2026-04-28T00:00:00,2026-04-28T00:00:00,2026-04-28T00:00:00,2.355
2000,SP02,000000000010000571,005,ERSA,MECH-GBOX,VB,3.000,133472.43,2026-08-02T00:00:00,2026-08-20T00:00:00,2026-08-20T00:00:00,2026-08-20T00:00:00,0.657
1000,SP01,000000000010000572,005,ERSA,MECH-SEAL,VB,194.000,1507085.12,2026-09-05T00:00:00,2026-08-21T00:00:00,2026-08-21T00:00:00,2026-09-05T00:00:00,8.530
3000,SP03,000000000010000573,010,HIBE,CONV-COMP,VB,3.000,1288566.54,2026-06-07T00:00:00,2026-05-24T00:00:00,2026-05-24T00:00:00,2026-06-07T00:00:00,1.791
1000,SP01,000000000010000574,008,ERSA,ELEC-MOTR,VB,1.000,21933.82,2025-09-09T00:00:00,2026-08-04T00:00:00,2026-08-04T00:00:00,2026-08-04T00:00:00,3.321
2000,SP02,000000000010000575,006,ERSA,MECH-BRG,VB,10.000,923490.80,2026-09-07T00:00:00,2026-08-26T00:00:00,2026-08-26T00:00:00,2026-09-07T00:00:00,2.820
4000,SP04,000000000010000575,005,ERSA,MECH-BRG,VB,28.000,2585774.24,2026-08-17T00:00:00,2026-08-25T00:00:00,2026-08-25T00:00:00,2026-08-25T00:00:00,7.659
4000,SP04,000000000010000576,002,ERSA,MECH-PUMP,VB,0.000,0.00,2026-01-21T00:00:00,2026-09-07T00:00:00,2026-09-07T00:00:00,2026-09-07T00:00:00,0.421
3000,SP03,000000000030000125,004,ERSA,MECH-PUMP,PD,4.000,539171.24,2026-09-01T00:00:00,,,2026-09-01T00:00:00,0.000
1000,SP01,000000000030000125,007,ERSA,MECH-PUMP,PD,3.000,404378.43,2026-01-08T00:00:00,,,2026-01-08T00:00:00,0.000
3000,SP03,000000000010000577,002,ERSA,MECH-BRG,VB,4.000,112254.60,2025-12-09T00:00:00,2026-08-18T00:00:00,2026-08-18T00:00:00,2026-08-18T00:00:00,2.451
1000,SP01,000000000080000130,004,ERSA,ELEC-CTRL,VB,3.000,928541.22,2026-08-09T00:00:00,2026-08-12T00:00:00,2026-08-12T00:00:00,2026-08-12T00:00:00,1.146
1000,SP01,000000000010000578,001,ERSA,MECH-SEAL,VB,0.000,0.00,,2025-04-21T00:00:00,2025-04-21T00:00:00,2025-04-21T00:00:00,0.000
2000,SP02,000000000010000579,004,ERSA,ELEC-CTRL,VB,14.000,2055717.30,,2026-05-26T00:00:00,2026-05-26T00:00:00,2026-05-26T00:00:00,3.144
1000,SP01,000000000010000580,004,ERSA,CONV-COMP,VB,213.000,65863514.94,2026-04-16T00:00:00,2026-08-24T00:00:00,2026-08-24T00:00:00,2026-08-24T00:00:00,13.410
1000,SP01,000000000030000126,007,ERSA,HYDR-ASSY,ND,0.000,0.00,2026-03-30T00:00:00,2026-05-11T00:00:00,2026-05-11T00:00:00,2026-05-11T00:00:00,0.000
1000,SP01,000000000010000581,005,HIBE,MILL-LINR,VB,10.000,7116817.10,2026-05-20T00:00:00,2026-08-11T00:00:00,2026-08-11T00:00:00,2026-08-11T00:00:00,4.735
1000,SP01,000000000010000582,002,HIBE,MECH-PUMP,VB,204.000,83574726.12,2026-07-13T00:00:00,2026-08-21T00:00:00,2026-08-21T00:00:00,2026-08-21T00:00:00,29.483
2000,SP02,000000000010000583,004,ERSA,MECH-GBOX,VB,0.000,0.00,2025-12-05T00:00:00,2026-08-04T00:00:00,2026-08-04T00:00:00,2026-08-04T00:00:00,1.183
4000,SP04,000000000010000584,007,ERSA,MECH-GBOX,VB,3.000,32842.74,2026-05-15T00:00:00,2026-08-10T00:00:00,2026-08-10T00:00:00,2026-08-10T00:00:00,2.665
3000,SP03,000000000010000584,005,ERSA,MECH-GBOX,VB,4.000,43790.32,2026-02-28T00:00:00,2026-08-17T00:00:00,2026-08-17T00:00:00,2026-08-17T00:00:00,3.265
2000,SP02,000000000010000585,004,ERSA,HYDR-ASSY,VB,234.000,2487111.12,2026-07-28T00:00:00,2026-08-01T00:00:00,2026-08-01T00:00:00,2026-08-01T00:00:00,20.539
4000,SP04,000000000010000585,003,ERSA,HYDR-ASSY,VB,99.000,1052239.32,2026-05-26T00:00:00,2026-08-28T00:00:00,2026-08-28T00:00:00,2026-08-28T00:00:00,16.850
3000,SP03,000000000010000586,008,ERSA,MECH-BRG,VB,4.000,244137.08,2026-08-28T00:00:00,2026-07-11T00:00:00,2026-07-11T00:00:00,2026-08-28T00:00:00,1.303
1000,SP01,000000000010000586,004,ERSA,MECH-BRG,VB,6.000,366205.62,2026-02-16T00:00:00,2026-08-19T00:00:00,2026-08-19T00:00:00,2026-08-19T00:00:00,3.242
2000,SP02,000000000030000127,004,ERSA,MECH-BRG,PD,3.000,380553.27,2026-04-24T00:00:00,,,2026-04-24T00:00:00,0.000
4000,SP04,000000000080000131,008,ERSA,MECH-BRG,VB,5.000,1647379.35,2026-06-17T00:00:00,2026-08-11T00:00:00,2026-08-11T00:00:00,2026-08-11T00:00:00,3.855
3000,SP03,000000000080000131,004,ERSA,MECH-BRG,VB,6.000,1976855.22,2025-10-28T00:00:00,2026-08-20T00:00:00,2026-08-20T00:00:00,2026-08-20T00:00:00,4.443
3000,SP03,000000000010000587,004,ERSA,MECH-BRG,VB,0.000,0.00,,2024-10-07T00:00:00,2024-10-07T00:00:00,2024-10-07T00:00:00,3.794
4000,SP04,000000000010000587,006,ERSA,MECH-BRG,VB,0.000,0.00,,2024-09-18T00:00:00,2024-09-18T00:00:00,2024-09-18T00:00:00,2.013
3000,SP03,000000000090000032,008,ERSA,ELEC-CTRL,ND,8.000,1374863.76,,2023-12-01T00:00:00,2023-12-01T00:00:00,2023-12-01T00:00:00,0.000
2000,SP02,000000000090000032,004,ERSA,ELEC-CTRL,ND,32.000,5499455.04,,2023-03-12T00:00:00,2023-03-12T00:00:00,2023-03-12T00:00:00,0.000
3000,SP03,000000000010000588,009,ERSA,HYDR-ASSY,VB,0.000,0.00,,2024-12-06T00:00:00,2024-12-06T00:00:00,2024-12-06T00:00:00,0.000
3000,SP03,000000000080000132,003,ERSA,MECH-BRG,VB,9.000,3524862.87,2026-08-25T00:00:00,2026-08-03T00:00:00,2026-08-03T00:00:00,2026-08-25T00:00:00,2.648
2000,SP02,000000000080000132,008,ERSA,MECH-BRG,VB,5.000,1958257.15,2026-07-28T00:00:00,2026-06-14T00:00:00,2026-06-14T00:00:00,2026-07-28T00:00:00,1.516
1000,SP01,000000000010000589,010,ERSA,MECH-BRG,VB,70.000,176289.40,2026-09-07T00:00:00,2026-07-17T00:00:00,2026-07-17T00:00:00,2026-09-07T00:00:00,2.513
3000,SP03,000000000010000590,006,ERSA,ELEC-MOTR,VB,73.000,183826.41,2026-08-18T00:00:00,2026-08-01T00:00:00,2026-08-01T00:00:00,2026-08-18T00:00:00,10.478
4000,SP04,000000000030000128,007,ERSA,ELEC-MOTR,VB,10.000,1415918.20,2026-05-04T00:00:00,2026-04-27T00:00:00,2026-04-27T00:00:00,2026-05-04T00:00:00,5.581
3000,SP03,000000000030000128,009,ERSA,ELEC-MOTR,ND,3.000,424775.46,2026-07-11T00:00:00,2026-08-19T00:00:00,2026-08-19T00:00:00,2026-08-19T00:00:00,0.000
2000,SP02,000000000030000129,006,HIBE,MECH-PUMP,ND,2.000,312572.30,2026-08-12T00:00:00,2026-09-07T00:00:00,2026-09-07T00:00:00,2026-09-07T00:00:00,0.000
2000,SP02,000000000010000591,010,ERSA,ELEC-CTRL,VB,0.000,0.00,,2025-04-27T00:00:00,2025-04-27T00:00:00,2025-04-27T00:00:00,2.228
1000,SP01,000000000010000591,009,ERSA,ELEC-CTRL,VB,0.000,0.00,,2024-09-15T00:00:00,2024-09-15T00:00:00,2024-09-15T00:00:00,6.080
1000,SP01,000000000010000592,010,HIBE,ELEC-CTRL,VB,3.000,138376.20,2026-07-18T00:00:00,2026-07-03T00:00:00,2026-07-03T00:00:00,2026-07-18T00:00:00,0.313
4000,SP04,000000000080000133,008,HIBE,MECH-BRG,VB,4.000,483754.28,2026-02-18T00:00:00,2026-01-08T00:00:00,2026-01-08T00:00:00,2026-02-18T00:00:00,1.772
2000,SP02,000000000010000593,008,ERSA,MECH-BRG,VB,2.000,330810.34,2026-04-25T00:00:00,2026-08-23T00:00:00,2026-08-23T00:00:00,2026-08-23T00:00:00,0.892
2000,SP02,000000000010000594,008,HIBE,MECH-PUMP,VB,25.000,12275964.25,2026-05-21T00:00:00,2026-08-26T00:00:00,2026-08-26T00:00:00,2026-08-26T00:00:00,12.468
4000,SP04,000000000030000130,001,ERSA,MECH-PUMP,ND,1.000,152084.44,2026-08-07T00:00:00,2026-05-05T00:00:00,2026-05-05T00:00:00,2026-08-07T00:00:00,0.000
2000,SP02,000000000030000130,007,ERSA,MECH-PUMP,PD,3.000,456253.32,2026-03-14T00:00:00,,,2026-03-14T00:00:00,0.000
3000,SP03,000000000030000131,003,ERSA,MECH-PUMP,PD,1.000,89502.42,2025-12-17T00:00:00,2026-01-15T00:00:00,2026-01-15T00:00:00,2026-01-15T00:00:00,0.000
3000,SP03,000000000010000595,004,ERSA,ELEC-MOTR,VB,0.000,0.00,,2022-10-09T00:00:00,2022-10-09T00:00:00,2022-10-09T00:00:00,0.000
2000,SP02,000000000010000596,010,ERSA,MILL-LINR,VB,17.000,1740461.19,2026-06-20T00:00:00,2026-02-24T00:00:00,2026-02-24T00:00:00,2026-06-20T00:00:00,7.374
1000,SP01,000000000030000132,002,ERSA,HYDR-ASSY,VB,17.000,2817359.17,2026-08-02T00:00:00,2026-06-30T00:00:00,2026-06-30T00:00:00,2026-08-02T00:00:00,9.597
3000,SP03,000000000030000132,006,ERSA,HYDR-ASSY,ND,6.000,994362.06,2026-08-26T00:00:00,,,2026-08-26T00:00:00,0.000
1000,SP01,000000000010000597,003,ERSA,MECH-SEAL,VB,0.000,0.00,,2024-12-07T00:00:00,2024-12-07T00:00:00,2024-12-07T00:00:00,0.000
4000,SP04,000000000010000597,001,ERSA,MECH-SEAL,VB,0.000,0.00,,2025-01-19T00:00:00,2025-01-19T00:00:00,2025-01-19T00:00:00,0.000
4000,SP04,000000000030000133,005,ERSA,MILL-LINR,ND,2.000,1284559.86,2026-02-07T00:00:00,,,2026-02-07T00:00:00,0.000
3000,SP03,000000000080000134,007,HIBE,MECH-SEAL,VB,14.000,4465802.88,2026-08-12T00:00:00,2026-07-17T00:00:00,2026-07-17T00:00:00,2026-08-12T00:00:00,6.258
4000,SP04,000000000010000598,008,HIBE,MECH-PUMP,VB,24.000,2461263.36,2026-01-04T00:00:00,2026-08-26T00:00:00,2026-08-26T00:00:00,2026-08-26T00:00:00,5.804
3000,SP03,000000000090000033,004,ERSA,ELEC-MOTR,ND,27.000,3744186.93,,2025-04-05T00:00:00,2025-04-05T00:00:00,2025-04-05T00:00:00,0.000
2000,SP02,000000000030000134,002,ERSA,MECH-PUMP,ND,0.000,0.00,2026-06-24T00:00:00,2026-07-02T00:00:00,2026-07-02T00:00:00,2026-07-02T00:00:00,0.000
2000,SP02,000000000010000599,003,ERSA,MECH-SEAL,VB,68.000,659402.12,2026-07-25T00:00:00,2026-08-26T00:00:00,2026-08-26T00:00:00,2026-08-26T00:00:00,15.113
2000,SP02,000000000010000600,007,ERSA,MECH-BRG,VB,189.000,1406307.42,2026-07-28T00:00:00,2026-09-07T00:00:00,2026-09-07T00:00:00,2026-09-07T00:00:00,18.226
3000,SP03,000000000080000135,009,ERSA,MILL-LINR,VB,10.000,2338054.90,2026-03-09T00:00:00,2026-07-22T00:00:00,2026-07-22T00:00:00,2026-07-22T00:00:00,2.532
4000,SP04,000000000080000135,004,ERSA,MILL-LINR,VB,22.000,5143720.78,2026-09-02T00:00:00,2026-08-01T00:00:00,2026-08-01T00:00:00,2026-09-02T00:00:00,11.171
1000,SP01,000000000080000136,008,ERSA,MECH-PUMP,VB,5.000,1345158.00,2026-06-21T00:00:00,2026-06-29T00:00:00,2026-06-29T00:00:00,2026-06-29T00:00:00,2.793
4000,SP04,000000000080000136,004,ERSA,MECH-PUMP,VB,7.000,1883221.20,2026-09-05T00:00:00,2026-09-07T00:00:00,2026-09-07T00:00:00,2026-09-07T00:00:00,2.037
2000,SP02,000000000010000601,004,ERSA,MECH-GBOX,VB,3.000,81940.80,2026-04-23T00:00:00,2026-09-06T00:00:00,2026-09-06T00:00:00,2026-09-06T00:00:00,1.793
4000,SP04,000000000010000602,004,ERSA,CONV-COMP,VB,97.000,2124939.23,2026-04-22T00:00:00,2026-08-02T00:00:00,2026-08-02T00:00:00,2026-08-02T00:00:00,19.041
2000,SP02,000000000010000602,002,ERSA,CONV-COMP,VB,38.000,832450.42,2026-08-24T00:00:00,2026-06-14T00:00:00,2026-06-14T00:00:00,2026-08-24T00:00:00,6.166
2000,SP02,000000000010000603,006,ERSA,MECH-BRG,VB,2.000,1169190.86,2026-08-29T00:00:00,2026-05-20T00:00:00,2026-05-20T00:00:00,2026-08-29T00:00:00,0.813
4000,SP04,000000000010000603,010,ERSA,MECH-BRG,VB,1.000,584595.43,,2026-07-08T00:00:00,2026-07-08T00:00:00,2026-07-08T00:00:00,0.856
4000,SP04,000000000010000604,003,ERSA,ELEC-MOTR,VB,0.000,0.00,,2024-12-30T00:00:00,2024-12-30T00:00:00,2024-12-30T00:00:00,0.000
4000,SP04,000000000010000605,001,ERSA,CONV-COMP,VB,0.000,0.00,,2025-04-04T00:00:00,2025-04-04T00:00:00,2025-04-04T00:00:00,2.649
2000,SP02,000000000010000605,002,ERSA,CONV-COMP,VB,0.000,0.00,,2024-11-29T00:00:00,2024-11-29T00:00:00,2024-11-29T00:00:00,6.075
4000,SP04,000000000010000606,008,HIBE,ELEC-MOTR,VB,0.000,0.00,,2022-10-13T00:00:00,2022-10-13T00:00:00,2022-10-13T00:00:00,0.000
1000,SP01,000000000010000607,001,HIBE,INST-XMTR,VB,1.000,16958.80,,2026-08-07T00:00:00,2026-08-07T00:00:00,2026-08-07T00:00:00,1.008
2000,SP02,000000000080000137,002,ERSA,MECH-PUMP,VB,7.000,646883.09,2026-07-04T00:00:00,2026-08-26T00:00:00,2026-08-26T00:00:00,2026-08-26T00:00:00,5.220
1000,SP01,000000000080000138,002,ERSA,MILL-LINR,VB,2.000,882679.98,2025-04-12T00:00:00,2026-08-11T00:00:00,2026-08-11T00:00:00,2026-08-11T00:00:00,2.644
2000,SP02,000000000080000139,004,ERSA,MILL-LINR,VB,0.000,0.00,2025-02-11T00:00:00,2026-07-28T00:00:00,2026-07-28T00:00:00,2026-07-28T00:00:00,2.846
1000,SP01,000000000080000139,005,ERSA,MILL-LINR,VB,16.000,3623388.80,2026-06-01T00:00:00,2026-07-13T00:00:00,2026-07-13T00:00:00,2026-07-13T00:00:00,10.274
4000,SP04,000000000030000135,002,ERSA,INST-XMTR,ND,0.000,0.00,2026-05-15T00:00:00,2026-07-01T00:00:00,2026-07-01T00:00:00,2026-07-01T00:00:00,0.000
1000,SP01,000000000010000608,007,ERSA,HYDR-ASSY,VB,16.000,6060717.28,2026-05-20T00:00:00,2026-05-04T00:00:00,2026-05-04T00:00:00,2026-05-20T00:00:00,4.795
1000,SP01,000000000010000609,008,HIBE,MECH-SEAL,VB,0.000,0.00,,2024-04-08T00:00:00,2024-04-08T00:00:00,2024-04-08T00:00:00,0.000
2000,SP02,000000000010000609,001,HIBE,MECH-SEAL,VB,0.000,0.00,,2022-08-29T00:00:00,2022-08-29T00:00:00,2022-08-29T00:00:00,0.000
4000,SP04,000000000080000140,001,HIBE,INST-XMTR,VB,0.000,0.00,2026-07-06T00:00:00,2026-09-04T00:00:00,2026-09-04T00:00:00,2026-09-04T00:00:00,0.818
4000,SP04,000000000010000610,005,ERSA,MILL-LINR,VB,7.000,146291.39,2026-07-31T00:00:00,2026-04-06T00:00:00,2026-04-06T00:00:00,2026-07-31T00:00:00,3.480
3000,SP03,000000000030000136,007,ERSA,ELEC-CTRL,PD,4.000,1131378.20,2026-04-23T00:00:00,2026-01-19T00:00:00,2026-01-19T00:00:00,2026-04-23T00:00:00,0.000
1000,SP01,000000000080000141,010,ERSA,MECH-BRG,VB,2.000,788921.90,2026-03-03T00:00:00,2026-05-27T00:00:00,2026-05-27T00:00:00,2026-05-27T00:00:00,1.329
4000,SP04,000000000010000611,009,ERSA,MECH-SEAL,VB,10.000,1643211.80,2026-03-19T00:00:00,2026-09-07T00:00:00,2026-09-07T00:00:00,2026-09-07T00:00:00,6.533
4000,SP04,000000000010000612,002,HIBE,MILL-LINR,VB,27.000,292016.07,2026-08-16T00:00:00,2026-06-07T00:00:00,2026-06-07T00:00:00,2026-08-16T00:00:00,11.202
1000,SP01,000000000010000612,001,HIBE,MILL-LINR,VB,11.000,118969.51,2026-08-21T00:00:00,2026-09-06T00:00:00,2026-09-06T00:00:00,2026-09-06T00:00:00,4.280
3000,SP03,000000000080000142,009,ERSA,MECH-SEAL,VB,6.000,476260.68,2026-07-25T00:00:00,2026-06-19T00:00:00,2026-06-19T00:00:00,2026-07-25T00:00:00,2.081
3000,SP03,000000000030000137,007,ERSA,ELEC-CTRL,PD,0.000,0.00,,,,,0.000
3000,SP03,000000000010000613,002,ERSA,CONV-COMP,VB,6.000,398246.16,2026-01-23T00:00:00,2026-05-21T00:00:00,2026-05-21T00:00:00,2026-05-21T00:00:00,3.313
2000,SP02,000000000010000614,005,ERSA,MECH-SEAL,VB,8.000,168044.88,2026-02-23T00:00:00,2026-07-21T00:00:00,2026-07-21T00:00:00,2026-07-21T00:00:00,3.756
3000,SP03,000000000010000615,002,ERSA,ELEC-MOTR,VB,1.000,86586.12,2026-05-05T00:00:00,2026-09-06T00:00:00,2026-09-06T00:00:00,2026-09-06T00:00:00,2.447
3000,SP03,000000000090000034,002,HIBE,ELEC-CTRL,ND,27.000,2091000.96,,2022-10-01T00:00:00,2022-10-01T00:00:00,2022-10-01T00:00:00,0.000
1000,SP01,000000000090000034,008,HIBE,ELEC-CTRL,ND,22.000,1703778.56,,2023-06-29T00:00:00,2023-06-29T00:00:00,2023-06-29T00:00:00,0.000
2000,SP02,000000000080000143,003,ERSA,MECH-SEAL,VB,5.000,1352203.75,2026-08-31T00:00:00,2026-08-07T00:00:00,2026-08-07T00:00:00,2026-08-31T00:00:00,5.113
2000,SP02,000000000010000616,007,ERSA,MECH-PUMP,VB,18.000,1621437.66,2026-09-03T00:00:00,2026-08-27T00:00:00,2026-08-27T00:00:00,2026-09-03T00:00:00,2.733
1000,SP01,000000000010000616,008,ERSA,MECH-PUMP,VB,9.000,810718.83,2026-05-11T00:00:00,2026-06-17T00:00:00,2026-06-17T00:00:00,2026-06-17T00:00:00,2.171
1000,SP01,000000000010000617,006,ERSA,MECH-PUMP,VB,2.000,742236.74,2025-10-28T00:00:00,2026-07-24T00:00:00,2026-07-24T00:00:00,2026-07-24T00:00:00,0.659
3000,SP03,000000000010000617,003,ERSA,MECH-PUMP,VB,10.000,3711183.70,2026-07-09T00:00:00,2026-08-21T00:00:00,2026-08-21T00:00:00,2026-08-21T00:00:00,3.229
2000,SP02,000000000080000144,009,ERSA,MECH-SEAL,VB,22.000,2622213.22,2026-05-25T00:00:00,2026-07-19T00:00:00,2026-07-19T00:00:00,2026-07-19T00:00:00,3.228
4000,SP04,000000000010000618,002,ERSA,MECH-PUMP,VB,9.000,703496.70,2026-02-11T00:00:00,2026-08-26T00:00:00,2026-08-26T00:00:00,2026-08-26T00:00:00,6.559
3000,SP03,000000000010000618,002,ERSA,MECH-PUMP,VB,4.000,312665.20,2025-06-24T00:00:00,2026-07-11T00:00:00,2026-07-11T00:00:00,2026-07-11T00:00:00,2.339
1000,SP01,000000000080000145,010,ERSA,MECH-GBOX,VB,16.000,1702541.28,2026-06-20T00:00:00,2026-08-05T00:00:00,2026-08-05T00:00:00,2026-08-05T00:00:00,9.758
4000,SP04,000000000030000138,003,ERSA,ELEC-MOTR,PD,2.000,24271.44,2026-08-14T00:00:00,,,2026-08-14T00:00:00,0.000
4000,SP04,000000000010000619,003,ERSA,MECH-PUMP,VB,0.000,0.00,,2025-03-20T00:00:00,2025-03-20T00:00:00,2025-03-20T00:00:00,8.996
1000,SP01,000000000010000620,006,ERSA,MECH-GBOX,VB,0.000,0.00,,2025-01-10T00:00:00,2025-01-10T00:00:00,2025-01-10T00:00:00,0.000
1000,SP01,000000000010000621,007,ERSA,INST-XMTR,VB,0.000,0.00,,2024-10-09T00:00:00,2024-10-09T00:00:00,2024-10-09T00:00:00,5.935
1000,SP01,000000000010000622,007,ERSA,MILL-LINR,VB,6.000,136754.28,2026-08-29T00:00:00,2026-07-05T00:00:00,2026-07-05T00:00:00,2026-08-29T00:00:00,1.188
4000,SP04,000000000010000623,010,ERSA,MECH-PUMP,VB,1.000,37681.80,2026-03-22T00:00:00,2026-04-23T00:00:00,2026-04-23T00:00:00,2026-04-23T00:00:00,0.619
2000,SP02,000000000010000624,004,ERSA,CONV-COMP,VB,16.000,21246.72,2026-01-21T00:00:00,2026-08-05T00:00:00,2026-08-05T00:00:00,2026-08-05T00:00:00,10.727
3000,SP03,000000000030000139,007,ERSA,MECH-SEAL,PD,1.000,39444.04,2026-08-24T00:00:00,,,2026-08-24T00:00:00,0.000
3000,SP03,000000000010000625,005,ERSA,MECH-BRG,VB,12.000,1288541.40,2026-05-25T00:00:00,2026-08-09T00:00:00,2026-08-09T00:00:00,2026-08-09T00:00:00,2.153
1000,SP01,000000000010000626,005,ERSA,ELEC-MOTR,VB,53.000,1096930.93,2026-08-26T00:00:00,2026-08-26T00:00:00,2026-08-26T00:00:00,2026-08-26T00:00:00,13.918
2000,SP02,000000000010000627,002,ERSA,MECH-PUMP,VB,5.000,708153.60,2026-06-10T00:00:00,2026-06-09T00:00:00,2026-06-09T00:00:00,2026-06-10T00:00:00,1.516
4000,SP04,000000000010000628,005,ERSA,MECH-SEAL,VB,0.000,0.00,,2024-10-18T00:00:00,2024-10-18T00:00:00,2024-10-18T00:00:00,4.663
2000,SP02,000000000090000035,005,ERSA,MILL-LINR,ND,16.000,2713189.44,,2025-01-26T00:00:00,2025-01-26T00:00:00,2025-01-26T00:00:00,0.000
1000,SP01,000000000010000629,010,ERSA,ELEC-MOTR,VB,33.000,3741570.03,2026-07-02T00:00:00,2026-04-24T00:00:00,2026-04-24T00:00:00,2026-07-02T00:00:00,15.360
4000,SP04,000000000010000629,006,ERSA,ELEC-MOTR,VB,4.000,453523.64,2025-03-13T00:00:00,2026-08-16T00:00:00,2026-08-16T00:00:00,2026-08-16T00:00:00,7.342
3000,SP03,000000000030000140,004,ERSA,MECH-BRG,ND,1.000,83002.55,2026-03-16T00:00:00,2026-02-02T00:00:00,2026-02-02T00:00:00,2026-03-16T00:00:00,0.000
1000,SP01,000000000010000630,010,ERSA,MILL-LINR,VB,0.000,0.00,,2024-09-14T00:00:00,2024-09-14T00:00:00,2024-09-14T00:00:00,8.487
1000,SP01,000000000010000631,009,ERSA,MECH-PUMP,VB,3.000,213832.53,2026-01-06T00:00:00,2026-09-06T00:00:00,2026-09-06T00:00:00,2026-09-06T00:00:00,4.414
1000,SP01,000000000080000146,003,ERSA,MILL-LINR,VB,13.000,1032865.73,2026-07-25T00:00:00,2026-08-21T00:00:00,2026-08-21T00:00:00,2026-08-21T00:00:00,9.821
3000,SP03,000000000080000146,010,ERSA,MILL-LINR,VB,23.000,1827377.83,2026-05-19T00:00:00,2026-06-13T00:00:00,2026-06-13T00:00:00,2026-06-13T00:00:00,14.964
3000,SP03,000000000030000141,010,ERSA,INST-XMTR,ND,1.000,84568.82,2026-02-14T00:00:00,2026-04-14T00:00:00,2026-04-14T00:00:00,2026-04-14T00:00:00,0.000
2000,SP02,000000000030000141,008,ERSA,INST-XMTR,ND,0.000,0.00,2026-01-04T00:00:00,2026-03-02T00:00:00,2026-03-02T00:00:00,2026-03-02T00:00:00,0.000
2000,SP02,000000000080000147,003,ERSA,ELEC-MOTR,VB,2.000,684842.88,2025-12-02T00:00:00,2026-07-14T00:00:00,2026-07-14T00:00:00,2026-07-14T00:00:00,1.650
3000,SP03,000000000090000036,007,HIBE,HYDR-ASSY,ND,24.000,3974475.36,,2023-12-06T00:00:00,2023-12-06T00:00:00,2023-12-06T00:00:00,0.000
2000,SP02,000000000090000036,007,HIBE,HYDR-ASSY,ND,19.000,3146459.66,,2024-02-14T00:00:00,2024-02-14T00:00:00,2024-02-14T00:00:00,0.000
4000,SP04,000000000080000148,004,ERSA,MECH-SEAL,VB,8.000,1168172.80,2026-08-01T00:00:00,2026-07-19T00:00:00,2026-07-19T00:00:00,2026-08-01T00:00:00,2.327
1000,SP01,000000000010000632,001,ERSA,MECH-GBOX,VB,0.000,0.00,,2025-04-20T00:00:00,2025-04-20T00:00:00,2025-04-20T00:00:00,0.000
1000,SP01,000000000010000633,003,ERSA,ELEC-CTRL,VB,1.000,53285.17,,,,,0.000
4000,SP04,000000000010000633,002,ERSA,ELEC-CTRL,VB,4.000,213140.68,,2025-10-28T00:00:00,2025-10-28T00:00:00,2025-10-28T00:00:00,0.674
1000,SP01,000000000030000142,005,ERSA,MECH-BRG,PD,3.000,136054.62,2026-07-05T00:00:00,2026-08-11T00:00:00,2026-08-11T00:00:00,2026-08-11T00:00:00,0.000
4000,SP04,000000000030000142,002,ERSA,MECH-BRG,VB,4.000,181406.16,2026-05-28T00:00:00,2026-03-03T00:00:00,2026-03-03T00:00:00,2026-05-28T00:00:00,0.907
2000,SP02,000000000080000149,003,ERSA,ELEC-CTRL,VB,2.000,433250.26,2026-05-29T00:00:00,2026-08-16T00:00:00,2026-08-16T00:00:00,2026-08-16T00:00:00,1.790
2000,SP02,000000000030000143,009,ERSA,CONV-COMP,ND,0.000,0.00,2026-03-07T00:00:00,2026-04-12T00:00:00,2026-04-12T00:00:00,2026-04-12T00:00:00,0.000
3000,SP03,000000000030000143,008,ERSA,CONV-COMP,PD,4.000,56654.92,2025-12-15T00:00:00,,,2025-12-15T00:00:00,0.000
1000,SP01,000000000010000634,008,ERSA,MECH-GBOX,VB,10.000,1777404.50,2026-08-10T00:00:00,2026-07-07T00:00:00,2026-07-07T00:00:00,2026-08-10T00:00:00,3.427
2000,SP02,000000000010000635,010,ERSA,CONV-COMP,VB,0.000,0.00,,2024-11-02T00:00:00,2024-11-02T00:00:00,2024-11-02T00:00:00,1.803
3000,SP03,000000000090000037,004,ERSA,MECH-GBOX,ND,21.000,1347158.40,,2025-01-14T00:00:00,2025-01-14T00:00:00,2025-01-14T00:00:00,0.000
3000,SP03,000000000030000144,007,ERSA,MILL-LINR,ND,5.000,669730.40,2026-05-04T00:00:00,,,2026-05-04T00:00:00,0.000
1000,SP01,000000000010000636,007,ERSA,HYDR-ASSY,VB,0.000,0.00,2026-02-10T00:00:00,2026-09-06T00:00:00,2026-09-06T00:00:00,2026-09-06T00:00:00,0.705
2000,SP02,000000000010000637,008,ERSA,ELEC-CTRL,VB,7.000,865255.44,2025-09-13T00:00:00,2025-10-30T00:00:00,2025-10-30T00:00:00,2025-10-30T00:00:00,2.921
1000,SP01,000000000010000638,002,HIBE,MILL-LINR,VB,127.000,1524454.66,2026-07-07T00:00:00,2026-08-21T00:00:00,2026-08-21T00:00:00,2026-08-21T00:00:00,22.301
4000,SP04,000000000010000638,007,HIBE,MILL-LINR,VB,295.000,3541056.10,2026-08-05T00:00:00,2026-09-01T00:00:00,2026-09-01T00:00:00,2026-09-01T00:00:00,42.442
1000,SP01,000000000010000639,010,HIBE,MECH-BRG,VB,14.000,1174003.32,2026-09-03T00:00:00,2026-07-25T00:00:00,2026-07-25T00:00:00,2026-09-03T00:00:00,3.661
4000,SP04,000000000010000640,004,ERSA,CONV-COMP,VB,14.000,1683775.80,2026-08-31T00:00:00,2026-06-03T00:00:00,2026-06-03T00:00:00,2026-08-31T00:00:00,2.809
2000,SP02,000000000010000641,005,ERSA,ELEC-CTRL,VB,8.000,5193502.88,2025-12-17T00:00:00,2026-07-02T00:00:00,2026-07-02T00:00:00,2026-07-02T00:00:00,1.987
4000,SP04,000000000080000150,002,HIBE,HYDR-ASSY,VB,8.000,3016481.44,2026-06-14T00:00:00,2026-08-26T00:00:00,2026-08-26T00:00:00,2026-08-26T00:00:00,4.980
2000,SP02,000000000010000642,008,ERSA,CONV-COMP,VB,239.000,5643987.39,2026-08-16T00:00:00,2026-09-01T00:00:00,2026-09-01T00:00:00,2026-09-01T00:00:00,24.155
2000,SP02,000000000010000643,005,ERSA,INST-XMTR,VB,5.000,2593991.55,2026-07-29T00:00:00,2026-03-01T00:00:00,2026-03-01T00:00:00,2026-07-29T00:00:00,0.967
1000,SP01,000000000080000151,005,ERSA,HYDR-ASSY,VB,6.000,1337884.68,2026-07-16T00:00:00,2026-06-24T00:00:00,2026-06-24T00:00:00,2026-07-16T00:00:00,2.891
2000,SP02,000000000080000151,003,ERSA,HYDR-ASSY,VB,4.000,891923.12,2026-06-28T00:00:00,2026-08-12T00:00:00,2026-08-12T00:00:00,2026-08-12T00:00:00,4.283
1000,SP01,000000000010000644,009,ERSA,MECH-PUMP,VB,81.000,53425352.25,2026-08-10T00:00:00,2026-08-23T00:00:00,2026-08-23T00:00:00,2026-08-23T00:00:00,12.763
3000,SP03,000000000010000645,007,ERSA,ELEC-MOTR,VB,3.000,231690.42,2026-01-13T00:00:00,2026-07-03T00:00:00,2026-07-03T00:00:00,2026-07-03T00:00:00,2.832
3000,SP03,000000000030000145,001,ERSA,MECH-BRG,ND,0.000,0.00,2026-08-23T00:00:00,2026-08-27T00:00:00,2026-08-27T00:00:00,2026-08-27T00:00:00,0.000
4000,SP04,000000000030000145,004,ERSA,MECH-BRG,ND,1.000,55184.70,2026-03-07T00:00:00,2026-01-03T00:00:00,2026-01-03T00:00:00,2026-03-07T00:00:00,0.000
3000,SP03,000000000010000646,003,ERSA,ELEC-CTRL,VB,4.000,215692.00,2026-05-15T00:00:00,2026-04-22T00:00:00,2026-04-22T00:00:00,2026-05-15T00:00:00,1.783
4000,SP04,000000000030000146,010,ERSA,MECH-PUMP,PD,5.000,256761.20,2026-06-17T00:00:00,2026-03-07T00:00:00,2026-03-07T00:00:00,2026-06-17T00:00:00,0.000
2000,SP02,000000000010000647,002,ERSA,ELEC-MOTR,VB,0.000,0.00,2026-03-17T00:00:00,2026-08-25T00:00:00,2026-08-25T00:00:00,2026-08-25T00:00:00,1.507
1000,SP01,000000000080000152,004,ERSA,MECH-GBOX,VB,7.000,618325.96,2026-08-13T00:00:00,2026-04-24T00:00:00,2026-04-24T00:00:00,2026-08-13T00:00:00,3.679
1000,SP01,000000000010000648,007,ERSA,MECH-PUMP,VB,5.000,3108445.10,2026-09-05T00:00:00,2026-07-26T00:00:00,2026-07-26T00:00:00,2026-09-05T00:00:00,1.592
1000,SP01,000000000010000649,008,ERSA,INST-XMTR,VB,3.000,1934359.83,2026-05-30T00:00:00,2026-07-28T00:00:00,2026-07-28T00:00:00,2026-07-28T00:00:00,1.903
4000,SP04,000000000010000650,004,ERSA,MECH-PUMP,VB,90.000,1131731.10,2026-05-21T00:00:00,2026-08-28T00:00:00,2026-08-28T00:00:00,2026-08-28T00:00:00,33.965
2000,SP02,000000000010000651,010,ERSA,HYDR-ASSY,VB,2.000,253460.46,2026-03-30T00:00:00,2025-12-21T00:00:00,2025-12-21T00:00:00,2026-03-30T00:00:00,0.897
4000,SP04,000000000010000652,009,ERSA,HYDR-ASSY,VB,8.000,1238881.20,2026-02-27T00:00:00,2026-07-08T00:00:00,2026-07-08T00:00:00,2026-07-08T00:00:00,2.289
1000,SP01,000000000010000652,002,ERSA,HYDR-ASSY,VB,5.000,774300.75,2026-07-29T00:00:00,2026-06-03T00:00:00,2026-06-03T00:00:00,2026-07-29T00:00:00,2.159
3000,SP03,000000000010000653,001,ERSA,MECH-SEAL,VB,50.000,1070775.50,2026-06-13T00:00:00,2026-08-21T00:00:00,2026-08-21T00:00:00,2026-08-21T00:00:00,5.263
3000,SP03,000000000010000654,002,ERSA,MECH-PUMP,VB,3.000,535359.33,2026-08-29T00:00:00,2026-06-21T00:00:00,2026-06-21T00:00:00,2026-08-29T00:00:00,1.296
1000,SP01,000000000010000654,008,ERSA,MECH-PUMP,VB,4.000,713812.44,2026-03-10T00:00:00,2026-03-14T00:00:00,2026-03-14T00:00:00,2026-03-14T00:00:00,1.485
3000,SP03,000000000010000655,008,ERSA,MECH-GBOX,VB,5.000,625050.55,2026-08-06T00:00:00,2026-08-05T00:00:00,2026-08-05T00:00:00,2026-08-06T00:00:00,6.061
4000,SP04,000000000010000656,010,ERSA,HYDR-ASSY,VB,6.000,854340.30,2026-05-17T00:00:00,2026-04-16T00:00:00,2026-04-16T00:00:00,2026-05-17T00:00:00,2.758
2000,SP02,000000000010000656,006,ERSA,HYDR-ASSY,VB,5.000,711950.25,2026-07-25T00:00:00,2026-09-01T00:00:00,2026-09-01T00:00:00,2026-09-01T00:00:00,2.145
3000,SP03,000000000010000657,008,ERSA,ELEC-MOTR,VB,55.000,418688.05,2026-06-13T00:00:00,2026-09-02T00:00:00,2026-09-02T00:00:00,2026-09-02T00:00:00,4.777
1000,SP01,000000000010000658,005,ERSA,HYDR-ASSY,VB,57.000,248888.79,2026-06-27T00:00:00,2026-08-11T00:00:00,2026-08-11T00:00:00,2026-08-11T00:00:00,6.208
3000,SP03,000000000010000659,007,ERSA,MECH-PUMP,VB,7.000,1716924.72,2026-02-07T00:00:00,2025-12-08T00:00:00,2025-12-08T00:00:00,2026-02-07T00:00:00,3.379
2000,SP02,000000000010000659,001,ERSA,MECH-PUMP,VB,0.000,0.00,2025-02-24T00:00:00,2026-05-03T00:00:00,2026-05-03T00:00:00,2026-05-03T00:00:00,0.869
3000,SP03,000000000010000660,007,ERSA,MECH-GBOX,VB,0.000,0.00,,2024-10-07T00:00:00,2024-10-07T00:00:00,2024-10-07T00:00:00,11.294
4000,SP04,000000000010000661,002,ERSA,INST-XMTR,VB,131.000,2963657.54,2026-09-01T00:00:00,2026-08-16T00:00:00,2026-08-16T00:00:00,2026-09-01T00:00:00,14.016
1000,SP01,000000000010000662,001,ERSA,MILL-LINR,VB,0.000,0.00,2026-05-02T00:00:00,2026-07-08T00:00:00,2026-07-08T00:00:00,2026-07-08T00:00:00,0.312
3000,SP03,000000000030000147,009,ERSA,MECH-BRG,ND,4.000,2559408.88,2026-04-18T00:00:00,2026-06-17T00:00:00,2026-06-17T00:00:00,2026-06-17T00:00:00,0.000
2000,SP02,000000000030000148,006,ERSA,MILL-LINR,PD,0.000,0.00,2026-06-17T00:00:00,2026-07-26T00:00:00,2026-07-26T00:00:00,2026-07-26T00:00:00,0.000
2000,SP02,000000000010000663,007,ERSA,MECH-PUMP,VB,207.000,2690240.31,2026-08-30T00:00:00,2026-08-08T00:00:00,2026-08-08T00:00:00,2026-08-30T00:00:00,3.159
3000,SP03,000000000010000664,001,HIBE,MILL-LINR,VB,143.000,561083.38,2026-04-24T00:00:00,2026-08-28T00:00:00,2026-08-28T00:00:00,2026-08-28T00:00:00,12.290
4000,SP04,000000000080000153,002,ERSA,MECH-GBOX,VB,23.000,6974972.64,2026-08-29T00:00:00,2026-06-25T00:00:00,2026-06-25T00:00:00,2026-08-29T00:00:00,4.154
3000,SP03,000000000010000665,008,ERSA,HYDR-ASSY,VB,2.000,287732.62,,2026-02-26T00:00:00,2026-02-26T00:00:00,2026-02-26T00:00:00,0.521
1000,SP01,000000000010000666,005,ERSA,CONV-COMP,VB,1.000,177170.69,2026-04-04T00:00:00,2026-07-27T00:00:00,2026-07-27T00:00:00,2026-07-27T00:00:00,0.400
2000,SP02,000000000030000149,002,ERSA,MILL-LINR,ND,3.000,2375190.99,2026-06-05T00:00:00,2026-07-17T00:00:00,2026-07-17T00:00:00,2026-07-17T00:00:00,0.000
1000,SP01,000000000010000667,003,ERSA,ELEC-CTRL,VB,44.000,1069438.48,2025-10-24T00:00:00,2026-08-01T00:00:00,2026-08-01T00:00:00,2026-08-01T00:00:00,25.519
3000,SP03,000000000010000667,007,ERSA,ELEC-CTRL,VB,370.000,8993005.40,2026-09-04T00:00:00,2026-08-20T00:00:00,2026-08-20T00:00:00,2026-09-04T00:00:00,42.968
1000,SP01,000000000010000668,005,ERSA,CONV-COMP,VB,0.000,0.00,,2024-09-20T00:00:00,2024-09-20T00:00:00,2024-09-20T00:00:00,8.039
4000,SP04,000000000080000154,004,ERSA,MECH-SEAL,VB,2.000,519926.90,2026-07-10T00:00:00,2026-09-05T00:00:00,2026-09-05T00:00:00,2026-09-05T00:00:00,1.532
2000,SP02,000000000030000150,008,ERSA,MILL-LINR,PD,5.000,171084.30,2026-07-30T00:00:00,2026-09-07T00:00:00,2026-09-07T00:00:00,2026-09-07T00:00:00,0.000
3000,SP03,000000000010000669,010,HIBE,ELEC-CTRL,VB,0.000,0.00,,2024-10-13T00:00:00,2024-10-13T00:00:00,2024-10-13T00:00:00,1.707
2000,SP02,000000000010000670,006,ERSA,MECH-GBOX,VB,3.000,448152.24,2026-03-23T00:00:00,2026-07-03T00:00:00,2026-07-03T00:00:00,2026-07-03T00:00:00,2.267
3000,SP03,000000000030000151,005,ERSA,MECH-PUMP,ND,3.000,14850.99,2026-06-21T00:00:00,,,2026-06-21T00:00:00,0.000
4000,SP04,000000000030000151,006,ERSA,MECH-PUMP,PD,0.000,0.00,2026-08-26T00:00:00,2026-09-07T00:00:00,2026-09-07T00:00:00,2026-09-07T00:00:00,0.000
4000,SP04,000000000080000155,005,ERSA,CONV-COMP,VB,1.000,165893.86,2026-05-12T00:00:00,2026-08-02T00:00:00,2026-08-02T00:00:00,2026-08-02T00:00:00,1.954
2000,SP02,000000000080000156,010,ERSA,MECH-GBOX,VB,6.000,1463442.54,2026-08-15T00:00:00,2026-05-12T00:00:00,2026-05-12T00:00:00,2026-08-15T00:00:00,2.272
4000,SP04,000000000080000156,005,ERSA,MECH-GBOX,VB,8.000,1951256.72,2026-07-02T00:00:00,2026-08-19T00:00:00,2026-08-19T00:00:00,2026-08-19T00:00:00,8.401
2000,SP02,000000000010000671,006,ERSA,ELEC-MOTR,VB,0.000,0.00,,2024-09-14T00:00:00,2024-09-14T00:00:00,2024-09-14T00:00:00,3.490
3000,SP03,000000000010000672,005,ERSA,MECH-BRG,VB,10.000,1665068.70,2025-07-18T00:00:00,2026-08-14T00:00:00,2026-08-14T00:00:00,2026-08-14T00:00:00,7.293
4000,SP04,000000000010000673,010,ERSA,MECH-SEAL,VB,14.000,1233356.32,2026-05-18T00:00:00,2026-07-08T00:00:00,2026-07-08T00:00:00,2026-07-08T00:00:00,7.362
4000,SP04,000000000010000674,008,ERSA,ELEC-CTRL,VB,190.000,165896.60,2026-08-11T00:00:00,2026-08-13T00:00:00,2026-08-13T00:00:00,2026-08-13T00:00:00,13.165
1000,SP01,000000000010000675,008,ERSA,MECH-BRG,VB,3.000,173379.54,2025-09-16T00:00:00,2026-07-08T00:00:00,2026-07-08T00:00:00,2026-07-08T00:00:00,1.716
4000,SP04,000000000010000675,006,ERSA,MECH-BRG,VB,1.000,57793.18,2026-07-13T00:00:00,2026-08-18T00:00:00,2026-08-18T00:00:00,2026-08-18T00:00:00,1.659
2000,SP02,000000000010000676,002,ERSA,ELEC-MOTR,VB,3.000,472140.57,2026-06-17T00:00:00,2026-06-04T00:00:00,2026-06-04T00:00:00,2026-06-17T00:00:00,0.923
4000,SP04,000000000080000157,002,ERSA,ELEC-CTRL,VB,12.000,5043127.80,2026-02-11T00:00:00,2026-07-11T00:00:00,2026-07-11T00:00:00,2026-07-11T00:00:00,9.606
3000,SP03,000000000030000152,001,ERSA,MECH-SEAL,PD,6.000,540850.32,2026-07-19T00:00:00,2026-05-14T00:00:00,2026-05-14T00:00:00,2026-07-19T00:00:00,0.000
2000,SP02,000000000030000152,009,ERSA,MECH-SEAL,PD,0.000,0.00,2026-03-13T00:00:00,2026-04-14T00:00:00,2026-04-14T00:00:00,2026-04-14T00:00:00,0.000
2000,SP02,000000000080000158,008,ERSA,MECH-BRG,VB,4.000,1600815.96,2026-07-30T00:00:00,2026-07-26T00:00:00,2026-07-26T00:00:00,2026-07-30T00:00:00,3.339
1000,SP01,000000000080000158,002,ERSA,MECH-BRG,VB,8.000,3201631.92,2026-08-02T00:00:00,2026-06-25T00:00:00,2026-06-25T00:00:00,2026-08-02T00:00:00,3.952
4000,SP04,000000000090000038,006,ERSA,MECH-BRG,ND,12.000,1375803.72,,2023-11-25T00:00:00,2023-11-25T00:00:00,2023-11-25T00:00:00,0.000
3000,SP03,000000000090000038,001,ERSA,MECH-BRG,ND,18.000,2063705.58,,2025-05-28T00:00:00,2025-05-28T00:00:00,2025-05-28T00:00:00,0.000
4000,SP04,000000000030000153,010,ERSA,HYDR-ASSY,ND,7.000,529669.63,2026-08-23T00:00:00,,,2026-08-23T00:00:00,0.000
1000,SP01,000000000010000677,001,ERSA,MECH-SEAL,VB,6.000,858996.42,2026-05-28T00:00:00,2026-06-18T00:00:00,2026-06-18T00:00:00,2026-06-18T00:00:00,2.209
1000,SP01,000000000010000678,005,ERSA,ELEC-CTRL,VB,2.000,329780.52,,2026-06-01T00:00:00,2026-06-01T00:00:00,2026-06-01T00:00:00,0.654
1000,SP01,000000000010000679,001,ERSA,HYDR-ASSY,VB,0.000,0.00,,2024-10-28T00:00:00,2024-10-28T00:00:00,2024-10-28T00:00:00,3.180
1000,SP01,000000000090000039,008,HIBE,MECH-PUMP,ND,31.000,3607452.95,,2023-08-27T00:00:00,2023-08-27T00:00:00,2023-08-27T00:00:00,0.000
2000,SP02,000000000080000159,010,HIBE,MILL-LINR,VB,14.000,5507162.08,2026-09-07T00:00:00,2026-06-13T00:00:00,2026-06-13T00:00:00,2026-09-07T00:00:00,5.993
3000,SP03,000000000080000159,007,HIBE,MILL-LINR,VB,3.000,1180106.16,2026-06-06T00:00:00,2026-06-26T00:00:00,2026-06-26T00:00:00,2026-06-26T00:00:00,4.116
3000,SP03,000000000010000680,004,ERSA,INST-XMTR,VB,10.000,7193402.60,2026-02-09T00:00:00,2026-08-24T00:00:00,2026-08-24T00:00:00,2026-08-24T00:00:00,2.736
4000,SP04,000000000010000681,010,ERSA,HYDR-ASSY,VB,33.000,242121.33,2026-07-14T00:00:00,2026-08-27T00:00:00,2026-08-27T00:00:00,2026-08-27T00:00:00,8.694
2000,SP02,000000000010000681,009,ERSA,HYDR-ASSY,VB,87.000,638319.87,2026-08-11T00:00:00,2026-08-10T00:00:00,2026-08-10T00:00:00,2026-08-11T00:00:00,6.809
2000,SP02,000000000080000160,005,ERSA,CONV-COMP,VB,11.000,3076841.57,2026-04-29T00:00:00,2026-01-21T00:00:00,2026-01-21T00:00:00,2026-04-29T00:00:00,1.613
2000,SP02,000000000030000154,008,ERSA,INST-XMTR,ND,8.000,897968.00,2026-08-16T00:00:00,,,2026-08-16T00:00:00,0.000
1000,SP01,000000000010000682,008,ERSA,CONV-COMP,VB,3.000,1290507.36,2026-05-05T00:00:00,2026-03-09T00:00:00,2026-03-09T00:00:00,2026-05-05T00:00:00,0.361
2000,SP02,000000000010000683,007,HIBE,CONV-COMP,VB,63.000,309844.08,2026-07-12T00:00:00,2026-08-06T00:00:00,2026-08-06T00:00:00,2026-08-06T00:00:00,11.737
3000,SP03,000000000010000683,004,HIBE,CONV-COMP,VB,134.000,659033.44,2026-03-29T00:00:00,2026-08-07T00:00:00,2026-08-07T00:00:00,2026-08-07T00:00:00,25.174
1000,SP01,000000000080000161,001,ERSA,MECH-SEAL,VB,4.000,128325.08,2026-06-14T00:00:00,2026-04-27T00:00:00,2026-04-27T00:00:00,2026-06-14T00:00:00,0.554
2000,SP02,000000000030000155,008,ERSA,ELEC-CTRL,ND,9.000,838461.42,2026-04-20T00:00:00,,,2026-04-20T00:00:00,0.000
4000,SP04,000000000030000155,003,ERSA,ELEC-CTRL,ND,1.000,93162.38,2025-12-03T00:00:00,2026-01-11T00:00:00,2026-01-11T00:00:00,2026-01-11T00:00:00,0.000
2000,SP02,000000000010000684,004,ERSA,MECH-GBOX,VB,5.000,448674.70,2026-07-22T00:00:00,2026-08-09T00:00:00,2026-08-09T00:00:00,2026-08-09T00:00:00,1.021
2000,SP02,000000000080000162,008,ERSA,CONV-COMP,VB,1.000,287270.08,2026-05-14T00:00:00,2026-08-08T00:00:00,2026-08-08T00:00:00,2026-08-08T00:00:00,0.375
3000,SP03,000000000010000685,004,ERSA,HYDR-ASSY,VB,10.000,1329149.50,2026-06-12T00:00:00,2026-05-21T00:00:00,2026-05-21T00:00:00,2026-06-12T00:00:00,3.837
3000,SP03,000000000030000156,004,ERSA,CONV-COMP,ND,0.000,0.00,2026-01-31T00:00:00,2026-02-24T00:00:00,2026-02-24T00:00:00,2026-02-24T00:00:00,0.000
2000,SP02,000000000010000686,006,ERSA,MECH-BRG,VB,9.000,166013.28,2026-06-20T00:00:00,2026-05-14T00:00:00,2026-05-14T00:00:00,2026-06-20T00:00:00,3.231
2000,SP02,000000000090000040,008,ERSA,MECH-BRG,ND,18.000,1553339.16,,2024-04-18T00:00:00,2024-04-18T00:00:00,2024-04-18T00:00:00,0.000
4000,SP04,000000000010000687,010,ERSA,MECH-GBOX,VB,2.000,355540.54,2026-07-02T00:00:00,2026-08-04T00:00:00,2026-08-04T00:00:00,2026-08-04T00:00:00,1.573
2000,SP02,000000000080000163,001,ERSA,MECH-PUMP,VB,5.000,1615660.65,2026-08-31T00:00:00,2026-08-09T00:00:00,2026-08-09T00:00:00,2026-08-31T00:00:00,3.727
2000,SP02,000000000010000688,010,ERSA,MECH-PUMP,VB,3.000,272311.80,2026-02-24T00:00:00,2026-09-06T00:00:00,2026-09-06T00:00:00,2026-09-06T00:00:00,4.084
4000,SP04,000000000080000164,009,ERSA,HYDR-ASSY,VB,20.000,6439713.60,2026-07-12T00:00:00,2026-05-14T00:00:00,2026-05-14T00:00:00,2026-07-12T00:00:00,6.228
3000,SP03,000000000080000164,002,ERSA,HYDR-ASSY,VB,1.000,321985.68,2026-07-11T00:00:00,2026-07-18T00:00:00,2026-07-18T00:00:00,2026-07-18T00:00:00,2.985
3000,SP03,000000000080000165,001,HIBE,MECH-SEAL,VB,17.000,3588597.49,2026-08-16T00:00:00,2026-08-24T00:00:00,2026-08-24T00:00:00,2026-08-24T00:00:00,8.406
1000,SP01,000000000030000157,002,ERSA,HYDR-ASSY,ND,0.000,0.00,2026-03-10T00:00:00,2026-03-19T00:00:00,2026-03-19T00:00:00,2026-03-19T00:00:00,0.000
1000,SP01,000000000080000166,010,ERSA,HYDR-ASSY,VB,7.000,1646211.77,2026-03-11T00:00:00,2026-06-26T00:00:00,2026-06-26T00:00:00,2026-06-26T00:00:00,2.447
1000,SP01,000000000090000041,004,HIBE,INST-XMTR,ND,37.000,3809316.87,,2024-02-26T00:00:00,2024-02-26T00:00:00,2024-02-26T00:00:00,0.000
2000,SP02,000000000090000041,005,HIBE,INST-XMTR,ND,31.000,3191589.81,,2023-11-03T00:00:00,2023-11-03T00:00:00,2023-11-03T00:00:00,0.000
2000,SP02,000000000080000167,005,ERSA,MECH-PUMP,VB,13.000,5255576.17,2026-02-23T00:00:00,2026-06-08T00:00:00,2026-06-08T00:00:00,2026-06-08T00:00:00,2.836
1000,SP01,000000000010000689,003,ERSA,MECH-GBOX,VB,25.000,1508856.00,2026-05-07T00:00:00,2026-08-02T00:00:00,2026-08-02T00:00:00,2026-08-02T00:00:00,14.878
3000,SP03,000000000010000690,007,ERSA,HYDR-ASSY,VB,0.000,0.00,,2023-07-25T00:00:00,2023-07-25T00:00:00,2023-07-25T00:00:00,0.000
3000,SP03,000000000010000691,001,HIBE,MECH-BRG,VB,35.000,679514.85,2026-05-14T00:00:00,2026-09-07T00:00:00,2026-09-07T00:00:00,2026-09-07T00:00:00,9.733
3000,SP03,000000000010000692,005,ERSA,MILL-LINR,VB,0.000,0.00,,2023-11-19T00:00:00,2023-11-19T00:00:00,2023-11-19T00:00:00,0.000
1000,SP01,000000000010000693,006,ERSA,HYDR-ASSY,VB,41.000,3540457.42,2026-06-09T00:00:00,2026-08-12T00:00:00,2026-08-12T00:00:00,2026-08-12T00:00:00,9.364
1000,SP01,000000000010000694,007,ERSA,ELEC-CTRL,VB,0.000,0.00,2026-05-27T00:00:00,2026-08-05T00:00:00,2026-08-05T00:00:00,2026-08-05T00:00:00,15.105
4000,SP04,000000000010000694,007,ERSA,ELEC-CTRL,VB,115.000,258838.55,2026-03-31T00:00:00,2026-09-02T00:00:00,2026-09-02T00:00:00,2026-09-02T00:00:00,15.222
2000,SP02,000000000010000695,004,ERSA,CONV-COMP,VB,12.000,1325155.92,,2025-10-22T00:00:00,2025-10-22T00:00:00,2025-10-22T00:00:00,1.977
1000,SP01,000000000010000695,007,ERSA,CONV-COMP,VB,0.000,0.00,,2026-08-12T00:00:00,2026-08-12T00:00:00,2026-08-12T00:00:00,1.339
3000,SP03,000000000030000158,007,ERSA,ELEC-MOTR,PD,1.000,146631.76,2026-01-07T00:00:00,2026-01-11T00:00:00,2026-01-11T00:00:00,2026-01-11T00:00:00,0.000
4000,SP04,000000000030000158,008,ERSA,ELEC-MOTR,PD,0.000,0.00,2026-01-13T00:00:00,2026-02-21T00:00:00,2026-02-21T00:00:00,2026-02-21T00:00:00,0.000
1000,SP01,000000000010000696,009,ERSA,MILL-LINR,VB,7.000,893677.54,2026-06-25T00:00:00,2026-09-01T00:00:00,2026-09-01T00:00:00,2026-09-01T00:00:00,2.164
2000,SP02,000000000010000697,001,HIBE,ELEC-MOTR,VB,0.000,0.00,,2025-02-28T00:00:00,2025-02-28T00:00:00,2025-02-28T00:00:00,5.969
2000,SP02,000000000010000698,002,HIBE,INST-XMTR,VB,0.000,0.00,,2025-04-21T00:00:00,2025-04-21T00:00:00,2025-04-21T00:00:00,3.789
2000,SP02,000000000010000699,009,ERSA,HYDR-ASSY,VB,11.000,402760.49,2026-08-25T00:00:00,2026-05-30T00:00:00,2026-05-30T00:00:00,2026-08-25T00:00:00,3.265
3000,SP03,000000000010000700,008,HIBE,CONV-COMP,VB,1.000,148545.59,2026-06-18T00:00:00,2026-04-14T00:00:00,2026-04-14T00:00:00,2026-06-18T00:00:00,0.462
2000,SP02,000000000010000701,007,ERSA,HYDR-ASSY,VB,0.000,0.00,,2025-01-31T00:00:00,2025-01-31T00:00:00,2025-01-31T00:00:00,0.000
1000,SP01,000000000010000701,007,ERSA,HYDR-ASSY,VB,0.000,0.00,,2023-01-23T00:00:00,2023-01-23T00:00:00,2023-01-23T00:00:00,0.000
1000,SP01,000000000010000702,006,ERSA,HYDR-ASSY,VB,0.000,0.00,,2023-02-12T00:00:00,2023-02-12T00:00:00,2023-02-12T00:00:00,0.000
3000,SP03,000000000010000702,005,ERSA,HYDR-ASSY,VB,0.000,0.00,,2024-01-02T00:00:00,2024-01-02T00:00:00,2024-01-02T00:00:00,0.000
4000,SP04,000000000010000703,005,ERSA,MECH-BRG,VB,6.000,667581.42,2026-07-07T00:00:00,2026-08-12T00:00:00,2026-08-12T00:00:00,2026-08-12T00:00:00,2.342
3000,SP03,000000000010000703,004,ERSA,MECH-BRG,VB,1.000,111263.57,2026-02-27T00:00:00,2026-09-02T00:00:00,2026-09-02T00:00:00,2026-09-02T00:00:00,0.511
1000,SP01,000000000010000704,003,ERSA,HYDR-ASSY,VB,76.000,74320.40,2026-07-05T00:00:00,2026-08-21T00:00:00,2026-08-21T00:00:00,2026-08-21T00:00:00,6.758
2000,SP02,000000000080000168,003,HIBE,MECH-BRG,VB,14.000,884856.84,2026-06-15T00:00:00,2026-06-28T00:00:00,2026-06-28T00:00:00,2026-06-28T00:00:00,8.717
1000,SP01,000000000010000705,010,ERSA,MILL-LINR,VB,0.000,0.00,,2025-03-30T00:00:00,2025-03-30T00:00:00,2025-03-30T00:00:00,0.000
3000,SP03,000000000010000705,003,ERSA,MILL-LINR,VB,0.000,0.00,,2022-12-15T00:00:00,2022-12-15T00:00:00,2022-12-15T00:00:00,0.000
2000,SP02,000000000010000706,007,ERSA,MECH-GBOX,VB,2.000,345302.40,2025-05-03T00:00:00,2026-06-23T00:00:00,2026-06-23T00:00:00,2026-06-23T00:00:00,1.643
1000,SP01,000000000010000706,001,ERSA,MECH-GBOX,VB,12.000,2071814.40,2026-08-03T00:00:00,2026-08-20T00:00:00,2026-08-20T00:00:00,2026-08-20T00:00:00,5.428
3000,SP03,000000000030000159,001,HIBE,CONV-COMP,PD,6.000,373287.06,2026-07-24T00:00:00,,,2026-07-24T00:00:00,0.000
1000,SP01,000000000030000159,002,HIBE,CONV-COMP,ND,0.000,0.00,2026-06-21T00:00:00,2026-06-30T00:00:00,2026-06-30T00:00:00,2026-06-30T00:00:00,0.000
4000,SP04,000000000010000707,003,ERSA,MILL-LINR,VB,11.000,8220845.60,2026-07-27T00:00:00,2026-08-25T00:00:00,2026-08-25T00:00:00,2026-08-25T00:00:00,7.490
1000,SP01,000000000010000708,002,HIBE,MECH-BRG,VB,5.000,3223237.85,2026-06-19T00:00:00,2026-07-29T00:00:00,2026-07-29T00:00:00,2026-07-29T00:00:00,3.621
3000,SP03,000000000010000709,008,ERSA,INST-XMTR,VB,251.000,4838193.17,2026-08-27T00:00:00,2026-08-01T00:00:00,2026-08-01T00:00:00,2026-08-27T00:00:00,41.402
4000,SP04,000000000010000709,006,ERSA,INST-XMTR,VB,74.000,1426399.58,2026-08-04T00:00:00,2026-08-26T00:00:00,2026-08-26T00:00:00,2026-08-26T00:00:00,17.415
4000,SP04,000000000010000710,006,ERSA,MECH-PUMP,VB,121.000,1100182.82,2026-08-17T00:00:00,2026-09-04T00:00:00,2026-09-04T00:00:00,2026-09-04T00:00:00,11.102
1000,SP01,000000000010000711,007,ERSA,HYDR-ASSY,VB,60.000,781530.00,2026-08-09T00:00:00,2026-08-16T00:00:00,2026-08-16T00:00:00,2026-08-16T00:00:00,3.240
4000,SP04,000000000030000160,001,ERSA,INST-XMTR,ND,6.000,985165.38,2026-05-28T00:00:00,,,2026-05-28T00:00:00,0.000
4000,SP04,000000000010000712,001,ERSA,MECH-PUMP,VB,185.000,4169789.00,2026-09-01T00:00:00,2026-08-22T00:00:00,2026-08-22T00:00:00,2026-09-01T00:00:00,5.165
1000,SP01,000000000010000713,003,ERSA,HYDR-ASSY,VB,0.000,0.00,,2025-02-01T00:00:00,2025-02-01T00:00:00,2025-02-01T00:00:00,0.000
4000,SP04,000000000010000714,002,ERSA,MILL-LINR,VB,31.000,241578.97,2026-07-06T00:00:00,2026-08-10T00:00:00,2026-08-10T00:00:00,2026-08-10T00:00:00,2.768
1000,SP01,000000000010000715,002,ERSA,MECH-GBOX,VB,11.000,84141.20,2026-07-11T00:00:00,2026-08-07T00:00:00,2026-08-07T00:00:00,2026-08-07T00:00:00,2.227
2000,SP02,000000000010000716,006,ERSA,INST-XMTR,VB,1.000,134563.59,2026-03-13T00:00:00,2026-02-28T00:00:00,2026-02-28T00:00:00,2026-03-13T00:00:00,0.336
1000,SP01,000000000010000716,001,ERSA,INST-XMTR,VB,1.000,134563.59,2026-05-12T00:00:00,2026-04-22T00:00:00,2026-04-22T00:00:00,2026-05-12T00:00:00,0.364
1000,SP01,000000000010000717,010,ERSA,MECH-GBOX,VB,0.000,0.00,,2024-09-01T00:00:00,2024-09-01T00:00:00,2024-09-01T00:00:00,8.814
3000,SP03,000000000010000718,008,ERSA,MECH-PUMP,VB,5.000,273537.80,2026-07-20T00:00:00,2026-08-02T00:00:00,2026-08-02T00:00:00,2026-08-02T00:00:00,3.982
1000,SP01,000000000080000169,010,ERSA,HYDR-ASSY,VB,2.000,478031.82,2026-03-17T00:00:00,2026-08-13T00:00:00,2026-08-13T00:00:00,2026-08-13T00:00:00,1.517
1000,SP01,000000000010000719,009,ERSA,MECH-SEAL,VB,4.000,69336.32,2026-05-24T00:00:00,2026-09-05T00:00:00,2026-09-05T00:00:00,2026-09-05T00:00:00,8.497
2000,SP02,000000000010000720,003,ERSA,ELEC-CTRL,VB,5.000,403010.95,2026-08-23T00:00:00,2026-07-26T00:00:00,2026-07-26T00:00:00,2026-08-23T00:00:00,1.614
4000,SP04,000000000010000720,001,ERSA,ELEC-CTRL,VB,0.000,0.00,2026-08-19T00:00:00,2026-09-04T00:00:00,2026-09-04T00:00:00,2026-09-04T00:00:00,0.305
2000,SP02,000000000010000721,009,ERSA,MILL-LINR,VB,38.000,524470.30,2026-04-07T00:00:00,2026-08-31T00:00:00,2026-08-31T00:00:00,2026-08-31T00:00:00,3.371
2000,SP02,000000000010000722,008,ERSA,MILL-LINR,VB,0.000,0.00,,2025-01-05T00:00:00,2025-01-05T00:00:00,2025-01-05T00:00:00,2.646
1000,SP01,000000000010000723,008,HIBE,ELEC-CTRL,VB,0.000,0.00,,2024-12-26T00:00:00,2024-12-26T00:00:00,2024-12-26T00:00:00,14.985
2000,SP02,000000000030000161,008,ERSA,INST-XMTR,PD,7.000,687649.55,2026-06-21T00:00:00,2026-07-09T00:00:00,2026-07-09T00:00:00,2026-07-09T00:00:00,0.000
1000,SP01,000000000010000724,007,ERSA,ELEC-CTRL,VB,53.000,538185.85,2026-05-29T00:00:00,2026-08-05T00:00:00,2026-08-05T00:00:00,2026-08-05T00:00:00,6.412
4000,SP04,000000000010000724,010,ERSA,ELEC-CTRL,VB,132.000,1340387.40,2026-09-06T00:00:00,2026-08-26T00:00:00,2026-08-26T00:00:00,2026-09-06T00:00:00,5.419
1000,SP01,000000000030000162,010,ERSA,HYDR-ASSY,ND,4.000,563395.44,2026-03-24T00:00:00,,,2026-03-24T00:00:00,0.000
3000,SP03,000000000030000162,003,ERSA,HYDR-ASSY,ND,1.000,140848.86,2026-06-21T00:00:00,2026-07-31T00:00:00,2026-07-31T00:00:00,2026-07-31T00:00:00,0.000
3000,SP03,000000000090000042,010,HIBE,CONV-COMP,ND,10.000,1065792.40,,2025-06-15T00:00:00,2025-06-15T00:00:00,2025-06-15T00:00:00,0.000
2000,SP02,000000000030000163,007,ERSA,MILL-LINR,PD,0.000,0.00,2026-05-12T00:00:00,2026-05-18T00:00:00,2026-05-18T00:00:00,2026-05-18T00:00:00,0.000
4000,SP04,000000000010000725,003,ERSA,CONV-COMP,VB,44.000,902426.36,2026-03-13T00:00:00,2026-09-07T00:00:00,2026-09-07T00:00:00,2026-09-07T00:00:00,10.588
3000,SP03,000000000010000726,008,ERSA,ELEC-MOTR,VB,70.000,18264950.90,2026-08-03T00:00:00,2026-07-17T00:00:00,2026-07-17T00:00:00,2026-08-03T00:00:00,3.700
1000,SP01,000000000030000164,003,ERSA,CONV-COMP,PD,1.000,27309.36,2026-06-13T00:00:00,2025-12-21T00:00:00,2025-12-21T00:00:00,2026-06-13T00:00:00,0.000
1000,SP01,000000000010000727,002,ERSA,ELEC-MOTR,VB,27.000,1942192.35,2026-06-04T00:00:00,2026-07-01T00:00:00,2026-07-01T00:00:00,2026-07-01T00:00:00,13.003
4000,SP04,000000000010000727,010,ERSA,ELEC-MOTR,VB,6.000,431598.30,2026-08-12T00:00:00,2026-08-20T00:00:00,2026-08-20T00:00:00,2026-08-20T00:00:00,3.121
1000,SP01,000000000090000043,010,HIBE,MECH-PUMP,ND,18.000,1059388.56,,2023-08-04T00:00:00,2023-08-04T00:00:00,2023-08-04T00:00:00,0.000
4000,SP04,000000000010000728,004,ERSA,MECH-PUMP,VB,0.000,0.00,,2024-12-29T00:00:00,2024-12-29T00:00:00,2024-12-29T00:00:00,16.350
2000,SP02,000000000080000170,009,HIBE,MECH-GBOX,VB,16.000,1715994.88,2026-06-16T00:00:00,2026-07-27T00:00:00,2026-07-27T00:00:00,2026-07-27T00:00:00,1.942
4000,SP04,000000000080000170,007,HIBE,MECH-GBOX,VB,8.000,857997.44,2026-06-15T00:00:00,2026-07-16T00:00:00,2026-07-16T00:00:00,2026-07-16T00:00:00,3.159
2000,SP02,000000000010000729,003,ERSA,CONV-COMP,VB,0.000,0.00,,2023-02-04T00:00:00,2023-02-04T00:00:00,2023-02-04T00:00:00,0.000
3000,SP03,000000000080000171,005,ERSA,MILL-LINR,VB,2.000,679114.72,2026-03-27T00:00:00,2026-06-11T00:00:00,2026-06-11T00:00:00,2026-06-11T00:00:00,1.521
3000,SP03,000000000030000165,002,ERSA,MECH-BRG,PD,6.000,2569754.22,2026-06-17T00:00:00,2026-05-15T00:00:00,2026-05-15T00:00:00,2026-06-17T00:00:00,0.000
1000,SP01,000000000010000730,009,ERSA,MILL-LINR,VB,0.000,0.00,,2024-08-09T00:00:00,2024-08-09T00:00:00,2024-08-09T00:00:00,0.000
2000,SP02,000000000010000731,007,ERSA,MECH-SEAL,VB,43.000,410362.33,2025-07-09T00:00:00,2026-08-03T00:00:00,2026-08-03T00:00:00,2026-08-03T00:00:00,18.446
4000,SP04,000000000010000731,003,ERSA,MECH-SEAL,VB,79.000,753921.49,2026-08-06T00:00:00,2026-08-17T00:00:00,2026-08-17T00:00:00,2026-08-17T00:00:00,19.737
2000,SP02,000000000010000732,007,ERSA,MILL-LINR,VB,2.000,217344.14,2025-12-27T00:00:00,2026-08-12T00:00:00,2026-08-12T00:00:00,2026-08-12T00:00:00,1.543
1000,SP01,000000000010000733,006,ERSA,MILL-LINR,VB,99.000,2315938.68,2026-07-12T00:00:00,2026-08-05T00:00:00,2026-08-05T00:00:00,2026-08-05T00:00:00,19.771
2000,SP02,000000000010000734,002,ERSA,MECH-BRG,VB,13.000,2259397.01,2026-06-07T00:00:00,2026-08-24T00:00:00,2026-08-24T00:00:00,2026-08-24T00:00:00,6.961
2000,SP02,000000000010000735,002,ERSA,MECH-GBOX,VB,6.000,2201803.62,2026-05-05T00:00:00,2026-07-24T00:00:00,2026-07-24T00:00:00,2026-07-24T00:00:00,3.691
2000,SP02,000000000010000736,005,ERSA,MILL-LINR,VB,82.000,12294546.18,2026-06-18T00:00:00,2026-08-24T00:00:00,2026-08-24T00:00:00,2026-08-24T00:00:00,16.443
4000,SP04,000000000010000736,008,ERSA,MILL-LINR,VB,105.000,15743016.45,2026-03-08T00:00:00,2026-08-22T00:00:00,2026-08-22T00:00:00,2026-08-22T00:00:00,29.247
3000,SP03,000000000010000737,007,ERSA,MECH-SEAL,VB,39.000,64705.29,2026-03-20T00:00:00,2026-08-04T00:00:00,2026-08-04T00:00:00,2026-08-04T00:00:00,12.727
2000,SP02,000000000080000172,002,ERSA,MECH-BRG,VB,3.000,603546.99,2026-08-03T00:00:00,2026-08-26T00:00:00,2026-08-26T00:00:00,2026-08-26T00:00:00,1.396
3000,SP03,000000000080000172,003,ERSA,MECH-BRG,VB,8.000,1609458.64,2025-12-05T00:00:00,2026-08-05T00:00:00,2026-08-05T00:00:00,2026-08-05T00:00:00,3.434
1000,SP01,000000000080000173,009,ERSA,HYDR-ASSY,VB,8.000,1443953.52,2026-07-13T00:00:00,2026-05-15T00:00:00,2026-05-15T00:00:00,2026-07-13T00:00:00,2.299
2000,SP02,000000000090000044,006,HIBE,MECH-SEAL,ND,15.000,1987152.75,,2022-08-10T00:00:00,2022-08-10T00:00:00,2022-08-10T00:00:00,0.000
2000,SP02,000000000030000166,008,ERSA,ELEC-MOTR,ND,1.000,154382.23,2026-01-01T00:00:00,2026-01-09T00:00:00,2026-01-09T00:00:00,2026-01-09T00:00:00,0.000
4000,SP04,000000000010000738,007,ERSA,MECH-BRG,VB,3.000,305170.02,2026-03-15T00:00:00,2026-07-16T00:00:00,2026-07-16T00:00:00,2026-07-16T00:00:00,2.869
3000,SP03,000000000010000739,002,HIBE,MECH-BRG,VB,6.000,4244194.68,2026-04-17T00:00:00,2026-05-30T00:00:00,2026-05-30T00:00:00,2026-05-30T00:00:00,3.144
4000,SP04,000000000010000739,004,HIBE,MECH-BRG,VB,9.000,6366292.02,2025-12-16T00:00:00,2026-06-16T00:00:00,2026-06-16T00:00:00,2026-06-16T00:00:00,3.663
4000,SP04,000000000010000740,006,HIBE,MECH-GBOX,VB,40.000,20062293.60,2026-05-29T00:00:00,2026-08-17T00:00:00,2026-08-17T00:00:00,2026-08-17T00:00:00,8.344
2000,SP02,000000000010000740,007,HIBE,MECH-GBOX,VB,57.000,28588768.38,2026-06-25T00:00:00,2026-08-11T00:00:00,2026-08-11T00:00:00,2026-08-11T00:00:00,8.846
1000,SP01,000000000010000741,009,ERSA,MECH-SEAL,VB,0.000,0.00,,2024-10-24T00:00:00,2024-10-24T00:00:00,2024-10-24T00:00:00,12.394
3000,SP03,000000000010000741,005,ERSA,MECH-SEAL,VB,0.000,0.00,,2025-04-13T00:00:00,2025-04-13T00:00:00,2025-04-13T00:00:00,6.680
1000,SP01,000000000080000174,006,ERSA,ELEC-MOTR,VB,9.000,2273215.59,2026-07-24T00:00:00,2026-08-24T00:00:00,2026-08-24T00:00:00,2026-08-24T00:00:00,3.069
2000,SP02,000000000080000174,007,ERSA,ELEC-MOTR,VB,2.000,505159.02,2026-08-14T00:00:00,2026-08-21T00:00:00,2026-08-21T00:00:00,2026-08-21T00:00:00,1.350
1000,SP01,000000000010000742,004,ERSA,MECH-BRG,VB,27.000,20402700.12,2026-02-27T00:00:00,2026-07-09T00:00:00,2026-07-09T00:00:00,2026-07-09T00:00:00,5.055
3000,SP03,000000000010000743,002,ERSA,ELEC-MOTR,VB,35.000,828553.60,2026-02-16T00:00:00,2026-08-07T00:00:00,2026-08-07T00:00:00,2026-08-07T00:00:00,11.768
2000,SP02,000000000010000744,008,ERSA,MILL-LINR,VB,6.000,453414.66,2026-03-25T00:00:00,2026-05-04T00:00:00,2026-05-04T00:00:00,2026-05-04T00:00:00,2.510
1000,SP01,000000000030000167,008,ERSA,ELEC-CTRL,PD,0.000,0.00,,,,,0.000
2000,SP02,000000000010000745,003,ERSA,MILL-LINR,VB,6.000,564900.60,,2025-11-12T00:00:00,2025-11-12T00:00:00,2025-11-12T00:00:00,3.953
3000,SP03,000000000010000746,010,ERSA,ELEC-MOTR,VB,233.000,127086091.71,2026-06-25T00:00:00,2026-08-17T00:00:00,2026-08-17T00:00:00,2026-08-17T00:00:00,23.481
3000,SP03,000000000010000747,002,ERSA,MECH-GBOX,VB,20.000,3384681.20,2026-03-04T00:00:00,2026-05-20T00:00:00,2026-05-20T00:00:00,2026-05-20T00:00:00,4.563
4000,SP04,000000000010000747,004,ERSA,MECH-GBOX,VB,18.000,3046213.08,2026-04-21T00:00:00,2026-03-01T00:00:00,2026-03-01T00:00:00,2026-04-21T00:00:00,10.289
1000,SP01,000000000010000748,002,ERSA,ELEC-MOTR,VB,8.000,152617.12,2026-03-14T00:00:00,2026-08-18T00:00:00,2026-08-18T00:00:00,2026-08-18T00:00:00,4.103
2000,SP02,000000000030000168,008,ERSA,MECH-GBOX,ND,0.000,0.00,2026-03-21T00:00:00,2026-03-29T00:00:00,2026-03-29T00:00:00,2026-03-29T00:00:00,0.000
4000,SP04,000000000030000169,008,ERSA,MECH-BRG,ND,8.000,655371.44,2026-08-03T00:00:00,,,2026-08-03T00:00:00,0.000
1000,SP01,000000000030000169,005,ERSA,MECH-BRG,PD,2.000,163842.86,2026-04-19T00:00:00,2026-04-29T00:00:00,2026-04-29T00:00:00,2026-04-29T00:00:00,0.000
3000,SP03,000000000010000749,009,ERSA,INST-XMTR,VB,8.000,379086.80,,2026-03-13T00:00:00,2026-03-13T00:00:00,2026-03-13T00:00:00,5.277
3000,SP03,000000000030000170,001,ERSA,CONV-COMP,ND,2.000,1470594.92,2026-07-09T00:00:00,,,2026-07-09T00:00:00,0.000
4000,SP04,000000000080000175,010,ERSA,MECH-GBOX,VB,4.000,679261.04,2026-04-23T00:00:00,2026-09-02T00:00:00,2026-09-02T00:00:00,2026-09-02T00:00:00,1.942
3000,SP03,000000000010000750,007,ERSA,MECH-PUMP,VB,5.000,285243.65,2026-02-14T00:00:00,2026-08-03T00:00:00,2026-08-03T00:00:00,2026-08-03T00:00:00,2.553
3000,SP03,000000000080000176,007,ERSA,INST-XMTR,VB,17.000,6524683.30,2025-10-11T00:00:00,2026-03-19T00:00:00,2026-03-19T00:00:00,2026-03-19T00:00:00,9.732
2000,SP02,000000000080000176,004,ERSA,INST-XMTR,VB,22.000,8443707.80,2026-06-20T00:00:00,2026-08-29T00:00:00,2026-08-29T00:00:00,2026-08-29T00:00:00,10.855
2000,SP02,000000000010000751,003,HIBE,HYDR-ASSY,VB,0.000,0.00,,2023-05-02T00:00:00,2023-05-02T00:00:00,2023-05-02T00:00:00,0.000
4000,SP04,000000000010000752,001,ERSA,INST-XMTR,VB,0.000,0.00,,2024-02-21T00:00:00,2024-02-21T00:00:00,2024-02-21T00:00:00,0.000
4000,SP04,000000000010000753,004,ERSA,HYDR-ASSY,VB,55.000,1102787.40,2026-05-09T00:00:00,2026-08-03T00:00:00,2026-08-03T00:00:00,2026-08-03T00:00:00,7.480
1000,SP01,000000000010000753,002,ERSA,HYDR-ASSY,VB,45.000,902280.60,2026-06-09T00:00:00,2026-08-27T00:00:00,2026-08-27T00:00:00,2026-08-27T00:00:00,7.483
2000,SP02,000000000010000754,001,HIBE,CONV-COMP,VB,0.000,0.00,,2025-05-14T00:00:00,2025-05-14T00:00:00,2025-05-14T00:00:00,0.000
2000,SP02,000000000030000171,009,ERSA,MECH-GBOX,ND,0.000,0.00,,,,,0.000
4000,SP04,000000000030000171,010,ERSA,MECH-GBOX,PD,3.000,330840.60,2026-07-14T00:00:00,,,2026-07-14T00:00:00,0.000
3000,SP03,000000000010000755,002,ERSA,MECH-GBOX,VB,0.000,0.00,,2025-01-11T00:00:00,2025-01-11T00:00:00,2025-01-11T00:00:00,0.000
3000,SP03,000000000010000756,005,ERSA,MECH-SEAL,VB,5.000,2314048.40,2026-01-17T00:00:00,2026-08-20T00:00:00,2026-08-20T00:00:00,2026-08-20T00:00:00,2.655
4000,SP04,000000000010000757,010,ERSA,MILL-LINR,VB,0.000,0.00,,2022-09-22T00:00:00,2022-09-22T00:00:00,2022-09-22T00:00:00,0.000
3000,SP03,000000000080000177,009,ERSA,MILL-LINR,VB,24.000,7863891.60,2026-07-28T00:00:00,2026-08-13T00:00:00,2026-08-13T00:00:00,2026-08-13T00:00:00,14.328
2000,SP02,000000000080000177,003,ERSA,MILL-LINR,VB,5.000,1638310.75,2026-05-24T00:00:00,2026-02-11T00:00:00,2026-02-11T00:00:00,2026-05-24T00:00:00,2.003
3000,SP03,000000000080000178,008,ERSA,HYDR-ASSY,VB,12.000,4029722.52,2026-08-13T00:00:00,2026-06-17T00:00:00,2026-06-17T00:00:00,2026-08-13T00:00:00,4.759
2000,SP02,000000000010000758,007,HIBE,MECH-BRG,VB,10.000,810580.90,2026-07-04T00:00:00,2026-08-04T00:00:00,2026-08-04T00:00:00,2026-08-04T00:00:00,4.034
3000,SP03,000000000010000759,004,ERSA,HYDR-ASSY,VB,0.000,0.00,,2025-01-31T00:00:00,2025-01-31T00:00:00,2025-01-31T00:00:00,4.521
1000,SP01,000000000030000172,003,ERSA,MECH-SEAL,ND,3.000,105227.04,2026-05-30T00:00:00,2026-04-18T00:00:00,2026-04-18T00:00:00,2026-05-30T00:00:00,0.000
3000,SP03,000000000010000760,006,HIBE,MECH-GBOX,VB,10.000,5923743.20,2025-10-29T00:00:00,2026-01-04T00:00:00,2026-01-04T00:00:00,2026-01-04T00:00:00,5.745
1000,SP01,000000000010000761,001,ERSA,MECH-SEAL,VB,20.000,2030066.00,2026-08-23T00:00:00,2026-06-12T00:00:00,2026-06-12T00:00:00,2026-08-23T00:00:00,5.790
4000,SP04,000000000080000179,004,ERSA,MILL-LINR,VB,2.000,546600.56,2026-08-13T00:00:00,2026-06-17T00:00:00,2026-06-17T00:00:00,2026-08-13T00:00:00,1.516
3000,SP03,000000000080000179,008,ERSA,MILL-LINR,VB,6.000,1639801.68,2026-03-31T00:00:00,2026-06-20T00:00:00,2026-06-20T00:00:00,2026-06-20T00:00:00,1.213
4000,SP04,000000000010000762,003,ERSA,ELEC-MOTR,VB,17.000,1005525.35,2026-03-13T00:00:00,2026-08-11T00:00:00,2026-08-11T00:00:00,2026-08-11T00:00:00,6.035
3000,SP03,000000000080000180,006,ERSA,ELEC-MOTR,VB,3.000,137568.96,2026-03-17T00:00:00,2026-08-19T00:00:00,2026-08-19T00:00:00,2026-08-19T00:00:00,2.494
4000,SP04,000000000010000763,004,ERSA,INST-XMTR,VB,14.000,845910.24,2026-06-08T00:00:00,2026-08-15T00:00:00,2026-08-15T00:00:00,2026-08-15T00:00:00,5.045
1000,SP01,000000000010000763,008,ERSA,INST-XMTR,VB,8.000,483377.28,2025-05-31T00:00:00,2026-08-31T00:00:00,2026-08-31T00:00:00,2026-08-31T00:00:00,7.751
4000,SP04,000000000080000181,008,ERSA,MECH-SEAL,VB,7.000,2377272.94,2026-08-07T00:00:00,2026-07-20T00:00:00,2026-07-20T00:00:00,2026-08-07T00:00:00,1.655
1000,SP01,000000000010000764,006,ERSA,HYDR-ASSY,VB,3.000,374324.13,2026-07-31T00:00:00,2026-08-22T00:00:00,2026-08-22T00:00:00,2026-08-22T00:00:00,1.891
3000,SP03,000000000010000764,007,ERSA,HYDR-ASSY,VB,21.000,2620268.91,2026-07-23T00:00:00,2026-06-28T00:00:00,2026-06-28T00:00:00,2026-07-23T00:00:00,5.164
3000,SP03,000000000010000765,003,ERSA,ELEC-MOTR,VB,0.000,0.00,,2024-12-24T00:00:00,2024-12-24T00:00:00,2024-12-24T00:00:00,5.875
2000,SP02,000000000010000766,007,ERSA,HYDR-ASSY,VB,43.000,821489.20,2026-05-16T00:00:00,2026-08-03T00:00:00,2026-08-03T00:00:00,2026-08-03T00:00:00,7.960
2000,SP02,000000000010000767,002,ERSA,MECH-PUMP,VB,0.000,0.00,,2023-11-19T00:00:00,2023-11-19T00:00:00,2023-11-19T00:00:00,0.000
1000,SP01,000000000080000182,005,ERSA,INST-XMTR,VB,8.000,1721292.48,2026-09-03T00:00:00,2026-06-01T00:00:00,2026-06-01T00:00:00,2026-09-03T00:00:00,1.910
2000,SP02,000000000030000173,005,HIBE,MECH-BRG,PD,0.000,0.00,2025-12-10T00:00:00,2026-01-29T00:00:00,2026-01-29T00:00:00,2026-01-29T00:00:00,0.000
1000,SP01,000000000010000768,003,ERSA,ELEC-CTRL,VB,0.000,0.00,,2024-12-31T00:00:00,2024-12-31T00:00:00,2024-12-31T00:00:00,5.627
2000,SP02,000000000010000769,007,ERSA,INST-XMTR,VB,7.000,653620.94,,2026-07-01T00:00:00,2026-07-01T00:00:00,2026-07-01T00:00:00,3.430
4000,SP04,000000000010000770,009,ERSA,CONV-COMP,VB,102.000,169979.94,2026-03-22T00:00:00,2026-08-24T00:00:00,2026-08-24T00:00:00,2026-08-24T00:00:00,30.039
4000,SP04,000000000030000174,002,ERSA,MECH-GBOX,PD,0.000,0.00,2026-04-05T00:00:00,2026-05-14T00:00:00,2026-05-14T00:00:00,2026-05-14T00:00:00,0.000
1000,SP01,000000000010000771,010,ERSA,HYDR-ASSY,VB,0.000,0.00,,2024-09-16T00:00:00,2024-09-16T00:00:00,2024-09-16T00:00:00,3.102
4000,SP04,000000000030000175,005,ERSA,MECH-PUMP,PD,10.000,1704883.30,2026-08-02T00:00:00,,,2026-08-02T00:00:00,0.000
3000,SP03,000000000030000175,010,ERSA,MECH-PUMP,PD,2.000,340976.66,2026-08-08T00:00:00,2026-08-13T00:00:00,2026-08-13T00:00:00,2026-08-13T00:00:00,0.000
1000,SP01,000000000010000772,006,ERSA,ELEC-MOTR,VB,0.000,0.00,,,,,1.357
3000,SP03,000000000010000773,007,ERSA,MECH-GBOX,VB,2.000,326958.82,2026-04-28T00:00:00,2026-06-07T00:00:00,2026-06-07T00:00:00,2026-06-07T00:00:00,0.946
4000,SP04,000000000010000774,003,ERSA,CONV-COMP,VB,3.000,157506.39,2026-01-25T00:00:00,2026-04-07T00:00:00,2026-04-07T00:00:00,2026-04-07T00:00:00,0.631
4000,SP04,000000000010000775,004,ERSA,MECH-GBOX,VB,5.000,765119.20,2026-03-30T00:00:00,2026-07-28T00:00:00,2026-07-28T00:00:00,2026-07-28T00:00:00,1.899
1000,SP01,000000000010000776,010,ERSA,CONV-COMP,VB,0.000,0.00,,2023-06-15T00:00:00,2023-06-15T00:00:00,2023-06-15T00:00:00,0.000
2000,SP02,000000000080000183,001,ERSA,MECH-BRG,VB,4.000,702114.00,2026-02-28T00:00:00,2026-06-21T00:00:00,2026-06-21T00:00:00,2026-06-21T00:00:00,1.163
4000,SP04,000000000010000777,004,ERSA,HYDR-ASSY,VB,8.000,1770100.96,2026-02-24T00:00:00,2026-07-20T00:00:00,2026-07-20T00:00:00,2026-07-20T00:00:00,4.619
4000,SP04,000000000080000184,005,ERSA,ELEC-CTRL,VB,10.000,3171771.90,2026-06-07T00:00:00,2026-07-18T00:00:00,2026-07-18T00:00:00,2026-07-18T00:00:00,3.799
1000,SP01,000000000010000778,010,ERSA,MECH-BRG,VB,0.000,0.00,2025-12-04T00:00:00,2026-07-16T00:00:00,2026-07-16T00:00:00,2026-07-16T00:00:00,4.557
4000,SP04,000000000010000779,005,ERSA,MECH-BRG,VB,0.000,0.00,,2024-10-21T00:00:00,2024-10-21T00:00:00,2024-10-21T00:00:00,13.410
2000,SP02,000000000090000045,006,ERSA,MECH-BRG,ND,21.000,2711057.79,,2024-09-26T00:00:00,2024-09-26T00:00:00,2024-09-26T00:00:00,0.000
1000,SP01,000000000010000780,008,ERSA,HYDR-ASSY,VB,0.000,0.00,,2025-01-01T00:00:00,2025-01-01T00:00:00,2025-01-01T00:00:00,3.200
2000,SP02,000000000010000781,003,HIBE,MECH-BRG,VB,9.000,6070711.05,2025-08-31T00:00:00,2026-08-26T00:00:00,2026-08-26T00:00:00,2026-08-26T00:00:00,6.739
2000,SP02,000000000010000782,008,ERSA,CONV-COMP,VB,4.000,394970.48,,2026-07-01T00:00:00,2026-07-01T00:00:00,2026-07-01T00:00:00,1.151
4000,SP04,000000000010000783,007,ERSA,MILL-LINR,VB,2.000,269619.60,2026-04-26T00:00:00,2026-08-17T00:00:00,2026-08-17T00:00:00,2026-08-17T00:00:00,0.639
4000,SP04,000000000030000176,001,ERSA,HYDR-ASSY,PD,0.000,0.00,2026-03-31T00:00:00,2026-04-23T00:00:00,2026-04-23T00:00:00,2026-04-23T00:00:00,0.000
1000,SP01,000000000010000784,007,ERSA,CONV-COMP,VB,28.000,352884.84,2026-04-11T00:00:00,2026-08-31T00:00:00,2026-08-31T00:00:00,2026-08-31T00:00:00,4.170
1000,SP01,000000000080000185,010,ERSA,ELEC-CTRL,VB,6.000,2472025.20,2025-11-29T00:00:00,2026-08-09T00:00:00,2026-08-09T00:00:00,2026-08-09T00:00:00,7.903
2000,SP02,000000000010000785,006,ERSA,MILL-LINR,VB,2.000,25159.64,,2026-07-16T00:00:00,2026-07-16T00:00:00,2026-07-16T00:00:00,1.971
2000,SP02,000000000010000786,010,ERSA,HYDR-ASSY,VB,10.000,981873.30,2025-09-28T00:00:00,2026-02-12T00:00:00,2026-02-12T00:00:00,2026-02-12T00:00:00,5.437
1000,SP01,000000000010000787,001,ERSA,MECH-SEAL,VB,11.000,8618555.77,2026-07-28T00:00:00,2026-06-09T00:00:00,2026-06-09T00:00:00,2026-07-28T00:00:00,3.952
3000,SP03,000000000010000788,010,ERSA,MECH-PUMP,VB,281.000,1680621.66,2026-08-11T00:00:00,2026-08-20T00:00:00,2026-08-20T00:00:00,2026-08-20T00:00:00,11.595
2000,SP02,000000000010000788,001,ERSA,MECH-PUMP,VB,0.000,0.00,2026-01-29T00:00:00,2026-07-26T00:00:00,2026-07-26T00:00:00,2026-07-26T00:00:00,2.789
4000,SP04,000000000010000789,005,ERSA,ELEC-CTRL,VB,0.000,0.00,,2023-09-26T00:00:00,2023-09-26T00:00:00,2023-09-26T00:00:00,0.000
1000,SP01,000000000030000177,002,ERSA,HYDR-ASSY,PD,0.000,0.00,2026-07-31T00:00:00,2026-09-07T00:00:00,2026-09-07T00:00:00,2026-09-07T00:00:00,0.000
2000,SP02,000000000010000790,006,ERSA,INST-XMTR,VB,1.000,42495.93,2026-04-04T00:00:00,2026-04-14T00:00:00,2026-04-14T00:00:00,2026-04-14T00:00:00,0.426
4000,SP04,000000000010000791,001,ERSA,MECH-SEAL,VB,1.000,168802.52,2026-02-15T00:00:00,2025-12-24T00:00:00,2025-12-24T00:00:00,2026-02-15T00:00:00,0.189
3000,SP03,000000000010000792,002,ERSA,MILL-LINR,VB,2.000,25778.16,2026-02-07T00:00:00,2026-01-02T00:00:00,2026-01-02T00:00:00,2026-02-07T00:00:00,0.871
2000,SP02,000000000010000793,004,ERSA,HYDR-ASSY,VB,0.000,0.00,,2025-05-17T00:00:00,2025-05-17T00:00:00,2025-05-17T00:00:00,21.103
4000,SP04,000000000030000178,004,ERSA,MECH-SEAL,PD,1.000,123413.11,2026-06-09T00:00:00,2026-07-17T00:00:00,2026-07-17T00:00:00,2026-07-17T00:00:00,0.000
3000,SP03,000000000030000178,005,ERSA,MECH-SEAL,PD,1.000,123413.11,2026-01-20T00:00:00,2026-01-22T00:00:00,2026-01-22T00:00:00,2026-01-22T00:00:00,0.000
1000,SP01,000000000010000794,002,ERSA,MILL-LINR,VB,6.000,3108243.60,2025-07-16T00:00:00,2026-06-25T00:00:00,2026-06-25T00:00:00,2026-06-25T00:00:00,5.570
4000,SP04,000000000010000795,005,ERSA,CONV-COMP,VB,13.000,1767773.80,2026-08-10T00:00:00,2026-06-02T00:00:00,2026-06-02T00:00:00,2026-08-10T00:00:00,1.937
3000,SP03,000000000010000795,008,ERSA,CONV-COMP,VB,8.000,1087860.80,2025-09-17T00:00:00,2025-11-30T00:00:00,2025-11-30T00:00:00,2025-11-30T00:00:00,2.658
2000,SP02,000000000090000046,005,HIBE,MECH-PUMP,ND,20.000,797174.80,,2023-03-26T00:00:00,2023-03-26T00:00:00,2023-03-26T00:00:00,0.000
3000,SP03,000000000010000796,007,ERSA,MECH-PUMP,VB,102.000,10166081.94,2026-04-16T00:00:00,2026-08-19T00:00:00,2026-08-19T00:00:00,2026-08-19T00:00:00,4.584
1000,SP01,000000000010000797,003,ERSA,ELEC-MOTR,VB,0.000,0.00,,2025-05-05T00:00:00,2025-05-05T00:00:00,2025-05-05T00:00:00,0.000
3000,SP03,000000000010000797,007,ERSA,ELEC-MOTR,VB,0.000,0.00,,2023-08-08T00:00:00,2023-08-08T00:00:00,2023-08-08T00:00:00,0.000
1000,SP01,000000000010000798,006,ERSA,ELEC-MOTR,VB,90.000,1992216.60,2026-05-20T00:00:00,2026-08-09T00:00:00,2026-08-09T00:00:00,2026-08-09T00:00:00,10.473
1000,SP01,000000000030000179,007,ERSA,MECH-GBOX,ND,1.000,60099.74,2026-01-24T00:00:00,2026-02-01T00:00:00,2026-02-01T00:00:00,2026-02-01T00:00:00,0.000
3000,SP03,000000000030000180,005,ERSA,MECH-PUMP,PD,10.000,1579473.60,2026-04-19T00:00:00,,,2026-04-19T00:00:00,0.000
4000,SP04,000000000030000181,003,ERSA,MILL-LINR,ND,3.000,483951.60,2026-09-07T00:00:00,2026-09-07T00:00:00,2026-09-07T00:00:00,2026-09-07T00:00:00,0.000
3000,SP03,000000000030000182,005,ERSA,MECH-SEAL,PD,3.000,74984.22,2026-08-24T00:00:00,,,2026-08-24T00:00:00,0.000
4000,SP04,000000000010000799,009,ERSA,MILL-LINR,VB,1.000,15367.30,2026-08-12T00:00:00,2026-07-19T00:00:00,2026-07-19T00:00:00,2026-08-12T00:00:00,0.193
3000,SP03,000000000010000799,008,ERSA,MILL-LINR,VB,1.000,15367.30,2026-06-19T00:00:00,2026-05-22T00:00:00,2026-05-22T00:00:00,2026-06-19T00:00:00,0.415
4000,SP04,000000000010000800,002,ERSA,MECH-SEAL,VB,5.000,895234.25,2026-03-30T00:00:00,2026-02-05T00:00:00,2026-02-05T00:00:00,2026-03-30T00:00:00,2.680
4000,SP04,000000000010000801,001,ERSA,MECH-GBOX,VB,0.000,0.00,,2023-02-03T00:00:00,2023-02-03T00:00:00,2023-02-03T00:00:00,0.000
2000,SP02,000000000010000802,005,HIBE,MILL-LINR,VB,29.000,478422.57,2026-05-28T00:00:00,2026-08-15T00:00:00,2026-08-15T00:00:00,2026-08-15T00:00:00,7.080
2000,SP02,000000000010000803,010,HIBE,HYDR-ASSY,VB,7.000,5086362.75,,2026-04-04T00:00:00,2026-04-04T00:00:00,2026-04-04T00:00:00,3.348
4000,SP04,000000000010000803,008,HIBE,HYDR-ASSY,VB,3.000,2179869.75,,2026-01-26T00:00:00,2026-01-26T00:00:00,2026-01-26T00:00:00,1.201
2000,SP02,000000000010000804,007,ERSA,MECH-GBOX,VB,0.000,0.00,,2023-08-06T00:00:00,2023-08-06T00:00:00,2023-08-06T00:00:00,0.000
1000,SP01,000000000010000805,002,ERSA,CONV-COMP,VB,2.000,51802.28,2026-07-12T00:00:00,2026-08-08T00:00:00,2026-08-08T00:00:00,2026-08-08T00:00:00,0.540
4000,SP04,000000000010000805,010,ERSA,CONV-COMP,VB,2.000,51802.28,2025-12-19T00:00:00,2026-04-14T00:00:00,2026-04-14T00:00:00,2026-04-14T00:00:00,0.858
4000,SP04,000000000010000806,006,ERSA,MECH-PUMP,VB,8.000,1267405.20,2026-08-06T00:00:00,2026-07-19T00:00:00,2026-07-19T00:00:00,2026-08-06T00:00:00,2.982
2000,SP02,000000000010000807,001,ERSA,INST-XMTR,VB,2.000,290395.42,2026-04-25T00:00:00,2026-06-16T00:00:00,2026-06-16T00:00:00,2026-06-16T00:00:00,0.889
2000,SP02,000000000010000808,008,ERSA,MECH-GBOX,VB,34.000,355004.20,2026-05-18T00:00:00,2026-09-02T00:00:00,2026-09-02T00:00:00,2026-09-02T00:00:00,12.992
4000,SP04,000000000010000808,008,ERSA,MECH-GBOX,VB,45.000,469858.50,2026-03-08T00:00:00,2026-09-04T00:00:00,2026-09-04T00:00:00,2026-09-04T00:00:00,6.642
2000,SP02,000000000010000809,008,ERSA,MECH-BRG,VB,11.000,957743.71,2026-03-10T00:00:00,2026-08-08T00:00:00,2026-08-08T00:00:00,2026-08-08T00:00:00,8.385
4000,SP04,000000000010000809,008,ERSA,MECH-BRG,VB,18.000,1567216.98,2026-04-01T00:00:00,2026-07-19T00:00:00,2026-07-19T00:00:00,2026-07-19T00:00:00,8.231
3000,SP03,000000000080000186,010,HIBE,MECH-BRG,VB,4.000,1720503.68,2026-05-04T00:00:00,2026-08-22T00:00:00,2026-08-22T00:00:00,2026-08-22T00:00:00,1.697
4000,SP04,000000000010000810,005,ERSA,MECH-GBOX,VB,88.000,1254334.40,2026-08-11T00:00:00,2026-08-04T00:00:00,2026-08-04T00:00:00,2026-08-11T00:00:00,6.739
1000,SP01,000000000010000811,008,ERSA,ELEC-CTRL,VB,0.000,0.00,,2025-04-06T00:00:00,2025-04-06T00:00:00,2025-04-06T00:00:00,1.069
1000,SP01,000000000030000183,009,ERSA,MECH-PUMP,ND,2.000,228173.86,2026-02-28T00:00:00,2026-03-04T00:00:00,2026-03-04T00:00:00,2026-03-04T00:00:00,0.000
1000,SP01,000000000010000812,009,ERSA,ELEC-MOTR,VB,138.000,2540956.74,2026-05-15T00:00:00,2026-08-03T00:00:00,2026-08-03T00:00:00,2026-08-03T00:00:00,20.775
2000,SP02,000000000030000184,001,ERSA,ELEC-MOTR,ND,4.000,262570.08,2026-07-19T00:00:00,2026-05-28T00:00:00,2026-05-28T00:00:00,2026-07-19T00:00:00,0.000
1000,SP01,000000000010000813,001,ERSA,MECH-BRG,VB,77.000,59135991.53,2026-03-12T00:00:00,2026-08-01T00:00:00,2026-08-01T00:00:00,2026-08-01T00:00:00,13.051
2000,SP02,000000000010000814,010,ERSA,CONV-COMP,VB,3.000,183548.85,2026-09-01T00:00:00,2026-08-02T00:00:00,2026-08-02T00:00:00,2026-09-01T00:00:00,0.727
3000,SP03,000000000030000185,006,ERSA,MECH-GBOX,PD,0.000,0.00,2025-12-27T00:00:00,2026-02-03T00:00:00,2026-02-03T00:00:00,2026-02-03T00:00:00,0.000
2000,SP02,000000000010000815,003,ERSA,MECH-BRG,VB,146.000,2023097.18,2026-03-27T00:00:00,2026-08-29T00:00:00,2026-08-29T00:00:00,2026-08-29T00:00:00,8.329
3000,SP03,000000000080000187,009,ERSA,ELEC-MOTR,VB,4.000,527153.12,2026-08-24T00:00:00,2026-06-04T00:00:00,2026-06-04T00:00:00,2026-08-24T00:00:00,0.946
4000,SP04,000000000010000816,003,ERSA,MECH-PUMP,VB,1.000,72280.59,2026-08-08T00:00:00,2026-09-05T00:00:00,2026-09-05T00:00:00,2026-09-05T00:00:00,1.411
4000,SP04,000000000010000817,010,ERSA,MECH-BRG,VB,18.000,2378369.16,2026-08-08T00:00:00,2026-06-29T00:00:00,2026-06-29T00:00:00,2026-08-08T00:00:00,4.726
1000,SP01,000000000010000817,007,ERSA,MECH-BRG,VB,6.000,792789.72,2026-08-24T00:00:00,2026-07-09T00:00:00,2026-07-09T00:00:00,2026-08-24T00:00:00,2.330
4000,SP04,000000000080000188,004,ERSA,ELEC-CTRL,VB,16.000,383672.48,2025-06-07T00:00:00,2026-07-06T00:00:00,2026-07-06T00:00:00,2026-07-06T00:00:00,14.304
2000,SP02,000000000030000186,009,ERSA,CONV-COMP,ND,3.000,42801.42,2025-11-14T00:00:00,,,2025-11-14T00:00:00,0.000
2000,SP02,000000000010000818,006,HIBE,CONV-COMP,VB,0.000,0.00,,2024-09-16T00:00:00,2024-09-16T00:00:00,2024-09-16T00:00:00,1.307
3000,SP03,000000000010000819,009,ERSA,ELEC-MOTR,VB,8.000,223505.84,2026-03-22T00:00:00,2026-03-29T00:00:00,2026-03-29T00:00:00,2026-03-29T00:00:00,3.475
1000,SP01,000000000010000820,001,ERSA,INST-XMTR,VB,1.000,39533.68,2026-06-05T00:00:00,2026-07-21T00:00:00,2026-07-21T00:00:00,2026-07-21T00:00:00,1.176
4000,SP04,000000000010000820,005,ERSA,INST-XMTR,VB,1.000,39533.68,,2026-08-29T00:00:00,2026-08-29T00:00:00,2026-08-29T00:00:00,1.341
2000,SP02,000000000010000821,001,ERSA,HYDR-ASSY,VB,59.000,1302001.97,2026-09-05T00:00:00,2026-08-30T00:00:00,2026-08-30T00:00:00,2026-09-05T00:00:00,5.090
3000,SP03,000000000010000821,010,ERSA,HYDR-ASSY,VB,61.000,1346137.63,2026-07-14T00:00:00,2026-09-01T00:00:00,2026-09-01T00:00:00,2026-09-01T00:00:00,5.351
3000,SP03,000000000010000822,002,ERSA,CONV-COMP,VB,1.000,71625.56,2026-03-03T00:00:00,2026-01-19T00:00:00,2026-01-19T00:00:00,2026-03-03T00:00:00,0.177
2000,SP02,000000000010000823,001,HIBE,MECH-PUMP,VB,7.000,1085435.40,2026-06-24T00:00:00,2026-09-05T00:00:00,2026-09-05T00:00:00,2026-09-05T00:00:00,2.860
3000,SP03,000000000030000187,005,HIBE,CONV-COMP,ND,1.000,108783.40,2026-02-08T00:00:00,2026-02-18T00:00:00,2026-02-18T00:00:00,2026-02-18T00:00:00,0.000
1000,SP01,000000000030000187,007,HIBE,CONV-COMP,ND,3.000,326350.20,2026-08-07T00:00:00,2026-02-05T00:00:00,2026-02-05T00:00:00,2026-08-07T00:00:00,0.000
1000,SP01,000000000080000189,001,ERSA,MECH-PUMP,VB,1.000,106722.41,2026-09-02T00:00:00,2026-05-21T00:00:00,2026-05-21T00:00:00,2026-09-02T00:00:00,0.725
2000,SP02,000000000080000189,005,ERSA,MECH-PUMP,VB,2.000,213444.82,2026-02-12T00:00:00,2026-05-11T00:00:00,2026-05-11T00:00:00,2026-05-11T00:00:00,1.707
1000,SP01,000000000010000824,005,ERSA,MECH-BRG,VB,16.000,2803968.32,2026-05-06T00:00:00,2026-08-24T00:00:00,2026-08-24T00:00:00,2026-08-24T00:00:00,10.279
4000,SP04,000000000010000824,001,ERSA,MECH-BRG,VB,6.000,1051488.12,2026-03-11T00:00:00,2026-05-22T00:00:00,2026-05-22T00:00:00,2026-05-22T00:00:00,5.501
1000,SP01,000000000010000825,001,ERSA,MILL-LINR,VB,0.000,0.00,,2025-01-29T00:00:00,2025-01-29T00:00:00,2025-01-29T00:00:00,0.000
4000,SP04,000000000010000825,008,ERSA,MILL-LINR,VB,0.000,0.00,,2024-10-25T00:00:00,2024-10-25T00:00:00,2024-10-25T00:00:00,0.000
4000,SP04,000000000010000826,002,ERSA,ELEC-CTRL,VB,5.000,972670.45,2026-02-20T00:00:00,2026-08-17T00:00:00,2026-08-17T00:00:00,2026-08-17T00:00:00,15.420
1000,SP01,000000000010000826,009,ERSA,ELEC-CTRL,VB,45.000,8754034.05,2026-04-11T00:00:00,2026-08-10T00:00:00,2026-08-10T00:00:00,2026-08-10T00:00:00,9.169
3000,SP03,000000000030000188,007,ERSA,MILL-LINR,ND,4.000,469975.52,2026-07-20T00:00:00,2026-02-12T00:00:00,2026-02-12T00:00:00,2026-07-20T00:00:00,0.000
2000,SP02,000000000010000827,008,ERSA,MILL-LINR,VB,11.000,1045698.61,2025-11-07T00:00:00,2026-05-30T00:00:00,2026-05-30T00:00:00,2026-05-30T00:00:00,2.645
4000,SP04,000000000080000190,007,ERSA,MECH-BRG,VB,2.000,315385.58,2026-07-14T00:00:00,2026-09-04T00:00:00,2026-09-04T00:00:00,2026-09-04T00:00:00,0.764
3000,SP03,000000000010000828,002,ERSA,MECH-GBOX,VB,16.000,12770774.72,2026-03-22T00:00:00,2026-07-28T00:00:00,2026-07-28T00:00:00,2026-07-28T00:00:00,3.793
1000,SP01,000000000010000829,004,ERSA,ELEC-CTRL,VB,13.000,1560732.42,2026-02-27T00:00:00,2026-05-04T00:00:00,2026-05-04T00:00:00,2026-05-04T00:00:00,3.154
2000,SP02,000000000010000830,001,ERSA,CONV-COMP,VB,0.000,0.00,,2024-11-09T00:00:00,2024-11-09T00:00:00,2024-11-09T00:00:00,5.471
4000,SP04,000000000080000191,002,HIBE,MECH-BRG,VB,11.000,328720.70,2026-06-07T00:00:00,2026-08-20T00:00:00,2026-08-20T00:00:00,2026-08-20T00:00:00,5.449
2000,SP02,000000000030000189,009,HIBE,MECH-PUMP,PD,2.000,937067.10,2026-05-26T00:00:00,2026-03-10T00:00:00,2026-03-10T00:00:00,2026-05-26T00:00:00,0.000
3000,SP03,000000000030000189,008,HIBE,MECH-PUMP,PD,2.000,937067.10,2026-07-26T00:00:00,2026-08-11T00:00:00,2026-08-11T00:00:00,2026-08-11T00:00:00,0.000
3000,SP03,000000000010000831,001,ERSA,MECH-BRG,VB,6.000,688515.42,2026-08-08T00:00:00,2026-05-14T00:00:00,2026-05-14T00:00:00,2026-08-08T00:00:00,0.855
1000,SP01,000000000010000831,003,ERSA,MECH-BRG,VB,1.000,114752.57,2026-05-06T00:00:00,2026-02-25T00:00:00,2026-02-25T00:00:00,2026-05-06T00:00:00,0.493
3000,SP03,000000000010000832,007,ERSA,MILL-LINR,VB,0.000,0.00,2026-01-07T00:00:00,2026-08-30T00:00:00,2026-08-30T00:00:00,2026-08-30T00:00:00,0.150
4000,SP04,000000000010000832,010,ERSA,MILL-LINR,VB,2.000,329681.58,2026-06-04T00:00:00,2026-04-18T00:00:00,2026-04-18T00:00:00,2026-06-04T00:00:00,0.404
1000,SP01,000000000090000047,006,ERSA,MECH-SEAL,ND,25.000,1663924.50,,2024-01-22T00:00:00,2024-01-22T00:00:00,2024-01-22T00:00:00,0.000
3000,SP03,000000000010000833,010,HIBE,MECH-BRG,VB,120.000,951679.20,2026-06-12T00:00:00,2026-08-01T00:00:00,2026-08-01T00:00:00,2026-08-01T00:00:00,30.654
4000,SP04,000000000010000834,009,HIBE,INST-XMTR,VB,1.000,141808.33,2026-05-22T00:00:00,2026-08-13T00:00:00,2026-08-13T00:00:00,2026-08-13T00:00:00,2.023
1000,SP01,000000000090000048,005,ERSA,HYDR-ASSY,ND,31.000,950252.92,,2022-12-28T00:00:00,2022-12-28T00:00:00,2022-12-28T00:00:00,0.000
1000,SP01,000000000030000190,009,ERSA,MILL-LINR,ND,0.000,0.00,2026-08-10T00:00:00,2026-08-26T00:00:00,2026-08-26T00:00:00,2026-08-26T00:00:00,0.000
2000,SP02,000000000010000835,003,ERSA,MECH-BRG,VB,0.000,0.00,,2024-11-08T00:00:00,2024-11-08T00:00:00,2024-11-08T00:00:00,3.283
3000,SP03,000000000010000836,003,ERSA,MECH-BRG,VB,11.000,911933.99,2025-08-04T00:00:00,2026-06-20T00:00:00,2026-06-20T00:00:00,2026-06-20T00:00:00,9.523
2000,SP02,000000000030000191,006,ERSA,MECH-SEAL,PD,0.000,0.00,2026-04-10T00:00:00,2026-04-29T00:00:00,2026-04-29T00:00:00,2026-04-29T00:00:00,0.000
4000,SP04,000000000030000192,009,ERSA,ELEC-MOTR,ND,0.000,0.00,2026-08-31T00:00:00,2026-09-07T00:00:00,2026-09-07T00:00:00,2026-09-07T00:00:00,0.000
1000,SP01,000000000030000192,003,ERSA,ELEC-MOTR,PD,2.000,646818.96,2026-06-24T00:00:00,2026-07-19T00:00:00,2026-07-19T00:00:00,2026-07-19T00:00:00,0.000
1000,SP01,000000000010000837,002,ERSA,MECH-BRG,VB,4.000,223265.56,,2026-09-06T00:00:00,2026-09-06T00:00:00,2026-09-06T00:00:00,2.330
2000,SP02,000000000010000837,003,ERSA,MECH-BRG,VB,10.000,558163.90,,2026-07-31T00:00:00,2026-07-31T00:00:00,2026-07-31T00:00:00,1.276
2000,SP02,000000000010000838,001,ERSA,INST-XMTR,VB,18.000,982320.84,2025-12-03T00:00:00,2026-07-10T00:00:00,2026-07-10T00:00:00,2026-07-10T00:00:00,7.144
4000,SP04,000000000010000839,008,ERSA,CONV-COMP,VB,1.000,97863.45,,2026-08-06T00:00:00,2026-08-06T00:00:00,2026-08-06T00:00:00,0.543
1000,SP01,000000000010000839,007,ERSA,CONV-COMP,VB,2.000,195726.90,,2026-09-05T00:00:00,2026-09-05T00:00:00,2026-09-05T00:00:00,0.267
4000,SP04,000000000010000840,009,ERSA,MECH-PUMP,VB,3.000,434519.73,2026-07-06T00:00:00,2026-08-29T00:00:00,2026-08-29T00:00:00,2026-08-29T00:00:00,1.360
3000,SP03,000000000010000841,007,ERSA,MECH-BRG,VB,0.000,0.00,,2025-06-15T00:00:00,2025-06-15T00:00:00,2025-06-15T00:00:00,0.000
4000,SP04,000000000010000841,007,ERSA,MECH-BRG,VB,0.000,0.00,,2024-03-22T00:00:00,2024-03-22T00:00:00,2024-03-22T00:00:00,0.000
1000,SP01,000000000010000842,010,ERSA,INST-XMTR,VB,50.000,1038177.00,2026-04-04T00:00:00,2026-08-14T00:00:00,2026-08-14T00:00:00,2026-08-14T00:00:00,8.609
3000,SP03,000000000010000842,007,ERSA,INST-XMTR,VB,60.000,1245812.40,2026-07-13T00:00:00,2026-08-25T00:00:00,2026-08-25T00:00:00,2026-08-25T00:00:00,7.848
1000,SP01,000000000080000192,005,ERSA,CONV-COMP,VB,10.000,2801851.30,2026-08-27T00:00:00,2026-08-13T00:00:00,2026-08-13T00:00:00,2026-08-27T00:00:00,3.099
1000,SP01,000000000030000193,010,ERSA,CONV-COMP,PD,1.000,3789.48,2026-07-26T00:00:00,,,2026-07-26T00:00:00,0.000
1000,SP01,000000000030000194,001,ERSA,CONV-COMP,ND,0.000,0.00,2026-05-21T00:00:00,2026-07-09T00:00:00,2026-07-09T00:00:00,2026-07-09T00:00:00,0.000
2000,SP02,000000000010000843,004,HIBE,MECH-PUMP,VB,7.000,929778.64,2026-06-24T00:00:00,2026-09-06T00:00:00,2026-09-06T00:00:00,2026-09-06T00:00:00,3.701
4000,SP04,000000000010000843,006,HIBE,MECH-PUMP,VB,7.000,929778.64,2026-07-31T00:00:00,2026-06-13T00:00:00,2026-06-13T00:00:00,2026-07-31T00:00:00,2.881
3000,SP03,000000000010000844,006,ERSA,CONV-COMP,VB,4.000,336737.60,2026-05-07T00:00:00,2026-04-19T00:00:00,2026-04-19T00:00:00,2026-05-07T00:00:00,1.515
1000,SP01,000000000080000193,006,ERSA,ELEC-MOTR,VB,3.000,352236.66,2026-06-07T00:00:00,2026-08-08T00:00:00,2026-08-08T00:00:00,2026-08-08T00:00:00,2.614
2000,SP02,000000000010000845,009,ERSA,MECH-PUMP,VB,0.000,0.00,2026-05-28T00:00:00,2026-08-01T00:00:00,2026-08-01T00:00:00,2026-08-01T00:00:00,1.078
3000,SP03,000000000010000845,003,ERSA,MECH-PUMP,VB,6.000,829294.56,2025-08-21T00:00:00,2025-07-17T00:00:00,2025-07-17T00:00:00,2025-08-21T00:00:00,1.215
3000,SP03,000000000030000195,005,ERSA,MECH-GBOX,ND,0.000,0.00,2026-03-23T00:00:00,2026-05-02T00:00:00,2026-05-02T00:00:00,2026-05-02T00:00:00,0.000
2000,SP02,000000000010000846,010,ERSA,MECH-PUMP,VB,0.000,0.00,,2023-01-10T00:00:00,2023-01-10T00:00:00,2023-01-10T00:00:00,0.000
1000,SP01,000000000010000846,008,ERSA,MECH-PUMP,VB,0.000,0.00,,2024-12-31T00:00:00,2024-12-31T00:00:00,2024-12-31T00:00:00,0.000
3000,SP03,000000000010000847,007,ERSA,ELEC-CTRL,VB,1.000,29931.65,2026-07-13T00:00:00,2026-08-19T00:00:00,2026-08-19T00:00:00,2026-08-19T00:00:00,3.091
3000,SP03,000000000080000194,001,ERSA,INST-XMTR,VB,6.000,2210835.36,2026-02-10T00:00:00,2026-06-07T00:00:00,2026-06-07T00:00:00,2026-06-07T00:00:00,1.360
1000,SP01,000000000080000194,004,ERSA,INST-XMTR,VB,9.000,3316253.04,2026-06-13T00:00:00,2026-08-05T00:00:00,2026-08-05T00:00:00,2026-08-05T00:00:00,1.581
3000,SP03,000000000080000195,001,ERSA,MECH-BRG,VB,7.000,2978965.01,2025-11-11T00:00:00,2026-08-05T00:00:00,2026-08-05T00:00:00,2026-08-05T00:00:00,0.934
3000,SP03,000000000010000848,004,ERSA,MECH-GBOX,VB,1.000,114119.67,2026-08-20T00:00:00,2026-08-23T00:00:00,2026-08-23T00:00:00,2026-08-23T00:00:00,0.967
1000,SP01,000000000010000849,006,ERSA,INST-XMTR,VB,3.000,508925.91,2026-07-23T00:00:00,2026-06-14T00:00:00,2026-06-14T00:00:00,2026-07-23T00:00:00,1.425
3000,SP03,000000000080000196,005,ERSA,MECH-SEAL,VB,13.000,2782522.47,2026-08-22T00:00:00,2026-05-18T00:00:00,2026-05-18T00:00:00,2026-08-22T00:00:00,5.734
2000,SP02,000000000080000196,004,ERSA,MECH-SEAL,VB,6.000,1284241.14,2026-05-01T00:00:00,2026-08-15T00:00:00,2026-08-15T00:00:00,2026-08-15T00:00:00,10.028
4000,SP04,000000000010000850,005,ERSA,ELEC-CTRL,VB,1.000,710087.19,2025-09-26T00:00:00,2026-07-10T00:00:00,2026-07-10T00:00:00,2026-07-10T00:00:00,2.631
2000,SP02,000000000010000850,001,ERSA,ELEC-CTRL,VB,7.000,4970610.33,2026-05-18T00:00:00,2026-07-01T00:00:00,2026-07-01T00:00:00,2026-07-01T00:00:00,3.175
1000,SP01,000000000080000197,001,ERSA,INST-XMTR,VB,21.000,5261502.12,2026-05-10T00:00:00,2026-08-23T00:00:00,2026-08-23T00:00:00,2026-08-23T00:00:00,14.595
3000,SP03,000000000010000851,008,ERSA,INST-XMTR,VB,8.000,412590.24,2025-11-19T00:00:00,2026-08-15T00:00:00,2026-08-15T00:00:00,2026-08-15T00:00:00,1.928
2000,SP02,000000000010000851,009,ERSA,INST-XMTR,VB,20.000,1031475.60,2026-08-02T00:00:00,2026-09-06T00:00:00,2026-09-06T00:00:00,2026-09-06T00:00:00,7.366
1000,SP01,000000000010000852,002,ERSA,MILL-LINR,VB,0.000,0.00,,2024-10-04T00:00:00,2024-10-04T00:00:00,2024-10-04T00:00:00,7.549
4000,SP04,000000000010000852,007,ERSA,MILL-LINR,VB,0.000,0.00,,2024-09-03T00:00:00,2024-09-03T00:00:00,2024-09-03T00:00:00,8.482
1000,SP01,000000000010000853,010,ERSA,ELEC-MOTR,VB,11.000,869569.25,2026-08-19T00:00:00,2026-08-25T00:00:00,2026-08-25T00:00:00,2026-08-25T00:00:00,3.240
4000,SP04,000000000010000854,004,ERSA,MECH-BRG,VB,298.000,1651209.06,2026-08-08T00:00:00,2026-08-09T00:00:00,2026-08-09T00:00:00,2026-08-09T00:00:00,28.251
1000,SP01,000000000010000854,010,ERSA,MECH-BRG,VB,73.000,404490.81,2026-01-28T00:00:00,2026-09-02T00:00:00,2026-09-02T00:00:00,2026-09-02T00:00:00,10.750
4000,SP04,000000000010000855,003,ERSA,MECH-BRG,VB,4.000,341464.36,2025-12-11T00:00:00,2026-07-31T00:00:00,2026-07-31T00:00:00,2026-07-31T00:00:00,1.117
1000,SP01,000000000010000856,003,ERSA,ELEC-MOTR,VB,0.000,0.00,,2023-07-04T00:00:00,2023-07-04T00:00:00,2023-07-04T00:00:00,0.000
2000,SP02,000000000090000049,010,ERSA,ELEC-MOTR,ND,16.000,823170.56,,2024-09-24T00:00:00,2024-09-24T00:00:00,2024-09-24T00:00:00,0.000
4000,SP04,000000000090000049,007,ERSA,ELEC-MOTR,ND,25.000,1286204.00,,2024-11-07T00:00:00,2024-11-07T00:00:00,2024-11-07T00:00:00,0.000
2000,SP02,000000000010000857,009,ERSA,MECH-BRG,VB,0.000,0.00,2026-08-20T00:00:00,2026-09-02T00:00:00,2026-09-02T00:00:00,2026-09-02T00:00:00,0.379
1000,SP01,000000000010000857,007,ERSA,MECH-BRG,VB,1.000,149073.87,2026-08-04T00:00:00,2026-07-12T00:00:00,2026-07-12T00:00:00,2026-08-04T00:00:00,0.495
1000,SP01,000000000010000858,001,ERSA,ELEC-MOTR,VB,0.000,0.00,,2026-08-30T00:00:00,2026-08-30T00:00:00,2026-08-30T00:00:00,0.702
4000,SP04,000000000010000858,004,ERSA,ELEC-MOTR,VB,1.000,116411.27,,2026-06-21T00:00:00,2026-06-21T00:00:00,2026-06-21T00:00:00,0.330
1000,SP01,000000000010000859,004,HIBE,MECH-PUMP,VB,4.000,302688.48,2026-01-22T00:00:00,2026-08-13T00:00:00,2026-08-13T00:00:00,2026-08-13T00:00:00,4.159
2000,SP02,000000000010000859,010,HIBE,MECH-PUMP,VB,8.000,605376.96,2026-04-19T00:00:00,2026-08-07T00:00:00,2026-08-07T00:00:00,2026-08-07T00:00:00,8.022
3000,SP03,000000000010000860,008,ERSA,ELEC-CTRL,VB,0.000,0.00,,2025-04-30T00:00:00,2025-04-30T00:00:00,2025-04-30T00:00:00,3.562
1000,SP01,000000000010000860,006,ERSA,ELEC-CTRL,VB,0.000,0.00,,2025-02-18T00:00:00,2025-02-18T00:00:00,2025-02-18T00:00:00,12.756
3000,SP03,000000000010000861,010,ERSA,MECH-SEAL,VB,6.000,1049261.52,2026-06-09T00:00:00,2026-04-12T00:00:00,2026-04-12T00:00:00,2026-06-09T00:00:00,2.241
3000,SP03,000000000030000196,004,ERSA,MECH-SEAL,ND,6.000,469255.14,2026-07-25T00:00:00,2026-08-20T00:00:00,2026-08-20T00:00:00,2026-08-20T00:00:00,0.000
4000,SP04,000000000010000862,009,HIBE,ELEC-MOTR,VB,0.000,0.00,,2024-09-07T00:00:00,2024-09-07T00:00:00,2024-09-07T00:00:00,3.340
4000,SP04,000000000010000863,003,ERSA,MECH-PUMP,VB,3.000,167780.70,,2025-11-27T00:00:00,2025-11-27T00:00:00,2025-11-27T00:00:00,0.634
3000,SP03,000000000010000863,001,ERSA,MECH-PUMP,VB,1.000,55926.90,2026-09-04T00:00:00,2026-06-20T00:00:00,2026-06-20T00:00:00,2026-09-04T00:00:00,0.348
4000,SP04,000000000010000864,002,ERSA,MECH-SEAL,VB,7.000,3126004.70,2026-03-09T00:00:00,2026-03-13T00:00:00,2026-03-13T00:00:00,2026-03-13T00:00:00,2.598
3000,SP03,000000000010000864,010,ERSA,MECH-SEAL,VB,1.000,446572.10,2026-06-23T00:00:00,2026-08-06T00:00:00,2026-08-06T00:00:00,2026-08-06T00:00:00,0.892
2000,SP02,000000000080000198,002,HIBE,MILL-LINR,VB,5.000,1084592.45,2026-04-05T00:00:00,2026-06-27T00:00:00,2026-06-27T00:00:00,2026-06-27T00:00:00,2.167
1000,SP01,000000000010000865,001,HIBE,HYDR-ASSY,VB,23.000,405654.22,2026-03-14T00:00:00,2026-08-06T00:00:00,2026-08-06T00:00:00,2026-08-06T00:00:00,10.757
4000,SP04,000000000010000865,004,HIBE,HYDR-ASSY,VB,264.000,4656204.96,2026-09-06T00:00:00,2026-06-03T00:00:00,2026-06-03T00:00:00,2026-09-06T00:00:00,15.183
2000,SP02,000000000080000199,007,ERSA,MECH-PUMP,VB,3.000,1215212.61,2026-03-01T00:00:00,2026-08-22T00:00:00,2026-08-22T00:00:00,2026-08-22T00:00:00,0.739
2000,SP02,000000000010000866,002,ERSA,ELEC-MOTR,VB,2.000,14138.50,2026-02-22T00:00:00,2026-01-10T00:00:00,2026-01-10T00:00:00,2026-02-22T00:00:00,0.367
4000,SP04,000000000010000866,006,ERSA,ELEC-MOTR,VB,1.000,7069.25,2026-05-17T00:00:00,2026-05-07T00:00:00,2026-05-07T00:00:00,2026-05-17T00:00:00,0.182
4000,SP04,000000000010000867,008,ERSA,MECH-BRG,VB,1.000,68727.68,2026-03-07T00:00:00,2026-07-02T00:00:00,2026-07-02T00:00:00,2026-07-02T00:00:00,1.407
4000,SP04,000000000090000050,009,ERSA,MECH-BRG,ND,29.000,1639976.10,,2024-02-01T00:00:00,2024-02-01T00:00:00,2024-02-01T00:00:00,0.000
4000,SP04,000000000010000868,001,ERSA,MECH-BRG,VB,0.000,0.00,2025-12-08T00:00:00,2026-05-31T00:00:00,2026-05-31T00:00:00,2026-05-31T00:00:00,2.902
3000,SP03,000000000030000197,006,ERSA,ELEC-MOTR,PD,2.000,185431.74,2026-05-20T00:00:00,2026-06-20T00:00:00,2026-06-20T00:00:00,2026-06-20T00:00:00,0.000
4000,SP04,000000000030000197,006,ERSA,ELEC-MOTR,ND,0.000,0.00,2026-08-13T00:00:00,2026-08-15T00:00:00,2026-08-15T00:00:00,2026-08-15T00:00:00,0.000
1000,SP01,000000000010000869,007,HIBE,HYDR-ASSY,VB,6.000,4323552.18,2025-11-09T00:00:00,2026-08-11T00:00:00,2026-08-11T00:00:00,2026-08-11T00:00:00,3.405
1000,SP01,000000000080000200,001,ERSA,MECH-GBOX,VB,7.000,1862161.28,2026-02-22T00:00:00,2026-07-05T00:00:00,2026-07-05T00:00:00,2026-07-05T00:00:00,2.193
3000,SP03,000000000010000870,003,ERSA,MILL-LINR,VB,10.000,830163.30,2025-11-19T00:00:00,2026-07-02T00:00:00,2026-07-02T00:00:00,2026-07-02T00:00:00,8.597
4000,SP04,000000000010000871,003,ERSA,MILL-LINR,VB,2.000,166712.12,2026-04-29T00:00:00,2026-03-06T00:00:00,2026-03-06T00:00:00,2026-04-29T00:00:00,0.252
2000,SP02,000000000030000198,003,ERSA,ELEC-MOTR,ND,2.000,132878.14,2026-03-16T00:00:00,,,2026-03-16T00:00:00,0.000
2000,SP02,000000000010000872,008,ERSA,ELEC-MOTR,VB,0.000,0.00,,2024-10-04T00:00:00,2024-10-04T00:00:00,2024-10-04T00:00:00,8.655
2000,SP02,000000000010000873,006,HIBE,INST-XMTR,VB,19.000,12452841.11,2026-02-06T00:00:00,2026-02-10T00:00:00,2026-02-10T00:00:00,2026-02-10T00:00:00,3.847
1000,SP01,000000000010000873,002,HIBE,INST-XMTR,VB,6.000,3932476.14,2026-06-08T00:00:00,2026-07-14T00:00:00,2026-07-14T00:00:00,2026-07-14T00:00:00,4.082
1000,SP01,000000000010000874,006,HIBE,ELEC-MOTR,VB,0.000,0.00,,2023-09-25T00:00:00,2023-09-25T00:00:00,2023-09-25T00:00:00,0.000
3000,SP03,000000000030000199,010,ERSA,HYDR-ASSY,ND,3.000,227411.73,2026-07-18T00:00:00,2026-07-19T00:00:00,2026-07-19T00:00:00,2026-07-19T00:00:00,0.000
2000,SP02,000000000010000875,005,ERSA,INST-XMTR,VB,2.000,1424990.98,2025-11-22T00:00:00,2026-07-08T00:00:00,2026-07-08T00:00:00,2026-07-08T00:00:00,2.350
1000,SP01,000000000030000200,002,HIBE,ELEC-CTRL,PD,2.000,47288.56,2026-02-07T00:00:00,2026-02-19T00:00:00,2026-02-19T00:00:00,2026-02-19T00:00:00,0.000
1000,SP01,000000000080000201,007,ERSA,HYDR-ASSY,VB,8.000,1137563.12,2026-08-31T00:00:00,2026-08-30T00:00:00,2026-08-30T00:00:00,2026-08-31T00:00:00,4.436
3000,SP03,000000000090000051,007,ERSA,HYDR-ASSY,ND,10.000,1357972.60,,2025-06-04T00:00:00,2025-06-04T00:00:00,2025-06-04T00:00:00,0.000
4000,SP04,000000000010000876,008,ERSA,CONV-COMP,VB,0.000,0.00,,2024-10-09T00:00:00,2024-10-09T00:00:00,2024-10-09T00:00:00,8.796
4000,SP04,000000000010000877,010,ERSA,INST-XMTR,VB,15.000,5139121.05,,2026-05-09T00:00:00,2026-05-09T00:00:00,2026-05-09T00:00:00,1.214
2000,SP02,000000000010000877,007,ERSA,INST-XMTR,VB,8.000,2740864.56,2026-07-12T00:00:00,2026-02-16T00:00:00,2026-02-16T00:00:00,2026-07-12T00:00:00,3.059
2000,SP02,000000000010000878,004,ERSA,MECH-GBOX,VB,2.000,178062.70,2026-05-03T00:00:00,2026-08-01T00:00:00,2026-08-01T00:00:00,2026-08-01T00:00:00,1.385
4000,SP04,000000000090000052,002,ERSA,MILL-LINR,ND,38.000,5414836.60,,2022-11-07T00:00:00,2022-11-07T00:00:00,2022-11-07T00:00:00,0.000
1000,SP01,000000000090000052,001,ERSA,MILL-LINR,ND,24.000,3419896.80,,2022-08-20T00:00:00,2022-08-20T00:00:00,2022-08-20T00:00:00,0.000
2000,SP02,000000000010000879,009,ERSA,MECH-BRG,VB,2.000,650181.16,,2026-08-05T00:00:00,2026-08-05T00:00:00,2026-08-05T00:00:00,1.512
4000,SP04,000000000010000879,001,ERSA,MECH-BRG,VB,1.000,325090.58,2025-11-27T00:00:00,2026-08-10T00:00:00,2026-08-10T00:00:00,2026-08-10T00:00:00,1.132
3000,SP03,000000000010000880,008,ERSA,MECH-BRG,VB,0.000,0.00,,2023-11-26T00:00:00,2023-11-26T00:00:00,2023-11-26T00:00:00,0.000
1000,SP01,000000000010000880,005,ERSA,MECH-BRG,VB,0.000,0.00,,2023-04-17T00:00:00,2023-04-17T00:00:00,2023-04-17T00:00:00,0.000
2000,SP02,000000000030000201,001,ERSA,ELEC-CTRL,ND,0.000,0.00,2026-03-28T00:00:00,2026-04-27T00:00:00,2026-04-27T00:00:00,2026-04-27T00:00:00,0.000
2000,SP02,000000000010000881,009,ERSA,MECH-SEAL,VB,1.000,115620.06,2026-05-11T00:00:00,2026-08-22T00:00:00,2026-08-22T00:00:00,2026-08-22T00:00:00,0.657
2000,SP02,000000000010000882,006,ERSA,ELEC-MOTR,VB,22.000,70331.80,2026-05-06T00:00:00,2026-08-13T00:00:00,2026-08-13T00:00:00,2026-08-13T00:00:00,15.411
2000,SP02,000000000080000202,004,ERSA,INST-XMTR,VB,9.000,2610458.19,2026-08-26T00:00:00,2026-07-10T00:00:00,2026-07-10T00:00:00,2026-08-26T00:00:00,4.022
3000,SP03,000000000010000883,003,ERSA,MECH-SEAL,VB,31.000,320626.18,2026-06-23T00:00:00,2026-09-04T00:00:00,2026-09-04T00:00:00,2026-09-04T00:00:00,7.442
2000,SP02,000000000080000203,006,ERSA,ELEC-CTRL,VB,6.000,1678800.00,2026-05-23T00:00:00,2026-09-01T00:00:00,2026-09-01T00:00:00,2026-09-01T00:00:00,4.458
4000,SP04,000000000010000884,009,ERSA,MECH-SEAL,VB,5.000,95008.00,2026-05-24T00:00:00,2026-09-03T00:00:00,2026-09-03T00:00:00,2026-09-03T00:00:00,9.151
2000,SP02,000000000010000885,005,ERSA,HYDR-ASSY,VB,0.000,0.00,,2022-12-31T00:00:00,2022-12-31T00:00:00,2022-12-31T00:00:00,0.000
4000,SP04,000000000010000886,003,ERSA,MILL-LINR,VB,10.000,1680671.90,2026-06-10T00:00:00,2026-07-03T00:00:00,2026-07-03T00:00:00,2026-07-03T00:00:00,3.184
4000,SP04,000000000080000204,003,ERSA,CONV-COMP,VB,23.000,6473139.09,2025-08-30T00:00:00,2026-08-17T00:00:00,2026-08-17T00:00:00,2026-08-17T00:00:00,14.776
3000,SP03,000000000010000887,009,ERSA,INST-XMTR,VB,0.000,0.00,,2025-02-15T00:00:00,2025-02-15T00:00:00,2025-02-15T00:00:00,14.528
2000,SP02,000000000010000887,002,ERSA,INST-XMTR,VB,0.000,0.00,,2024-11-05T00:00:00,2024-11-05T00:00:00,2024-11-05T00:00:00,3.762
2000,SP02,000000000010000888,002,ERSA,MECH-BRG,VB,4.000,11639.08,2025-02-06T00:00:00,2026-09-06T00:00:00,2026-09-06T00:00:00,2026-09-06T00:00:00,2.155
4000,SP04,000000000010000889,004,ERSA,HYDR-ASSY,VB,14.000,1799478.24,2026-07-17T00:00:00,2026-07-16T00:00:00,2026-07-16T00:00:00,2026-07-17T00:00:00,2.592
3000,SP03,000000000030000202,009,ERSA,HYDR-ASSY,PD,3.000,169800.96,2026-07-25T00:00:00,2026-09-06T00:00:00,2026-09-06T00:00:00,2026-09-06T00:00:00,0.000
2000,SP02,000000000010000890,004,ERSA,MECH-SEAL,VB,4.000,694012.76,2026-07-20T00:00:00,2026-06-07T00:00:00,2026-06-07T00:00:00,2026-07-20T00:00:00,0.645
2000,SP02,000000000010000891,007,ERSA,MECH-SEAL,VB,3.000,358277.01,,2026-07-04T00:00:00,2026-07-04T00:00:00,2026-07-04T00:00:00,0.874
3000,SP03,000000000010000892,009,ERSA,INST-XMTR,VB,0.000,0.00,,2024-12-26T00:00:00,2024-12-26T00:00:00,2024-12-26T00:00:00,5.417
1000,SP01,000000000010000892,009,ERSA,INST-XMTR,VB,0.000,0.00,,2025-01-06T00:00:00,2025-01-06T00:00:00,2025-01-06T00:00:00,11.380
1000,SP01,000000000030000203,005,ERSA,ELEC-MOTR,ND,0.000,0.00,2026-05-21T00:00:00,2026-07-08T00:00:00,2026-07-08T00:00:00,2026-07-08T00:00:00,0.000
4000,SP04,000000000010000893,003,ERSA,MECH-PUMP,VB,2.000,275049.60,2026-07-14T00:00:00,2026-04-01T00:00:00,2026-04-01T00:00:00,2026-07-14T00:00:00,0.995
3000,SP03,000000000010000893,006,ERSA,MECH-PUMP,VB,6.000,825148.80,,2026-03-16T00:00:00,2026-03-16T00:00:00,2026-03-16T00:00:00,2.082
4000,SP04,000000000010000894,007,ERSA,CONV-COMP,VB,1.000,94880.76,2026-05-21T00:00:00,2026-06-27T00:00:00,2026-06-27T00:00:00,2026-06-27T00:00:00,0.524
1000,SP01,000000000010000894,010,ERSA,CONV-COMP,VB,2.000,189761.52,2026-07-05T00:00:00,2026-07-10T00:00:00,2026-07-10T00:00:00,2026-07-10T00:00:00,0.890
2000,SP02,000000000010000895,009,ERSA,CONV-COMP,VB,0.000,0.00,,2025-07-16T00:00:00,2025-07-16T00:00:00,2025-07-16T00:00:00,0.000
4000,SP04,000000000010000895,008,ERSA,CONV-COMP,VB,0.000,0.00,,2024-02-07T00:00:00,2024-02-07T00:00:00,2024-02-07T00:00:00,0.000
1000,SP01,000000000080000205,006,ERSA,MECH-BRG,VB,3.000,390089.52,2026-04-11T00:00:00,2026-06-02T00:00:00,2026-06-02T00:00:00,2026-06-02T00:00:00,1.937
2000,SP02,000000000010000896,004,ERSA,INST-XMTR,VB,0.000,0.00,,2024-12-05T00:00:00,2024-12-05T00:00:00,2024-12-05T00:00:00,6.944
3000,SP03,000000000080000206,003,ERSA,MILL-LINR,VB,16.000,5800549.12,2026-09-01T00:00:00,2026-07-04T00:00:00,2026-07-04T00:00:00,2026-09-01T00:00:00,2.161
2000,SP02,000000000010000897,007,ERSA,ELEC-MOTR,VB,19.000,7691946.70,2026-06-29T00:00:00,2026-08-06T00:00:00,2026-08-06T00:00:00,2026-08-06T00:00:00,8.632
3000,SP03,000000000010000898,005,ERSA,MILL-LINR,VB,1.000,93284.66,2025-10-26T00:00:00,2026-06-24T00:00:00,2026-06-24T00:00:00,2026-06-24T00:00:00,0.206
3000,SP03,000000000030000204,004,ERSA,MECH-GBOX,PD,7.000,153446.93,2026-06-18T00:00:00,2026-07-04T00:00:00,2026-07-04T00:00:00,2026-07-04T00:00:00,0.000
3000,SP03,000000000010000899,010,ERSA,HYDR-ASSY,VB,0.000,0.00,,2024-09-10T00:00:00,2024-09-10T00:00:00,2024-09-10T00:00:00,0.000
3000,SP03,000000000090000053,006,ERSA,HYDR-ASSY,ND,16.000,332317.92,,2025-02-18T00:00:00,2025-02-18T00:00:00,2025-02-18T00:00:00,0.000
2000,SP02,000000000090000053,005,ERSA,HYDR-ASSY,ND,24.000,498476.88,,2022-11-14T00:00:00,2022-11-14T00:00:00,2022-11-14T00:00:00,0.000
2000,SP02,000000000010000900,007,ERSA,MILL-LINR,VB,17.000,2716431.02,2026-08-22T00:00:00,2026-05-28T00:00:00,2026-05-28T00:00:00,2026-08-22T00:00:00,1.743
4000,SP04,000000000010000901,008,ERSA,HYDR-ASSY,VB,8.000,303458.32,2026-06-08T00:00:00,2026-06-12T00:00:00,2026-06-12T00:00:00,2026-06-12T00:00:00,1.804
2000,SP02,000000000030000205,002,ERSA,INST-XMTR,ND,1.000,132317.21,2026-01-06T00:00:00,2026-02-18T00:00:00,2026-02-18T00:00:00,2026-02-18T00:00:00,0.000
4000,SP04,000000000010000902,007,HIBE,MECH-SEAL,VB,0.000,0.00,,2023-12-16T00:00:00,2023-12-16T00:00:00,2023-12-16T00:00:00,0.000
2000,SP02,000000000010000902,001,HIBE,MECH-SEAL,VB,0.000,0.00,,2022-10-04T00:00:00,2022-10-04T00:00:00,2022-10-04T00:00:00,0.000
3000,SP03,000000000010000903,004,ERSA,MECH-PUMP,VB,0.000,0.00,,2023-04-08T00:00:00,2023-04-08T00:00:00,2023-04-08T00:00:00,0.000
2000,SP02,000000000030000206,003,ERSA,MECH-PUMP,PD,6.000,528444.96,2026-05-18T00:00:00,2026-06-05T00:00:00,2026-06-05T00:00:00,2026-06-05T00:00:00,0.000
3000,SP03,000000000030000206,003,ERSA,MECH-PUMP,ND,1.000,88074.16,2026-07-19T00:00:00,,,2026-07-19T00:00:00,0.000
1000,SP01,000000000010000904,001,ERSA,HYDR-ASSY,VB,0.000,0.00,,2025-02-28T00:00:00,2025-02-28T00:00:00,2025-02-28T00:00:00,19.376
1000,SP01,000000000010000905,002,ERSA,HYDR-ASSY,VB,13.000,9078198.87,2026-06-29T00:00:00,2026-07-30T00:00:00,2026-07-30T00:00:00,2026-07-30T00:00:00,3.055
3000,SP03,000000000010000906,008,ERSA,MILL-LINR,VB,0.000,0.00,,2024-10-08T00:00:00,2024-10-08T00:00:00,2024-10-08T00:00:00,2.248
2000,SP02,000000000010000906,003,ERSA,MILL-LINR,VB,0.000,0.00,,2024-11-21T00:00:00,2024-11-21T00:00:00,2024-11-21T00:00:00,2.902
2000,SP02,000000000010000907,006,ERSA,MECH-BRG,VB,110.000,47714378.80,2026-07-09T00:00:00,2026-09-05T00:00:00,2026-09-05T00:00:00,2026-09-05T00:00:00,6.669
2000,SP02,000000000010000908,010,HIBE,ELEC-MOTR,VB,0.000,0.00,,2025-06-16T00:00:00,2025-06-16T00:00:00,2025-06-16T00:00:00,0.000
1000,SP01,000000000030000207,006,ERSA,MECH-GBOX,ND,4.000,49256.76,2026-01-03T00:00:00,,,2026-01-03T00:00:00,0.000
2000,SP02,000000000080000207,001,ERSA,MECH-PUMP,VB,19.000,7202568.07,2026-08-28T00:00:00,2026-07-08T00:00:00,2026-07-08T00:00:00,2026-08-28T00:00:00,8.141
3000,SP03,000000000010000909,008,ERSA,INST-XMTR,VB,27.000,20380183.47,2026-08-02T00:00:00,2026-07-12T00:00:00,2026-07-12T00:00:00,2026-08-02T00:00:00,4.164
3000,SP03,000000000010000910,009,ERSA,MECH-PUMP,VB,7.000,3960051.48,2026-03-17T00:00:00,2026-06-09T00:00:00,2026-06-09T00:00:00,2026-06-09T00:00:00,2.762
2000,SP02,000000000010000910,007,ERSA,MECH-PUMP,VB,5.000,2828608.20,2026-07-28T00:00:00,2026-08-10T00:00:00,2026-08-10T00:00:00,2026-08-10T00:00:00,0.853
1000,SP01,000000000010000911,005,ERSA,MECH-PUMP,VB,1.000,620855.97,2025-10-07T00:00:00,2025-09-01T00:00:00,2025-09-01T00:00:00,2025-10-07T00:00:00,0.720
2000,SP02,000000000080000208,001,ERSA,MECH-BRG,VB,3.000,64293.24,2026-03-11T00:00:00,2026-07-29T00:00:00,2026-07-29T00:00:00,2026-07-29T00:00:00,2.021
2000,SP02,000000000080000209,003,ERSA,MECH-SEAL,VB,5.000,1610991.05,2026-04-15T00:00:00,2026-04-14T00:00:00,2026-04-14T00:00:00,2026-04-15T00:00:00,1.172
3000,SP03,000000000080000209,001,ERSA,MECH-SEAL,VB,5.000,1610991.05,2026-06-26T00:00:00,2026-06-09T00:00:00,2026-06-09T00:00:00,2026-06-26T00:00:00,1.728
2000,SP02,000000000010000912,006,ERSA,MECH-GBOX,VB,3.000,1072151.55,2026-01-29T00:00:00,2026-08-19T00:00:00,2026-08-19T00:00:00,2026-08-19T00:00:00,2.478
1000,SP01,000000000030000208,010,ERSA,MILL-LINR,PD,7.000,1106257.46,2026-05-05T00:00:00,,,2026-05-05T00:00:00,0.000
3000,SP03,000000000010000913,007,ERSA,ELEC-MOTR,VB,68.000,18716167.68,2026-03-18T00:00:00,2026-09-01T00:00:00,2026-09-01T00:00:00,2026-09-01T00:00:00,30.109
3000,SP03,000000000010000914,002,ERSA,MECH-SEAL,VB,14.000,706166.86,2026-07-16T00:00:00,2026-07-18T00:00:00,2026-07-18T00:00:00,2026-07-18T00:00:00,4.650
4000,SP04,000000000010000915,006,ERSA,CONV-COMP,VB,319.000,86194865.46,2026-08-26T00:00:00,2026-06-19T00:00:00,2026-06-19T00:00:00,2026-08-26T00:00:00,8.701
2000,SP02,000000000010000916,001,ERSA,HYDR-ASSY,VB,5.000,3354916.25,2026-06-09T00:00:00,2026-08-31T00:00:00,2026-08-31T00:00:00,2026-08-31T00:00:00,8.112
3000,SP03,000000000010000917,009,HIBE,MILL-LINR,VB,0.000,0.00,,2024-11-30T00:00:00,2024-11-30T00:00:00,2024-11-30T00:00:00,0.000
1000,SP01,000000000010000918,008,ERSA,MECH-PUMP,VB,0.000,0.00,,2023-09-03T00:00:00,2023-09-03T00:00:00,2023-09-03T00:00:00,0.000
4000,SP04,000000000010000919,003,ERSA,MECH-GBOX,VB,4.000,89904.56,2026-08-05T00:00:00,2026-08-28T00:00:00,2026-08-28T00:00:00,2026-08-28T00:00:00,1.060
3000,SP03,000000000010000920,006,ERSA,INST-XMTR,VB,8.000,727428.80,2026-05-21T00:00:00,2026-03-13T00:00:00,2026-03-13T00:00:00,2026-05-21T00:00:00,3.683
2000,SP02,000000000010000920,009,ERSA,INST-XMTR,VB,10.000,909286.00,2026-08-27T00:00:00,2026-07-07T00:00:00,2026-07-07T00:00:00,2026-08-27T00:00:00,2.130
2000,SP02,000000000030000209,010,ERSA,MECH-BRG,PD,5.000,3901873.30,2026-06-23T00:00:00,2026-03-28T00:00:00,2026-03-28T00:00:00,2026-06-23T00:00:00,0.000
1000,SP01,000000000030000210,008,ERSA,ELEC-CTRL,PD,6.000,700736.64,2026-08-17T00:00:00,2026-01-12T00:00:00,2026-01-12T00:00:00,2026-08-17T00:00:00,0.000
2000,SP02,000000000010000921,001,ERSA,MECH-SEAL,VB,3.000,159451.11,2026-02-04T00:00:00,2026-08-22T00:00:00,2026-08-22T00:00:00,2026-08-22T00:00:00,1.599
1000,SP01,000000000010000922,008,ERSA,MECH-PUMP,VB,1.000,16212.52,2025-12-25T00:00:00,2025-11-07T00:00:00,2025-11-07T00:00:00,2025-12-25T00:00:00,0.160
1000,SP01,000000000090000054,009,ERSA,MECH-PUMP,ND,7.000,509676.58,,2023-04-16T00:00:00,2023-04-16T00:00:00,2023-04-16T00:00:00,0.000
3000,SP03,000000000030000211,007,ERSA,HYDR-ASSY,PD,2.000,330711.82,2026-08-16T00:00:00,,,2026-08-16T00:00:00,0.000
1000,SP01,000000000010000923,003,ERSA,INST-XMTR,VB,8.000,973194.56,2026-08-01T00:00:00,2026-07-08T00:00:00,2026-07-08T00:00:00,2026-08-01T00:00:00,3.843
2000,SP02,000000000010000924,009,ERSA,CONV-COMP,VB,50.000,1042286.00,2026-06-01T00:00:00,2026-08-19T00:00:00,2026-08-19T00:00:00,2026-08-19T00:00:00,6.522
2000,SP02,000000000010000925,007,ERSA,MECH-PUMP,VB,0.000,0.00,,2024-09-23T00:00:00,2024-09-23T00:00:00,2024-09-23T00:00:00,4.811
4000,SP04,000000000010000926,002,ERSA,MECH-BRG,VB,0.000,0.00,,2025-03-21T00:00:00,2025-03-21T00:00:00,2025-03-21T00:00:00,0.000
4000,SP04,000000000010000927,005,ERSA,INST-XMTR,VB,11.000,49782.48,2026-07-14T00:00:00,2026-08-23T00:00:00,2026-08-23T00:00:00,2026-08-23T00:00:00,2.084
1000,SP01,000000000010000927,010,ERSA,INST-XMTR,VB,33.000,149347.44,2026-06-14T00:00:00,2026-08-15T00:00:00,2026-08-15T00:00:00,2026-08-15T00:00:00,3.855
1000,SP01,000000000010000928,009,ERSA,MECH-GBOX,VB,25.000,3507932.50,2026-04-28T00:00:00,2026-09-03T00:00:00,2026-09-03T00:00:00,2026-09-03T00:00:00,6.642
1000,SP01,000000000010000929,010,ERSA,ELEC-CTRL,VB,78.000,812024.46,2026-06-17T00:00:00,2026-09-05T00:00:00,2026-09-05T00:00:00,2026-09-05T00:00:00,8.540
1000,SP01,000000000030000212,003,ERSA,INST-XMTR,ND,3.000,233282.07,2026-07-01T00:00:00,,,2026-07-01T00:00:00,0.000
2000,SP02,000000000090000055,005,ERSA,MECH-PUMP,ND,35.000,4044582.50,,2024-02-17T00:00:00,2024-02-17T00:00:00,2024-02-17T00:00:00,0.000
1000,SP01,000000000010000930,001,HIBE,MECH-PUMP,VB,0.000,0.00,,2025-05-08T00:00:00,2025-05-08T00:00:00,2025-05-08T00:00:00,4.684
4000,SP04,000000000030000213,004,HIBE,MECH-SEAL,ND,0.000,0.00,2026-01-27T00:00:00,2026-03-20T00:00:00,2026-03-20T00:00:00,2026-03-20T00:00:00,0.000
2000,SP02,000000000010000931,003,ERSA,MILL-LINR,VB,0.000,0.00,2026-03-18T00:00:00,2026-08-20T00:00:00,2026-08-20T00:00:00,2026-08-20T00:00:00,4.617
3000,SP03,000000000010000932,008,ERSA,ELEC-CTRL,VB,6.000,117231.30,2026-08-09T00:00:00,2026-08-24T00:00:00,2026-08-24T00:00:00,2026-08-24T00:00:00,1.165
1000,SP01,000000000010000933,003,ERSA,MECH-SEAL,VB,0.000,0.00,,2026-08-27T00:00:00,2026-08-27T00:00:00,2026-08-27T00:00:00,0.442
3000,SP03,000000000010000934,001,ERSA,MECH-SEAL,VB,8.000,1173058.48,2026-03-04T00:00:00,2026-05-17T00:00:00,2026-05-17T00:00:00,2026-05-17T00:00:00,1.807
2000,SP02,000000000010000935,004,ERSA,MECH-PUMP,VB,0.000,0.00,,2023-10-19T00:00:00,2023-10-19T00:00:00,2023-10-19T00:00:00,0.000
2000,SP02,000000000010000936,002,ERSA,ELEC-MOTR,VB,12.000,1439874.48,2026-07-27T00:00:00,2026-05-23T00:00:00,2026-05-23T00:00:00,2026-07-27T00:00:00,5.920
4000,SP04,000000000080000210,007,ERSA,MECH-SEAL,VB,8.000,2706449.28,2026-08-08T00:00:00,2026-08-22T00:00:00,2026-08-22T00:00:00,2026-08-22T00:00:00,1.286
1000,SP01,000000000090000056,004,ERSA,ELEC-MOTR,ND,11.000,1098016.81,,2022-10-26T00:00:00,2022-10-26T00:00:00,2022-10-26T00:00:00,0.000
2000,SP02,000000000010000937,010,ERSA,MILL-LINR,VB,7.000,454432.79,2026-08-14T00:00:00,2026-08-31T00:00:00,2026-08-31T00:00:00,2026-08-31T00:00:00,1.513
4000,SP04,000000000090000057,009,ERSA,MECH-BRG,ND,25.000,274411.00,,2024-12-25T00:00:00,2024-12-25T00:00:00,2024-12-25T00:00:00,0.000
3000,SP03,000000000030000214,010,ERSA,ELEC-MOTR,PD,3.000,2048702.79,2026-07-23T00:00:00,2026-06-07T00:00:00,2026-06-07T00:00:00,2026-07-23T00:00:00,0.000
3000,SP03,000000000010000938,002,ERSA,MECH-PUMP,VB,4.000,702481.24,2026-07-31T00:00:00,2026-07-05T00:00:00,2026-07-05T00:00:00,2026-07-31T00:00:00,1.317
2000,SP02,000000000010000938,010,ERSA,MECH-PUMP,VB,7.000,1229342.17,2026-07-04T00:00:00,2026-09-01T00:00:00,2026-09-01T00:00:00,2026-09-01T00:00:00,4.968
1000,SP01,000000000010000939,006,ERSA,MECH-GBOX,VB,0.000,0.00,,2023-04-09T00:00:00,2023-04-09T00:00:00,2023-04-09T00:00:00,0.000
1000,SP01,000000000030000215,003,ERSA,MILL-LINR,PD,3.000,296982.00,2026-05-24T00:00:00,2026-07-15T00:00:00,2026-07-15T00:00:00,2026-07-15T00:00:00,0.000
3000,SP03,000000000010000940,004,ERSA,MECH-SEAL,VB,11.000,1892160.49,2026-08-20T00:00:00,2026-08-02T00:00:00,2026-08-02T00:00:00,2026-08-20T00:00:00,0.897
4000,SP04,000000000030000216,006,ERSA,MILL-LINR,PD,3.000,513679.44,2026-06-08T00:00:00,,,2026-06-08T00:00:00,0.000
1000,SP01,000000000080000211,001,HIBE,ELEC-MOTR,VB,19.000,2008345.98,2026-07-17T00:00:00,2026-08-02T00:00:00,2026-08-02T00:00:00,2026-08-02T00:00:00,4.435
4000,SP04,000000000030000217,009,ERSA,INST-XMTR,ND,9.000,928725.39,2026-04-11T00:00:00,,,2026-04-11T00:00:00,0.000
3000,SP03,000000000030000217,009,ERSA,INST-XMTR,PD,0.000,0.00,2026-04-02T00:00:00,2026-04-08T00:00:00,2026-04-08T00:00:00,2026-04-08T00:00:00,0.000
2000,SP02,000000000080000212,003,ERSA,CONV-COMP,VB,16.000,5179736.80,2026-09-02T00:00:00,2026-06-22T00:00:00,2026-06-22T00:00:00,2026-09-02T00:00:00,5.502
3000,SP03,000000000080000212,006,ERSA,CONV-COMP,VB,27.000,8740805.85,2026-06-14T00:00:00,2026-05-26T00:00:00,2026-05-26T00:00:00,2026-06-14T00:00:00,10.997
4000,SP04,000000000090000058,010,ERSA,INST-XMTR,ND,5.000,460991.25,,2022-09-10T00:00:00,2022-09-10T00:00:00,2022-09-10T00:00:00,0.000
1000,SP01,000000000010000941,009,HIBE,MECH-BRG,VB,60.000,7562568.60,2026-05-29T00:00:00,2026-09-07T00:00:00,2026-09-07T00:00:00,2026-09-07T00:00:00,8.529
3000,SP03,000000000010000941,002,HIBE,MECH-BRG,VB,114.000,14368880.34,2026-09-06T00:00:00,2026-07-04T00:00:00,2026-07-04T00:00:00,2026-09-06T00:00:00,4.656
3000,SP03,000000000010000942,010,ERSA,HYDR-ASSY,VB,31.000,3842430.16,2026-07-09T00:00:00,2026-07-26T00:00:00,2026-07-26T00:00:00,2026-07-26T00:00:00,11.796
4000,SP04,000000000010000942,001,ERSA,HYDR-ASSY,VB,1.000,123949.36,2025-03-07T00:00:00,2026-09-03T00:00:00,2026-09-03T00:00:00,2026-09-03T00:00:00,0.989
1000,SP01,000000000030000218,010,ERSA,MECH-SEAL,ND,0.000,0.00,2025-11-22T00:00:00,2025-12-16T00:00:00,2025-12-16T00:00:00,2025-12-16T00:00:00,0.000
4000,SP04,000000000010000943,002,ERSA,HYDR-ASSY,VB,7.000,1087373.00,2025-05-20T00:00:00,2026-07-30T00:00:00,2026-07-30T00:00:00,2026-07-30T00:00:00,6.271
2000,SP02,000000000010000944,005,ERSA,MECH-GBOX,VB,3.000,294366.36,2026-08-13T00:00:00,2026-05-16T00:00:00,2026-05-16T00:00:00,2026-08-13T00:00:00,1.669
2000,SP02,000000000010000945,001,ERSA,CONV-COMP,VB,18.000,150219.00,2026-06-30T00:00:00,2026-08-30T00:00:00,2026-08-30T00:00:00,2026-08-30T00:00:00,6.979
3000,SP03,000000000010000945,006,ERSA,CONV-COMP,VB,26.000,216983.00,2026-07-28T00:00:00,2026-09-04T00:00:00,2026-09-04T00:00:00,2026-09-04T00:00:00,5.527
4000,SP04,000000000010000946,001,ERSA,CONV-COMP,VB,0.000,0.00,,2025-07-25T00:00:00,2025-07-25T00:00:00,2025-07-25T00:00:00,0.000
3000,SP03,000000000010000946,003,ERSA,CONV-COMP,VB,0.000,0.00,,2023-07-25T00:00:00,2023-07-25T00:00:00,2023-07-25T00:00:00,0.000
1000,SP01,000000000030000219,004,ERSA,MECH-PUMP,ND,5.000,302368.25,2026-05-04T00:00:00,2026-06-05T00:00:00,2026-06-05T00:00:00,2026-06-05T00:00:00,0.000
4000,SP04,000000000010000947,005,ERSA,MILL-LINR,VB,6.000,466474.92,2026-07-04T00:00:00,2026-08-11T00:00:00,2026-08-11T00:00:00,2026-08-11T00:00:00,4.110
4000,SP04,000000000010000948,008,ERSA,ELEC-CTRL,VB,5.000,806141.80,2026-02-18T00:00:00,2025-12-14T00:00:00,2025-12-14T00:00:00,2026-02-18T00:00:00,2.493
3000,SP03,000000000010000949,005,HIBE,MECH-PUMP,VB,13.000,258589.24,2026-05-26T00:00:00,2026-08-30T00:00:00,2026-08-30T00:00:00,2026-08-30T00:00:00,2.735
2000,SP02,000000000030000220,009,ERSA,CONV-COMP,ND,6.000,988191.66,2026-07-18T00:00:00,2026-08-10T00:00:00,2026-08-10T00:00:00,2026-08-10T00:00:00,0.000
1000,SP01,000000000010000950,004,ERSA,MECH-SEAL,VB,0.000,0.00,,2024-10-30T00:00:00,2024-10-30T00:00:00,2024-10-30T00:00:00,7.881
2000,SP02,000000000080000213,005,ERSA,MILL-LINR,VB,4.000,1273628.72,2025-11-02T00:00:00,2026-08-28T00:00:00,2026-08-28T00:00:00,2026-08-28T00:00:00,4.244
1000,SP01,000000000010000951,007,ERSA,INST-XMTR,VB,2.000,99978.76,2026-03-18T00:00:00,2026-08-31T00:00:00,2026-08-31T00:00:00,2026-08-31T00:00:00,2.028
4000,SP04,000000000010000952,003,HIBE,ELEC-MOTR,VB,1.000,623992.96,2026-03-13T00:00:00,2026-08-04T00:00:00,2026-08-04T00:00:00,2026-08-04T00:00:00,2.900
3000,SP03,000000000080000214,004,HIBE,CONV-COMP,VB,4.000,649555.68,2026-08-21T00:00:00,2026-06-18T00:00:00,2026-06-18T00:00:00,2026-08-21T00:00:00,1.825
1000,SP01,000000000080000214,006,HIBE,CONV-COMP,VB,4.000,649555.68,2026-07-31T00:00:00,2026-08-03T00:00:00,2026-08-03T00:00:00,2026-08-03T00:00:00,2.314
2000,SP02,000000000010000953,010,ERSA,MECH-GBOX,VB,3.000,170946.33,2026-07-08T00:00:00,2026-06-12T00:00:00,2026-06-12T00:00:00,2026-07-08T00:00:00,1.040
3000,SP03,000000000010000954,006,ERSA,MECH-BRG,VB,0.000,0.00,,2023-07-13T00:00:00,2023-07-13T00:00:00,2023-07-13T00:00:00,0.000
1000,SP01,000000000010000955,010,ERSA,ELEC-MOTR,VB,0.000,0.00,,2022-12-31T00:00:00,2022-12-31T00:00:00,2022-12-31T00:00:00,0.000
4000,SP04,000000000010000955,002,ERSA,ELEC-MOTR,VB,0.000,0.00,,2024-01-16T00:00:00,2024-01-16T00:00:00,2024-01-16T00:00:00,0.000
1000,SP01,000000000010000956,004,ERSA,MECH-PUMP,VB,5.000,319166.80,2026-08-31T00:00:00,2026-07-14T00:00:00,2026-07-14T00:00:00,2026-08-31T00:00:00,1.677
2000,SP02,000000000010000957,008,ERSA,INST-XMTR,VB,5.000,829736.20,2026-07-23T00:00:00,2026-06-05T00:00:00,2026-06-05T00:00:00,2026-07-23T00:00:00,2.806
1000,SP01,000000000010000957,010,ERSA,INST-XMTR,VB,3.000,497841.72,2026-06-15T00:00:00,2026-03-20T00:00:00,2026-03-20T00:00:00,2026-06-15T00:00:00,1.433
1000,SP01,000000000010000958,002,ERSA,INST-XMTR,VB,17.000,2340539.94,2025-11-04T00:00:00,2026-07-06T00:00:00,2026-07-06T00:00:00,2026-07-06T00:00:00,11.912
4000,SP04,000000000090000059,010,ERSA,CONV-COMP,ND,17.000,2941968.32,,2022-08-06T00:00:00,2022-08-06T00:00:00,2022-08-06T00:00:00,0.000
4000,SP04,000000000030000221,008,ERSA,MILL-LINR,ND,0.000,0.00,2026-05-26T00:00:00,2026-06-07T00:00:00,2026-06-07T00:00:00,2026-06-07T00:00:00,0.000
4000,SP04,000000000010000959,002,ERSA,ELEC-CTRL,VB,111.000,49095427.65,2026-07-24T00:00:00,2026-08-16T00:00:00,2026-08-16T00:00:00,2026-08-16T00:00:00,12.723
1000,SP01,000000000030000222,006,ERSA,MECH-PUMP,PD,0.000,0.00,2026-02-02T00:00:00,2026-02-16T00:00:00,2026-02-16T00:00:00,2026-02-16T00:00:00,0.000
2000,SP02,000000000030000222,003,ERSA,MECH-PUMP,ND,2.000,189301.56,2026-06-30T00:00:00,2026-05-29T00:00:00,2026-05-29T00:00:00,2026-06-30T00:00:00,0.000
1000,SP01,000000000010000960,003,ERSA,MECH-GBOX,VB,0.000,0.00,2026-05-29T00:00:00,2026-07-31T00:00:00,2026-07-31T00:00:00,2026-07-31T00:00:00,0.495
1000,SP01,000000000010000961,003,ERSA,MECH-PUMP,VB,0.000,0.00,2026-01-25T00:00:00,2026-06-17T00:00:00,2026-06-17T00:00:00,2026-06-17T00:00:00,0.962
4000,SP04,000000000010000961,006,ERSA,MECH-PUMP,VB,14.000,2401084.56,2026-06-30T00:00:00,2026-06-07T00:00:00,2026-06-07T00:00:00,2026-06-30T00:00:00,3.356
2000,SP02,000000000010000962,010,ERSA,CONV-COMP,VB,37.000,663730.05,2026-08-13T00:00:00,2026-08-15T00:00:00,2026-08-15T00:00:00,2026-08-15T00:00:00,1.709
1000,SP01,000000000010000962,002,ERSA,CONV-COMP,VB,91.000,1632417.15,2026-07-06T00:00:00,2026-08-18T00:00:00,2026-08-18T00:00:00,2026-08-18T00:00:00,4.340
4000,SP04,000000000030000223,007,HIBE,MECH-GBOX,ND,3.000,340384.38,2026-08-10T00:00:00,2026-09-01T00:00:00,2026-09-01T00:00:00,2026-09-01T00:00:00,0.000
3000,SP03,000000000030000223,005,HIBE,MECH-GBOX,PD,0.000,0.00,2026-02-04T00:00:00,2026-04-03T00:00:00,2026-04-03T00:00:00,2026-04-03T00:00:00,0.000
2000,SP02,000000000030000224,007,ERSA,MECH-BRG,ND,4.000,125743.96,2026-01-02T00:00:00,2025-12-06T00:00:00,2025-12-06T00:00:00,2026-01-02T00:00:00,0.000
4000,SP04,000000000030000224,006,ERSA,MECH-BRG,PD,4.000,125743.96,2026-05-21T00:00:00,,,2026-05-21T00:00:00,0.000
4000,SP04,000000000010000963,002,ERSA,MECH-GBOX,VB,7.000,316795.01,2026-02-22T00:00:00,2026-01-20T00:00:00,2026-01-20T00:00:00,2026-02-22T00:00:00,3.244
2000,SP02,000000000010000964,007,ERSA,CONV-COMP,VB,6.000,86857.56,2026-07-20T00:00:00,2026-08-31T00:00:00,2026-08-31T00:00:00,2026-08-31T00:00:00,2.194
4000,SP04,000000000010000965,009,ERSA,INST-XMTR,VB,23.000,1539152.41,2026-03-30T00:00:00,2026-02-28T00:00:00,2026-02-28T00:00:00,2026-03-30T00:00:00,9.595
2000,SP02,000000000010000966,001,ERSA,ELEC-MOTR,VB,0.000,0.00,,2024-10-27T00:00:00,2024-10-27T00:00:00,2024-10-27T00:00:00,4.165
1000,SP01,000000000030000225,009,ERSA,ELEC-MOTR,ND,4.000,207563.96,2026-05-27T00:00:00,2026-07-16T00:00:00,2026-07-16T00:00:00,2026-07-16T00:00:00,0.000
4000,SP04,000000000030000225,004,ERSA,ELEC-MOTR,ND,4.000,207563.96,2026-06-18T00:00:00,2026-08-03T00:00:00,2026-08-03T00:00:00,2026-08-03T00:00:00,0.000
1000,SP01,000000000010000967,010,ERSA,ELEC-CTRL,VB,27.000,95847.84,2026-05-30T00:00:00,2026-08-29T00:00:00,2026-08-29T00:00:00,2026-08-29T00:00:00,9.357
1000,SP01,000000000030000226,007,ERSA,MECH-GBOX,ND,4.000,38942.00,2026-04-26T00:00:00,2026-06-07T00:00:00,2026-06-07T00:00:00,2026-06-07T00:00:00,0.000
2000,SP02,000000000010000968,001,ERSA,CONV-COMP,VB,0.000,0.00,,2024-11-22T00:00:00,2024-11-22T00:00:00,2024-11-22T00:00:00,3.445
4000,SP04,000000000010000968,003,ERSA,CONV-COMP,VB,0.000,0.00,,2024-09-12T00:00:00,2024-09-12T00:00:00,2024-09-12T00:00:00,3.701
4000,SP04,000000000080000215,007,ERSA,MECH-BRG,VB,0.000,0.00,2026-08-07T00:00:00,2026-08-29T00:00:00,2026-08-29T00:00:00,2026-08-29T00:00:00,0.343
3000,SP03,000000000030000227,010,ERSA,ELEC-CTRL,PD,0.000,0.00,2026-04-15T00:00:00,2026-05-28T00:00:00,2026-05-28T00:00:00,2026-05-28T00:00:00,0.000
1000,SP01,000000000010000969,009,HIBE,INST-XMTR,VB,0.000,0.00,,2023-01-09T00:00:00,2023-01-09T00:00:00,2023-01-09T00:00:00,0.000
1000,SP01,000000000010000970,007,ERSA,MECH-GBOX,VB,92.000,133878.40,2026-09-06T00:00:00,2026-08-04T00:00:00,2026-08-04T00:00:00,2026-09-06T00:00:00,7.995
3000,SP03,000000000010000971,010,ERSA,MECH-BRG,VB,16.000,195953.12,2026-06-26T00:00:00,2026-08-23T00:00:00,2026-08-23T00:00:00,2026-08-23T00:00:00,6.639
4000,SP04,000000000010000972,004,ERSA,MECH-BRG,VB,74.000,383275.60,2026-08-08T00:00:00,2026-09-07T00:00:00,2026-09-07T00:00:00,2026-09-07T00:00:00,12.803
2000,SP02,000000000010000973,010,ERSA,ELEC-MOTR,VB,2.000,69968.62,2026-07-10T00:00:00,2026-06-10T00:00:00,2026-06-10T00:00:00,2026-07-10T00:00:00,0.345
2000,SP02,000000000030000228,003,ERSA,ELEC-CTRL,ND,1.000,617956.62,2026-06-09T00:00:00,2026-07-29T00:00:00,2026-07-29T00:00:00,2026-07-29T00:00:00,0.000
3000,SP03,000000000010000974,004,ERSA,HYDR-ASSY,VB,8.000,304039.36,2026-08-20T00:00:00,2026-08-05T00:00:00,2026-08-05T00:00:00,2026-08-20T00:00:00,3.768
2000,SP02,000000000010000975,005,ERSA,CONV-COMP,VB,0.000,0.00,,2023-11-22T00:00:00,2023-11-22T00:00:00,2023-11-22T00:00:00,0.000
3000,SP03,000000000030000229,004,ERSA,HYDR-ASSY,PD,3.000,81792.54,2026-04-16T00:00:00,,,2026-04-16T00:00:00,0.000
1000,SP01,000000000010000976,009,ERSA,MECH-BRG,VB,9.000,1377798.39,2026-06-14T00:00:00,2026-04-04T00:00:00,2026-04-04T00:00:00,2026-06-14T00:00:00,4.229
2000,SP02,000000000010000977,009,ERSA,INST-XMTR,VB,0.000,0.00,,2024-12-22T00:00:00,2024-12-22T00:00:00,2024-12-22T00:00:00,3.874
3000,SP03,000000000090000060,004,ERSA,CONV-COMP,ND,23.000,3526752.61,,2023-07-07T00:00:00,2023-07-07T00:00:00,2023-07-07T00:00:00,0.000
1000,SP01,000000000090000060,003,ERSA,CONV-COMP,ND,32.000,4906786.24,,2023-03-15T00:00:00,2023-03-15T00:00:00,2023-03-15T00:00:00,0.000
1000,SP01,000000000080000216,003,ERSA,ELEC-CTRL,VB,9.000,2491653.24,2026-05-27T00:00:00,2026-08-27T00:00:00,2026-08-27T00:00:00,2026-08-27T00:00:00,6.693
4000,SP04,000000000080000216,002,ERSA,ELEC-CTRL,VB,6.000,1661102.16,2026-06-09T00:00:00,2026-08-13T00:00:00,2026-08-13T00:00:00,2026-08-13T00:00:00,6.354
1000,SP01,000000000030000230,002,ERSA,CONV-COMP,ND,4.000,1383512.52,2026-01-02T00:00:00,,,2026-01-02T00:00:00,0.000
4000,SP04,000000000030000230,008,ERSA,CONV-COMP,PD,1.000,345878.13,2026-02-01T00:00:00,,,2026-02-01T00:00:00,0.000
1000,SP01,000000000030000231,004,ERSA,INST-XMTR,PD,3.000,168356.22,2026-05-03T00:00:00,,,2026-05-03T00:00:00,0.000
1000,SP01,000000000030000232,008,HIBE,MILL-LINR,PD,2.000,301895.28,2026-03-24T00:00:00,2025-12-08T00:00:00,2025-12-08T00:00:00,2026-03-24T00:00:00,0.000
4000,SP04,000000000010000978,003,ERSA,CONV-COMP,VB,0.000,0.00,,2022-10-24T00:00:00,2022-10-24T00:00:00,2022-10-24T00:00:00,0.000
2000,SP02,000000000080000217,009,ERSA,MECH-PUMP,VB,5.000,1103544.00,2026-06-29T00:00:00,2026-08-09T00:00:00,2026-08-09T00:00:00,2026-08-09T00:00:00,6.122
2000,SP02,000000000010000979,007,ERSA,CONV-COMP,VB,0.000,0.00,,2025-02-18T00:00:00,2025-02-18T00:00:00,2025-02-18T00:00:00,6.654
4000,SP04,000000000010000980,010,ERSA,MECH-GBOX,VB,0.000,0.00,,2024-10-05T00:00:00,2024-10-05T00:00:00,2024-10-05T00:00:00,10.340
3000,SP03,000000000010000981,009,ERSA,MECH-SEAL,VB,2.000,53252.32,2026-05-27T00:00:00,2026-03-26T00:00:00,2026-03-26T00:00:00,2026-05-27T00:00:00,1.191
3000,SP03,000000000090000061,008,HIBE,INST-XMTR,ND,12.000,22623.48,,2022-08-16T00:00:00,2022-08-16T00:00:00,2022-08-16T00:00:00,0.000
1000,SP01,000000000030000233,008,ERSA,CONV-COMP,PD,4.000,185299.88,2026-05-02T00:00:00,2025-11-28T00:00:00,2025-11-28T00:00:00,2026-05-02T00:00:00,0.000
4000,SP04,000000000030000233,002,ERSA,CONV-COMP,VB,7.000,324274.79,2026-07-28T00:00:00,2026-07-09T00:00:00,2026-07-09T00:00:00,2026-07-28T00:00:00,2.657
4000,SP04,000000000090000062,007,ERSA,MECH-BRG,ND,27.000,2372258.34,,2022-12-20T00:00:00,2022-12-20T00:00:00,2022-12-20T00:00:00,0.000
2000,SP02,000000000010000982,009,ERSA,ELEC-CTRL,VB,5.000,2441955.40,2026-03-24T00:00:00,2026-05-07T00:00:00,2026-05-07T00:00:00,2026-05-07T00:00:00,0.827
1000,SP01,000000000030000234,010,ERSA,INST-XMTR,ND,0.000,0.00,2026-03-24T00:00:00,2026-05-02T00:00:00,2026-05-02T00:00:00,2026-05-02T00:00:00,0.000
4000,SP04,000000000030000235,003,ERSA,INST-XMTR,ND,4.000,457777.92,2026-08-16T00:00:00,2026-09-07T00:00:00,2026-09-07T00:00:00,2026-09-07T00:00:00,0.000
4000,SP04,000000000010000983,005,ERSA,CONV-COMP,VB,20.000,1083228.00,2026-06-09T00:00:00,2026-05-31T00:00:00,2026-05-31T00:00:00,2026-06-09T00:00:00,7.243
3000,SP03,000000000010000984,007,ERSA,HYDR-ASSY,VB,0.000,0.00,,2023-12-27T00:00:00,2023-12-27T00:00:00,2023-12-27T00:00:00,0.000
4000,SP04,000000000010000985,003,ERSA,ELEC-MOTR,VB,106.000,175054.76,2026-02-05T00:00:00,2026-08-05T00:00:00,2026-08-05T00:00:00,2026-08-05T00:00:00,47.869
3000,SP03,000000000080000218,009,ERSA,MILL-LINR,VB,3.000,1317422.94,2026-03-15T00:00:00,2025-12-03T00:00:00,2025-12-03T00:00:00,2026-03-15T00:00:00,1.523
1000,SP01,000000000080000218,008,ERSA,MILL-LINR,VB,9.000,3952268.82,2026-08-29T00:00:00,2026-08-20T00:00:00,2026-08-20T00:00:00,2026-08-29T00:00:00,2.427
2000,SP02,000000000030000236,009,ERSA,MECH-BRG,ND,3.000,106165.02,2026-07-22T00:00:00,,,2026-07-22T00:00:00,0.000
2000,SP02,000000000010000986,008,ERSA,MILL-LINR,VB,0.000,0.00,,2024-06-23T00:00:00,2024-06-23T00:00:00,2024-06-23T00:00:00,0.000
3000,SP03,000000000010000987,002,ERSA,MECH-SEAL,VB,0.000,0.00,,2025-01-01T00:00:00,2025-01-01T00:00:00,2025-01-01T00:00:00,4.847
1000,SP01,000000000010000988,001,ERSA,ELEC-MOTR,VB,2.000,926370.88,2025-03-20T00:00:00,2026-07-10T00:00:00,2026-07-10T00:00:00,2026-07-10T00:00:00,2.096
1000,SP01,000000000010000989,010,ERSA,CONV-COMP,VB,7.000,783359.99,2025-07-13T00:00:00,2026-08-21T00:00:00,2026-08-21T00:00:00,2026-08-21T00:00:00,4.404
2000,SP02,000000000010000990,007,HIBE,MECH-SEAL,VB,17.000,1929199.61,2026-02-18T00:00:00,2026-06-22T00:00:00,2026-06-22T00:00:00,2026-06-22T00:00:00,7.017
3000,SP03,000000000010000990,002,HIBE,MECH-SEAL,VB,0.000,0.00,2025-04-26T00:00:00,2026-07-17T00:00:00,2026-07-17T00:00:00,2026-07-17T00:00:00,1.745
3000,SP03,000000000010000991,001,HIBE,MILL-LINR,VB,145.000,99374.30,2026-08-26T00:00:00,2026-08-07T00:00:00,2026-08-07T00:00:00,2026-08-26T00:00:00,7.268
2000,SP02,000000000010000992,003,ERSA,MECH-GBOX,VB,2.000,122266.84,2025-06-28T00:00:00,2026-08-22T00:00:00,2026-08-22T00:00:00,2026-08-22T00:00:00,5.560
3000,SP03,000000000010000992,001,ERSA,MECH-GBOX,VB,20.000,1222668.40,2025-07-01T00:00:00,2026-07-21T00:00:00,2026-07-21T00:00:00,2026-07-21T00:00:00,6.267
2000,SP02,000000000030000237,006,ERSA,MECH-GBOX,ND,5.000,851600.65,2026-06-27T00:00:00,,,2026-06-27T00:00:00,0.000
4000,SP04,000000000010000993,010,HIBE,ELEC-CTRL,VB,5.000,68113.90,2026-02-12T00:00:00,2026-08-16T00:00:00,2026-08-16T00:00:00,2026-08-16T00:00:00,1.580
1000,SP01,000000000010000994,002,ERSA,CONV-COMP,VB,2.000,205702.56,2026-01-26T00:00:00,2026-02-01T00:00:00,2026-02-01T00:00:00,2026-02-01T00:00:00,0.482
3000,SP03,000000000010000995,010,ERSA,MECH-SEAL,VB,0.000,0.00,,2024-07-14T00:00:00,2024-07-14T00:00:00,2024-07-14T00:00:00,0.000
4000,SP04,000000000010000996,002,ERSA,MILL-LINR,VB,1.000,46755.53,2026-08-09T00:00:00,2026-08-27T00:00:00,2026-08-27T00:00:00,2026-08-27T00:00:00,0.943
1000,SP01,000000000010000997,005,ERSA,MECH-BRG,VB,14.000,2136492.96,2026-08-06T00:00:00,2026-06-15T00:00:00,2026-06-15T00:00:00,2026-08-06T00:00:00,2.992
2000,SP02,000000000010000997,010,ERSA,MECH-BRG,VB,0.000,0.00,2026-04-30T00:00:00,2026-07-02T00:00:00,2026-07-02T00:00:00,2026-07-02T00:00:00,2.465
2000,SP02,000000000010000998,003,ERSA,MECH-GBOX,VB,44.000,659310.52,2026-07-02T00:00:00,2026-08-09T00:00:00,2026-08-09T00:00:00,2026-08-09T00:00:00,7.018
3000,SP03,000000000010000999,005,ERSA,MECH-SEAL,VB,0.000,0.00,,2022-09-05T00:00:00,2022-09-05T00:00:00,2022-09-05T00:00:00,0.000
4000,SP04,000000000010001000,005,ERSA,CONV-COMP,VB,34.000,166660.86,2026-09-05T00:00:00,2026-08-06T00:00:00,2026-08-06T00:00:00,2026-09-05T00:00:00,4.075
1000,SP01,000000000010001001,006,ERSA,MECH-SEAL,VB,54.000,695152.80,2026-08-20T00:00:00,2026-08-26T00:00:00,2026-08-26T00:00:00,2026-08-26T00:00:00,4.164
2000,SP02,000000000030000238,009,ERSA,MILL-LINR,PD,0.000,0.00,2026-03-08T00:00:00,2026-03-28T00:00:00,2026-03-28T00:00:00,2026-03-28T00:00:00,0.000
4000,SP04,000000000010001002,001,ERSA,MECH-GBOX,VB,0.000,0.00,,2024-10-24T00:00:00,2024-10-24T00:00:00,2024-10-24T00:00:00,9.880
1000,SP01,000000000010001002,010,ERSA,MECH-GBOX,VB,0.000,0.00,,2025-08-28T00:00:00,2025-08-28T00:00:00,2025-08-28T00:00:00,7.278
1000,SP01,000000000030000239,001,ERSA,MECH-PUMP,PD,1.000,142208.85,2026-08-20T00:00:00,2026-09-07T00:00:00,2026-09-07T00:00:00,2026-09-07T00:00:00,0.000
1000,SP01,000000000010001003,002,ERSA,INST-XMTR,VB,0.000,0.00,,2025-07-12T00:00:00,2025-07-12T00:00:00,2025-07-12T00:00:00,12.850
4000,SP04,000000000010001004,005,ERSA,MECH-BRG,VB,1.000,106641.22,2026-04-20T00:00:00,2026-07-07T00:00:00,2026-07-07T00:00:00,2026-07-07T00:00:00,0.159
2000,SP02,000000000010001005,001,ERSA,ELEC-CTRL,VB,11.000,41831.46,2026-05-22T00:00:00,2026-05-19T00:00:00,2026-05-19T00:00:00,2026-05-22T00:00:00,7.047
3000,SP03,000000000030000240,010,ERSA,MECH-PUMP,ND,2.000,861597.06,2026-06-10T00:00:00,2026-03-09T00:00:00,2026-03-09T00:00:00,2026-06-10T00:00:00,0.000
4000,SP04,000000000030000241,007,ERSA,CONV-COMP,ND,2.000,133040.42,2026-04-03T00:00:00,2026-04-04T00:00:00,2026-04-04T00:00:00,2026-04-04T00:00:00,0.000
3000,SP03,000000000010001006,010,HIBE,MECH-PUMP,VB,33.000,619347.30,2026-04-01T00:00:00,2026-08-07T00:00:00,2026-08-07T00:00:00,2026-08-07T00:00:00,19.139
1000,SP01,000000000010001006,002,HIBE,MECH-PUMP,VB,82.000,1538984.20,2026-07-15T00:00:00,2026-08-27T00:00:00,2026-08-27T00:00:00,2026-08-27T00:00:00,22.737
4000,SP04,000000000030000242,004,ERSA,HYDR-ASSY,ND,2.000,467580.00,2026-05-14T00:00:00,,,2026-05-14T00:00:00,0.000
1000,SP01,000000000030000243,003,HIBE,CONV-COMP,PD,0.000,0.00,2026-08-04T00:00:00,2026-08-31T00:00:00,2026-08-31T00:00:00,2026-08-31T00:00:00,0.000
1000,SP01,000000000010001007,009,ERSA,MECH-BRG,VB,0.000,0.00,,2024-10-04T00:00:00,2024-10-04T00:00:00,2024-10-04T00:00:00,6.073
1000,SP01,000000000010001008,009,ERSA,MILL-LINR,VB,70.000,1416667.00,2026-06-16T00:00:00,2026-08-14T00:00:00,2026-08-14T00:00:00,2026-08-14T00:00:00,1.261
1000,SP01,000000000010001009,003,ERSA,MILL-LINR,VB,129.000,1609327.89,2026-05-29T00:00:00,2026-08-05T00:00:00,2026-08-05T00:00:00,2026-08-05T00:00:00,18.883
2000,SP02,000000000080000219,005,ERSA,ELEC-CTRL,VB,0.000,0.00,2025-07-06T00:00:00,2026-07-27T00:00:00,2026-07-27T00:00:00,2026-07-27T00:00:00,3.260
2000,SP02,000000000090000063,004,ERSA,MECH-GBOX,ND,40.000,2644886.40,,2022-11-14T00:00:00,2022-11-14T00:00:00,2022-11-14T00:00:00,0.000
4000,SP04,000000000010001010,007,ERSA,INST-XMTR,VB,298.000,2806543.14,2026-08-03T00:00:00,2026-08-09T00:00:00,2026-08-09T00:00:00,2026-08-09T00:00:00,65.930
2000,SP02,000000000080000220,004,ERSA,HYDR-ASSY,VB,7.000,1695412.39,2026-05-04T00:00:00,2026-04-30T00:00:00,2026-04-30T00:00:00,2026-05-04T00:00:00,4.698
1000,SP01,000000000010001011,010,ERSA,CONV-COMP,VB,0.000,0.00,,2024-09-25T00:00:00,2024-09-25T00:00:00,2024-09-25T00:00:00,0.000
4000,SP04,000000000010001011,007,ERSA,CONV-COMP,VB,0.000,0.00,,2022-10-04T00:00:00,2022-10-04T00:00:00,2022-10-04T00:00:00,0.000
2000,SP02,000000000080000221,001,ERSA,INST-XMTR,VB,3.000,133606.98,2026-08-27T00:00:00,2026-07-15T00:00:00,2026-07-15T00:00:00,2026-08-27T00:00:00,2.130
1000,SP01,000000000010001012,002,ERSA,MECH-SEAL,VB,5.000,3906105.30,2026-04-19T00:00:00,2026-06-22T00:00:00,2026-06-22T00:00:00,2026-06-22T00:00:00,2.202
1000,SP01,000000000010001013,002,ERSA,MECH-SEAL,VB,0.000,0.00,,2024-12-24T00:00:00,2024-12-24T00:00:00,2024-12-24T00:00:00,1.937
2000,SP02,000000000010001014,001,ERSA,MECH-BRG,VB,7.000,499292.50,2026-03-07T00:00:00,2026-06-09T00:00:00,2026-06-09T00:00:00,2026-06-09T00:00:00,4.447
3000,SP03,000000000010001014,008,ERSA,MECH-BRG,VB,10.000,713275.00,2026-08-10T00:00:00,2026-08-27T00:00:00,2026-08-27T00:00:00,2026-08-27T00:00:00,5.267
2000,SP02,000000000010001015,009,ERSA,MECH-BRG,VB,13.000,1742173.94,2026-03-14T00:00:00,2026-04-18T00:00:00,2026-04-18T00:00:00,2026-04-18T00:00:00,7.205
4000,SP04,000000000010001016,004,ERSA,MECH-BRG,VB,1.000,124258.43,,2024-12-01T00:00:00,2024-12-01T00:00:00,2024-12-01T00:00:00,0.261
1000,SP01,000000000010001017,001,ERSA,MILL-LINR,VB,12.000,8821460.88,2026-07-10T00:00:00,2026-07-22T00:00:00,2026-07-22T00:00:00,2026-07-22T00:00:00,3.144
3000,SP03,000000000010001018,006,ERSA,CONV-COMP,VB,2.000,192961.50,2026-05-14T00:00:00,2026-03-18T00:00:00,2026-03-18T00:00:00,2026-05-14T00:00:00,0.573
2000,SP02,000000000010001019,005,ERSA,MECH-PUMP,VB,0.000,0.00,,2025-05-15T00:00:00,2025-05-15T00:00:00,2025-05-15T00:00:00,4.971
4000,SP04,000000000010001020,002,ERSA,ELEC-CTRL,VB,0.000,0.00,,2022-11-26T00:00:00,2022-11-26T00:00:00,2022-11-26T00:00:00,0.000
4000,SP04,000000000010001021,008,ERSA,ELEC-MOTR,VB,10.000,2262485.30,2026-05-04T00:00:00,2026-09-02T00:00:00,2026-09-02T00:00:00,2026-09-02T00:00:00,5.375
2000,SP02,000000000010001022,005,ERSA,MECH-SEAL,VB,3.000,365154.84,2026-07-14T00:00:00,2026-05-14T00:00:00,2026-05-14T00:00:00,2026-07-14T00:00:00,0.397
3000,SP03,000000000010001023,009,ERSA,INST-XMTR,VB,12.000,970953.60,2026-04-28T00:00:00,2026-03-19T00:00:00,2026-03-19T00:00:00,2026-04-28T00:00:00,5.044
4000,SP04,000000000010001023,004,ERSA,INST-XMTR,VB,4.000,323651.20,2026-08-04T00:00:00,2026-08-21T00:00:00,2026-08-21T00:00:00,2026-08-21T00:00:00,2.370
3000,SP03,000000000010001024,003,HIBE,MILL-LINR,VB,0.000,0.00,,,,,1.135
1000,SP01,000000000010001025,004,ERSA,HYDR-ASSY,VB,25.000,586356.50,2026-06-02T00:00:00,2026-08-19T00:00:00,2026-08-19T00:00:00,2026-08-19T00:00:00,2.993
1000,SP01,000000000010001026,004,ERSA,MECH-SEAL,VB,0.000,0.00,,2024-09-13T00:00:00,2024-09-13T00:00:00,2024-09-13T00:00:00,2.594
4000,SP04,000000000010001026,009,ERSA,MECH-SEAL,VB,0.000,0.00,,2024-10-21T00:00:00,2024-10-21T00:00:00,2024-10-21T00:00:00,7.553
4000,SP04,000000000010001027,008,ERSA,MECH-BRG,VB,0.000,0.00,,2024-09-03T00:00:00,2024-09-03T00:00:00,2024-09-03T00:00:00,7.394
1000,SP01,000000000010001028,002,ERSA,MECH-PUMP,VB,13.000,610218.31,2026-06-23T00:00:00,2026-03-25T00:00:00,2026-03-25T00:00:00,2026-06-23T00:00:00,4.305
1000,SP01,000000000080000222,006,ERSA,ELEC-CTRL,VB,6.000,2022717.54,2026-05-11T00:00:00,2026-07-31T00:00:00,2026-07-31T00:00:00,2026-07-31T00:00:00,4.748
3000,SP03,000000000080000222,005,ERSA,ELEC-CTRL,VB,0.000,0.00,2026-01-03T00:00:00,2026-08-07T00:00:00,2026-08-07T00:00:00,2026-08-07T00:00:00,1.574
3000,SP03,000000000010001029,009,ERSA,MECH-SEAL,VB,0.000,0.00,,2025-05-09T00:00:00,2025-05-09T00:00:00,2025-05-09T00:00:00,4.520
4000,SP04,000000000030000244,008,ERSA,MECH-PUMP,PD,0.000,0.00,2026-06-01T00:00:00,2026-07-02T00:00:00,2026-07-02T00:00:00,2026-07-02T00:00:00,0.000
1000,SP01,000000000090000064,006,ERSA,INST-XMTR,ND,6.000,244396.08,,2025-01-13T00:00:00,2025-01-13T00:00:00,2025-01-13T00:00:00,0.000
4000,SP04,000000000010001030,002,HIBE,MECH-GBOX,VB,0.000,0.00,2025-02-25T00:00:00,2026-07-05T00:00:00,2026-07-05T00:00:00,2026-07-05T00:00:00,2.865
1000,SP01,000000000010001031,005,ERSA,CONV-COMP,VB,9.000,6666975.81,2026-01-14T00:00:00,2026-09-06T00:00:00,2026-09-06T00:00:00,2026-09-06T00:00:00,2.643
2000,SP02,000000000010001031,008,ERSA,CONV-COMP,VB,18.000,13333951.62,2025-12-30T00:00:00,2026-07-21T00:00:00,2026-07-21T00:00:00,2026-07-21T00:00:00,5.181
1000,SP01,000000000030000245,006,ERSA,ELEC-MOTR,PD,11.000,583288.86,2026-06-15T00:00:00,,,2026-06-15T00:00:00,0.000
1000,SP01,000000000010001032,004,ERSA,INST-XMTR,VB,0.000,0.00,,2024-12-24T00:00:00,2024-12-24T00:00:00,2024-12-24T00:00:00,0.000
1000,SP01,000000000010001033,004,HIBE,CONV-COMP,VB,13.000,4852287.57,2026-03-28T00:00:00,2026-08-08T00:00:00,2026-08-08T00:00:00,2026-08-08T00:00:00,11.370
2000,SP02,000000000010001033,002,HIBE,CONV-COMP,VB,72.000,26874208.08,2026-05-20T00:00:00,2026-08-04T00:00:00,2026-08-04T00:00:00,2026-08-04T00:00:00,11.400
4000,SP04,000000000010001034,002,ERSA,MECH-PUMP,VB,7.000,30744.70,,2026-07-15T00:00:00,2026-07-15T00:00:00,2026-07-15T00:00:00,1.903
1000,SP01,000000000010001035,002,ERSA,MECH-SEAL,VB,7.000,1045734.34,2026-06-15T00:00:00,2026-08-02T00:00:00,2026-08-02T00:00:00,2026-08-02T00:00:00,2.838
4000,SP04,000000000010001036,002,ERSA,INST-XMTR,VB,6.000,725071.50,2025-09-12T00:00:00,2026-07-27T00:00:00,2026-07-27T00:00:00,2026-07-27T00:00:00,3.296
1000,SP01,000000000080000223,008,ERSA,MECH-BRG,VB,1.000,415061.42,2026-07-08T00:00:00,2026-07-15T00:00:00,2026-07-15T00:00:00,2026-07-15T00:00:00,0.857
1000,SP01,000000000080000224,009,ERSA,MECH-SEAL,VB,14.000,652736.70,2026-03-14T00:00:00,2026-08-27T00:00:00,2026-08-27T00:00:00,2026-08-27T00:00:00,6.222
1000,SP01,000000000010001037,002,ERSA,HYDR-ASSY,VB,40.000,17554736.00,2026-04-26T00:00:00,2026-08-07T00:00:00,2026-08-07T00:00:00,2026-08-07T00:00:00,12.027
1000,SP01,000000000010001038,009,ERSA,MECH-BRG,VB,7.000,2265474.12,2026-01-18T00:00:00,2026-05-30T00:00:00,2026-05-30T00:00:00,2026-05-30T00:00:00,3.377
1000,SP01,000000000080000225,004,ERSA,MILL-LINR,VB,0.000,0.00,2025-11-28T00:00:00,2026-06-24T00:00:00,2026-06-24T00:00:00,2026-06-24T00:00:00,1.264
4000,SP04,000000000090000065,002,ERSA,HYDR-ASSY,ND,20.000,1402024.60,,2024-04-01T00:00:00,2024-04-01T00:00:00,2024-04-01T00:00:00,0.000
3000,SP03,000000000090000065,002,ERSA,HYDR-ASSY,ND,33.000,2313340.59,,2024-08-20T00:00:00,2024-08-20T00:00:00,2024-08-20T00:00:00,0.000
4000,SP04,000000000030000246,009,ERSA,MECH-BRG,PD,1.000,145901.47,2026-08-21T00:00:00,2026-09-07T00:00:00,2026-09-07T00:00:00,2026-09-07T00:00:00,0.000
4000,SP04,000000000030000247,010,ERSA,CONV-COMP,PD,7.000,191712.92,2026-06-04T00:00:00,2026-06-18T00:00:00,2026-06-18T00:00:00,2026-06-18T00:00:00,0.000
3000,SP03,000000000010001039,009,ERSA,MECH-SEAL,VB,63.000,1448354.88,2026-06-23T00:00:00,2026-08-04T00:00:00,2026-08-04T00:00:00,2026-08-04T00:00:00,14.318
1000,SP01,000000000010001040,009,ERSA,MILL-LINR,VB,9.000,4610239.02,2026-07-01T00:00:00,2026-08-08T00:00:00,2026-08-08T00:00:00,2026-08-08T00:00:00,2.997
4000,SP04,000000000030000248,003,ERSA,MECH-SEAL,PD,0.000,0.00,2025-11-25T00:00:00,2026-01-03T00:00:00,2026-01-03T00:00:00,2026-01-03T00:00:00,0.000
2000,SP02,000000000030000248,005,ERSA,MECH-SEAL,PD,0.000,0.00,2026-05-24T00:00:00,2026-06-08T00:00:00,2026-06-08T00:00:00,2026-06-08T00:00:00,0.000
4000,SP04,000000000080000226,008,HIBE,MECH-BRG,VB,14.000,4876292.40,2026-08-05T00:00:00,2026-07-05T00:00:00,2026-07-05T00:00:00,2026-08-05T00:00:00,5.777
2000,SP02,000000000030000249,004,ERSA,MECH-BRG,PD,2.000,161050.48,2026-04-13T00:00:00,2026-01-25T00:00:00,2026-01-25T00:00:00,2026-04-13T00:00:00,0.000
3000,SP03,000000000080000227,009,ERSA,MECH-GBOX,VB,1.000,137161.72,2026-08-22T00:00:00,2026-08-21T00:00:00,2026-08-21T00:00:00,2026-08-22T00:00:00,0.439
4000,SP04,000000000030000250,002,ERSA,MECH-BRG,ND,0.000,0.00,2026-06-16T00:00:00,2026-07-14T00:00:00,2026-07-14T00:00:00,2026-07-14T00:00:00,0.000
2000,SP02,000000000010001041,001,ERSA,ELEC-CTRL,VB,18.000,2207148.66,2026-08-22T00:00:00,2026-07-01T00:00:00,2026-07-01T00:00:00,2026-08-22T00:00:00,5.531
1000,SP01,000000000010001041,003,ERSA,ELEC-CTRL,VB,5.000,613096.85,2026-07-16T00:00:00,2026-08-15T00:00:00,2026-08-15T00:00:00,2026-08-15T00:00:00,1.337
4000,SP04,000000000080000228,007,ERSA,MECH-GBOX,VB,22.000,4028176.46,2026-05-01T00:00:00,2026-06-26T00:00:00,2026-06-26T00:00:00,2026-06-26T00:00:00,9.711
1000,SP01,000000000030000251,010,ERSA,ELEC-CTRL,ND,0.000,0.00,2026-06-11T00:00:00,2026-07-25T00:00:00,2026-07-25T00:00:00,2026-07-25T00:00:00,0.000
1000,SP01,000000000030000252,002,ERSA,MECH-GBOX,ND,1.000,48763.12,2026-08-03T00:00:00,2026-09-07T00:00:00,2026-09-07T00:00:00,2026-09-07T00:00:00,0.000
1000,SP01,000000000010001042,004,ERSA,MECH-GBOX,VB,2.000,52739.32,,2025-11-08T00:00:00,2025-11-08T00:00:00,2025-11-08T00:00:00,1.259
2000,SP02,000000000010001043,010,ERSA,HYDR-ASSY,VB,158.000,76310226.96,2026-04-09T00:00:00,2026-08-11T00:00:00,2026-08-11T00:00:00,2026-08-11T00:00:00,20.123
3000,SP03,000000000030000253,007,ERSA,INST-XMTR,ND,0.000,0.00,2026-09-04T00:00:00,2026-09-07T00:00:00,2026-09-07T00:00:00,2026-09-07T00:00:00,0.000
3000,SP03,000000000010001044,001,ERSA,MILL-LINR,VB,3.000,79295.79,2026-08-15T00:00:00,2026-07-14T00:00:00,2026-07-14T00:00:00,2026-08-15T00:00:00,1.435
3000,SP03,000000000010001045,004,ERSA,MECH-PUMP,VB,1.000,144421.21,2026-07-16T00:00:00,2026-06-26T00:00:00,2026-06-26T00:00:00,2026-07-16T00:00:00,0.372
3000,SP03,000000000030000254,007,ERSA,INST-XMTR,PD,6.000,609774.36,2026-03-20T00:00:00,,,2026-03-20T00:00:00,0.000
2000,SP02,000000000080000229,007,HIBE,MECH-GBOX,VB,4.000,1692600.24,2026-03-21T00:00:00,2026-08-07T00:00:00,2026-08-07T00:00:00,2026-08-07T00:00:00,2.795
1000,SP01,000000000080000230,009,ERSA,INST-XMTR,VB,20.000,8101974.60,2026-08-22T00:00:00,2026-07-14T00:00:00,2026-07-14T00:00:00,2026-08-22T00:00:00,1.593
4000,SP04,000000000080000230,002,ERSA,INST-XMTR,VB,4.000,1620394.92,2026-03-01T00:00:00,2026-08-10T00:00:00,2026-08-10T00:00:00,2026-08-10T00:00:00,1.501
3000,SP03,000000000010001046,008,ERSA,MECH-BRG,VB,0.000,0.00,,2024-09-06T00:00:00,2024-09-06T00:00:00,2024-09-06T00:00:00,3.382
2000,SP02,000000000010001047,003,HIBE,ELEC-MOTR,VB,11.000,1458833.97,2026-05-14T00:00:00,2026-09-07T00:00:00,2026-09-07T00:00:00,2026-09-07T00:00:00,8.790
1000,SP01,000000000010001048,008,HIBE,ELEC-MOTR,VB,69.000,905242.74,2026-08-07T00:00:00,2026-08-04T00:00:00,2026-08-04T00:00:00,2026-08-07T00:00:00,6.508
4000,SP04,000000000010001049,007,HIBE,ELEC-CTRL,VB,48.000,1140437.28,2026-07-07T00:00:00,2026-08-28T00:00:00,2026-08-28T00:00:00,2026-08-28T00:00:00,9.161
1000,SP01,000000000010001050,007,ERSA,MECH-GBOX,VB,0.000,0.00,,2024-10-30T00:00:00,2024-10-30T00:00:00,2024-10-30T00:00:00,9.667
3000,SP03,000000000010001051,002,ERSA,MECH-GBOX,VB,0.000,0.00,,2023-12-04T00:00:00,2023-12-04T00:00:00,2023-12-04T00:00:00,0.000
2000,SP02,000000000010001052,008,ERSA,INST-XMTR,VB,2.000,249166.42,2026-02-26T00:00:00,2026-08-09T00:00:00,2026-08-09T00:00:00,2026-08-09T00:00:00,2.420
1000,SP01,000000000010001053,009,ERSA,MILL-LINR,VB,28.000,3044182.40,2026-06-26T00:00:00,2026-07-01T00:00:00,2026-07-01T00:00:00,2026-07-01T00:00:00,8.439
1000,SP01,000000000010001054,003,ERSA,MECH-SEAL,VB,3.000,394648.32,2026-06-24T00:00:00,2026-08-22T00:00:00,2026-08-22T00:00:00,2026-08-22T00:00:00,3.285
1000,SP01,000000000080000231,002,HIBE,MECH-SEAL,VB,2.000,381716.18,2026-06-18T00:00:00,2026-07-29T00:00:00,2026-07-29T00:00:00,2026-07-29T00:00:00,0.472
3000,SP03,000000000010001055,010,ERSA,MECH-PUMP,VB,0.000,0.00,,2022-08-12T00:00:00,2022-08-12T00:00:00,2022-08-12T00:00:00,0.000
4000,SP04,000000000010001056,009,ERSA,MECH-SEAL,VB,1.000,10641.46,2026-02-09T00:00:00,2025-12-29T00:00:00,2025-12-29T00:00:00,2026-02-09T00:00:00,0.623
2000,SP02,000000000010001057,008,HIBE,ELEC-MOTR,VB,1.000,9836.89,2026-09-01T00:00:00,2026-08-20T00:00:00,2026-08-20T00:00:00,2026-09-01T00:00:00,0.210
3000,SP03,000000000010001057,005,HIBE,ELEC-MOTR,VB,1.000,9836.89,2025-08-19T00:00:00,2025-08-03T00:00:00,2025-08-03T00:00:00,2025-08-19T00:00:00,0.135
3000,SP03,000000000010001058,001,HIBE,MECH-GBOX,VB,7.000,544165.09,2026-05-28T00:00:00,2026-07-09T00:00:00,2026-07-09T00:00:00,2026-07-09T00:00:00,1.393
1000,SP01,000000000030000255,001,ERSA,MECH-BRG,PD,2.000,258906.58,2026-03-12T00:00:00,,,2026-03-12T00:00:00,0.000
1000,SP01,000000000010001059,005,ERSA,MECH-BRG,VB,2.000,173340.32,2026-04-02T00:00:00,2026-06-10T00:00:00,2026-06-10T00:00:00,2026-06-10T00:00:00,1.967
4000,SP04,000000000010001059,008,ERSA,MECH-BRG,VB,23.000,1993413.68,2026-06-29T00:00:00,2026-09-05T00:00:00,2026-09-05T00:00:00,2026-09-05T00:00:00,4.223
4000,SP04,000000000010001060,006,ERSA,MECH-PUMP,VB,1.000,138614.66,2026-02-08T00:00:00,2025-12-18T00:00:00,2025-12-18T00:00:00,2026-02-08T00:00:00,0.272
4000,SP04,000000000010001061,007,ERSA,HYDR-ASSY,VB,109.000,2433358.51,2026-08-12T00:00:00,2026-07-07T00:00:00,2026-07-07T00:00:00,2026-08-12T00:00:00,7.672
2000,SP02,000000000010001061,006,ERSA,HYDR-ASSY,VB,24.000,535785.36,2026-06-20T00:00:00,2026-08-06T00:00:00,2026-08-06T00:00:00,2026-08-06T00:00:00,3.758
3000,SP03,000000000010001062,006,ERSA,MECH-BRG,VB,0.000,0.00,,2025-04-12T00:00:00,2025-04-12T00:00:00,2025-04-12T00:00:00,0.000
2000,SP02,000000000010001063,010,ERSA,ELEC-CTRL,VB,0.000,0.00,,2024-09-04T00:00:00,2024-09-04T00:00:00,2024-09-04T00:00:00,2.155
1000,SP01,000000000010001063,006,ERSA,ELEC-CTRL,VB,0.000,0.00,,2024-11-03T00:00:00,2024-11-03T00:00:00,2024-11-03T00:00:00,4.039
3000,SP03,000000000010001064,004,ERSA,ELEC-CTRL,VB,1.000,6087.07,2025-11-09T00:00:00,2026-04-01T00:00:00,2026-04-01T00:00:00,2026-04-01T00:00:00,0.437
4000,SP04,000000000010001065,002,HIBE,MECH-PUMP,VB,4.000,76044.52,2026-08-21T00:00:00,2026-09-03T00:00:00,2026-09-03T00:00:00,2026-09-03T00:00:00,2.239
3000,SP03,000000000030000256,006,ERSA,MECH-PUMP,PD,1.000,122945.32,2026-04-15T00:00:00,2026-04-06T00:00:00,2026-04-06T00:00:00,2026-04-15T00:00:00,0.000
2000,SP02,000000000010001066,006,HIBE,MECH-BRG,VB,0.000,0.00,,2024-05-10T00:00:00,2024-05-10T00:00:00,2024-05-10T00:00:00,0.000
2000,SP02,000000000030000257,009,HIBE,MECH-GBOX,PD,3.000,57022.83,2026-04-02T00:00:00,,,2026-04-02T00:00:00,0.000
3000,SP03,000000000030000257,007,HIBE,MECH-GBOX,PD,0.000,0.00,2026-04-15T00:00:00,2026-05-03T00:00:00,2026-05-03T00:00:00,2026-05-03T00:00:00,0.000
3000,SP03,000000000010001067,002,ERSA,ELEC-CTRL,VB,188.000,1423404.40,2026-08-02T00:00:00,2026-09-05T00:00:00,2026-09-05T00:00:00,2026-09-05T00:00:00,6.378
3000,SP03,000000000010001068,010,ERSA,ELEC-MOTR,VB,128.000,2000177.92,2026-08-14T00:00:00,2026-07-26T00:00:00,2026-07-26T00:00:00,2026-08-14T00:00:00,9.601
1000,SP01,000000000010001069,003,ERSA,INST-XMTR,VB,0.000,0.00,2025-07-31T00:00:00,2026-07-15T00:00:00,2026-07-15T00:00:00,2026-07-15T00:00:00,1.327
3000,SP03,000000000010001070,008,ERSA,HYDR-ASSY,VB,69.000,1345014.24,2026-05-31T00:00:00,2026-09-02T00:00:00,2026-09-02T00:00:00,2026-09-02T00:00:00,16.241
4000,SP04,000000000010001070,009,ERSA,HYDR-ASSY,VB,36.000,701746.56,2026-02-06T00:00:00,2026-09-02T00:00:00,2026-09-02T00:00:00,2026-09-02T00:00:00,10.424
2000,SP02,000000000010001071,009,ERSA,MECH-SEAL,VB,6.000,4657029.12,2026-01-21T00:00:00,2026-07-28T00:00:00,2026-07-28T00:00:00,2026-07-28T00:00:00,3.440
2000,SP02,000000000080000232,009,HIBE,HYDR-ASSY,VB,5.000,1943691.95,2026-07-08T00:00:00,2026-08-30T00:00:00,2026-08-30T00:00:00,2026-08-30T00:00:00,2.604
3000,SP03,000000000080000233,006,ERSA,ELEC-MOTR,VB,7.000,734266.89,2026-06-21T00:00:00,2026-07-21T00:00:00,2026-07-21T00:00:00,2026-07-21T00:00:00,7.276
2000,SP02,000000000030000258,002,HIBE,MILL-LINR,PD,0.000,0.00,2026-08-05T00:00:00,2026-09-03T00:00:00,2026-09-03T00:00:00,2026-09-03T00:00:00,0.000
2000,SP02,000000000010001072,002,ERSA,MILL-LINR,VB,0.000,0.00,,2024-03-17T00:00:00,2024-03-17T00:00:00,2024-03-17T00:00:00,0.000
2000,SP02,000000000010001073,004,ERSA,MECH-BRG,VB,3.000,427189.92,2026-06-02T00:00:00,2026-05-02T00:00:00,2026-05-02T00:00:00,2026-06-02T00:00:00,0.609
3000,SP03,000000000010001074,004,ERSA,INST-XMTR,VB,13.000,804525.41,2026-05-17T00:00:00,2026-07-24T00:00:00,2026-07-24T00:00:00,2026-07-24T00:00:00,2.408
4000,SP04,000000000010001075,008,ERSA,ELEC-CTRL,VB,0.000,0.00,2026-05-19T00:00:00,2026-08-15T00:00:00,2026-08-15T00:00:00,2026-08-15T00:00:00,1.669
1000,SP01,000000000030000259,010,ERSA,INST-XMTR,PD,3.000,478596.12,2026-03-06T00:00:00,2026-04-27T00:00:00,2026-04-27T00:00:00,2026-04-27T00:00:00,0.000
2000,SP02,000000000080000234,005,ERSA,INST-XMTR,VB,6.000,754301.94,2026-05-17T00:00:00,2026-05-07T00:00:00,2026-05-07T00:00:00,2026-05-17T00:00:00,2.404
4000,SP04,000000000080000234,008,ERSA,INST-XMTR,VB,9.000,1131452.91,2026-07-24T00:00:00,2026-05-23T00:00:00,2026-05-23T00:00:00,2026-07-24T00:00:00,3.176
3000,SP03,000000000030000260,005,HIBE,CONV-COMP,PD,2.000,201344.50,2026-04-01T00:00:00,,,2026-04-01T00:00:00,0.000
3000,SP03,000000000080000235,002,ERSA,MECH-GBOX,VB,4.000,1508270.44,2026-04-27T00:00:00,2026-08-05T00:00:00,2026-08-05T00:00:00,2026-08-05T00:00:00,4.194
4000,SP04,000000000010001076,002,ERSA,MECH-SEAL,VB,0.000,0.00,2025-10-10T00:00:00,2026-08-12T00:00:00,2026-08-12T00:00:00,2026-08-12T00:00:00,8.348
2000,SP02,000000000010001077,010,ERSA,MECH-GBOX,VB,2.000,226042.50,2026-08-13T00:00:00,2026-07-05T00:00:00,2026-07-05T00:00:00,2026-08-13T00:00:00,0.941
1000,SP01,000000000010001078,002,ERSA,MECH-BRG,VB,0.000,0.00,,2023-05-19T00:00:00,2023-05-19T00:00:00,2023-05-19T00:00:00,0.000
4000,SP04,000000000010001079,005,ERSA,ELEC-CTRL,VB,52.000,743552.16,2026-05-09T00:00:00,2026-08-31T00:00:00,2026-08-31T00:00:00,2026-08-31T00:00:00,27.235
3000,SP03,000000000010001080,007,ERSA,MECH-BRG,VB,19.000,13862469.92,2026-02-27T00:00:00,2026-07-06T00:00:00,2026-07-06T00:00:00,2026-07-06T00:00:00,6.387
1000,SP01,000000000010001081,003,ERSA,ELEC-CTRL,VB,0.000,0.00,,2024-09-02T00:00:00,2024-09-02T00:00:00,2024-09-02T00:00:00,5.093
1000,SP01,000000000010001082,002,ERSA,ELEC-MOTR,VB,139.000,2219849.46,2026-09-02T00:00:00,2026-08-18T00:00:00,2026-08-18T00:00:00,2026-09-02T00:00:00,14.853
4000,SP04,000000000010001083,006,ERSA,CONV-COMP,VB,9.000,576174.24,2026-08-28T00:00:00,2026-08-17T00:00:00,2026-08-17T00:00:00,2026-08-28T00:00:00,5.689
1000,SP01,000000000010001084,010,ERSA,MECH-BRG,VB,13.000,5698527.25,2026-03-26T00:00:00,2026-08-20T00:00:00,2026-08-20T00:00:00,2026-08-20T00:00:00,5.828
2000,SP02,000000000010001085,006,ERSA,MECH-GBOX,VB,8.000,69805.28,2026-01-25T00:00:00,2026-07-24T00:00:00,2026-07-24T00:00:00,2026-07-24T00:00:00,6.023
1000,SP01,000000000010001085,004,ERSA,MECH-GBOX,VB,14.000,122159.24,2026-08-18T00:00:00,2026-04-21T00:00:00,2026-04-21T00:00:00,2026-08-18T00:00:00,6.721
2000,SP02,000000000030000261,005,ERSA,CONV-COMP,PD,5.000,479376.40,2026-05-09T00:00:00,,,2026-05-09T00:00:00,0.000
1000,SP01,000000000010001086,008,ERSA,INST-XMTR,VB,0.000,0.00,,2025-03-23T00:00:00,2025-03-23T00:00:00,2025-03-23T00:00:00,3.886
3000,SP03,000000000010001087,010,ERSA,MILL-LINR,VB,6.000,487615.02,2026-09-01T00:00:00,2026-08-18T00:00:00,2026-08-18T00:00:00,2026-09-01T00:00:00,2.169
4000,SP04,000000000010001087,009,ERSA,MILL-LINR,VB,2.000,162538.34,2025-07-22T00:00:00,2026-08-06T00:00:00,2026-08-06T00:00:00,2026-08-06T00:00:00,2.127
2000,SP02,000000000010001088,007,ERSA,MECH-GBOX,VB,5.000,599614.40,2026-02-22T00:00:00,2026-03-12T00:00:00,2026-03-12T00:00:00,2026-03-12T00:00:00,2.410
1000,SP01,000000000010001089,009,ERSA,MECH-GBOX,VB,63.000,1061252.01,2026-07-18T00:00:00,2026-08-05T00:00:00,2026-08-05T00:00:00,2026-08-05T00:00:00,4.038
2000,SP02,000000000010001089,002,ERSA,MECH-GBOX,VB,103.000,1735062.81,2026-05-29T00:00:00,2026-08-28T00:00:00,2026-08-28T00:00:00,2026-08-28T00:00:00,6.786
4000,SP04,000000000010001090,005,ERSA,MECH-PUMP,VB,8.000,765945.12,2026-01-25T00:00:00,2026-07-31T00:00:00,2026-07-31T00:00:00,2026-07-31T00:00:00,4.059
3000,SP03,000000000010001091,004,ERSA,MECH-GBOX,VB,81.000,827144.46,2026-06-05T00:00:00,2026-08-25T00:00:00,2026-08-25T00:00:00,2026-08-25T00:00:00,4.566
1000,SP01,000000000010001092,007,ERSA,HYDR-ASSY,VB,2.000,332449.36,2026-06-28T00:00:00,2026-08-18T00:00:00,2026-08-18T00:00:00,2026-08-18T00:00:00,2.019
3000,SP03,000000000080000236,005,HIBE,CONV-COMP,VB,8.000,729664.24,2026-08-16T00:00:00,2026-05-05T00:00:00,2026-05-05T00:00:00,2026-08-16T00:00:00,3.707
4000,SP04,000000000010001093,010,ERSA,MILL-LINR,VB,6.000,85740.84,2026-08-11T00:00:00,2026-07-20T00:00:00,2026-07-20T00:00:00,2026-08-11T00:00:00,1.398
1000,SP01,000000000010001094,001,ERSA,MECH-BRG,VB,149.000,935605.27,2026-07-26T00:00:00,2026-08-28T00:00:00,2026-08-28T00:00:00,2026-08-28T00:00:00,9.376
3000,SP03,000000000010001095,006,ERSA,MECH-SEAL,VB,0.000,0.00,,2025-06-02T00:00:00,2025-06-02T00:00:00,2025-06-02T00:00:00,0.000
2000,SP02,000000000080000237,005,ERSA,MECH-GBOX,VB,12.000,380314.92,2026-04-07T00:00:00,2026-07-27T00:00:00,2026-07-27T00:00:00,2026-07-27T00:00:00,7.226
4000,SP04,000000000010001096,004,ERSA,INST-XMTR,VB,2.000,165305.92,2025-04-24T00:00:00,2026-01-28T00:00:00,2026-01-28T00:00:00,2026-01-28T00:00:00,0.684
3000,SP03,000000000010001096,005,ERSA,INST-XMTR,VB,9.000,743876.64,2026-06-25T00:00:00,2026-08-25T00:00:00,2026-08-25T00:00:00,2026-08-25T00:00:00,3.679
1000,SP01,000000000010001097,007,ERSA,MECH-GBOX,VB,3.000,1693369.77,,2026-01-20T00:00:00,2026-01-20T00:00:00,2026-01-20T00:00:00,0.510
4000,SP04,000000000080000238,001,ERSA,ELEC-CTRL,VB,11.000,2362883.38,2026-08-17T00:00:00,2026-09-06T00:00:00,2026-09-06T00:00:00,2026-09-06T00:00:00,4.046
2000,SP02,000000000030000262,001,ERSA,HYDR-ASSY,PD,0.000,0.00,2026-08-25T00:00:00,2026-09-07T00:00:00,2026-09-07T00:00:00,2026-09-07T00:00:00,0.000
1000,SP01,000000000010001098,003,ERSA,CONV-COMP,VB,3.000,2333644.65,2026-07-07T00:00:00,2026-09-01T00:00:00,2026-09-01T00:00:00,2026-09-01T00:00:00,0.865
2000,SP02,000000000010001098,004,ERSA,CONV-COMP,VB,11.000,8556697.05,2026-07-29T00:00:00,2026-05-29T00:00:00,2026-05-29T00:00:00,2026-07-29T00:00:00,1.776
2000,SP02,000000000080000239,002,ERSA,MECH-GBOX,VB,8.000,480551.76,2026-08-04T00:00:00,2026-07-14T00:00:00,2026-07-14T00:00:00,2026-08-04T00:00:00,0.720
3000,SP03,000000000010001099,010,HIBE,MECH-GBOX,VB,4.000,269354.24,2026-02-19T00:00:00,2026-09-01T00:00:00,2026-09-01T00:00:00,2026-09-01T00:00:00,2.756
4000,SP04,000000000080000240,010,ERSA,MILL-LINR,VB,6.000,298841.34,2026-04-03T00:00:00,2026-07-03T00:00:00,2026-07-03T00:00:00,2026-07-03T00:00:00,1.693
1000,SP01,000000000080000241,007,ERSA,INST-XMTR,VB,13.000,741415.22,2026-06-01T00:00:00,2026-07-11T00:00:00,2026-07-11T00:00:00,2026-07-11T00:00:00,8.599
2000,SP02,000000000010001100,004,ERSA,MECH-BRG,VB,2.000,1207081.36,2026-03-18T00:00:00,2026-08-19T00:00:00,2026-08-19T00:00:00,2026-08-19T00:00:00,0.881
4000,SP04,000000000010001101,009,ERSA,ELEC-MOTR,VB,0.000,0.00,,2024-12-25T00:00:00,2024-12-25T00:00:00,2024-12-25T00:00:00,0.000
4000,SP04,000000000030000263,008,ERSA,CONV-COMP,PD,0.000,0.00,2026-06-11T00:00:00,2026-07-08T00:00:00,2026-07-08T00:00:00,2026-07-08T00:00:00,0.000
4000,SP04,000000000030000264,004,ERSA,MECH-GBOX,PD,1.000,616119.91,2026-09-01T00:00:00,2026-09-07T00:00:00,2026-09-07T00:00:00,2026-09-07T00:00:00,0.000
1000,SP01,000000000010001102,006,HIBE,MECH-BRG,VB,0.000,0.00,,2022-09-18T00:00:00,2022-09-18T00:00:00,2022-09-18T00:00:00,0.000
4000,SP04,000000000010001103,001,ERSA,CONV-COMP,VB,0.000,0.00,2025-11-19T00:00:00,2026-08-02T00:00:00,2026-08-02T00:00:00,2026-08-02T00:00:00,1.804
2000,SP02,000000000010001104,008,ERSA,ELEC-MOTR,VB,11.000,911346.59,2026-08-03T00:00:00,2026-07-30T00:00:00,2026-07-30T00:00:00,2026-08-03T00:00:00,2.023
4000,SP04,000000000030000265,009,ERSA,MECH-SEAL,ND,3.000,544829.34,2026-07-01T00:00:00,2026-08-09T00:00:00,2026-08-09T00:00:00,2026-08-09T00:00:00,0.000
4000,SP04,000000000010001105,004,ERSA,MILL-LINR,VB,0.000,0.00,,2024-09-10T00:00:00,2024-09-10T00:00:00,2024-09-10T00:00:00,8.210
3000,SP03,000000000010001106,001,ERSA,MILL-LINR,VB,6.000,697959.72,2026-06-01T00:00:00,2026-09-04T00:00:00,2026-09-04T00:00:00,2026-09-04T00:00:00,3.361
3000,SP03,000000000010001107,004,ERSA,MECH-PUMP,VB,0.000,0.00,,2024-11-16T00:00:00,2024-11-16T00:00:00,2024-11-16T00:00:00,2.378
2000,SP02,000000000010001108,008,ERSA,MILL-LINR,VB,0.000,0.00,,2024-12-12T00:00:00,2024-12-12T00:00:00,2024-12-12T00:00:00,9.016
4000,SP04,000000000010001109,005,ERSA,CONV-COMP,VB,4.000,690318.00,2026-08-01T00:00:00,2026-08-02T00:00:00,2026-08-02T00:00:00,2026-08-02T00:00:00,1.658
2000,SP02,000000000010001109,001,ERSA,CONV-COMP,VB,5.000,862897.50,2026-02-05T00:00:00,2026-02-05T00:00:00,2026-02-05T00:00:00,2026-02-05T00:00:00,0.857
4000,SP04,000000000010001110,004,ERSA,MECH-GBOX,VB,0.000,0.00,2025-05-21T00:00:00,2026-07-10T00:00:00,2026-07-10T00:00:00,2026-07-10T00:00:00,1.081
1000,SP01,000000000010001111,002,ERSA,MECH-SEAL,VB,0.000,0.00,,2025-07-05T00:00:00,2025-07-05T00:00:00,2025-07-05T00:00:00,0.000
2000,SP02,000000000090000066,003,ERSA,MILL-LINR,ND,9.000,981322.20,,2025-01-01T00:00:00,2025-01-01T00:00:00,2025-01-01T00:00:00,0.000
1000,SP01,000000000090000066,006,ERSA,MILL-LINR,ND,20.000,2180716.00,,2023-06-30T00:00:00,2023-06-30T00:00:00,2023-06-30T00:00:00,0.000
2000,SP02,000000000010001112,002,HIBE,MECH-GBOX,VB,1.000,420132.76,2025-10-31T00:00:00,2026-06-14T00:00:00,2026-06-14T00:00:00,2026-06-14T00:00:00,1.013
1000,SP01,000000000030000266,001,ERSA,MILL-LINR,PD,0.000,0.00,2025-12-21T00:00:00,2025-12-24T00:00:00,2025-12-24T00:00:00,2025-12-24T00:00:00,0.000
2000,SP02,000000000010001113,003,HIBE,MILL-LINR,VB,66.000,343138.62,2026-08-08T00:00:00,2026-09-02T00:00:00,2026-09-02T00:00:00,2026-09-02T00:00:00,4.241
4000,SP04,000000000030000267,002,ERSA,MECH-PUMP,ND,0.000,0.00,2026-04-12T00:00:00,2026-04-15T00:00:00,2026-04-15T00:00:00,2026-04-15T00:00:00,0.000
3000,SP03,000000000030000268,008,ERSA,MECH-PUMP,PD,3.000,351830.97,2026-03-06T00:00:00,2026-03-24T00:00:00,2026-03-24T00:00:00,2026-03-24T00:00:00,0.000
1000,SP01,000000000030000268,003,ERSA,MECH-PUMP,PD,1.000,117276.99,2026-07-01T00:00:00,2026-02-27T00:00:00,2026-02-27T00:00:00,2026-07-01T00:00:00,0.000
3000,SP03,000000000010001114,003,ERSA,INST-XMTR,VB,105.000,1078746.90,2026-07-14T00:00:00,2026-08-21T00:00:00,2026-08-21T00:00:00,2026-08-21T00:00:00,23.241
4000,SP04,000000000010001115,008,ERSA,MILL-LINR,VB,16.000,1117057.92,2026-06-18T00:00:00,2026-07-04T00:00:00,2026-07-04T00:00:00,2026-07-04T00:00:00,4.699
3000,SP03,000000000010001115,003,ERSA,MILL-LINR,VB,8.000,558528.96,2026-05-22T00:00:00,2026-06-25T00:00:00,2026-06-25T00:00:00,2026-06-25T00:00:00,1.632
2000,SP02,000000000010001116,003,ERSA,INST-XMTR,VB,13.000,993875.22,2026-08-12T00:00:00,2026-08-10T00:00:00,2026-08-10T00:00:00,2026-08-12T00:00:00,6.085
1000,SP01,000000000010001117,003,ERSA,ELEC-CTRL,VB,0.000,0.00,2026-05-14T00:00:00,2026-07-18T00:00:00,2026-07-18T00:00:00,2026-07-18T00:00:00,1.256
4000,SP04,000000000010001118,002,ERSA,MILL-LINR,VB,15.000,350748.75,2026-08-17T00:00:00,2026-08-08T00:00:00,2026-08-08T00:00:00,2026-08-17T00:00:00,3.851
1000,SP01,000000000010001119,006,HIBE,ELEC-CTRL,VB,4.000,489298.68,2025-10-02T00:00:00,2026-01-02T00:00:00,2026-01-02T00:00:00,2026-01-02T00:00:00,0.759
4000,SP04,000000000090000067,004,ERSA,INST-XMTR,ND,32.000,3781548.80,,2023-03-03T00:00:00,2023-03-03T00:00:00,2023-03-03T00:00:00,0.000
2000,SP02,000000000090000067,003,ERSA,INST-XMTR,ND,29.000,3427028.60,,2023-08-19T00:00:00,2023-08-19T00:00:00,2023-08-19T00:00:00,0.000
1000,SP01,000000000010001120,002,ERSA,ELEC-CTRL,VB,0.000,0.00,,2025-07-23T00:00:00,2025-07-23T00:00:00,2025-07-23T00:00:00,0.000
2000,SP02,000000000010001121,006,ERSA,MECH-GBOX,VB,1.000,140738.43,,2026-05-08T00:00:00,2026-05-08T00:00:00,2026-05-08T00:00:00,0.537
3000,SP03,000000000010001121,005,ERSA,MECH-GBOX,VB,2.000,281476.86,2026-03-19T00:00:00,2026-01-26T00:00:00,2026-01-26T00:00:00,2026-03-19T00:00:00,1.183
4000,SP04,000000000010001122,002,ERSA,MECH-BRG,VB,97.000,631835.69,2026-05-23T00:00:00,2026-08-16T00:00:00,2026-08-16T00:00:00,2026-08-16T00:00:00,37.956
2000,SP02,000000000010001123,004,ERSA,MECH-PUMP,VB,0.000,0.00,,2026-09-03T00:00:00,2026-09-03T00:00:00,2026-09-03T00:00:00,0.767
4000,SP04,000000000010001124,002,ERSA,MECH-BRG,VB,9.000,195541.47,2026-07-05T00:00:00,2026-08-11T00:00:00,2026-08-11T00:00:00,2026-08-11T00:00:00,3.699
1000,SP01,000000000010001125,002,ERSA,MECH-PUMP,VB,78.000,36639256.68,2026-06-01T00:00:00,2026-09-05T00:00:00,2026-09-05T00:00:00,2026-09-05T00:00:00,26.571
3000,SP03,000000000030000269,004,ERSA,MECH-BRG,PD,1.000,34704.44,2026-08-05T00:00:00,2026-09-07T00:00:00,2026-09-07T00:00:00,2026-09-07T00:00:00,0.000
3000,SP03,000000000010001126,001,ERSA,CONV-COMP,VB,142.000,3435350.62,2026-08-12T00:00:00,2026-08-18T00:00:00,2026-08-18T00:00:00,2026-08-18T00:00:00,14.962
1000,SP01,000000000010001127,001,ERSA,CONV-COMP,VB,0.000,0.00,,2024-09-08T00:00:00,2024-09-08T00:00:00,2024-09-08T00:00:00,8.362
3000,SP03,000000000010001127,001,ERSA,CONV-COMP,VB,0.000,0.00,,2024-09-22T00:00:00,2024-09-22T00:00:00,2024-09-22T00:00:00,9.283
4000,SP04,000000000010001128,010,ERSA,MILL-LINR,VB,12.000,3826991.52,2026-08-25T00:00:00,2026-06-18T00:00:00,2026-06-18T00:00:00,2026-08-25T00:00:00,3.340
3000,SP03,000000000010001129,007,ERSA,MECH-PUMP,VB,7.000,862540.56,2026-06-12T00:00:00,2026-08-21T00:00:00,2026-08-21T00:00:00,2026-08-21T00:00:00,1.975
2000,SP02,000000000010001130,006,ERSA,HYDR-ASSY,VB,4.000,208408.12,2026-01-04T00:00:00,2025-08-25T00:00:00,2025-08-25T00:00:00,2026-01-04T00:00:00,1.787
3000,SP03,000000000010001131,009,ERSA,MECH-GBOX,VB,6.000,904192.44,2026-07-22T00:00:00,2026-07-23T00:00:00,2026-07-23T00:00:00,2026-07-23T00:00:00,1.933
4000,SP04,000000000010001132,005,ERSA,MECH-PUMP,VB,2.000,187036.76,2026-08-30T00:00:00,2026-08-10T00:00:00,2026-08-10T00:00:00,2026-08-30T00:00:00,0.357
1000,SP01,000000000010001133,008,ERSA,MECH-GBOX,VB,21.000,497184.45,2026-07-15T00:00:00,2026-08-28T00:00:00,2026-08-28T00:00:00,2026-08-28T00:00:00,2.694
3000,SP03,000000000010001133,007,ERSA,MECH-GBOX,VB,128.000,3030457.60,2026-08-11T00:00:00,2026-08-22T00:00:00,2026-08-22T00:00:00,2026-08-22T00:00:00,4.788
3000,SP03,000000000010001134,009,ERSA,ELEC-CTRL,VB,103.000,1647151.28,2026-08-11T00:00:00,2026-08-13T00:00:00,2026-08-13T00:00:00,2026-08-13T00:00:00,5.558
4000,SP04,000000000090000068,005,ERSA,CONV-COMP,ND,26.000,409574.10,,2023-07-26T00:00:00,2023-07-26T00:00:00,2023-07-26T00:00:00,0.000
2000,SP02,000000000010001135,006,ERSA,MECH-BRG,VB,94.000,36238262.42,2026-04-15T00:00:00,2026-08-22T00:00:00,2026-08-22T00:00:00,2026-08-22T00:00:00,22.741
3000,SP03,000000000010001136,010,ERSA,MILL-LINR,VB,15.000,363436.65,2026-05-31T00:00:00,2026-08-23T00:00:00,2026-08-23T00:00:00,2026-08-23T00:00:00,2.519
3000,SP03,000000000090000069,001,ERSA,CONV-COMP,ND,30.000,2717595.60,,2023-10-02T00:00:00,2023-10-02T00:00:00,2023-10-02T00:00:00,0.000
2000,SP02,000000000010001137,004,ERSA,ELEC-CTRL,VB,98.000,1813740.88,2026-05-21T00:00:00,2026-08-29T00:00:00,2026-08-29T00:00:00,2026-08-29T00:00:00,30.338
1000,SP01,000000000010001138,003,ERSA,ELEC-CTRL,VB,6.000,39986.10,2026-01-02T00:00:00,2026-07-13T00:00:00,2026-07-13T00:00:00,2026-07-13T00:00:00,3.825
1000,SP01,000000000010001139,006,HIBE,MECH-PUMP,VB,4.000,164614.32,2026-06-10T00:00:00,2026-08-21T00:00:00,2026-08-21T00:00:00,2026-08-21T00:00:00,1.184
1000,SP01,000000000010001140,005,ERSA,INST-XMTR,VB,44.000,522187.60,2026-08-26T00:00:00,2026-08-21T00:00:00,2026-08-21T00:00:00,2026-08-26T00:00:00,15.390
3000,SP03,000000000010001140,009,ERSA,INST-XMTR,VB,31.000,367904.90,2026-06-19T00:00:00,2026-08-21T00:00:00,2026-08-21T00:00:00,2026-08-21T00:00:00,13.418
4000,SP04,000000000030000270,010,ERSA,MECH-SEAL,PD,0.000,0.00,2026-05-11T00:00:00,2026-06-24T00:00:00,2026-06-24T00:00:00,2026-06-24T00:00:00,0.000
4000,SP04,000000000010001141,003,ERSA,MECH-SEAL,VB,0.000,0.00,,2024-09-15T00:00:00,2024-09-15T00:00:00,2024-09-15T00:00:00,3.576
2000,SP02,000000000010001142,003,ERSA,MECH-GBOX,VB,15.000,1994699.85,2026-07-18T00:00:00,2026-08-31T00:00:00,2026-08-31T00:00:00,2026-08-31T00:00:00,2.873
3000,SP03,000000000010001143,003,ERSA,HYDR-ASSY,VB,0.000,0.00,,2025-02-25T00:00:00,2025-02-25T00:00:00,2025-02-25T00:00:00,17.621
1000,SP01,000000000010001144,008,HIBE,INST-XMTR,VB,4.000,1357151.60,2026-04-26T00:00:00,2026-08-01T00:00:00,2026-08-01T00:00:00,2026-08-01T00:00:00,1.513
4000,SP04,000000000090000070,007,ERSA,MECH-BRG,ND,18.000,1740909.60,,2024-11-04T00:00:00,2024-11-04T00:00:00,2024-11-04T00:00:00,0.000
4000,SP04,000000000030000271,006,ERSA,MILL-LINR,PD,0.000,0.00,2026-01-15T00:00:00,2026-03-15T00:00:00,2026-03-15T00:00:00,2026-03-15T00:00:00,0.000
3000,SP03,000000000010001145,004,ERSA,ELEC-MOTR,VB,1.000,134534.50,2026-06-30T00:00:00,2026-08-17T00:00:00,2026-08-17T00:00:00,2026-08-17T00:00:00,1.432
4000,SP04,000000000010001146,005,ERSA,ELEC-MOTR,VB,0.000,0.00,,2024-10-31T00:00:00,2024-10-31T00:00:00,2024-10-31T00:00:00,8.125
1000,SP01,000000000010001146,010,ERSA,ELEC-MOTR,VB,0.000,0.00,,2024-10-06T00:00:00,2024-10-06T00:00:00,2024-10-06T00:00:00,3.328
3000,SP03,000000000010001147,003,ERSA,CONV-COMP,VB,1.000,24256.37,2025-09-21T00:00:00,2026-03-10T00:00:00,2026-03-10T00:00:00,2026-03-10T00:00:00,0.164
4000,SP04,000000000010001148,002,ERSA,MECH-PUMP,VB,4.000,424303.52,2026-07-29T00:00:00,2026-08-08T00:00:00,2026-08-08T00:00:00,2026-08-08T00:00:00,1.765
3000,SP03,000000000010001149,009,ERSA,INST-XMTR,VB,0.000,0.00,,2023-11-03T00:00:00,2023-11-03T00:00:00,2023-11-03T00:00:00,0.000
1000,SP01,000000000030000272,004,HIBE,CONV-COMP,ND,2.000,1184197.28,2026-07-13T00:00:00,2026-03-18T00:00:00,2026-03-18T00:00:00,2026-07-13T00:00:00,0.000
4000,SP04,000000000010001150,005,ERSA,HYDR-ASSY,VB,66.000,31913433.42,2026-04-01T00:00:00,2026-08-03T00:00:00,2026-08-03T00:00:00,2026-08-03T00:00:00,29.023
3000,SP03,000000000010001151,009,ERSA,MECH-PUMP,VB,0.000,0.00,,2026-04-07T00:00:00,2026-04-07T00:00:00,2026-04-07T00:00:00,9.791
4000,SP04,000000000030000273,003,HIBE,INST-XMTR,ND,4.000,196815.28,2026-09-06T00:00:00,,,2026-09-06T00:00:00,0.000
4000,SP04,000000000010001152,005,ERSA,INST-XMTR,VB,0.000,0.00,,2024-12-31T00:00:00,2024-12-31T00:00:00,2024-12-31T00:00:00,0.000
2000,SP02,000000000010001152,005,ERSA,INST-XMTR,VB,0.000,0.00,,2023-02-21T00:00:00,2023-02-21T00:00:00,2023-02-21T00:00:00,0.000
3000,SP03,000000000010001153,008,ERSA,MECH-PUMP,VB,6.000,769842.90,2026-07-31T00:00:00,2026-07-01T00:00:00,2026-07-01T00:00:00,2026-07-31T00:00:00,1.321
2000,SP02,000000000080000242,004,ERSA,INST-XMTR,VB,3.000,300439.89,2026-08-27T00:00:00,2026-06-26T00:00:00,2026-06-26T00:00:00,2026-08-27T00:00:00,0.616
3000,SP03,000000000080000242,003,ERSA,INST-XMTR,VB,3.000,300439.89,2026-02-12T00:00:00,2026-08-28T00:00:00,2026-08-28T00:00:00,2026-08-28T00:00:00,0.799
1000,SP01,000000000030000274,007,ERSA,MILL-LINR,PD,0.000,0.00,2026-09-02T00:00:00,2026-09-04T00:00:00,2026-09-04T00:00:00,2026-09-04T00:00:00,0.000
1000,SP01,000000000030000275,006,ERSA,CONV-COMP,ND,3.000,166617.06,2026-01-25T00:00:00,,,2026-01-25T00:00:00,0.000
3000,SP03,000000000010001154,003,ERSA,MECH-SEAL,VB,11.000,6629932.87,2026-08-24T00:00:00,2026-04-22T00:00:00,2026-04-22T00:00:00,2026-08-24T00:00:00,3.615
4000,SP04,000000000030000276,003,HIBE,MILL-LINR,PD,0.000,0.00,2025-12-27T00:00:00,2026-01-16T00:00:00,2026-01-16T00:00:00,2026-01-16T00:00:00,0.000
3000,SP03,000000000010001155,007,ERSA,HYDR-ASSY,VB,125.000,95077133.75,2026-07-21T00:00:00,2026-09-02T00:00:00,2026-09-02T00:00:00,2026-09-02T00:00:00,13.368
3000,SP03,000000000010001156,006,ERSA,ELEC-CTRL,VB,9.000,6843977.73,2026-07-04T00:00:00,2026-08-25T00:00:00,2026-08-25T00:00:00,2026-08-25T00:00:00,3.685
3000,SP03,000000000080000243,001,HIBE,MECH-GBOX,VB,2.000,892033.52,2026-08-22T00:00:00,2026-08-10T00:00:00,2026-08-10T00:00:00,2026-08-22T00:00:00,0.582
1000,SP01,000000000090000071,003,ERSA,MECH-SEAL,ND,29.000,3341767.73,,2025-02-17T00:00:00,2025-02-17T00:00:00,2025-02-17T00:00:00,0.000
1000,SP01,000000000090000072,004,ERSA,MILL-LINR,ND,30.000,4304643.60,,2023-09-23T00:00:00,2023-09-23T00:00:00,2023-09-23T00:00:00,0.000
3000,SP03,000000000010001157,005,ERSA,CONV-COMP,VB,0.000,0.00,,2024-12-10T00:00:00,2024-12-10T00:00:00,2024-12-10T00:00:00,14.671
1000,SP01,000000000010001158,009,ERSA,MECH-SEAL,VB,11.000,4748756.98,2026-09-03T00:00:00,2026-04-16T00:00:00,2026-04-16T00:00:00,2026-09-03T00:00:00,3.668
1000,SP01,000000000090000073,009,ERSA,INST-XMTR,ND,12.000,228300.00,,2023-05-20T00:00:00,2023-05-20T00:00:00,2023-05-20T00:00:00,0.000
4000,SP04,000000000030000277,005,ERSA,CONV-COMP,ND,0.000,0.00,,,,,0.000
3000,SP03,000000000030000277,004,ERSA,CONV-COMP,ND,0.000,0.00,2026-03-11T00:00:00,2026-04-29T00:00:00,2026-04-29T00:00:00,2026-04-29T00:00:00,0.000
2000,SP02,000000000010001159,008,ERSA,ELEC-CTRL,VB,0.000,0.00,,2023-08-24T00:00:00,2023-08-24T00:00:00,2023-08-24T00:00:00,0.000
4000,SP04,000000000010001159,010,ERSA,ELEC-CTRL,VB,0.000,0.00,,2023-03-07T00:00:00,2023-03-07T00:00:00,2023-03-07T00:00:00,0.000
1000,SP01,000000000080000244,005,HIBE,ELEC-MOTR,VB,2.000,873093.76,2026-09-02T00:00:00,2026-05-19T00:00:00,2026-05-19T00:00:00,2026-09-02T00:00:00,0.825
4000,SP04,000000000080000245,001,ERSA,MILL-LINR,VB,6.000,1162807.74,2026-07-03T00:00:00,2026-08-22T00:00:00,2026-08-22T00:00:00,2026-08-22T00:00:00,3.063
3000,SP03,000000000010001160,007,ERSA,MECH-PUMP,VB,0.000,0.00,2026-06-03T00:00:00,2026-08-23T00:00:00,2026-08-23T00:00:00,2026-08-23T00:00:00,3.851
4000,SP04,000000000010001160,009,ERSA,MECH-PUMP,VB,4.000,410118.60,2026-07-02T00:00:00,2026-08-31T00:00:00,2026-08-31T00:00:00,2026-08-31T00:00:00,5.275
3000,SP03,000000000030000278,010,HIBE,HYDR-ASSY,ND,0.000,0.00,2025-11-21T00:00:00,2025-12-02T00:00:00,2025-12-02T00:00:00,2025-12-02T00:00:00,0.000
2000,SP02,000000000030000279,004,ERSA,MECH-PUMP,ND,1.000,14937.72,2026-08-11T00:00:00,2026-09-07T00:00:00,2026-09-07T00:00:00,2026-09-07T00:00:00,0.000
2000,SP02,000000000030000280,005,HIBE,ELEC-MOTR,PD,5.000,268362.05,2026-06-29T00:00:00,,,2026-06-29T00:00:00,0.000
1000,SP01,000000000010001161,002,HIBE,MECH-GBOX,VB,12.000,702391.80,2026-07-31T00:00:00,2026-08-20T00:00:00,2026-08-20T00:00:00,2026-08-20T00:00:00,2.247
3000,SP03,000000000010001162,009,ERSA,MILL-LINR,VB,19.000,310561.46,2026-09-01T00:00:00,2026-07-10T00:00:00,2026-07-10T00:00:00,2026-09-01T00:00:00,7.921
2000,SP02,000000000090000074,010,ERSA,MILL-LINR,ND,21.000,2162341.44,,2023-06-12T00:00:00,2023-06-12T00:00:00,2023-06-12T00:00:00,0.000
3000,SP03,000000000010001163,007,ERSA,ELEC-MOTR,VB,4.000,166309.68,2026-08-31T00:00:00,2026-08-01T00:00:00,2026-08-01T00:00:00,2026-08-31T00:00:00,1.735
1000,SP01,000000000010001164,002,ERSA,CONV-COMP,VB,10.000,348902.10,2026-07-20T00:00:00,2026-07-29T00:00:00,2026-07-29T00:00:00,2026-07-29T00:00:00,4.166
3000,SP03,000000000010001164,001,ERSA,CONV-COMP,VB,3.000,104670.63,2026-08-14T00:00:00,2026-07-07T00:00:00,2026-07-07T00:00:00,2026-08-14T00:00:00,0.610
1000,SP01,000000000080000246,007,ERSA,MECH-PUMP,VB,7.000,1764932.96,2026-07-16T00:00:00,2026-07-01T00:00:00,2026-07-01T00:00:00,2026-07-16T00:00:00,3.467
4000,SP04,000000000080000246,003,ERSA,MECH-PUMP,VB,2.000,504266.56,2026-04-17T00:00:00,2026-08-05T00:00:00,2026-08-05T00:00:00,2026-08-05T00:00:00,3.589
2000,SP02,000000000010001165,007,ERSA,ELEC-CTRL,VB,0.000,0.00,,2023-02-02T00:00:00,2023-02-02T00:00:00,2023-02-02T00:00:00,0.000
4000,SP04,000000000010001166,010,ERSA,MECH-PUMP,VB,8.000,57559.04,2026-05-16T00:00:00,2026-08-18T00:00:00,2026-08-18T00:00:00,2026-08-18T00:00:00,6.433
4000,SP04,000000000010001167,007,ERSA,MECH-PUMP,VB,197.000,1248526.90,2026-07-30T00:00:00,2026-08-30T00:00:00,2026-08-30T00:00:00,2026-08-30T00:00:00,25.863
2000,SP02,000000000010001168,002,ERSA,MILL-LINR,VB,20.000,45687.80,2026-05-19T00:00:00,2026-08-17T00:00:00,2026-08-17T00:00:00,2026-08-17T00:00:00,4.426
4000,SP04,000000000010001169,007,ERSA,ELEC-MOTR,VB,8.000,3958283.92,2026-08-11T00:00:00,2026-07-24T00:00:00,2026-07-24T00:00:00,2026-08-11T00:00:00,3.452
1000,SP01,000000000010001169,004,ERSA,ELEC-MOTR,VB,2.000,989570.98,2026-03-31T00:00:00,2026-08-20T00:00:00,2026-08-20T00:00:00,2026-08-20T00:00:00,1.775
4000,SP04,000000000010001170,007,ERSA,INST-XMTR,VB,0.000,0.00,2026-01-02T00:00:00,2026-07-06T00:00:00,2026-07-06T00:00:00,2026-07-06T00:00:00,3.057
4000,SP04,000000000010001171,005,ERSA,MECH-PUMP,VB,6.000,77950.62,2026-07-13T00:00:00,2026-07-26T00:00:00,2026-07-26T00:00:00,2026-07-26T00:00:00,3.005
1000,SP01,000000000010001172,006,ERSA,ELEC-MOTR,VB,19.000,591552.27,2026-04-21T00:00:00,2026-06-03T00:00:00,2026-06-03T00:00:00,2026-06-03T00:00:00,6.754
4000,SP04,000000000010001173,003,HIBE,CONV-COMP,VB,0.000,0.00,,2025-07-24T00:00:00,2025-07-24T00:00:00,2025-07-24T00:00:00,0.000
3000,SP03,000000000030000281,001,ERSA,CONV-COMP,PD,1.000,91784.16,2026-04-10T00:00:00,,,2026-04-10T00:00:00,0.000
4000,SP04,000000000010001174,005,ERSA,MECH-SEAL,VB,89.000,551404.84,2026-06-19T00:00:00,2026-08-17T00:00:00,2026-08-17T00:00:00,2026-08-17T00:00:00,17.787
4000,SP04,000000000010001175,002,ERSA,MECH-BRG,VB,63.000,1286095.86,2026-04-11T00:00:00,2026-08-27T00:00:00,2026-08-27T00:00:00,2026-08-27T00:00:00,10.377
1000,SP01,000000000030000282,003,ERSA,INST-XMTR,ND,3.000,518770.44,2026-04-13T00:00:00,2026-01-10T00:00:00,2026-01-10T00:00:00,2026-04-13T00:00:00,0.000
4000,SP04,000000000010001176,001,ERSA,ELEC-CTRL,VB,1.000,173587.56,2025-08-20T00:00:00,2025-06-21T00:00:00,2025-06-21T00:00:00,2025-08-20T00:00:00,0.624
3000,SP03,000000000030000283,003,ERSA,MECH-GBOX,PD,0.000,0.00,2026-05-14T00:00:00,2026-05-22T00:00:00,2026-05-22T00:00:00,2026-05-22T00:00:00,0.000
1000,SP01,000000000030000283,003,ERSA,MECH-GBOX,ND,2.000,203042.36,2025-12-18T00:00:00,2026-01-14T00:00:00,2026-01-14T00:00:00,2026-01-14T00:00:00,0.000
2000,SP02,000000000010001177,003,ERSA,MECH-PUMP,VB,4.000,348818.08,2026-01-15T00:00:00,2026-07-17T00:00:00,2026-07-17T00:00:00,2026-07-17T00:00:00,1.174
3000,SP03,000000000010001177,006,ERSA,MECH-PUMP,VB,4.000,348818.08,2026-08-03T00:00:00,2026-05-10T00:00:00,2026-05-10T00:00:00,2026-08-03T00:00:00,0.576
1000,SP01,000000000080000247,010,ERSA,MECH-SEAL,VB,3.000,150125.43,2026-08-05T00:00:00,2026-08-14T00:00:00,2026-08-14T00:00:00,2026-08-14T00:00:00,2.349
3000,SP03,000000000080000247,006,ERSA,MECH-SEAL,VB,0.000,0.00,2026-04-27T00:00:00,2026-07-21T00:00:00,2026-07-21T00:00:00,2026-07-21T00:00:00,1.608
4000,SP04,000000000010001178,008,HIBE,ELEC-CTRL,VB,8.000,998701.76,2026-03-20T00:00:00,2026-08-27T00:00:00,2026-08-27T00:00:00,2026-08-27T00:00:00,2.766
2000,SP02,000000000010001178,001,HIBE,ELEC-CTRL,VB,8.000,998701.76,2026-07-07T00:00:00,2026-07-07T00:00:00,2026-07-07T00:00:00,2026-07-07T00:00:00,4.622
2000,SP02,000000000010001179,005,ERSA,ELEC-CTRL,VB,0.000,0.00,,2025-04-18T00:00:00,2025-04-18T00:00:00,2025-04-18T00:00:00,3.787
3000,SP03,000000000010001179,002,ERSA,ELEC-CTRL,VB,0.000,0.00,,2025-07-12T00:00:00,2025-07-12T00:00:00,2025-07-12T00:00:00,12.209
3000,SP03,000000000030000284,006,ERSA,ELEC-CTRL,ND,0.000,0.00,2026-03-29T00:00:00,2026-04-27T00:00:00,2026-04-27T00:00:00,2026-04-27T00:00:00,0.000
2000,SP02,000000000030000284,005,ERSA,ELEC-CTRL,PD,3.000,494867.16,2026-08-23T00:00:00,2026-09-07T00:00:00,2026-09-07T00:00:00,2026-09-07T00:00:00,0.000
4000,SP04,000000000010001180,004,ERSA,ELEC-CTRL,VB,8.000,1026180.88,2026-05-31T00:00:00,2026-08-01T00:00:00,2026-08-01T00:00:00,2026-08-01T00:00:00,5.398
1000,SP01,000000000010001181,001,ERSA,MECH-SEAL,VB,8.000,1102853.52,2026-08-21T00:00:00,2026-05-26T00:00:00,2026-05-26T00:00:00,2026-08-21T00:00:00,3.108
4000,SP04,000000000010001182,009,ERSA,MECH-GBOX,VB,15.000,370378.05,2026-03-25T00:00:00,2026-08-24T00:00:00,2026-08-24T00:00:00,2026-08-24T00:00:00,6.387
3000,SP03,000000000010001182,004,ERSA,MECH-GBOX,VB,32.000,790139.84,2026-05-17T00:00:00,2026-08-04T00:00:00,2026-08-04T00:00:00,2026-08-04T00:00:00,2.110
2000,SP02,000000000010001183,001,ERSA,MECH-PUMP,VB,5.000,3229209.90,2026-06-17T00:00:00,2026-07-11T00:00:00,2026-07-11T00:00:00,2026-07-11T00:00:00,3.157
3000,SP03,000000000010001183,007,ERSA,MECH-PUMP,VB,1.000,645841.98,2026-01-28T00:00:00,2026-07-31T00:00:00,2026-07-31T00:00:00,2026-07-31T00:00:00,1.489
1000,SP01,000000000010001184,001,ERSA,MECH-SEAL,VB,176.000,111044850.40,2026-05-10T00:00:00,2026-08-03T00:00:00,2026-08-03T00:00:00,2026-08-03T00:00:00,27.461
4000,SP04,000000000030000285,003,ERSA,MILL-LINR,ND,3.000,306914.58,2026-03-05T00:00:00,,,2026-03-05T00:00:00,0.000
4000,SP04,000000000010001185,007,ERSA,INST-XMTR,VB,0.000,0.00,,2023-10-15T00:00:00,2023-10-15T00:00:00,2023-10-15T00:00:00,0.000
1000,SP01,000000000030000286,010,ERSA,MECH-PUMP,PD,4.000,214220.00,2026-06-26T00:00:00,2026-07-24T00:00:00,2026-07-24T00:00:00,2026-07-24T00:00:00,0.000
4000,SP04,000000000030000286,010,ERSA,MECH-PUMP,ND,0.000,0.00,2026-08-12T00:00:00,2026-09-07T00:00:00,2026-09-07T00:00:00,2026-09-07T00:00:00,0.000
2000,SP02,000000000010001186,001,ERSA,ELEC-CTRL,VB,0.000,0.00,2025-12-16T00:00:00,2026-07-29T00:00:00,2026-07-29T00:00:00,2026-07-29T00:00:00,1.153
3000,SP03,000000000010001186,002,ERSA,ELEC-CTRL,VB,7.000,102303.32,2026-04-11T00:00:00,2026-08-11T00:00:00,2026-08-11T00:00:00,2026-08-11T00:00:00,4.118
4000,SP04,000000000010001187,005,HIBE,MILL-LINR,VB,0.000,0.00,,2023-09-19T00:00:00,2023-09-19T00:00:00,2023-09-19T00:00:00,0.000
4000,SP04,000000000030000287,003,ERSA,ELEC-MOTR,PD,3.000,961955.76,2025-12-28T00:00:00,2026-02-22T00:00:00,2026-02-22T00:00:00,2026-02-22T00:00:00,0.000
1000,SP01,000000000010001188,009,ERSA,HYDR-ASSY,VB,0.000,0.00,,2024-09-04T00:00:00,2024-09-04T00:00:00,2024-09-04T00:00:00,8.338
4000,SP04,000000000010001188,005,ERSA,HYDR-ASSY,VB,0.000,0.00,,2025-06-23T00:00:00,2025-06-23T00:00:00,2025-06-23T00:00:00,7.472
4000,SP04,000000000010001189,007,ERSA,HYDR-ASSY,VB,0.000,0.00,,2022-08-08T00:00:00,2022-08-08T00:00:00,2022-08-08T00:00:00,0.000
4000,SP04,000000000010001190,006,ERSA,MECH-BRG,VB,3.000,101102.43,2026-03-06T00:00:00,2026-01-17T00:00:00,2026-01-17T00:00:00,2026-03-06T00:00:00,1.578
2000,SP02,000000000080000248,007,ERSA,ELEC-CTRL,VB,3.000,653838.87,2026-04-10T00:00:00,2026-05-07T00:00:00,2026-05-07T00:00:00,2026-05-07T00:00:00,1.262
4000,SP04,000000000080000248,002,ERSA,ELEC-CTRL,VB,10.000,2179462.90,2026-08-15T00:00:00,2026-06-03T00:00:00,2026-06-03T00:00:00,2026-08-15T00:00:00,1.063
3000,SP03,000000000010001191,003,HIBE,ELEC-MOTR,VB,0.000,0.00,,2024-07-16T00:00:00,2024-07-16T00:00:00,2024-07-16T00:00:00,0.000
2000,SP02,000000000030000288,008,ERSA,MECH-SEAL,ND,0.000,0.00,2026-01-08T00:00:00,2026-01-20T00:00:00,2026-01-20T00:00:00,2026-01-20T00:00:00,0.000
3000,SP03,000000000030000288,005,ERSA,MECH-SEAL,ND,0.000,0.00,2026-03-01T00:00:00,2026-04-28T00:00:00,2026-04-28T00:00:00,2026-04-28T00:00:00,0.000
4000,SP04,000000000010001192,007,ERSA,MECH-SEAL,VB,6.000,658789.92,2026-08-03T00:00:00,2026-06-18T00:00:00,2026-06-18T00:00:00,2026-08-03T00:00:00,3.437
4000,SP04,000000000010001193,005,ERSA,ELEC-MOTR,VB,55.000,848464.65,2026-07-20T00:00:00,2026-08-14T00:00:00,2026-08-14T00:00:00,2026-08-14T00:00:00,4.031
2000,SP02,000000000010001194,005,ERSA,MECH-GBOX,VB,0.000,0.00,,2023-10-17T00:00:00,2023-10-17T00:00:00,2023-10-17T00:00:00,0.000
2000,SP02,000000000010001195,010,ERSA,ELEC-CTRL,VB,28.000,5022558.24,2025-09-07T00:00:00,2026-05-27T00:00:00,2026-05-27T00:00:00,2026-05-27T00:00:00,10.753
3000,SP03,000000000010001195,003,ERSA,ELEC-CTRL,VB,6.000,1076262.48,2026-06-01T00:00:00,2026-05-27T00:00:00,2026-05-27T00:00:00,2026-06-01T00:00:00,3.354
4000,SP04,000000000010001196,004,ERSA,MECH-GBOX,VB,35.000,682648.40,2026-08-18T00:00:00,2026-09-06T00:00:00,2026-09-06T00:00:00,2026-09-06T00:00:00,2.443
1000,SP01,000000000010001197,005,ERSA,ELEC-CTRL,VB,4.000,375356.60,2025-09-11T00:00:00,2025-08-05T00:00:00,2025-08-05T00:00:00,2025-09-11T00:00:00,1.566
1000,SP01,000000000010001198,008,ERSA,CONV-COMP,VB,17.000,8905514.26,2026-05-13T00:00:00,2026-06-05T00:00:00,2026-06-05T00:00:00,2026-06-05T00:00:00,4.908
4000,SP04,000000000010001198,001,ERSA,CONV-COMP,VB,16.000,8381660.48,2025-08-31T00:00:00,2026-07-17T00:00:00,2026-07-17T00:00:00,2026-07-17T00:00:00,6.243
3000,SP03,000000000010001199,007,HIBE,INST-XMTR,VB,1.000,114361.29,2026-03-24T00:00:00,2026-07-22T00:00:00,2026-07-22T00:00:00,2026-07-22T00:00:00,2.074
1000,SP01,000000000080000249,001,HIBE,HYDR-ASSY,VB,8.000,999398.96,2025-06-28T00:00:00,2026-03-06T00:00:00,2026-03-06T00:00:00,2026-03-06T00:00:00,4.385
2000,SP02,000000000080000250,001,ERSA,HYDR-ASSY,VB,6.000,453931.02,2025-12-25T00:00:00,2026-07-07T00:00:00,2026-07-07T00:00:00,2026-07-07T00:00:00,1.725
1000,SP01,000000000010001200,006,ERSA,MILL-LINR,VB,64.000,787125.76,2026-09-06T00:00:00,2026-06-13T00:00:00,2026-06-13T00:00:00,2026-09-06T00:00:00,2.277
3000,SP03,000000000010001200,008,ERSA,MILL-LINR,VB,0.000,0.00,2026-04-21T00:00:00,2026-08-16T00:00:00,2026-08-16T00:00:00,2026-08-16T00:00:00,6.285
2000,SP02,000000000010001201,009,ERSA,MECH-BRG,VB,5.000,543175.55,2026-02-25T00:00:00,2026-07-25T00:00:00,2026-07-25T00:00:00,2026-07-25T00:00:00,2.088
3000,SP03,000000000010001201,003,ERSA,MECH-BRG,VB,11.000,1194986.21,2026-06-09T00:00:00,2026-01-16T00:00:00,2026-01-16T00:00:00,2026-06-09T00:00:00,1.575
2000,SP02,000000000010001202,001,HIBE,ELEC-MOTR,VB,0.000,0.00,2026-03-05T00:00:00,2026-08-25T00:00:00,2026-08-25T00:00:00,2026-08-25T00:00:00,4.011
4000,SP04,000000000010001203,002,ERSA,HYDR-ASSY,VB,93.000,1653500.94,2026-07-26T00:00:00,2026-08-27T00:00:00,2026-08-27T00:00:00,2026-08-27T00:00:00,36.835
4000,SP04,000000000010001204,002,ERSA,MILL-LINR,VB,1.000,155847.26,2025-12-20T00:00:00,2026-06-05T00:00:00,2026-06-05T00:00:00,2026-06-05T00:00:00,0.373
3000,SP03,000000000010001204,009,ERSA,MILL-LINR,VB,2.000,311694.52,2026-09-04T00:00:00,2026-06-28T00:00:00,2026-06-28T00:00:00,2026-09-04T00:00:00,0.907
1000,SP01,000000000010001205,009,ERSA,MECH-SEAL,VB,0.000,0.00,,2025-03-07T00:00:00,2025-03-07T00:00:00,2025-03-07T00:00:00,12.335
3000,SP03,000000000010001206,008,ERSA,MECH-SEAL,VB,3.000,125964.69,2026-02-13T00:00:00,2026-08-23T00:00:00,2026-08-23T00:00:00,2026-08-23T00:00:00,4.072
4000,SP04,000000000010001207,002,ERSA,ELEC-CTRL,VB,21.000,632816.52,2026-01-02T00:00:00,2026-06-03T00:00:00,2026-06-03T00:00:00,2026-06-03T00:00:00,12.894
4000,SP04,000000000010001208,010,ERSA,MILL-LINR,VB,0.000,0.00,,2022-08-24T00:00:00,2022-08-24T00:00:00,2022-08-24T00:00:00,0.000
2000,SP02,000000000010001209,007,ERSA,INST-XMTR,VB,0.000,0.00,,2025-03-19T00:00:00,2025-03-19T00:00:00,2025-03-19T00:00:00,14.823
4000,SP04,000000000010001210,006,HIBE,ELEC-MOTR,VB,141.000,42849553.14,2026-07-17T00:00:00,2026-08-06T00:00:00,2026-08-06T00:00:00,2026-08-06T00:00:00,22.511
3000,SP03,000000000010001210,008,HIBE,ELEC-MOTR,VB,96.000,29174163.84,2026-08-23T00:00:00,2026-09-04T00:00:00,2026-09-04T00:00:00,2026-09-04T00:00:00,4.623
4000,SP04,000000000030000289,010,ERSA,MECH-PUMP,ND,2.000,148683.58,2026-04-08T00:00:00,,,2026-04-08T00:00:00,0.000
1000,SP01,000000000090000075,004,ERSA,MECH-SEAL,ND,10.000,457987.60,,2024-04-28T00:00:00,2024-04-28T00:00:00,2024-04-28T00:00:00,0.000
4000,SP04,000000000090000075,010,ERSA,MECH-SEAL,ND,6.000,274792.56,,2025-02-28T00:00:00,2025-02-28T00:00:00,2025-02-28T00:00:00,0.000
1000,SP01,000000000010001211,007,ERSA,MILL-LINR,VB,12.000,102220.68,2026-07-24T00:00:00,2026-08-15T00:00:00,2026-08-15T00:00:00,2026-08-15T00:00:00,3.627
4000,SP04,000000000030000290,008,ERSA,ELEC-MOTR,PD,0.000,0.00,2026-04-29T00:00:00,2026-05-18T00:00:00,2026-05-18T00:00:00,2026-05-18T00:00:00,0.000
2000,SP02,000000000010001212,009,ERSA,MECH-SEAL,VB,0.000,0.00,,2024-04-27T00:00:00,2024-04-27T00:00:00,2024-04-27T00:00:00,0.000
2000,SP02,000000000010001213,010,ERSA,ELEC-CTRL,VB,65.000,343584.15,2026-05-19T00:00:00,2026-08-08T00:00:00,2026-08-08T00:00:00,2026-08-08T00:00:00,8.359
4000,SP04,000000000030000291,006,ERSA,MECH-GBOX,ND,4.000,377579.72,2026-03-04T00:00:00,,,2026-03-04T00:00:00,0.000
1000,SP01,000000000030000291,002,ERSA,MECH-GBOX,ND,1.000,94394.93,2026-08-18T00:00:00,2026-09-07T00:00:00,2026-09-07T00:00:00,2026-09-07T00:00:00,0.000
3000,SP03,000000000030000292,007,ERSA,HYDR-ASSY,PD,0.000,0.00,2026-07-29T00:00:00,2026-09-07T00:00:00,2026-09-07T00:00:00,2026-09-07T00:00:00,0.000
3000,SP03,000000000010001214,005,ERSA,INST-XMTR,VB,0.000,0.00,,2025-04-10T00:00:00,2025-04-10T00:00:00,2025-04-10T00:00:00,14.271
2000,SP02,000000000010001214,007,ERSA,INST-XMTR,VB,0.000,0.00,,2024-11-12T00:00:00,2024-11-12T00:00:00,2024-11-12T00:00:00,4.349
2000,SP02,000000000010001215,005,HIBE,MECH-PUMP,VB,23.000,1533630.80,2026-08-08T00:00:00,2026-05-26T00:00:00,2026-05-26T00:00:00,2026-08-08T00:00:00,3.666
2000,SP02,000000000010001216,009,ERSA,MECH-BRG,VB,0.000,0.00,,2024-06-06T00:00:00,2024-06-06T00:00:00,2024-06-06T00:00:00,0.000
3000,SP03,000000000010001217,004,ERSA,ELEC-CTRL,VB,2.000,293621.58,2026-07-07T00:00:00,2026-05-10T00:00:00,2026-05-10T00:00:00,2026-07-07T00:00:00,0.750
1000,SP01,000000000010001217,010,ERSA,ELEC-CTRL,VB,3.000,440432.37,2026-08-13T00:00:00,2026-06-15T00:00:00,2026-06-15T00:00:00,2026-08-13T00:00:00,1.056
2000,SP02,000000000030000293,009,ERSA,MECH-SEAL,PD,0.000,0.00,2026-06-07T00:00:00,2026-07-13T00:00:00,2026-07-13T00:00:00,2026-07-13T00:00:00,0.000
3000,SP03,000000000030000293,004,ERSA,MECH-SEAL,PD,1.000,132887.69,2026-07-24T00:00:00,2026-08-21T00:00:00,2026-08-21T00:00:00,2026-08-21T00:00:00,0.000
4000,SP04,000000000010001218,001,ERSA,CONV-COMP,VB,0.000,0.00,,2024-01-02T00:00:00,2024-01-02T00:00:00,2024-01-02T00:00:00,0.000
2000,SP02,000000000080000251,002,HIBE,MECH-SEAL,VB,6.000,2578534.86,2026-07-11T00:00:00,2026-08-24T00:00:00,2026-08-24T00:00:00,2026-08-24T00:00:00,3.507
2000,SP02,000000000030000294,007,ERSA,CONV-COMP,ND,8.000,1432854.96,2026-02-24T00:00:00,,,2026-02-24T00:00:00,0.000
1000,SP01,000000000030000294,010,ERSA,CONV-COMP,PD,2.000,358213.74,2026-03-22T00:00:00,2026-03-04T00:00:00,2026-03-04T00:00:00,2026-03-22T00:00:00,0.000
3000,SP03,000000000030000295,008,ERSA,ELEC-CTRL,ND,6.000,768644.70,2026-05-29T00:00:00,,,2026-05-29T00:00:00,0.000
1000,SP01,000000000010001219,001,ERSA,MECH-BRG,VB,2.000,15846.26,2026-04-09T00:00:00,2026-02-21T00:00:00,2026-02-21T00:00:00,2026-04-09T00:00:00,0.859
3000,SP03,000000000010001220,007,ERSA,HYDR-ASSY,VB,3.000,262374.75,2026-01-13T00:00:00,2026-08-25T00:00:00,2026-08-25T00:00:00,2026-08-25T00:00:00,1.241
2000,SP02,000000000010001221,004,ERSA,MECH-GBOX,VB,18.000,2039043.60,2026-09-04T00:00:00,2026-08-03T00:00:00,2026-08-03T00:00:00,2026-09-04T00:00:00,3.888
3000,SP03,000000000010001221,004,ERSA,MECH-GBOX,VB,2.000,226560.40,2026-03-20T00:00:00,2026-08-05T00:00:00,2026-08-05T00:00:00,2026-08-05T00:00:00,1.938
1000,SP01,000000000010001222,006,HIBE,MECH-GBOX,VB,0.000,0.00,,2024-08-21T00:00:00,2024-08-21T00:00:00,2024-08-21T00:00:00,0.000
4000,SP04,000000000010001223,007,HIBE,INST-XMTR,VB,10.000,1389692.50,2026-04-14T00:00:00,2026-07-27T00:00:00,2026-07-27T00:00:00,2026-07-27T00:00:00,7.484
1000,SP01,000000000080000252,010,ERSA,MILL-LINR,VB,6.000,1588196.70,2026-01-27T00:00:00,2026-07-14T00:00:00,2026-07-14T00:00:00,2026-07-14T00:00:00,3.594
2000,SP02,000000000010001224,003,ERSA,CONV-COMP,VB,56.000,924546.56,2026-02-10T00:00:00,2026-08-12T00:00:00,2026-08-12T00:00:00,2026-08-12T00:00:00,9.541
2000,SP02,000000000010001225,003,ERSA,MECH-GBOX,VB,120.000,761398.80,2026-07-17T00:00:00,2026-08-11T00:00:00,2026-08-11T00:00:00,2026-08-11T00:00:00,7.880
3000,SP03,000000000010001226,009,ERSA,ELEC-MOTR,VB,0.000,0.00,,2024-11-01T00:00:00,2024-11-01T00:00:00,2024-11-01T00:00:00,0.000
1000,SP01,000000000010001227,006,HIBE,MECH-PUMP,VB,2.000,1433758.64,2025-08-24T00:00:00,2026-08-10T00:00:00,2026-08-10T00:00:00,2026-08-10T00:00:00,2.366
3000,SP03,000000000080000253,002,ERSA,MECH-GBOX,VB,4.000,812009.20,2026-08-27T00:00:00,2026-06-12T00:00:00,2026-06-12T00:00:00,2026-08-27T00:00:00,1.800
4000,SP04,000000000080000254,004,ERSA,HYDR-ASSY,VB,16.000,3482242.72,2026-08-25T00:00:00,2026-07-01T00:00:00,2026-07-01T00:00:00,2026-08-25T00:00:00,4.815
3000,SP03,000000000030000296,009,ERSA,MECH-PUMP,PD,0.000,0.00,2026-06-30T00:00:00,2026-07-08T00:00:00,2026-07-08T00:00:00,2026-07-08T00:00:00,0.000
1000,SP01,000000000010001228,008,ERSA,MECH-PUMP,VB,2.000,23252.56,2026-01-11T00:00:00,2026-08-13T00:00:00,2026-08-13T00:00:00,2026-08-13T00:00:00,0.694
4000,SP04,000000000010001228,008,ERSA,MECH-PUMP,VB,3.000,34878.84,2026-03-25T00:00:00,2026-07-06T00:00:00,2026-07-06T00:00:00,2026-07-06T00:00:00,1.171
1000,SP01,000000000010001229,007,ERSA,MECH-PUMP,VB,4.000,239121.12,2026-04-09T00:00:00,2026-02-07T00:00:00,2026-02-07T00:00:00,2026-04-09T00:00:00,1.361
4000,SP04,000000000010001229,004,ERSA,MECH-PUMP,VB,1.000,59780.28,,2026-02-20T00:00:00,2026-02-20T00:00:00,2026-02-20T00:00:00,0.255
3000,SP03,000000000010001230,004,ERSA,ELEC-CTRL,VB,0.000,0.00,,2024-09-23T00:00:00,2024-09-23T00:00:00,2024-09-23T00:00:00,7.016
3000,SP03,000000000030000297,010,ERSA,MILL-LINR,ND,4.000,127245.00,2026-03-06T00:00:00,,,2026-03-06T00:00:00,0.000
4000,SP04,000000000080000255,010,ERSA,CONV-COMP,VB,7.000,1732281.11,2026-07-06T00:00:00,2026-06-10T00:00:00,2026-06-10T00:00:00,2026-07-06T00:00:00,2.369
1000,SP01,000000000010001231,002,ERSA,INST-XMTR,VB,209.000,2614826.17,2026-06-18T00:00:00,2026-08-31T00:00:00,2026-08-31T00:00:00,2026-08-31T00:00:00,25.598
1000,SP01,000000000030000298,006,ERSA,MECH-GBOX,ND,0.000,0.00,2026-07-03T00:00:00,2026-08-14T00:00:00,2026-08-14T00:00:00,2026-08-14T00:00:00,0.000
2000,SP02,000000000030000299,009,ERSA,MECH-BRG,ND,5.000,612864.05,2026-08-14T00:00:00,2026-04-09T00:00:00,2026-04-09T00:00:00,2026-08-14T00:00:00,0.000
1000,SP01,000000000080000256,009,ERSA,CONV-COMP,VB,10.000,3064961.90,2026-04-16T00:00:00,2026-05-31T00:00:00,2026-05-31T00:00:00,2026-05-31T00:00:00,6.471
2000,SP02,000000000010001232,005,ERSA,MECH-PUMP,VB,24.000,309193.92,2026-04-08T00:00:00,2026-08-07T00:00:00,2026-08-07T00:00:00,2026-08-07T00:00:00,1.360
2000,SP02,000000000080000257,001,ERSA,MECH-PUMP,VB,6.000,442362.66,2026-05-14T00:00:00,2026-08-08T00:00:00,2026-08-08T00:00:00,2026-08-08T00:00:00,3.807
2000,SP02,000000000010001233,004,ERSA,MECH-PUMP,VB,0.000,0.00,2026-01-06T00:00:00,2026-08-16T00:00:00,2026-08-16T00:00:00,2026-08-16T00:00:00,1.814
3000,SP03,000000000010001233,007,ERSA,MECH-PUMP,VB,9.000,1418339.25,2026-07-24T00:00:00,2026-08-18T00:00:00,2026-08-18T00:00:00,2026-08-18T00:00:00,3.458
3000,SP03,000000000010001234,010,ERSA,MECH-SEAL,VB,0.000,0.00,,2024-06-29T00:00:00,2024-06-29T00:00:00,2024-06-29T00:00:00,0.000
2000,SP02,000000000010001235,003,ERSA,CONV-COMP,VB,0.000,0.00,,2024-10-31T00:00:00,2024-10-31T00:00:00,2024-10-31T00:00:00,8.432
4000,SP04,000000000010001236,001,ERSA,MILL-LINR,VB,116.000,1858004.48,2026-08-19T00:00:00,2026-08-15T00:00:00,2026-08-15T00:00:00,2026-08-19T00:00:00,6.246
2000,SP02,000000000010001236,005,ERSA,MILL-LINR,VB,15.000,240259.20,2026-05-22T00:00:00,2026-09-03T00:00:00,2026-09-03T00:00:00,2026-09-03T00:00:00,3.018
2000,SP02,000000000010001237,004,ERSA,MECH-PUMP,VB,1.000,93914.09,2026-02-07T00:00:00,2025-12-20T00:00:00,2025-12-20T00:00:00,2026-02-07T00:00:00,0.665
3000,SP03,000000000010001238,007,ERSA,MECH-PUMP,VB,9.000,1134110.97,2026-01-09T00:00:00,2026-09-04T00:00:00,2026-09-04T00:00:00,2026-09-04T00:00:00,6.996
4000,SP04,000000000090000076,003,ERSA,INST-XMTR,ND,7.000,1066508.87,,2022-10-26T00:00:00,2022-10-26T00:00:00,2022-10-26T00:00:00,0.000
4000,SP04,000000000010001239,001,ERSA,ELEC-MOTR,VB,6.000,1049509.14,2026-08-11T00:00:00,2026-06-14T00:00:00,2026-06-14T00:00:00,2026-08-11T00:00:00,2.087
2000,SP02,000000000010001239,001,ERSA,ELEC-MOTR,VB,0.000,0.00,2026-04-26T00:00:00,2026-09-01T00:00:00,2026-09-01T00:00:00,2026-09-01T00:00:00,1.515
2000,SP02,000000000010001240,004,ERSA,CONV-COMP,VB,1.000,134428.32,2026-07-05T00:00:00,2026-08-09T00:00:00,2026-08-09T00:00:00,2026-08-09T00:00:00,0.774
3000,SP03,000000000030000300,009,ERSA,MECH-BRG,ND,6.000,2487840.18,2026-05-24T00:00:00,,,2026-05-24T00:00:00,0.000
3000,SP03,000000000010001241,004,ERSA,MECH-PUMP,VB,5.000,349032.10,2026-07-02T00:00:00,2026-05-30T00:00:00,2026-05-30T00:00:00,2026-07-02T00:00:00,0.678
1000,SP01,000000000010001242,007,ERSA,MECH-BRG,VB,12.000,2066474.04,2026-07-30T00:00:00,2026-09-04T00:00:00,2026-09-04T00:00:00,2026-09-04T00:00:00,4.427
4000,SP04,000000000010001243,009,HIBE,INST-XMTR,VB,147.000,2395803.06,2026-09-02T00:00:00,2026-08-08T00:00:00,2026-08-08T00:00:00,2026-09-02T00:00:00,18.448
3000,SP03,000000000010001243,004,HIBE,INST-XMTR,VB,9.000,146681.82,2026-02-24T00:00:00,2026-09-05T00:00:00,2026-09-05T00:00:00,2026-09-05T00:00:00,23.280
4000,SP04,000000000010001244,003,ERSA,MECH-SEAL,VB,6.000,606793.62,2026-04-09T00:00:00,2026-09-03T00:00:00,2026-09-03T00:00:00,2026-09-03T00:00:00,5.883
1000,SP01,000000000010001245,007,HIBE,MECH-GBOX,VB,78.000,804869.52,2026-08-04T00:00:00,2026-08-17T00:00:00,2026-08-17T00:00:00,2026-08-17T00:00:00,11.415
4000,SP04,000000000080000258,001,ERSA,MECH-GBOX,VB,4.000,1736534.40,2025-12-18T00:00:00,2026-06-28T00:00:00,2026-06-28T00:00:00,2026-06-28T00:00:00,1.290
2000,SP02,000000000080000258,005,ERSA,MECH-GBOX,VB,4.000,1736534.40,2025-12-22T00:00:00,2026-08-19T00:00:00,2026-08-19T00:00:00,2026-08-19T00:00:00,3.327
2000,SP02,000000000010001246,007,HIBE,HYDR-ASSY,VB,0.000,0.00,,2025-02-04T00:00:00,2025-02-04T00:00:00,2025-02-04T00:00:00,0.000
1000,SP01,000000000010001247,005,ERSA,CONV-COMP,VB,0.000,0.00,,2024-10-18T00:00:00,2024-10-18T00:00:00,2024-10-18T00:00:00,0.000
1000,SP01,000000000090000077,003,ERSA,MECH-BRG,ND,6.000,459583.32,,2023-05-30T00:00:00,2023-05-30T00:00:00,2023-05-30T00:00:00,0.000
2000,SP02,000000000010001248,008,ERSA,MILL-LINR,VB,0.000,0.00,,2022-08-27T00:00:00,2022-08-27T00:00:00,2022-08-27T00:00:00,0.000
3000,SP03,000000000010001249,004,ERSA,ELEC-CTRL,VB,2.000,1353483.02,2025-08-01T00:00:00,2026-08-18T00:00:00,2026-08-18T00:00:00,2026-08-18T00:00:00,0.710
4000,SP04,000000000010001250,004,HIBE,MECH-PUMP,VB,24.000,4232220.96,2026-06-19T00:00:00,2026-06-16T00:00:00,2026-06-16T00:00:00,2026-06-19T00:00:00,6.016
1000,SP01,000000000080000259,002,HIBE,ELEC-MOTR,VB,6.000,1596297.96,2026-02-07T00:00:00,2026-06-07T00:00:00,2026-06-07T00:00:00,2026-06-07T00:00:00,3.042
2000,SP02,000000000010001251,001,ERSA,MECH-GBOX,VB,5.000,300365.25,2026-05-02T00:00:00,2026-05-16T00:00:00,2026-05-16T00:00:00,2026-05-16T00:00:00,2.041
2000,SP02,000000000010001252,002,HIBE,ELEC-CTRL,VB,0.000,0.00,,2023-01-19T00:00:00,2023-01-19T00:00:00,2023-01-19T00:00:00,0.000
1000,SP01,000000000010001253,005,ERSA,CONV-COMP,VB,0.000,0.00,,2025-07-09T00:00:00,2025-07-09T00:00:00,2025-07-09T00:00:00,0.000
4000,SP04,000000000010001254,009,ERSA,HYDR-ASSY,VB,132.000,1492877.76,2026-06-01T00:00:00,2026-09-07T00:00:00,2026-09-07T00:00:00,2026-09-07T00:00:00,30.284
3000,SP03,000000000010001255,008,HIBE,HYDR-ASSY,VB,7.000,221310.67,2026-09-05T00:00:00,2026-08-09T00:00:00,2026-08-09T00:00:00,2026-09-05T00:00:00,1.813
1000,SP01,000000000010001256,004,ERSA,MECH-BRG,VB,197.000,54850889.27,2026-09-03T00:00:00,2026-07-06T00:00:00,2026-07-06T00:00:00,2026-09-03T00:00:00,23.846
4000,SP04,000000000010001256,009,ERSA,MECH-BRG,VB,80.000,22274472.80,2026-04-29T00:00:00,2026-08-19T00:00:00,2026-08-19T00:00:00,2026-08-19T00:00:00,12.458
2000,SP02,000000000030000301,002,ERSA,MECH-GBOX,ND,0.000,0.00,2026-04-17T00:00:00,2026-05-30T00:00:00,2026-05-30T00:00:00,2026-05-30T00:00:00,0.000
4000,SP04,000000000030000301,003,ERSA,MECH-GBOX,PD,0.000,0.00,2026-02-22T00:00:00,2026-03-28T00:00:00,2026-03-28T00:00:00,2026-03-28T00:00:00,0.000
3000,SP03,000000000010001257,006,HIBE,MECH-GBOX,VB,0.000,0.00,,2023-04-21T00:00:00,2023-04-21T00:00:00,2023-04-21T00:00:00,0.000
4000,SP04,000000000010001258,009,HIBE,MILL-LINR,VB,15.000,2678889.45,2025-12-09T00:00:00,2026-05-30T00:00:00,2026-05-30T00:00:00,2026-05-30T00:00:00,8.065
3000,SP03,000000000090000078,008,ERSA,MECH-SEAL,ND,14.000,1325086.14,,2023-03-06T00:00:00,2023-03-06T00:00:00,2023-03-06T00:00:00,0.000
4000,SP04,000000000090000078,003,ERSA,MECH-SEAL,ND,32.000,3028768.32,,2022-11-20T00:00:00,2022-11-20T00:00:00,2022-11-20T00:00:00,0.000
1000,SP01,000000000010001259,010,ERSA,MILL-LINR,VB,2.000,1498065.16,2026-05-04T00:00:00,2026-08-19T00:00:00,2026-08-19T00:00:00,2026-08-19T00:00:00,0.664
2000,SP02,000000000010001260,002,ERSA,INST-XMTR,VB,28.000,14585905.60,2025-10-07T00:00:00,2026-06-19T00:00:00,2026-06-19T00:00:00,2026-06-19T00:00:00,5.778
4000,SP04,000000000080000260,007,ERSA,MILL-LINR,VB,1.000,412093.43,2026-08-02T00:00:00,2026-07-03T00:00:00,2026-07-03T00:00:00,2026-08-02T00:00:00,0.686
3000,SP03,000000000010001261,009,ERSA,CONV-COMP,VB,7.000,4214341.46,2026-05-05T00:00:00,2026-06-09T00:00:00,2026-06-09T00:00:00,2026-06-09T00:00:00,3.913
3000,SP03,000000000080000261,004,ERSA,MECH-BRG,VB,20.000,4069486.20,2026-08-07T00:00:00,2026-07-11T00:00:00,2026-07-11T00:00:00,2026-08-07T00:00:00,9.150
3000,SP03,000000000010001262,009,ERSA,HYDR-ASSY,VB,0.000,0.00,,2024-07-03T00:00:00,2024-07-03T00:00:00,2024-07-03T00:00:00,0.000
1000,SP01,000000000010001263,001,HIBE,INST-XMTR,VB,40.000,756581.60,2026-06-06T00:00:00,2026-08-27T00:00:00,2026-08-27T00:00:00,2026-08-27T00:00:00,12.135
2000,SP02,000000000010001264,001,ERSA,MECH-SEAL,VB,0.000,0.00,,2025-04-18T00:00:00,2025-04-18T00:00:00,2025-04-18T00:00:00,9.389
3000,SP03,000000000010001264,005,ERSA,MECH-SEAL,VB,0.000,0.00,,2024-10-19T00:00:00,2024-10-19T00:00:00,2024-10-19T00:00:00,6.084
1000,SP01,000000000010001265,002,HIBE,ELEC-CTRL,VB,0.000,0.00,,2025-04-27T00:00:00,2025-04-27T00:00:00,2025-04-27T00:00:00,9.352
1000,SP01,000000000010001266,001,ERSA,ELEC-CTRL,VB,2.000,209088.08,2026-06-11T00:00:00,2026-03-05T00:00:00,2026-03-05T00:00:00,2026-06-11T00:00:00,0.748
3000,SP03,000000000010001267,003,ERSA,ELEC-CTRL,VB,2.000,311233.48,2026-03-02T00:00:00,2026-06-30T00:00:00,2026-06-30T00:00:00,2026-06-30T00:00:00,1.112
4000,SP04,000000000010001268,004,HIBE,HYDR-ASSY,VB,14.000,167553.40,2026-05-14T00:00:00,2026-08-22T00:00:00,2026-08-22T00:00:00,2026-08-22T00:00:00,5.154
2000,SP02,000000000080000262,001,ERSA,MILL-LINR,VB,8.000,1486318.80,2026-08-22T00:00:00,2026-07-02T00:00:00,2026-07-02T00:00:00,2026-08-22T00:00:00,1.474
1000,SP01,000000000080000262,007,ERSA,MILL-LINR,VB,7.000,1300528.95,2026-07-18T00:00:00,2026-07-20T00:00:00,2026-07-20T00:00:00,2026-07-20T00:00:00,3.847
1000,SP01,000000000030000302,009,ERSA,MILL-LINR,PD,3.000,469006.86,2026-04-14T00:00:00,2026-05-03T00:00:00,2026-05-03T00:00:00,2026-05-03T00:00:00,0.000
4000,SP04,000000000010001269,008,ERSA,MECH-PUMP,VB,0.000,0.00,,2024-09-01T00:00:00,2024-09-01T00:00:00,2024-09-01T00:00:00,8.207
4000,SP04,000000000010001270,007,ERSA,MECH-BRG,VB,7.000,754005.84,2025-06-03T00:00:00,2026-08-06T00:00:00,2026-08-06T00:00:00,2026-08-06T00:00:00,7.228
4000,SP04,000000000030000303,002,HIBE,ELEC-CTRL,PD,0.000,0.00,2026-04-27T00:00:00,2026-05-29T00:00:00,2026-05-29T00:00:00,2026-05-29T00:00:00,0.000
2000,SP02,000000000090000079,002,ERSA,CONV-COMP,ND,36.000,3865961.88,,2022-12-29T00:00:00,2022-12-29T00:00:00,2022-12-29T00:00:00,0.000
4000,SP04,000000000090000079,001,ERSA,CONV-COMP,ND,6.000,644326.98,,2023-07-11T00:00:00,2023-07-11T00:00:00,2023-07-11T00:00:00,0.000
4000,SP04,000000000010001271,007,ERSA,MECH-SEAL,VB,0.000,0.00,,2025-06-05T00:00:00,2025-06-05T00:00:00,2025-06-05T00:00:00,0.000
1000,SP01,000000000010001272,003,ERSA,MECH-PUMP,VB,14.000,7495831.00,2026-08-13T00:00:00,2026-06-29T00:00:00,2026-06-29T00:00:00,2026-08-13T00:00:00,1.373
1000,SP01,000000000010001273,008,HIBE,MECH-PUMP,VB,10.000,226979.00,2026-04-30T00:00:00,2026-08-16T00:00:00,2026-08-16T00:00:00,2026-08-16T00:00:00,8.314
1000,SP01,000000000010001274,008,ERSA,HYDR-ASSY,VB,0.000,0.00,,2024-09-21T00:00:00,2024-09-21T00:00:00,2024-09-21T00:00:00,3.316
1000,SP01,000000000010001275,009,ERSA,HYDR-ASSY,VB,4.000,206074.00,2026-05-15T00:00:00,2026-05-05T00:00:00,2026-05-05T00:00:00,2026-05-15T00:00:00,5.757
2000,SP02,000000000010001276,005,ERSA,MECH-SEAL,VB,5.000,860711.50,2026-07-30T00:00:00,2026-08-15T00:00:00,2026-08-15T00:00:00,2026-08-15T00:00:00,1.145
4000,SP04,000000000010001277,003,ERSA,CONV-COMP,VB,11.000,881253.56,2026-08-29T00:00:00,2026-07-22T00:00:00,2026-07-22T00:00:00,2026-08-29T00:00:00,4.479
4000,SP04,000000000010001278,007,ERSA,MECH-BRG,VB,170.000,3703467.00,2026-08-31T00:00:00,2026-07-21T00:00:00,2026-07-21T00:00:00,2026-08-31T00:00:00,3.199
3000,SP03,000000000010001279,009,HIBE,MECH-BRG,VB,0.000,0.00,,2023-07-17T00:00:00,2023-07-17T00:00:00,2023-07-17T00:00:00,0.000
4000,SP04,000000000010001280,010,ERSA,MECH-GBOX,VB,9.000,729792.00,2026-05-25T00:00:00,2026-04-06T00:00:00,2026-04-06T00:00:00,2026-05-25T00:00:00,2.211
1000,SP01,000000000010001281,009,ERSA,MECH-SEAL,VB,14.000,869744.68,2026-08-22T00:00:00,2026-07-26T00:00:00,2026-07-26T00:00:00,2026-08-22T00:00:00,1.676
2000,SP02,000000000090000080,003,HIBE,MECH-SEAL,ND,6.000,34849.26,,2023-04-24T00:00:00,2023-04-24T00:00:00,2023-04-24T00:00:00,0.000
4000,SP04,000000000090000080,001,HIBE,MECH-SEAL,ND,24.000,139397.04,,2022-11-29T00:00:00,2022-11-29T00:00:00,2022-11-29T00:00:00,0.000
2000,SP02,000000000030000304,010,ERSA,MECH-BRG,ND,6.000,843831.06,2026-06-30T00:00:00,,,2026-06-30T00:00:00,0.000
3000,SP03,000000000080000263,002,ERSA,CONV-COMP,VB,15.000,6701541.75,2026-02-17T00:00:00,2026-07-26T00:00:00,2026-07-26T00:00:00,2026-07-26T00:00:00,11.419
4000,SP04,000000000010001282,008,ERSA,HYDR-ASSY,VB,3.000,372807.21,2026-05-30T00:00:00,2026-07-21T00:00:00,2026-07-21T00:00:00,2026-07-21T00:00:00,1.278
1000,SP01,000000000010001283,003,ERSA,MECH-PUMP,VB,73.000,163031.63,2026-07-15T00:00:00,2026-08-28T00:00:00,2026-08-28T00:00:00,2026-08-28T00:00:00,2.873
3000,SP03,000000000010001283,008,ERSA,MECH-PUMP,VB,49.000,109432.19,2026-07-02T00:00:00,2026-09-06T00:00:00,2026-09-06T00:00:00,2026-09-06T00:00:00,5.006
2000,SP02,000000000010001284,002,ERSA,INST-XMTR,VB,39.000,319111.65,2026-05-17T00:00:00,2026-08-17T00:00:00,2026-08-17T00:00:00,2026-08-17T00:00:00,7.904
3000,SP03,000000000010001285,007,ERSA,ELEC-CTRL,VB,18.000,166117.14,2026-01-20T00:00:00,2026-08-10T00:00:00,2026-08-10T00:00:00,2026-08-10T00:00:00,6.564
3000,SP03,000000000030000305,008,ERSA,ELEC-MOTR,PD,2.000,255426.94,2026-08-25T00:00:00,,,2026-08-25T00:00:00,0.000
2000,SP02,000000000010001286,004,ERSA,MECH-BRG,VB,5.000,25611.10,2026-07-21T00:00:00,2026-08-22T00:00:00,2026-08-22T00:00:00,2026-08-22T00:00:00,2.722
2000,SP02,000000000030000306,001,ERSA,INST-XMTR,PD,0.000,0.00,2026-07-28T00:00:00,2026-09-07T00:00:00,2026-09-07T00:00:00,2026-09-07T00:00:00,0.000
2000,SP02,000000000010001287,010,HIBE,MECH-BRG,VB,0.000,0.00,,2025-04-28T00:00:00,2025-04-28T00:00:00,2025-04-28T00:00:00,4.617
4000,SP04,000000000080000264,003,ERSA,HYDR-ASSY,VB,5.000,2102582.45,2025-03-30T00:00:00,2026-08-30T00:00:00,2026-08-30T00:00:00,2026-08-30T00:00:00,3.905
3000,SP03,000000000010001288,006,ERSA,INST-XMTR,VB,7.000,940640.40,2026-05-07T00:00:00,2026-08-19T00:00:00,2026-08-19T00:00:00,2026-08-19T00:00:00,4.528
2000,SP02,000000000010001289,010,ERSA,MILL-LINR,VB,5.000,309774.50,,2026-07-19T00:00:00,2026-07-19T00:00:00,2026-07-19T00:00:00,1.409
2000,SP02,000000000010001290,003,ERSA,MECH-PUMP,VB,4.000,316584.72,2026-07-02T00:00:00,2026-08-27T00:00:00,2026-08-27T00:00:00,2026-08-27T00:00:00,2.505
1000,SP01,000000000010001291,001,ERSA,MECH-GBOX,VB,0.000,0.00,,2024-10-13T00:00:00,2024-10-13T00:00:00,2024-10-13T00:00:00,2.417
2000,SP02,000000000010001291,008,ERSA,MECH-GBOX,VB,0.000,0.00,,2024-12-21T00:00:00,2024-12-21T00:00:00,2024-12-21T00:00:00,5.740
2000,SP02,000000000010001292,007,ERSA,ELEC-CTRL,VB,2.000,1145708.64,2026-06-03T00:00:00,2026-08-15T00:00:00,2026-08-15T00:00:00,2026-08-15T00:00:00,1.162
3000,SP03,000000000010001293,001,ERSA,MECH-PUMP,VB,1.000,115449.52,2026-05-08T00:00:00,2026-04-16T00:00:00,2026-04-16T00:00:00,2026-05-08T00:00:00,0.163
1000,SP01,000000000010001294,009,ERSA,MECH-SEAL,VB,73.000,1336257.70,2026-09-04T00:00:00,2026-08-23T00:00:00,2026-08-23T00:00:00,2026-09-04T00:00:00,8.809
2000,SP02,000000000010001295,007,ERSA,MILL-LINR,VB,10.000,4044876.50,2026-08-23T00:00:00,2026-05-08T00:00:00,2026-05-08T00:00:00,2026-08-23T00:00:00,4.222
2000,SP02,000000000030000307,010,ERSA,INST-XMTR,ND,2.000,263967.12,2026-07-05T00:00:00,2026-08-09T00:00:00,2026-08-09T00:00:00,2026-08-09T00:00:00,0.000
1000,SP01,000000000030000308,007,ERSA,ELEC-MOTR,ND,4.000,349460.72,2026-03-20T00:00:00,2026-03-23T00:00:00,2026-03-23T00:00:00,2026-03-23T00:00:00,0.000
3000,SP03,000000000030000308,002,ERSA,ELEC-MOTR,PD,0.000,0.00,2026-06-19T00:00:00,2026-06-23T00:00:00,2026-06-23T00:00:00,2026-06-23T00:00:00,0.000
3000,SP03,000000000010001296,001,ERSA,MECH-PUMP,VB,0.000,0.00,,2025-03-07T00:00:00,2025-03-07T00:00:00,2025-03-07T00:00:00,0.000
1000,SP01,000000000010001297,009,ERSA,MILL-LINR,VB,13.000,536344.77,2026-08-24T00:00:00,2026-08-30T00:00:00,2026-08-30T00:00:00,2026-08-30T00:00:00,4.943
4000,SP04,000000000010001298,007,ERSA,MECH-PUMP,VB,2.000,1380129.84,2026-05-24T00:00:00,2026-02-10T00:00:00,2026-02-10T00:00:00,2026-05-24T00:00:00,0.895
2000,SP02,000000000010001298,010,ERSA,MECH-PUMP,VB,1.000,690064.92,,2026-04-14T00:00:00,2026-04-14T00:00:00,2026-04-14T00:00:00,0.454
3000,SP03,000000000010001299,007,ERSA,MECH-SEAL,VB,0.000,0.00,,2025-08-06T00:00:00,2025-08-06T00:00:00,2025-08-06T00:00:00,10.330
3000,SP03,000000000010001300,001,ERSA,INST-XMTR,VB,9.000,1393461.54,2026-02-22T00:00:00,2026-09-06T00:00:00,2026-09-06T00:00:00,2026-09-06T00:00:00,4.220
4000,SP04,000000000010001300,007,ERSA,INST-XMTR,VB,14.000,2167606.84,2026-01-19T00:00:00,2026-06-14T00:00:00,2026-06-14T00:00:00,2026-06-14T00:00:00,7.916
1000,SP01,000000000090000081,010,ERSA,ELEC-CTRL,ND,12.000,60736.80,,2023-09-09T00:00:00,2023-09-09T00:00:00,2023-09-09T00:00:00,0.000
4000,SP04,000000000090000081,002,ERSA,ELEC-CTRL,ND,15.000,75921.00,,2025-02-09T00:00:00,2025-02-09T00:00:00,2025-02-09T00:00:00,0.000
1000,SP01,000000000010001301,008,ERSA,MECH-SEAL,VB,8.000,431128.40,2026-08-04T00:00:00,2026-06-23T00:00:00,2026-06-23T00:00:00,2026-08-04T00:00:00,1.808
2000,SP02,000000000010001302,010,ERSA,MILL-LINR,VB,0.000,0.00,,2024-09-14T00:00:00,2024-09-14T00:00:00,2024-09-14T00:00:00,7.693
2000,SP02,000000000030000309,006,ERSA,ELEC-CTRL,PD,0.000,0.00,2026-01-21T00:00:00,2026-03-20T00:00:00,2026-03-20T00:00:00,2026-03-20T00:00:00,0.000
4000,SP04,000000000010001303,001,HIBE,MECH-GBOX,VB,137.000,2023687.28,2026-03-05T00:00:00,2026-09-04T00:00:00,2026-09-04T00:00:00,2026-09-04T00:00:00,40.419
2000,SP02,000000000080000265,002,ERSA,MILL-LINR,VB,13.000,1272389.95,2026-07-22T00:00:00,2026-06-06T00:00:00,2026-06-06T00:00:00,2026-07-22T00:00:00,2.770
1000,SP01,000000000010001304,006,ERSA,ELEC-CTRL,VB,143.000,2365641.85,2026-06-11T00:00:00,2026-08-05T00:00:00,2026-08-05T00:00:00,2026-08-05T00:00:00,19.337
2000,SP02,000000000010001305,010,ERSA,CONV-COMP,VB,2.000,259551.78,2026-01-16T00:00:00,2026-09-06T00:00:00,2026-09-06T00:00:00,2026-09-06T00:00:00,0.688
3000,SP03,000000000010001306,001,ERSA,MECH-SEAL,VB,3.000,21021.96,2026-06-24T00:00:00,2026-05-05T00:00:00,2026-05-05T00:00:00,2026-06-24T00:00:00,1.341
3000,SP03,000000000030000310,003,ERSA,ELEC-CTRL,PD,0.000,0.00,2026-07-19T00:00:00,2026-07-23T00:00:00,2026-07-23T00:00:00,2026-07-23T00:00:00,0.000
3000,SP03,000000000010001307,008,ERSA,HYDR-ASSY,VB,1.000,106084.17,2026-01-30T00:00:00,2026-08-29T00:00:00,2026-08-29T00:00:00,2026-08-29T00:00:00,6.430
3000,SP03,000000000080000266,005,ERSA,MECH-GBOX,VB,7.000,3070530.82,2026-05-04T00:00:00,2026-08-07T00:00:00,2026-08-07T00:00:00,2026-08-07T00:00:00,6.858
2000,SP02,000000000010001308,008,ERSA,INST-XMTR,VB,143.000,1585283.70,2026-05-31T00:00:00,2026-08-13T00:00:00,2026-08-13T00:00:00,2026-08-13T00:00:00,9.976
2000,SP02,000000000010001309,002,HIBE,MILL-LINR,VB,6.000,2191170.90,,2026-06-21T00:00:00,2026-06-21T00:00:00,2026-06-21T00:00:00,1.844
4000,SP04,000000000030000311,009,ERSA,ELEC-MOTR,ND,0.000,0.00,2026-01-20T00:00:00,2026-03-13T00:00:00,2026-03-13T00:00:00,2026-03-13T00:00:00,0.000
3000,SP03,000000000010001310,007,ERSA,INST-XMTR,VB,0.000,0.00,,2025-03-08T00:00:00,2025-03-08T00:00:00,2025-03-08T00:00:00,0.000
4000,SP04,000000000080000267,006,ERSA,ELEC-MOTR,VB,3.000,288245.97,2026-07-22T00:00:00,2026-09-03T00:00:00,2026-09-03T00:00:00,2026-09-03T00:00:00,2.058
2000,SP02,000000000030000312,009,ERSA,ELEC-CTRL,PD,4.000,903615.52,2026-03-26T00:00:00,2026-01-31T00:00:00,2026-01-31T00:00:00,2026-03-26T00:00:00,0.000
3000,SP03,000000000030000312,003,ERSA,ELEC-CTRL,ND,3.000,677711.64,2026-06-25T00:00:00,2026-07-23T00:00:00,2026-07-23T00:00:00,2026-07-23T00:00:00,0.000
4000,SP04,000000000010001311,003,ERSA,MECH-GBOX,VB,11.000,885409.80,2026-06-02T00:00:00,2026-06-28T00:00:00,2026-06-28T00:00:00,2026-06-28T00:00:00,3.122
3000,SP03,000000000010001312,004,ERSA,ELEC-MOTR,VB,8.000,340933.68,2026-05-06T00:00:00,2026-08-03T00:00:00,2026-08-03T00:00:00,2026-08-03T00:00:00,2.929
1000,SP01,000000000090000082,005,ERSA,MECH-SEAL,ND,11.000,1769087.76,,2025-07-06T00:00:00,2025-07-06T00:00:00,2025-07-06T00:00:00,0.000
4000,SP04,000000000090000082,005,ERSA,MECH-SEAL,ND,16.000,2573218.56,,2025-03-11T00:00:00,2025-03-11T00:00:00,2025-03-11T00:00:00,0.000
3000,SP03,000000000010001313,002,ERSA,INST-XMTR,VB,92.000,1381248.44,2026-05-05T00:00:00,2026-08-05T00:00:00,2026-08-05T00:00:00,2026-08-05T00:00:00,13.389
3000,SP03,000000000010001314,008,ERSA,MECH-SEAL,VB,46.000,430616.12,2026-06-01T00:00:00,2026-08-20T00:00:00,2026-08-20T00:00:00,2026-08-20T00:00:00,7.111
4000,SP04,000000000010001315,003,HIBE,CONV-COMP,VB,67.000,1529450.54,2026-08-21T00:00:00,2026-08-28T00:00:00,2026-08-28T00:00:00,2026-08-28T00:00:00,8.171
4000,SP04,000000000090000083,008,ERSA,MECH-SEAL,ND,17.000,140174.52,,2024-03-21T00:00:00,2024-03-21T00:00:00,2024-03-21T00:00:00,0.000
3000,SP03,000000000010001316,003,ERSA,MECH-GBOX,VB,0.000,0.00,,2022-11-11T00:00:00,2022-11-11T00:00:00,2022-11-11T00:00:00,0.000
2000,SP02,000000000010001316,009,ERSA,MECH-GBOX,VB,0.000,0.00,,2023-11-28T00:00:00,2023-11-28T00:00:00,2023-11-28T00:00:00,0.000
3000,SP03,000000000010001317,001,ERSA,ELEC-CTRL,VB,20.000,69257.00,2026-07-02T00:00:00,2026-08-01T00:00:00,2026-08-01T00:00:00,2026-08-01T00:00:00,11.074
2000,SP02,000000000010001318,002,ERSA,MECH-PUMP,VB,0.000,0.00,,2024-10-13T00:00:00,2024-10-13T00:00:00,2024-10-13T00:00:00,13.974
4000,SP04,000000000010001318,005,ERSA,MECH-PUMP,VB,0.000,0.00,,2024-12-02T00:00:00,2024-12-02T00:00:00,2024-12-02T00:00:00,6.526
4000,SP04,000000000010001319,001,ERSA,CONV-COMP,VB,0.000,0.00,2026-02-21T00:00:00,2026-08-02T00:00:00,2026-08-02T00:00:00,2026-08-02T00:00:00,0.864
1000,SP01,000000000010001319,003,ERSA,CONV-COMP,VB,5.000,261333.70,2026-04-29T00:00:00,2026-08-15T00:00:00,2026-08-15T00:00:00,2026-08-15T00:00:00,4.989
3000,SP03,000000000010001320,003,ERSA,MECH-GBOX,VB,65.000,793218.40,2026-07-29T00:00:00,2026-08-20T00:00:00,2026-08-20T00:00:00,2026-08-20T00:00:00,20.590
1000,SP01,000000000010001321,003,ERSA,ELEC-CTRL,VB,3.000,335327.94,2026-03-11T00:00:00,2026-07-14T00:00:00,2026-07-14T00:00:00,2026-07-14T00:00:00,2.930
2000,SP02,000000000010001321,007,ERSA,ELEC-CTRL,VB,2.000,223551.96,2026-05-17T00:00:00,2026-08-02T00:00:00,2026-08-02T00:00:00,2026-08-02T00:00:00,1.721
1000,SP01,000000000030000313,001,ERSA,MILL-LINR,ND,1.000,168027.55,2025-12-05T00:00:00,,,2025-12-05T00:00:00,0.000
4000,SP04,000000000030000314,008,ERSA,MECH-GBOX,PD,1.000,166174.11,2026-03-31T00:00:00,2026-05-23T00:00:00,2026-05-23T00:00:00,2026-05-23T00:00:00,0.000
3000,SP03,000000000090000084,008,ERSA,ELEC-CTRL,ND,27.000,3464902.17,,2024-07-01T00:00:00,2024-07-01T00:00:00,2024-07-01T00:00:00,0.000
4000,SP04,000000000010001322,001,ERSA,MECH-BRG,VB,0.000,0.00,,2025-03-16T00:00:00,2025-03-16T00:00:00,2025-03-16T00:00:00,0.000
1000,SP01,000000000010001323,002,ERSA,ELEC-MOTR,VB,5.000,685192.45,2026-09-02T00:00:00,2026-06-19T00:00:00,2026-06-19T00:00:00,2026-09-02T00:00:00,2.183
2000,SP02,000000000010001324,010,HIBE,INST-XMTR,VB,35.000,368501.35,2026-05-14T00:00:00,2026-08-25T00:00:00,2026-08-25T00:00:00,2026-08-25T00:00:00,25.311
4000,SP04,000000000010001325,006,ERSA,INST-XMTR,VB,8.000,1397669.04,2026-06-14T00:00:00,2026-08-13T00:00:00,2026-08-13T00:00:00,2026-08-13T00:00:00,4.101
2000,SP02,000000000010001326,007,ERSA,MILL-LINR,VB,0.000,0.00,,2023-10-01T00:00:00,2023-10-01T00:00:00,2023-10-01T00:00:00,0.000
4000,SP04,000000000010001326,009,ERSA,MILL-LINR,VB,0.000,0.00,,2024-08-12T00:00:00,2024-08-12T00:00:00,2024-08-12T00:00:00,0.000
3000,SP03,000000000010001327,002,ERSA,HYDR-ASSY,VB,0.000,0.00,,2024-11-24T00:00:00,2024-11-24T00:00:00,2024-11-24T00:00:00,6.148
2000,SP02,000000000010001327,005,ERSA,HYDR-ASSY,VB,0.000,0.00,,2024-10-06T00:00:00,2024-10-06T00:00:00,2024-10-06T00:00:00,2.295
2000,SP02,000000000030000315,008,ERSA,MECH-PUMP,PD,4.000,267303.24,2026-05-13T00:00:00,,,2026-05-13T00:00:00,0.000
4000,SP04,000000000010001328,010,ERSA,HYDR-ASSY,VB,0.000,0.00,2026-05-22T00:00:00,2026-06-22T00:00:00,2026-06-22T00:00:00,2026-06-22T00:00:00,1.587
2000,SP02,000000000010001329,009,ERSA,MECH-BRG,VB,0.000,0.00,,2022-12-18T00:00:00,2022-12-18T00:00:00,2022-12-18T00:00:00,0.000
3000,SP03,000000000010001330,006,HIBE,INST-XMTR,VB,0.000,0.00,,2024-09-22T00:00:00,2024-09-22T00:00:00,2024-09-22T00:00:00,5.691
