Matnr,Werks,Lgort,Labst,Insme,Speme,Lgpbe
000000000010000000,1000,SP01,107.000,0.000,0.000,A-11-1
000000000010000001,1000,SP01,32.000,0.000,0.000,B-05-3
000000000010000001,2000,SP02,26.000,0.000,0.000,E-22-2
000000000080000000,3000,SP03,12.000,0.000,0.000,C-20-6
000000000010000002,4000,SP04,6.000,0.000,0.000,C-16-4
000000000010000002,2000,SP02,7.000,0.000,0.000,C-02-4
000000000030000000,4000,SP04,6.000,0.000,0.000,A-17-5
000000000030000000,1000,SP01,1.000,0.000,0.000,D-20-5
000000000010000003,1000,SP01,0.000,0.000,0.000,E-17-6
000000000080000001,1000,SP01,5.000,0.000,0.000,B-11-2
000000000080000001,4000,SP04,11.000,0.000,0.000,C-10-1
000000000010000004,3000,SP03,93.000,0.000,0.000,E-19-6
000000000010000005,1000,SP01,75.000,0.000,0.000,E-12-1
000000000010000006,1000,SP01,3.000,0.000,0.000,B-20-2
000000000030000001,1000,SP01,1.000,0.000,0.000,C-11-2
000000000010000007,3000,SP03,18.000,0.000,0.000,D-09-3
000000000010000008,4000,SP04,42.000,0.000,0.000,A-11-3
000000000080000002,3000,SP03,5.000,0.000,0.000,A-05-3
000000000080000003,4000,SP04,25.000,0.000,0.000,A-21-4
000000000010000009,3000,SP03,4.000,0.000,0.000,B-11-4
000000000030000002,3000,SP03,6.000,0.000,0.000,B-17-1
000000000010000010,1000,SP01,0.000,0.000,0.000,A-18-1
000000000030000003,4000,SP04,0.000,0.000,0.000,C-15-3
000000000030000003,1000,SP01,5.000,0.000,0.000,C-02-3
000000000010000011,4000,SP04,32.000,0.000,0.000,D-12-5
000000000010000012,3000,SP03,1.000,0.000,0.000,D-21-4
000000000010000012,2000,SP02,9.000,0.000,0.000,E-05-4
000000000010000013,4000,SP04,5.000,0.000,0.000,E-12-5
000000000010000014,4000,SP04,0.000,0.000,0.000,B-15-1
000000000010000014,2000,SP02,0.000,0.000,0.000,A-17-5
000000000010000015,4000,SP04,171.000,0.000,0.000,B-02-6
000000000010000015,1000,SP01,135.000,0.000,0.000,C-22-4
000000000010000016,2000,SP02,36.000,0.000,0.000,A-15-5
000000000010000017,2000,SP02,0.000,0.000,0.000,B-10-4
000000000010000018,2000,SP02,6.000,0.000,0.000,C-19-1
000000000010000019,3000,SP03,3.000,0.000,0.000,C-13-2
000000000010000020,3000,SP03,27.000,0.000,0.000,B-16-5
000000000010000021,1000,SP01,11.000,0.000,0.000,E-04-3
000000000090000000,4000,SP04,11.000,0.000,0.000,B-19-5
000000000010000022,4000,SP04,205.000,0.000,0.000,C-02-1
000000000010000023,3000,SP03,18.000,0.000,0.000,C-15-3
000000000080000004,2000,SP02,21.000,0.000,0.000,A-07-1
000000000010000024,2000,SP02,0.000,0.000,0.000,D-20-5
000000000010000025,2000,SP02,104.000,0.000,0.000,A-05-2
000000000010000026,2000,SP02,0.000,0.000,0.000,B-05-6
000000000010000026,1000,SP01,1.000,0.000,0.000,E-01-5
000000000080000005,4000,SP04,2.000,0.000,0.000,E-16-6
000000000080000005,2000,SP02,10.000,0.000,0.000,E-17-6
000000000010000027,3000,SP03,0.000,0.000,0.000,B-04-3
000000000010000028,2000,SP02,1.000,0.000,0.000,E-01-3
000000000010000028,4000,SP04,9.000,0.000,0.000,C-23-5
000000000010000029,3000,SP03,26.000,0.000,0.000,A-19-6
000000000010000029,2000,SP02,238.000,0.000,0.000,A-10-1
000000000030000004,4000,SP04,5.000,0.000,0.000,D-19-3
000000000010000030,4000,SP04,64.000,0.000,0.000,B-20-6
000000000010000031,3000,SP03,0.000,0.000,0.000,B-14-1
000000000010000032,4000,SP04,5.000,0.000,0.000,D-12-2
000000000010000033,1000,SP01,0.000,0.000,0.000,D-14-6
000000000010000034,1000,SP01,4.000,0.000,0.000,C-04-4
000000000080000006,2000,SP02,14.000,0.000,0.000,C-20-1
000000000010000035,1000,SP01,0.000,0.000,0.000,E-05-6
000000000010000036,3000,SP03,1.000,0.000,0.000,A-24-4
000000000010000036,2000,SP02,1.000,0.000,0.000,A-08-3
000000000010000037,1000,SP01,6.000,0.000,0.000,B-15-5
000000000090000001,1000,SP01,25.000,0.000,0.000,A-06-5
000000000010000038,3000,SP03,44.000,0.000,0.000,A-03-5
000000000080000007,1000,SP01,26.000,1.000,0.000,B-03-3
000000000010000039,2000,SP02,0.000,0.000,0.000,D-20-5
000000000030000005,3000,SP03,3.000,0.000,0.000,A-11-2
000000000010000040,1000,SP01,3.000,0.000,0.000,D-05-3
000000000010000041,4000,SP04,7.000,0.000,0.000,E-14-4
000000000010000042,1000,SP01,0.000,0.000,0.000,B-13-3
000000000030000006,2000,SP02,1.000,0.000,0.000,B-10-5
000000000080000008,4000,SP04,0.000,0.000,0.000,E-09-6
000000000080000009,1000,SP01,8.000,0.000,0.000,D-22-5
000000000080000009,4000,SP04,14.000,0.000,0.000,B-24-2
000000000080000010,3000,SP03,4.000,0.000,0.000,A-16-5
000000000030000007,1000,SP01,1.000,0.000,0.000,A-19-5
000000000030000008,3000,SP03,2.000,0.000,0.000,E-08-4
000000000010000043,1000,SP01,9.000,0.000,0.000,E-24-4
000000000010000043,4000,SP04,5.000,0.000,0.000,D-01-4
000000000010000044,3000,SP03,3.000,0.000,0.000,C-24-2
000000000010000045,4000,SP04,85.000,0.000,0.000,C-21-5
000000000080000011,2000,SP02,12.000,0.000,0.000,B-06-4
000000000080000012,3000,SP03,6.000,1.000,0.000,A-08-1
000000000010000046,2000,SP02,0.000,0.000,0.000,B-14-1
000000000010000047,1000,SP01,0.000,0.000,0.000,B-09-3
000000000010000047,4000,SP04,0.000,0.000,0.000,A-07-1
000000000010000048,4000,SP04,29.000,0.000,0.000,D-17-6
000000000080000013,3000,SP03,4.000,0.000,0.000,A-24-5
000000000010000049,3000,SP03,12.000,0.000,0.000,E-13-1
000000000010000049,1000,SP01,116.000,0.000,0.000,A-14-3
000000000010000050,2000,SP02,0.000,0.000,0.000,A-11-4
000000000010000050,4000,SP04,0.000,0.000,0.000,C-21-1
000000000010000051,2000,SP02,0.000,0.000,0.000,B-13-5
000000000010000052,3000,SP03,14.000,0.000,0.000,B-17-5
000000000010000053,1000,SP01,60.000,0.000,0.000,D-24-4
000000000010000054,1000,SP01,7.000,0.000,0.000,E-04-5
000000000010000055,3000,SP03,1.000,0.000,0.000,E-22-3
000000000010000056,3000,SP03,0.000,0.000,0.000,E-17-3
000000000010000056,2000,SP02,0.000,0.000,0.000,D-20-2
000000000010000057,1000,SP01,2.000,0.000,0.000,D-16-2
000000000010000058,4000,SP04,0.000,0.000,0.000,A-12-3
000000000010000059,3000,SP03,12.000,0.000,0.000,A-18-4
000000000030000009,3000,SP03,5.000,0.000,0.000,A-01-3
000000000010000060,2000,SP02,99.000,0.000,0.000,D-08-6
000000000010000060,4000,SP04,38.000,0.000,0.000,C-18-5
000000000010000061,3000,SP03,8.000,0.000,0.000,B-05-2
000000000010000062,3000,SP03,2.000,0.000,0.000,E-01-5
000000000030000010,4000,SP04,6.000,0.000,0.000,D-15-2
000000000030000011,1000,SP01,6.000,0.000,0.000,E-16-1
000000000030000011,3000,SP03,0.000,0.000,0.000,D-10-1
000000000010000063,3000,SP03,8.000,0.000,0.000,E-03-4
000000000010000064,2000,SP02,0.000,0.000,0.000,E-09-3
000000000010000065,4000,SP04,6.000,0.000,0.000,B-10-4
000000000080000014,4000,SP04,0.000,0.000,0.000,C-04-2
000000000010000066,3000,SP03,14.000,0.000,0.000,A-06-2
000000000010000066,4000,SP04,4.000,0.000,0.000,A-06-2
000000000010000067,3000,SP03,0.000,0.000,0.000,A-05-2
000000000080000015,3000,SP03,4.000,0.000,0.000,A-05-1
000000000080000016,1000,SP01,7.000,0.000,0.000,A-20-2
000000000080000016,2000,SP02,7.000,0.000,0.000,C-04-2
000000000010000068,2000,SP02,0.000,0.000,0.000,A-22-5
000000000010000069,4000,SP04,0.000,0.000,0.000,C-09-5
000000000010000070,2000,SP02,120.000,0.000,0.000,E-11-1
000000000010000071,3000,SP03,9.000,0.000,0.000,E-10-5
000000000090000002,2000,SP02,12.000,0.000,0.000,A-06-4
000000000010000072,4000,SP04,24.000,0.000,0.000,C-18-1
000000000080000017,2000,SP02,22.000,0.000,0.000,A-18-5
000000000080000017,3000,SP03,9.000,0.000,0.000,C-20-4
000000000010000073,3000,SP03,35.000,0.000,0.000,E-04-5
000000000010000074,1000,SP01,1.000,0.000,0.000,D-18-3
000000000030000012,3000,SP03,0.000,0.000,0.000,C-11-3
000000000010000075,2000,SP02,101.000,0.000,0.000,A-18-2
000000000010000075,1000,SP01,121.000,0.000,0.000,D-12-1
000000000010000076,2000,SP02,0.000,0.000,0.000,E-16-1
000000000010000077,2000,SP02,17.000,0.000,0.000,B-17-3
000000000010000078,3000,SP03,0.000,0.000,0.000,D-02-1
000000000010000079,1000,SP01,55.000,0.000,0.000,D-03-3
000000000010000080,2000,SP02,1.000,0.000,0.000,C-15-6
000000000010000081,1000,SP01,0.000,0.000,0.000,D-20-3
000000000010000081,3000,SP03,0.000,0.000,0.000,A-01-3
000000000080000018,4000,SP04,3.000,0.000,0.000,B-04-4
000000000080000018,3000,SP03,4.000,0.000,0.000,E-24-5
000000000080000019,2000,SP02,12.000,0.000,0.000,D-05-3
000000000030000013,2000,SP02,0.000,0.000,0.000,D-06-1
000000000010000082,3000,SP03,0.000,0.000,0.000,C-11-3
000000000030000014,4000,SP04,9.000,0.000,0.000,D-21-6
000000000030000014,1000,SP01,1.000,0.000,0.000,A-03-6
000000000010000083,3000,SP03,1.000,0.000,0.000,A-02-4
000000000010000084,4000,SP04,4.000,0.000,0.000,B-18-5
000000000010000084,2000,SP02,6.000,0.000,0.000,E-19-4
000000000010000085,1000,SP01,14.000,0.000,0.000,C-21-6
000000000010000085,3000,SP03,6.000,0.000,0.000,D-07-1
000000000080000020,3000,SP03,12.000,0.000,0.000,B-01-4
000000000080000020,1000,SP01,4.000,0.000,0.000,E-22-2
000000000010000086,4000,SP04,1.000,0.000,0.000,C-24-6
000000000010000086,2000,SP02,2.000,0.000,0.000,D-14-1
000000000010000087,4000,SP04,2.000,0.000,0.000,A-01-2
000000000030000015,3000,SP03,0.000,0.000,0.000,D-01-6
000000000010000088,4000,SP04,5.000,0.000,0.000,C-21-3
000000000080000021,2000,SP02,3.000,0.000,0.000,B-12-2
000000000080000021,3000,SP03,2.000,0.000,0.000,D-13-1
000000000080000022,3000,SP03,7.000,0.000,0.000,C-22-2
000000000080000023,3000,SP03,13.000,0.000,0.000,C-11-1
000000000010000089,1000,SP01,0.000,0.000,0.000,B-20-4
000000000010000090,4000,SP04,5.000,0.000,0.000,E-04-1
000000000010000091,4000,SP04,110.000,0.000,0.000,B-09-3
000000000010000092,1000,SP01,9.000,0.000,0.000,A-18-5
000000000010000093,1000,SP01,3.000,0.000,0.000,E-17-6
000000000010000094,2000,SP02,195.000,0.000,0.000,E-04-5
000000000030000016,3000,SP03,0.000,0.000,0.000,A-14-2
000000000030000016,1000,SP01,5.000,0.000,0.000,E-08-4
000000000010000095,4000,SP04,4.000,0.000,0.000,A-01-1
000000000010000096,2000,SP02,19.000,0.000,0.000,E-05-1
000000000010000097,4000,SP04,7.000,0.000,0.000,C-12-1
000000000030000017,3000,SP03,0.000,0.000,0.000,D-23-1
000000000010000098,1000,SP01,10.000,0.000,0.000,B-17-2
000000000010000099,2000,SP02,3.000,0.000,0.000,D-17-4
000000000010000099,4000,SP04,13.000,0.000,0.000,C-17-5
000000000010000100,4000,SP04,12.000,0.000,0.000,A-22-4
000000000090000003,2000,SP02,7.000,0.000,0.000,A-08-6
000000000090000003,3000,SP03,18.000,0.000,0.000,E-15-4
000000000010000101,4000,SP04,5.000,0.000,0.000,D-06-3
000000000030000018,4000,SP04,3.000,0.000,0.000,C-20-6
000000000010000102,1000,SP01,0.000,0.000,0.000,E-12-4
000000000080000024,2000,SP02,1.000,0.000,0.000,B-20-3
000000000010000103,2000,SP02,0.000,0.000,0.000,D-15-1
000000000030000019,1000,SP01,0.000,0.000,0.000,C-04-3
000000000030000019,3000,SP03,1.000,0.000,0.000,D-04-1
000000000010000104,3000,SP03,18.000,0.000,0.000,E-16-2
000000000010000104,2000,SP02,0.000,0.000,0.000,A-08-3
000000000010000105,4000,SP04,3.000,0.000,0.000,E-24-2
000000000010000106,3000,SP03,32.000,0.000,0.000,D-07-4
000000000010000107,4000,SP04,0.000,0.000,0.000,D-14-5
000000000010000108,1000,SP01,0.000,0.000,0.000,D-08-1
000000000010000109,4000,SP04,1.000,0.000,0.000,D-18-1
000000000080000025,3000,SP03,10.000,0.000,0.000,C-07-3
000000000080000025,4000,SP04,16.000,0.000,0.000,A-07-3
000000000010000110,2000,SP02,7.000,0.000,0.000,C-09-4
000000000030000020,2000,SP02,0.000,0.000,0.000,E-21-6
000000000010000111,3000,SP03,86.000,0.000,0.000,B-03-5
000000000010000112,1000,SP01,33.000,0.000,0.000,E-16-4
000000000010000113,3000,SP03,0.000,0.000,0.000,E-11-2
000000000010000114,4000,SP04,9.000,0.000,0.000,C-17-6
000000000010000115,4000,SP04,0.000,0.000,0.000,C-02-3
000000000010000116,2000,SP02,3.000,0.000,0.000,E-13-3
000000000010000116,3000,SP03,3.000,0.000,0.000,A-18-6
000000000030000021,1000,SP01,3.000,0.000,0.000,D-12-1
000000000030000021,4000,SP04,5.000,0.000,0.000,C-08-3
000000000010000117,1000,SP01,0.000,0.000,0.000,C-05-6
000000000010000118,4000,SP04,4.000,0.000,0.000,C-11-4
000000000010000119,1000,SP01,21.000,0.000,0.000,D-14-1
000000000010000120,1000,SP01,5.000,0.000,0.000,C-07-2
000000000010000120,4000,SP04,4.000,0.000,0.000,B-14-4
000000000030000022,4000,SP04,1.000,0.000,0.000,B-12-6
000000000030000022,1000,SP01,5.000,0.000,0.000,E-17-4
000000000090000004,4000,SP04,19.000,0.000,0.000,A-18-1
000000000010000121,4000,SP04,0.000,0.000,0.000,D-13-6
000000000010000122,3000,SP03,4.000,0.000,0.000,C-03-6
000000000010000123,1000,SP01,4.000,0.000,0.000,E-10-6
000000000010000124,3000,SP03,68.000,0.000,0.000,C-14-2
000000000080000026,3000,SP03,0.000,0.000,0.000,C-23-3
000000000080000026,2000,SP02,3.000,0.000,0.000,E-18-1
000000000010000125,4000,SP04,3.000,0.000,0.000,E-03-1
000000000080000027,1000,SP01,0.000,1.000,0.000,D-24-4
000000000010000126,1000,SP01,0.000,0.000,0.000,B-03-5
000000000010000127,3000,SP03,6.000,0.000,0.000,B-02-5
000000000010000127,1000,SP01,0.000,0.000,0.000,D-20-1
000000000010000128,4000,SP04,0.000,0.000,0.000,D-06-1
000000000010000129,4000,SP04,0.000,0.000,0.000,B-22-1
000000000010000130,2000,SP02,0.000,0.000,0.000,C-01-1
000000000010000131,1000,SP01,10.000,0.000,0.000,E-14-5
000000000010000132,2000,SP02,159.000,0.000,0.000,C-23-4
000000000010000132,1000,SP01,42.000,0.000,0.000,E-14-4
000000000010000133,3000,SP03,4.000,0.000,0.000,E-16-5
000000000010000134,2000,SP02,132.000,0.000,0.000,E-03-4
000000000010000135,3000,SP03,2.000,0.000,0.000,E-13-6
000000000010000135,2000,SP02,6.000,0.000,0.000,D-08-5
000000000010000136,1000,SP01,11.000,0.000,0.000,D-23-2
000000000090000005,1000,SP01,13.000,0.000,0.000,D-07-6
000000000010000137,3000,SP03,83.000,0.000,0.000,A-18-1
000000000010000138,2000,SP02,0.000,0.000,0.000,E-12-2
000000000080000028,1000,SP01,0.000,0.000,0.000,C-19-6
000000000080000029,4000,SP04,0.000,0.000,0.000,D-18-1
000000000010000139,1000,SP01,0.000,0.000,0.000,D-08-4
000000000010000140,4000,SP04,1.000,0.000,0.000,D-13-1
000000000010000141,4000,SP04,35.000,0.000,0.000,D-13-3
000000000080000030,1000,SP01,1.000,1.000,0.000,B-08-6
000000000010000142,1000,SP01,2.000,0.000,0.000,E-04-2
000000000010000143,1000,SP01,0.000,0.000,0.000,A-05-4
000000000010000144,2000,SP02,0.000,0.000,0.000,D-13-6
000000000010000145,1000,SP01,2.000,0.000,0.000,D-11-1
000000000080000031,1000,SP01,10.000,0.000,0.000,C-21-3
000000000010000146,4000,SP04,0.000,0.000,0.000,E-12-2
000000000010000146,1000,SP01,0.000,0.000,0.000,C-20-4
000000000010000147,2000,SP02,10.000,0.000,0.000,B-21-3
000000000030000023,1000,SP01,1.000,0.000,0.000,B-07-2
000000000010000148,4000,SP04,1.000,0.000,0.000,E-01-5
000000000010000149,4000,SP04,98.000,0.000,0.000,B-20-6
000000000080000032,1000,SP01,6.000,0.000,0.000,A-08-4
000000000010000150,1000,SP01,14.000,0.000,0.000,E-03-6
000000000010000151,3000,SP03,0.000,0.000,0.000,D-19-2
000000000010000152,1000,SP01,0.000,0.000,0.000,C-22-4
000000000010000153,2000,SP02,2.000,0.000,0.000,E-13-5
000000000080000033,4000,SP04,5.000,0.000,0.000,C-20-1
000000000010000154,1000,SP01,4.000,0.000,0.000,A-24-6
000000000010000155,3000,SP03,4.000,0.000,0.000,D-12-6
000000000010000156,4000,SP04,0.000,0.000,0.000,D-17-3
000000000010000156,3000,SP03,0.000,0.000,0.000,B-15-1
000000000080000034,1000,SP01,1.000,0.000,0.000,B-24-4
000000000010000157,2000,SP02,2.000,0.000,0.000,B-09-2
000000000010000157,3000,SP03,1.000,0.000,0.000,D-21-6
000000000030000024,1000,SP01,2.000,0.000,0.000,D-20-3
000000000080000035,4000,SP04,11.000,0.000,0.000,D-07-5
000000000080000035,2000,SP02,7.000,1.000,0.000,E-12-3
000000000010000158,2000,SP02,86.000,0.000,0.000,E-20-2
000000000010000159,2000,SP02,5.000,0.000,0.000,E-19-3
000000000010000160,1000,SP01,0.000,0.000,0.000,B-19-4
000000000010000160,4000,SP04,0.000,0.000,0.000,E-18-3
000000000080000036,3000,SP03,1.000,0.000,0.000,B-12-1
000000000010000161,4000,SP04,158.000,0.000,0.000,B-13-1
000000000010000161,3000,SP03,90.000,0.000,0.000,A-22-4
000000000010000162,2000,SP02,0.000,0.000,0.000,C-09-6
000000000010000163,4000,SP04,60.000,0.000,0.000,A-07-2
000000000080000037,2000,SP02,3.000,0.000,0.000,E-14-6
000000000080000037,1000,SP01,41.000,0.000,0.000,D-22-5
000000000010000164,3000,SP03,24.000,0.000,0.000,C-06-3
000000000010000164,4000,SP04,2.000,0.000,0.000,B-24-3
000000000010000165,2000,SP02,0.000,0.000,0.000,C-05-5
000000000010000166,2000,SP02,9.000,0.000,0.000,A-01-4
000000000010000167,3000,SP03,0.000,0.000,0.000,E-11-6
000000000010000167,2000,SP02,0.000,0.000,0.000,A-14-1
000000000010000168,2000,SP02,0.000,0.000,0.000,E-02-4
000000000080000038,3000,SP03,5.000,0.000,0.000,E-13-5
000000000010000169,4000,SP04,5.000,0.000,0.000,E-11-4
000000000010000170,3000,SP03,11.000,0.000,0.000,D-04-6
000000000080000039,1000,SP01,2.000,0.000,0.000,D-17-4
000000000080000039,4000,SP04,2.000,1.000,0.000,D-11-1
000000000010000171,2000,SP02,3.000,0.000,0.000,C-16-4
000000000030000025,3000,SP03,2.000,0.000,0.000,A-16-1
000000000030000026,3000,SP03,1.000,0.000,0.000,E-13-6
000000000010000172,1000,SP01,6.000,0.000,0.000,C-19-4
000000000030000027,2000,SP02,3.000,0.000,0.000,B-06-5
000000000030000027,4000,SP04,0.000,0.000,0.000,B-04-3
000000000030000028,1000,SP01,0.000,0.000,0.000,B-18-1
000000000030000028,4000,SP04,5.000,0.000,0.000,B-12-3
000000000010000173,3000,SP03,2.000,0.000,0.000,B-22-6
000000000010000174,2000,SP02,63.000,0.000,0.000,E-08-4
000000000010000174,3000,SP03,204.000,0.000,0.000,A-21-4
000000000030000029,1000,SP01,2.000,0.000,0.000,B-17-6
000000000010000175,4000,SP04,13.000,0.000,0.000,B-21-6
000000000010000176,1000,SP01,2.000,0.000,0.000,B-14-6
000000000010000177,1000,SP01,0.000,0.000,0.000,A-02-3
000000000010000177,3000,SP03,3.000,0.000,0.000,E-05-4
000000000010000178,3000,SP03,0.000,0.000,0.000,D-22-5
000000000030000030,3000,SP03,7.000,0.000,0.000,D-12-6
000000000030000030,4000,SP04,0.000,0.000,0.000,D-17-1
000000000010000179,3000,SP03,0.000,0.000,0.000,B-02-4
000000000010000180,1000,SP01,5.000,0.000,0.000,A-24-1
000000000010000180,4000,SP04,5.000,0.000,0.000,E-24-4
000000000010000181,2000,SP02,4.000,0.000,0.000,C-07-2
000000000010000182,3000,SP03,0.000,0.000,0.000,E-23-2
000000000010000183,1000,SP01,27.000,0.000,0.000,E-21-2
000000000010000183,2000,SP02,7.000,0.000,0.000,D-23-3
000000000010000184,1000,SP01,254.000,0.000,0.000,E-18-4
000000000010000185,3000,SP03,3.000,0.000,0.000,E-10-4
000000000010000186,4000,SP04,0.000,0.000,0.000,D-12-6
000000000010000187,3000,SP03,443.000,0.000,0.000,B-01-3
000000000010000188,2000,SP02,113.000,0.000,0.000,D-12-6
000000000010000189,2000,SP02,0.000,0.000,0.000,A-16-2
000000000010000189,1000,SP01,0.000,0.000,0.000,D-15-4
000000000010000190,3000,SP03,22.000,0.000,0.000,D-23-2
000000000010000190,2000,SP02,0.000,0.000,0.000,A-24-2
000000000010000191,4000,SP04,48.000,0.000,0.000,A-04-5
000000000010000191,1000,SP01,2.000,0.000,0.000,C-23-2
000000000080000040,1000,SP01,19.000,0.000,0.000,C-24-4
000000000010000192,3000,SP03,9.000,0.000,0.000,A-06-2
000000000010000192,4000,SP04,17.000,0.000,0.000,E-22-4
000000000010000193,3000,SP03,22.000,0.000,0.000,B-11-2
000000000080000041,1000,SP01,4.000,0.000,0.000,D-01-5
000000000080000041,4000,SP04,7.000,1.000,0.000,D-06-3
000000000090000006,1000,SP01,16.000,0.000,0.000,E-18-5
000000000080000042,1000,SP01,7.000,1.000,0.000,A-15-6
000000000010000194,1000,SP01,6.000,0.000,0.000,D-11-1
000000000010000194,4000,SP04,9.000,0.000,0.000,B-04-2
000000000030000031,3000,SP03,4.000,0.000,0.000,E-18-2
000000000080000043,4000,SP04,5.000,0.000,0.000,B-01-2
000000000080000044,1000,SP01,12.000,0.000,0.000,D-01-3
000000000010000195,1000,SP01,1.000,0.000,0.000,A-07-4
000000000010000196,2000,SP02,8.000,0.000,0.000,E-02-6
000000000090000007,2000,SP02,20.000,0.000,0.000,D-22-5
000000000010000197,2000,SP02,0.000,0.000,0.000,D-13-1
000000000010000197,1000,SP01,0.000,0.000,0.000,A-14-4
000000000030000032,2000,SP02,4.000,0.000,0.000,D-10-4
000000000030000032,4000,SP04,0.000,0.000,0.000,B-24-5
000000000080000045,4000,SP04,3.000,0.000,0.000,C-06-4
000000000010000198,2000,SP02,3.000,0.000,0.000,D-07-3
000000000030000033,2000,SP02,0.000,0.000,0.000,A-02-2
000000000080000046,4000,SP04,3.000,0.000,0.000,B-02-6
000000000010000199,3000,SP03,0.000,0.000,0.000,C-11-5
000000000080000047,2000,SP02,11.000,0.000,0.000,C-14-5
000000000010000200,4000,SP04,0.000,0.000,0.000,E-01-2
000000000010000201,3000,SP03,2.000,0.000,0.000,E-23-3
000000000030000034,1000,SP01,0.000,0.000,0.000,E-15-5
000000000010000202,2000,SP02,12.000,0.000,0.000,C-23-6
000000000010000203,2000,SP02,0.000,0.000,0.000,C-14-4
000000000030000035,4000,SP04,5.000,0.000,0.000,B-05-5
000000000030000036,1000,SP01,1.000,0.000,0.000,C-09-5
000000000010000204,3000,SP03,2.000,0.000,0.000,A-13-1
000000000010000204,1000,SP01,1.000,0.000,0.000,B-22-1
000000000010000205,1000,SP01,0.000,0.000,0.000,B-23-6
000000000080000048,3000,SP03,4.000,0.000,0.000,A-02-6
000000000030000037,4000,SP04,0.000,0.000,0.000,E-07-2
000000000030000037,1000,SP01,0.000,0.000,0.000,C-24-5
000000000010000206,3000,SP03,78.000,0.000,0.000,C-03-3
000000000010000207,3000,SP03,6.000,0.000,0.000,E-05-5
000000000030000038,4000,SP04,1.000,0.000,0.000,B-24-5
000000000010000208,2000,SP02,2.000,0.000,0.000,E-12-1
000000000090000008,1000,SP01,37.000,0.000,0.000,D-09-1
000000000010000209,2000,SP02,0.000,0.000,0.000,E-22-3
000000000030000039,1000,SP01,6.000,0.000,0.000,C-09-3
000000000010000210,4000,SP04,93.000,0.000,0.000,A-24-5
000000000010000210,1000,SP01,62.000,0.000,0.000,E-07-1
000000000080000049,4000,SP04,10.000,0.000,0.000,B-08-2
000000000010000211,4000,SP04,20.000,0.000,0.000,B-05-6
000000000080000050,2000,SP02,5.000,0.000,0.000,A-16-1
000000000010000212,2000,SP02,0.000,0.000,0.000,B-12-3
000000000010000212,3000,SP03,0.000,0.000,0.000,A-15-4
000000000010000213,4000,SP04,5.000,0.000,0.000,A-14-3
000000000080000051,4000,SP04,7.000,0.000,0.000,C-17-3
000000000010000214,4000,SP04,3.000,0.000,0.000,E-15-2
000000000010000215,4000,SP04,2.000,0.000,0.000,A-18-1
000000000010000216,4000,SP04,127.000,0.000,0.000,A-01-2
000000000090000009,1000,SP01,31.000,0.000,0.000,C-16-3
000000000010000217,1000,SP01,22.000,0.000,0.000,C-16-5
000000000010000218,4000,SP04,2.000,0.000,0.000,E-22-4
000000000010000219,2000,SP02,0.000,0.000,0.000,E-04-1
000000000080000052,3000,SP03,4.000,0.000,0.000,B-10-2
000000000080000053,1000,SP01,6.000,0.000,0.000,A-07-5
000000000080000054,2000,SP02,5.000,1.000,0.000,B-17-1
000000000080000054,4000,SP04,1.000,0.000,0.000,D-01-2
000000000010000220,1000,SP01,5.000,0.000,0.000,E-14-2
000000000090000010,1000,SP01,29.000,0.000,0.000,C-03-1
000000000090000011,3000,SP03,12.000,0.000,0.000,D-24-2
000000000090000011,4000,SP04,36.000,0.000,0.000,A-14-3
000000000030000040,1000,SP01,6.000,0.000,0.000,A-19-4
000000000030000040,3000,SP03,24.000,0.000,0.000,D-12-4
000000000030000041,2000,SP02,2.000,0.000,0.000,D-03-4
000000000090000012,1000,SP01,20.000,0.000,0.000,C-10-2
000000000010000221,2000,SP02,13.000,0.000,0.000,B-08-1
000000000080000055,3000,SP03,4.000,0.000,0.000,B-02-6
000000000010000222,2000,SP02,0.000,0.000,0.000,D-22-1
000000000010000223,1000,SP01,1.000,0.000,0.000,A-08-3
000000000010000224,4000,SP04,9.000,0.000,0.000,C-02-2
000000000010000225,2000,SP02,70.000,0.000,0.000,C-14-3
000000000010000226,4000,SP04,77.000,0.000,0.000,D-13-3
000000000010000226,1000,SP01,41.000,0.000,0.000,E-19-6
000000000010000227,4000,SP04,0.000,0.000,0.000,A-20-2
000000000030000042,4000,SP04,0.000,0.000,0.000,D-14-5
000000000080000056,3000,SP03,10.000,0.000,0.000,A-23-6
000000000090000013,3000,SP03,12.000,0.000,0.000,D-14-3
000000000080000057,1000,SP01,14.000,0.000,0.000,C-03-2
000000000010000228,4000,SP04,25.000,0.000,0.000,D-15-2
000000000080000058,2000,SP02,4.000,0.000,0.000,E-20-6
000000000010000229,2000,SP02,263.000,0.000,0.000,E-22-6
000000000010000229,3000,SP03,32.000,0.000,0.000,A-20-4
000000000030000043,3000,SP03,3.000,0.000,0.000,D-15-4
000000000030000044,3000,SP03,0.000,0.000,0.000,A-08-6
000000000010000230,3000,SP03,5.000,0.000,0.000,A-16-3
000000000010000230,1000,SP01,9.000,0.000,0.000,A-15-6
000000000030000045,2000,SP02,5.000,0.000,0.000,E-02-4
000000000010000231,2000,SP02,0.000,0.000,0.000,D-03-1
000000000010000232,2000,SP02,2.000,0.000,0.000,D-08-2
000000000010000233,2000,SP02,17.000,0.000,0.000,A-05-5
000000000010000234,2000,SP02,6.000,0.000,0.000,C-16-3
000000000010000235,1000,SP01,6.000,0.000,0.000,C-09-6
000000000030000046,3000,SP03,10.000,0.000,0.000,E-17-5
000000000030000046,4000,SP04,1.000,0.000,0.000,E-22-2
000000000010000236,4000,SP04,10.000,0.000,0.000,B-11-1
000000000030000047,1000,SP01,0.000,0.000,0.000,B-15-2
000000000010000237,3000,SP03,0.000,0.000,0.000,E-13-6
000000000010000238,3000,SP03,6.000,0.000,0.000,B-19-2
000000000010000238,2000,SP02,3.000,0.000,0.000,A-21-3
000000000030000048,4000,SP04,8.000,0.000,0.000,E-12-2
000000000010000239,1000,SP01,30.000,0.000,0.000,D-16-5
000000000010000239,4000,SP04,134.000,0.000,0.000,A-18-2
000000000010000240,4000,SP04,35.000,0.000,0.000,E-07-6
000000000010000241,1000,SP01,10.000,0.000,0.000,D-01-1
000000000010000242,2000,SP02,8.000,0.000,0.000,C-01-1
000000000010000242,1000,SP01,8.000,0.000,0.000,C-09-5
000000000030000049,2000,SP02,3.000,0.000,0.000,E-24-3
000000000010000243,2000,SP02,0.000,0.000,0.000,D-10-3
000000000090000014,1000,SP01,16.000,0.000,0.000,B-18-4
000000000010000244,4000,SP04,6.000,0.000,0.000,E-12-5
000000000010000245,4000,SP04,15.000,0.000,0.000,C-20-4
000000000010000245,3000,SP03,10.000,0.000,0.000,C-21-3
000000000010000246,3000,SP03,65.000,0.000,0.000,D-16-2
000000000010000247,2000,SP02,3.000,0.000,0.000,E-12-5
000000000010000248,4000,SP04,1.000,0.000,0.000,D-17-5
000000000080000059,4000,SP04,2.000,0.000,0.000,E-16-1
000000000030000050,3000,SP03,3.000,0.000,0.000,B-10-2
000000000010000249,1000,SP01,21.000,0.000,0.000,E-18-5
000000000080000060,2000,SP02,3.000,0.000,0.000,A-09-1
000000000080000060,3000,SP03,18.000,0.000,0.000,E-01-1
000000000080000061,2000,SP02,9.000,0.000,0.000,E-10-3
000000000080000062,1000,SP01,5.000,0.000,0.000,A-09-3
000000000010000250,3000,SP03,7.000,0.000,0.000,C-12-6
000000000080000063,1000,SP01,6.000,0.000,0.000,E-24-6
000000000080000063,2000,SP02,5.000,0.000,0.000,D-09-3
000000000010000251,1000,SP01,4.000,0.000,0.000,B-15-3
000000000010000252,4000,SP04,15.000,0.000,0.000,D-10-5
000000000010000252,3000,SP03,22.000,0.000,0.000,E-13-5
000000000010000253,2000,SP02,103.000,0.000,0.000,B-03-1
000000000030000051,1000,SP01,4.000,0.000,0.000,E-01-1
000000000010000254,2000,SP02,19.000,0.000,0.000,B-16-6
000000000010000255,3000,SP03,4.000,0.000,0.000,D-16-3
000000000010000256,3000,SP03,48.000,0.000,0.000,E-16-1
000000000090000015,2000,SP02,21.000,0.000,0.000,A-03-4
000000000090000015,4000,SP04,36.000,0.000,0.000,C-24-6
000000000030000052,1000,SP01,2.000,0.000,0.000,D-23-5
000000000010000257,1000,SP01,9.000,0.000,0.000,B-16-1
000000000010000258,2000,SP02,0.000,0.000,0.000,D-07-6
000000000010000259,2000,SP02,3.000,0.000,0.000,D-10-4
000000000010000259,4000,SP04,5.000,0.000,0.000,C-23-5
000000000080000064,1000,SP01,9.000,0.000,0.000,B-10-2
000000000010000260,3000,SP03,36.000,0.000,0.000,B-15-3
000000000080000065,1000,SP01,2.000,0.000,0.000,E-07-3
000000000080000065,4000,SP04,7.000,0.000,0.000,B-05-4
000000000010000261,4000,SP04,0.000,0.000,0.000,B-01-1
000000000010000262,4000,SP04,0.000,0.000,0.000,E-12-4
000000000010000262,3000,SP03,0.000,0.000,0.000,C-18-4
000000000010000263,3000,SP03,0.000,0.000,0.000,A-23-2
000000000010000264,2000,SP02,6.000,0.000,0.000,D-04-6
000000000010000265,1000,SP01,32.000,0.000,0.000,E-09-6
000000000010000266,1000,SP01,21.000,0.000,0.000,A-05-3
000000000030000053,1000,SP01,0.000,0.000,0.000,A-24-3
000000000080000066,1000,SP01,5.000,0.000,0.000,E-23-4
000000000030000054,3000,SP03,0.000,0.000,0.000,E-08-1
000000000030000055,4000,SP04,4.000,0.000,0.000,B-02-2
000000000030000055,1000,SP01,2.000,0.000,0.000,C-07-1
000000000010000267,3000,SP03,4.000,0.000,0.000,E-02-6
000000000030000056,2000,SP02,5.000,0.000,0.000,E-19-1
000000000010000268,4000,SP04,6.000,0.000,0.000,A-03-3
000000000010000269,2000,SP02,45.000,0.000,0.000,C-13-6
000000000080000067,4000,SP04,13.000,0.000,0.000,E-10-1
000000000080000068,1000,SP01,9.000,0.000,0.000,D-02-6
000000000080000068,4000,SP04,13.000,0.000,0.000,A-15-2
000000000010000270,4000,SP04,0.000,0.000,0.000,A-05-2
000000000010000271,1000,SP01,0.000,0.000,0.000,D-08-2
000000000010000272,3000,SP03,0.000,0.000,0.000,A-20-1
000000000010000272,2000,SP02,69.000,0.000,0.000,E-06-4
000000000010000273,2000,SP02,0.000,0.000,0.000,E-03-5
000000000010000273,1000,SP01,0.000,0.000,0.000,B-11-4
000000000030000057,4000,SP04,5.000,0.000,0.000,C-11-6
000000000030000058,2000,SP02,1.000,0.000,0.000,B-14-4
000000000010000274,3000,SP03,7.000,0.000,0.000,A-19-1
000000000080000069,2000,SP02,4.000,0.000,0.000,C-24-1
000000000080000069,1000,SP01,4.000,0.000,0.000,D-24-6
000000000080000070,2000,SP02,7.000,0.000,0.000,A-15-6
000000000010000275,3000,SP03,7.000,0.000,0.000,D-16-3
000000000030000059,4000,SP04,0.000,0.000,0.000,A-16-1
000000000030000060,3000,SP03,6.000,0.000,0.000,A-12-5
000000000010000276,1000,SP01,0.000,0.000,0.000,A-07-5
000000000010000276,2000,SP02,0.000,0.000,0.000,D-06-6
000000000010000277,1000,SP01,18.000,0.000,0.000,C-17-1
000000000010000277,3000,SP03,11.000,0.000,0.000,C-04-4
000000000010000278,2000,SP02,9.000,0.000,0.000,E-23-2
000000000010000278,4000,SP04,3.000,0.000,0.000,A-03-6
000000000010000279,4000,SP04,5.000,0.000,0.000,D-15-1
000000000010000280,2000,SP02,0.000,0.000,0.000,E-14-6
000000000010000280,1000,SP01,0.000,0.000,0.000,D-07-2
000000000010000281,2000,SP02,0.000,0.000,0.000,D-14-5
000000000010000282,1000,SP01,46.000,0.000,0.000,B-18-4
000000000030000061,4000,SP04,10.000,0.000,0.000,A-18-1
000000000010000283,3000,SP03,4.000,0.000,0.000,D-11-4
000000000010000284,2000,SP02,0.000,0.000,0.000,A-17-3
000000000010000285,3000,SP03,4.000,0.000,0.000,A-01-2
000000000080000071,3000,SP03,4.000,0.000,0.000,C-04-6
000000000080000071,1000,SP01,8.000,0.000,0.000,A-06-6
000000000010000286,1000,SP01,44.000,0.000,0.000,E-04-3
000000000010000287,1000,SP01,96.000,0.000,0.000,A-08-3
000000000010000288,4000,SP04,11.000,0.000,0.000,D-10-2
000000000010000289,2000,SP02,0.000,0.000,0.000,C-09-6
000000000010000289,1000,SP01,0.000,0.000,0.000,A-10-4
000000000010000290,1000,SP01,15.000,0.000,0.000,D-10-5
000000000010000291,1000,SP01,3.000,0.000,0.000,E-21-5
000000000010000292,2000,SP02,0.000,0.000,0.000,B-18-4
000000000010000293,4000,SP04,0.000,0.000,0.000,A-24-1
000000000010000294,1000,SP01,3.000,0.000,0.000,D-07-3
000000000080000072,1000,SP01,2.000,0.000,0.000,C-23-2
000000000010000295,3000,SP03,5.000,0.000,0.000,C-10-3
000000000010000296,1000,SP01,84.000,0.000,0.000,A-07-1
000000000010000297,1000,SP01,0.000,0.000,0.000,A-18-5
000000000010000298,2000,SP02,55.000,0.000,0.000,E-04-6
000000000010000299,2000,SP02,56.000,0.000,0.000,A-14-6
000000000080000073,4000,SP04,3.000,0.000,0.000,B-23-4
000000000010000300,2000,SP02,20.000,0.000,0.000,B-03-4
000000000010000301,2000,SP02,0.000,0.000,0.000,B-14-2
000000000010000302,2000,SP02,275.000,0.000,0.000,D-01-1
000000000010000303,2000,SP02,14.000,0.000,0.000,B-15-6
000000000010000303,1000,SP01,2.000,0.000,0.000,E-17-2
000000000010000304,1000,SP01,4.000,0.000,0.000,A-19-2
000000000080000074,1000,SP01,3.000,1.000,0.000,E-24-4
000000000080000075,4000,SP04,7.000,0.000,0.000,E-23-4
000000000010000305,2000,SP02,0.000,0.000,0.000,D-04-2
000000000010000306,1000,SP01,0.000,0.000,0.000,B-21-6
000000000010000307,1000,SP01,0.000,0.000,0.000,D-21-3
000000000010000308,3000,SP03,11.000,0.000,0.000,E-02-4
000000000010000309,3000,SP03,3.000,0.000,0.000,A-13-1
000000000010000309,4000,SP04,9.000,0.000,0.000,B-10-1
000000000010000310,2000,SP02,0.000,0.000,0.000,A-18-6
000000000030000062,2000,SP02,0.000,0.000,0.000,C-14-5
000000000010000311,2000,SP02,0.000,0.000,0.000,A-10-3
000000000010000312,4000,SP04,0.000,0.000,0.000,A-24-4
000000000030000063,4000,SP04,3.000,0.000,0.000,B-22-4
000000000010000313,2000,SP02,4.000,0.000,0.000,B-14-6
000000000010000314,4000,SP04,8.000,0.000,0.000,D-10-5
000000000010000315,4000,SP04,10.000,0.000,0.000,C-23-4
000000000010000316,1000,SP01,7.000,0.000,0.000,C-11-3
000000000010000317,4000,SP04,17.000,0.000,0.000,A-24-3
000000000010000317,1000,SP01,3.000,0.000,0.000,E-06-3
000000000010000318,3000,SP03,0.000,0.000,0.000,A-16-6
000000000010000319,1000,SP01,6.000,0.000,0.000,B-11-5
000000000010000319,4000,SP04,11.000,0.000,0.000,E-24-3
000000000030000064,4000,SP04,6.000,0.000,0.000,B-09-4
000000000030000064,1000,SP01,2.000,0.000,0.000,C-21-5
000000000010000320,3000,SP03,1.000,0.000,0.000,C-06-1
000000000010000320,2000,SP02,2.000,0.000,0.000,E-22-3
000000000030000065,4000,SP04,0.000,0.000,0.000,B-07-4
000000000010000321,1000,SP01,2.000,0.000,0.000,E-24-4
000000000010000322,1000,SP01,0.000,0.000,0.000,B-07-2
000000000030000066,3000,SP03,3.000,0.000,0.000,C-19-2
000000000010000323,1000,SP01,1.000,0.000,0.000,C-09-1
000000000010000324,3000,SP03,1.000,0.000,0.000,E-10-3
000000000030000067,1000,SP01,0.000,0.000,0.000,B-12-6
000000000010000325,3000,SP03,0.000,0.000,0.000,D-08-4
000000000010000326,4000,SP04,0.000,0.000,0.000,D-02-2
000000000010000327,4000,SP04,10.000,0.000,0.000,D-13-3
000000000030000068,1000,SP01,2.000,0.000,0.000,D-11-1
000000000010000328,4000,SP04,51.000,0.000,0.000,E-19-2
000000000010000329,1000,SP01,170.000,0.000,0.000,D-13-2
000000000030000069,3000,SP03,2.000,0.000,0.000,E-12-3
000000000030000069,4000,SP04,0.000,0.000,0.000,B-13-3
000000000010000330,4000,SP04,2.000,0.000,0.000,A-13-2
000000000010000330,2000,SP02,5.000,0.000,0.000,C-10-3
000000000010000331,4000,SP04,10.000,0.000,0.000,D-20-3
000000000010000332,3000,SP03,1.000,0.000,0.000,C-19-2
000000000010000333,3000,SP03,2.000,0.000,0.000,C-14-3
000000000080000076,1000,SP01,7.000,0.000,0.000,B-11-6
000000000010000334,2000,SP02,0.000,0.000,0.000,A-15-2
000000000010000334,1000,SP01,0.000,0.000,0.000,E-18-2
000000000010000335,2000,SP02,12.000,0.000,0.000,C-07-2
000000000090000016,4000,SP04,29.000,0.000,0.000,A-09-4
000000000010000336,2000,SP02,1.000,0.000,0.000,E-06-2
000000000030000070,1000,SP01,2.000,0.000,0.000,A-09-4
000000000010000337,1000,SP01,1.000,0.000,0.000,A-07-4
000000000080000077,2000,SP02,6.000,1.000,0.000,B-17-3
000000000030000071,3000,SP03,4.000,0.000,0.000,B-06-2
000000000010000338,4000,SP04,34.000,0.000,0.000,D-08-4
000000000010000338,1000,SP01,68.000,0.000,0.000,C-08-4
000000000080000078,4000,SP04,0.000,0.000,0.000,B-07-3
000000000010000339,4000,SP04,2.000,0.000,0.000,C-04-2
000000000010000340,3000,SP03,7.000,0.000,0.000,D-18-2
000000000010000341,3000,SP03,190.000,0.000,0.000,C-03-3
000000000010000341,4000,SP04,6.000,0.000,0.000,E-21-1
000000000010000342,1000,SP01,0.000,0.000,0.000,D-13-6
000000000010000342,3000,SP03,0.000,0.000,0.000,B-12-6
000000000010000343,1000,SP01,83.000,0.000,0.000,E-18-3
000000000010000344,4000,SP04,7.000,0.000,0.000,A-02-6
000000000010000345,4000,SP04,4.000,0.000,0.000,C-07-4
000000000010000346,4000,SP04,6.000,0.000,0.000,B-17-5
000000000080000079,2000,SP02,14.000,0.000,0.000,A-04-3
000000000080000079,4000,SP04,4.000,1.000,0.000,E-19-6
000000000010000347,4000,SP04,1.000,0.000,0.000,E-18-1
000000000010000347,3000,SP03,2.000,0.000,0.000,B-23-3
000000000010000348,3000,SP03,4.000,0.000,0.000,E-15-1
000000000010000349,4000,SP04,32.000,0.000,0.000,A-01-2
000000000030000072,4000,SP04,2.000,0.000,0.000,A-14-3
000000000010000350,2000,SP02,15.000,0.000,0.000,B-05-3
000000000010000351,3000,SP03,50.000,0.000,0.000,E-08-1
000000000010000352,1000,SP01,0.000,0.000,0.000,A-19-1
000000000010000353,3000,SP03,4.000,0.000,0.000,B-02-3
000000000010000354,2000,SP02,1.000,0.000,0.000,C-20-6
000000000030000073,4000,SP04,0.000,0.000,0.000,B-11-4
000000000030000073,3000,SP03,2.000,0.000,0.000,D-15-4
000000000010000355,4000,SP04,243.000,0.000,0.000,B-03-5
000000000010000356,2000,SP02,47.000,0.000,0.000,A-14-2
000000000010000357,4000,SP04,4.000,0.000,0.000,C-07-3
000000000010000358,4000,SP04,6.000,0.000,0.000,B-20-2
000000000010000359,2000,SP02,12.000,0.000,0.000,D-22-1
000000000010000360,2000,SP02,91.000,0.000,0.000,C-16-1
000000000010000360,1000,SP01,47.000,0.000,0.000,C-01-3
000000000010000361,1000,SP01,144.000,0.000,0.000,C-11-3
000000000030000074,4000,SP04,3.000,0.000,0.000,E-24-1
000000000030000074,2000,SP02,0.000,0.000,0.000,A-23-6
000000000010000362,4000,SP04,62.000,0.000,0.000,D-12-5
000000000010000363,3000,SP03,79.000,0.000,0.000,B-06-6
000000000010000364,1000,SP01,0.000,0.000,0.000,C-15-1
000000000010000365,4000,SP04,0.000,0.000,0.000,D-05-3
000000000010000366,1000,SP01,11.000,0.000,0.000,D-23-5
000000000010000367,4000,SP04,0.000,0.000,0.000,A-04-6
000000000010000367,1000,SP01,0.000,0.000,0.000,C-10-3
000000000010000368,2000,SP02,2.000,0.000,0.000,A-15-3
000000000080000080,4000,SP04,1.000,0.000,0.000,E-23-1
000000000010000369,1000,SP01,51.000,0.000,0.000,A-19-2
000000000010000369,4000,SP04,66.000,0.000,0.000,A-23-3
000000000010000370,3000,SP03,236.000,0.000,0.000,D-14-4
000000000030000075,4000,SP04,0.000,0.000,0.000,C-23-1
000000000080000081,4000,SP04,4.000,0.000,0.000,D-24-3
000000000080000081,3000,SP03,0.000,0.000,0.000,A-15-6
000000000010000371,3000,SP03,0.000,0.000,0.000,B-04-6
000000000030000076,2000,SP02,0.000,0.000,0.000,B-13-6
000000000030000077,1000,SP01,1.000,0.000,0.000,B-21-2
000000000010000372,2000,SP02,11.000,0.000,0.000,C-09-6
000000000080000082,4000,SP04,3.000,1.000,0.000,A-15-1
000000000010000373,4000,SP04,12.000,0.000,0.000,B-02-5
000000000010000374,4000,SP04,11.000,0.000,0.000,D-06-4
000000000010000374,2000,SP02,2.000,0.000,0.000,D-24-1
000000000080000083,1000,SP01,11.000,0.000,0.000,D-18-2
000000000080000083,3000,SP03,5.000,0.000,0.000,B-24-4
000000000010000375,4000,SP04,1.000,0.000,0.000,B-12-4
000000000080000084,4000,SP04,14.000,0.000,0.000,B-02-6
000000000010000376,2000,SP02,6.000,0.000,0.000,D-17-5
000000000010000377,1000,SP01,0.000,0.000,0.000,E-14-3
000000000010000378,2000,SP02,2.000,0.000,0.000,D-10-4
000000000090000017,4000,SP04,33.000,0.000,0.000,E-19-4
000000000080000085,3000,SP03,12.000,0.000,0.000,A-16-6
000000000080000086,1000,SP01,1.000,1.000,0.000,B-20-6
000000000010000379,3000,SP03,1.000,0.000,0.000,C-11-6
000000000010000379,4000,SP04,1.000,0.000,0.000,D-12-2
000000000080000087,3000,SP03,12.000,0.000,0.000,A-04-5
000000000030000078,4000,SP04,3.000,0.000,0.000,B-13-4
000000000030000079,4000,SP04,2.000,0.000,0.000,E-02-6
000000000010000380,2000,SP02,16.000,0.000,0.000,C-07-3
000000000010000380,4000,SP04,28.000,0.000,0.000,D-09-4
000000000010000381,1000,SP01,24.000,0.000,0.000,D-12-3
000000000010000382,2000,SP02,0.000,0.000,0.000,C-17-1
000000000010000383,3000,SP03,83.000,0.000,0.000,C-07-1
000000000010000384,1000,SP01,11.000,0.000,0.000,D-22-1
000000000030000080,4000,SP04,1.000,0.000,0.000,D-23-2
000000000030000080,3000,SP03,0.000,0.000,0.000,B-12-6
000000000030000081,4000,SP04,0.000,0.000,0.000,B-13-4
000000000010000385,2000,SP02,142.000,0.000,0.000,B-13-5
000000000010000385,3000,SP03,52.000,0.000,0.000,E-22-5
000000000080000088,1000,SP01,3.000,1.000,0.000,D-08-2
000000000030000082,1000,SP01,3.000,0.000,0.000,C-19-2
000000000010000386,4000,SP04,53.000,0.000,0.000,B-15-5
000000000010000387,2000,SP02,0.000,0.000,0.000,C-16-3
000000000010000387,4000,SP04,0.000,0.000,0.000,A-21-2
000000000080000089,1000,SP01,3.000,0.000,0.000,A-22-5
000000000030000083,1000,SP01,3.000,0.000,0.000,D-02-4
000000000090000018,2000,SP02,23.000,0.000,0.000,D-21-3
000000000010000388,4000,SP04,1.000,0.000,0.000,E-22-3
000000000080000090,3000,SP03,0.000,0.000,0.000,E-03-3
000000000010000389,1000,SP01,0.000,0.000,0.000,E-16-5
000000000010000390,3000,SP03,2.000,0.000,0.000,A-22-3
000000000030000084,4000,SP04,0.000,0.000,0.000,E-05-2
000000000030000084,3000,SP03,2.000,0.000,0.000,D-15-6
000000000010000391,4000,SP04,6.000,0.000,0.000,C-23-3
000000000030000085,3000,SP03,4.000,0.000,0.000,C-13-6
000000000010000392,2000,SP02,17.000,0.000,0.000,E-19-2
000000000010000393,2000,SP02,3.000,0.000,0.000,B-04-1
000000000010000394,4000,SP04,0.000,0.000,0.000,E-07-4
000000000010000395,2000,SP02,2.000,0.000,0.000,E-23-4
000000000010000396,3000,SP03,8.000,0.000,0.000,A-09-4
000000000090000019,2000,SP02,37.000,0.000,0.000,B-16-6
000000000010000397,4000,SP04,13.000,0.000,0.000,A-11-1
000000000010000398,3000,SP03,0.000,0.000,0.000,E-24-4
000000000010000398,4000,SP04,0.000,0.000,0.000,E-13-1
000000000010000399,2000,SP02,14.000,0.000,0.000,E-07-4
000000000010000399,4000,SP04,6.000,0.000,0.000,A-02-5
000000000010000400,2000,SP02,4.000,0.000,0.000,D-22-1
000000000010000400,3000,SP03,7.000,0.000,0.000,A-05-3
000000000080000091,4000,SP04,16.000,0.000,0.000,E-10-3
000000000010000401,3000,SP03,0.000,0.000,0.000,C-14-6
000000000010000402,2000,SP02,4.000,0.000,0.000,C-22-5
000000000010000402,4000,SP04,11.000,0.000,0.000,B-18-6
000000000010000403,4000,SP04,0.000,0.000,0.000,D-12-6
000000000010000403,1000,SP01,27.000,0.000,0.000,B-01-6
000000000030000086,2000,SP02,4.000,0.000,0.000,D-22-5
000000000010000404,2000,SP02,9.000,0.000,0.000,C-21-3
000000000010000404,4000,SP04,7.000,0.000,0.000,C-05-6
000000000010000405,1000,SP01,96.000,0.000,0.000,C-02-3
000000000010000406,2000,SP02,2.000,0.000,0.000,B-23-4
000000000080000092,3000,SP03,3.000,0.000,0.000,A-03-3
000000000010000407,2000,SP02,38.000,0.000,0.000,A-22-4
000000000010000408,2000,SP02,4.000,0.000,0.000,A-06-2
000000000010000408,4000,SP04,13.000,0.000,0.000,D-02-6
000000000090000020,1000,SP01,22.000,0.000,0.000,A-01-4
000000000010000409,1000,SP01,22.000,0.000,0.000,C-15-1
000000000010000409,4000,SP04,10.000,0.000,0.000,D-23-3
000000000010000410,3000,SP03,0.000,0.000,0.000,C-09-2
000000000090000021,2000,SP02,13.000,0.000,0.000,D-11-5
000000000080000093,4000,SP04,42.000,0.000,0.000,C-04-4
000000000080000094,2000,SP02,12.000,0.000,0.000,C-15-5
000000000030000087,2000,SP02,2.000,0.000,0.000,A-24-1
000000000080000095,4000,SP04,5.000,1.000,0.000,A-17-1
000000000080000095,1000,SP01,17.000,0.000,0.000,B-07-6
000000000010000411,1000,SP01,15.000,0.000,0.000,B-01-2
000000000010000412,1000,SP01,109.000,0.000,0.000,A-20-1
000000000010000412,4000,SP04,41.000,0.000,0.000,E-02-3
000000000010000413,3000,SP03,2.000,0.000,0.000,C-24-2
000000000010000414,4000,SP04,148.000,0.000,0.000,D-07-5
000000000030000088,4000,SP04,1.000,0.000,0.000,D-20-4
000000000010000415,2000,SP02,16.000,0.000,0.000,C-21-1
000000000010000416,1000,SP01,61.000,0.000,0.000,C-07-1
000000000010000416,2000,SP02,62.000,0.000,0.000,A-08-4
000000000010000417,3000,SP03,17.000,0.000,0.000,E-16-1
000000000030000089,2000,SP02,3.000,0.000,0.000,C-19-1
000000000030000089,4000,SP04,2.000,0.000,0.000,D-09-2
000000000090000022,3000,SP03,26.000,0.000,0.000,C-14-3
000000000010000418,4000,SP04,4.000,0.000,0.000,D-03-4
000000000010000418,1000,SP01,3.000,0.000,0.000,B-13-5
000000000010000419,2000,SP02,0.000,0.000,0.000,C-04-1
000000000010000420,3000,SP03,1.000,0.000,0.000,D-23-1
000000000010000420,1000,SP01,2.000,0.000,0.000,D-14-1
000000000010000421,2000,SP02,0.000,0.000,0.000,B-20-4
000000000010000421,4000,SP04,0.000,0.000,0.000,B-13-2
000000000080000096,2000,SP02,10.000,0.000,0.000,A-15-4
000000000010000422,3000,SP03,16.000,0.000,0.000,E-05-1
000000000010000423,3000,SP03,4.000,0.000,0.000,A-16-1
000000000010000423,4000,SP04,3.000,0.000,0.000,B-04-6
000000000010000424,2000,SP02,0.000,0.000,0.000,A-23-4
000000000010000425,4000,SP04,3.000,0.000,0.000,A-18-2
000000000010000426,1000,SP01,4.000,0.000,0.000,E-09-4
000000000010000427,2000,SP02,162.000,0.000,0.000,D-22-1
000000000010000428,4000,SP04,1.000,0.000,0.000,A-15-3
000000000010000428,2000,SP02,2.000,0.000,0.000,C-09-5
000000000010000429,4000,SP04,0.000,0.000,0.000,E-15-2
000000000010000430,4000,SP04,8.000,0.000,0.000,D-11-6
000000000010000431,1000,SP01,17.000,0.000,0.000,A-21-6
000000000010000432,4000,SP04,15.000,0.000,0.000,E-21-5
000000000030000090,4000,SP04,4.000,0.000,0.000,E-21-6
000000000030000090,3000,SP03,1.000,0.000,0.000,D-13-4
000000000010000433,1000,SP01,10.000,0.000,0.000,E-19-3
000000000010000434,3000,SP03,0.000,0.000,0.000,C-21-1
000000000010000435,1000,SP01,4.000,0.000,0.000,C-24-2
000000000010000435,3000,SP03,3.000,0.000,0.000,D-18-4
000000000010000436,2000,SP02,40.000,0.000,0.000,A-05-6
000000000010000437,4000,SP04,137.000,0.000,0.000,D-10-2
000000000030000091,1000,SP01,0.000,0.000,0.000,C-12-2
000000000010000438,3000,SP03,1.000,0.000,0.000,B-11-3
000000000010000438,4000,SP04,1.000,0.000,0.000,E-21-2
000000000010000439,2000,SP02,5.000,0.000,0.000,C-20-3
000000000010000440,1000,SP01,0.000,0.000,0.000,A-08-2
000000000030000092,2000,SP02,4.000,0.000,0.000,A-14-4
000000000010000441,2000,SP02,16.000,0.000,0.000,D-09-2
000000000080000097,3000,SP03,3.000,1.000,0.000,C-01-2
000000000080000097,4000,SP04,1.000,0.000,0.000,B-15-5
000000000010000442,4000,SP04,18.000,0.000,0.000,A-03-4
000000000010000443,3000,SP03,23.000,0.000,0.000,B-14-2
000000000010000444,4000,SP04,1.000,0.000,0.000,A-24-5
000000000010000445,2000,SP02,0.000,0.000,0.000,D-12-6
000000000010000446,3000,SP03,74.000,0.000,0.000,D-13-4
000000000010000446,1000,SP01,116.000,0.000,0.000,E-06-5
000000000030000093,1000,SP01,4.000,0.000,0.000,B-07-6
000000000080000098,1000,SP01,13.000,0.000,0.000,D-03-5
000000000010000447,1000,SP01,0.000,0.000,0.000,D-09-6
000000000010000448,2000,SP02,1.000,0.000,0.000,D-24-3
000000000010000448,1000,SP01,8.000,0.000,0.000,E-17-6
000000000010000449,4000,SP04,6.000,0.000,0.000,B-11-3
000000000010000449,2000,SP02,7.000,0.000,0.000,C-21-6
000000000030000094,3000,SP03,1.000,0.000,0.000,D-21-5
000000000010000450,1000,SP01,15.000,0.000,0.000,C-24-4
000000000090000023,4000,SP04,9.000,0.000,0.000,A-18-3
000000000010000451,2000,SP02,79.000,0.000,0.000,D-24-5
000000000030000095,4000,SP04,0.000,0.000,0.000,A-06-2
000000000010000452,4000,SP04,69.000,0.000,0.000,B-21-2
000000000010000453,4000,SP04,0.000,0.000,0.000,D-15-4
000000000010000453,1000,SP01,0.000,0.000,0.000,D-11-3
000000000010000454,2000,SP02,6.000,0.000,0.000,A-17-5
000000000080000099,4000,SP04,2.000,0.000,0.000,B-19-4
000000000010000455,2000,SP02,9.000,0.000,0.000,E-16-4
000000000010000456,3000,SP03,5.000,0.000,0.000,B-05-5
000000000010000457,3000,SP03,0.000,0.000,0.000,C-07-1
000000000010000458,4000,SP04,0.000,0.000,0.000,E-08-1
000000000010000458,2000,SP02,0.000,0.000,0.000,A-05-1
000000000010000459,4000,SP04,0.000,0.000,0.000,D-07-3
000000000080000100,2000,SP02,23.000,0.000,0.000,C-01-3
000000000080000100,3000,SP03,10.000,0.000,0.000,E-21-1
000000000010000460,1000,SP01,0.000,0.000,0.000,B-19-4
000000000010000461,3000,SP03,0.000,0.000,0.000,D-23-5
000000000010000462,4000,SP04,25.000,0.000,0.000,D-18-1
000000000010000463,3000,SP03,0.000,0.000,0.000,D-04-4
000000000030000096,1000,SP01,3.000,0.000,0.000,A-03-3
000000000010000464,2000,SP02,0.000,0.000,0.000,D-17-4
000000000030000097,2000,SP02,3.000,0.000,0.000,B-23-3
000000000010000465,4000,SP04,3.000,0.000,0.000,A-05-2
000000000010000466,1000,SP01,0.000,0.000,0.000,A-20-4
000000000010000467,1000,SP01,0.000,0.000,0.000,E-03-4
000000000010000468,3000,SP03,0.000,0.000,0.000,E-24-5
000000000010000469,3000,SP03,199.000,0.000,0.000,D-02-5
000000000030000098,3000,SP03,0.000,0.000,0.000,A-02-2
000000000030000098,1000,SP01,2.000,0.000,0.000,E-20-6
000000000010000470,4000,SP04,11.000,0.000,0.000,C-19-3
000000000010000471,1000,SP01,89.000,0.000,0.000,A-21-5
000000000090000024,4000,SP04,15.000,0.000,0.000,B-11-3
000000000090000024,2000,SP02,24.000,0.000,0.000,A-06-2
000000000010000472,3000,SP03,67.000,0.000,0.000,C-17-3
000000000010000473,2000,SP02,4.000,0.000,0.000,A-20-6
000000000010000473,4000,SP04,3.000,0.000,0.000,D-18-1
000000000080000101,2000,SP02,9.000,1.000,0.000,C-23-4
000000000010000474,2000,SP02,0.000,0.000,0.000,E-17-6
000000000010000475,1000,SP01,3.000,0.000,0.000,E-18-4
000000000030000099,1000,SP01,7.000,0.000,0.000,B-18-5
000000000080000102,1000,SP01,9.000,0.000,0.000,C-08-4
000000000080000103,2000,SP02,3.000,0.000,0.000,E-21-3
000000000030000100,3000,SP03,5.000,0.000,0.000,A-17-6
000000000010000476,4000,SP04,23.000,0.000,0.000,C-01-4
000000000090000025,3000,SP03,27.000,0.000,0.000,E-13-5
000000000090000026,2000,SP02,35.000,0.000,0.000,E-23-5
000000000010000477,2000,SP02,6.000,0.000,0.000,C-21-5
000000000010000478,2000,SP02,0.000,0.000,0.000,A-15-5
000000000030000101,4000,SP04,3.000,0.000,0.000,D-16-5
000000000030000102,1000,SP01,4.000,0.000,0.000,B-13-3
000000000030000102,4000,SP04,3.000,0.000,0.000,C-12-3
000000000030000103,4000,SP04,0.000,0.000,0.000,D-03-1
000000000010000479,4000,SP04,0.000,0.000,0.000,D-11-2
000000000080000104,3000,SP03,10.000,0.000,0.000,E-13-3
000000000080000104,2000,SP02,24.000,0.000,0.000,C-05-1
000000000010000480,1000,SP01,2.000,0.000,0.000,A-20-1
000000000010000480,3000,SP03,1.000,0.000,0.000,E-14-1
000000000010000481,4000,SP04,2.000,0.000,0.000,C-10-6
000000000010000481,1000,SP01,0.000,0.000,0.000,B-07-4
000000000010000482,1000,SP01,19.000,0.000,0.000,C-16-6
000000000010000483,3000,SP03,11.000,0.000,0.000,D-23-6
000000000010000483,2000,SP02,5.000,0.000,0.000,E-20-6
000000000010000484,2000,SP02,12.000,0.000,0.000,E-20-3
000000000010000485,3000,SP03,1.000,0.000,0.000,C-21-3
000000000080000105,1000,SP01,2.000,0.000,0.000,B-02-1
000000000010000486,3000,SP03,40.000,0.000,0.000,E-08-6
000000000010000487,1000,SP01,0.000,0.000,0.000,D-04-6
000000000010000488,3000,SP03,20.000,0.000,0.000,B-23-4
000000000030000104,4000,SP04,0.000,0.000,0.000,C-13-2
000000000010000489,4000,SP04,0.000,0.000,0.000,B-13-5
000000000080000106,2000,SP02,3.000,0.000,0.000,E-18-4
000000000010000490,2000,SP02,8.000,0.000,0.000,E-15-2
000000000080000107,2000,SP02,8.000,0.000,0.000,E-03-6
000000000090000027,2000,SP02,31.000,0.000,0.000,A-16-4
000000000090000027,1000,SP01,29.000,0.000,0.000,D-08-6
000000000010000491,3000,SP03,16.000,0.000,0.000,B-06-6
000000000010000492,1000,SP01,21.000,0.000,0.000,D-11-4
000000000080000108,2000,SP02,5.000,1.000,0.000,C-12-3
000000000010000493,3000,SP03,9.000,0.000,0.000,E-05-6
000000000010000494,3000,SP03,0.000,0.000,0.000,C-14-3
000000000080000109,3000,SP03,18.000,0.000,0.000,B-13-4
000000000010000495,4000,SP04,0.000,0.000,0.000,A-20-6
000000000010000496,3000,SP03,2.000,0.000,0.000,D-13-3
000000000030000105,3000,SP03,4.000,0.000,0.000,C-13-1
000000000030000105,2000,SP02,0.000,0.000,0.000,B-03-5
000000000010000497,4000,SP04,2.000,0.000,0.000,B-07-3
000000000010000497,1000,SP01,3.000,0.000,0.000,D-17-6
000000000090000028,4000,SP04,36.000,0.000,0.000,E-09-4
000000000090000028,2000,SP02,18.000,0.000,0.000,A-01-6
000000000010000498,1000,SP01,93.000,0.000,0.000,E-12-5
000000000010000499,4000,SP04,1.000,0.000,0.000,E-17-3
000000000010000500,2000,SP02,8.000,0.000,0.000,C-06-3
000000000010000500,4000,SP04,8.000,0.000,0.000,E-07-2
000000000030000106,2000,SP02,1.000,0.000,0.000,E-18-6
000000000080000110,2000,SP02,5.000,0.000,0.000,C-17-2
000000000010000501,1000,SP01,0.000,0.000,0.000,D-06-6
000000000080000111,1000,SP01,10.000,0.000,0.000,A-10-3
000000000010000502,2000,SP02,103.000,0.000,0.000,E-19-5
000000000010000503,3000,SP03,80.000,0.000,0.000,A-10-5
000000000010000503,2000,SP02,0.000,0.000,0.000,C-18-6
000000000010000504,1000,SP01,7.000,0.000,0.000,C-14-1
000000000010000505,1000,SP01,73.000,0.000,0.000,A-22-2
000000000010000506,1000,SP01,5.000,0.000,0.000,E-17-2
000000000010000507,1000,SP01,93.000,0.000,0.000,A-16-1
000000000010000508,2000,SP02,2.000,0.000,0.000,C-08-2
000000000010000509,4000,SP04,0.000,0.000,0.000,D-03-1
000000000010000510,3000,SP03,0.000,0.000,0.000,D-23-1
000000000010000511,4000,SP04,0.000,0.000,0.000,D-10-6
000000000010000511,1000,SP01,0.000,0.000,0.000,E-14-5
000000000010000512,3000,SP03,0.000,0.000,0.000,A-06-6
000000000010000512,1000,SP01,1.000,0.000,0.000,E-21-4
000000000010000513,2000,SP02,0.000,0.000,0.000,E-11-5
000000000010000514,1000,SP01,8.000,0.000,0.000,E-06-2
000000000010000515,1000,SP01,0.000,0.000,0.000,B-21-4
000000000010000516,2000,SP02,0.000,0.000,0.000,B-11-4
000000000010000517,4000,SP04,2.000,0.000,0.000,D-17-6
000000000010000517,2000,SP02,1.000,0.000,0.000,D-11-6
000000000010000518,2000,SP02,38.000,0.000,0.000,B-15-5
000000000030000107,3000,SP03,4.000,0.000,0.000,D-09-2
000000000010000519,2000,SP02,1.000,0.000,0.000,B-03-3
000000000010000520,3000,SP03,36.000,0.000,0.000,C-24-5
000000000010000521,1000,SP01,147.000,0.000,0.000,D-23-6
000000000010000521,2000,SP02,0.000,0.000,0.000,A-19-1
000000000010000522,1000,SP01,0.000,0.000,0.000,E-10-4
000000000030000108,2000,SP02,3.000,0.000,0.000,C-17-3
000000000030000108,1000,SP01,4.000,0.000,0.000,C-13-6
000000000010000523,3000,SP03,36.000,0.000,0.000,C-23-4
000000000030000109,1000,SP01,3.000,0.000,0.000,D-12-1
000000000030000109,2000,SP02,11.000,0.000,0.000,D-21-1
000000000010000524,3000,SP03,22.000,0.000,0.000,E-24-1
000000000010000524,1000,SP01,2.000,0.000,0.000,C-22-6
000000000010000525,3000,SP03,0.000,0.000,0.000,C-01-2
000000000010000525,4000,SP04,0.000,0.000,0.000,E-20-2
000000000090000029,4000,SP04,14.000,0.000,0.000,A-15-3
000000000080000112,4000,SP04,11.000,0.000,0.000,D-06-3
000000000080000112,1000,SP01,5.000,0.000,0.000,B-10-5
000000000010000526,1000,SP01,8.000,0.000,0.000,B-17-2
000000000010000527,2000,SP02,0.000,0.000,0.000,C-20-5
000000000010000528,1000,SP01,1.000,0.000,0.000,B-19-2
000000000010000529,1000,SP01,1.000,0.000,0.000,B-04-2
000000000080000113,3000,SP03,11.000,0.000,0.000,C-17-1
000000000010000530,1000,SP01,0.000,0.000,0.000,B-16-4
000000000010000531,3000,SP03,64.000,0.000,0.000,C-06-1
000000000010000531,4000,SP04,60.000,0.000,0.000,A-11-4
000000000080000114,2000,SP02,1.000,0.000,0.000,D-19-4
000000000010000532,3000,SP03,5.000,0.000,0.000,D-07-4
000000000030000110,2000,SP02,1.000,0.000,0.000,A-21-1
000000000010000533,3000,SP03,19.000,0.000,0.000,E-17-3
000000000010000534,2000,SP02,139.000,0.000,0.000,B-05-4
000000000010000535,1000,SP01,3.000,0.000,0.000,B-01-3
000000000010000536,4000,SP04,2.000,0.000,0.000,C-07-3
000000000010000536,3000,SP03,11.000,0.000,0.000,A-11-1
000000000010000537,1000,SP01,96.000,0.000,0.000,D-21-4
000000000080000115,3000,SP03,18.000,0.000,0.000,C-03-5
000000000010000538,1000,SP01,19.000,0.000,0.000,D-07-1
000000000090000030,1000,SP01,19.000,0.000,0.000,A-07-6
000000000010000539,1000,SP01,1.000,0.000,0.000,E-18-1
000000000010000539,2000,SP02,1.000,0.000,0.000,C-11-6
000000000010000540,1000,SP01,0.000,0.000,0.000,D-18-1
000000000030000111,3000,SP03,0.000,0.000,0.000,B-18-3
000000000010000541,1000,SP01,17.000,0.000,0.000,C-15-3
000000000010000541,3000,SP03,5.000,0.000,0.000,A-13-1
000000000030000112,2000,SP02,1.000,0.000,0.000,B-20-6
000000000080000116,1000,SP01,4.000,0.000,0.000,B-05-2
000000000010000542,4000,SP04,72.000,0.000,0.000,D-10-1
000000000030000113,4000,SP04,2.000,0.000,0.000,A-18-3
000000000030000114,3000,SP03,6.000,0.000,0.000,A-24-1
000000000010000543,3000,SP03,6.000,0.000,0.000,A-02-6
000000000080000117,4000,SP04,3.000,0.000,0.000,B-23-1
000000000010000544,1000,SP01,0.000,0.000,0.000,B-20-6
000000000010000544,3000,SP03,0.000,0.000,0.000,D-16-2
000000000030000115,3000,SP03,4.000,0.000,0.000,D-07-1
000000000030000116,1000,SP01,3.000,0.000,0.000,B-20-1
000000000010000545,4000,SP04,0.000,0.000,0.000,B-12-3
000000000010000546,4000,SP04,261.000,0.000,0.000,C-08-5
000000000010000546,3000,SP03,12.000,0.000,0.000,A-10-6
000000000010000547,2000,SP02,2.000,0.000,0.000,C-02-1
000000000010000548,4000,SP04,6.000,0.000,0.000,C-16-2
000000000080000118,3000,SP03,5.000,1.000,0.000,B-06-1
000000000010000549,4000,SP04,5.000,0.000,0.000,A-22-5
000000000010000550,1000,SP01,9.000,0.000,0.000,B-23-2
000000000030000117,4000,SP04,1.000,0.000,0.000,A-09-5
000000000010000551,1000,SP01,0.000,0.000,0.000,B-06-6
000000000010000552,1000,SP01,2.000,0.000,0.000,C-02-1
000000000010000553,1000,SP01,4.000,0.000,0.000,B-16-4
000000000030000118,4000,SP04,1.000,0.000,0.000,B-01-6
000000000010000554,4000,SP04,0.000,0.000,0.000,C-08-1
000000000030000119,3000,SP03,4.000,0.000,0.000,C-12-4
000000000030000120,3000,SP03,6.000,0.000,0.000,E-15-3
000000000010000555,1000,SP01,0.000,0.000,0.000,B-19-5
000000000010000556,3000,SP03,0.000,0.000,0.000,E-15-4
000000000010000556,2000,SP02,0.000,0.000,0.000,D-09-5
000000000080000119,4000,SP04,3.000,0.000,0.000,E-23-3
000000000010000557,3000,SP03,0.000,0.000,0.000,C-07-3
000000000010000557,4000,SP04,0.000,0.000,0.000,E-19-1
000000000030000121,3000,SP03,0.000,0.000,0.000,A-22-5
000000000010000558,2000,SP02,0.000,0.000,0.000,B-01-1
000000000010000559,2000,SP02,0.000,0.000,0.000,C-08-2
000000000080000120,1000,SP01,0.000,0.000,0.000,E-01-1
000000000030000122,3000,SP03,0.000,0.000,0.000,B-03-5
000000000080000121,3000,SP03,1.000,0.000,0.000,C-21-4
000000000010000560,2000,SP02,165.000,0.000,0.000,B-09-4
000000000080000122,2000,SP02,5.000,0.000,0.000,A-13-6
000000000080000122,3000,SP03,2.000,1.000,0.000,A-01-1
000000000010000561,4000,SP04,3.000,0.000,0.000,A-23-2
000000000090000031,2000,SP02,6.000,0.000,0.000,B-07-3
000000000030000123,1000,SP01,0.000,0.000,0.000,E-15-1
000000000030000123,4000,SP04,2.000,0.000,0.000,E-07-6
000000000010000562,4000,SP04,2.000,0.000,0.000,A-04-6
000000000010000562,2000,SP02,0.000,0.000,0.000,C-24-4
000000000080000123,2000,SP02,1.000,0.000,0.000,B-15-5
000000000030000124,3000,SP03,2.000,0.000,0.000,B-11-2
000000000010000563,3000,SP03,12.000,0.000,0.000,A-18-6
000000000080000124,2000,SP02,11.000,0.000,0.000,D-11-2
000000000080000125,2000,SP02,4.000,1.000,0.000,C-04-3
000000000010000564,1000,SP01,8.000,0.000,0.000,D-15-4
000000000010000565,3000,SP03,16.000,0.000,0.000,B-23-3
000000000080000126,1000,SP01,0.000,0.000,0.000,C-13-4
000000000080000127,4000,SP04,2.000,0.000,0.000,C-05-6
000000000010000566,1000,SP01,4.000,0.000,0.000,D-07-6
000000000080000128,2000,SP02,3.000,0.000,0.000,B-07-2
000000000010000567,3000,SP03,4.000,0.000,0.000,C-13-3
000000000010000568,3000,SP03,14.000,0.000,0.000,D-13-2
000000000010000568,1000,SP01,12.000,0.000,0.000,D-20-1
000000000080000129,2000,SP02,0.000,0.000,0.000,D-22-2
000000000010000569,4000,SP04,26.000,0.000,0.000,E-04-1
000000000010000569,2000,SP02,89.000,0.000,0.000,E-12-1
000000000010000570,2000,SP02,2.000,0.000,0.000,D-04-1
000000000010000571,4000,SP04,4.000,0.000,0.000,A-15-5
000000000010000571,2000,SP02,3.000,0.000,0.000,D-05-1
000000000010000572,1000,SP01,194.000,0.000,0.000,E-11-4
000000000010000573,3000,SP03,3.000,0.000,0.000,D-03-1
000000000010000574,1000,SP01,1.000,0.000,0.000,A-23-4
000000000010000575,2000,SP02,10.000,0.000,0.000,E-13-5
000000000010000575,4000,SP04,28.000,0.000,0.000,D-18-3
000000000010000576,4000,SP04,0.000,0.000,0.000,E-01-4
000000000030000125,3000,SP03,4.000,0.000,0.000,A-09-2
000000000030000125,1000,SP01,3.000,0.000,0.000,E-16-3
000000000010000577,3000,SP03,4.000,0.000,0.000,A-19-2
000000000080000130,1000,SP01,3.000,0.000,0.000,D-18-5
000000000010000578,1000,SP01,0.000,0.000,0.000,E-24-6
000000000010000579,2000,SP02,14.000,0.000,0.000,B-21-2
000000000010000580,1000,SP01,213.000,0.000,0.000,D-11-6
000000000030000126,1000,SP01,0.000,0.000,0.000,A-08-4
000000000010000581,1000,SP01,10.000,0.000,0.000,D-24-3
000000000010000582,1000,SP01,204.000,0.000,0.000,B-11-6
000000000010000583,2000,SP02,0.000,0.000,0.000,C-14-3
000000000010000584,4000,SP04,3.000,0.000,0.000,B-14-5
000000000010000584,3000,SP03,4.000,0.000,0.000,B-15-3
000000000010000585,2000,SP02,234.000,0.000,0.000,A-07-3
000000000010000585,4000,SP04,99.000,0.000,0.000,C-22-5
000000000010000586,3000,SP03,4.000,0.000,0.000,B-12-5
000000000010000586,1000,SP01,6.000,0.000,0.000,A-07-1
000000000030000127,2000,SP02,3.000,0.000,0.000,D-12-3
000000000080000131,4000,SP04,5.000,0.000,0.000,A-07-6
000000000080000131,3000,SP03,6.000,0.000,0.000,A-02-4
000000000010000587,3000,SP03,0.000,0.000,0.000,C-07-4
000000000010000587,4000,SP04,0.000,0.000,0.000,A-05-2
000000000090000032,3000,SP03,8.000,0.000,0.000,C-12-6
000000000090000032,2000,SP02,32.000,0.000,0.000,C-09-2
000000000010000588,3000,SP03,0.000,0.000,0.000,A-18-4
000000000080000132,3000,SP03,8.000,1.000,0.000,A-01-3
000000000080000132,2000,SP02,4.000,1.000,0.000,C-14-5
000000000010000589,1000,SP01,70.000,0.000,0.000,A-23-4
000000000010000590,3000,SP03,73.000,0.000,0.000,E-18-1
000000000030000128,4000,SP04,10.000,0.000,0.000,E-12-2
000000000030000128,3000,SP03,3.000,0.000,0.000,A-16-3
000000000030000129,2000,SP02,2.000,0.000,0.000,E-11-1
000000000010000591,2000,SP02,0.000,0.000,0.000,A-05-3
000000000010000591,1000,SP01,0.000,0.000,0.000,D-14-6
000000000010000592,1000,SP01,3.000,0.000,0.000,B-16-2
000000000080000133,4000,SP04,3.000,1.000,0.000,B-13-4
000000000010000593,2000,SP02,2.000,0.000,0.000,D-05-5
000000000010000594,2000,SP02,25.000,0.000,0.000,B-18-5
000000000030000130,4000,SP04,1.000,0.000,0.000,C-16-5
000000000030000130,2000,SP02,3.000,0.000,0.000,D-09-4
000000000030000131,3000,SP03,1.000,0.000,0.000,D-14-2
000000000010000595,3000,SP03,0.000,0.000,0.000,C-13-4
000000000010000596,2000,SP02,17.000,0.000,0.000,A-08-1
000000000030000132,1000,SP01,17.000,0.000,0.000,D-23-2
000000000030000132,3000,SP03,6.000,0.000,0.000,A-19-3
000000000010000597,1000,SP01,0.000,0.000,0.000,C-12-2
000000000010000597,4000,SP04,0.000,0.000,0.000,C-20-5
000000000030000133,4000,SP04,2.000,0.000,0.000,D-02-6
000000000080000134,3000,SP03,14.000,0.000,0.000,D-16-3
000000000010000598,4000,SP04,24.000,0.000,0.000,D-19-2
000000000090000033,3000,SP03,27.000,0.000,0.000,B-02-6
000000000030000134,2000,SP02,0.000,0.000,0.000,D-21-6
000000000010000599,2000,SP02,68.000,0.000,0.000,C-02-2
000000000010000600,2000,SP02,189.000,0.000,0.000,D-11-3
000000000080000135,3000,SP03,9.000,1.000,0.000,E-15-5
000000000080000135,4000,SP04,22.000,0.000,0.000,B-06-1
000000000080000136,1000,SP01,5.000,0.000,0.000,D-19-3
000000000080000136,4000,SP04,6.000,1.000,0.000,D-07-4
000000000010000601,2000,SP02,3.000,0.000,0.000,C-04-3
000000000010000602,4000,SP04,97.000,0.000,0.000,B-24-2
000000000010000602,2000,SP02,38.000,0.000,0.000,D-05-5
000000000010000603,2000,SP02,2.000,0.000,0.000,A-05-2
000000000010000603,4000,SP04,1.000,0.000,0.000,B-24-3
000000000010000604,4000,SP04,0.000,0.000,0.000,E-04-2
000000000010000605,4000,SP04,0.000,0.000,0.000,E-22-4
000000000010000605,2000,SP02,0.000,0.000,0.000,D-21-3
000000000010000606,4000,SP04,0.000,0.000,0.000,D-18-3
000000000010000607,1000,SP01,1.000,0.000,0.000,B-07-4
000000000080000137,2000,SP02,7.000,0.000,0.000,B-11-2
000000000080000138,1000,SP01,2.000,0.000,0.000,B-24-3
000000000080000139,2000,SP02,0.000,0.000,0.000,E-02-2
000000000080000139,1000,SP01,16.000,0.000,0.000,B-15-3
000000000030000135,4000,SP04,0.000,0.000,0.000,D-16-6
000000000010000608,1000,SP01,16.000,0.000,0.000,D-17-1
000000000010000609,1000,SP01,0.000,0.000,0.000,D-08-5
000000000010000609,2000,SP02,0.000,0.000,0.000,B-11-3
000000000080000140,4000,SP04,0.000,0.000,0.000,A-16-3
000000000010000610,4000,SP04,7.000,0.000,0.000,A-15-4
000000000030000136,3000,SP03,4.000,0.000,0.000,E-04-3
000000000080000141,1000,SP01,2.000,0.000,0.000,E-23-4
000000000010000611,4000,SP04,10.000,0.000,0.000,E-16-4
000000000010000612,4000,SP04,27.000,0.000,0.000,A-23-6
000000000010000612,1000,SP01,11.000,0.000,0.000,D-24-3
000000000080000142,3000,SP03,5.000,1.000,0.000,D-13-2
000000000030000137,3000,SP03,0.000,0.000,0.000,C-08-4
000000000010000613,3000,SP03,6.000,0.000,0.000,B-15-2
000000000010000614,2000,SP02,8.000,0.000,0.000,D-12-4
000000000010000615,3000,SP03,1.000,0.000,0.000,D-21-4
000000000090000034,3000,SP03,27.000,0.000,0.000,E-11-5
000000000090000034,1000,SP01,22.000,0.000,0.000,B-08-1
000000000080000143,2000,SP02,5.000,0.000,0.000,E-06-3
000000000010000616,2000,SP02,18.000,0.000,0.000,C-03-4
000000000010000616,1000,SP01,9.000,0.000,0.000,B-11-4
000000000010000617,1000,SP01,2.000,0.000,0.000,A-14-3
000000000010000617,3000,SP03,10.000,0.000,0.000,C-20-6
000000000080000144,2000,SP02,22.000,0.000,0.000,A-04-2
000000000010000618,4000,SP04,9.000,0.000,0.000,B-01-1
000000000010000618,3000,SP03,4.000,0.000,0.000,A-18-4
000000000080000145,1000,SP01,15.000,1.000,0.000,C-05-4
000000000030000138,4000,SP04,2.000,0.000,0.000,B-12-6
000000000010000619,4000,SP04,0.000,0.000,0.000,D-07-1
000000000010000620,1000,SP01,0.000,0.000,0.000,D-01-5
000000000010000621,1000,SP01,0.000,0.000,0.000,B-20-1
000000000010000622,1000,SP01,6.000,0.000,0.000,E-10-6
000000000010000623,4000,SP04,1.000,0.000,0.000,D-20-6
000000000010000624,2000,SP02,16.000,0.000,0.000,E-07-2
000000000030000139,3000,SP03,1.000,0.000,0.000,B-10-2
000000000010000625,3000,SP03,12.000,0.000,0.000,D-08-4
000000000010000626,1000,SP01,53.000,0.000,0.000,D-05-3
000000000010000627,2000,SP02,5.000,0.000,0.000,B-17-2
000000000010000628,4000,SP04,0.000,0.000,0.000,B-10-2
000000000090000035,2000,SP02,16.000,0.000,0.000,B-16-5
000000000010000629,1000,SP01,33.000,0.000,0.000,B-18-5
000000000010000629,4000,SP04,4.000,0.000,0.000,C-03-4
000000000030000140,3000,SP03,1.000,0.000,0.000,B-10-1
000000000010000630,1000,SP01,0.000,0.000,0.000,B-23-2
000000000010000631,1000,SP01,3.000,0.000,0.000,E-11-5
000000000080000146,1000,SP01,13.000,0.000,0.000,A-08-4
000000000080000146,3000,SP03,22.000,1.000,0.000,A-23-1
000000000030000141,3000,SP03,1.000,0.000,0.000,C-22-5
000000000030000141,2000,SP02,0.000,0.000,0.000,D-15-1
000000000080000147,2000,SP02,2.000,0.000,0.000,D-13-6
000000000090000036,3000,SP03,24.000,0.000,0.000,A-09-4
000000000090000036,2000,SP02,19.000,0.000,0.000,C-01-1
000000000080000148,4000,SP04,8.000,0.000,0.000,C-20-4
000000000010000632,1000,SP01,0.000,0.000,0.000,C-02-5
000000000010000633,1000,SP01,1.000,0.000,0.000,E-21-1
000000000010000633,4000,SP04,4.000,0.000,0.000,D-21-5
000000000030000142,1000,SP01,3.000,0.000,0.000,B-09-1
000000000030000142,4000,SP04,4.000,0.000,0.000,C-03-2
000000000080000149,2000,SP02,2.000,0.000,0.000,E-23-3
000000000030000143,2000,SP02,0.000,0.000,0.000,B-06-3
000000000030000143,3000,SP03,4.000,0.000,0.000,C-04-1
000000000010000634,1000,SP01,10.000,0.000,0.000,D-13-3
000000000010000635,2000,SP02,0.000,0.000,0.000,E-15-6
000000000090000037,3000,SP03,21.000,0.000,0.000,A-21-5
000000000030000144,3000,SP03,5.000,0.000,0.000,B-12-1
000000000010000636,1000,SP01,0.000,0.000,0.000,B-19-1
000000000010000637,2000,SP02,7.000,0.000,0.000,C-10-3
000000000010000638,1000,SP01,127.000,0.000,0.000,E-15-5
000000000010000638,4000,SP04,295.000,0.000,0.000,E-07-4
000000000010000639,1000,SP01,14.000,0.000,0.000,B-03-3
000000000010000640,4000,SP04,14.000,0.000,0.000,C-09-5
000000000010000641,2000,SP02,8.000,0.000,0.000,C-13-1
000000000080000150,4000,SP04,8.000,0.000,0.000,A-20-6
000000000010000642,2000,SP02,239.000,0.000,0.000,C-08-6
000000000010000643,2000,SP02,5.000,0.000,0.000,D-21-3
000000000080000151,1000,SP01,6.000,0.000,0.000,A-02-3
000000000080000151,2000,SP02,4.000,0.000,0.000,C-13-4
000000000010000644,1000,SP01,81.000,0.000,0.000,E-08-5
000000000010000645,3000,SP03,3.000,0.000,0.000,D-10-2
000000000030000145,3000,SP03,0.000,0.000,0.000,B-14-4
000000000030000145,4000,SP04,1.000,0.000,0.000,A-11-6
000000000010000646,3000,SP03,4.000,0.000,0.000,B-01-5
000000000030000146,4000,SP04,5.000,0.000,0.000,A-15-2
000000000010000647,2000,SP02,0.000,0.000,0.000,B-12-3
000000000080000152,1000,SP01,7.000,0.000,0.000,B-02-1
000000000010000648,1000,SP01,5.000,0.000,0.000,A-05-3
000000000010000649,1000,SP01,3.000,0.000,0.000,B-16-2
000000000010000650,4000,SP04,90.000,0.000,0.000,E-19-4
000000000010000651,2000,SP02,2.000,0.000,0.000,B-14-4
000000000010000652,4000,SP04,8.000,0.000,0.000,E-14-5
000000000010000652,1000,SP01,5.000,0.000,0.000,A-06-6
000000000010000653,3000,SP03,50.000,0.000,0.000,A-04-2
000000000010000654,3000,SP03,3.000,0.000,0.000,D-13-5
000000000010000654,1000,SP01,4.000,0.000,0.000,D-09-3
000000000010000655,3000,SP03,5.000,0.000,0.000,E-17-4
000000000010000656,4000,SP04,6.000,0.000,0.000,E-08-3
000000000010000656,2000,SP02,5.000,0.000,0.000,C-04-5
000000000010000657,3000,SP03,55.000,0.000,0.000,E-01-3
000000000010000658,1000,SP01,57.000,0.000,0.000,B-20-1
000000000010000659,3000,SP03,7.000,0.000,0.000,A-24-3
000000000010000659,2000,SP02,0.000,0.000,0.000,E-06-4
000000000010000660,3000,SP03,0.000,0.000,0.000,D-06-3
000000000010000661,4000,SP04,131.000,0.000,0.000,A-14-3
000000000010000662,1000,SP01,0.000,0.000,0.000,A-03-4
000000000030000147,3000,SP03,4.000,0.000,0.000,D-24-1
000000000030000148,2000,SP02,0.000,0.000,0.000,A-13-5
000000000010000663,2000,SP02,207.000,0.000,0.000,C-20-6
000000000010000664,3000,SP03,143.000,0.000,0.000,E-01-5
000000000080000153,4000,SP04,22.000,1.000,0.000,C-04-6
000000000010000665,3000,SP03,2.000,0.000,0.000,D-16-2
000000000010000666,1000,SP01,1.000,0.000,0.000,B-05-4
000000000030000149,2000,SP02,3.000,0.000,0.000,B-24-1
000000000010000667,1000,SP01,44.000,0.000,0.000,E-24-1
000000000010000667,3000,SP03,370.000,0.000,0.000,B-14-2
000000000010000668,1000,SP01,0.000,0.000,0.000,D-24-5
000000000080000154,4000,SP04,2.000,0.000,0.000,B-19-2
000000000030000150,2000,SP02,5.000,0.000,0.000,D-07-1
000000000010000669,3000,SP03,0.000,0.000,0.000,A-23-5
000000000010000670,2000,SP02,3.000,0.000,0.000,E-20-6
000000000030000151,3000,SP03,3.000,0.000,0.000,A-21-3
000000000030000151,4000,SP04,0.000,0.000,0.000,B-18-3
000000000080000155,4000,SP04,0.000,1.000,0.000,E-11-4
000000000080000156,2000,SP02,5.000,1.000,0.000,B-22-5
000000000080000156,4000,SP04,8.000,0.000,0.000,D-13-1
000000000010000671,2000,SP02,0.000,0.000,0.000,E-10-3
000000000010000672,3000,SP03,10.000,0.000,0.000,B-08-1
000000000010000673,4000,SP04,14.000,0.000,0.000,E-12-6
000000000010000674,4000,SP04,190.000,0.000,0.000,B-08-1
000000000010000675,1000,SP01,3.000,0.000,0.000,B-10-3
000000000010000675,4000,SP04,1.000,0.000,0.000,C-03-6
000000000010000676,2000,SP02,3.000,0.000,0.000,C-06-4
000000000080000157,4000,SP04,12.000,0.000,0.000,E-24-1
000000000030000152,3000,SP03,6.000,0.000,0.000,E-11-1
000000000030000152,2000,SP02,0.000,0.000,0.000,E-21-6
000000000080000158,2000,SP02,3.000,1.000,0.000,E-01-1
000000000080000158,1000,SP01,8.000,0.000,0.000,D-06-1
000000000090000038,4000,SP04,12.000,0.000,0.000,B-22-5
000000000090000038,3000,SP03,18.000,0.000,0.000,E-23-2
000000000030000153,4000,SP04,7.000,0.000,0.000,E-24-3
000000000010000677,1000,SP01,6.000,0.000,0.000,E-16-3
000000000010000678,1000,SP01,2.000,0.000,0.000,D-18-6
000000000010000679,1000,SP01,0.000,0.000,0.000,A-06-4
000000000090000039,1000,SP01,31.000,0.000,0.000,E-16-3
000000000080000159,2000,SP02,13.000,1.000,0.000,E-05-4
000000000080000159,3000,SP03,3.000,0.000,0.000,E-24-1
000000000010000680,3000,SP03,10.000,0.000,0.000,D-06-6
000000000010000681,4000,SP04,33.000,0.000,0.000,C-18-3
000000000010000681,2000,SP02,87.000,0.000,0.000,B-18-4
000000000080000160,2000,SP02,10.000,1.000,0.000,D-20-5
000000000030000154,2000,SP02,8.000,0.000,0.000,D-17-5
000000000010000682,1000,SP01,3.000,0.000,0.000,B-20-6
000000000010000683,2000,SP02,63.000,0.000,0.000,C-07-6
000000000010000683,3000,SP03,134.000,0.000,0.000,E-14-3
000000000080000161,1000,SP01,4.000,0.000,0.000,B-01-1
000000000030000155,2000,SP02,9.000,0.000,0.000,A-07-4
000000000030000155,4000,SP04,1.000,0.000,0.000,D-08-5
000000000010000684,2000,SP02,5.000,0.000,0.000,E-23-5
000000000080000162,2000,SP02,1.000,0.000,0.000,C-04-1
000000000010000685,3000,SP03,10.000,0.000,0.000,E-07-2
000000000030000156,3000,SP03,0.000,0.000,0.000,A-04-2
000000000010000686,2000,SP02,9.000,0.000,0.000,C-24-2
000000000090000040,2000,SP02,18.000,0.000,0.000,B-11-4
000000000010000687,4000,SP04,2.000,0.000,0.000,A-04-2
000000000080000163,2000,SP02,5.000,0.000,0.000,C-24-3
000000000010000688,2000,SP02,3.000,0.000,0.000,B-12-2
000000000080000164,4000,SP04,20.000,0.000,0.000,D-20-3
000000000080000164,3000,SP03,1.000,0.000,0.000,A-10-6
000000000080000165,3000,SP03,17.000,0.000,0.000,D-23-3
000000000030000157,1000,SP01,0.000,0.000,0.000,D-01-5
000000000080000166,1000,SP01,7.000,0.000,0.000,D-04-6
000000000090000041,1000,SP01,37.000,0.000,0.000,C-04-6
000000000090000041,2000,SP02,31.000,0.000,0.000,D-12-5
000000000080000167,2000,SP02,13.000,0.000,0.000,D-10-1
000000000010000689,1000,SP01,25.000,0.000,0.000,D-23-4
000000000010000690,3000,SP03,0.000,0.000,0.000,A-07-5
000000000010000691,3000,SP03,35.000,0.000,0.000,A-02-1
000000000010000692,3000,SP03,0.000,0.000,0.000,D-24-3
000000000010000693,1000,SP01,41.000,0.000,0.000,B-20-5
000000000010000694,1000,SP01,0.000,0.000,0.000,A-05-6
000000000010000694,4000,SP04,115.000,0.000,0.000,D-23-3
000000000010000695,2000,SP02,12.000,0.000,0.000,B-02-5
000000000010000695,1000,SP01,0.000,0.000,0.000,D-13-6
000000000030000158,3000,SP03,1.000,0.000,0.000,E-18-1
000000000030000158,4000,SP04,0.000,0.000,0.000,B-05-2
000000000010000696,1000,SP01,7.000,0.000,0.000,E-07-6
000000000010000697,2000,SP02,0.000,0.000,0.000,C-14-3
000000000010000698,2000,SP02,0.000,0.000,0.000,E-22-5
000000000010000699,2000,SP02,11.000,0.000,0.000,E-10-4
000000000010000700,3000,SP03,1.000,0.000,0.000,D-13-5
000000000010000701,2000,SP02,0.000,0.000,0.000,D-05-3
000000000010000701,1000,SP01,0.000,0.000,0.000,B-19-5
000000000010000702,1000,SP01,0.000,0.000,0.000,C-22-6
000000000010000702,3000,SP03,0.000,0.000,0.000,B-23-3
000000000010000703,4000,SP04,6.000,0.000,0.000,A-22-6
000000000010000703,3000,SP03,1.000,0.000,0.000,C-22-6
000000000010000704,1000,SP01,76.000,0.000,0.000,B-24-4
000000000080000168,2000,SP02,14.000,0.000,0.000,C-19-2
000000000010000705,1000,SP01,0.000,0.000,0.000,A-23-5
000000000010000705,3000,SP03,0.000,0.000,0.000,A-10-4
000000000010000706,2000,SP02,2.000,0.000,0.000,A-15-2
000000000010000706,1000,SP01,12.000,0.000,0.000,E-20-5
000000000030000159,3000,SP03,6.000,0.000,0.000,E-18-2
000000000030000159,1000,SP01,0.000,0.000,0.000,D-01-1
000000000010000707,4000,SP04,11.000,0.000,0.000,D-03-2
000000000010000708,1000,SP01,5.000,0.000,0.000,E-08-3
000000000010000709,3000,SP03,251.000,0.000,0.000,C-11-2
000000000010000709,4000,SP04,74.000,0.000,0.000,A-21-1
000000000010000710,4000,SP04,121.000,0.000,0.000,D-03-3
000000000010000711,1000,SP01,60.000,0.000,0.000,C-16-3
000000000030000160,4000,SP04,6.000,0.000,0.000,A-20-1
000000000010000712,4000,SP04,185.000,0.000,0.000,E-16-6
000000000010000713,1000,SP01,0.000,0.000,0.000,C-17-5
000000000010000714,4000,SP04,31.000,0.000,0.000,E-10-2
000000000010000715,1000,SP01,11.000,0.000,0.000,C-16-2
000000000010000716,2000,SP02,1.000,0.000,0.000,D-01-3
000000000010000716,1000,SP01,1.000,0.000,0.000,E-08-1
000000000010000717,1000,SP01,0.000,0.000,0.000,A-23-4
000000000010000718,3000,SP03,5.000,0.000,0.000,B-18-2
000000000080000169,1000,SP01,2.000,0.000,0.000,D-10-5
000000000010000719,1000,SP01,4.000,0.000,0.000,A-21-6
000000000010000720,2000,SP02,5.000,0.000,0.000,E-11-4
000000000010000720,4000,SP04,0.000,0.000,0.000,A-02-1
000000000010000721,2000,SP02,38.000,0.000,0.000,B-04-1
000000000010000722,2000,SP02,0.000,0.000,0.000,E-03-4
000000000010000723,1000,SP01,0.000,0.000,0.000,C-01-3
000000000030000161,2000,SP02,7.000,0.000,0.000,B-20-6
000000000010000724,1000,SP01,53.000,0.000,0.000,B-20-6
000000000010000724,4000,SP04,132.000,0.000,0.000,E-11-1
000000000030000162,1000,SP01,4.000,0.000,0.000,C-24-4
000000000030000162,3000,SP03,1.000,0.000,0.000,B-13-4
000000000090000042,3000,SP03,10.000,0.000,0.000,E-15-2
000000000030000163,2000,SP02,0.000,0.000,0.000,A-11-3
000000000010000725,4000,SP04,44.000,0.000,0.000,B-05-5
000000000010000726,3000,SP03,70.000,0.000,0.000,D-16-1
000000000030000164,1000,SP01,1.000,0.000,0.000,A-07-4
000000000010000727,1000,SP01,27.000,0.000,0.000,C-01-5
000000000010000727,4000,SP04,6.000,0.000,0.000,A-23-1
000000000090000043,1000,SP01,18.000,0.000,0.000,B-01-1
000000000010000728,4000,SP04,0.000,0.000,0.000,D-10-5
000000000080000170,2000,SP02,16.000,0.000,0.000,C-14-3
000000000080000170,4000,SP04,8.000,0.000,0.000,C-22-3
000000000010000729,2000,SP02,0.000,0.000,0.000,D-22-6
000000000080000171,3000,SP03,2.000,0.000,0.000,C-17-5
000000000030000165,3000,SP03,6.000,0.000,0.000,D-15-2
000000000010000730,1000,SP01,0.000,0.000,0.000,A-06-5
000000000010000731,2000,SP02,43.000,0.000,0.000,A-19-1
000000000010000731,4000,SP04,79.000,0.000,0.000,D-19-3
000000000010000732,2000,SP02,2.000,0.000,0.000,B-01-1
000000000010000733,1000,SP01,99.000,0.000,0.000,E-06-3
000000000010000734,2000,SP02,13.000,0.000,0.000,A-07-4
000000000010000735,2000,SP02,6.000,0.000,0.000,D-24-5
000000000010000736,2000,SP02,82.000,0.000,0.000,C-10-5
000000000010000736,4000,SP04,105.000,0.000,0.000,B-02-5
000000000010000737,3000,SP03,39.000,0.000,0.000,E-16-3
000000000080000172,2000,SP02,3.000,0.000,0.000,D-03-5
000000000080000172,3000,SP03,8.000,0.000,0.000,C-12-4
000000000080000173,1000,SP01,8.000,0.000,0.000,E-07-2
000000000090000044,2000,SP02,15.000,0.000,0.000,C-09-1
000000000030000166,2000,SP02,1.000,0.000,0.000,A-22-4
000000000010000738,4000,SP04,3.000,0.000,0.000,C-12-5
000000000010000739,3000,SP03,6.000,0.000,0.000,E-22-1
000000000010000739,4000,SP04,9.000,0.000,0.000,E-01-3
000000000010000740,4000,SP04,40.000,0.000,0.000,D-22-2
000000000010000740,2000,SP02,57.000,0.000,0.000,A-21-6
000000000010000741,1000,SP01,0.000,0.000,0.000,B-16-2
000000000010000741,3000,SP03,0.000,0.000,0.000,A-19-4
000000000080000174,1000,SP01,9.000,0.000,0.000,E-15-3
000000000080000174,2000,SP02,2.000,0.000,0.000,E-20-1
000000000010000742,1000,SP01,27.000,0.000,0.000,C-11-2
000000000010000743,3000,SP03,35.000,0.000,0.000,A-04-4
000000000010000744,2000,SP02,6.000,0.000,0.000,B-22-5
000000000030000167,1000,SP01,0.000,0.000,0.000,D-16-2
000000000010000745,2000,SP02,6.000,0.000,0.000,B-09-3
000000000010000746,3000,SP03,233.000,0.000,0.000,E-21-1
000000000010000747,3000,SP03,20.000,0.000,0.000,B-06-5
000000000010000747,4000,SP04,18.000,0.000,0.000,C-10-5
000000000010000748,1000,SP01,8.000,0.000,0.000,C-20-5
000000000030000168,2000,SP02,0.000,0.000,0.000,A-11-3
000000000030000169,4000,SP04,8.000,0.000,0.000,C-19-2
000000000030000169,1000,SP01,2.000,0.000,0.000,A-03-2
000000000010000749,3000,SP03,8.000,0.000,0.000,D-12-2
000000000030000170,3000,SP03,2.000,0.000,0.000,B-15-5
000000000080000175,4000,SP04,4.000,0.000,0.000,A-09-2
000000000010000750,3000,SP03,5.000,0.000,0.000,B-05-5
000000000080000176,3000,SP03,17.000,0.000,0.000,D-06-4
000000000080000176,2000,SP02,21.000,1.000,0.000,D-07-3
000000000010000751,2000,SP02,0.000,0.000,0.000,A-11-6
000000000010000752,4000,SP04,0.000,0.000,0.000,A-23-2
000000000010000753,4000,SP04,55.000,0.000,0.000,A-24-1
000000000010000753,1000,SP01,45.000,0.000,0.000,A-16-4
000000000010000754,2000,SP02,0.000,0.000,0.000,C-06-6
000000000030000171,2000,SP02,0.000,0.000,0.000,A-18-1
000000000030000171,4000,SP04,3.000,0.000,0.000,C-03-2
000000000010000755,3000,SP03,0.000,0.000,0.000,A-16-6
000000000010000756,3000,SP03,5.000,0.000,0.000,D-02-2
000000000010000757,4000,SP04,0.000,0.000,0.000,E-17-3
000000000080000177,3000,SP03,24.000,0.000,0.000,E-16-4
000000000080000177,2000,SP02,5.000,0.000,0.000,C-24-3
000000000080000178,3000,SP03,11.000,1.000,0.000,C-03-2
000000000010000758,2000,SP02,10.000,0.000,0.000,B-04-6
000000000010000759,3000,SP03,0.000,0.000,0.000,D-07-2
000000000030000172,1000,SP01,3.000,0.000,0.000,D-07-2
000000000010000760,3000,SP03,10.000,0.000,0.000,B-10-2
000000000010000761,1000,SP01,20.000,0.000,0.000,D-04-3
000000000080000179,4000,SP04,2.000,0.000,0.000,C-14-6
000000000080000179,3000,SP03,6.000,0.000,0.000,C-21-2
000000000010000762,4000,SP04,17.000,0.000,0.000,C-21-1
000000000080000180,3000,SP03,3.000,0.000,0.000,E-20-6
000000000010000763,4000,SP04,14.000,0.000,0.000,B-14-1
000000000010000763,1000,SP01,8.000,0.000,0.000,B-16-4
000000000080000181,4000,SP04,7.000,0.000,0.000,B-01-3
000000000010000764,1000,SP01,3.000,0.000,0.000,C-10-6
000000000010000764,3000,SP03,21.000,0.000,0.000,D-01-6
000000000010000765,3000,SP03,0.000,0.000,0.000,C-04-6
000000000010000766,2000,SP02,43.000,0.000,0.000,A-13-4
000000000010000767,2000,SP02,0.000,0.000,0.000,E-08-4
000000000080000182,1000,SP01,8.000,0.000,0.000,E-20-4
000000000030000173,2000,SP02,0.000,0.000,0.000,C-14-1
000000000010000768,1000,SP01,0.000,0.000,0.000,E-16-6
000000000010000769,2000,SP02,7.000,0.000,0.000,A-12-2
000000000010000770,4000,SP04,102.000,0.000,0.000,E-19-3
000000000030000174,4000,SP04,0.000,0.000,0.000,B-09-4
000000000010000771,1000,SP01,0.000,0.000,0.000,E-02-1
000000000030000175,4000,SP04,10.000,0.000,0.000,E-03-3
000000000030000175,3000,SP03,2.000,0.000,0.000,E-06-6
000000000010000772,1000,SP01,0.000,0.000,0.000,B-08-5
000000000010000773,3000,SP03,2.000,0.000,0.000,C-18-4
000000000010000774,4000,SP04,3.000,0.000,0.000,D-10-3
000000000010000775,4000,SP04,5.000,0.000,0.000,E-10-6
000000000010000776,1000,SP01,0.000,0.000,0.000,C-22-4
000000000080000183,2000,SP02,3.000,1.000,0.000,D-23-4
000000000010000777,4000,SP04,8.000,0.000,0.000,E-12-1
000000000080000184,4000,SP04,10.000,0.000,0.000,E-15-5
000000000010000778,1000,SP01,0.000,0.000,0.000,E-19-1
000000000010000779,4000,SP04,0.000,0.000,0.000,D-20-6
000000000090000045,2000,SP02,21.000,0.000,0.000,C-24-1
000000000010000780,1000,SP01,0.000,0.000,0.000,B-08-6
000000000010000781,2000,SP02,9.000,0.000,0.000,C-20-5
000000000010000782,2000,SP02,4.000,0.000,0.000,C-24-4
000000000010000783,4000,SP04,2.000,0.000,0.000,B-04-3
000000000030000176,4000,SP04,0.000,0.000,0.000,C-14-1
000000000010000784,1000,SP01,28.000,0.000,0.000,E-22-6
000000000080000185,1000,SP01,6.000,0.000,0.000,A-23-5
000000000010000785,2000,SP02,2.000,0.000,0.000,C-02-2
000000000010000786,2000,SP02,10.000,0.000,0.000,A-21-1
000000000010000787,1000,SP01,11.000,0.000,0.000,D-11-2
000000000010000788,3000,SP03,281.000,0.000,0.000,B-12-1
000000000010000788,2000,SP02,0.000,0.000,0.000,E-22-1
000000000010000789,4000,SP04,0.000,0.000,0.000,C-23-4
000000000030000177,1000,SP01,0.000,0.000,0.000,E-16-6
000000000010000790,2000,SP02,1.000,0.000,0.000,A-09-4
000000000010000791,4000,SP04,1.000,0.000,0.000,A-01-1
000000000010000792,3000,SP03,2.000,0.000,0.000,A-06-1
000000000010000793,2000,SP02,0.000,0.000,0.000,C-08-5
000000000030000178,4000,SP04,1.000,0.000,0.000,D-01-5
000000000030000178,3000,SP03,1.000,0.000,0.000,B-17-2
000000000010000794,1000,SP01,6.000,0.000,0.000,A-22-3
000000000010000795,4000,SP04,13.000,0.000,0.000,C-20-6
000000000010000795,3000,SP03,8.000,0.000,0.000,A-07-2
000000000090000046,2000,SP02,20.000,0.000,0.000,E-18-4
000000000010000796,3000,SP03,102.000,0.000,0.000,C-01-1
000000000010000797,1000,SP01,0.000,0.000,0.000,B-17-6
000000000010000797,3000,SP03,0.000,0.000,0.000,D-19-3
000000000010000798,1000,SP01,90.000,0.000,0.000,C-15-5
000000000030000179,1000,SP01,1.000,0.000,0.000,B-05-4
000000000030000180,3000,SP03,10.000,0.000,0.000,B-11-6
000000000030000181,4000,SP04,3.000,0.000,0.000,B-12-3
000000000030000182,3000,SP03,3.000,0.000,0.000,C-12-5
000000000010000799,4000,SP04,1.000,0.000,0.000,E-14-4
000000000010000799,3000,SP03,1.000,0.000,0.000,A-19-2
000000000010000800,4000,SP04,5.000,0.000,0.000,A-22-6
000000000010000801,4000,SP04,0.000,0.000,0.000,D-05-6
000000000010000802,2000,SP02,29.000,0.000,0.000,C-04-4
000000000010000803,2000,SP02,7.000,0.000,0.000,B-17-6
000000000010000803,4000,SP04,3.000,0.000,0.000,B-05-6
000000000010000804,2000,SP02,0.000,0.000,0.000,B-19-2
000000000010000805,1000,SP01,2.000,0.000,0.000,C-17-3
000000000010000805,4000,SP04,2.000,0.000,0.000,D-20-1
000000000010000806,4000,SP04,8.000,0.000,0.000,B-05-3
000000000010000807,2000,SP02,2.000,0.000,0.000,E-16-5
000000000010000808,2000,SP02,34.000,0.000,0.000,D-07-6
000000000010000808,4000,SP04,45.000,0.000,0.000,D-18-6
000000000010000809,2000,SP02,11.000,0.000,0.000,E-08-6
000000000010000809,4000,SP04,18.000,0.000,0.000,C-21-5
000000000080000186,3000,SP03,4.000,0.000,0.000,A-23-2
000000000010000810,4000,SP04,88.000,0.000,0.000,D-19-1
000000000010000811,1000,SP01,0.000,0.000,0.000,B-01-6
000000000030000183,1000,SP01,2.000,0.000,0.000,C-20-6
000000000010000812,1000,SP01,138.000,0.000,0.000,B-23-2
000000000030000184,2000,SP02,4.000,0.000,0.000,D-12-2
000000000010000813,1000,SP01,77.000,0.000,0.000,C-14-4
000000000010000814,2000,SP02,3.000,0.000,0.000,A-06-3
000000000030000185,3000,SP03,0.000,0.000,0.000,B-22-2
000000000010000815,2000,SP02,146.000,0.000,0.000,E-06-3
000000000080000187,3000,SP03,4.000,0.000,0.000,C-07-3
000000000010000816,4000,SP04,1.000,0.000,0.000,C-07-3
000000000010000817,4000,SP04,18.000,0.000,0.000,E-06-4
000000000010000817,1000,SP01,6.000,0.000,0.000,D-14-6
000000000080000188,4000,SP04,16.000,0.000,0.000,B-16-3
000000000030000186,2000,SP02,3.000,0.000,0.000,B-01-6
000000000010000818,2000,SP02,0.000,0.000,0.000,B-02-1
000000000010000819,3000,SP03,8.000,0.000,0.000,E-16-2
000000000010000820,1000,SP01,1.000,0.000,0.000,B-04-4
000000000010000820,4000,SP04,1.000,0.000,0.000,D-09-1
000000000010000821,2000,SP02,59.000,0.000,0.000,D-06-5
000000000010000821,3000,SP03,61.000,0.000,0.000,D-23-2
000000000010000822,3000,SP03,1.000,0.000,0.000,B-17-4
000000000010000823,2000,SP02,7.000,0.000,0.000,B-18-6
000000000030000187,3000,SP03,1.000,0.000,0.000,C-11-1
000000000030000187,1000,SP01,3.000,0.000,0.000,A-13-1
000000000080000189,1000,SP01,0.000,1.000,0.000,C-04-2
000000000080000189,2000,SP02,2.000,0.000,0.000,C-20-6
000000000010000824,1000,SP01,16.000,0.000,0.000,D-14-3
000000000010000824,4000,SP04,6.000,0.000,0.000,D-17-5
000000000010000825,1000,SP01,0.000,0.000,0.000,E-18-6
000000000010000825,4000,SP04,0.000,0.000,0.000,B-07-5
000000000010000826,4000,SP04,5.000,0.000,0.000,B-15-6
000000000010000826,1000,SP01,45.000,0.000,0.000,C-03-1
000000000030000188,3000,SP03,4.000,0.000,0.000,A-06-3
000000000010000827,2000,SP02,11.000,0.000,0.000,C-05-4
000000000080000190,4000,SP04,2.000,0.000,0.000,B-10-2
000000000010000828,3000,SP03,16.000,0.000,0.000,D-15-4
000000000010000829,1000,SP01,13.000,0.000,0.000,D-05-3
000000000010000830,2000,SP02,0.000,0.000,0.000,B-21-4
000000000080000191,4000,SP04,11.000,0.000,0.000,A-12-4
000000000030000189,2000,SP02,2.000,0.000,0.000,B-08-5
000000000030000189,3000,SP03,2.000,0.000,0.000,A-22-6
000000000010000831,3000,SP03,6.000,0.000,0.000,B-22-3
000000000010000831,1000,SP01,1.000,0.000,0.000,A-06-2
000000000010000832,3000,SP03,0.000,0.000,0.000,E-07-4
000000000010000832,4000,SP04,2.000,0.000,0.000,E-02-6
000000000090000047,1000,SP01,25.000,0.000,0.000,D-05-1
000000000010000833,3000,SP03,120.000,0.000,0.000,B-17-2
000000000010000834,4000,SP04,1.000,0.000,0.000,A-12-2
000000000090000048,1000,SP01,31.000,0.000,0.000,B-20-5
000000000030000190,1000,SP01,0.000,0.000,0.000,B-01-1
000000000010000835,2000,SP02,0.000,0.000,0.000,C-24-1
000000000010000836,3000,SP03,11.000,0.000,0.000,A-11-4
000000000030000191,2000,SP02,0.000,0.000,0.000,C-21-1
000000000030000192,4000,SP04,0.000,0.000,0.000,C-21-1
000000000030000192,1000,SP01,2.000,0.000,0.000,E-21-3
000000000010000837,1000,SP01,4.000,0.000,0.000,C-05-2
000000000010000837,2000,SP02,10.000,0.000,0.000,D-22-5
000000000010000838,2000,SP02,18.000,0.000,0.000,E-09-3
000000000010000839,4000,SP04,1.000,0.000,0.000,D-10-1
000000000010000839,1000,SP01,2.000,0.000,0.000,A-15-3
000000000010000840,4000,SP04,3.000,0.000,0.000,A-20-1
000000000010000841,3000,SP03,0.000,0.000,0.000,B-06-4
000000000010000841,4000,SP04,0.000,0.000,0.000,B-19-2
000000000010000842,1000,SP01,50.000,0.000,0.000,E-01-6
000000000010000842,3000,SP03,60.000,0.000,0.000,B-10-3
000000000080000192,1000,SP01,10.000,0.000,0.000,C-23-1
000000000030000193,1000,SP01,1.000,0.000,0.000,B-18-5
000000000030000194,1000,SP01,0.000,0.000,0.000,C-01-6
000000000010000843,2000,SP02,7.000,0.000,0.000,E-09-2
000000000010000843,4000,SP04,7.000,0.000,0.000,A-17-1
000000000010000844,3000,SP03,4.000,0.000,0.000,E-24-2
000000000080000193,1000,SP01,3.000,0.000,0.000,A-06-3
000000000010000845,2000,SP02,0.000,0.000,0.000,B-16-5
000000000010000845,3000,SP03,6.000,0.000,0.000,D-02-5
000000000030000195,3000,SP03,0.000,0.000,0.000,A-15-1
000000000010000846,2000,SP02,0.000,0.000,0.000,C-01-6
000000000010000846,1000,SP01,0.000,0.000,0.000,B-15-1
000000000010000847,3000,SP03,1.000,0.000,0.000,D-17-3
000000000080000194,3000,SP03,6.000,0.000,0.000,E-04-5
000000000080000194,1000,SP01,9.000,0.000,0.000,C-03-6
000000000080000195,3000,SP03,7.000,0.000,0.000,E-07-1
000000000010000848,3000,SP03,1.000,0.000,0.000,E-24-2
000000000010000849,1000,SP01,3.000,0.000,0.000,A-19-5
000000000080000196,3000,SP03,12.000,1.000,0.000,B-07-1
000000000080000196,2000,SP02,6.000,0.000,0.000,B-05-6
000000000010000850,4000,SP04,1.000,0.000,0.000,E-22-2
000000000010000850,2000,SP02,7.000,0.000,0.000,B-18-3
000000000080000197,1000,SP01,21.000,0.000,0.000,A-24-5
000000000010000851,3000,SP03,8.000,0.000,0.000,E-01-4
000000000010000851,2000,SP02,20.000,0.000,0.000,E-09-4
000000000010000852,1000,SP01,0.000,0.000,0.000,C-22-5
000000000010000852,4000,SP04,0.000,0.000,0.000,D-18-3
000000000010000853,1000,SP01,11.000,0.000,0.000,A-13-6
000000000010000854,4000,SP04,298.000,0.000,0.000,D-22-3
000000000010000854,1000,SP01,73.000,0.000,0.000,E-02-4
000000000010000855,4000,SP04,4.000,0.000,0.000,D-22-5
000000000010000856,1000,SP01,0.000,0.000,0.000,D-10-2
000000000090000049,2000,SP02,16.000,0.000,0.000,D-11-5
000000000090000049,4000,SP04,25.000,0.000,0.000,A-06-3
000000000010000857,2000,SP02,0.000,0.000,0.000,D-06-5
000000000010000857,1000,SP01,1.000,0.000,0.000,E-09-2
000000000010000858,1000,SP01,0.000,0.000,0.000,C-14-1
000000000010000858,4000,SP04,1.000,0.000,0.000,D-01-3
000000000010000859,1000,SP01,4.000,0.000,0.000,C-02-1
000000000010000859,2000,SP02,8.000,0.000,0.000,D-17-3
000000000010000860,3000,SP03,0.000,0.000,0.000,B-18-3
000000000010000860,1000,SP01,0.000,0.000,0.000,D-12-3
000000000010000861,3000,SP03,6.000,0.000,0.000,D-05-2
000000000030000196,3000,SP03,6.000,0.000,0.000,A-19-3
000000000010000862,4000,SP04,0.000,0.000,0.000,C-04-6
000000000010000863,4000,SP04,3.000,0.000,0.000,B-07-1
000000000010000863,3000,SP03,1.000,0.000,0.000,A-02-3
000000000010000864,4000,SP04,7.000,0.000,0.000,D-05-2
000000000010000864,3000,SP03,1.000,0.000,0.000,A-02-5
000000000080000198,2000,SP02,4.000,1.000,0.000,C-23-5
000000000010000865,1000,SP01,23.000,0.000,0.000,B-21-2
000000000010000865,4000,SP04,264.000,0.000,0.000,C-03-2
000000000080000199,2000,SP02,3.000,0.000,0.000,B-20-4
000000000010000866,2000,SP02,2.000,0.000,0.000,D-15-4
000000000010000866,4000,SP04,1.000,0.000,0.000,D-10-2
000000000010000867,4000,SP04,1.000,0.000,0.000,D-01-2
000000000090000050,4000,SP04,29.000,0.000,0.000,B-06-1
000000000010000868,4000,SP04,0.000,0.000,0.000,D-18-3
000000000030000197,3000,SP03,2.000,0.000,0.000,C-06-3
000000000030000197,4000,SP04,0.000,0.000,0.000,D-18-2
000000000010000869,1000,SP01,6.000,0.000,0.000,A-04-2
000000000080000200,1000,SP01,7.000,0.000,0.000,C-19-6
000000000010000870,3000,SP03,10.000,0.000,0.000,D-08-1
000000000010000871,4000,SP04,2.000,0.000,0.000,B-01-1
000000000030000198,2000,SP02,2.000,0.000,0.000,E-22-3
000000000010000872,2000,SP02,0.000,0.000,0.000,D-18-3
000000000010000873,2000,SP02,19.000,0.000,0.000,D-10-2
000000000010000873,1000,SP01,6.000,0.000,0.000,E-10-5
000000000010000874,1000,SP01,0.000,0.000,0.000,E-17-1
000000000030000199,3000,SP03,3.000,0.000,0.000,A-13-3
000000000010000875,2000,SP02,2.000,0.000,0.000,A-09-4
000000000030000200,1000,SP01,2.000,0.000,0.000,E-17-1
000000000080000201,1000,SP01,8.000,0.000,0.000,E-20-4
000000000090000051,3000,SP03,10.000,0.000,0.000,C-11-1
000000000010000876,4000,SP04,0.000,0.000,0.000,D-01-1
000000000010000877,4000,SP04,15.000,0.000,0.000,B-23-5
000000000010000877,2000,SP02,8.000,0.000,0.000,C-16-6
000000000010000878,2000,SP02,2.000,0.000,0.000,A-23-3
000000000090000052,4000,SP04,38.000,0.000,0.000,D-03-6
000000000090000052,1000,SP01,24.000,0.000,0.000,A-20-6
000000000010000879,2000,SP02,2.000,0.000,0.000,E-05-3
000000000010000879,4000,SP04,1.000,0.000,0.000,E-08-3
000000000010000880,3000,SP03,0.000,0.000,0.000,C-11-1
000000000010000880,1000,SP01,0.000,0.000,0.000,C-04-1
000000000030000201,2000,SP02,0.000,0.000,0.000,E-07-5
000000000010000881,2000,SP02,1.000,0.000,0.000,B-09-3
000000000010000882,2000,SP02,22.000,0.000,0.000,C-14-6
000000000080000202,2000,SP02,9.000,0.000,0.000,E-07-3
000000000010000883,3000,SP03,31.000,0.000,0.000,E-14-4
000000000080000203,2000,SP02,6.000,0.000,0.000,A-18-2
000000000010000884,4000,SP04,5.000,0.000,0.000,B-09-6
000000000010000885,2000,SP02,0.000,0.000,0.000,E-22-3
000000000010000886,4000,SP04,10.000,0.000,0.000,B-19-1
000000000080000204,4000,SP04,23.000,0.000,0.000,E-10-1
000000000010000887,3000,SP03,0.000,0.000,0.000,B-05-5
000000000010000887,2000,SP02,0.000,0.000,0.000,E-01-2
000000000010000888,2000,SP02,4.000,0.000,0.000,C-16-2
000000000010000889,4000,SP04,14.000,0.000,0.000,E-13-3
000000000030000202,3000,SP03,3.000,0.000,0.000,D-24-6
000000000010000890,2000,SP02,4.000,0.000,0.000,D-04-1
000000000010000891,2000,SP02,3.000,0.000,0.000,B-09-6
000000000010000892,3000,SP03,0.000,0.000,0.000,C-16-5
000000000010000892,1000,SP01,0.000,0.000,0.000,C-16-2
000000000030000203,1000,SP01,0.000,0.000,0.000,D-15-1
000000000010000893,4000,SP04,2.000,0.000,0.000,B-13-2
000000000010000893,3000,SP03,6.000,0.000,0.000,C-04-4
000000000010000894,4000,SP04,1.000,0.000,0.000,A-13-4
000000000010000894,1000,SP01,2.000,0.000,0.000,A-18-3
000000000010000895,2000,SP02,0.000,0.000,0.000,E-09-2
000000000010000895,4000,SP04,0.000,0.000,0.000,B-15-2
000000000080000205,1000,SP01,3.000,0.000,0.000,D-03-4
000000000010000896,2000,SP02,0.000,0.000,0.000,D-01-6
000000000080000206,3000,SP03,16.000,0.000,0.000,A-12-3
000000000010000897,2000,SP02,19.000,0.000,0.000,B-24-5
000000000010000898,3000,SP03,1.000,0.000,0.000,C-09-1
000000000030000204,3000,SP03,7.000,0.000,0.000,C-02-3
000000000010000899,3000,SP03,0.000,0.000,0.000,C-11-1
000000000090000053,3000,SP03,16.000,0.000,0.000,A-21-2
000000000090000053,2000,SP02,24.000,0.000,0.000,A-02-4
000000000010000900,2000,SP02,17.000,0.000,0.000,A-05-3
000000000010000901,4000,SP04,8.000,0.000,0.000,E-07-2
000000000030000205,2000,SP02,1.000,0.000,0.000,B-02-2
000000000010000902,4000,SP04,0.000,0.000,0.000,B-11-4
000000000010000902,2000,SP02,0.000,0.000,0.000,C-15-4
000000000010000903,3000,SP03,0.000,0.000,0.000,C-13-3
000000000030000206,2000,SP02,6.000,0.000,0.000,C-02-5
000000000030000206,3000,SP03,1.000,0.000,0.000,D-14-4
000000000010000904,1000,SP01,0.000,0.000,0.000,E-10-4
000000000010000905,1000,SP01,13.000,0.000,0.000,C-24-2
000000000010000906,3000,SP03,0.000,0.000,0.000,A-19-5
000000000010000906,2000,SP02,0.000,0.000,0.000,D-13-2
000000000010000907,2000,SP02,110.000,0.000,0.000,B-12-2
000000000010000908,2000,SP02,0.000,0.000,0.000,A-13-2
000000000030000207,1000,SP01,4.000,0.000,0.000,A-18-1
000000000080000207,2000,SP02,19.000,0.000,0.000,B-13-5
000000000010000909,3000,SP03,27.000,0.000,0.000,B-17-6
000000000010000910,3000,SP03,7.000,0.000,0.000,E-12-5
000000000010000910,2000,SP02,5.000,0.000,0.000,C-20-5
000000000010000911,1000,SP01,1.000,0.000,0.000,A-15-4
000000000080000208,2000,SP02,3.000,0.000,0.000,D-08-2
000000000080000209,2000,SP02,5.000,0.000,0.000,D-20-2
000000000080000209,3000,SP03,5.000,0.000,0.000,D-01-6
000000000010000912,2000,SP02,3.000,0.000,0.000,D-21-1
000000000030000208,1000,SP01,7.000,0.000,0.000,E-08-6
000000000010000913,3000,SP03,68.000,0.000,0.000,A-01-6
000000000010000914,3000,SP03,14.000,0.000,0.000,A-24-4
000000000010000915,4000,SP04,319.000,0.000,0.000,B-18-2
000000000010000916,2000,SP02,5.000,0.000,0.000,E-06-2
000000000010000917,3000,SP03,0.000,0.000,0.000,E-21-6
000000000010000918,1000,SP01,0.000,0.000,0.000,D-16-6
000000000010000919,4000,SP04,4.000,0.000,0.000,E-24-1
000000000010000920,3000,SP03,8.000,0.000,0.000,D-16-6
000000000010000920,2000,SP02,10.000,0.000,0.000,A-09-6
000000000030000209,2000,SP02,5.000,0.000,0.000,D-18-4
000000000030000210,1000,SP01,6.000,0.000,0.000,C-12-1
000000000010000921,2000,SP02,3.000,0.000,0.000,C-03-5
000000000010000922,1000,SP01,1.000,0.000,0.000,B-01-5
000000000090000054,1000,SP01,7.000,0.000,0.000,C-12-3
000000000030000211,3000,SP03,2.000,0.000,0.000,E-02-2
000000000010000923,1000,SP01,8.000,0.000,0.000,C-14-5
000000000010000924,2000,SP02,50.000,0.000,0.000,D-03-4
000000000010000925,2000,SP02,0.000,0.000,0.000,A-18-1
000000000010000926,4000,SP04,0.000,0.000,0.000,A-12-4
000000000010000927,4000,SP04,11.000,0.000,0.000,C-04-3
000000000010000927,1000,SP01,33.000,0.000,0.000,A-02-1
000000000010000928,1000,SP01,25.000,0.000,0.000,B-08-3
000000000010000929,1000,SP01,78.000,0.000,0.000,B-17-4
000000000030000212,1000,SP01,3.000,0.000,0.000,A-20-3
000000000090000055,2000,SP02,35.000,0.000,0.000,B-17-1
000000000010000930,1000,SP01,0.000,0.000,0.000,A-14-5
000000000030000213,4000,SP04,0.000,0.000,0.000,E-09-1
000000000010000931,2000,SP02,0.000,0.000,0.000,D-08-2
000000000010000932,3000,SP03,6.000,0.000,0.000,B-16-5
000000000010000933,1000,SP01,0.000,0.000,0.000,C-11-5
000000000010000934,3000,SP03,8.000,0.000,0.000,A-16-5
000000000010000935,2000,SP02,0.000,0.000,0.000,B-21-5
000000000010000936,2000,SP02,12.000,0.000,0.000,D-10-2
000000000080000210,4000,SP04,8.000,0.000,0.000,B-12-5
000000000090000056,1000,SP01,11.000,0.000,0.000,E-07-3
000000000010000937,2000,SP02,7.000,0.000,0.000,E-15-3
000000000090000057,4000,SP04,25.000,0.000,0.000,A-18-3
000000000030000214,3000,SP03,3.000,0.000,0.000,C-05-1
000000000010000938,3000,SP03,4.000,0.000,0.000,C-13-2
000000000010000938,2000,SP02,7.000,0.000,0.000,D-13-6
000000000010000939,1000,SP01,0.000,0.000,0.000,B-04-5
000000000030000215,1000,SP01,3.000,0.000,0.000,B-04-5
000000000010000940,3000,SP03,11.000,0.000,0.000,B-17-5
000000000030000216,4000,SP04,3.000,0.000,0.000,E-02-1
000000000080000211,1000,SP01,19.000,0.000,0.000,B-21-4
000000000030000217,4000,SP04,9.000,0.000,0.000,C-14-5
000000000030000217,3000,SP03,0.000,0.000,0.000,D-14-2
000000000080000212,2000,SP02,16.000,0.000,0.000,E-09-1
000000000080000212,3000,SP03,27.000,0.000,0.000,A-01-3
000000000090000058,4000,SP04,5.000,0.000,0.000,D-24-3
000000000010000941,1000,SP01,60.000,0.000,0.000,A-23-4
000000000010000941,3000,SP03,114.000,0.000,0.000,D-10-3
000000000010000942,3000,SP03,31.000,0.000,0.000,D-06-5
000000000010000942,4000,SP04,1.000,0.000,0.000,A-02-3
000000000030000218,1000,SP01,0.000,0.000,0.000,E-21-5
000000000010000943,4000,SP04,7.000,0.000,0.000,E-08-3
000000000010000944,2000,SP02,3.000,0.000,0.000,E-06-3
000000000010000945,2000,SP02,18.000,0.000,0.000,B-22-2
000000000010000945,3000,SP03,26.000,0.000,0.000,B-13-3
000000000010000946,4000,SP04,0.000,0.000,0.000,A-14-6
000000000010000946,3000,SP03,0.000,0.000,0.000,C-07-4
000000000030000219,1000,SP01,5.000,0.000,0.000,D-12-5
000000000010000947,4000,SP04,6.000,0.000,0.000,A-19-4
000000000010000948,4000,SP04,5.000,0.000,0.000,D-17-2
000000000010000949,3000,SP03,13.000,0.000,0.000,C-10-4
000000000030000220,2000,SP02,6.000,0.000,0.000,D-22-2
000000000010000950,1000,SP01,0.000,0.000,0.000,B-14-5
000000000080000213,2000,SP02,4.000,0.000,0.000,E-03-5
000000000010000951,1000,SP01,2.000,0.000,0.000,A-18-5
000000000010000952,4000,SP04,1.000,0.000,0.000,C-10-5
000000000080000214,3000,SP03,3.000,1.000,0.000,C-06-6
000000000080000214,1000,SP01,4.000,0.000,0.000,C-17-6
000000000010000953,2000,SP02,3.000,0.000,0.000,D-03-4
000000000010000954,3000,SP03,0.000,0.000,0.000,E-18-5
000000000010000955,1000,SP01,0.000,0.000,0.000,B-18-1
000000000010000955,4000,SP04,0.000,0.000,0.000,C-03-6
000000000010000956,1000,SP01,5.000,0.000,0.000,E-05-5
000000000010000957,2000,SP02,5.000,0.000,0.000,E-02-5
000000000010000957,1000,SP01,3.000,0.000,0.000,D-03-3
000000000010000958,1000,SP01,17.000,0.000,0.000,E-24-2
000000000090000059,4000,SP04,17.000,0.000,0.000,A-19-6
000000000030000221,4000,SP04,0.000,0.000,0.000,D-06-2
000000000010000959,4000,SP04,111.000,0.000,0.000,A-19-3
000000000030000222,1000,SP01,0.000,0.000,0.000,D-12-4
000000000030000222,2000,SP02,2.000,0.000,0.000,A-09-4
000000000010000960,1000,SP01,0.000,0.000,0.000,B-15-5
000000000010000961,1000,SP01,0.000,0.000,0.000,D-09-4
000000000010000961,4000,SP04,14.000,0.000,0.000,A-17-1
000000000010000962,2000,SP02,37.000,0.000,0.000,D-24-3
000000000010000962,1000,SP01,91.000,0.000,0.000,D-16-6
000000000030000223,4000,SP04,3.000,0.000,0.000,A-23-6
000000000030000223,3000,SP03,0.000,0.000,0.000,E-05-5
000000000030000224,2000,SP02,4.000,0.000,0.000,D-11-1
000000000030000224,4000,SP04,4.000,0.000,0.000,C-03-2
000000000010000963,4000,SP04,7.000,0.000,0.000,C-04-6
000000000010000964,2000,SP02,6.000,0.000,0.000,A-12-4
000000000010000965,4000,SP04,23.000,0.000,0.000,C-22-5
000000000010000966,2000,SP02,0.000,0.000,0.000,B-23-6
000000000030000225,1000,SP01,4.000,0.000,0.000,C-14-3
000000000030000225,4000,SP04,4.000,0.000,0.000,D-03-1
000000000010000967,1000,SP01,27.000,0.000,0.000,A-17-3
000000000030000226,1000,SP01,4.000,0.000,0.000,D-15-1
000000000010000968,2000,SP02,0.000,0.000,0.000,D-03-2
000000000010000968,4000,SP04,0.000,0.000,0.000,B-12-4
000000000080000215,4000,SP04,0.000,0.000,0.000,D-05-2
000000000030000227,3000,SP03,0.000,0.000,0.000,D-24-6
000000000010000969,1000,SP01,0.000,0.000,0.000,D-13-4
000000000010000970,1000,SP01,92.000,0.000,0.000,A-12-6
000000000010000971,3000,SP03,16.000,0.000,0.000,C-09-4
000000000010000972,4000,SP04,74.000,0.000,0.000,B-03-1
000000000010000973,2000,SP02,2.000,0.000,0.000,B-21-2
000000000030000228,2000,SP02,1.000,0.000,0.000,C-11-6
000000000010000974,3000,SP03,8.000,0.000,0.000,E-24-5
000000000010000975,2000,SP02,0.000,0.000,0.000,B-06-2
000000000030000229,3000,SP03,3.000,0.000,0.000,D-17-3
000000000010000976,1000,SP01,9.000,0.000,0.000,A-16-4
000000000010000977,2000,SP02,0.000,0.000,0.000,D-06-5
000000000090000060,3000,SP03,23.000,0.000,0.000,E-01-6
000000000090000060,1000,SP01,32.000,0.000,0.000,E-03-4
000000000080000216,1000,SP01,8.000,1.000,0.000,A-14-6
000000000080000216,4000,SP04,6.000,0.000,0.000,C-07-4
000000000030000230,1000,SP01,4.000,0.000,0.000,B-05-6
000000000030000230,4000,SP04,1.000,0.000,0.000,A-02-6
000000000030000231,1000,SP01,3.000,0.000,0.000,C-14-1
000000000030000232,1000,SP01,2.000,0.000,0.000,D-11-4
000000000010000978,4000,SP04,0.000,0.000,0.000,B-12-6
000000000080000217,2000,SP02,5.000,0.000,0.000,A-23-4
000000000010000979,2000,SP02,0.000,0.000,0.000,E-23-6
000000000010000980,4000,SP04,0.000,0.000,0.000,E-22-5
000000000010000981,3000,SP03,2.000,0.000,0.000,E-12-6
000000000090000061,3000,SP03,12.000,0.000,0.000,A-09-2
000000000030000233,1000,SP01,4.000,0.000,0.000,B-05-2
000000000030000233,4000,SP04,7.000,0.000,0.000,C-02-1
000000000090000062,4000,SP04,27.000,0.000,0.000,A-24-1
000000000010000982,2000,SP02,5.000,0.000,0.000,A-07-5
000000000030000234,1000,SP01,0.000,0.000,0.000,D-17-2
000000000030000235,4000,SP04,4.000,0.000,0.000,E-13-1
000000000010000983,4000,SP04,20.000,0.000,0.000,C-08-6
000000000010000984,3000,SP03,0.000,0.000,0.000,C-23-3
000000000010000985,4000,SP04,106.000,0.000,0.000,C-12-1
000000000080000218,3000,SP03,3.000,0.000,0.000,B-09-1
000000000080000218,1000,SP01,9.000,0.000,0.000,C-21-1
000000000030000236,2000,SP02,3.000,0.000,0.000,C-06-6
000000000010000986,2000,SP02,0.000,0.000,0.000,B-17-5
000000000010000987,3000,SP03,0.000,0.000,0.000,C-05-5
000000000010000988,1000,SP01,2.000,0.000,0.000,B-12-3
000000000010000989,1000,SP01,7.000,0.000,0.000,D-15-4
000000000010000990,2000,SP02,17.000,0.000,0.000,B-08-6
000000000010000990,3000,SP03,0.000,0.000,0.000,E-13-3
000000000010000991,3000,SP03,145.000,0.000,0.000,A-22-6
000000000010000992,2000,SP02,2.000,0.000,0.000,D-07-3
000000000010000992,3000,SP03,20.000,0.000,0.000,D-01-2
000000000030000237,2000,SP02,5.000,0.000,0.000,B-18-5
000000000010000993,4000,SP04,5.000,0.000,0.000,C-22-1
000000000010000994,1000,SP01,2.000,0.000,0.000,B-20-3
000000000010000995,3000,SP03,0.000,0.000,0.000,E-20-3
000000000010000996,4000,SP04,1.000,0.000,0.000,D-13-2
000000000010000997,1000,SP01,14.000,0.000,0.000,A-08-6
000000000010000997,2000,SP02,0.000,0.000,0.000,B-19-6
000000000010000998,2000,SP02,44.000,0.000,0.000,B-18-2
000000000010000999,3000,SP03,0.000,0.000,0.000,C-19-1
000000000010001000,4000,SP04,34.000,0.000,0.000,E-05-3
000000000010001001,1000,SP01,54.000,0.000,0.000,A-23-4
000000000030000238,2000,SP02,0.000,0.000,0.000,B-02-4
000000000010001002,4000,SP04,0.000,0.000,0.000,B-14-3
000000000010001002,1000,SP01,0.000,0.000,0.000,B-02-1
000000000030000239,1000,SP01,1.000,0.000,0.000,E-19-2
000000000010001003,1000,SP01,0.000,0.000,0.000,B-15-3
000000000010001004,4000,SP04,1.000,0.000,0.000,B-21-5
000000000010001005,2000,SP02,11.000,0.000,0.000,E-07-6
000000000030000240,3000,SP03,2.000,0.000,0.000,B-01-3
000000000030000241,4000,SP04,2.000,0.000,0.000,B-24-3
000000000010001006,3000,SP03,33.000,0.000,0.000,C-23-5
000000000010001006,1000,SP01,82.000,0.000,0.000,C-11-2
000000000030000242,4000,SP04,2.000,0.000,0.000,A-19-5
000000000030000243,1000,SP01,0.000,0.000,0.000,C-09-4
000000000010001007,1000,SP01,0.000,0.000,0.000,C-04-5
000000000010001008,1000,SP01,70.000,0.000,0.000,C-14-1
000000000010001009,1000,SP01,129.000,0.000,0.000,E-09-1
000000000080000219,2000,SP02,0.000,0.000,0.000,B-11-2
000000000090000063,2000,SP02,40.000,0.000,0.000,C-05-2
000000000010001010,4000,SP04,298.000,0.000,0.000,C-07-1
000000000080000220,2000,SP02,7.000,0.000,0.000,E-22-2
000000000010001011,1000,SP01,0.000,0.000,0.000,E-17-5
000000000010001011,4000,SP04,0.000,0.000,0.000,E-15-3
000000000080000221,2000,SP02,3.000,0.000,0.000,E-06-3
000000000010001012,1000,SP01,5.000,0.000,0.000,B-12-4
000000000010001013,1000,SP01,0.000,0.000,0.000,A-13-4
000000000010001014,2000,SP02,7.000,0.000,0.000,D-24-3
000000000010001014,3000,SP03,10.000,0.000,0.000,B-22-2
000000000010001015,2000,SP02,13.000,0.000,0.000,B-23-1
000000000010001016,4000,SP04,1.000,0.000,0.000,E-06-1
000000000010001017,1000,SP01,12.000,0.000,0.000,B-08-3
000000000010001018,3000,SP03,2.000,0.000,0.000,D-13-5
000000000010001019,2000,SP02,0.000,0.000,0.000,C-24-4
000000000010001020,4000,SP04,0.000,0.000,0.000,C-09-5
000000000010001021,4000,SP04,10.000,0.000,0.000,C-07-3
000000000010001022,2000,SP02,3.000,0.000,0.000,A-14-2
000000000010001023,3000,SP03,12.000,0.000,0.000,A-10-5
000000000010001023,4000,SP04,4.000,0.000,0.000,E-06-1
000000000010001024,3000,SP03,0.000,0.000,0.000,A-03-1
000000000010001025,1000,SP01,25.000,0.000,0.000,D-17-3
000000000010001026,1000,SP01,0.000,0.000,0.000,A-17-4
000000000010001026,4000,SP04,0.000,0.000,0.000,E-07-1
000000000010001027,4000,SP04,0.000,0.000,0.000,D-10-3
000000000010001028,1000,SP01,13.000,0.000,0.000,A-02-6
000000000080000222,1000,SP01,6.000,0.000,0.000,A-04-6
000000000080000222,3000,SP03,0.000,0.000,0.000,B-24-3
000000000010001029,3000,SP03,0.000,0.000,0.000,D-15-6
000000000030000244,4000,SP04,0.000,0.000,0.000,C-21-3
000000000090000064,1000,SP01,6.000,0.000,0.000,D-01-3
000000000010001030,4000,SP04,0.000,0.000,0.000,D-10-5
000000000010001031,1000,SP01,9.000,0.000,0.000,B-14-2
000000000010001031,2000,SP02,18.000,0.000,0.000,B-20-3
000000000030000245,1000,SP01,11.000,0.000,0.000,E-07-1
000000000010001032,1000,SP01,0.000,0.000,0.000,D-01-1
000000000010001033,1000,SP01,13.000,0.000,0.000,C-09-3
000000000010001033,2000,SP02,72.000,0.000,0.000,E-01-5
000000000010001034,4000,SP04,7.000,0.000,0.000,A-11-4
000000000010001035,1000,SP01,7.000,0.000,0.000,E-19-3
000000000010001036,4000,SP04,6.000,0.000,0.000,C-17-2
000000000080000223,1000,SP01,1.000,0.000,0.000,E-04-2
000000000080000224,1000,SP01,14.000,0.000,0.000,B-19-1
000000000010001037,1000,SP01,40.000,0.000,0.000,C-04-1
000000000010001038,1000,SP01,7.000,0.000,0.000,E-13-1
000000000080000225,1000,SP01,0.000,0.000,0.000,B-20-1
000000000090000065,4000,SP04,20.000,0.000,0.000,C-23-3
000000000090000065,3000,SP03,33.000,0.000,0.000,D-11-1
000000000030000246,4000,SP04,1.000,0.000,0.000,A-12-2
000000000030000247,4000,SP04,7.000,0.000,0.000,A-23-4
000000000010001039,3000,SP03,63.000,0.000,0.000,D-15-6
000000000010001040,1000,SP01,9.000,0.000,0.000,E-24-4
000000000030000248,4000,SP04,0.000,0.000,0.000,B-01-6
000000000030000248,2000,SP02,0.000,0.000,0.000,E-20-4
000000000080000226,4000,SP04,14.000,0.000,0.000,E-19-5
000000000030000249,2000,SP02,2.000,0.000,0.000,D-19-1
000000000080000227,3000,SP03,1.000,0.000,0.000,C-08-1
000000000030000250,4000,SP04,0.000,0.000,0.000,A-03-6
000000000010001041,2000,SP02,18.000,0.000,0.000,B-20-5
000000000010001041,1000,SP01,5.000,0.000,0.000,D-21-1
000000000080000228,4000,SP04,21.000,1.000,0.000,A-03-5
000000000030000251,1000,SP01,0.000,0.000,0.000,D-11-6
000000000030000252,1000,SP01,1.000,0.000,0.000,C-02-5
000000000010001042,1000,SP01,2.000,0.000,0.000,B-06-1
000000000010001043,2000,SP02,158.000,0.000,0.000,A-21-6
000000000030000253,3000,SP03,0.000,0.000,0.000,E-21-3
000000000010001044,3000,SP03,3.000,0.000,0.000,E-20-6
000000000010001045,3000,SP03,1.000,0.000,0.000,C-09-4
000000000030000254,3000,SP03,6.000,0.000,0.000,B-16-3
000000000080000229,2000,SP02,4.000,0.000,0.000,D-16-5
000000000080000230,1000,SP01,19.000,1.000,0.000,B-01-4
000000000080000230,4000,SP04,4.000,0.000,0.000,B-02-5
000000000010001046,3000,SP03,0.000,0.000,0.000,D-09-6
000000000010001047,2000,SP02,11.000,0.000,0.000,D-20-2
000000000010001048,1000,SP01,69.000,0.000,0.000,E-04-2
000000000010001049,4000,SP04,48.000,0.000,0.000,E-23-1
000000000010001050,1000,SP01,0.000,0.000,0.000,C-09-3
000000000010001051,3000,SP03,0.000,0.000,0.000,D-06-3
000000000010001052,2000,SP02,2.000,0.000,0.000,D-14-3
000000000010001053,1000,SP01,28.000,0.000,0.000,E-12-3
000000000010001054,1000,SP01,3.000,0.000,0.000,C-24-2
000000000080000231,1000,SP01,2.000,0.000,0.000,B-11-1
000000000010001055,3000,SP03,0.000,0.000,0.000,E-03-6
000000000010001056,4000,SP04,1.000,0.000,0.000,C-22-1
000000000010001057,2000,SP02,1.000,0.000,0.000,C-11-1
000000000010001057,3000,SP03,1.000,0.000,0.000,C-14-1
000000000010001058,3000,SP03,7.000,0.000,0.000,B-03-4
000000000030000255,1000,SP01,2.000,0.000,0.000,B-04-2
000000000010001059,1000,SP01,2.000,0.000,0.000,E-17-3
000000000010001059,4000,SP04,23.000,0.000,0.000,C-03-5
000000000010001060,4000,SP04,1.000,0.000,0.000,E-03-1
000000000010001061,4000,SP04,109.000,0.000,0.000,E-04-2
000000000010001061,2000,SP02,24.000,0.000,0.000,A-08-5
000000000010001062,3000,SP03,0.000,0.000,0.000,A-01-6
000000000010001063,2000,SP02,0.000,0.000,0.000,C-08-1
000000000010001063,1000,SP01,0.000,0.000,0.000,A-22-1
000000000010001064,3000,SP03,1.000,0.000,0.000,E-08-5
000000000010001065,4000,SP04,4.000,0.000,0.000,A-16-4
000000000030000256,3000,SP03,1.000,0.000,0.000,C-07-5
000000000010001066,2000,SP02,0.000,0.000,0.000,C-11-1
000000000030000257,2000,SP02,3.000,0.000,0.000,C-06-3
000000000030000257,3000,SP03,0.000,0.000,0.000,D-05-5
000000000010001067,3000,SP03,188.000,0.000,0.000,A-06-4
000000000010001068,3000,SP03,128.000,0.000,0.000,B-15-1
000000000010001069,1000,SP01,0.000,0.000,0.000,D-24-2
000000000010001070,3000,SP03,69.000,0.000,0.000,D-13-2
000000000010001070,4000,SP04,36.000,0.000,0.000,C-17-6
000000000010001071,2000,SP02,6.000,0.000,0.000,E-15-4
000000000080000232,2000,SP02,5.000,0.000,0.000,E-01-1
000000000080000233,3000,SP03,7.000,0.000,0.000,A-19-6
000000000030000258,2000,SP02,0.000,0.000,0.000,C-08-5
000000000010001072,2000,SP02,0.000,0.000,0.000,C-21-4
000000000010001073,2000,SP02,3.000,0.000,0.000,C-11-6
000000000010001074,3000,SP03,13.000,0.000,0.000,A-14-2
000000000010001075,4000,SP04,0.000,0.000,0.000,A-23-5
000000000030000259,1000,SP01,3.000,0.000,0.000,E-01-6
000000000080000234,2000,SP02,5.000,1.000,0.000,D-01-5
000000000080000234,4000,SP04,9.000,0.000,0.000,B-01-5
000000000030000260,3000,SP03,2.000,0.000,0.000,A-05-6
000000000080000235,3000,SP03,4.000,0.000,0.000,D-01-1
000000000010001076,4000,SP04,0.000,0.000,0.000,B-02-2
000000000010001077,2000,SP02,2.000,0.000,0.000,A-12-6
000000000010001078,1000,SP01,0.000,0.000,0.000,C-03-3
000000000010001079,4000,SP04,52.000,0.000,0.000,A-11-4
000000000010001080,3000,SP03,19.000,0.000,0.000,E-03-2
000000000010001081,1000,SP01,0.000,0.000,0.000,D-23-5
000000000010001082,1000,SP01,139.000,0.000,0.000,E-19-2
000000000010001083,4000,SP04,9.000,0.000,0.000,E-11-1
000000000010001084,1000,SP01,13.000,0.000,0.000,A-19-4
000000000010001085,2000,SP02,8.000,0.000,0.000,E-06-1
000000000010001085,1000,SP01,14.000,0.000,0.000,C-06-2
000000000030000261,2000,SP02,5.000,0.000,0.000,B-05-1
000000000010001086,1000,SP01,0.000,0.000,0.000,E-02-5
000000000010001087,3000,SP03,6.000,0.000,0.000,B-24-1
000000000010001087,4000,SP04,2.000,0.000,0.000,E-02-3
000000000010001088,2000,SP02,5.000,0.000,0.000,C-10-1
000000000010001089,1000,SP01,63.000,0.000,0.000,A-09-5
000000000010001089,2000,SP02,103.000,0.000,0.000,D-18-1
000000000010001090,4000,SP04,8.000,0.000,0.000,C-10-1
000000000010001091,3000,SP03,81.000,0.000,0.000,B-14-1
000000000010001092,1000,SP01,2.000,0.000,0.000,E-03-3
000000000080000236,3000,SP03,8.000,0.000,0.000,A-06-6
000000000010001093,4000,SP04,6.000,0.000,0.000,C-01-5
000000000010001094,1000,SP01,149.000,0.000,0.000,A-06-3
000000000010001095,3000,SP03,0.000,0.000,0.000,D-04-2
000000000080000237,2000,SP02,12.000,0.000,0.000,E-19-2
000000000010001096,4000,SP04,2.000,0.000,0.000,C-12-1
000000000010001096,3000,SP03,9.000,0.000,0.000,D-15-3
000000000010001097,1000,SP01,3.000,0.000,0.000,B-22-1
000000000080000238,4000,SP04,11.000,0.000,0.000,A-01-2
000000000030000262,2000,SP02,0.000,0.000,0.000,D-06-6
000000000010001098,1000,SP01,3.000,0.000,0.000,C-12-6
000000000010001098,2000,SP02,11.000,0.000,0.000,C-11-5
000000000080000239,2000,SP02,8.000,0.000,0.000,C-04-4
000000000010001099,3000,SP03,4.000,0.000,0.000,C-21-2
000000000080000240,4000,SP04,6.000,0.000,0.000,C-15-3
000000000080000241,1000,SP01,13.000,0.000,0.000,D-01-2
000000000010001100,2000,SP02,2.000,0.000,0.000,B-19-6
000000000010001101,4000,SP04,0.000,0.000,0.000,D-15-6
000000000030000263,4000,SP04,0.000,0.000,0.000,D-22-3
000000000030000264,4000,SP04,1.000,0.000,0.000,A-02-5
000000000010001102,1000,SP01,0.000,0.000,0.000,A-11-4
000000000010001103,4000,SP04,0.000,0.000,0.000,A-01-1
000000000010001104,2000,SP02,11.000,0.000,0.000,D-02-1
000000000030000265,4000,SP04,3.000,0.000,0.000,A-23-3
000000000010001105,4000,SP04,0.000,0.000,0.000,E-20-4
000000000010001106,3000,SP03,6.000,0.000,0.000,C-23-3
000000000010001107,3000,SP03,0.000,0.000,0.000,E-02-2
000000000010001108,2000,SP02,0.000,0.000,0.000,C-04-3
000000000010001109,4000,SP04,4.000,0.000,0.000,A-02-3
000000000010001109,2000,SP02,5.000,0.000,0.000,C-02-3
000000000010001110,4000,SP04,0.000,0.000,0.000,D-13-3
000000000010001111,1000,SP01,0.000,0.000,0.000,D-10-3
000000000090000066,2000,SP02,9.000,0.000,0.000,A-04-3
000000000090000066,1000,SP01,20.000,0.000,0.000,B-08-1
000000000010001112,2000,SP02,1.000,0.000,0.000,C-15-5
000000000030000266,1000,SP01,0.000,0.000,0.000,E-11-4
000000000010001113,2000,SP02,66.000,0.000,0.000,C-19-6
000000000030000267,4000,SP04,0.000,0.000,0.000,E-17-4
000000000030000268,3000,SP03,3.000,0.000,0.000,C-22-6
000000000030000268,1000,SP01,1.000,0.000,0.000,D-08-2
000000000010001114,3000,SP03,105.000,0.000,0.000,D-20-2
000000000010001115,4000,SP04,16.000,0.000,0.000,E-22-3
000000000010001115,3000,SP03,8.000,0.000,0.000,A-21-2
000000000010001116,2000,SP02,13.000,0.000,0.000,D-23-3
000000000010001117,1000,SP01,0.000,0.000,0.000,B-05-1
000000000010001118,4000,SP04,15.000,0.000,0.000,A-22-5
000000000010001119,1000,SP01,4.000,0.000,0.000,E-14-3
000000000090000067,4000,SP04,32.000,0.000,0.000,B-03-4
000000000090000067,2000,SP02,29.000,0.000,0.000,E-01-4
000000000010001120,1000,SP01,0.000,0.000,0.000,D-13-2
000000000010001121,2000,SP02,1.000,0.000,0.000,E-18-6
000000000010001121,3000,SP03,2.000,0.000,0.000,D-07-6
000000000010001122,4000,SP04,97.000,0.000,0.000,D-24-4
000000000010001123,2000,SP02,0.000,0.000,0.000,B-20-3
000000000010001124,4000,SP04,9.000,0.000,0.000,B-18-1
000000000010001125,1000,SP01,78.000,0.000,0.000,D-17-5
000000000030000269,3000,SP03,1.000,0.000,0.000,A-20-1
000000000010001126,3000,SP03,142.000,0.000,0.000,D-09-3
000000000010001127,1000,SP01,0.000,0.000,0.000,D-08-6
000000000010001127,3000,SP03,0.000,0.000,0.000,C-14-1
000000000010001128,4000,SP04,12.000,0.000,0.000,A-12-6
000000000010001129,3000,SP03,7.000,0.000,0.000,B-19-1
000000000010001130,2000,SP02,4.000,0.000,0.000,C-16-6
000000000010001131,3000,SP03,6.000,0.000,0.000,A-01-2
000000000010001132,4000,SP04,2.000,0.000,0.000,B-18-1
000000000010001133,1000,SP01,21.000,0.000,0.000,D-16-1
000000000010001133,3000,SP03,128.000,0.000,0.000,D-16-3
000000000010001134,3000,SP03,103.000,0.000,0.000,C-08-2
000000000090000068,4000,SP04,26.000,0.000,0.000,E-08-2
000000000010001135,2000,SP02,94.000,0.000,0.000,E-16-4
000000000010001136,3000,SP03,15.000,0.000,0.000,E-06-2
000000000090000069,3000,SP03,30.000,0.000,0.000,A-20-3
000000000010001137,2000,SP02,98.000,0.000,0.000,B-04-5
000000000010001138,1000,SP01,6.000,0.000,0.000,E-22-1
000000000010001139,1000,SP01,4.000,0.000,0.000,E-10-6
000000000010001140,1000,SP01,44.000,0.000,0.000,C-09-6
000000000010001140,3000,SP03,31.000,0.000,0.000,C-10-5
000000000030000270,4000,SP04,0.000,0.000,0.000,B-24-3
000000000010001141,4000,SP04,0.000,0.000,0.000,A-20-2
000000000010001142,2000,SP02,15.000,0.000,0.000,A-02-6
000000000010001143,3000,SP03,0.000,0.000,0.000,B-13-2
000000000010001144,1000,SP01,4.000,0.000,0.000,C-07-6
000000000090000070,4000,SP04,18.000,0.000,0.000,D-04-3
000000000030000271,4000,SP04,0.000,0.000,0.000,C-20-1
000000000010001145,3000,SP03,1.000,0.000,0.000,B-08-3
000000000010001146,4000,SP04,0.000,0.000,0.000,D-24-3
000000000010001146,1000,SP01,0.000,0.000,0.000,D-23-1
000000000010001147,3000,SP03,1.000,0.000,0.000,C-09-6
000000000010001148,4000,SP04,4.000,0.000,0.000,A-15-5
000000000010001149,3000,SP03,0.000,0.000,0.000,D-21-4
000000000030000272,1000,SP01,2.000,0.000,0.000,A-05-2
000000000010001150,4000,SP04,66.000,0.000,0.000,C-15-4
000000000010001151,3000,SP03,0.000,0.000,0.000,E-16-1
000000000030000273,4000,SP04,4.000,0.000,0.000,D-16-5
000000000010001152,4000,SP04,0.000,0.000,0.000,D-22-1
000000000010001152,2000,SP02,0.000,0.000,0.000,D-06-4
000000000010001153,3000,SP03,6.000,0.000,0.000,E-03-1
000000000080000242,2000,SP02,3.000,0.000,0.000,D-07-4
000000000080000242,3000,SP03,3.000,0.000,0.000,B-11-1
000000000030000274,1000,SP01,0.000,0.000,0.000,D-11-1
000000000030000275,1000,SP01,3.000,0.000,0.000,D-20-1
000000000010001154,3000,SP03,11.000,0.000,0.000,C-09-6
000000000030000276,4000,SP04,0.000,0.000,0.000,C-12-6
000000000010001155,3000,SP03,125.000,0.000,0.000,A-10-1
000000000010001156,3000,SP03,9.000,0.000,0.000,C-21-4
000000000080000243,3000,SP03,1.000,1.000,0.000,D-04-4
000000000090000071,1000,SP01,29.000,0.000,0.000,C-18-3
000000000090000072,1000,SP01,30.000,0.000,0.000,C-14-5
000000000010001157,3000,SP03,0.000,0.000,0.000,C-20-3
000000000010001158,1000,SP01,11.000,0.000,0.000,E-06-3
000000000090000073,1000,SP01,12.000,0.000,0.000,A-06-6
000000000030000277,4000,SP04,0.000,0.000,0.000,B-24-3
000000000030000277,3000,SP03,0.000,0.000,0.000,D-14-3
000000000010001159,2000,SP02,0.000,0.000,0.000,B-14-6
000000000010001159,4000,SP04,0.000,0.000,0.000,D-14-6
000000000080000244,1000,SP01,1.000,1.000,0.000,A-17-2
000000000080000245,4000,SP04,6.000,0.000,0.000,B-23-5
000000000010001160,3000,SP03,0.000,0.000,0.000,A-21-4
000000000010001160,4000,SP04,4.000,0.000,0.000,D-07-6
000000000030000278,3000,SP03,0.000,0.000,0.000,E-02-2
000000000030000279,2000,SP02,1.000,0.000,0.000,E-19-6
000000000030000280,2000,SP02,5.000,0.000,0.000,A-04-5
000000000010001161,1000,SP01,12.000,0.000,0.000,B-15-3
000000000010001162,3000,SP03,19.000,0.000,0.000,D-18-1
000000000090000074,2000,SP02,21.000,0.000,0.000,B-13-2
000000000010001163,3000,SP03,4.000,0.000,0.000,D-18-1
000000000010001164,1000,SP01,10.000,0.000,0.000,B-02-6
000000000010001164,3000,SP03,3.000,0.000,0.000,D-08-2
000000000080000246,1000,SP01,7.000,0.000,0.000,B-16-3
000000000080000246,4000,SP04,2.000,0.000,0.000,D-18-4
000000000010001165,2000,SP02,0.000,0.000,0.000,E-14-4
000000000010001166,4000,SP04,8.000,0.000,0.000,E-05-4
000000000010001167,4000,SP04,197.000,0.000,0.000,C-07-5
000000000010001168,2000,SP02,20.000,0.000,0.000,E-01-4
000000000010001169,4000,SP04,8.000,0.000,0.000,D-06-4
000000000010001169,1000,SP01,2.000,0.000,0.000,E-22-5
000000000010001170,4000,SP04,0.000,0.000,0.000,E-18-2
000000000010001171,4000,SP04,6.000,0.000,0.000,E-06-5
000000000010001172,1000,SP01,19.000,0.000,0.000,A-01-3
000000000010001173,4000,SP04,0.000,0.000,0.000,B-23-4
000000000030000281,3000,SP03,1.000,0.000,0.000,E-21-1
000000000010001174,4000,SP04,89.000,0.000,0.000,C-23-4
000000000010001175,4000,SP04,63.000,0.000,0.000,C-15-3
000000000030000282,1000,SP01,3.000,0.000,0.000,B-21-4
000000000010001176,4000,SP04,1.000,0.000,0.000,E-19-2
000000000030000283,3000,SP03,0.000,0.000,0.000,B-08-3
000000000030000283,1000,SP01,2.000,0.000,0.000,C-24-3
000000000010001177,2000,SP02,4.000,0.000,0.000,E-16-4
000000000010001177,3000,SP03,4.000,0.000,0.000,E-21-2
000000000080000247,1000,SP01,3.000,0.000,0.000,B-07-6
000000000080000247,3000,SP03,0.000,0.000,0.000,C-03-1
000000000010001178,4000,SP04,8.000,0.000,0.000,B-24-1
000000000010001178,2000,SP02,8.000,0.000,0.000,E-10-1
000000000010001179,2000,SP02,0.000,0.000,0.000,B-02-6
000000000010001179,3000,SP03,0.000,0.000,0.000,A-08-4
000000000030000284,3000,SP03,0.000,0.000,0.000,E-17-4
000000000030000284,2000,SP02,3.000,0.000,0.000,A-02-3
000000000010001180,4000,SP04,8.000,0.000,0.000,A-24-3
000000000010001181,1000,SP01,8.000,0.000,0.000,A-07-1
000000000010001182,4000,SP04,15.000,0.000,0.000,E-15-1
000000000010001182,3000,SP03,32.000,0.000,0.000,B-17-4
000000000010001183,2000,SP02,5.000,0.000,0.000,B-09-2
000000000010001183,3000,SP03,1.000,0.000,0.000,E-01-1
000000000010001184,1000,SP01,176.000,0.000,0.000,A-23-1
000000000030000285,4000,SP04,3.000,0.000,0.000,D-24-4
000000000010001185,4000,SP04,0.000,0.000,0.000,A-16-4
000000000030000286,1000,SP01,4.000,0.000,0.000,D-19-1
000000000030000286,4000,SP04,0.000,0.000,0.000,B-08-4
000000000010001186,2000,SP02,0.000,0.000,0.000,B-07-5
000000000010001186,3000,SP03,7.000,0.000,0.000,B-08-5
000000000010001187,4000,SP04,0.000,0.000,0.000,D-07-1
000000000030000287,4000,SP04,3.000,0.000,0.000,B-16-4
000000000010001188,1000,SP01,0.000,0.000,0.000,D-20-3
000000000010001188,4000,SP04,0.000,0.000,0.000,C-15-3
000000000010001189,4000,SP04,0.000,0.000,0.000,D-04-2
000000000010001190,4000,SP04,3.000,0.000,0.000,E-08-3
000000000080000248,2000,SP02,2.000,1.000,0.000,A-02-2
000000000080000248,4000,SP04,10.000,0.000,0.000,C-15-6
000000000010001191,3000,SP03,0.000,0.000,0.000,A-03-1
000000000030000288,2000,SP02,0.000,0.000,0.000,C-21-4
000000000030000288,3000,SP03,0.000,0.000,0.000,C-22-3
000000000010001192,4000,SP04,6.000,0.000,0.000,E-11-3
000000000010001193,4000,SP04,55.000,0.000,0.000,D-22-6
000000000010001194,2000,SP02,0.000,0.000,0.000,D-06-1
000000000010001195,2000,SP02,28.000,0.000,0.000,C-13-2
000000000010001195,3000,SP03,6.000,0.000,0.000,A-23-3
000000000010001196,4000,SP04,35.000,0.000,0.000,B-17-2
000000000010001197,1000,SP01,4.000,0.000,0.000,B-18-1
000000000010001198,1000,SP01,17.000,0.000,0.000,A-07-1
000000000010001198,4000,SP04,16.000,0.000,0.000,B-08-5
000000000010001199,3000,SP03,1.000,0.000,0.000,B-02-6
000000000080000249,1000,SP01,8.000,0.000,0.000,A-07-4
000000000080000250,2000,SP02,6.000,0.000,0.000,E-13-5
000000000010001200,1000,SP01,64.000,0.000,0.000,C-23-2
000000000010001200,3000,SP03,0.000,0.000,0.000,A-18-5
000000000010001201,2000,SP02,5.000,0.000,0.000,B-08-5
000000000010001201,3000,SP03,11.000,0.000,0.000,D-02-1
000000000010001202,2000,SP02,0.000,0.000,0.000,D-11-6
000000000010001203,4000,SP04,93.000,0.000,0.000,C-12-6
000000000010001204,4000,SP04,1.000,0.000,0.000,B-19-1
000000000010001204,3000,SP03,2.000,0.000,0.000,E-01-5
000000000010001205,1000,SP01,0.000,0.000,0.000,C-14-6
000000000010001206,3000,SP03,3.000,0.000,0.000,C-17-1
000000000010001207,4000,SP04,21.000,0.000,0.000,C-18-5
000000000010001208,4000,SP04,0.000,0.000,0.000,E-03-4
000000000010001209,2000,SP02,0.000,0.000,0.000,D-24-5
000000000010001210,4000,SP04,141.000,0.000,0.000,E-14-5
000000000010001210,3000,SP03,96.000,0.000,0.000,D-22-2
000000000030000289,4000,SP04,2.000,0.000,0.000,E-24-6
000000000090000075,1000,SP01,10.000,0.000,0.000,D-21-6
000000000090000075,4000,SP04,6.000,0.000,0.000,A-15-5
000000000010001211,1000,SP01,12.000,0.000,0.000,D-15-1
000000000030000290,4000,SP04,0.000,0.000,0.000,D-07-5
000000000010001212,2000,SP02,0.000,0.000,0.000,D-19-4
000000000010001213,2000,SP02,65.000,0.000,0.000,C-17-6
000000000030000291,4000,SP04,4.000,0.000,0.000,E-23-4
000000000030000291,1000,SP01,1.000,0.000,0.000,B-09-2
000000000030000292,3000,SP03,0.000,0.000,0.000,E-24-1
000000000010001214,3000,SP03,0.000,0.000,0.000,E-04-4
000000000010001214,2000,SP02,0.000,0.000,0.000,E-07-2
000000000010001215,2000,SP02,23.000,0.000,0.000,E-02-2
000000000010001216,2000,SP02,0.000,0.000,0.000,A-18-4
000000000010001217,3000,SP03,2.000,0.000,0.000,E-06-2
000000000010001217,1000,SP01,3.000,0.000,0.000,A-16-3
000000000030000293,2000,SP02,0.000,0.000,0.000,E-17-6
000000000030000293,3000,SP03,1.000,0.000,0.000,C-08-6
000000000010001218,4000,SP04,0.000,0.000,0.000,A-08-6
000000000080000251,2000,SP02,6.000,0.000,0.000,D-12-5
000000000030000294,2000,SP02,8.000,0.000,0.000,B-08-3
000000000030000294,1000,SP01,2.000,0.000,0.000,D-10-5
000000000030000295,3000,SP03,6.000,0.000,0.000,E-14-1
000000000010001219,1000,SP01,2.000,0.000,0.000,D-08-5
000000000010001220,3000,SP03,3.000,0.000,0.000,B-22-5
000000000010001221,2000,SP02,18.000,0.000,0.000,D-19-5
000000000010001221,3000,SP03,2.000,0.000,0.000,E-22-6
000000000010001222,1000,SP01,0.000,0.000,0.000,A-14-4
000000000010001223,4000,SP04,10.000,0.000,0.000,D-20-6
000000000080000252,1000,SP01,6.000,0.000,0.000,B-05-6
000000000010001224,2000,SP02,56.000,0.000,0.000,D-11-1
000000000010001225,2000,SP02,120.000,0.000,0.000,A-20-4
000000000010001226,3000,SP03,0.000,0.000,0.000,E-13-2
000000000010001227,1000,SP01,2.000,0.000,0.000,D-15-1
000000000080000253,3000,SP03,4.000,0.000,0.000,B-12-3
000000000080000254,4000,SP04,16.000,0.000,0.000,A-16-4
000000000030000296,3000,SP03,0.000,0.000,0.000,D-15-5
000000000010001228,1000,SP01,2.000,0.000,0.000,C-21-1
000000000010001228,4000,SP04,3.000,0.000,0.000,A-09-6
000000000010001229,1000,SP01,4.000,0.000,0.000,B-15-5
000000000010001229,4000,SP04,1.000,0.000,0.000,A-16-2
000000000010001230,3000,SP03,0.000,0.000,0.000,E-10-2
000000000030000297,3000,SP03,4.000,0.000,0.000,C-18-3
000000000080000255,4000,SP04,7.000,0.000,0.000,C-01-1
000000000010001231,1000,SP01,209.000,0.000,0.000,B-16-2
000000000030000298,1000,SP01,0.000,0.000,0.000,A-15-2
000000000030000299,2000,SP02,5.000,0.000,0.000,D-24-3
000000000080000256,1000,SP01,9.000,1.000,0.000,E-10-1
000000000010001232,2000,SP02,24.000,0.000,0.000,C-23-5
000000000080000257,2000,SP02,6.000,0.000,0.000,E-01-4
000000000010001233,2000,SP02,0.000,0.000,0.000,B-01-4
000000000010001233,3000,SP03,9.000,0.000,0.000,E-02-6
000000000010001234,3000,SP03,0.000,0.000,0.000,B-01-6
000000000010001235,2000,SP02,0.000,0.000,0.000,D-24-6
000000000010001236,4000,SP04,116.000,0.000,0.000,A-20-1
000000000010001236,2000,SP02,15.000,0.000,0.000,B-20-5
000000000010001237,2000,SP02,1.000,0.000,0.000,C-06-1
000000000010001238,3000,SP03,9.000,0.000,0.000,C-04-5
000000000090000076,4000,SP04,7.000,0.000,0.000,C-04-6
000000000010001239,4000,SP04,6.000,0.000,0.000,A-20-3
000000000010001239,2000,SP02,0.000,0.000,0.000,A-08-5
000000000010001240,2000,SP02,1.000,0.000,0.000,D-06-1
000000000030000300,3000,SP03,6.000,0.000,0.000,E-17-1
000000000010001241,3000,SP03,5.000,0.000,0.000,C-17-6
000000000010001242,1000,SP01,12.000,0.000,0.000,C-08-5
000000000010001243,4000,SP04,147.000,0.000,0.000,D-21-5
000000000010001243,3000,SP03,9.000,0.000,0.000,A-21-1
000000000010001244,4000,SP04,6.000,0.000,0.000,D-09-3
000000000010001245,1000,SP01,78.000,0.000,0.000,B-09-1
000000000080000258,4000,SP04,4.000,0.000,0.000,E-22-5
000000000080000258,2000,SP02,4.000,0.000,0.000,E-01-5
000000000010001246,2000,SP02,0.000,0.000,0.000,B-20-1
000000000010001247,1000,SP01,0.000,0.000,0.000,A-10-5
000000000090000077,1000,SP01,6.000,0.000,0.000,E-07-5
000000000010001248,2000,SP02,0.000,0.000,0.000,A-24-5
000000000010001249,3000,SP03,2.000,0.000,0.000,E-08-6
000000000010001250,4000,SP04,24.000,0.000,0.000,D-11-2
000000000080000259,1000,SP01,6.000,0.000,0.000,B-04-3
000000000010001251,2000,SP02,5.000,0.000,0.000,C-03-1
000000000010001252,2000,SP02,0.000,0.000,0.000,D-20-1
000000000010001253,1000,SP01,0.000,0.000,0.000,D-03-1
000000000010001254,4000,SP04,132.000,0.000,0.000,E-03-4
000000000010001255,3000,SP03,7.000,0.000,0.000,C-11-4
000000000010001256,1000,SP01,197.000,0.000,0.000,D-01-4
000000000010001256,4000,SP04,80.000,0.000,0.000,C-18-5
000000000030000301,2000,SP02,0.000,0.000,0.000,C-21-1
000000000030000301,4000,SP04,0.000,0.000,0.000,D-07-6
000000000010001257,3000,SP03,0.000,0.000,0.000,C-20-4
000000000010001258,4000,SP04,15.000,0.000,0.000,D-02-4
000000000090000078,3000,SP03,14.000,0.000,0.000,A-07-2
000000000090000078,4000,SP04,32.000,0.000,0.000,B-09-6
000000000010001259,1000,SP01,2.000,0.000,0.000,A-24-3
000000000010001260,2000,SP02,28.000,0.000,0.000,B-21-1
000000000080000260,4000,SP04,1.000,0.000,0.000,D-03-2
000000000010001261,3000,SP03,7.000,0.000,0.000,D-14-1
000000000080000261,3000,SP03,20.000,0.000,0.000,C-04-1
000000000010001262,3000,SP03,0.000,0.000,0.000,B-18-6
000000000010001263,1000,SP01,40.000,0.000,0.000,A-02-4
000000000010001264,2000,SP02,0.000,0.000,0.000,E-20-5
000000000010001264,3000,SP03,0.000,0.000,0.000,D-08-1
000000000010001265,1000,SP01,0.000,0.000,0.000,C-07-1
000000000010001266,1000,SP01,2.000,0.000,0.000,B-06-5
000000000010001267,3000,SP03,2.000,0.000,0.000,C-22-5
000000000010001268,4000,SP04,14.000,0.000,0.000,A-03-1
000000000080000262,2000,SP02,8.000,0.000,0.000,D-01-4
000000000080000262,1000,SP01,7.000,0.000,0.000,B-13-1
000000000030000302,1000,SP01,3.000,0.000,0.000,C-16-5
000000000010001269,4000,SP04,0.000,0.000,0.000,D-18-3
000000000010001270,4000,SP04,7.000,0.000,0.000,E-12-1
000000000030000303,4000,SP04,0.000,0.000,0.000,D-24-3
000000000090000079,2000,SP02,36.000,0.000,0.000,E-11-3
000000000090000079,4000,SP04,6.000,0.000,0.000,E-22-1
000000000010001271,4000,SP04,0.000,0.000,0.000,C-09-2
000000000010001272,1000,SP01,14.000,0.000,0.000,E-03-4
000000000010001273,1000,SP01,10.000,0.000,0.000,B-21-6
000000000010001274,1000,SP01,0.000,0.000,0.000,D-23-6
000000000010001275,1000,SP01,4.000,0.000,0.000,C-15-3
000000000010001276,2000,SP02,5.000,0.000,0.000,A-24-3
000000000010001277,4000,SP04,11.000,0.000,0.000,C-02-3
000000000010001278,4000,SP04,170.000,0.000,0.000,B-14-3
000000000010001279,3000,SP03,0.000,0.000,0.000,A-04-6
000000000010001280,4000,SP04,9.000,0.000,0.000,D-03-3
000000000010001281,1000,SP01,14.000,0.000,0.000,B-17-3
000000000090000080,2000,SP02,6.000,0.000,0.000,B-17-2
000000000090000080,4000,SP04,24.000,0.000,0.000,A-23-6
000000000030000304,2000,SP02,6.000,0.000,0.000,C-06-5
000000000080000263,3000,SP03,15.000,0.000,0.000,D-17-1
000000000010001282,4000,SP04,3.000,0.000,0.000,E-03-5
000000000010001283,1000,SP01,73.000,0.000,0.000,A-17-6
000000000010001283,3000,SP03,49.000,0.000,0.000,B-08-3
000000000010001284,2000,SP02,39.000,0.000,0.000,E-07-5
000000000010001285,3000,SP03,18.000,0.000,0.000,B-04-2
000000000030000305,3000,SP03,2.000,0.000,0.000,A-12-6
000000000010001286,2000,SP02,5.000,0.000,0.000,B-10-5
000000000030000306,2000,SP02,0.000,0.000,0.000,B-14-2
000000000010001287,2000,SP02,0.000,0.000,0.000,B-02-5
000000000080000264,4000,SP04,5.000,0.000,0.000,D-17-2
000000000010001288,3000,SP03,7.000,0.000,0.000,E-14-4
000000000010001289,2000,SP02,5.000,0.000,0.000,A-05-1
000000000010001290,2000,SP02,4.000,0.000,0.000,B-15-3
000000000010001291,1000,SP01,0.000,0.000,0.000,D-10-3
000000000010001291,2000,SP02,0.000,0.000,0.000,A-14-5
000000000010001292,2000,SP02,2.000,0.000,0.000,B-17-4
000000000010001293,3000,SP03,1.000,0.000,0.000,A-22-3
000000000010001294,1000,SP01,73.000,0.000,0.000,C-11-3
000000000010001295,2000,SP02,10.000,0.000,0.000,B-18-1
000000000030000307,2000,SP02,2.000,0.000,0.000,C-08-1
000000000030000308,1000,SP01,4.000,0.000,0.000,E-23-4
000000000030000308,3000,SP03,0.000,0.000,0.000,D-22-2
000000000010001296,3000,SP03,0.000,0.000,0.000,D-16-3
000000000010001297,1000,SP01,13.000,0.000,0.000,C-16-6
000000000010001298,4000,SP04,2.000,0.000,0.000,A-19-2
000000000010001298,2000,SP02,1.000,0.000,0.000,D-13-3
000000000010001299,3000,SP03,0.000,0.000,0.000,E-05-2
000000000010001300,3000,SP03,9.000,0.000,0.000,A-01-5
000000000010001300,4000,SP04,14.000,0.000,0.000,B-06-4
000000000090000081,1000,SP01,12.000,0.000,0.000,B-12-4
000000000090000081,4000,SP04,15.000,0.000,0.000,B-21-2
000000000010001301,1000,SP01,8.000,0.000,0.000,D-12-3
000000000010001302,2000,SP02,0.000,0.000,0.000,B-11-3
000000000030000309,2000,SP02,0.000,0.000,0.000,A-13-2
000000000010001303,4000,SP04,137.000,0.000,0.000,E-20-1
000000000080000265,2000,SP02,13.000,0.000,0.000,B-18-5
000000000010001304,1000,SP01,143.000,0.000,0.000,D-16-1
000000000010001305,2000,SP02,2.000,0.000,0.000,C-23-5
000000000010001306,3000,SP03,3.000,0.000,0.000,C-17-6
000000000030000310,3000,SP03,0.000,0.000,0.000,C-05-4
000000000010001307,3000,SP03,1.000,0.000,0.000,D-13-1
000000000080000266,3000,SP03,7.000,0.000,0.000,E-23-6
000000000010001308,2000,SP02,143.000,0.000,0.000,E-18-5
000000000010001309,2000,SP02,6.000,0.000,0.000,B-22-5
000000000030000311,4000,SP04,0.000,0.000,0.000,C-20-1
000000000010001310,3000,SP03,0.000,0.000,0.000,D-13-1
000000000080000267,4000,SP04,3.000,0.000,0.000,D-09-5
000000000030000312,2000,SP02,4.000,0.000,0.000,C-08-6
000000000030000312,3000,SP03,3.000,0.000,0.000,D-22-6
000000000010001311,4000,SP04,11.000,0.000,0.000,E-01-2
000000000010001312,3000,SP03,8.000,0.000,0.000,E-18-1
000000000090000082,1000,SP01,11.000,0.000,0.000,C-19-2
000000000090000082,4000,SP04,16.000,0.000,0.000,A-04-3
000000000010001313,3000,SP03,92.000,0.000,0.000,E-17-3
000000000010001314,3000,SP03,46.000,0.000,0.000,C-21-3
000000000010001315,4000,SP04,67.000,0.000,0.000,D-02-4
000000000090000083,4000,SP04,17.000,0.000,0.000,C-18-4
000000000010001316,3000,SP03,0.000,0.000,0.000,A-09-6
000000000010001316,2000,SP02,0.000,0.000,0.000,B-24-1
000000000010001317,3000,SP03,20.000,0.000,0.000,A-01-2
000000000010001318,2000,SP02,0.000,0.000,0.000,E-17-4
000000000010001318,4000,SP04,0.000,0.000,0.000,A-21-4
000000000010001319,4000,SP04,0.000,0.000,0.000,C-04-6
000000000010001319,1000,SP01,5.000,0.000,0.000,E-01-2
000000000010001320,3000,SP03,65.000,0.000,0.000,A-03-1
000000000010001321,1000,SP01,3.000,0.000,0.000,D-18-6
000000000010001321,2000,SP02,2.000,0.000,0.000,E-24-2
000000000030000313,1000,SP01,1.000,0.000,0.000,D-16-5
000000000030000314,4000,SP04,1.000,0.000,0.000,E-12-5
000000000090000084,3000,SP03,27.000,0.000,0.000,C-21-3
000000000010001322,4000,SP04,0.000,0.000,0.000,E-08-2
000000000010001323,1000,SP01,5.000,0.000,0.000,E-20-1
000000000010001324,2000,SP02,35.000,0.000,0.000,D-12-6
000000000010001325,4000,SP04,8.000,0.000,0.000,C-14-3
000000000010001326,2000,SP02,0.000,0.000,0.000,C-11-2
000000000010001326,4000,SP04,0.000,0.000,0.000,A-11-3
000000000010001327,3000,SP03,0.000,0.000,0.000,C-14-3
000000000010001327,2000,SP02,0.000,0.000,0.000,E-10-4
000000000030000315,2000,SP02,4.000,0.000,0.000,E-18-6
000000000010001328,4000,SP04,0.000,0.000,0.000,C-14-3
000000000010001329,2000,SP02,0.000,0.000,0.000,B-03-1
000000000010001330,3000,SP03,0.000,0.000,0.000,E-24-6
