recommendation_id,Matnr,Werks,material_description,criticality,demand_pattern,consumptions_12m,lead_time_days,current_rop,recommended_rop,current_safety_stock,recommended_safety_stock,current_max_stock,recommended_max_stock,recommendation_type,reason,status,created_on
REC-000001,000000000010000000,1000,Gearbox Bearing 55KW SKF,INSURANCE,REGULAR,10,58,36.087,54.900,6.202,9.400,152.999,126.500,ROP_MAX_SAFETY_STOCK,Regular consumption of 23.9 per month over 24 months with a 58-day lead time gives a reorder point of 54.9 against the current 36.087.,APPROVED,2026-08-27
REC-000002,000000000010000001,1000,Mill Liner 200MM SKF,NORMAL,REGULAR,10,33,12.408,21.900,2.532,4.500,117.512,70.000,ROP_MAX_SAFETY_STOCK,Regular consumption of 16.0 per month over 24 months with a 33-day lead time gives a reorder point of 21.9 against the current 12.408.,APPROVED,2026-08-26
REC-000003,000000000010000001,2000,Mill Liner 200MM SKF,NORMAL,REGULAR,12,33,41.138,29.700,8.855,6.400,129.327,94.200,ROP_MAX_SAFETY_STOCK,"Stock on hand 26 is below the current reorder point 41.138. At the NORMAL service level of 85% and a 33-day lead time, the reorder point should be 29.7.",APPROVED,2026-07-04
REC-000004,000000000080000000,3000,Thickener Rake Seal Kit DN150 METSO,CRITICAL,INTERMITTENT,3,125,10.638,14.500,5.882,8.000,16.954,19.200,ROP_MAX_SAFETY_STOCK,Intermittent consumption of 1.6 per month over 24 months with a 125-day lead time gives a reorder point of 14.5 against the current 10.638.,PROPOSED,2026-08-20
REC-000005,000000000010000002,4000,PLC Digital Output Card TYPE B SKF,IMPACT,INTERMITTENT,5,17,3.698,2.800,2.676,2.000,7.342,6.900,ROP_MAX_SAFETY_STOCK,Intermittent consumption of 1.4 per month over 24 months with a 17-day lead time gives a reorder point of 2.8 against the current 3.698.,PROPOSED,2026-05-19
REC-000006,000000000010000002,2000,PLC Digital Output Card TYPE B SKF,IMPACT,INTERMITTENT,4,17,5.226,2.900,3.902,2.200,9.524,6.900,ROP_MAX_SAFETY_STOCK,Intermittent consumption of 1.3 per month over 24 months with a 17-day lead time gives a reorder point of 2.9 against the current 5.226.,APPROVED,2026-06-03
REC-000007,000000000080000001,1000,Level Radar Transmitter DN100 FLSM,NORMAL,INTERMITTENT,3,49,9.258,8.600,4.563,4.200,19.717,16.700,ROP_MAX_SAFETY_STOCK,"Stock on hand 5 is below the current reorder point 9.258. At the NORMAL service level of 85% and a 49-day lead time, the reorder point should be 8.6.",PROPOSED,2026-08-27
REC-000008,000000000080000001,4000,Level Radar Transmitter DN100 FLSM,NORMAL,INTERMITTENT,2,49,7.884,5.500,4.299,3.000,10.728,10.100,ROP_MAX_SAFETY_STOCK,Stock on hand 11 exceeds the current maximum 10.728. Consumption of 1.5 per month supports a maximum of 10.1.,APPROVED,2026-06-04
REC-000009,000000000010000004,3000,Thickener Rake Drive Gearbox TYPE B,NORMAL,REGULAR,11,19,45.337,33.300,11.211,8.200,133.338,153.800,ROP_MAX_SAFETY_STOCK,Regular consumption of 40.2 per month over 24 months with a 19-day lead time gives a reorder point of 33.3 against the current 45.337.,HELD,2026-08-06
REC-000010,000000000010000005,1000,Crusher Hydroset Cylinder TYPE B SANDVIK,CRITICAL,REGULAR,12,87,123.573,94.600,30.978,23.700,287.080,169.000,ROP_MAX_SAFETY_STOCK,"Stock on hand 75 is below the current reorder point 123.573. At the CRITICAL service level of 98% and a 87-day lead time, the reorder point should be 94.6.",APPROVED,2026-07-11
REC-000011,000000000010000006,1000,Pressure Transmitter Assembly 10/8 METSO,INSURANCE,INTERMITTENT,6,208,4.956,9.100,1.845,3.400,10.146,11.600,ROP_MAX_SAFETY_STOCK,"Stock on hand 3 is below the current reorder point 4.956. At the INSURANCE service level of 90% and a 208-day lead time, the reorder point should be 9.1.",PROPOSED,2026-06-24
REC-000012,000000000030000001,1000,Mill Liner 10/8 METSO,IMPACT,ON_DEMAND,2,23,0.000,4.100,0.000,3.100,0.000,8.000,OAR_TO_MIN_MAX,This OAR material is classified IMPACT on the critical parts list. Recommend Min-Max management with a reorder point of 4.1 and a maximum of 8.,APPROVED,2026-05-10
REC-000013,000000000010000007,3000,Level Radar Transmitter HD METSO,IMPACT,INTERMITTENT,6,56,18.973,10.800,11.696,6.700,18.973,17.600,ROP_MAX_SAFETY_STOCK,"Stock on hand 18 is below the current reorder point 18.973. At the IMPACT service level of 95% and a 56-day lead time, the reorder point should be 10.8.",APPROVED,2026-06-18
REC-000014,000000000010000008,4000,PLC Digital Output Card 6/4 KSB,CRITICAL,INTERMITTENT,6,199,34.269,20.700,12.583,7.600,34.269,26.700,ROP_MAX_SAFETY_STOCK,Stock on hand 42 exceeds the current maximum 34.269. Consumption of 2.0 per month supports a maximum of 26.7.,REJECTED,2026-09-02
REC-000015,000000000080000002,3000,Pressure Transmitter Assembly TYPE A,IMPACT,INTERMITTENT,2,36,4.546,7.000,3.241,5.000,10.283,12.100,ROP_MAX_SAFETY_STOCK,Intermittent consumption of 1.7 per month over 24 months with a 36-day lead time gives a reorder point of 7 against the current 4.546.,PROPOSED,2026-05-25
REC-000016,000000000080000003,4000,Ventilation Fan Motor TYPE B SEW,IMPACT,INTERMITTENT,6,58,10.469,10.600,6.395,6.500,25.946,17.100,ROP_MAX_SAFETY_STOCK,Intermittent consumption of 2.2 per month over 24 months with a 58-day lead time gives a reorder point of 10.6 against the current 10.469.,APPROVED,2026-08-25
REC-000017,000000000010000009,3000,Conveyor Drive Motor TYPE A ABB,CRITICAL,INTERMITTENT,3,176,4.979,4.300,2.750,2.400,8.375,5.300,ROP_MAX_SAFETY_STOCK,"Stock on hand 4 is below the current reorder point 4.979. At the CRITICAL service level of 98% and a 176-day lead time, the reorder point should be 4.3.",PROPOSED,2026-08-29
REC-000018,000000000030000002,3000,Thickener Rake Drive Gearbox 150MM FLSM,IMPACT,ON_DEMAND,2,10,0.000,1.800,0.000,1.500,0.000,4.700,OAR_TO_MIN_MAX,This OAR material is classified IMPACT on the critical parts list. Recommend Min-Max management with a reorder point of 1.8 and a maximum of 4.7.,HELD,2026-05-24
REC-000019,000000000010000011,4000,Soft Starter Power Module 10/8,IMPACT,REGULAR,11,12,36.305,22.200,13.585,8.300,180.072,128.000,ROP_MAX_SAFETY_STOCK,"Stock on hand 32 is below the current reorder point 36.305. At the IMPACT service level of 95% and a 12-day lead time, the reorder point should be 22.2.",REJECTED,2026-08-03
REC-000020,000000000010000012,3000,Gland Packing Seal Ring 10/8 SEW,IMPACT,INTERMITTENT,7,44,2.728,2.100,1.863,1.400,2.728,3.500,ROP_MAX_SAFETY_STOCK,"Stock on hand 1 is below the current reorder point 2.728. At the IMPACT service level of 95% and a 44-day lead time, the reorder point should be 2.1.",REJECTED,2026-07-26
REC-000021,000000000010000012,2000,Gland Packing Seal Ring 10/8 SEW,IMPACT,INTERMITTENT,5,44,5.922,3.600,4.049,2.500,5.922,6.000,ROP_MAX_SAFETY_STOCK,Stock on hand 9 exceeds the current maximum 5.922. Consumption of 0.8 per month supports a maximum of 6.,REJECTED,2026-07-25
REC-000022,000000000010000013,4000,Pump Impeller TYPE A KSB,NORMAL,INTERMITTENT,5,33,3.568,2.100,2.183,1.300,5.025,4.300,ROP_MAX_SAFETY_STOCK,Intermittent consumption of 0.8 per month over 24 months with a 33-day lead time gives a reorder point of 2.1 against the current 3.568.,APPROVED,2026-05-30
REC-000023,000000000010000015,4000,Conveyor Idler Roller Set 250KW SANDVIK,INSURANCE,REGULAR,12,60,109.923,73.800,23.353,15.700,196.328,162.200,ROP_MAX_SAFETY_STOCK,Regular consumption of 29.5 per month over 24 months with a 60-day lead time gives a reorder point of 73.8 against the current 109.923.,PROPOSED,2026-05-24
REC-000024,000000000010000015,1000,Conveyor Idler Roller Set 250KW SANDVIK,INSURANCE,REGULAR,11,60,108.875,79.600,19.264,14.100,197.807,179.200,ROP_MAX_SAFETY_STOCK,Regular consumption of 33.2 per month over 24 months with a 60-day lead time gives a reorder point of 79.6 against the current 108.875.,APPROVED,2026-05-20
REC-000025,000000000010000016,2000,Level Radar Transmitter 55KW SEW,IMPACT,REGULAR,11,13,29.656,22.000,11.605,8.600,201.976,115.900,ROP_MAX_SAFETY_STOCK,Regular consumption of 31.3 per month over 24 months with a 13-day lead time gives a reorder point of 22 against the current 29.656.,PROPOSED,2026-07-29
REC-000026,000000000010000018,2000,Conveyor Idler Roller Set TYPE B ABB,IMPACT,SLOW,1,52,4.066,2.500,2.906,1.800,5.837,3.800,ROP_MAX_SAFETY_STOCK,Stock on hand 6 exceeds the current maximum 5.837. Consumption of 0.4 per month supports a maximum of 3.8.,APPROVED,2026-06-07
REC-000027,000000000010000019,3000,Crusher Main Shaft Bearing 55KW FLSM,IMPACT,SLOW,2,17,1.375,1.200,1.119,1.000,3.479,2.500,ROP_MAX_SAFETY_STOCK,Slow consumption of 0.4 per month over 24 months with a 17-day lead time gives a reorder point of 1.2 against the current 1.375.,APPROVED,2026-05-19
REC-000028,000000000010000020,3000,Slurry Pump Mechanical Seal 250MM KSB,CRITICAL,INTERMITTENT,3,91,15.160,15.100,8.911,8.900,35.686,21.400,ROP_MAX_SAFETY_STOCK,Intermittent consumption of 2.1 per month over 24 months with a 91-day lead time gives a reorder point of 15.1 against the current 15.16.,APPROVED,2026-07-23
REC-000029,000000000010000021,1000,Ball Mill Shell Liner Plate 6/4 SANDVIK,IMPACT,REGULAR,12,11,7.110,6.600,2.466,2.300,55.470,42.100,ROP_MAX_SAFETY_STOCK,Regular consumption of 11.8 per month over 24 months with a 11-day lead time gives a reorder point of 6.6 against the current 7.11.,APPROVED,2026-05-31
REC-000030,000000000090000000,4000,Pressure Transmitter Assembly 110KW,OBSOLETE,NO_DEMAND,0,37,0.000,,0.000,,1.000,,NO_SAFETY_STOCK,Obsolete material: no safety stock recommended. Candidate for stock reduction review.,APPROVED,2026-08-19
REC-000031,000000000010000022,4000,Thickener Rake Seal Kit 150MM KSB,IMPACT,REGULAR,12,33,38.743,56.200,10.744,15.600,248.448,168.400,ROP_MAX_SAFETY_STOCK,Regular consumption of 37.4 per month over 24 months with a 33-day lead time gives a reorder point of 56.2 against the current 38.743.,APPROVED,2026-07-07
REC-000032,000000000010000023,3000,Flow Meter Sensor Head 8/6 ABB,NORMAL,INTERMITTENT,5,25,6.199,3.900,3.508,2.200,17.605,10.200,ROP_MAX_SAFETY_STOCK,Stock on hand 18 exceeds the current maximum 17.605. Consumption of 2.1 per month supports a maximum of 10.2.,HELD,2026-06-26
REC-000033,000000000080000004,2000,Conveyor Drive Motor 150MM SEW,CRITICAL,INTERMITTENT,8,148,31.769,19.200,16.362,9.900,36.800,24.900,ROP_MAX_SAFETY_STOCK,"Stock on hand 21 is below the current reorder point 31.769. At the CRITICAL service level of 98% and a 148-day lead time, the reorder point should be 19.2.",APPROVED,2026-08-27
REC-000034,000000000010000025,2000,Slurry Density Transmitter 150MM SANDVIK,INSURANCE,REGULAR,10,55,40.655,68.900,6.961,11.800,230.289,163.800,ROP_MAX_SAFETY_STOCK,Regular consumption of 31.6 per month over 24 months with a 55-day lead time gives a reorder point of 68.9 against the current 40.655.,APPROVED,2026-05-10
REC-000035,000000000010000026,2000,Hydraulic Power Pack 200MM SANDVIK,NORMAL,SLOW,2,48,1.762,1.800,1.095,1.100,3.864,3.000,ROP_MAX_SAFETY_STOCK,"Stock on hand 0 is below the current reorder point 1.762. At the NORMAL service level of 85% and a 48-day lead time, the reorder point should be 1.8.",APPROVED,2026-08-11
REC-000036,000000000010000026,1000,Hydraulic Power Pack 200MM SANDVIK,NORMAL,SLOW,2,48,0.409,0.500,0.301,0.400,0.676,0.800,ROP_MAX_SAFETY_STOCK,Stock on hand 1 exceeds the current maximum 0.676. Consumption of 0.1 per month supports a maximum of 0.8.,APPROVED,2026-06-28
REC-000037,000000000080000005,4000,Centrifugal Pump Casing 150MM SANDVIK,NORMAL,INTERMITTENT,6,33,2.199,2.100,1.243,1.200,7.436,4.600,ROP_MAX_SAFETY_STOCK,"Stock on hand 2 is below the current reorder point 2.199. At the NORMAL service level of 85% and a 33-day lead time, the reorder point should be 2.1.",HELD,2026-07-28
REC-000038,000000000080000005,2000,Centrifugal Pump Casing 150MM SANDVIK,NORMAL,INTERMITTENT,3,33,3.439,3.600,2.114,2.200,11.824,7.300,ROP_MAX_SAFETY_STOCK,Intermittent consumption of 1.2 per month over 24 months with a 33-day lead time gives a reorder point of 3.6 against the current 3.439.,PROPOSED,2026-08-07
REC-000039,000000000010000028,2000,Pressure Transmitter Assembly HD ABB,IMPACT,INTERMITTENT,4,57,9.758,6.800,6.469,4.500,15.344,10.400,ROP_MAX_SAFETY_STOCK,"Stock on hand 1 is below the current reorder point 9.758. At the IMPACT service level of 95% and a 57-day lead time, the reorder point should be 6.8.",REJECTED,2026-08-29
REC-000040,000000000010000028,4000,Pressure Transmitter Assembly HD ABB,IMPACT,INTERMITTENT,8,57,6.333,7.000,3.650,4.000,9.407,11.800,ROP_MAX_SAFETY_STOCK,Intermittent consumption of 1.6 per month over 24 months with a 57-day lead time gives a reorder point of 7 against the current 6.333.,HELD,2026-05-30
REC-000041,000000000010000029,3000,Thickener Rake Seal Kit 8/6 KSB,INSURANCE,REGULAR,12,101,30.583,32.100,4.468,4.700,92.359,56.900,ROP_MAX_SAFETY_STOCK,"Stock on hand 26 is below the current reorder point 30.583. At the INSURANCE service level of 90% and a 101-day lead time, the reorder point should be 32.1.",HELD,2026-08-23
REC-000042,000000000010000029,2000,Thickener Rake Seal Kit 8/6 KSB,INSURANCE,REGULAR,12,101,134.725,128.700,23.771,22.700,332.290,224.600,ROP_MAX_SAFETY_STOCK,Regular consumption of 32.0 per month over 24 months with a 101-day lead time gives a reorder point of 128.7 against the current 134.725.,APPROVED,2026-06-16
REC-000043,000000000010000030,4000,Hydraulic Pump Assembly 200MM FLSM,IMPACT,REGULAR,9,26,15.326,37.800,4.699,11.600,121.345,129.700,ROP_MAX_SAFETY_STOCK,Regular consumption of 30.6 per month over 24 months with a 26-day lead time gives a reorder point of 37.8 against the current 15.326.,APPROVED,2026-06-01
REC-000044,000000000010000032,4000,Thickener Rake Drive Gearbox 200MM FLSM,IMPACT,INTERMITTENT,3,51,4.305,3.700,2.998,2.600,4.684,5.700,ROP_MAX_SAFETY_STOCK,Stock on hand 5 exceeds the current maximum 4.684. Consumption of 0.7 per month supports a maximum of 5.7.,HELD,2026-05-19
REC-000045,000000000010000033,1000,Spherical Roller Bearing 10/8 SANDVIK,CRITICAL,INTERMITTENT,0,57,13.012,8.300,8.143,5.200,20.514,13.300,ROP_MAX_SAFETY_STOCK,"Stock on hand 0 is below the current reorder point 13.012. At the CRITICAL service level of 98% and a 57-day lead time, the reorder point should be 8.3.",APPROVED,2026-09-02
REC-000046,000000000010000034,1000,Hydraulic Power Pack 200MM METSO,INSURANCE,INTERMITTENT,4,185,6.612,10.700,2.836,4.600,16.402,13.700,ROP_MAX_SAFETY_STOCK,"Stock on hand 4 is below the current reorder point 6.612. At the INSURANCE service level of 90% and a 185-day lead time, the reorder point should be 10.7.",APPROVED,2026-07-31
REC-000047,000000000080000006,2000,Mill Lube Pump Motor HD SEW,CRITICAL,INTERMITTENT,4,113,6.064,8.600,3.667,5.200,19.158,11.300,ROP_MAX_SAFETY_STOCK,Intermittent consumption of 0.9 per month over 24 months with a 113-day lead time gives a reorder point of 8.6 against the current 6.064.,PROPOSED,2026-06-14
REC-000048,000000000010000036,3000,Screen Exciter Bearing 10/8 SIEMENS,NORMAL,INTERMITTENT,5,22,1.739,1.300,1.096,0.800,5.053,3.200,ROP_MAX_SAFETY_STOCK,"Stock on hand 1 is below the current reorder point 1.739. At the NORMAL service level of 85% and a 22-day lead time, the reorder point should be 1.3.",APPROVED,2026-08-01
REC-000049,000000000010000036,2000,Screen Exciter Bearing 10/8 SIEMENS,NORMAL,INTERMITTENT,7,22,1.257,2.700,0.729,1.600,12.324,7.500,ROP_MAX_SAFETY_STOCK,"Stock on hand 1 is below the current reorder point 1.257. At the NORMAL service level of 85% and a 22-day lead time, the reorder point should be 2.7.",APPROVED,2026-05-24
REC-000050,000000000010000037,1000,Gearbox Bearing TYPE B SIEMENS,NORMAL,INTERMITTENT,4,27,4.239,3.000,2.509,1.800,5.793,7.100,ROP_MAX_SAFETY_STOCK,Stock on hand 6 exceeds the current maximum 5.793. Consumption of 1.4 per month supports a maximum of 7.1.,PROPOSED,2026-05-14
REC-000051,000000000090000001,1000,Vertical Sump Pump Column 200MM WEIR,OBSOLETE,NO_DEMAND,0,21,0.000,,0.000,,1.000,,NO_SAFETY_STOCK,Obsolete material: no safety stock recommended. Candidate for stock reduction review.,APPROVED,2026-07-07
REC-000052,000000000010000038,3000,Slurry Density Transmitter 8/6 FLSM,NORMAL,REGULAR,12,25,23.885,25.000,5.652,5.900,71.440,94.800,ROP_MAX_SAFETY_STOCK,Regular consumption of 23.2 per month over 24 months with a 25-day lead time gives a reorder point of 25 against the current 23.885.,APPROVED,2026-07-02
REC-000053,000000000080000007,1000,Ball Mill Shell Liner Plate 200MM KSB,CRITICAL,INTERMITTENT,6,132,21.434,14.100,11.526,7.600,29.240,18.600,ROP_MAX_SAFETY_STOCK,Intermittent consumption of 1.5 per month over 24 months with a 132-day lead time gives a reorder point of 14.1 against the current 21.434.,PROPOSED,2026-08-24
REC-000054,000000000010000040,1000,Level Radar Transmitter 8/6 SEW,IMPACT,INTERMITTENT,5,15,1.195,1.700,0.901,1.300,4.989,4.200,ROP_MAX_SAFETY_STOCK,Intermittent consumption of 0.8 per month over 24 months with a 15-day lead time gives a reorder point of 1.7 against the current 1.195.,REJECTED,2026-07-19
REC-000055,000000000010000041,4000,Slurry Pump Mechanical Seal 6/4 FLSM,CRITICAL,INTERMITTENT,4,50,10.197,6.100,7.482,4.500,10.197,9.100,ROP_MAX_SAFETY_STOCK,"Stock on hand 7 is below the current reorder point 10.197. At the CRITICAL service level of 98% and a 50-day lead time, the reorder point should be 6.1.",APPROVED,2026-06-13
REC-000056,000000000030000006,2000,Hydraulic Power Pack 110KW SKF,CRITICAL,ON_DEMAND,0,68,0.000,4.400,0.000,3.100,0.000,6.200,OAR_TO_MIN_MAX,This OAR material is classified CRITICAL on the critical parts list. Recommend Min-Max management with a reorder point of 4.4 and a maximum of 6.2.,APPROVED,2026-09-02
REC-000057,000000000080000008,4000,PLC Digital Output Card DN150 SIEMENS,NORMAL,INTERMITTENT,3,43,0.906,1.500,0.524,0.900,4.763,2.900,ROP_MAX_SAFETY_STOCK,"Stock on hand 0 is below the current reorder point 0.906. At the NORMAL service level of 85% and a 43-day lead time, the reorder point should be 1.5.",APPROVED,2026-07-11
REC-000058,000000000080000009,1000,Ball Mill Gearbox Assembly 10/8 WEIR,IMPACT,INTERMITTENT,5,52,4.964,5.300,3.182,3.400,9.459,8.700,ROP_MAX_SAFETY_STOCK,Intermittent consumption of 1.1 per month over 24 months with a 52-day lead time gives a reorder point of 5.3 against the current 4.964.,APPROVED,2026-06-06
REC-000059,000000000080000009,4000,Ball Mill Gearbox Assembly 10/8 WEIR,IMPACT,INTERMITTENT,5,52,9.901,6.400,6.388,4.100,11.227,10.400,ROP_MAX_SAFETY_STOCK,Stock on hand 14 exceeds the current maximum 11.227. Consumption of 1.3 per month supports a maximum of 10.4.,PROPOSED,2026-08-14
REC-000060,000000000080000010,3000,Variable Speed Drive Unit HD FLSM,IMPACT,INTERMITTENT,6,25,4.705,4.600,3.397,3.300,8.541,9.200,ROP_MAX_SAFETY_STOCK,"Stock on hand 4 is below the current reorder point 4.705. At the IMPACT service level of 95% and a 25-day lead time, the reorder point should be 4.6.",PROPOSED,2026-09-01
REC-000061,000000000030000007,1000,Thickener Rake Seal Kit 110KW SIEMENS,CRITICAL,ON_DEMAND,3,81,0.000,14.200,0.000,9.200,0.000,19.800,OAR_TO_MIN_MAX,This OAR material is classified CRITICAL on the critical parts list. Recommend Min-Max management with a reorder point of 14.2 and a maximum of 19.8.,APPROVED,2026-07-01
REC-000062,000000000010000043,1000,Crusher Main Shaft Bearing HD FLSM,NORMAL,INTERMITTENT,5,25,2.086,3.600,1.288,2.200,14.689,8.600,ROP_MAX_SAFETY_STOCK,Intermittent consumption of 1.7 per month over 24 months with a 25-day lead time gives a reorder point of 3.6 against the current 2.086.,PROPOSED,2026-07-10
REC-000063,000000000010000043,4000,Crusher Main Shaft Bearing HD FLSM,NORMAL,INTERMITTENT,5,25,1.537,2.200,0.913,1.300,6.306,5.300,ROP_MAX_SAFETY_STOCK,Intermittent consumption of 1.0 per month over 24 months with a 25-day lead time gives a reorder point of 2.2 against the current 1.537.,APPROVED,2026-05-30
REC-000064,000000000010000044,3000,Gland Packing Seal Ring TYPE A WEIR,NORMAL,SLOW,3,32,1.520,1.000,1.113,0.700,2.625,1.800,ROP_MAX_SAFETY_STOCK,Stock on hand 3 exceeds the current maximum 2.625. Consumption of 0.2 per month supports a maximum of 1.8.,PROPOSED,2026-08-06
REC-000065,000000000010000045,4000,Crusher Hydroset Cylinder 10/8 SKF,IMPACT,REGULAR,11,13,13.570,15.500,5.066,5.800,85.261,83.400,ROP_MAX_SAFETY_STOCK,Regular consumption of 22.6 per month over 24 months with a 13-day lead time gives a reorder point of 15.5 against the current 13.57.,APPROVED,2026-07-10
REC-000066,000000000080000011,2000,Cyclone Apex Liner TYPE A SANDVIK,IMPACT,INTERMITTENT,6,19,2.400,3.300,1.752,2.400,11.760,7.500,ROP_MAX_SAFETY_STOCK,Stock on hand 12 exceeds the current maximum 11.76. Consumption of 1.4 per month supports a maximum of 7.5.,REJECTED,2026-08-04
REC-000067,000000000080000012,3000,Hydraulic Power Pack TYPE B ABB,CRITICAL,INTERMITTENT,5,31,4.607,4.700,3.357,3.400,10.894,8.400,ROP_MAX_SAFETY_STOCK,Intermittent consumption of 1.2 per month over 24 months with a 31-day lead time gives a reorder point of 4.7 against the current 4.607.,APPROVED,2026-07-03
REC-000068,000000000010000048,4000,MCC Feeder Circuit Breaker 200MM METSO,NORMAL,REGULAR,11,18,24.494,16.200,6.446,4.300,99.508,76.600,ROP_MAX_SAFETY_STOCK,Regular consumption of 20.1 per month over 24 months with a 18-day lead time gives a reorder point of 16.2 against the current 24.494.,PROPOSED,2026-08-02
REC-000069,000000000080000013,3000,Gearbox Bearing HD SANDVIK,IMPACT,INTERMITTENT,6,14,0.885,1.400,0.677,1.100,3.672,3.500,ROP_MAX_SAFETY_STOCK,Stock on hand 4 exceeds the current maximum 3.672. Consumption of 0.7 per month supports a maximum of 3.5.,APPROVED,2026-05-11
REC-000070,000000000010000049,3000,PLC Digital Output Card 10/8 KSB,IMPACT,REGULAR,11,56,78.369,86.100,19.320,21.200,136.673,192.000,ROP_MAX_SAFETY_STOCK,"Stock on hand 12 is below the current reorder point 78.369. At the IMPACT service level of 95% and a 56-day lead time, the reorder point should be 86.1.",HELD,2026-07-25
REC-000071,000000000010000049,1000,PLC Digital Output Card 10/8 KSB,IMPACT,REGULAR,12,56,41.606,54.100,10.376,13.500,156.346,120.300,ROP_MAX_SAFETY_STOCK,Regular consumption of 22.1 per month over 24 months with a 56-day lead time gives a reorder point of 54.1 against the current 41.606.,PROPOSED,2026-08-20
REC-000072,000000000010000050,2000,Crusher Hydroset Cylinder 55KW SIEMENS,CRITICAL,INTERMITTENT,0,75,3.165,5.000,1.919,3.000,11.825,7.400,ROP_MAX_SAFETY_STOCK,"Stock on hand 0 is below the current reorder point 3.165. At the CRITICAL service level of 98% and a 75-day lead time, the reorder point should be 5.",PROPOSED,2026-05-28
REC-000073,000000000010000050,4000,Crusher Hydroset Cylinder 55KW SIEMENS,CRITICAL,INTERMITTENT,0,75,11.157,8.100,7.906,5.700,12.866,11.000,ROP_MAX_SAFETY_STOCK,"Stock on hand 0 is below the current reorder point 11.157. At the CRITICAL service level of 98% and a 75-day lead time, the reorder point should be 8.1.",REJECTED,2026-08-06
REC-000074,000000000010000052,3000,PLC Digital Output Card 6/4 METSO,CRITICAL,INTERMITTENT,4,174,13.761,14.500,7.010,7.400,25.632,18.200,ROP_MAX_SAFETY_STOCK,Intermittent consumption of 1.2 per month over 24 months with a 174-day lead time gives a reorder point of 14.5 against the current 13.761.,PROPOSED,2026-08-27
REC-000075,000000000010000053,1000,Mill Lube Pump Motor 6/4 METSO,INSURANCE,REGULAR,10,34,27.092,51.500,5.294,10.100,164.840,162.800,ROP_MAX_SAFETY_STOCK,Regular consumption of 37.1 per month over 24 months with a 34-day lead time gives a reorder point of 51.5 against the current 27.092.,REJECTED,2026-08-15
REC-000076,000000000010000054,1000,Apron Feeder Gear Reducer 8/6 MULTOTEC,NORMAL,INTERMITTENT,3,23,1.051,2.100,0.764,1.500,7.458,4.300,ROP_MAX_SAFETY_STOCK,Intermittent consumption of 0.8 per month over 24 months with a 23-day lead time gives a reorder point of 2.1 against the current 1.051.,PROPOSED,2026-06-08
REC-000077,000000000010000055,3000,Apron Feeder Gear Reducer TYPE A SKF,NORMAL,INTERMITTENT,4,54,2.474,2.400,1.470,1.400,5.824,4.000,ROP_MAX_SAFETY_STOCK,"Stock on hand 1 is below the current reorder point 2.474. At the NORMAL service level of 85% and a 54-day lead time, the reorder point should be 2.4.",HELD,2026-08-31
REC-000078,000000000010000057,1000,Screen Exciter Bearing 8/6 KSB,NORMAL,SLOW,3,47,1.408,0.800,0.879,0.500,1.657,1.400,ROP_MAX_SAFETY_STOCK,Stock on hand 2 exceeds the current maximum 1.657. Consumption of 0.2 per month supports a maximum of 1.4.,APPROVED,2026-08-09
REC-000079,000000000010000058,4000,Flow Meter Sensor Head HD METSO,NORMAL,SLOW,6,17,0.780,0.600,0.504,0.400,2.875,1.700,ROP_MAX_SAFETY_STOCK,"Stock on hand 0 is below the current reorder point 0.78. At the NORMAL service level of 85% and a 17-day lead time, the reorder point should be 0.6.",APPROVED,2026-08-30
REC-000080,000000000010000059,3000,Pump Impeller 150MM WEIR,INSURANCE,INTERMITTENT,8,230,12.146,11.200,3.919,3.600,21.674,14.200,ROP_MAX_SAFETY_STOCK,"Stock on hand 12 is below the current reorder point 12.146. At the INSURANCE service level of 90% and a 230-day lead time, the reorder point should be 11.2.",APPROVED,2026-08-09
REC-000081,000000000010000060,2000,Hydraulic Pump Assembly 55KW KSB,NORMAL,REGULAR,10,19,17.080,26.900,4.063,6.400,126.018,125.500,ROP_MAX_SAFETY_STOCK,Regular consumption of 32.9 per month over 24 months with a 19-day lead time gives a reorder point of 26.9 against the current 17.08.,PROPOSED,2026-08-30
REC-000082,000000000010000060,4000,Hydraulic Pump Assembly 55KW KSB,NORMAL,REGULAR,12,19,31.923,22.600,6.801,4.800,105.333,108.000,ROP_MAX_SAFETY_STOCK,Regular consumption of 28.5 per month over 24 months with a 19-day lead time gives a reorder point of 22.6 against the current 31.923.,APPROVED,2026-06-25
REC-000083,000000000010000061,3000,Vertical Sump Pump Column 6/4 KSB,IMPACT,INTERMITTENT,8,60,8.946,6.300,5.369,3.800,8.946,10.200,ROP_MAX_SAFETY_STOCK,"Stock on hand 8 is below the current reorder point 8.946. At the IMPACT service level of 95% and a 60-day lead time, the reorder point should be 6.3.",REJECTED,2026-06-12
REC-000084,000000000010000062,3000,Ball Mill Trunnion Bearing 55KW SIEMENS,IMPACT,SLOW,1,57,1.698,1.000,1.298,0.800,2.318,1.400,ROP_MAX_SAFETY_STOCK,Slow consumption of 0.1 per month over 24 months with a 57-day lead time gives a reorder point of 1 against the current 1.698.,PROPOSED,2026-08-15
REC-000085,000000000030000011,1000,Flow Meter Sensor Head 200MM WEIR,IMPACT,ON_DEMAND,1,29,0.000,3.500,0.000,2.200,0.000,7.500,OAR_TO_MIN_MAX,This OAR material is classified IMPACT on the critical parts list. Recommend Min-Max management with a reorder point of 3.5 and a maximum of 7.5.,HELD,2026-07-02
REC-000086,000000000030000011,3000,Flow Meter Sensor Head 200MM WEIR,IMPACT,ON_DEMAND,3,29,0.000,3.500,0.000,2.400,0.000,7.000,OAR_TO_MIN_MAX,This OAR material is classified IMPACT on the critical parts list. Recommend Min-Max management with a reorder point of 3.5 and a maximum of 7.,APPROVED,2026-08-28
REC-000087,000000000010000063,3000,Ball Mill Trunnion Bearing DN150,NORMAL,INTERMITTENT,5,36,8.353,5.100,4.436,2.700,15.712,11.100,ROP_MAX_SAFETY_STOCK,"Stock on hand 8 is below the current reorder point 8.353. At the NORMAL service level of 85% and a 36-day lead time, the reorder point should be 5.1.",REJECTED,2026-07-15
REC-000088,000000000010000065,4000,Level Radar Transmitter 6/4 METSO,CRITICAL,INTERMITTENT,7,143,14.748,13.800,7.254,6.800,16.168,18.300,ROP_MAX_SAFETY_STOCK,"Stock on hand 6 is below the current reorder point 14.748. At the CRITICAL service level of 98% and a 143-day lead time, the reorder point should be 13.8.",APPROVED,2026-06-22
REC-000089,000000000080000014,4000,Crusher Hydroset Cylinder TYPE A SKF,IMPACT,INTERMITTENT,5,11,3.811,2.800,3.153,2.300,11.503,6.800,ROP_MAX_SAFETY_STOCK,"Stock on hand 0 is below the current reorder point 3.811. At the IMPACT service level of 95% and a 11-day lead time, the reorder point should be 2.8.",APPROVED,2026-06-14
REC-000090,000000000010000066,3000,Level Radar Transmitter 8/6 SIEMENS,IMPACT,INTERMITTENT,5,35,7.222,5.800,4.704,3.800,13.699,11.100,ROP_MAX_SAFETY_STOCK,Stock on hand 14 exceeds the current maximum 13.699. Consumption of 1.8 per month supports a maximum of 11.1.,PROPOSED,2026-07-01
REC-000091,000000000010000066,4000,Level Radar Transmitter 8/6 SIEMENS,IMPACT,INTERMITTENT,4,35,1.651,2.100,1.108,1.400,3.213,3.900,ROP_MAX_SAFETY_STOCK,Stock on hand 4 exceeds the current maximum 3.213. Consumption of 0.6 per month supports a maximum of 3.9.,HELD,2026-07-25
REC-000092,000000000010000067,3000,Ball Mill Gearbox Assembly TYPE A,CRITICAL,INTERMITTENT,0,110,4.254,7.600,2.654,4.700,10.645,10.000,ROP_MAX_SAFETY_STOCK,"Stock on hand 0 is below the current reorder point 4.254. At the CRITICAL service level of 98% and a 110-day lead time, the reorder point should be 7.6.",PROPOSED,2026-05-22
REC-000093,000000000080000015,3000,Thickener Rake Drive Gearbox HD ABB,NORMAL,INTERMITTENT,8,37,1.979,3.700,0.959,1.800,10.663,8.400,ROP_MAX_SAFETY_STOCK,Intermittent consumption of 1.6 per month over 24 months with a 37-day lead time gives a reorder point of 3.7 against the current 1.979.,PROPOSED,2026-05-31
REC-000094,000000000080000016,1000,Cyclone Apex Liner TYPE B ABB,IMPACT,INTERMITTENT,4,56,3.203,6.800,1.831,3.900,8.454,11.600,ROP_MAX_SAFETY_STOCK,Intermittent consumption of 1.6 per month over 24 months with a 56-day lead time gives a reorder point of 6.8 against the current 3.203.,PROPOSED,2026-08-18
REC-000095,000000000080000016,2000,Cyclone Apex Liner TYPE B ABB,IMPACT,INTERMITTENT,7,56,3.830,3.500,2.189,2.000,9.911,6.000,ROP_MAX_SAFETY_STOCK,Intermittent consumption of 0.8 per month over 24 months with a 56-day lead time gives a reorder point of 3.5 against the current 3.83.,APPROVED,2026-08-10
REC-000096,000000000010000068,2000,Hydraulic Pump Assembly 6/4 SANDVIK,CRITICAL,INTERMITTENT,0,113,19.438,11.700,12.486,7.500,21.070,15.100,ROP_MAX_SAFETY_STOCK,"Stock on hand 0 is below the current reorder point 19.438. At the CRITICAL service level of 98% and a 113-day lead time, the reorder point should be 11.7.",PROPOSED,2026-06-29
REC-000097,000000000010000069,4000,Hydraulic Power Pack DN100 SKF,CRITICAL,INTERMITTENT,0,117,18.419,14.100,11.088,8.500,18.419,18.500,ROP_MAX_SAFETY_STOCK,"Stock on hand 0 is below the current reorder point 18.419. At the CRITICAL service level of 98% and a 117-day lead time, the reorder point should be 14.1.",HELD,2026-06-03
REC-000098,000000000010000070,2000,Hydraulic Power Pack TYPE B MULTOTEC,CRITICAL,REGULAR,12,109,93.906,65.300,20.291,14.100,189.982,108.200,ROP_MAX_SAFETY_STOCK,Regular consumption of 14.3 per month over 24 months with a 109-day lead time gives a reorder point of 65.3 against the current 93.906.,PROPOSED,2026-06-27
REC-000099,000000000010000071,3000,MCC Feeder Circuit Breaker 10/8 KSB,INSURANCE,INTERMITTENT,8,193,15.356,11.100,4.410,3.200,18.340,14.800,ROP_MAX_SAFETY_STOCK,"Stock on hand 9 is below the current reorder point 15.356. At the INSURANCE service level of 90% and a 193-day lead time, the reorder point should be 11.1.",PROPOSED,2026-05-30
REC-000100,000000000090000002,2000,Level Radar Transmitter HD KSB,OBSOLETE,NO_DEMAND,0,55,0.000,,0.000,,1.000,,NO_SAFETY_STOCK,Obsolete material: no safety stock recommended. Candidate for stock reduction review.,PROPOSED,2026-05-24
REC-000101,000000000010000072,4000,Skirt Rubber Liner Section 10/8 SEW,CRITICAL,REGULAR,12,125,89.867,79.700,19.612,17.400,180.937,125.200,ROP_MAX_SAFETY_STOCK,"Stock on hand 24 is below the current reorder point 89.867. At the CRITICAL service level of 98% and a 125-day lead time, the reorder point should be 79.7.",PROPOSED,2026-06-20
REC-000102,000000000080000017,2000,Conveyor Pulley Bearing 200MM SANDVIK,CRITICAL,INTERMITTENT,7,117,8.656,14.400,4.995,8.300,29.585,19.100,ROP_MAX_SAFETY_STOCK,Intermittent consumption of 1.6 per month over 24 months with a 117-day lead time gives a reorder point of 14.4 against the current 8.656.,REJECTED,2026-07-30
REC-000103,000000000080000017,3000,Conveyor Pulley Bearing 200MM SANDVIK,CRITICAL,INTERMITTENT,2,117,7.733,6.000,5.057,3.900,13.409,7.600,ROP_MAX_SAFETY_STOCK,Intermittent consumption of 0.5 per month over 24 months with a 117-day lead time gives a reorder point of 6 against the current 7.733.,APPROVED,2026-08-20
REC-000104,000000000010000073,3000,Conveyor Take-Up Pulley 250KW SKF,NORMAL,REGULAR,12,42,48.597,42.200,10.804,9.400,172.107,113.600,ROP_MAX_SAFETY_STOCK,"Stock on hand 35 is below the current reorder point 48.597. At the NORMAL service level of 85% and a 42-day lead time, the reorder point should be 42.2.",PROPOSED,2026-06-25
REC-000105,000000000010000074,1000,Conveyor Pulley Bearing 110KW WEIR,NORMAL,SLOW,3,51,1.245,0.900,0.765,0.600,2.003,1.500,ROP_MAX_SAFETY_STOCK,"Stock on hand 1 is below the current reorder point 1.245. At the NORMAL service level of 85% and a 51-day lead time, the reorder point should be 0.9.",APPROVED,2026-08-07
REC-000106,000000000010000075,2000,Variable Speed Drive Unit DN100 SIEMENS,IMPACT,REGULAR,12,28,58.189,41.300,15.777,11.200,194.752,139.600,ROP_MAX_SAFETY_STOCK,Regular consumption of 32.8 per month over 24 months with a 28-day lead time gives a reorder point of 41.3 against the current 58.189.,APPROVED,2026-06-11
REC-000107,000000000010000075,1000,Variable Speed Drive Unit DN100 SIEMENS,IMPACT,REGULAR,12,28,35.716,41.600,12.196,14.200,175.190,131.000,ROP_MAX_SAFETY_STOCK,Regular consumption of 29.8 per month over 24 months with a 28-day lead time gives a reorder point of 41.6 against the current 35.716.,APPROVED,2026-05-24
REC-000108,000000000010000077,2000,Slurry Pump Mechanical Seal 10/8 SEW,NORMAL,INTERMITTENT,7,52,8.530,8.000,4.265,4.000,25.949,15.000,ROP_MAX_SAFETY_STOCK,Intermittent consumption of 2.3 per month over 24 months with a 52-day lead time gives a reorder point of 8 against the current 8.53.,REJECTED,2026-05-16
REC-000109,000000000010000079,1000,Crusher Hydroset Cylinder DN150 METSO,NORMAL,REGULAR,12,17,9.237,12.100,1.929,2.500,78.231,63.500,ROP_MAX_SAFETY_STOCK,Regular consumption of 17.1 per month over 24 months with a 17-day lead time gives a reorder point of 12.1 against the current 9.237.,PROPOSED,2026-05-28
REC-000110,000000000010000080,2000,Pump Impeller TYPE A SANDVIK,IMPACT,SLOW,2,18,0.808,0.800,0.625,0.600,1.666,1.700,ROP_MAX_SAFETY_STOCK,Slow consumption of 0.3 per month over 24 months with a 18-day lead time gives a reorder point of 0.8 against the current 0.808.,REJECTED,2026-07-21
REC-000111,000000000080000018,4000,PLC Digital Output Card 250MM SIEMENS,IMPACT,INTERMITTENT,4,31,2.899,6.600,2.026,4.600,8.784,12.500,ROP_MAX_SAFETY_STOCK,Intermittent consumption of 2.0 per month over 24 months with a 31-day lead time gives a reorder point of 6.6 against the current 2.899.,PROPOSED,2026-08-16
REC-000112,000000000080000018,3000,PLC Digital Output Card 250MM SIEMENS,IMPACT,INTERMITTENT,5,31,2.350,3.600,1.654,2.500,5.391,6.700,ROP_MAX_SAFETY_STOCK,Intermittent consumption of 1.0 per month over 24 months with a 31-day lead time gives a reorder point of 3.6 against the current 2.35.,REJECTED,2026-05-23
REC-000113,000000000080000019,2000,Flotation Blower Motor 250KW ABB,CRITICAL,INTERMITTENT,4,98,2.911,5.700,1.682,3.300,12.371,8.000,ROP_MAX_SAFETY_STOCK,Intermittent consumption of 0.8 per month over 24 months with a 98-day lead time gives a reorder point of 5.7 against the current 2.911.,PROPOSED,2026-07-13
REC-000114,000000000030000013,2000,Mill Liner 10/8 METSO,IMPACT,ON_DEMAND,1,9,0.000,2.400,0.000,1.900,0.000,7.200,OAR_TO_MIN_MAX,This OAR material is classified IMPACT on the critical parts list. Recommend Min-Max management with a reorder point of 2.4 and a maximum of 7.2.,HELD,2026-05-20
REC-000115,000000000010000082,3000,Thickener Rake Seal Kit 10/8 ABB,IMPACT,REGULAR,12,42,38.435,56.700,12.056,17.800,129.879,141.200,ROP_MAX_SAFETY_STOCK,"Stock on hand 0 is below the current reorder point 38.435. At the IMPACT service level of 95% and a 42-day lead time, the reorder point should be 56.7.",APPROVED,2026-06-27
REC-000116,000000000030000014,4000,Flotation Blower Motor TYPE B SIEMENS,IMPACT,ON_DEMAND,6,37,5.224,4.800,3.240,3.000,7.887,9.300,OAR_TO_MIN_MAX,"This OAR material was consumed 6 times in the last 12 months, above the threshold of four. Recommend Min-Max management with a reorder point of 4.8 and a maximum of 9.3.",APPROVED,2026-08-23
REC-000117,000000000030000014,1000,Flotation Blower Motor TYPE B SIEMENS,IMPACT,ON_DEMAND,2,37,0.000,6.400,0.000,3.900,0.000,12.500,OAR_TO_MIN_MAX,This OAR material is classified IMPACT on the critical parts list. Recommend Min-Max management with a reorder point of 6.4 and a maximum of 12.5.,PROPOSED,2026-05-27
REC-000118,000000000010000083,3000,PLC Digital Output Card 110KW SIEMENS,INSURANCE,INTERMITTENT,4,193,4.722,4.200,1.799,1.600,5.683,5.500,ROP_MAX_SAFETY_STOCK,"Stock on hand 1 is below the current reorder point 4.722. At the INSURANCE service level of 90% and a 193-day lead time, the reorder point should be 4.2.",APPROVED,2026-06-03
REC-000119,000000000010000084,4000,Flotation Cell Impeller 250KW SANDVIK,NORMAL,INTERMITTENT,4,8,1.042,1.700,0.777,1.300,6.780,6.800,ROP_MAX_SAFETY_STOCK,Intermittent consumption of 1.7 per month over 24 months with a 8-day lead time gives a reorder point of 1.7 against the current 1.042.,REJECTED,2026-06-12
REC-000120,000000000010000084,2000,Flotation Cell Impeller 250KW SANDVIK,NORMAL,INTERMITTENT,5,8,2.137,2.100,1.514,1.500,8.920,9.100,ROP_MAX_SAFETY_STOCK,Intermittent consumption of 2.3 per month over 24 months with a 8-day lead time gives a reorder point of 2.1 against the current 2.137.,HELD,2026-08-25
REC-000121,000000000010000085,1000,Hydraulic Power Pack 250KW SKF,IMPACT,INTERMITTENT,1,57,13.713,8.700,8.666,5.500,20.576,13.800,ROP_MAX_SAFETY_STOCK,Intermittent consumption of 1.7 per month over 24 months with a 57-day lead time gives a reorder point of 8.7 against the current 13.713.,APPROVED,2026-06-04
REC-000122,000000000010000085,3000,Hydraulic Power Pack 250KW SKF,IMPACT,INTERMITTENT,3,57,3.368,5.200,2.194,3.400,13.346,8.100,ROP_MAX_SAFETY_STOCK,Intermittent consumption of 1.0 per month over 24 months with a 57-day lead time gives a reorder point of 5.2 against the current 3.368.,APPROVED,2026-05-20
REC-000123,000000000080000020,3000,Level Radar Transmitter 200MM KSB,IMPACT,INTERMITTENT,6,23,8.512,6.100,5.839,4.200,20.745,13.700,ROP_MAX_SAFETY_STOCK,Intermittent consumption of 2.5 per month over 24 months with a 23-day lead time gives a reorder point of 6.1 against the current 8.512.,PROPOSED,2026-07-18
REC-000124,000000000080000020,1000,Level Radar Transmitter 200MM KSB,IMPACT,INTERMITTENT,4,23,3.536,2.800,2.625,2.100,8.743,5.700,ROP_MAX_SAFETY_STOCK,Intermittent consumption of 1.0 per month over 24 months with a 23-day lead time gives a reorder point of 2.8 against the current 3.536.,REJECTED,2026-07-29
REC-000125,000000000010000086,4000,Belt Scraper Blade Cartridge 55KW KSB,NORMAL,INTERMITTENT,8,19,2.048,1.500,1.252,0.900,5.185,4.200,ROP_MAX_SAFETY_STOCK,"Stock on hand 1 is below the current reorder point 2.048. At the NORMAL service level of 85% and a 19-day lead time, the reorder point should be 1.5.",APPROVED,2026-07-31
REC-000126,000000000010000086,2000,Belt Scraper Blade Cartridge 55KW KSB,NORMAL,INTERMITTENT,5,19,1.980,1.600,1.333,1.100,4.479,4.100,ROP_MAX_SAFETY_STOCK,Intermittent consumption of 0.8 per month over 24 months with a 19-day lead time gives a reorder point of 1.6 against the current 1.98.,PROPOSED,2026-06-14
REC-000127,000000000010000087,4000,Hydraulic Power Pack DN150 MULTOTEC,INSURANCE,SLOW,0,84,0.873,0.800,0.632,0.600,1.614,1.100,ROP_MAX_SAFETY_STOCK,Stock on hand 2 exceeds the current maximum 1.614. Consumption of 0.1 per month supports a maximum of 1.1.,APPROVED,2026-07-15
REC-000128,000000000010000088,4000,Crusher Hydroset Cylinder 200MM SEW,INSURANCE,INTERMITTENT,4,138,9.661,8.400,4.494,3.900,13.362,11.400,ROP_MAX_SAFETY_STOCK,"Stock on hand 5 is below the current reorder point 9.661. At the INSURANCE service level of 90% and a 138-day lead time, the reorder point should be 8.4.",REJECTED,2026-06-02
REC-000129,000000000080000021,2000,Gland Packing Seal Ring 110KW ABB,NORMAL,INTERMITTENT,5,51,7.757,4.700,4.297,2.600,7.757,8.400,ROP_MAX_SAFETY_STOCK,"Stock on hand 3 is below the current reorder point 7.757. At the NORMAL service level of 85% and a 51-day lead time, the reorder point should be 4.7.",PROPOSED,2026-07-08
REC-000130,000000000080000021,3000,Gland Packing Seal Ring 110KW ABB,NORMAL,INTERMITTENT,3,51,1.876,1.400,1.079,0.800,1.876,2.400,ROP_MAX_SAFETY_STOCK,Stock on hand 2 exceeds the current maximum 1.876. Consumption of 0.3 per month supports a maximum of 2.4.,APPROVED,2026-07-21
REC-000131,000000000080000022,3000,Skirt Rubber Liner Section TYPE B WEIR,IMPACT,INTERMITTENT,3,60,7.861,4.800,5.590,3.400,12.317,6.900,ROP_MAX_SAFETY_STOCK,"Stock on hand 7 is below the current reorder point 7.861. At the IMPACT service level of 95% and a 60-day lead time, the reorder point should be 4.8.",REJECTED,2026-08-02
REC-000132,000000000080000023,3000,Ball Mill Trunnion Bearing 55KW MULTOTEC,IMPACT,INTERMITTENT,5,51,12.583,7.100,8.119,4.600,18.372,11.600,ROP_MAX_SAFETY_STOCK,Intermittent consumption of 1.5 per month over 24 months with a 51-day lead time gives a reorder point of 7.1 against the current 12.583.,HELD,2026-06-17
REC-000133,000000000010000090,4000,Conveyor Idler Roller Set 6/4 SANDVIK,CRITICAL,SLOW,5,105,4.713,5.100,3.119,3.400,6.754,6.600,ROP_MAX_SAFETY_STOCK,Slow consumption of 0.5 per month over 24 months with a 105-day lead time gives a reorder point of 5.1 against the current 4.713.,HELD,2026-08-09
REC-000134,000000000010000091,4000,Flotation Blower Motor DN100 FLSM,CRITICAL,REGULAR,12,30,76.800,50.700,28.966,19.100,217.036,146.800,ROP_MAX_SAFETY_STOCK,Regular consumption of 32.0 per month over 24 months with a 30-day lead time gives a reorder point of 50.7 against the current 76.8.,PROPOSED,2026-08-01
REC-000135,000000000010000092,1000,Slurry Density Transmitter 110KW SANDVIK,NORMAL,INTERMITTENT,8,55,3.282,4.500,1.465,2.000,10.849,8.600,ROP_MAX_SAFETY_STOCK,Intermittent consumption of 1.4 per month over 24 months with a 55-day lead time gives a reorder point of 4.5 against the current 3.282.,HELD,2026-05-31
REC-000136,000000000010000093,1000,Hydraulic Pump Assembly 10/8 WEIR,CRITICAL,SLOW,2,111,2.806,1.800,2.087,1.300,2.806,2.200,ROP_MAX_SAFETY_STOCK,Stock on hand 3 exceeds the current maximum 2.806. Consumption of 0.1 per month supports a maximum of 2.2.,HELD,2026-07-25
REC-000137,000000000010000094,2000,Mill Liner DN150 METSO,CRITICAL,REGULAR,11,119,196.685,130.900,38.354,25.500,299.493,211.800,ROP_MAX_SAFETY_STOCK,"Stock on hand 195 is below the current reorder point 196.685. At the CRITICAL service level of 98% and a 119-day lead time, the reorder point should be 130.9.",HELD,2026-07-11
REC-000138,000000000030000016,3000,PLC Digital Output Card HD MULTOTEC,IMPACT,ON_DEMAND,1,31,0.000,2.500,0.000,1.700,0.000,4.800,OAR_TO_MIN_MAX,This OAR material is classified IMPACT on the critical parts list. Recommend Min-Max management with a reorder point of 2.5 and a maximum of 4.8.,APPROVED,2026-07-22
REC-000139,000000000030000016,1000,PLC Digital Output Card HD MULTOTEC,IMPACT,ON_DEMAND,1,31,0.000,6.100,0.000,3.900,0.000,12.600,OAR_TO_MIN_MAX,This OAR material is classified IMPACT on the critical parts list. Recommend Min-Max management with a reorder point of 6.1 and a maximum of 12.6.,PROPOSED,2026-07-15
REC-000140,000000000010000095,4000,MCC Feeder Circuit Breaker HD ABB,INSURANCE,INTERMITTENT,6,131,17.961,13.900,6.606,5.100,19.662,20.000,ROP_MAX_SAFETY_STOCK,"Stock on hand 4 is below the current reorder point 17.961. At the INSURANCE service level of 90% and a 131-day lead time, the reorder point should be 13.9.",REJECTED,2026-07-04
REC-000141,000000000010000096,2000,Crusher Main Shaft Bearing 250MM SEW,INSURANCE,REGULAR,12,85,42.001,42.600,6.543,6.600,71.348,81.200,ROP_MAX_SAFETY_STOCK,"Stock on hand 19 is below the current reorder point 42.001. At the INSURANCE service level of 90% and a 85-day lead time, the reorder point should be 42.6.",APPROVED,2026-08-19
REC-000142,000000000010000097,4000,Apron Feeder Gear Reducer 110KW SKF,CRITICAL,INTERMITTENT,5,181,9.305,6.200,3.721,2.500,9.305,8.100,ROP_MAX_SAFETY_STOCK,"Stock on hand 7 is below the current reorder point 9.305. At the CRITICAL service level of 98% and a 181-day lead time, the reorder point should be 6.2.",APPROVED,2026-08-02
REC-000143,000000000010000098,1000,Apron Feeder Gear Reducer HD SKF,CRITICAL,INTERMITTENT,5,57,6.269,3.500,4.165,2.300,8.191,5.400,ROP_MAX_SAFETY_STOCK,Stock on hand 10 exceeds the current maximum 8.191. Consumption of 0.6 per month supports a maximum of 5.4.,PROPOSED,2026-08-19
REC-000144,000000000010000099,2000,PLC Digital Output Card 8/6 MULTOTEC,NORMAL,INTERMITTENT,4,37,2.360,1.400,1.554,0.900,4.412,2.500,ROP_MAX_SAFETY_STOCK,Intermittent consumption of 0.4 per month over 24 months with a 37-day lead time gives a reorder point of 1.4 against the current 2.36.,APPROVED,2026-06-28
REC-000145,000000000010000099,4000,PLC Digital Output Card 8/6 MULTOTEC,NORMAL,INTERMITTENT,6,37,5.045,5.000,2.805,2.800,15.576,10.500,ROP_MAX_SAFETY_STOCK,Intermittent consumption of 1.8 per month over 24 months with a 37-day lead time gives a reorder point of 5 against the current 5.045.,PROPOSED,2026-06-08
REC-000146,000000000010000100,4000,Flotation Cell Impeller DN150 SKF,CRITICAL,INTERMITTENT,5,138,6.617,8.200,3.562,4.400,18.246,10.700,ROP_MAX_SAFETY_STOCK,Intermittent consumption of 0.8 per month over 24 months with a 138-day lead time gives a reorder point of 8.2 against the current 6.617.,APPROVED,2026-07-14
REC-000147,000000000090000003,2000,Mill Liner 6/4 METSO,OBSOLETE,NO_DEMAND,0,55,0.000,,0.000,,1.000,,NO_SAFETY_STOCK,Obsolete material: no safety stock recommended. Candidate for stock reduction review.,APPROVED,2026-08-06
REC-000148,000000000090000003,3000,Mill Liner 6/4 METSO,OBSOLETE,NO_DEMAND,0,55,0.000,,0.000,,1.000,,NO_SAFETY_STOCK,Obsolete material: no safety stock recommended. Candidate for stock reduction review.,APPROVED,2026-07-07
REC-000149,000000000010000101,4000,Vertical Sump Pump Column 250KW KSB,CRITICAL,INTERMITTENT,4,89,8.236,9.500,5.049,5.800,12.025,13.200,ROP_MAX_SAFETY_STOCK,"Stock on hand 5 is below the current reorder point 8.236. At the CRITICAL service level of 98% and a 89-day lead time, the reorder point should be 9.5.",APPROVED,2026-06-03
REC-000150,000000000080000024,2000,Flow Meter Sensor Head TYPE A ABB,IMPACT,INTERMITTENT,7,24,2.516,4.900,1.708,3.300,19.315,10.900,ROP_MAX_SAFETY_STOCK,"Stock on hand 1 is below the current reorder point 2.516. At the IMPACT service level of 95% and a 24-day lead time, the reorder point should be 4.9.",HELD,2026-07-19
REC-000151,000000000010000103,2000,Crusher Hydroset Cylinder HD KSB,CRITICAL,INTERMITTENT,0,32,4.895,6.600,3.197,4.300,16.012,13.100,ROP_MAX_SAFETY_STOCK,"Stock on hand 0 is below the current reorder point 4.895. At the CRITICAL service level of 98% and a 32-day lead time, the reorder point should be 6.6.",PROPOSED,2026-06-12
REC-000152,000000000010000104,3000,Variable Speed Drive Unit 250KW ABB,INSURANCE,INTERMITTENT,2,224,16.707,12.400,6.778,5.000,16.707,15.400,ROP_MAX_SAFETY_STOCK,Stock on hand 18 exceeds the current maximum 16.707. Consumption of 1.0 per month supports a maximum of 15.4.,PROPOSED,2026-08-13
REC-000153,000000000010000104,2000,Variable Speed Drive Unit 250KW ABB,INSURANCE,INTERMITTENT,6,224,6.238,8.900,2.395,3.400,17.134,11.200,ROP_MAX_SAFETY_STOCK,"Stock on hand 0 is below the current reorder point 6.238. At the INSURANCE service level of 90% and a 224-day lead time, the reorder point should be 8.9.",HELD,2026-07-13
REC-000154,000000000010000105,4000,PLC Digital Output Card TYPE B SEW,NORMAL,INTERMITTENT,4,53,2.571,1.500,1.543,0.900,2.578,2.500,ROP_MAX_SAFETY_STOCK,Stock on hand 3 exceeds the current maximum 2.578. Consumption of 0.3 per month supports a maximum of 2.5.,APPROVED,2026-06-15
REC-000155,000000000010000106,3000,Gearbox Bearing HD KSB,IMPACT,REGULAR,12,16,11.921,11.100,4.927,4.600,54.161,48.000,ROP_MAX_SAFETY_STOCK,Regular consumption of 12.3 per month over 24 months with a 16-day lead time gives a reorder point of 11.1 against the current 11.921.,REJECTED,2026-07-26
REC-000156,000000000010000108,1000,Skirt Rubber Liner Section DN150 FLSM,CRITICAL,INTERMITTENT,0,56,5.648,7.200,4.324,5.500,14.104,9.900,ROP_MAX_SAFETY_STOCK,"Stock on hand 0 is below the current reorder point 5.648. At the CRITICAL service level of 98% and a 56-day lead time, the reorder point should be 7.2.",REJECTED,2026-08-20
REC-000157,000000000010000109,4000,Ball Mill Shell Liner Plate 110KW,INSURANCE,SLOW,2,91,1.127,1.300,0.709,0.800,1.369,1.800,ROP_MAX_SAFETY_STOCK,"Stock on hand 1 is below the current reorder point 1.127. At the INSURANCE service level of 90% and a 91-day lead time, the reorder point should be 1.3.",APPROVED,2026-08-19
REC-000158,000000000080000025,3000,Crusher Main Shaft Bearing 200MM SANDVIK,IMPACT,INTERMITTENT,5,30,6.152,4.400,4.255,3.000,11.245,8.500,ROP_MAX_SAFETY_STOCK,Intermittent consumption of 1.4 per month over 24 months with a 30-day lead time gives a reorder point of 4.4 against the current 6.152.,REJECTED,2026-07-11
REC-000159,000000000080000025,4000,Crusher Main Shaft Bearing 200MM SANDVIK,IMPACT,INTERMITTENT,6,30,9.093,6.800,5.880,4.400,21.932,14.100,ROP_MAX_SAFETY_STOCK,Intermittent consumption of 2.4 per month over 24 months with a 30-day lead time gives a reorder point of 6.8 against the current 9.093.,REJECTED,2026-07-31
REC-000160,000000000010000110,2000,Ball Mill Shell Liner Plate 250KW FLSM,NORMAL,INTERMITTENT,5,31,4.369,3.800,2.570,2.200,7.065,8.400,ROP_MAX_SAFETY_STOCK,Intermittent consumption of 1.5 per month over 24 months with a 31-day lead time gives a reorder point of 3.8 against the current 4.369.,REJECTED,2026-05-29
REC-000161,000000000010000111,3000,Ball Mill Shell Liner Plate 8/6 METSO,CRITICAL,REGULAR,12,30,46.054,32.900,15.408,11.000,105.230,99.500,ROP_MAX_SAFETY_STOCK,Regular consumption of 22.2 per month over 24 months with a 30-day lead time gives a reorder point of 32.9 against the current 46.054.,REJECTED,2026-06-22
REC-000162,000000000010000112,1000,Slurry Pump Mechanical Seal 250MM FLSM,IMPACT,REGULAR,11,39,72.428,40.500,19.110,10.700,190.136,110.400,ROP_MAX_SAFETY_STOCK,"Stock on hand 33 is below the current reorder point 72.428. At the IMPACT service level of 95% and a 39-day lead time, the reorder point should be 40.5.",APPROVED,2026-06-11
REC-000163,000000000010000114,4000,Spherical Roller Bearing TYPE A ABB,NORMAL,REGULAR,10,25,9.645,19.100,2.043,4.000,96.429,74.100,ROP_MAX_SAFETY_STOCK,"Stock on hand 9 is below the current reorder point 9.645. At the NORMAL service level of 85% and a 25-day lead time, the reorder point should be 19.1.",APPROVED,2026-08-26
REC-000164,000000000010000115,4000,Slurry Pump Wet End Assembly 250MM SKF,CRITICAL,INTERMITTENT,0,83,8.825,11.600,5.706,7.500,26.327,16.100,ROP_MAX_SAFETY_STOCK,"Stock on hand 0 is below the current reorder point 8.825. At the CRITICAL service level of 98% and a 83-day lead time, the reorder point should be 11.6.",HELD,2026-07-29
REC-000165,000000000010000116,2000,Ball Mill Shell Liner Plate DN150 WEIR,NORMAL,INTERMITTENT,4,24,2.326,1.400,1.484,0.900,3.918,3.400,ROP_MAX_SAFETY_STOCK,Intermittent consumption of 0.7 per month over 24 months with a 24-day lead time gives a reorder point of 1.4 against the current 2.326.,APPROVED,2026-08-31
REC-000166,000000000010000116,3000,Ball Mill Shell Liner Plate DN150 WEIR,NORMAL,INTERMITTENT,4,24,0.659,1.200,0.389,0.700,4.644,3.100,ROP_MAX_SAFETY_STOCK,Intermittent consumption of 0.6 per month over 24 months with a 24-day lead time gives a reorder point of 1.2 against the current 0.659.,APPROVED,2026-08-07
REC-000167,000000000030000021,1000,Belt Scraper Blade Cartridge DN150 ABB,CRITICAL,ON_DEMAND,2,49,0.000,2.900,0.000,2.000,0.000,4.500,OAR_TO_MIN_MAX,This OAR material is classified CRITICAL on the critical parts list. Recommend Min-Max management with a reorder point of 2.9 and a maximum of 4.5.,APPROVED,2026-08-04
REC-000168,000000000030000021,4000,Belt Scraper Blade Cartridge DN150 ABB,CRITICAL,ON_DEMAND,0,49,0.000,7.900,0.000,5.500,0.000,12.400,OAR_TO_MIN_MAX,This OAR material is classified CRITICAL on the critical parts list. Recommend Min-Max management with a reorder point of 7.9 and a maximum of 12.4.,APPROVED,2026-05-30
REC-000169,000000000010000117,1000,Ball Mill Gearbox Assembly DN100 ABB,CRITICAL,INTERMITTENT,0,30,2.971,2.200,2.179,1.600,4.021,4.000,ROP_MAX_SAFETY_STOCK,"Stock on hand 0 is below the current reorder point 2.971. At the CRITICAL service level of 98% and a 30-day lead time, the reorder point should be 2.2.",PROPOSED,2026-08-04
REC-000170,000000000010000118,4000,Slurry Pump Wet End Assembly 250KW WEIR,INSURANCE,INTERMITTENT,5,126,10.458,9.000,5.264,4.500,10.458,12.200,ROP_MAX_SAFETY_STOCK,"Stock on hand 4 is below the current reorder point 10.458. At the INSURANCE service level of 90% and a 126-day lead time, the reorder point should be 9.",PROPOSED,2026-07-16
REC-000171,000000000010000119,1000,Screen Exciter Bearing DN150 METSO,CRITICAL,INTERMITTENT,6,192,11.617,16.600,5.529,7.900,29.971,20.700,ROP_MAX_SAFETY_STOCK,Intermittent consumption of 1.4 per month over 24 months with a 192-day lead time gives a reorder point of 16.6 against the current 11.617.,REJECTED,2026-07-24
REC-000172,000000000010000120,1000,Vertical Sump Pump Column DN150 ABB,INSURANCE,SLOW,2,139,3.676,2.100,2.001,1.100,3.676,2.700,ROP_MAX_SAFETY_STOCK,Stock on hand 5 exceeds the current maximum 3.676. Consumption of 0.2 per month supports a maximum of 2.7.,APPROVED,2026-05-21
REC-000173,000000000010000120,4000,Vertical Sump Pump Column DN150 ABB,INSURANCE,SLOW,2,139,2.399,2.100,1.306,1.100,4.341,2.700,ROP_MAX_SAFETY_STOCK,Slow consumption of 0.2 per month over 24 months with a 139-day lead time gives a reorder point of 2.1 against the current 2.399.,APPROVED,2026-07-30
REC-000174,000000000030000022,4000,Apron Feeder Gear Reducer 6/4 METSO,IMPACT,ON_DEMAND,0,28,0.000,5.800,0.000,4.100,0.000,11.400,OAR_TO_MIN_MAX,This OAR material is classified IMPACT on the critical parts list. Recommend Min-Max management with a reorder point of 5.8 and a maximum of 11.4.,PROPOSED,2026-08-25
REC-000175,000000000030000022,1000,Apron Feeder Gear Reducer 6/4 METSO,IMPACT,ON_DEMAND,2,28,0.000,5.500,0.000,4.000,0.000,10.200,OAR_TO_MIN_MAX,This OAR material is classified IMPACT on the critical parts list. Recommend Min-Max management with a reorder point of 5.5 and a maximum of 10.2.,PROPOSED,2026-05-12
REC-000176,000000000090000004,4000,Slurry Density Transmitter 6/4 ABB,OBSOLETE,NO_DEMAND,0,8,0.000,,0.000,,1.000,,NO_SAFETY_STOCK,Obsolete material: no safety stock recommended. Candidate for stock reduction review.,APPROVED,2026-08-01
REC-000177,000000000010000121,4000,MCC Feeder Circuit Breaker 250MM KSB,CRITICAL,INTERMITTENT,0,84,8.855,9.300,6.222,6.500,21.290,12.300,ROP_MAX_SAFETY_STOCK,"Stock on hand 0 is below the current reorder point 8.855. At the CRITICAL service level of 98% and a 84-day lead time, the reorder point should be 9.3.",APPROVED,2026-05-22
REC-000178,000000000010000122,3000,Crusher Hydroset Cylinder 150MM SIEMENS,NORMAL,INTERMITTENT,5,7,0.279,0.700,0.204,0.500,4.359,3.000,ROP_MAX_SAFETY_STOCK,Intermittent consumption of 0.8 per month over 24 months with a 7-day lead time gives a reorder point of 0.7 against the current 0.279.,PROPOSED,2026-08-28
REC-000179,000000000010000123,1000,Ball Mill Shell Liner Plate TYPE B,IMPACT,INTERMITTENT,5,49,3.537,2.800,2.281,1.800,6.072,4.700,ROP_MAX_SAFETY_STOCK,Intermittent consumption of 0.6 per month over 24 months with a 49-day lead time gives a reorder point of 2.8 against the current 3.537.,PROPOSED,2026-06-21
REC-000180,000000000010000124,3000,Ball Mill Gearbox Assembly 6/4 FLSM,NORMAL,REGULAR,11,12,11.159,16.400,2.931,4.300,118.119,108.500,ROP_MAX_SAFETY_STOCK,Regular consumption of 30.7 per month over 24 months with a 12-day lead time gives a reorder point of 16.4 against the current 11.159.,HELD,2026-08-01
REC-000181,000000000080000026,3000,Ventilation Fan Motor DN150 MULTOTEC,IMPACT,INTERMITTENT,4,32,0.676,1.600,0.472,1.100,4.633,3.000,ROP_MAX_SAFETY_STOCK,"Stock on hand 0 is below the current reorder point 0.676. At the IMPACT service level of 95% and a 32-day lead time, the reorder point should be 1.6.",PROPOSED,2026-08-03
REC-000182,000000000080000026,2000,Ventilation Fan Motor DN150 MULTOTEC,IMPACT,INTERMITTENT,3,32,2.539,1.800,1.858,1.300,5.053,3.200,ROP_MAX_SAFETY_STOCK,Intermittent consumption of 0.5 per month over 24 months with a 32-day lead time gives a reorder point of 1.8 against the current 2.539.,HELD,2026-06-11
REC-000183,000000000010000125,4000,Crusher Main Shaft Bearing 150MM SEW,NORMAL,INTERMITTENT,6,23,1.240,1.500,0.738,0.900,6.700,3.900,ROP_MAX_SAFETY_STOCK,Intermittent consumption of 0.8 per month over 24 months with a 23-day lead time gives a reorder point of 1.5 against the current 1.24.,APPROVED,2026-07-28
REC-000184,000000000080000027,1000,Thickener Rake Drive Gearbox 8/6 KSB,IMPACT,INTERMITTENT,3,56,1.813,3.700,1.133,2.300,4.812,6.000,ROP_MAX_SAFETY_STOCK,"Stock on hand 0 is below the current reorder point 1.813. At the IMPACT service level of 95% and a 56-day lead time, the reorder point should be 3.7.",PROPOSED,2026-06-01
REC-000185,000000000010000127,3000,Thickener Rake Seal Kit 250MM ABB,CRITICAL,INTERMITTENT,5,48,5.346,4.100,3.643,2.800,5.716,6.600,ROP_MAX_SAFETY_STOCK,Stock on hand 6 exceeds the current maximum 5.716. Consumption of 0.8 per month supports a maximum of 6.6.,PROPOSED,2026-07-02
REC-000186,000000000010000127,1000,Thickener Rake Seal Kit 250MM ABB,CRITICAL,INTERMITTENT,5,48,3.322,5.400,2.327,3.800,12.472,8.500,ROP_MAX_SAFETY_STOCK,"Stock on hand 0 is below the current reorder point 3.322. At the CRITICAL service level of 98% and a 48-day lead time, the reorder point should be 5.4.",PROPOSED,2026-07-17
REC-000187,000000000010000128,4000,Conveyor Drive Motor TYPE B SEW,NORMAL,INTERMITTENT,3,36,1.481,1.900,0.926,1.200,4.457,3.800,ROP_MAX_SAFETY_STOCK,"Stock on hand 0 is below the current reorder point 1.481. At the NORMAL service level of 85% and a 36-day lead time, the reorder point should be 1.9.",HELD,2026-07-26
REC-000188,000000000010000129,4000,Hydraulic Power Pack 200MM FLSM,CRITICAL,INTERMITTENT,0,97,4.863,8.500,3.198,5.600,15.151,11.200,ROP_MAX_SAFETY_STOCK,"Stock on hand 0 is below the current reorder point 4.863. At the CRITICAL service level of 98% and a 97-day lead time, the reorder point should be 8.5.",REJECTED,2026-08-13
REC-000189,000000000010000130,2000,Belt Scraper Blade Cartridge DN100 FLSM,CRITICAL,INTERMITTENT,0,68,4.009,3.700,2.791,2.600,7.427,5.200,ROP_MAX_SAFETY_STOCK,"Stock on hand 0 is below the current reorder point 4.009. At the CRITICAL service level of 98% and a 68-day lead time, the reorder point should be 3.7.",PROPOSED,2026-05-28
REC-000190,000000000010000131,1000,Ventilation Fan Motor 200MM MULTOTEC,CRITICAL,INTERMITTENT,3,31,5.117,6.700,3.984,5.200,16.264,11.100,ROP_MAX_SAFETY_STOCK,Intermittent consumption of 1.5 per month over 24 months with a 31-day lead time gives a reorder point of 6.7 against the current 5.117.,APPROVED,2026-06-06
REC-000191,000000000010000132,2000,Spherical Roller Bearing 250MM SKF,NORMAL,REGULAR,12,49,115.998,75.300,17.595,11.400,309.133,194.400,ROP_MAX_SAFETY_STOCK,Regular consumption of 39.7 per month over 24 months with a 49-day lead time gives a reorder point of 75.3 against the current 115.998.,HELD,2026-06-11
REC-000192,000000000010000132,1000,Spherical Roller Bearing 250MM SKF,NORMAL,REGULAR,10,49,23.166,28.400,3.809,4.700,60.124,72.500,ROP_MAX_SAFETY_STOCK,Regular consumption of 14.7 per month over 24 months with a 49-day lead time gives a reorder point of 28.4 against the current 23.166.,REJECTED,2026-05-21
REC-000193,000000000010000133,3000,Flotation Blower Motor 8/6 ABB,NORMAL,INTERMITTENT,4,17,2.370,1.900,1.516,1.200,6.235,5.400,ROP_MAX_SAFETY_STOCK,Intermittent consumption of 1.2 per month over 24 months with a 17-day lead time gives a reorder point of 1.9 against the current 2.37.,APPROVED,2026-07-19
REC-000194,000000000010000134,2000,Apron Feeder Gear Reducer 250KW WEIR,INSURANCE,REGULAR,12,91,75.285,41.900,11.922,6.600,75.285,77.300,ROP_MAX_SAFETY_STOCK,Stock on hand 132 exceeds the current maximum 75.285. Consumption of 11.8 per month supports a maximum of 77.3.,REJECTED,2026-08-06
REC-000195,000000000010000135,3000,Ball Mill Shell Liner Plate 10/8 ABB,NORMAL,INTERMITTENT,7,35,5.687,4.900,2.912,2.500,12.082,11.200,ROP_MAX_SAFETY_STOCK,"Stock on hand 2 is below the current reorder point 5.687. At the NORMAL service level of 85% and a 35-day lead time, the reorder point should be 4.9.",HELD,2026-06-26
REC-000196,000000000010000135,2000,Ball Mill Shell Liner Plate 10/8 ABB,NORMAL,INTERMITTENT,2,35,1.714,3.300,1.166,2.200,5.896,6.000,ROP_MAX_SAFETY_STOCK,Stock on hand 6 exceeds the current maximum 5.896. Consumption of 0.9 per month supports a maximum of 6.,APPROVED,2026-08-25
REC-000197,000000000010000136,1000,Variable Speed Drive Unit 250KW SEW,CRITICAL,INTERMITTENT,6,135,11.551,9.600,5.280,4.400,11.551,13.100,ROP_MAX_SAFETY_STOCK,"Stock on hand 11 is below the current reorder point 11.551. At the CRITICAL service level of 98% and a 135-day lead time, the reorder point should be 9.6.",PROPOSED,2026-05-12
REC-000198,000000000090000005,1000,Spherical Roller Bearing HD ABB,OBSOLETE,NO_DEMAND,0,41,0.000,,0.000,,1.000,,NO_SAFETY_STOCK,Obsolete material: no safety stock recommended. Candidate for stock reduction review.,REJECTED,2026-06-13
REC-000199,000000000010000137,3000,Valve Assembly 250MM WEIR,IMPACT,REGULAR,12,45,68.750,58.900,18.764,16.100,169.065,145.800,ROP_MAX_SAFETY_STOCK,Regular consumption of 29.0 per month over 24 months with a 45-day lead time gives a reorder point of 58.9 against the current 68.75.,APPROVED,2026-06-15
REC-000200,000000000010000138,2000,Flotation Cell Impeller 6/4 SEW,CRITICAL,INTERMITTENT,6,227,6.780,13.200,2.946,5.700,18.828,16.200,ROP_MAX_SAFETY_STOCK,"Stock on hand 0 is below the current reorder point 6.78. At the CRITICAL service level of 98% and a 227-day lead time, the reorder point should be 13.2.",PROPOSED,2026-06-08
REC-000201,000000000080000028,1000,Conveyor Idler Roller Set 250MM METSO,NORMAL,INTERMITTENT,5,23,2.960,3.200,1.919,2.100,10.925,7.700,ROP_MAX_SAFETY_STOCK,"Stock on hand 0 is below the current reorder point 2.96. At the NORMAL service level of 85% and a 23-day lead time, the reorder point should be 3.2.",APPROVED,2026-06-11
REC-000202,000000000080000029,4000,Thickener Rake Seal Kit DN150 KSB,IMPACT,INTERMITTENT,3,10,0.698,1.600,0.573,1.300,3.902,4.200,ROP_MAX_SAFETY_STOCK,"Stock on hand 0 is below the current reorder point 0.698. At the IMPACT service level of 95% and a 10-day lead time, the reorder point should be 1.6.",APPROVED,2026-07-18
REC-000203,000000000010000139,1000,Conveyor Take-Up Pulley 200MM METSO,CRITICAL,INTERMITTENT,0,86,6.569,12.500,4.162,7.900,22.070,17.400,ROP_MAX_SAFETY_STOCK,"Stock on hand 0 is below the current reorder point 6.569. At the CRITICAL service level of 98% and a 86-day lead time, the reorder point should be 12.5.",PROPOSED,2026-05-31
REC-000204,000000000010000140,4000,Level Radar Transmitter TYPE A FLSM,NORMAL,SLOW,2,33,0.646,0.400,0.498,0.300,1.047,0.700,ROP_MAX_SAFETY_STOCK,Slow consumption of 0.1 per month over 24 months with a 33-day lead time gives a reorder point of 0.4 against the current 0.646.,PROPOSED,2026-06-03
REC-000205,000000000010000141,4000,Mill Lube Pump Motor HD SIEMENS,NORMAL,REGULAR,11,42,36.566,32.500,6.525,5.800,99.366,90.500,ROP_MAX_SAFETY_STOCK,"Stock on hand 35 is below the current reorder point 36.566. At the NORMAL service level of 85% and a 42-day lead time, the reorder point should be 32.5.",APPROVED,2026-06-17
REC-000206,000000000080000030,1000,Thickener Rake Drive Gearbox TYPE B FLSM,IMPACT,INTERMITTENT,5,28,5.124,4.200,3.505,2.900,9.606,8.600,ROP_MAX_SAFETY_STOCK,"Stock on hand 1 is below the current reorder point 5.124. At the IMPACT service level of 95% and a 28-day lead time, the reorder point should be 4.2.",PROPOSED,2026-05-31
REC-000207,000000000010000142,1000,Ball Mill Shell Liner Plate 8/6 WEIR,CRITICAL,SLOW,1,123,2.675,2.300,1.873,1.600,3.149,2.800,ROP_MAX_SAFETY_STOCK,"Stock on hand 2 is below the current reorder point 2.675. At the CRITICAL service level of 98% and a 123-day lead time, the reorder point should be 2.3.",PROPOSED,2026-05-20
REC-000208,000000000010000143,1000,Soft Starter Power Module 6/4 KSB,CRITICAL,INTERMITTENT,0,120,17.544,11.000,9.953,6.200,17.544,14.600,ROP_MAX_SAFETY_STOCK,"Stock on hand 0 is below the current reorder point 17.544. At the CRITICAL service level of 98% and a 120-day lead time, the reorder point should be 11.",PROPOSED,2026-08-04
REC-000209,000000000010000144,2000,Conveyor Idler Roller Set 150MM SEW,NORMAL,INTERMITTENT,4,19,0.756,1.100,0.492,0.700,2.620,2.900,ROP_MAX_SAFETY_STOCK,"Stock on hand 0 is below the current reorder point 0.756. At the NORMAL service level of 85% and a 19-day lead time, the reorder point should be 1.1.",REJECTED,2026-08-29
REC-000210,000000000010000145,1000,Ball Mill Trunnion Bearing 200MM WEIR,NORMAL,SLOW,3,39,0.666,0.800,0.430,0.500,1.608,1.400,ROP_MAX_SAFETY_STOCK,Stock on hand 2 exceeds the current maximum 1.608. Consumption of 0.2 per month supports a maximum of 1.4.,REJECTED,2026-08-07
REC-000211,000000000080000031,1000,Screen Exciter Bearing 10/8 ABB,IMPACT,INTERMITTENT,5,7,1.972,2.300,1.607,1.900,11.194,7.800,ROP_MAX_SAFETY_STOCK,Intermittent consumption of 1.8 per month over 24 months with a 7-day lead time gives a reorder point of 2.3 against the current 1.972.,PROPOSED,2026-05-30
REC-000212,000000000010000146,4000,Hydraulic Power Pack HD WEIR,CRITICAL,INTERMITTENT,0,38,3.550,4.300,2.411,2.900,7.083,7.500,ROP_MAX_SAFETY_STOCK,"Stock on hand 0 is below the current reorder point 3.55. At the CRITICAL service level of 98% and a 38-day lead time, the reorder point should be 4.3.",PROPOSED,2026-05-19
REC-000213,000000000010000146,1000,Hydraulic Power Pack HD WEIR,CRITICAL,INTERMITTENT,0,38,3.050,3.500,2.252,2.600,7.695,5.800,ROP_MAX_SAFETY_STOCK,"Stock on hand 0 is below the current reorder point 3.05. At the CRITICAL service level of 98% and a 38-day lead time, the reorder point should be 3.5.",PROPOSED,2026-06-11
REC-000214,000000000010000147,2000,Screen Exciter Bearing 8/6 KSB,INSURANCE,INTERMITTENT,7,163,10.900,8.800,3.731,3.000,17.714,12.100,ROP_MAX_SAFETY_STOCK,"Stock on hand 10 is below the current reorder point 10.9. At the INSURANCE service level of 90% and a 163-day lead time, the reorder point should be 8.8.",PROPOSED,2026-08-30
REC-000215,000000000030000023,1000,Crusher Main Shaft Bearing DN150 FLSM,IMPACT,ON_DEMAND,1,36,0.000,3.200,0.000,1.900,0.000,6.600,OAR_TO_MIN_MAX,This OAR material is classified IMPACT on the critical parts list. Recommend Min-Max management with a reorder point of 3.2 and a maximum of 6.6.,APPROVED,2026-06-07
REC-000216,000000000010000148,4000,Screen Exciter Bearing DN150 SIEMENS,NORMAL,SLOW,0,28,0.810,0.600,0.576,0.400,1.233,1.100,ROP_MAX_SAFETY_STOCK,Slow consumption of 0.2 per month over 24 months with a 28-day lead time gives a reorder point of 0.6 against the current 0.81.,APPROVED,2026-07-08
REC-000217,000000000010000149,4000,Centrifugal Pump Casing 55KW SIEMENS,NORMAL,REGULAR,10,16,8.606,14.200,1.770,2.900,98.222,79.000,ROP_MAX_SAFETY_STOCK,Regular consumption of 21.6 per month over 24 months with a 16-day lead time gives a reorder point of 14.2 against the current 8.606.,PROPOSED,2026-06-24
REC-000218,000000000080000032,1000,Flotation Cell Impeller 150MM METSO,IMPACT,INTERMITTENT,5,30,5.501,3.600,3.645,2.400,10.350,7.300,ROP_MAX_SAFETY_STOCK,Intermittent consumption of 1.2 per month over 24 months with a 30-day lead time gives a reorder point of 3.6 against the current 5.501.,PROPOSED,2026-05-27
REC-000219,000000000010000150,1000,Pressure Transmitter Assembly HD,CRITICAL,INTERMITTENT,4,105,9.075,9.800,5.467,5.900,22.904,13.200,ROP_MAX_SAFETY_STOCK,Intermittent consumption of 1.1 per month over 24 months with a 105-day lead time gives a reorder point of 9.8 against the current 9.075.,REJECTED,2026-05-19
REC-000220,000000000010000151,3000,Pump Impeller TYPE B SIEMENS,CRITICAL,INTERMITTENT,0,100,7.985,12.600,4.865,7.700,23.754,17.100,ROP_MAX_SAFETY_STOCK,"Stock on hand 0 is below the current reorder point 7.985. At the CRITICAL service level of 98% and a 100-day lead time, the reorder point should be 12.6.",APPROVED,2026-07-17
REC-000221,000000000010000152,1000,Conveyor Drive Gearbox 10/8 ABB,CRITICAL,INTERMITTENT,0,122,12.566,8.500,7.142,4.800,12.566,11.200,ROP_MAX_SAFETY_STOCK,"Stock on hand 0 is below the current reorder point 12.566. At the CRITICAL service level of 98% and a 122-day lead time, the reorder point should be 8.5.",APPROVED,2026-05-19
REC-000222,000000000010000153,2000,Slurry Pump Mechanical Seal 250MM SEW,INSURANCE,SLOW,2,126,3.586,3.400,2.116,2.000,5.169,4.400,ROP_MAX_SAFETY_STOCK,"Stock on hand 2 is below the current reorder point 3.586. At the INSURANCE service level of 90% and a 126-day lead time, the reorder point should be 3.4.",APPROVED,2026-05-13
REC-000223,000000000080000033,4000,Mill Lube Pump Motor 150MM SKF,IMPACT,INTERMITTENT,4,16,3.663,3.100,2.634,2.200,10.459,8.100,ROP_MAX_SAFETY_STOCK,Intermittent consumption of 1.7 per month over 24 months with a 16-day lead time gives a reorder point of 3.1 against the current 3.663.,HELD,2026-08-12
REC-000224,000000000010000154,1000,Ball Mill Shell Liner Plate DN100 SEW,NORMAL,SLOW,4,51,0.749,1.800,0.460,1.100,3.590,3.000,ROP_MAX_SAFETY_STOCK,Stock on hand 4 exceeds the current maximum 3.59. Consumption of 0.4 per month supports a maximum of 3.,PROPOSED,2026-05-15
REC-000225,000000000010000155,3000,Flow Meter Sensor Head 150MM SEW,INSURANCE,INTERMITTENT,7,196,4.039,4.900,1.375,1.700,9.847,6.400,ROP_MAX_SAFETY_STOCK,"Stock on hand 4 is below the current reorder point 4.039. At the INSURANCE service level of 90% and a 196-day lead time, the reorder point should be 4.9.",PROPOSED,2026-06-09
REC-000226,000000000010000156,4000,Vertical Sump Pump Column 250MM SKF,CRITICAL,INTERMITTENT,0,128,11.996,15.300,6.504,8.300,15.880,20.300,ROP_MAX_SAFETY_STOCK,"Stock on hand 0 is below the current reorder point 11.996. At the CRITICAL service level of 98% and a 128-day lead time, the reorder point should be 15.3.",PROPOSED,2026-07-19
REC-000227,000000000010000156,3000,Vertical Sump Pump Column 250MM SKF,CRITICAL,INTERMITTENT,0,128,11.393,19.100,7.211,12.100,37.271,24.100,ROP_MAX_SAFETY_STOCK,"Stock on hand 0 is below the current reorder point 11.393. At the CRITICAL service level of 98% and a 128-day lead time, the reorder point should be 19.1.",APPROVED,2026-05-25
REC-000228,000000000080000034,1000,Belt Scraper Blade Cartridge 250MM ABB,NORMAL,INTERMITTENT,3,21,1.866,1.200,1.251,0.800,4.949,2.800,ROP_MAX_SAFETY_STOCK,"Stock on hand 1 is below the current reorder point 1.866. At the NORMAL service level of 85% and a 21-day lead time, the reorder point should be 1.2.",REJECTED,2026-08-16
REC-000229,000000000010000157,2000,Hydraulic Pump Assembly 8/6 MULTOTEC,IMPACT,SLOW,0,7,0.460,0.600,0.415,0.500,2.319,1.400,ROP_MAX_SAFETY_STOCK,Slow consumption of 0.2 per month over 24 months with a 7-day lead time gives a reorder point of 0.6 against the current 0.46.,HELD,2026-07-14
REC-000230,000000000010000157,3000,Hydraulic Pump Assembly 8/6 MULTOTEC,IMPACT,SLOW,2,7,0.451,0.400,0.387,0.300,1.418,1.100,ROP_MAX_SAFETY_STOCK,Slow consumption of 0.2 per month over 24 months with a 7-day lead time gives a reorder point of 0.4 against the current 0.451.,APPROVED,2026-07-02
REC-000231,000000000030000024,1000,Hydraulic Pump Assembly 6/4 ABB,IMPACT,ON_DEMAND,1,60,0.000,9.800,0.000,5.400,0.000,16.600,OAR_TO_MIN_MAX,This OAR material is classified IMPACT on the critical parts list. Recommend Min-Max management with a reorder point of 9.8 and a maximum of 16.6.,HELD,2026-08-05
REC-000232,000000000080000035,4000,Gearbox Bearing 8/6 MULTOTEC,IMPACT,INTERMITTENT,7,17,7.244,4.900,5.302,3.600,10.200,12.000,ROP_MAX_SAFETY_STOCK,Stock on hand 11 exceeds the current maximum 10.2. Consumption of 2.4 per month supports a maximum of 12.,PROPOSED,2026-06-12
REC-000233,000000000080000035,2000,Gearbox Bearing 8/6 MULTOTEC,IMPACT,INTERMITTENT,4,17,5.588,3.800,4.290,2.900,8.462,8.600,ROP_MAX_SAFETY_STOCK,Intermittent consumption of 1.6 per month over 24 months with a 17-day lead time gives a reorder point of 3.8 against the current 5.588.,PROPOSED,2026-07-26
REC-000234,000000000010000158,2000,Conveyor Idler Roller Set 200MM SANDVIK,IMPACT,REGULAR,11,15,10.668,17.400,4.275,7.000,140.488,80.900,ROP_MAX_SAFETY_STOCK,Regular consumption of 21.2 per month over 24 months with a 15-day lead time gives a reorder point of 17.4 against the current 10.668.,APPROVED,2026-06-24
REC-000235,000000000010000159,2000,Flotation Cell Impeller 10/8 KSB,IMPACT,INTERMITTENT,6,15,6.050,4.200,4.512,3.100,12.839,10.700,ROP_MAX_SAFETY_STOCK,"Stock on hand 5 is below the current reorder point 6.05. At the IMPACT service level of 95% and a 15-day lead time, the reorder point should be 4.2.",PROPOSED,2026-05-26
REC-000236,000000000080000036,3000,Cyclone Apex Liner 8/6 SEW,IMPACT,INTERMITTENT,3,12,1.485,1.100,1.221,0.900,1.901,2.600,ROP_MAX_SAFETY_STOCK,"Stock on hand 1 is below the current reorder point 1.485. At the IMPACT service level of 95% and a 12-day lead time, the reorder point should be 1.1.",APPROVED,2026-08-28
REC-000237,000000000010000161,4000,Hydraulic Pump Assembly TYPE A KSB,IMPACT,REGULAR,9,29,40.092,52.000,11.338,14.700,250.589,169.500,ROP_MAX_SAFETY_STOCK,Regular consumption of 39.2 per month over 24 months with a 29-day lead time gives a reorder point of 52 against the current 40.092.,HELD,2026-07-26
REC-000238,000000000010000161,3000,Hydraulic Pump Assembly TYPE A KSB,IMPACT,REGULAR,12,29,41.993,51.800,14.514,17.900,210.181,158.400,ROP_MAX_SAFETY_STOCK,Regular consumption of 35.5 per month over 24 months with a 29-day lead time gives a reorder point of 51.8 against the current 41.993.,PROPOSED,2026-06-09
REC-000239,000000000010000162,2000,Vertical Sump Pump Column 150MM KSB,NORMAL,INTERMITTENT,3,60,0.735,1.300,0.449,0.800,3.587,2.000,ROP_MAX_SAFETY_STOCK,"Stock on hand 0 is below the current reorder point 0.735. At the NORMAL service level of 85% and a 60-day lead time, the reorder point should be 1.3.",PROPOSED,2026-08-06
REC-000240,000000000010000163,4000,Level Radar Transmitter TYPE A ABB,INSURANCE,REGULAR,12,135,109.394,126.800,18.195,21.100,263.110,198.300,ROP_MAX_SAFETY_STOCK,"Stock on hand 60 is below the current reorder point 109.394. At the INSURANCE service level of 90% and a 135-day lead time, the reorder point should be 126.8.",HELD,2026-07-15
REC-000241,000000000080000037,2000,Slurry Density Transmitter TYPE A ABB,CRITICAL,INTERMITTENT,6,129,4.979,5.300,2.530,2.700,5.636,7.200,ROP_MAX_SAFETY_STOCK,"Stock on hand 3 is below the current reorder point 4.979. At the CRITICAL service level of 98% and a 129-day lead time, the reorder point should be 5.3.",REJECTED,2026-06-25
REC-000242,000000000080000037,1000,Slurry Density Transmitter TYPE A ABB,CRITICAL,INTERMITTENT,5,129,23.223,17.400,14.021,10.500,23.223,22.300,ROP_MAX_SAFETY_STOCK,Stock on hand 41 exceeds the current maximum 23.223. Consumption of 1.6 per month supports a maximum of 22.3.,APPROVED,2026-06-13
REC-000243,000000000010000164,3000,Hydraulic Pump Assembly 6/4 WEIR,CRITICAL,INTERMITTENT,6,133,20.597,13.300,11.265,7.300,25.254,17.400,ROP_MAX_SAFETY_STOCK,Intermittent consumption of 1.4 per month over 24 months with a 133-day lead time gives a reorder point of 13.3 against the current 20.597.,APPROVED,2026-07-24
REC-000244,000000000010000164,4000,Hydraulic Pump Assembly 6/4 WEIR,CRITICAL,INTERMITTENT,4,133,9.622,11.500,5.676,6.800,25.654,14.800,ROP_MAX_SAFETY_STOCK,"Stock on hand 2 is below the current reorder point 9.622. At the CRITICAL service level of 98% and a 133-day lead time, the reorder point should be 11.5.",PROPOSED,2026-06-09
REC-000245,000000000010000166,2000,Ventilation Fan Motor DN150 SANDVIK,IMPACT,INTERMITTENT,6,25,6.219,6.200,4.136,4.100,22.605,13.700,ROP_MAX_SAFETY_STOCK,Intermittent consumption of 2.5 per month over 24 months with a 25-day lead time gives a reorder point of 6.2 against the current 6.219.,PROPOSED,2026-07-13
REC-000246,000000000010000167,3000,Vertical Sump Pump Column 150MM METSO,CRITICAL,INTERMITTENT,0,117,3.350,5.300,1.950,3.100,10.773,7.000,ROP_MAX_SAFETY_STOCK,"Stock on hand 0 is below the current reorder point 3.35. At the CRITICAL service level of 98% and a 117-day lead time, the reorder point should be 5.3.",PROPOSED,2026-06-20
REC-000247,000000000010000167,2000,Vertical Sump Pump Column 150MM METSO,CRITICAL,INTERMITTENT,0,117,15.729,9.500,9.590,5.800,21.564,12.400,ROP_MAX_SAFETY_STOCK,"Stock on hand 0 is below the current reorder point 15.729. At the CRITICAL service level of 98% and a 117-day lead time, the reorder point should be 9.5.",PROPOSED,2026-06-05
REC-000248,000000000080000038,3000,Centrifugal Pump Casing 6/4 MULTOTEC,CRITICAL,INTERMITTENT,3,116,2.545,5.900,1.593,3.700,11.214,7.700,ROP_MAX_SAFETY_STOCK,Intermittent consumption of 0.6 per month over 24 months with a 116-day lead time gives a reorder point of 5.9 against the current 2.545.,PROPOSED,2026-06-17
REC-000249,000000000010000169,4000,Conveyor Pulley Bearing 250KW MULTOTEC,IMPACT,SLOW,2,28,1.159,1.500,0.923,1.200,4.504,2.500,ROP_MAX_SAFETY_STOCK,Stock on hand 5 exceeds the current maximum 4.504. Consumption of 0.3 per month supports a maximum of 2.5.,HELD,2026-06-30
REC-000250,000000000010000170,3000,MCC Feeder Circuit Breaker 150MM,CRITICAL,INTERMITTENT,7,158,15.177,10.000,7.276,4.800,20.193,13.000,ROP_MAX_SAFETY_STOCK,"Stock on hand 11 is below the current reorder point 15.177. At the CRITICAL service level of 98% and a 158-day lead time, the reorder point should be 10.",PROPOSED,2026-08-01
REC-000251,000000000080000039,1000,Slurry Density Transmitter 250KW,NORMAL,INTERMITTENT,5,47,1.857,2.300,0.983,1.200,5.200,4.400,ROP_MAX_SAFETY_STOCK,Intermittent consumption of 0.7 per month over 24 months with a 47-day lead time gives a reorder point of 2.3 against the current 1.857.,APPROVED,2026-05-22
REC-000252,000000000080000039,4000,Slurry Density Transmitter 250KW,NORMAL,INTERMITTENT,3,47,2.777,2.100,1.721,1.300,4.063,3.600,ROP_MAX_SAFETY_STOCK,"Stock on hand 2 is below the current reorder point 2.777. At the NORMAL service level of 85% and a 47-day lead time, the reorder point should be 2.1.",APPROVED,2026-06-10
REC-000253,000000000010000171,2000,Skirt Rubber Liner Section 250MM FLSM,CRITICAL,SLOW,2,83,1.255,2.500,0.806,1.600,3.739,3.500,ROP_MAX_SAFETY_STOCK,Slow consumption of 0.3 per month over 24 months with a 83-day lead time gives a reorder point of 2.5 against the current 1.255.,APPROVED,2026-05-13
REC-000254,000000000030000026,3000,Pressure Transmitter Assembly 10/8,CRITICAL,ON_DEMAND,0,107,0.000,14.900,0.000,8.600,0.000,20.300,OAR_TO_MIN_MAX,This OAR material is classified CRITICAL on the critical parts list. Recommend Min-Max management with a reorder point of 14.9 and a maximum of 20.3.,HELD,2026-08-04
REC-000255,000000000010000172,1000,MCC Feeder Circuit Breaker DN150 KSB,INSURANCE,INTERMITTENT,4,145,2.630,3.600,1.038,1.400,7.624,5.000,ROP_MAX_SAFETY_STOCK,Intermittent consumption of 0.5 per month over 24 months with a 145-day lead time gives a reorder point of 3.6 against the current 2.63.,HELD,2026-07-21
REC-000256,000000000030000028,1000,Skirt Rubber Liner Section 110KW FLSM,CRITICAL,ON_DEMAND,1,91,0.000,11.300,0.000,6.900,0.000,15.700,OAR_TO_MIN_MAX,This OAR material is classified CRITICAL on the critical parts list. Recommend Min-Max management with a reorder point of 11.3 and a maximum of 15.7.,APPROVED,2026-06-17
REC-000257,000000000030000028,4000,Skirt Rubber Liner Section 110KW FLSM,CRITICAL,ON_DEMAND,1,91,0.000,3.800,0.000,2.300,0.000,5.300,OAR_TO_MIN_MAX,This OAR material is classified CRITICAL on the critical parts list. Recommend Min-Max management with a reorder point of 3.8 and a maximum of 5.3.,PROPOSED,2026-07-01
REC-000258,000000000010000173,3000,Belt Scraper Blade Cartridge 6/4 ABB,INSURANCE,SLOW,3,99,1.803,1.200,1.186,0.800,1.803,1.600,ROP_MAX_SAFETY_STOCK,Stock on hand 2 exceeds the current maximum 1.803. Consumption of 0.1 per month supports a maximum of 1.6.,APPROVED,2026-07-20
REC-000259,000000000010000174,2000,Hydraulic Pump Assembly 55KW SANDVIK,NORMAL,REGULAR,12,40,39.566,47.700,8.964,10.800,202.092,131.900,ROP_MAX_SAFETY_STOCK,Regular consumption of 28.1 per month over 24 months with a 40-day lead time gives a reorder point of 47.7 against the current 39.566.,APPROVED,2026-05-17
REC-000260,000000000010000174,3000,Hydraulic Pump Assembly 55KW SANDVIK,NORMAL,REGULAR,11,40,44.747,59.000,8.881,11.700,203.931,167.000,ROP_MAX_SAFETY_STOCK,Stock on hand 204 exceeds the current maximum 203.931. Consumption of 36.0 per month supports a maximum of 167.,APPROVED,2026-07-07
REC-000261,000000000010000175,4000,Crusher Hydroset Cylinder TYPE B SIEMENS,NORMAL,INTERMITTENT,5,26,3.927,3.700,2.367,2.200,15.555,8.800,ROP_MAX_SAFETY_STOCK,Intermittent consumption of 1.7 per month over 24 months with a 26-day lead time gives a reorder point of 3.7 against the current 3.927.,REJECTED,2026-08-15
REC-000262,000000000010000176,1000,Vertical Sump Pump Column 250MM SIEMENS,NORMAL,INTERMITTENT,3,30,2.625,1.900,1.635,1.200,4.419,4.000,ROP_MAX_SAFETY_STOCK,"Stock on hand 2 is below the current reorder point 2.625. At the NORMAL service level of 85% and a 30-day lead time, the reorder point should be 1.9.",APPROVED,2026-05-15
REC-000263,000000000010000177,1000,Flotation Cell Impeller 250KW FLSM,NORMAL,SLOW,1,45,0.520,0.500,0.386,0.400,0.785,0.800,ROP_MAX_SAFETY_STOCK,"Stock on hand 0 is below the current reorder point 0.52. At the NORMAL service level of 85% and a 45-day lead time, the reorder point should be 0.5.",PROPOSED,2026-08-05
REC-000264,000000000010000177,3000,Flotation Cell Impeller 250KW FLSM,NORMAL,SLOW,2,45,1.521,1.500,1.005,1.000,3.119,2.500,ROP_MAX_SAFETY_STOCK,Slow consumption of 0.3 per month over 24 months with a 45-day lead time gives a reorder point of 1.5 against the current 1.521.,APPROVED,2026-06-15
REC-000265,000000000010000178,3000,Soft Starter Power Module 250KW KSB,INSURANCE,INTERMITTENT,7,151,3.944,8.300,1.384,2.900,18.818,11.600,ROP_MAX_SAFETY_STOCK,"Stock on hand 0 is below the current reorder point 3.944. At the INSURANCE service level of 90% and a 151-day lead time, the reorder point should be 8.3.",HELD,2026-06-14
REC-000266,000000000010000180,1000,Cyclone Apex Liner 10/8 FLSM,IMPACT,INTERMITTENT,6,16,3.871,3.700,2.969,2.800,13.928,8.600,ROP_MAX_SAFETY_STOCK,Intermittent consumption of 1.6 per month over 24 months with a 16-day lead time gives a reorder point of 3.7 against the current 3.871.,APPROVED,2026-08-21
REC-000267,000000000010000180,4000,Cyclone Apex Liner 10/8 FLSM,IMPACT,INTERMITTENT,2,16,1.549,2.700,1.241,2.200,9.968,5.800,ROP_MAX_SAFETY_STOCK,Intermittent consumption of 1.0 per month over 24 months with a 16-day lead time gives a reorder point of 2.7 against the current 1.549.,APPROVED,2026-07-26
REC-000268,000000000010000181,2000,Screen Exciter Bearing 8/6 FLSM,CRITICAL,SLOW,3,140,4.418,2.800,2.898,1.800,4.418,3.400,ROP_MAX_SAFETY_STOCK,"Stock on hand 4 is below the current reorder point 4.418. At the CRITICAL service level of 98% and a 140-day lead time, the reorder point should be 2.8.",APPROVED,2026-06-26
REC-000269,000000000010000182,3000,Thickener Rake Seal Kit TYPE A SANDVIK,IMPACT,REGULAR,11,10,16.450,17.500,6.377,6.800,131.155,115.600,ROP_MAX_SAFETY_STOCK,"Stock on hand 0 is below the current reorder point 16.45. At the IMPACT service level of 95% and a 10-day lead time, the reorder point should be 17.5.",PROPOSED,2026-08-17
REC-000270,000000000010000183,1000,Level Radar Transmitter 8/6 FLSM,CRITICAL,INTERMITTENT,4,100,12.764,13.200,7.868,8.100,31.155,17.800,ROP_MAX_SAFETY_STOCK,Intermittent consumption of 1.5 per month over 24 months with a 100-day lead time gives a reorder point of 13.2 against the current 12.764.,APPROVED,2026-07-19
REC-000271,000000000010000183,2000,Level Radar Transmitter 8/6 FLSM,CRITICAL,INTERMITTENT,4,100,7.109,11.300,4.259,6.800,13.471,15.400,ROP_MAX_SAFETY_STOCK,"Stock on hand 7 is below the current reorder point 7.109. At the CRITICAL service level of 98% and a 100-day lead time, the reorder point should be 11.3.",APPROVED,2026-06-29
REC-000272,000000000010000184,1000,Screen Exciter Bearing 55KW SIEMENS,CRITICAL,REGULAR,11,144,183.615,146.000,35.093,27.900,188.272,220.900,ROP_MAX_SAFETY_STOCK,Stock on hand 254 exceeds the current maximum 188.272. Consumption of 25.0 per month supports a maximum of 220.9.,HELD,2026-06-25
REC-000273,000000000010000185,3000,Thickener Rake Drive Gearbox HD,IMPACT,SLOW,2,49,1.425,1.100,1.065,0.800,2.348,1.600,ROP_MAX_SAFETY_STOCK,Stock on hand 3 exceeds the current maximum 2.348. Consumption of 0.2 per month supports a maximum of 1.6.,PROPOSED,2026-08-22
REC-000274,000000000010000187,3000,Vertical Sump Pump Column 8/6 METSO,CRITICAL,REGULAR,12,142,203.515,196.300,40.851,39.400,443.043,297.200,ROP_MAX_SAFETY_STOCK,Regular consumption of 33.6 per month over 24 months with a 142-day lead time gives a reorder point of 196.3 against the current 203.515.,REJECTED,2026-05-12
REC-000275,000000000010000188,2000,MCC Feeder Circuit Breaker 8/6 MULTOTEC,NORMAL,REGULAR,11,37,82.680,56.100,15.361,10.400,264.571,168.800,ROP_MAX_SAFETY_STOCK,Regular consumption of 37.6 per month over 24 months with a 37-day lead time gives a reorder point of 56.1 against the current 82.68.,REJECTED,2026-06-13
REC-000276,000000000010000189,2000,Cyclone Apex Liner TYPE B METSO,CRITICAL,INTERMITTENT,0,139,10.105,17.700,5.651,9.900,32.749,22.800,ROP_MAX_SAFETY_STOCK,"Stock on hand 0 is below the current reorder point 10.105. At the CRITICAL service level of 98% and a 139-day lead time, the reorder point should be 17.7.",APPROVED,2026-08-05
REC-000277,000000000010000189,1000,Cyclone Apex Liner TYPE B METSO,CRITICAL,INTERMITTENT,0,139,12.189,11.200,6.994,6.400,22.114,14.300,ROP_MAX_SAFETY_STOCK,"Stock on hand 0 is below the current reorder point 12.189. At the CRITICAL service level of 98% and a 139-day lead time, the reorder point should be 11.2.",APPROVED,2026-06-10
REC-000278,000000000010000190,3000,Ball Mill Gearbox Assembly 110KW ABB,NORMAL,REGULAR,12,49,19.139,21.900,2.688,3.100,65.561,56.900,ROP_MAX_SAFETY_STOCK,Regular consumption of 11.7 per month over 24 months with a 49-day lead time gives a reorder point of 21.9 against the current 19.139.,PROPOSED,2026-08-14
REC-000279,000000000010000190,2000,Ball Mill Gearbox Assembly 110KW ABB,NORMAL,REGULAR,11,49,40.634,34.700,6.695,5.700,118.689,88.800,ROP_MAX_SAFETY_STOCK,"Stock on hand 0 is below the current reorder point 40.634. At the NORMAL service level of 85% and a 49-day lead time, the reorder point should be 34.7.",APPROVED,2026-08-25
REC-000280,000000000010000191,4000,Hydraulic Pump Assembly DN150 SIEMENS,NORMAL,REGULAR,11,49,67.072,45.100,12.520,8.400,102.854,113.500,ROP_MAX_SAFETY_STOCK,"Stock on hand 48 is below the current reorder point 67.072. At the NORMAL service level of 85% and a 49-day lead time, the reorder point should be 45.1.",HELD,2026-05-24
REC-000281,000000000010000191,1000,Hydraulic Pump Assembly DN150 SIEMENS,NORMAL,REGULAR,11,49,41.908,29.000,6.680,4.600,112.145,74.500,ROP_MAX_SAFETY_STOCK,"Stock on hand 2 is below the current reorder point 41.908. At the NORMAL service level of 85% and a 49-day lead time, the reorder point should be 29.",HELD,2026-05-11
REC-000282,000000000080000040,1000,Slurry Density Transmitter 250KW SKF,CRITICAL,INTERMITTENT,7,136,11.756,17.200,6.555,9.600,36.932,22.300,ROP_MAX_SAFETY_STOCK,Intermittent consumption of 1.7 per month over 24 months with a 136-day lead time gives a reorder point of 17.2 against the current 11.756.,PROPOSED,2026-07-14
REC-000283,000000000010000192,3000,Slurry Pump Wet End Assembly TYPE B SKF,CRITICAL,INTERMITTENT,5,79,10.567,8.200,6.689,5.200,16.886,11.700,ROP_MAX_SAFETY_STOCK,"Stock on hand 9 is below the current reorder point 10.567. At the CRITICAL service level of 98% and a 79-day lead time, the reorder point should be 8.2.",REJECTED,2026-07-24
REC-000284,000000000010000192,4000,Slurry Pump Wet End Assembly TYPE B SKF,CRITICAL,INTERMITTENT,4,79,4.685,8.800,3.020,5.700,21.362,12.400,ROP_MAX_SAFETY_STOCK,Intermittent consumption of 1.2 per month over 24 months with a 79-day lead time gives a reorder point of 8.8 against the current 4.685.,APPROVED,2026-06-03
REC-000285,000000000010000193,3000,Mill Lube Pump Motor 250KW WEIR,CRITICAL,REGULAR,12,134,63.069,43.200,11.944,8.200,103.140,67.100,ROP_MAX_SAFETY_STOCK,"Stock on hand 22 is below the current reorder point 63.069. At the CRITICAL service level of 98% and a 134-day lead time, the reorder point should be 43.2.",PROPOSED,2026-05-14
REC-000286,000000000080000041,1000,Centrifugal Pump Casing 8/6 WEIR,IMPACT,INTERMITTENT,4,30,1.655,3.200,1.244,2.400,7.386,5.600,ROP_MAX_SAFETY_STOCK,Intermittent consumption of 0.8 per month over 24 months with a 30-day lead time gives a reorder point of 3.2 against the current 1.655.,APPROVED,2026-07-25
REC-000287,000000000080000041,4000,Centrifugal Pump Casing 8/6 WEIR,IMPACT,INTERMITTENT,6,30,5.535,4.300,3.896,3.000,6.443,8.200,ROP_MAX_SAFETY_STOCK,Stock on hand 7 exceeds the current maximum 6.443. Consumption of 1.3 per month supports a maximum of 8.2.,REJECTED,2026-07-22
REC-000288,000000000090000006,1000,MCC Feeder Circuit Breaker 150MM WEIR,OBSOLETE,NO_DEMAND,0,56,0.000,,0.000,,1.000,,NO_SAFETY_STOCK,Obsolete material: no safety stock recommended. Candidate for stock reduction review.,APPROVED,2026-06-24
REC-000289,000000000080000042,1000,Gland Packing Seal Ring TYPE B SANDVIK,IMPACT,INTERMITTENT,7,10,2.749,3.000,1.913,2.100,8.371,11.200,ROP_MAX_SAFETY_STOCK,Intermittent consumption of 2.8 per month over 24 months with a 10-day lead time gives a reorder point of 3 against the current 2.749.,REJECTED,2026-05-12
REC-000290,000000000010000194,1000,Flow Meter Sensor Head 110KW ABB,NORMAL,INTERMITTENT,4,56,3.509,6.100,1.901,3.300,15.726,10.600,ROP_MAX_SAFETY_STOCK,Intermittent consumption of 1.5 per month over 24 months with a 56-day lead time gives a reorder point of 6.1 against the current 3.509.,PROPOSED,2026-08-24
REC-000291,000000000010000194,4000,Flow Meter Sensor Head 110KW ABB,NORMAL,INTERMITTENT,3,56,8.318,7.400,4.174,3.700,21.598,13.400,ROP_MAX_SAFETY_STOCK,Intermittent consumption of 2.0 per month over 24 months with a 56-day lead time gives a reorder point of 7.4 against the current 8.318.,PROPOSED,2026-07-24
REC-000292,000000000030000031,3000,MCC Feeder Circuit Breaker DN150 WEIR,IMPACT,ON_DEMAND,0,22,0.000,4.700,0.000,3.500,0.000,9.700,OAR_TO_MIN_MAX,This OAR material is classified IMPACT on the critical parts list. Recommend Min-Max management with a reorder point of 4.7 and a maximum of 9.7.,PROPOSED,2026-08-23
REC-000293,000000000080000043,4000,Gearbox Bearing 200MM ABB,NORMAL,INTERMITTENT,4,14,2.070,1.500,1.281,0.900,8.638,5.200,ROP_MAX_SAFETY_STOCK,Intermittent consumption of 1.2 per month over 24 months with a 14-day lead time gives a reorder point of 1.5 against the current 2.07.,PROPOSED,2026-07-11
REC-000294,000000000080000044,1000,Ball Mill Trunnion Bearing DN100 KSB,NORMAL,INTERMITTENT,4,34,2.305,5.700,1.244,3.100,16.217,12.700,ROP_MAX_SAFETY_STOCK,Intermittent consumption of 2.3 per month over 24 months with a 34-day lead time gives a reorder point of 5.7 against the current 2.305.,APPROVED,2026-07-14
REC-000295,000000000010000195,1000,Ball Mill Shell Liner Plate 8/6 WEIR,NORMAL,SLOW,0,21,0.629,0.400,0.466,0.300,1.363,0.900,ROP_MAX_SAFETY_STOCK,Slow consumption of 0.2 per month over 24 months with a 21-day lead time gives a reorder point of 0.4 against the current 0.629.,PROPOSED,2026-06-06
REC-000296,000000000010000196,2000,PLC Digital Output Card 250KW MULTOTEC,NORMAL,INTERMITTENT,3,16,3.979,3.100,2.706,2.100,11.215,8.600,ROP_MAX_SAFETY_STOCK,Intermittent consumption of 1.8 per month over 24 months with a 16-day lead time gives a reorder point of 3.1 against the current 3.979.,PROPOSED,2026-07-28
REC-000297,000000000090000007,2000,Thickener Rake Seal Kit TYPE A MULTOTEC,OBSOLETE,NO_DEMAND,0,46,0.000,,0.000,,1.000,,NO_SAFETY_STOCK,Obsolete material: no safety stock recommended. Candidate for stock reduction review.,REJECTED,2026-07-28
REC-000298,000000000010000197,2000,PLC Digital Output Card 250KW METSO,CRITICAL,INTERMITTENT,0,148,22.194,23.900,11.884,12.800,23.504,30.800,ROP_MAX_SAFETY_STOCK,"Stock on hand 0 is below the current reorder point 22.194. At the CRITICAL service level of 98% and a 148-day lead time, the reorder point should be 23.9.",PROPOSED,2026-06-04
REC-000299,000000000010000197,1000,PLC Digital Output Card 250KW METSO,CRITICAL,INTERMITTENT,0,148,15.742,14.800,10.138,9.500,20.266,18.100,ROP_MAX_SAFETY_STOCK,"Stock on hand 0 is below the current reorder point 15.742. At the CRITICAL service level of 98% and a 148-day lead time, the reorder point should be 14.8.",APPROVED,2026-07-20
REC-000300,000000000080000045,4000,Ball Mill Shell Liner Plate 250MM,IMPACT,INTERMITTENT,5,33,2.456,4.200,1.651,2.800,10.443,8.000,ROP_MAX_SAFETY_STOCK,Intermittent consumption of 1.2 per month over 24 months with a 33-day lead time gives a reorder point of 4.2 against the current 2.456.,APPROVED,2026-05-18
REC-000301,000000000010000198,2000,Pressure Transmitter Assembly HD,NORMAL,INTERMITTENT,2,17,0.618,1.400,0.466,1.100,4.531,3.300,ROP_MAX_SAFETY_STOCK,Intermittent consumption of 0.6 per month over 24 months with a 17-day lead time gives a reorder point of 1.4 against the current 0.618.,REJECTED,2026-08-28
REC-000302,000000000030000033,2000,Skirt Rubber Liner Section 110KW SANDVIK,CRITICAL,ON_DEMAND,3,79,0.000,16.600,0.000,8.300,0.000,26.200,OAR_TO_MIN_MAX,This OAR material is classified CRITICAL on the critical parts list. Recommend Min-Max management with a reorder point of 16.6 and a maximum of 26.2.,HELD,2026-07-04
REC-000303,000000000080000046,4000,Ball Mill Gearbox Assembly 6/4 SIEMENS,IMPACT,INTERMITTENT,3,23,3.922,2.400,2.800,1.700,4.070,5.000,ROP_MAX_SAFETY_STOCK,"Stock on hand 3 is below the current reorder point 3.922. At the IMPACT service level of 95% and a 23-day lead time, the reorder point should be 2.4.",HELD,2026-08-29
REC-000304,000000000010000199,3000,Soft Starter Power Module DN150 WEIR,CRITICAL,INTERMITTENT,0,41,6.198,8.500,4.316,5.900,18.038,14.200,ROP_MAX_SAFETY_STOCK,"Stock on hand 0 is below the current reorder point 6.198. At the CRITICAL service level of 98% and a 41-day lead time, the reorder point should be 8.5.",APPROVED,2026-08-09
REC-000305,000000000080000047,2000,Flotation Cell Impeller 8/6 WEIR,IMPACT,INTERMITTENT,5,56,6.210,3.400,4.018,2.200,6.210,5.400,ROP_MAX_SAFETY_STOCK,Stock on hand 11 exceeds the current maximum 6.21. Consumption of 0.7 per month supports a maximum of 5.4.,PROPOSED,2026-06-30
REC-000306,000000000010000201,3000,Conveyor Take-Up Pulley 250KW SIEMENS,NORMAL,SLOW,1,54,1.079,1.000,0.656,0.600,2.419,1.600,ROP_MAX_SAFETY_STOCK,Slow consumption of 0.2 per month over 24 months with a 54-day lead time gives a reorder point of 1 against the current 1.079.,APPROVED,2026-07-16
REC-000307,000000000030000034,1000,PLC Digital Output Card 10/8 ABB,IMPACT,ON_DEMAND,1,54,0.000,3.400,0.000,2.400,0.000,5.200,OAR_TO_MIN_MAX,This OAR material is classified IMPACT on the critical parts list. Recommend Min-Max management with a reorder point of 3.4 and a maximum of 5.2.,APPROVED,2026-07-22
REC-000308,000000000010000202,2000,Slurry Density Transmitter 250KW SEW,CRITICAL,INTERMITTENT,5,190,13.956,11.400,6.370,5.200,13.956,14.400,ROP_MAX_SAFETY_STOCK,"Stock on hand 12 is below the current reorder point 13.956. At the CRITICAL service level of 98% and a 190-day lead time, the reorder point should be 11.4.",PROPOSED,2026-08-15
REC-000309,000000000010000204,3000,Soft Starter Power Module 55KW WEIR,NORMAL,SLOW,1,36,0.952,0.700,0.623,0.500,1.815,1.300,ROP_MAX_SAFETY_STOCK,Stock on hand 2 exceeds the current maximum 1.815. Consumption of 0.2 per month supports a maximum of 1.3.,APPROVED,2026-08-22
REC-000310,000000000010000204,1000,Soft Starter Power Module 55KW WEIR,NORMAL,SLOW,6,36,2.536,2.000,1.412,1.100,5.048,4.200,ROP_MAX_SAFETY_STOCK,"Stock on hand 1 is below the current reorder point 2.536. At the NORMAL service level of 85% and a 36-day lead time, the reorder point should be 2.",PROPOSED,2026-08-09
REC-000311,000000000080000048,3000,Hydraulic Power Pack 110KW KSB,IMPACT,INTERMITTENT,7,34,3.200,3.300,2.114,2.200,5.108,6.300,ROP_MAX_SAFETY_STOCK,Intermittent consumption of 1.0 per month over 24 months with a 34-day lead time gives a reorder point of 3.3 against the current 3.2.,PROPOSED,2026-05-29
REC-000312,000000000030000037,4000,Flotation Blower Motor 55KW SEW,CRITICAL,ON_DEMAND,2,68,0.000,12.300,0.000,8.000,0.000,18.100,OAR_TO_MIN_MAX,This OAR material is classified CRITICAL on the critical parts list. Recommend Min-Max management with a reorder point of 12.3 and a maximum of 18.1.,REJECTED,2026-06-13
REC-000313,000000000030000037,1000,Flotation Blower Motor 55KW SEW,CRITICAL,ON_DEMAND,1,68,0.000,10.700,0.000,6.800,0.000,15.900,OAR_TO_MIN_MAX,This OAR material is classified CRITICAL on the critical parts list. Recommend Min-Max management with a reorder point of 10.7 and a maximum of 15.9.,PROPOSED,2026-08-08
REC-000314,000000000010000206,3000,Hydraulic Pump Assembly 250MM SKF,CRITICAL,REGULAR,12,66,85.468,64.500,21.419,16.200,187.237,131.400,ROP_MAX_SAFETY_STOCK,"Stock on hand 78 is below the current reorder point 85.468. At the CRITICAL service level of 98% and a 66-day lead time, the reorder point should be 64.5.",PROPOSED,2026-06-01
REC-000315,000000000010000207,3000,Flow Meter Sensor Head 250MM METSO,NORMAL,INTERMITTENT,3,35,3.855,3.200,2.554,2.100,4.703,6.000,ROP_MAX_SAFETY_STOCK,Stock on hand 6 exceeds the current maximum 4.703. Consumption of 0.9 per month supports a maximum of 6.,APPROVED,2026-07-07
REC-000316,000000000030000038,4000,Pressure Transmitter Assembly 110KW,CRITICAL,ON_DEMAND,2,101,0.000,12.700,0.000,7.600,0.000,17.300,OAR_TO_MIN_MAX,This OAR material is classified CRITICAL on the critical parts list. Recommend Min-Max management with a reorder point of 12.7 and a maximum of 17.3.,APPROVED,2026-07-10
REC-000317,000000000010000208,2000,Mill Lube Pump Motor 200MM KSB,NORMAL,SLOW,1,16,0.998,0.600,0.793,0.500,1.868,1.400,ROP_MAX_SAFETY_STOCK,Stock on hand 2 exceeds the current maximum 1.868. Consumption of 0.2 per month supports a maximum of 1.4.,APPROVED,2026-08-11
REC-000318,000000000090000008,1000,Apron Feeder Gear Reducer 200MM SKF,OBSOLETE,NO_DEMAND,0,20,0.000,,0.000,,1.000,,NO_SAFETY_STOCK,Obsolete material: no safety stock recommended. Candidate for stock reduction review.,HELD,2026-07-18
REC-000319,000000000010000210,4000,Conveyor Take-Up Pulley DN100 SIEMENS,NORMAL,REGULAR,11,29,27.183,27.100,5.742,5.700,108.619,94.300,ROP_MAX_SAFETY_STOCK,Regular consumption of 22.4 per month over 24 months with a 29-day lead time gives a reorder point of 27.1 against the current 27.183.,REJECTED,2026-05-21
REC-000320,000000000010000210,1000,Conveyor Take-Up Pulley DN100 SIEMENS,NORMAL,REGULAR,12,29,32.181,40.000,5.564,6.900,118.058,144.100,ROP_MAX_SAFETY_STOCK,Regular consumption of 34.7 per month over 24 months with a 29-day lead time gives a reorder point of 40 against the current 32.181.,HELD,2026-05-17
REC-000321,000000000080000049,4000,Spherical Roller Bearing 250KW SIEMENS,IMPACT,INTERMITTENT,5,18,1.397,3.400,1.077,2.600,11.406,7.300,ROP_MAX_SAFETY_STOCK,Intermittent consumption of 1.3 per month over 24 months with a 18-day lead time gives a reorder point of 3.4 against the current 1.397.,APPROVED,2026-08-10
REC-000322,000000000010000211,4000,Hydraulic Pump Assembly 250MM METSO,CRITICAL,INTERMITTENT,7,126,21.206,13.100,10.324,6.400,29.314,18.000,ROP_MAX_SAFETY_STOCK,"Stock on hand 20 is below the current reorder point 21.206. At the CRITICAL service level of 98% and a 126-day lead time, the reorder point should be 13.1.",PROPOSED,2026-08-05
REC-000323,000000000080000050,2000,Conveyor Take-Up Pulley TYPE B SANDVIK,NORMAL,INTERMITTENT,6,50,5.365,3.800,2.514,1.800,9.319,7.400,ROP_MAX_SAFETY_STOCK,"Stock on hand 5 is below the current reorder point 5.365. At the NORMAL service level of 85% and a 50-day lead time, the reorder point should be 3.8.",PROPOSED,2026-05-28
REC-000324,000000000010000212,2000,Gland Packing Seal Ring 6/4 FLSM,CRITICAL,INTERMITTENT,0,65,13.871,10.000,9.929,7.200,22.730,14.000,ROP_MAX_SAFETY_STOCK,"Stock on hand 0 is below the current reorder point 13.871. At the CRITICAL service level of 98% and a 65-day lead time, the reorder point should be 10.",PROPOSED,2026-07-13
REC-000325,000000000010000212,3000,Gland Packing Seal Ring 6/4 FLSM,CRITICAL,INTERMITTENT,0,65,9.616,6.300,6.733,4.400,9.616,8.900,ROP_MAX_SAFETY_STOCK,"Stock on hand 0 is below the current reorder point 9.616. At the CRITICAL service level of 98% and a 65-day lead time, the reorder point should be 6.3.",REJECTED,2026-07-22
REC-000326,000000000010000213,4000,Hydraulic Pump Assembly 150MM WEIR,INSURANCE,SLOW,1,137,2.405,1.800,1.395,1.000,2.405,2.300,ROP_MAX_SAFETY_STOCK,Stock on hand 5 exceeds the current maximum 2.405. Consumption of 0.2 per month supports a maximum of 2.3.,APPROVED,2026-07-17
REC-000327,000000000080000051,4000,Ball Mill Trunnion Bearing HD SEW,IMPACT,INTERMITTENT,3,54,6.724,4.500,4.508,3.000,8.947,7.000,ROP_MAX_SAFETY_STOCK,Intermittent consumption of 0.8 per month over 24 months with a 54-day lead time gives a reorder point of 4.5 against the current 6.724.,APPROVED,2026-08-09
REC-000328,000000000010000214,4000,Conveyor Idler Roller Set 6/4 WEIR,IMPACT,SLOW,3,58,2.802,1.700,1.835,1.100,2.999,2.600,ROP_MAX_SAFETY_STOCK,Stock on hand 3 exceeds the current maximum 2.999. Consumption of 0.3 per month supports a maximum of 2.6.,REJECTED,2026-08-03
REC-000329,000000000010000215,4000,Crusher Hydroset Cylinder TYPE B METSO,NORMAL,SLOW,3,41,2.467,1.600,1.579,1.000,3.101,2.900,ROP_MAX_SAFETY_STOCK,"Stock on hand 2 is below the current reorder point 2.467. At the NORMAL service level of 85% and a 41-day lead time, the reorder point should be 1.6.",REJECTED,2026-07-25
REC-000330,000000000010000216,4000,Crusher Hydroset Cylinder TYPE A ABB,CRITICAL,REGULAR,12,65,216.327,125.700,69.389,40.300,345.447,245.700,ROP_MAX_SAFETY_STOCK,"Stock on hand 127 is below the current reorder point 216.327. At the CRITICAL service level of 98% and a 65-day lead time, the reorder point should be 125.7.",PROPOSED,2026-06-28
REC-000331,000000000090000009,1000,Level Radar Transmitter HD KSB,OBSOLETE,NO_DEMAND,0,58,0.000,,0.000,,1.000,,NO_SAFETY_STOCK,Obsolete material: no safety stock recommended. Candidate for stock reduction review.,APPROVED,2026-07-20
REC-000332,000000000010000217,1000,Conveyor Pulley Bearing 200MM SIEMENS,INSURANCE,INTERMITTENT,4,70,14.550,10.700,7.130,5.200,14.550,17.800,ROP_MAX_SAFETY_STOCK,Stock on hand 22 exceeds the current maximum 14.55. Consumption of 2.4 per month supports a maximum of 17.8.,PROPOSED,2026-06-15
REC-000333,000000000010000218,4000,Ball Mill Shell Liner Plate 6/4 FLSM,CRITICAL,SLOW,3,97,1.463,1.600,1.107,1.200,2.215,2.000,ROP_MAX_SAFETY_STOCK,Slow consumption of 0.1 per month over 24 months with a 97-day lead time gives a reorder point of 1.6 against the current 1.463.,REJECTED,2026-08-06
REC-000334,000000000010000219,2000,Cyclone Apex Liner TYPE B ABB,CRITICAL,INTERMITTENT,7,125,2.317,4.500,1.081,2.100,5.298,6.200,ROP_MAX_SAFETY_STOCK,"Stock on hand 0 is below the current reorder point 2.317. At the CRITICAL service level of 98% and a 125-day lead time, the reorder point should be 4.5.",APPROVED,2026-06-12
REC-000335,000000000080000052,3000,Crusher Main Shaft Bearing 250MM SIEMENS,CRITICAL,INTERMITTENT,7,40,4.692,5.800,3.165,3.900,13.710,10.100,ROP_MAX_SAFETY_STOCK,"Stock on hand 4 is below the current reorder point 4.692. At the CRITICAL service level of 98% and a 40-day lead time, the reorder point should be 5.8.",PROPOSED,2026-05-10
REC-000336,000000000080000053,1000,Level Radar Transmitter 55KW ABB,IMPACT,INTERMITTENT,7,55,4.958,3.200,2.962,1.900,4.958,5.300,ROP_MAX_SAFETY_STOCK,Stock on hand 6 exceeds the current maximum 4.958. Consumption of 0.7 per month supports a maximum of 5.3.,APPROVED,2026-07-15
REC-000337,000000000080000054,2000,Vertical Sump Pump Column 200MM KSB,IMPACT,INTERMITTENT,4,18,1.878,2.200,1.500,1.800,5.888,4.500,ROP_MAX_SAFETY_STOCK,Intermittent consumption of 0.8 per month over 24 months with a 18-day lead time gives a reorder point of 2.2 against the current 1.878.,PROPOSED,2026-06-22
REC-000338,000000000080000054,4000,Vertical Sump Pump Column 200MM KSB,IMPACT,INTERMITTENT,6,18,1.118,2.800,0.808,2.000,7.310,6.700,ROP_MAX_SAFETY_STOCK,"Stock on hand 1 is below the current reorder point 1.118. At the IMPACT service level of 95% and a 18-day lead time, the reorder point should be 2.8.",APPROVED,2026-06-30
REC-000339,000000000010000220,1000,Variable Speed Drive Unit 55KW SANDVIK,NORMAL,INTERMITTENT,5,53,2.433,4.100,1.321,2.200,12.838,7.300,ROP_MAX_SAFETY_STOCK,Intermittent consumption of 1.1 per month over 24 months with a 53-day lead time gives a reorder point of 4.1 against the current 2.433.,APPROVED,2026-06-20
REC-000340,000000000090000010,1000,Conveyor Drive Gearbox TYPE A SANDVIK,OBSOLETE,NO_DEMAND,0,54,0.000,,0.000,,1.000,,NO_SAFETY_STOCK,Obsolete material: no safety stock recommended. Candidate for stock reduction review.,PROPOSED,2026-05-27
REC-000341,000000000090000011,3000,Mill Lube Pump Motor DN100 FLSM,OBSOLETE,NO_DEMAND,0,15,0.000,,0.000,,1.000,,NO_SAFETY_STOCK,Obsolete material: no safety stock recommended. Candidate for stock reduction review.,PROPOSED,2026-06-16
REC-000342,000000000090000011,4000,Mill Lube Pump Motor DN100 FLSM,OBSOLETE,NO_DEMAND,0,15,0.000,,0.000,,1.000,,NO_SAFETY_STOCK,Obsolete material: no safety stock recommended. Candidate for stock reduction review.,APPROVED,2026-06-08
REC-000343,000000000030000040,1000,Ball Mill Trunnion Bearing DN100,CRITICAL,ON_DEMAND,1,88,0.000,17.500,0.000,10.900,0.000,24.400,OAR_TO_MIN_MAX,This OAR material is classified CRITICAL on the critical parts list. Recommend Min-Max management with a reorder point of 17.5 and a maximum of 24.4.,PROPOSED,2026-05-13
REC-000344,000000000030000040,3000,Ball Mill Trunnion Bearing DN100,CRITICAL,ON_DEMAND,9,88,26.867,16.900,14.416,9.100,35.025,25.000,OAR_TO_MIN_MAX,"This OAR material was consumed 9 times in the last 12 months, above the threshold of four. Recommend Min-Max management with a reorder point of 16.9 and a maximum of 25.",REJECTED,2026-08-13
REC-000345,000000000030000041,2000,Crusher Hydroset Cylinder 250KW SKF,IMPACT,ON_DEMAND,0,59,0.000,7.600,0.000,4.700,0.000,12.100,OAR_TO_MIN_MAX,This OAR material is classified IMPACT on the critical parts list. Recommend Min-Max management with a reorder point of 7.6 and a maximum of 12.1.,APPROVED,2026-05-14
REC-000346,000000000090000012,1000,Valve Assembly 110KW KSB,OBSOLETE,NO_DEMAND,0,24,0.000,,0.000,,1.000,,NO_SAFETY_STOCK,Obsolete material: no safety stock recommended. Candidate for stock reduction review.,PROPOSED,2026-05-22
REC-000347,000000000010000221,2000,Gearbox Bearing TYPE A WEIR,INSURANCE,INTERMITTENT,7,72,15.898,11.700,7.230,5.300,15.898,19.800,ROP_MAX_SAFETY_STOCK,"Stock on hand 13 is below the current reorder point 15.898. At the INSURANCE service level of 90% and a 72-day lead time, the reorder point should be 11.7.",PROPOSED,2026-06-03
REC-000348,000000000080000055,3000,Slurry Pump Wet End Assembly 200MM ABB,NORMAL,INTERMITTENT,4,12,1.766,1.900,1.278,1.400,5.282,6.000,ROP_MAX_SAFETY_STOCK,Intermittent consumption of 1.4 per month over 24 months with a 12-day lead time gives a reorder point of 1.9 against the current 1.766.,APPROVED,2026-06-22
REC-000349,000000000010000223,1000,Slurry Pump Wet End Assembly DN100 METSO,NORMAL,SLOW,2,31,0.938,0.600,0.658,0.400,1.724,1.100,ROP_MAX_SAFETY_STOCK,Slow consumption of 0.2 per month over 24 months with a 31-day lead time gives a reorder point of 0.6 against the current 0.938.,PROPOSED,2026-05-19
REC-000350,000000000010000224,4000,Cyclone Apex Liner 150MM KSB,CRITICAL,SLOW,2,41,4.809,3.000,3.549,2.200,7.396,4.800,ROP_MAX_SAFETY_STOCK,Stock on hand 9 exceeds the current maximum 7.396. Consumption of 0.6 per month supports a maximum of 4.8.,APPROVED,2026-05-10
REC-000351,000000000010000225,2000,Conveyor Drive Gearbox TYPE A FLSM,NORMAL,REGULAR,10,17,16.861,14.800,5.092,4.500,69.896,70.000,ROP_MAX_SAFETY_STOCK,Stock on hand 70 exceeds the current maximum 69.896. Consumption of 18.4 per month supports a maximum of 70.,REJECTED,2026-05-24
REC-000352,000000000010000226,4000,Soft Starter Power Module HD SANDVIK,IMPACT,REGULAR,12,56,20.088,47.400,4.628,10.900,184.607,106.900,ROP_MAX_SAFETY_STOCK,Regular consumption of 19.8 per month over 24 months with a 56-day lead time gives a reorder point of 47.4 against the current 20.088.,APPROVED,2026-05-17
REC-000353,000000000010000226,1000,Soft Starter Power Module HD SANDVIK,IMPACT,REGULAR,12,56,67.089,64.800,14.144,13.700,109.639,148.200,ROP_MAX_SAFETY_STOCK,"Stock on hand 41 is below the current reorder point 67.089. At the IMPACT service level of 95% and a 56-day lead time, the reorder point should be 64.8.",REJECTED,2026-08-14
REC-000354,000000000010000227,4000,Belt Scraper Blade Cartridge TYPE B,NORMAL,SLOW,4,15,0.319,0.400,0.246,0.300,1.364,0.900,ROP_MAX_SAFETY_STOCK,"Stock on hand 0 is below the current reorder point 0.319. At the NORMAL service level of 85% and a 15-day lead time, the reorder point should be 0.4.",APPROVED,2026-08-06
REC-000355,000000000080000056,3000,Pressure Transmitter Assembly HD,IMPACT,INTERMITTENT,2,46,8.233,7.300,5.383,4.800,20.183,12.300,ROP_MAX_SAFETY_STOCK,Intermittent consumption of 1.7 per month over 24 months with a 46-day lead time gives a reorder point of 7.3 against the current 8.233.,REJECTED,2026-07-12
REC-000356,000000000090000013,3000,Flow Meter Sensor Head 250MM WEIR,OBSOLETE,NO_DEMAND,0,51,0.000,,0.000,,1.000,,NO_SAFETY_STOCK,Obsolete material: no safety stock recommended. Candidate for stock reduction review.,APPROVED,2026-09-02
REC-000357,000000000080000057,1000,Slurry Pump Wet End Assembly DN100 WEIR,CRITICAL,INTERMITTENT,5,68,8.763,10.700,5.803,7.100,14.091,15.600,ROP_MAX_SAFETY_STOCK,Intermittent consumption of 1.6 per month over 24 months with a 68-day lead time gives a reorder point of 10.7 against the current 8.763.,PROPOSED,2026-08-22
REC-000358,000000000010000228,4000,Conveyor Drive Gearbox DN150 KSB,IMPACT,REGULAR,11,18,18.898,23.000,7.623,9.300,150.311,92.500,ROP_MAX_SAFETY_STOCK,Regular consumption of 23.2 per month over 24 months with a 18-day lead time gives a reorder point of 23 against the current 18.898.,APPROVED,2026-08-20
REC-000359,000000000080000058,2000,Pump Impeller HD SANDVIK,IMPACT,INTERMITTENT,6,34,4.906,3.200,3.111,2.000,5.597,6.300,ROP_MAX_SAFETY_STOCK,"Stock on hand 4 is below the current reorder point 4.906. At the IMPACT service level of 95% and a 34-day lead time, the reorder point should be 3.2.",APPROVED,2026-08-30
REC-000360,000000000010000229,2000,Cyclone Apex Liner 10/8 METSO,INSURANCE,REGULAR,12,133,207.274,180.000,32.627,28.300,486.569,284.100,ROP_MAX_SAFETY_STOCK,Regular consumption of 34.7 per month over 24 months with a 133-day lead time gives a reorder point of 180 against the current 207.274.,APPROVED,2026-07-29
REC-000361,000000000010000229,3000,Cyclone Apex Liner 10/8 METSO,INSURANCE,REGULAR,12,133,142.652,127.500,18.995,17.000,195.084,203.400,ROP_MAX_SAFETY_STOCK,"Stock on hand 32 is below the current reorder point 142.652. At the INSURANCE service level of 90% and a 133-day lead time, the reorder point should be 127.5.",PROPOSED,2026-07-04
REC-000362,000000000030000043,3000,Gland Packing Seal Ring HD WEIR,CRITICAL,ON_DEMAND,0,67,0.000,9.800,0.000,6.000,0.000,14.900,OAR_TO_MIN_MAX,This OAR material is classified CRITICAL on the critical parts list. Recommend Min-Max management with a reorder point of 9.8 and a maximum of 14.9.,REJECTED,2026-07-04
REC-000363,000000000010000230,3000,Vertical Sump Pump Column 250KW FLSM,CRITICAL,INTERMITTENT,8,175,6.179,5.600,2.756,2.500,8.272,7.200,ROP_MAX_SAFETY_STOCK,"Stock on hand 5 is below the current reorder point 6.179. At the CRITICAL service level of 98% and a 175-day lead time, the reorder point should be 5.6.",HELD,2026-07-05
REC-000364,000000000010000230,1000,Vertical Sump Pump Column 250KW FLSM,CRITICAL,INTERMITTENT,8,175,13.304,10.700,6.209,5.000,20.625,13.700,ROP_MAX_SAFETY_STOCK,"Stock on hand 9 is below the current reorder point 13.304. At the CRITICAL service level of 98% and a 175-day lead time, the reorder point should be 10.7.",APPROVED,2026-05-22
REC-000365,000000000010000232,2000,Skirt Rubber Liner Section DN100 SKF,NORMAL,INTERMITTENT,5,42,3.922,2.800,2.112,1.500,8.074,5.500,ROP_MAX_SAFETY_STOCK,"Stock on hand 2 is below the current reorder point 3.922. At the NORMAL service level of 85% and a 42-day lead time, the reorder point should be 2.8.",HELD,2026-08-13
REC-000366,000000000010000233,2000,Valve Assembly HD MULTOTEC,CRITICAL,INTERMITTENT,5,120,5.383,8.500,2.653,4.200,19.340,11.800,ROP_MAX_SAFETY_STOCK,Intermittent consumption of 1.1 per month over 24 months with a 120-day lead time gives a reorder point of 8.5 against the current 5.383.,APPROVED,2026-07-22
REC-000367,000000000010000234,2000,Level Radar Transmitter 6/4 ABB,NORMAL,INTERMITTENT,4,45,2.975,4.300,1.702,2.500,12.155,8.100,ROP_MAX_SAFETY_STOCK,Intermittent consumption of 1.2 per month over 24 months with a 45-day lead time gives a reorder point of 4.3 against the current 2.975.,HELD,2026-08-10
REC-000368,000000000010000235,1000,Slurry Density Transmitter DN150 SEW,IMPACT,INTERMITTENT,4,7,2.119,1.400,1.687,1.100,8.805,5.200,ROP_MAX_SAFETY_STOCK,Intermittent consumption of 1.2 per month over 24 months with a 7-day lead time gives a reorder point of 1.4 against the current 2.119.,APPROVED,2026-06-15
REC-000369,000000000030000046,3000,Hydraulic Pump Assembly 110KW MULTOTEC,IMPACT,ON_DEMAND,0,48,0.000,3.900,0.000,2.800,0.000,6.000,OAR_TO_MIN_MAX,This OAR material is classified IMPACT on the critical parts list. Recommend Min-Max management with a reorder point of 3.9 and a maximum of 6.,APPROVED,2026-05-25
REC-000370,000000000030000046,4000,Hydraulic Pump Assembly 110KW MULTOTEC,IMPACT,ON_DEMAND,1,48,0.000,6.100,0.000,3.300,0.000,11.300,OAR_TO_MIN_MAX,This OAR material is classified IMPACT on the critical parts list. Recommend Min-Max management with a reorder point of 6.1 and a maximum of 11.3.,HELD,2026-06-10
REC-000371,000000000010000236,4000,Slurry Pump Wet End Assembly HD METSO,CRITICAL,REGULAR,10,60,67.520,81.100,16.068,19.300,140.584,175.200,ROP_MAX_SAFETY_STOCK,"Stock on hand 10 is below the current reorder point 67.52. At the CRITICAL service level of 98% and a 60-day lead time, the reorder point should be 81.1.",REJECTED,2026-06-29
REC-000372,000000000030000047,1000,Thickener Rake Drive Gearbox TYPE B FLSM,IMPACT,ON_DEMAND,3,35,0.000,4.200,0.000,2.800,0.000,7.800,OAR_TO_MIN_MAX,This OAR material is classified IMPACT on the critical parts list. Recommend Min-Max management with a reorder point of 4.2 and a maximum of 7.8.,APPROVED,2026-08-04
REC-000373,000000000010000238,3000,Crusher Hydroset Cylinder 110KW SIEMENS,INSURANCE,SLOW,2,149,1.237,1.600,0.755,1.000,3.368,2.000,ROP_MAX_SAFETY_STOCK,Stock on hand 6 exceeds the current maximum 3.368. Consumption of 0.1 per month supports a maximum of 2.,PROPOSED,2026-08-16
REC-000374,000000000010000238,2000,Crusher Hydroset Cylinder 110KW SIEMENS,INSURANCE,SLOW,2,149,1.565,1.200,1.037,0.800,2.477,1.400,ROP_MAX_SAFETY_STOCK,Stock on hand 3 exceeds the current maximum 2.477. Consumption of 0.1 per month supports a maximum of 1.4.,REJECTED,2026-06-05
REC-000375,000000000010000239,1000,MCC Feeder Circuit Breaker TYPE B KSB,NORMAL,REGULAR,11,56,57.165,59.500,6.720,7.000,246.196,145.100,ROP_MAX_SAFETY_STOCK,"Stock on hand 30 is below the current reorder point 57.165. At the NORMAL service level of 85% and a 56-day lead time, the reorder point should be 59.5.",HELD,2026-06-15
REC-000376,000000000010000239,4000,MCC Feeder Circuit Breaker TYPE B KSB,NORMAL,REGULAR,11,56,89.541,73.500,13.120,10.800,232.817,175.800,ROP_MAX_SAFETY_STOCK,Regular consumption of 34.1 per month over 24 months with a 56-day lead time gives a reorder point of 73.5 against the current 89.541.,APPROVED,2026-08-08
REC-000377,000000000010000240,4000,Slurry Density Transmitter 250KW FLSM,INSURANCE,INTERMITTENT,6,146,15.233,19.800,6.169,8.000,26.788,27.200,ROP_MAX_SAFETY_STOCK,Stock on hand 35 exceeds the current maximum 26.788. Consumption of 2.5 per month supports a maximum of 27.2.,APPROVED,2026-05-30
REC-000378,000000000010000241,1000,Ball Mill Gearbox Assembly 110KW SIEMENS,CRITICAL,INTERMITTENT,5,173,5.298,9.600,2.702,4.900,13.655,12.100,ROP_MAX_SAFETY_STOCK,Intermittent consumption of 0.8 per month over 24 months with a 173-day lead time gives a reorder point of 9.6 against the current 5.298.,HELD,2026-07-30
REC-000379,000000000010000242,2000,Ball Mill Gearbox Assembly 55KW KSB,NORMAL,INTERMITTENT,6,42,2.939,3.800,1.547,2.000,10.095,7.700,ROP_MAX_SAFETY_STOCK,Intermittent consumption of 1.3 per month over 24 months with a 42-day lead time gives a reorder point of 3.8 against the current 2.939.,APPROVED,2026-05-26
REC-000380,000000000010000242,1000,Ball Mill Gearbox Assembly 55KW KSB,NORMAL,INTERMITTENT,8,42,7.195,5.300,3.669,2.700,10.214,10.900,ROP_MAX_SAFETY_STOCK,Intermittent consumption of 1.9 per month over 24 months with a 42-day lead time gives a reorder point of 5.3 against the current 7.195.,PROPOSED,2026-06-03
REC-000381,000000000010000243,2000,Conveyor Pulley Bearing DN150 SEW,NORMAL,SLOW,3,33,0.792,0.800,0.505,0.500,1.179,1.600,ROP_MAX_SAFETY_STOCK,"Stock on hand 0 is below the current reorder point 0.792. At the NORMAL service level of 85% and a 33-day lead time, the reorder point should be 0.8.",HELD,2026-07-23
REC-000382,000000000090000014,1000,Vertical Sump Pump Column 6/4 ABB,OBSOLETE,NO_DEMAND,0,44,0.000,,0.000,,1.000,,NO_SAFETY_STOCK,Obsolete material: no safety stock recommended. Candidate for stock reduction review.,PROPOSED,2026-09-02
REC-000383,000000000010000244,4000,Hydraulic Power Pack TYPE B SEW,INSURANCE,INTERMITTENT,5,132,5.622,5.000,2.603,2.300,6.905,6.900,ROP_MAX_SAFETY_STOCK,Intermittent consumption of 0.6 per month over 24 months with a 132-day lead time gives a reorder point of 5 against the current 5.622.,APPROVED,2026-06-19
REC-000384,000000000010000245,4000,Flotation Cell Impeller 6/4 SEW,CRITICAL,INTERMITTENT,4,53,11.017,9.700,7.280,6.400,23.647,15.300,ROP_MAX_SAFETY_STOCK,Intermittent consumption of 1.9 per month over 24 months with a 53-day lead time gives a reorder point of 9.7 against the current 11.017.,REJECTED,2026-07-01
REC-000385,000000000010000245,3000,Flotation Cell Impeller 6/4 SEW,CRITICAL,INTERMITTENT,5,53,5.750,6.900,4.119,4.900,18.198,10.300,ROP_MAX_SAFETY_STOCK,Intermittent consumption of 1.1 per month over 24 months with a 53-day lead time gives a reorder point of 6.9 against the current 5.75.,PROPOSED,2026-08-04
REC-000386,000000000010000246,3000,Thickener Rake Drive Gearbox TYPE B SKF,IMPACT,REGULAR,11,33,22.853,25.800,5.415,6.100,134.602,80.300,ROP_MAX_SAFETY_STOCK,Regular consumption of 18.2 per month over 24 months with a 33-day lead time gives a reorder point of 25.8 against the current 22.853.,APPROVED,2026-05-24
REC-000387,000000000010000247,2000,Soft Starter Power Module 8/6 SEW,NORMAL,INTERMITTENT,4,21,2.791,2.100,1.845,1.400,5.197,5.200,ROP_MAX_SAFETY_STOCK,Intermittent consumption of 1.0 per month over 24 months with a 21-day lead time gives a reorder point of 2.1 against the current 2.791.,PROPOSED,2026-07-07
REC-000388,000000000010000248,4000,Soft Starter Power Module HD SEW,IMPACT,SLOW,3,31,1.402,0.900,1.072,0.700,2.190,1.500,ROP_MAX_SAFETY_STOCK,"Stock on hand 1 is below the current reorder point 1.402. At the IMPACT service level of 95% and a 31-day lead time, the reorder point should be 0.9.",REJECTED,2026-05-24
REC-000389,000000000080000059,4000,Valve Assembly TYPE A SIEMENS,IMPACT,INTERMITTENT,4,15,3.192,2.100,2.391,1.600,3.866,5.300,ROP_MAX_SAFETY_STOCK,"Stock on hand 2 is below the current reorder point 3.192. At the IMPACT service level of 95% and a 15-day lead time, the reorder point should be 2.1.",PROPOSED,2026-08-09
REC-000390,000000000010000249,1000,Screen Exciter Bearing 250MM WEIR,NORMAL,REGULAR,11,13,10.060,7.100,3.308,2.300,40.114,40.700,ROP_MAX_SAFETY_STOCK,Regular consumption of 11.2 per month over 24 months with a 13-day lead time gives a reorder point of 7.1 against the current 10.06.,APPROVED,2026-06-20
REC-000391,000000000080000060,2000,Variable Speed Drive Unit 150MM METSO,CRITICAL,INTERMITTENT,3,56,5.797,4.800,4.436,3.700,5.797,6.700,ROP_MAX_SAFETY_STOCK,"Stock on hand 3 is below the current reorder point 5.797. At the CRITICAL service level of 98% and a 56-day lead time, the reorder point should be 4.8.",HELD,2026-08-11
REC-000392,000000000080000060,3000,Variable Speed Drive Unit 150MM METSO,CRITICAL,INTERMITTENT,5,56,16.272,10.000,10.404,6.400,16.272,15.900,ROP_MAX_SAFETY_STOCK,Stock on hand 18 exceeds the current maximum 16.272. Consumption of 2.0 per month supports a maximum of 15.9.,APPROVED,2026-07-24
REC-000393,000000000080000061,2000,Hydraulic Pump Assembly 150MM KSB,CRITICAL,INTERMITTENT,5,57,7.090,4.800,4.460,3.000,13.137,7.700,ROP_MAX_SAFETY_STOCK,Intermittent consumption of 1.0 per month over 24 months with a 57-day lead time gives a reorder point of 4.8 against the current 7.09.,APPROVED,2026-06-09
REC-000394,000000000080000062,1000,Agitator Shaft Seal 10/8 SKF,IMPACT,INTERMITTENT,3,27,1.731,1.600,1.295,1.200,5.363,3.000,ROP_MAX_SAFETY_STOCK,Intermittent consumption of 0.5 per month over 24 months with a 27-day lead time gives a reorder point of 1.6 against the current 1.731.,APPROVED,2026-08-20
REC-000395,000000000010000250,3000,Conveyor Take-Up Pulley DN150 SKF,INSURANCE,INTERMITTENT,3,32,5.724,3.500,3.916,2.400,7.743,6.600,ROP_MAX_SAFETY_STOCK,Intermittent consumption of 1.0 per month over 24 months with a 32-day lead time gives a reorder point of 3.5 against the current 5.724.,PROPOSED,2026-07-28
REC-000396,000000000080000063,1000,Ball Mill Trunnion Bearing 55KW SANDVIK,NORMAL,INTERMITTENT,4,44,7.645,4.700,4.552,2.800,13.362,8.700,ROP_MAX_SAFETY_STOCK,"Stock on hand 6 is below the current reorder point 7.645. At the NORMAL service level of 85% and a 44-day lead time, the reorder point should be 4.7.",PROPOSED,2026-08-24
REC-000397,000000000080000063,2000,Ball Mill Trunnion Bearing 55KW SANDVIK,NORMAL,INTERMITTENT,3,44,3.276,2.200,1.910,1.300,3.276,4.100,ROP_MAX_SAFETY_STOCK,Stock on hand 5 exceeds the current maximum 3.276. Consumption of 0.6 per month supports a maximum of 4.1.,PROPOSED,2026-08-10
REC-000398,000000000010000251,1000,Slurry Pump Mechanical Seal 8/6 SANDVIK,NORMAL,INTERMITTENT,5,11,1.788,1.300,1.248,0.900,4.142,4.400,ROP_MAX_SAFETY_STOCK,Intermittent consumption of 1.0 per month over 24 months with a 11-day lead time gives a reorder point of 1.3 against the current 1.788.,PROPOSED,2026-08-30
REC-000399,000000000010000252,4000,Thickener Rake Seal Kit 110KW METSO,CRITICAL,INTERMITTENT,4,58,12.544,7.600,8.390,5.100,12.544,11.600,ROP_MAX_SAFETY_STOCK,Stock on hand 15 exceeds the current maximum 12.544. Consumption of 1.3 per month supports a maximum of 11.6.,APPROVED,2026-06-07
REC-000400,000000000010000252,3000,Thickener Rake Seal Kit 110KW METSO,CRITICAL,INTERMITTENT,4,58,5.306,9.100,3.448,5.900,22.411,14.100,ROP_MAX_SAFETY_STOCK,Intermittent consumption of 1.7 per month over 24 months with a 58-day lead time gives a reorder point of 9.1 against the current 5.306.,APPROVED,2026-06-06
REC-000401,000000000010000253,2000,Flotation Blower Motor 200MM FLSM,INSURANCE,REGULAR,10,37,53.342,55.500,9.385,9.800,292.734,168.400,ROP_MAX_SAFETY_STOCK,Regular consumption of 37.6 per month over 24 months with a 37-day lead time gives a reorder point of 55.5 against the current 53.342.,PROPOSED,2026-05-28
REC-000402,000000000010000254,2000,Flotation Cell Impeller 10/8 WEIR,CRITICAL,INTERMITTENT,3,93,10.626,12.600,6.316,7.500,19.494,17.600,ROP_MAX_SAFETY_STOCK,Intermittent consumption of 1.7 per month over 24 months with a 93-day lead time gives a reorder point of 12.6 against the current 10.626.,APPROVED,2026-05-16
REC-000403,000000000010000255,3000,MCC Feeder Circuit Breaker TYPE B METSO,INSURANCE,INTERMITTENT,9,53,5.561,6.000,2.760,3.000,10.407,11.200,ROP_MAX_SAFETY_STOCK,"Stock on hand 4 is below the current reorder point 5.561. At the INSURANCE service level of 90% and a 53-day lead time, the reorder point should be 6.",APPROVED,2026-06-17
REC-000404,000000000010000256,3000,Level Radar Transmitter 8/6 WEIR,NORMAL,REGULAR,12,33,28.358,29.100,6.082,6.200,65.907,92.300,ROP_MAX_SAFETY_STOCK,Regular consumption of 21.1 per month over 24 months with a 33-day lead time gives a reorder point of 29.1 against the current 28.358.,APPROVED,2026-05-29
REC-000405,000000000090000015,2000,Mill Lube Pump Motor DN100 METSO,OBSOLETE,NO_DEMAND,0,31,0.000,,0.000,,1.000,,NO_SAFETY_STOCK,Obsolete material: no safety stock recommended. Candidate for stock reduction review.,APPROVED,2026-08-28
REC-000406,000000000090000015,4000,Mill Lube Pump Motor DN100 METSO,OBSOLETE,NO_DEMAND,0,31,0.000,,0.000,,1.000,,NO_SAFETY_STOCK,Obsolete material: no safety stock recommended. Candidate for stock reduction review.,PROPOSED,2026-08-13
REC-000407,000000000030000052,1000,Pressure Transmitter Assembly 150MM,IMPACT,ON_DEMAND,2,34,0.000,6.900,0.000,4.200,0.000,14.000,OAR_TO_MIN_MAX,This OAR material is classified IMPACT on the critical parts list. Recommend Min-Max management with a reorder point of 6.9 and a maximum of 14.,HELD,2026-06-21
REC-000408,000000000010000257,1000,PLC Digital Output Card TYPE A SEW,CRITICAL,INTERMITTENT,8,131,12.584,9.300,5.799,4.300,14.434,12.800,ROP_MAX_SAFETY_STOCK,"Stock on hand 9 is below the current reorder point 12.584. At the CRITICAL service level of 98% and a 131-day lead time, the reorder point should be 9.3.",REJECTED,2026-07-17
REC-000409,000000000010000259,2000,Flotation Cell Impeller 150MM SEW,CRITICAL,INTERMITTENT,5,166,3.485,4.900,1.722,2.400,9.701,6.300,ROP_MAX_SAFETY_STOCK,"Stock on hand 3 is below the current reorder point 3.485. At the CRITICAL service level of 98% and a 166-day lead time, the reorder point should be 4.9.",APPROVED,2026-05-11
REC-000410,000000000010000259,4000,Flotation Cell Impeller 150MM SEW,CRITICAL,INTERMITTENT,6,166,14.224,8.800,7.639,4.700,16.085,11.100,ROP_MAX_SAFETY_STOCK,"Stock on hand 5 is below the current reorder point 14.224. At the CRITICAL service level of 98% and a 166-day lead time, the reorder point should be 8.8.",APPROVED,2026-05-18
REC-000411,000000000080000064,1000,Gland Packing Seal Ring TYPE B FLSM,CRITICAL,INTERMITTENT,4,90,4.145,9.700,2.829,6.600,12.966,12.800,ROP_MAX_SAFETY_STOCK,Intermittent consumption of 1.0 per month over 24 months with a 90-day lead time gives a reorder point of 9.7 against the current 4.145.,HELD,2026-05-11
REC-000412,000000000010000260,3000,Crusher Hydroset Cylinder 200MM MULTOTEC,IMPACT,REGULAR,12,59,65.423,38.700,14.523,8.600,69.408,85.300,ROP_MAX_SAFETY_STOCK,"Stock on hand 36 is below the current reorder point 65.423. At the IMPACT service level of 95% and a 59-day lead time, the reorder point should be 38.7.",HELD,2026-07-17
REC-000413,000000000080000065,1000,Mill Liner 6/4 WEIR,IMPACT,INTERMITTENT,4,35,2.879,2.100,2.070,1.500,5.933,3.600,ROP_MAX_SAFETY_STOCK,"Stock on hand 2 is below the current reorder point 2.879. At the IMPACT service level of 95% and a 35-day lead time, the reorder point should be 2.1.",APPROVED,2026-06-14
REC-000414,000000000080000065,4000,Mill Liner 6/4 WEIR,IMPACT,INTERMITTENT,3,35,2.569,4.100,1.680,2.700,7.469,7.800,ROP_MAX_SAFETY_STOCK,Intermittent consumption of 1.2 per month over 24 months with a 35-day lead time gives a reorder point of 4.1 against the current 2.569.,PROPOSED,2026-08-01
REC-000415,000000000010000261,4000,Hydraulic Pump Assembly DN100 MULTOTEC,CRITICAL,INTERMITTENT,0,78,8.596,6.900,5.403,4.300,13.734,9.900,ROP_MAX_SAFETY_STOCK,"Stock on hand 0 is below the current reorder point 8.596. At the CRITICAL service level of 98% and a 78-day lead time, the reorder point should be 6.9.",APPROVED,2026-06-14
REC-000416,000000000010000263,3000,Flotation Cell Impeller HD SIEMENS,INSURANCE,INTERMITTENT,6,95,5.268,4.300,2.447,2.000,6.977,6.500,ROP_MAX_SAFETY_STOCK,"Stock on hand 0 is below the current reorder point 5.268. At the INSURANCE service level of 90% and a 95-day lead time, the reorder point should be 4.3.",APPROVED,2026-06-20
REC-000417,000000000010000264,2000,Flotation Cell Impeller 250KW ABB,INSURANCE,INTERMITTENT,3,158,4.806,3.700,1.945,1.500,4.806,5.000,ROP_MAX_SAFETY_STOCK,Stock on hand 6 exceeds the current maximum 4.806. Consumption of 0.4 per month supports a maximum of 5.,APPROVED,2026-08-05
REC-000418,000000000010000265,1000,Flotation Cell Impeller 110KW ABB,CRITICAL,REGULAR,12,49,63.443,40.500,18.256,11.700,143.125,94.200,ROP_MAX_SAFETY_STOCK,"Stock on hand 32 is below the current reorder point 63.443. At the CRITICAL service level of 98% and a 49-day lead time, the reorder point should be 40.5.",PROPOSED,2026-07-06
REC-000419,000000000010000266,1000,Conveyor Idler Roller Set DN100 SEW,NORMAL,INTERMITTENT,6,58,3.925,7.700,1.776,3.500,21.612,14.300,ROP_MAX_SAFETY_STOCK,Intermittent consumption of 2.2 per month over 24 months with a 58-day lead time gives a reorder point of 7.7 against the current 3.925.,HELD,2026-08-29
REC-000420,000000000030000053,1000,Ball Mill Gearbox Assembly 8/6 WEIR,CRITICAL,ON_DEMAND,0,135,0.000,16.300,0.000,9.600,0.000,20.800,OAR_TO_MIN_MAX,This OAR material is classified CRITICAL on the critical parts list. Recommend Min-Max management with a reorder point of 16.3 and a maximum of 20.8.,APPROVED,2026-06-14
REC-000421,000000000080000066,1000,Thickener Rake Drive Gearbox 250MM,IMPACT,INTERMITTENT,4,10,1.346,1.800,1.164,1.600,5.803,4.000,ROP_MAX_SAFETY_STOCK,Intermittent consumption of 0.8 per month over 24 months with a 10-day lead time gives a reorder point of 1.8 against the current 1.346.,APPROVED,2026-05-11
REC-000422,000000000010000267,3000,Ventilation Fan Motor HD FLSM,CRITICAL,SLOW,3,145,3.415,3.800,1.968,2.200,3.830,4.800,ROP_MAX_SAFETY_STOCK,Stock on hand 4 exceeds the current maximum 3.83. Consumption of 0.3 per month supports a maximum of 4.8.,HELD,2026-07-08
REC-000423,000000000010000268,4000,Screen Exciter Bearing HD SANDVIK,NORMAL,INTERMITTENT,6,27,1.294,2.700,0.690,1.400,11.932,7.000,ROP_MAX_SAFETY_STOCK,Intermittent consumption of 1.4 per month over 24 months with a 27-day lead time gives a reorder point of 2.7 against the current 1.294.,PROPOSED,2026-05-21
REC-000424,000000000010000269,2000,Ball Mill Gearbox Assembly 150MM WEIR,CRITICAL,INTERMITTENT,6,130,23.536,21.200,12.682,11.400,32.900,28.100,ROP_MAX_SAFETY_STOCK,Stock on hand 45 exceeds the current maximum 32.9. Consumption of 2.3 per month supports a maximum of 28.1.,PROPOSED,2026-08-16
REC-000425,000000000080000067,4000,Crusher Hydroset Cylinder 150MM WEIR,IMPACT,INTERMITTENT,5,52,14.227,8.800,9.380,5.800,14.393,14.100,ROP_MAX_SAFETY_STOCK,"Stock on hand 13 is below the current reorder point 14.227. At the IMPACT service level of 95% and a 52-day lead time, the reorder point should be 8.8.",PROPOSED,2026-07-23
REC-000426,000000000080000068,1000,Thickener Rake Seal Kit 200MM FLSM,CRITICAL,INTERMITTENT,2,114,8.601,10.700,5.708,7.100,15.261,13.600,ROP_MAX_SAFETY_STOCK,Intermittent consumption of 1.0 per month over 24 months with a 114-day lead time gives a reorder point of 10.7 against the current 8.601.,REJECTED,2026-07-05
REC-000427,000000000080000068,4000,Thickener Rake Seal Kit 200MM FLSM,CRITICAL,INTERMITTENT,5,114,15.958,15.500,9.210,8.900,26.088,20.800,ROP_MAX_SAFETY_STOCK,"Stock on hand 13 is below the current reorder point 15.958. At the CRITICAL service level of 98% and a 114-day lead time, the reorder point should be 15.5.",APPROVED,2026-06-04
REC-000428,000000000010000272,3000,Thickener Rake Drive Gearbox HD KSB,NORMAL,REGULAR,11,53,15.832,26.900,2.886,4.900,64.760,64.800,ROP_MAX_SAFETY_STOCK,"Stock on hand 0 is below the current reorder point 15.832. At the NORMAL service level of 85% and a 53-day lead time, the reorder point should be 26.9.",PROPOSED,2026-05-23
REC-000429,000000000010000272,2000,Thickener Rake Drive Gearbox HD KSB,NORMAL,REGULAR,12,53,53.672,38.200,10.173,7.200,89.408,91.600,ROP_MAX_SAFETY_STOCK,Regular consumption of 17.8 per month over 24 months with a 53-day lead time gives a reorder point of 38.2 against the current 53.672.,APPROVED,2026-05-18
REC-000430,000000000010000274,3000,Slurry Pump Mechanical Seal HD KSB,CRITICAL,INTERMITTENT,5,179,7.609,4.700,4.015,2.500,7.609,5.800,ROP_MAX_SAFETY_STOCK,"Stock on hand 7 is below the current reorder point 7.609. At the CRITICAL service level of 98% and a 179-day lead time, the reorder point should be 4.7.",APPROVED,2026-07-24
REC-000431,000000000080000069,2000,Thickener Rake Seal Kit HD WEIR,NORMAL,INTERMITTENT,1,7,1.120,0.900,0.892,0.700,5.167,3.100,ROP_MAX_SAFETY_STOCK,Intermittent consumption of 0.8 per month over 24 months with a 7-day lead time gives a reorder point of 0.9 against the current 1.12.,REJECTED,2026-09-02
REC-000432,000000000080000069,1000,Thickener Rake Seal Kit HD WEIR,NORMAL,INTERMITTENT,6,7,0.771,1.500,0.563,1.100,5.116,6.900,ROP_MAX_SAFETY_STOCK,Intermittent consumption of 1.8 per month over 24 months with a 7-day lead time gives a reorder point of 1.5 against the current 0.771.,PROPOSED,2026-06-23
REC-000433,000000000080000070,2000,Pump Impeller 250KW SEW,IMPACT,INTERMITTENT,3,29,3.803,5.300,2.692,3.800,9.083,10.200,ROP_MAX_SAFETY_STOCK,Intermittent consumption of 1.6 per month over 24 months with a 29-day lead time gives a reorder point of 5.3 against the current 3.803.,REJECTED,2026-07-21
REC-000434,000000000010000275,3000,Mill Lube Pump Motor 110KW SIEMENS,INSURANCE,INTERMITTENT,8,123,5.580,3.800,1.872,1.300,9.203,5.700,ROP_MAX_SAFETY_STOCK,Intermittent consumption of 0.6 per month over 24 months with a 123-day lead time gives a reorder point of 3.8 against the current 5.58.,REJECTED,2026-05-13
REC-000435,000000000030000059,4000,Mill Lube Pump Motor TYPE A KSB,CRITICAL,ON_DEMAND,2,66,0.000,6.400,0.000,4.000,0.000,9.800,OAR_TO_MIN_MAX,This OAR material is classified CRITICAL on the critical parts list. Recommend Min-Max management with a reorder point of 6.4 and a maximum of 9.8.,REJECTED,2026-08-03
REC-000436,000000000030000060,3000,Crusher Hydroset Cylinder 8/6 KSB,IMPACT,ON_DEMAND,0,46,0.000,4.600,0.000,2.600,0.000,8.500,OAR_TO_MIN_MAX,This OAR material is classified IMPACT on the critical parts list. Recommend Min-Max management with a reorder point of 4.6 and a maximum of 8.5.,PROPOSED,2026-06-07
REC-000437,000000000010000277,1000,Flow Meter Sensor Head 55KW SANDVIK,CRITICAL,INTERMITTENT,4,105,3.452,8.600,1.887,4.700,19.697,12.000,ROP_MAX_SAFETY_STOCK,Intermittent consumption of 1.1 per month over 24 months with a 105-day lead time gives a reorder point of 8.6 against the current 3.452.,APPROVED,2026-08-10
REC-000438,000000000010000277,3000,Flow Meter Sensor Head 55KW SANDVIK,CRITICAL,INTERMITTENT,8,105,13.369,10.900,6.870,5.600,14.050,15.500,ROP_MAX_SAFETY_STOCK,"Stock on hand 11 is below the current reorder point 13.369. At the CRITICAL service level of 98% and a 105-day lead time, the reorder point should be 10.9.",APPROVED,2026-06-21
REC-000439,000000000010000278,2000,Slurry Density Transmitter HD METSO,NORMAL,REGULAR,11,55,26.412,29.400,4.272,4.800,82.959,70.300,ROP_MAX_SAFETY_STOCK,"Stock on hand 9 is below the current reorder point 26.412. At the NORMAL service level of 85% and a 55-day lead time, the reorder point should be 29.4.",REJECTED,2026-05-28
REC-000440,000000000010000278,4000,Slurry Density Transmitter HD METSO,NORMAL,REGULAR,9,55,19.396,35.400,3.614,6.600,101.643,83.300,ROP_MAX_SAFETY_STOCK,"Stock on hand 3 is below the current reorder point 19.396. At the NORMAL service level of 85% and a 55-day lead time, the reorder point should be 35.4.",HELD,2026-08-03
REC-000441,000000000010000279,4000,Conveyor Take-Up Pulley TYPE B SIEMENS,CRITICAL,INTERMITTENT,6,122,8.674,7.100,4.988,4.100,8.951,9.300,ROP_MAX_SAFETY_STOCK,"Stock on hand 5 is below the current reorder point 8.674. At the CRITICAL service level of 98% and a 122-day lead time, the reorder point should be 7.1.",PROPOSED,2026-05-24
REC-000442,000000000010000281,2000,Centrifugal Pump Casing TYPE A SEW,CRITICAL,INTERMITTENT,0,103,6.057,13.900,3.476,8.000,27.768,19.100,ROP_MAX_SAFETY_STOCK,"Stock on hand 0 is below the current reorder point 6.057. At the CRITICAL service level of 98% and a 103-day lead time, the reorder point should be 13.9.",PROPOSED,2026-08-16
REC-000443,000000000010000282,1000,Hydraulic Pump Assembly 250MM ABB,INSURANCE,REGULAR,11,33,24.751,45.400,5.441,10.000,102.021,143.400,ROP_MAX_SAFETY_STOCK,Regular consumption of 32.7 per month over 24 months with a 33-day lead time gives a reorder point of 45.4 against the current 24.751.,REJECTED,2026-08-04
REC-000444,000000000010000283,3000,Conveyor Drive Motor 250MM SEW,INSURANCE,INTERMITTENT,5,205,2.893,5.100,0.970,1.700,8.769,6.600,ROP_MAX_SAFETY_STOCK,Intermittent consumption of 0.5 per month over 24 months with a 205-day lead time gives a reorder point of 5.1 against the current 2.893.,PROPOSED,2026-08-12
REC-000445,000000000010000285,3000,Conveyor Take-Up Pulley 200MM WEIR,NORMAL,INTERMITTENT,5,47,6.609,3.900,3.348,2.000,6.609,7.700,ROP_MAX_SAFETY_STOCK,"Stock on hand 4 is below the current reorder point 6.609. At the NORMAL service level of 85% and a 47-day lead time, the reorder point should be 3.9.",APPROVED,2026-08-24
REC-000446,000000000080000071,3000,Conveyor Drive Motor TYPE B SANDVIK,NORMAL,INTERMITTENT,5,56,5.360,5.200,2.388,2.300,8.605,9.900,ROP_MAX_SAFETY_STOCK,"Stock on hand 4 is below the current reorder point 5.36. At the NORMAL service level of 85% and a 56-day lead time, the reorder point should be 5.2.",REJECTED,2026-08-28
REC-000447,000000000080000071,1000,Conveyor Drive Motor TYPE B SANDVIK,NORMAL,INTERMITTENT,3,56,6.776,5.800,3.724,3.200,8.961,10.100,ROP_MAX_SAFETY_STOCK,Intermittent consumption of 1.4 per month over 24 months with a 56-day lead time gives a reorder point of 5.8 against the current 6.776.,APPROVED,2026-06-12
REC-000448,000000000010000286,1000,Thickener Rake Drive Gearbox 250KW,NORMAL,REGULAR,12,50,35.481,27.400,6.637,5.100,99.460,68.200,ROP_MAX_SAFETY_STOCK,Regular consumption of 13.6 per month over 24 months with a 50-day lead time gives a reorder point of 27.4 against the current 35.481.,PROPOSED,2026-06-13
REC-000449,000000000010000287,1000,Slurry Pump Mechanical Seal 8/6 ABB,CRITICAL,REGULAR,11,88,85.605,74.800,18.209,15.900,196.152,135.900,ROP_MAX_SAFETY_STOCK,Regular consumption of 20.4 per month over 24 months with a 88-day lead time gives a reorder point of 74.8 against the current 85.605.,REJECTED,2026-07-14
REC-000450,000000000010000288,4000,Mill Liner TYPE B WEIR,IMPACT,INTERMITTENT,7,12,2.780,2.600,2.071,1.900,13.230,7.600,ROP_MAX_SAFETY_STOCK,Intermittent consumption of 1.7 per month over 24 months with a 12-day lead time gives a reorder point of 2.6 against the current 2.78.,APPROVED,2026-06-02
REC-000451,000000000010000290,1000,Slurry Density Transmitter DN100,NORMAL,REGULAR,10,20,12.398,8.600,2.778,1.900,30.940,39.100,ROP_MAX_SAFETY_STOCK,Regular consumption of 10.2 per month over 24 months with a 20-day lead time gives a reorder point of 8.6 against the current 12.398.,REJECTED,2026-08-30
REC-000452,000000000010000291,1000,Valve Assembly 10/8 SEW,NORMAL,INTERMITTENT,6,35,2.801,4.100,1.632,2.400,10.660,8.600,ROP_MAX_SAFETY_STOCK,Intermittent consumption of 1.5 per month over 24 months with a 35-day lead time gives a reorder point of 4.1 against the current 2.801.,PROPOSED,2026-07-18
REC-000453,000000000010000293,4000,Ball Mill Shell Liner Plate HD SKF,CRITICAL,INTERMITTENT,0,119,7.955,10.700,4.541,6.100,24.657,14.200,ROP_MAX_SAFETY_STOCK,"Stock on hand 0 is below the current reorder point 7.955. At the CRITICAL service level of 98% and a 119-day lead time, the reorder point should be 10.7.",REJECTED,2026-05-20
REC-000454,000000000010000294,1000,Valve Assembly 55KW KSB,INSURANCE,INTERMITTENT,2,195,2.360,3.000,1.115,1.400,3.228,3.800,ROP_MAX_SAFETY_STOCK,Intermittent consumption of 0.2 per month over 24 months with a 195-day lead time gives a reorder point of 3 against the current 2.36.,HELD,2026-05-10
REC-000455,000000000080000072,1000,Pump Impeller TYPE B SKF,IMPACT,INTERMITTENT,2,38,2.357,2.500,1.713,1.800,4.702,4.100,ROP_MAX_SAFETY_STOCK,"Stock on hand 2 is below the current reorder point 2.357. At the IMPACT service level of 95% and a 38-day lead time, the reorder point should be 2.5.",PROPOSED,2026-06-17
REC-000456,000000000010000295,3000,Slurry Pump Mechanical Seal 250MM FLSM,NORMAL,INTERMITTENT,6,59,2.203,2.900,1.151,1.500,5.533,5.000,ROP_MAX_SAFETY_STOCK,Intermittent consumption of 0.7 per month over 24 months with a 59-day lead time gives a reorder point of 2.9 against the current 2.203.,APPROVED,2026-05-22
REC-000457,000000000010000296,1000,Crusher Main Shaft Bearing 200MM ABB,IMPACT,REGULAR,9,32,17.118,36.400,4.562,9.700,84.089,112.700,ROP_MAX_SAFETY_STOCK,Regular consumption of 25.4 per month over 24 months with a 32-day lead time gives a reorder point of 36.4 against the current 17.118.,PROPOSED,2026-05-14
REC-000458,000000000010000298,2000,PLC Digital Output Card 8/6 SANDVIK,CRITICAL,REGULAR,12,44,75.738,57.200,18.113,13.700,118.634,147.600,ROP_MAX_SAFETY_STOCK,"Stock on hand 55 is below the current reorder point 75.738. At the CRITICAL service level of 98% and a 44-day lead time, the reorder point should be 57.2.",HELD,2026-08-30
REC-000459,000000000010000299,2000,Variable Speed Drive Unit 8/6 SIEMENS,INSURANCE,REGULAR,12,92,73.863,45.100,9.612,5.900,136.476,84.000,ROP_MAX_SAFETY_STOCK,"Stock on hand 56 is below the current reorder point 73.863. At the INSURANCE service level of 90% and a 92-day lead time, the reorder point should be 45.1.",PROPOSED,2026-08-15
REC-000460,000000000080000073,4000,Skirt Rubber Liner Section 10/8 METSO,CRITICAL,INTERMITTENT,1,142,4.708,4.700,3.140,3.100,8.782,5.700,ROP_MAX_SAFETY_STOCK,"Stock on hand 3 is below the current reorder point 4.708. At the CRITICAL service level of 98% and a 142-day lead time, the reorder point should be 4.7.",APPROVED,2026-08-25
REC-000461,000000000010000300,2000,Crusher Hydroset Cylinder DN100 SEW,INSURANCE,INTERMITTENT,7,122,15.659,11.300,5.266,3.800,15.659,16.900,ROP_MAX_SAFETY_STOCK,Stock on hand 20 exceeds the current maximum 15.659. Consumption of 1.9 per month supports a maximum of 16.9.,PROPOSED,2026-08-26
REC-000462,000000000010000301,2000,Centrifugal Pump Casing 6/4 SANDVIK,CRITICAL,INTERMITTENT,0,103,10.672,8.000,6.146,4.600,11.188,11.000,ROP_MAX_SAFETY_STOCK,"Stock on hand 0 is below the current reorder point 10.672. At the CRITICAL service level of 98% and a 103-day lead time, the reorder point should be 8.",APPROVED,2026-07-31
REC-000463,000000000010000302,2000,Hydraulic Pump Assembly 200MM SEW,CRITICAL,REGULAR,12,131,199.354,176.500,41.977,37.200,410.398,273.600,ROP_MAX_SAFETY_STOCK,Regular consumption of 32.4 per month over 24 months with a 131-day lead time gives a reorder point of 176.5 against the current 199.354.,PROPOSED,2026-06-03
REC-000464,000000000010000303,2000,Thickener Rake Drive Gearbox TYPE A SEW,NORMAL,INTERMITTENT,7,28,5.006,5.000,2.808,2.800,20.850,12.100,ROP_MAX_SAFETY_STOCK,Intermittent consumption of 2.4 per month over 24 months with a 28-day lead time gives a reorder point of 5 against the current 5.006.,PROPOSED,2026-08-29
REC-000465,000000000010000303,1000,Thickener Rake Drive Gearbox TYPE A SEW,NORMAL,INTERMITTENT,5,28,1.437,1.400,0.917,0.900,3.427,3.000,ROP_MAX_SAFETY_STOCK,Intermittent consumption of 0.5 per month over 24 months with a 28-day lead time gives a reorder point of 1.4 against the current 1.437.,REJECTED,2026-07-19
REC-000466,000000000010000304,1000,Mill Liner 110KW SKF,CRITICAL,SLOW,5,112,4.390,2.600,2.873,1.700,5.320,3.400,ROP_MAX_SAFETY_STOCK,"Stock on hand 4 is below the current reorder point 4.39. At the CRITICAL service level of 98% and a 112-day lead time, the reorder point should be 2.6.",HELD,2026-06-08
REC-000467,000000000080000074,1000,Vertical Sump Pump Column HD SIEMENS,IMPACT,INTERMITTENT,3,58,1.733,2.900,1.153,1.900,3.909,4.400,ROP_MAX_SAFETY_STOCK,Intermittent consumption of 0.5 per month over 24 months with a 58-day lead time gives a reorder point of 2.9 against the current 1.733.,REJECTED,2026-07-14
REC-000468,000000000080000075,4000,Mill Liner 8/6 FLSM,CRITICAL,INTERMITTENT,5,31,11.109,6.300,8.037,4.600,16.315,11.400,ROP_MAX_SAFETY_STOCK,"Stock on hand 7 is below the current reorder point 11.109. At the CRITICAL service level of 98% and a 31-day lead time, the reorder point should be 6.3.",REJECTED,2026-07-25
REC-000469,000000000010000305,2000,Mill Lube Pump Motor 250KW ABB,CRITICAL,INTERMITTENT,0,113,15.304,10.700,8.687,6.100,15.304,14.400,ROP_MAX_SAFETY_STOCK,"Stock on hand 0 is below the current reorder point 15.304. At the CRITICAL service level of 98% and a 113-day lead time, the reorder point should be 10.7.",APPROVED,2026-05-10
REC-000470,000000000010000306,1000,Skirt Rubber Liner Section DN100 KSB,CRITICAL,INTERMITTENT,0,146,2.484,4.500,1.594,2.900,5.262,5.500,ROP_MAX_SAFETY_STOCK,"Stock on hand 0 is below the current reorder point 2.484. At the CRITICAL service level of 98% and a 146-day lead time, the reorder point should be 4.5.",PROPOSED,2026-07-23
REC-000471,000000000010000308,3000,Hydraulic Pump Assembly TYPE B MULTOTEC,NORMAL,INTERMITTENT,3,44,2.718,4.400,1.591,2.600,10.931,8.200,ROP_MAX_SAFETY_STOCK,Stock on hand 11 exceeds the current maximum 10.931. Consumption of 1.2 per month supports a maximum of 8.2.,APPROVED,2026-05-17
REC-000472,000000000010000309,3000,Crusher Hydroset Cylinder 150MM SKF,INSURANCE,INTERMITTENT,4,129,5.158,5.300,2.443,2.500,8.125,7.300,ROP_MAX_SAFETY_STOCK,"Stock on hand 3 is below the current reorder point 5.158. At the INSURANCE service level of 90% and a 129-day lead time, the reorder point should be 5.3.",APPROVED,2026-06-06
REC-000473,000000000010000309,4000,Crusher Hydroset Cylinder 150MM SKF,INSURANCE,INTERMITTENT,5,129,6.743,3.800,2.358,1.300,6.840,5.500,ROP_MAX_SAFETY_STOCK,Stock on hand 9 exceeds the current maximum 6.84. Consumption of 0.6 per month supports a maximum of 5.5.,REJECTED,2026-06-21
REC-000474,000000000010000310,2000,Slurry Density Transmitter 250KW KSB,INSURANCE,INTERMITTENT,3,46,2.764,5.800,1.829,3.800,9.660,9.700,ROP_MAX_SAFETY_STOCK,"Stock on hand 0 is below the current reorder point 2.764. At the INSURANCE service level of 90% and a 46-day lead time, the reorder point should be 5.8.",PROPOSED,2026-06-21
REC-000475,000000000010000311,2000,Crusher Hydroset Cylinder 8/6 WEIR,CRITICAL,INTERMITTENT,0,60,6.009,6.600,4.073,4.500,17.073,9.800,ROP_MAX_SAFETY_STOCK,"Stock on hand 0 is below the current reorder point 6.009. At the CRITICAL service level of 98% and a 60-day lead time, the reorder point should be 6.6.",REJECTED,2026-05-29
REC-000476,000000000010000313,2000,Conveyor Idler Roller Set DN100 SIEMENS,CRITICAL,INTERMITTENT,6,120,5.024,8.100,2.581,4.200,13.639,11.100,ROP_MAX_SAFETY_STOCK,"Stock on hand 4 is below the current reorder point 5.024. At the CRITICAL service level of 98% and a 120-day lead time, the reorder point should be 8.1.",HELD,2026-07-29
REC-000477,000000000010000314,4000,Flow Meter Sensor Head 250KW WEIR,CRITICAL,SLOW,3,72,3.025,3.600,2.198,2.600,8.003,4.800,ROP_MAX_SAFETY_STOCK,Slow consumption of 0.4 per month over 24 months with a 72-day lead time gives a reorder point of 3.6 against the current 3.025.,HELD,2026-07-02
REC-000478,000000000010000315,4000,Conveyor Take-Up Pulley HD ABB,CRITICAL,INTERMITTENT,5,134,14.056,8.900,8.234,5.200,14.056,11.400,ROP_MAX_SAFETY_STOCK,"Stock on hand 10 is below the current reorder point 14.056. At the CRITICAL service level of 98% and a 134-day lead time, the reorder point should be 8.9.",REJECTED,2026-08-12
REC-000479,000000000010000316,1000,Flotation Blower Motor 55KW ABB,CRITICAL,INTERMITTENT,2,163,5.640,4.100,3.169,2.300,5.640,5.100,ROP_MAX_SAFETY_STOCK,Stock on hand 7 exceeds the current maximum 5.64. Consumption of 0.3 per month supports a maximum of 5.1.,REJECTED,2026-05-12
REC-000480,000000000010000317,4000,Pressure Transmitter Assembly 6/4 SEW,NORMAL,INTERMITTENT,3,59,13.095,7.500,6.882,3.900,15.816,13.000,ROP_MAX_SAFETY_STOCK,Stock on hand 17 exceeds the current maximum 15.816. Consumption of 1.8 per month supports a maximum of 13.,APPROVED,2026-07-30
REC-000481,000000000010000317,1000,Pressure Transmitter Assembly 6/4 SEW,NORMAL,INTERMITTENT,7,59,2.042,2.800,1.022,1.400,7.900,4.900,ROP_MAX_SAFETY_STOCK,Intermittent consumption of 0.7 per month over 24 months with a 59-day lead time gives a reorder point of 2.8 against the current 2.042.,APPROVED,2026-07-31
REC-000482,000000000010000319,1000,Vertical Sump Pump Column HD ABB,NORMAL,INTERMITTENT,6,50,7.181,5.400,3.597,2.700,12.919,10.300,ROP_MAX_SAFETY_STOCK,"Stock on hand 6 is below the current reorder point 7.181. At the NORMAL service level of 85% and a 50-day lead time, the reorder point should be 5.4.",APPROVED,2026-06-22
REC-000483,000000000010000319,4000,Vertical Sump Pump Column HD ABB,NORMAL,INTERMITTENT,5,50,8.798,5.400,4.556,2.800,17.381,10.200,ROP_MAX_SAFETY_STOCK,Intermittent consumption of 1.6 per month over 24 months with a 50-day lead time gives a reorder point of 5.4 against the current 8.798.,APPROVED,2026-05-23
REC-000484,000000000010000320,3000,Conveyor Drive Motor 250MM SEW,NORMAL,SLOW,1,57,0.248,0.400,0.195,0.300,0.622,0.500,ROP_MAX_SAFETY_STOCK,Stock on hand 1 exceeds the current maximum 0.622. Consumption of 0.0 per month supports a maximum of 0.5.,PROPOSED,2026-06-23
REC-000485,000000000010000320,2000,Conveyor Drive Motor 250MM SEW,NORMAL,SLOW,2,57,1.928,1.500,1.295,1.000,2.029,2.200,ROP_MAX_SAFETY_STOCK,Slow consumption of 0.2 per month over 24 months with a 57-day lead time gives a reorder point of 1.5 against the current 1.928.,PROPOSED,2026-06-11
REC-000486,000000000010000321,1000,Conveyor Take-Up Pulley HD WEIR,NORMAL,SLOW,4,37,1.425,1.600,0.890,1.000,3.985,3.100,ROP_MAX_SAFETY_STOCK,Slow consumption of 0.5 per month over 24 months with a 37-day lead time gives a reorder point of 1.6 against the current 1.425.,APPROVED,2026-07-29
REC-000487,000000000010000323,1000,Pump Impeller TYPE A SKF,NORMAL,INTERMITTENT,6,53,2.012,3.900,0.966,1.900,12.648,7.400,ROP_MAX_SAFETY_STOCK,"Stock on hand 1 is below the current reorder point 2.012. At the NORMAL service level of 85% and a 53-day lead time, the reorder point should be 3.9.",APPROVED,2026-08-23
REC-000488,000000000010000324,3000,Thickener Rake Seal Kit 200MM SKF,IMPACT,SLOW,0,11,0.393,0.400,0.366,0.400,0.869,0.700,ROP_MAX_SAFETY_STOCK,Stock on hand 1 exceeds the current maximum 0.869. Consumption of 0.1 per month supports a maximum of 0.7.,REJECTED,2026-06-27
REC-000489,000000000010000327,4000,Mill Lube Pump Motor TYPE B METSO,CRITICAL,INTERMITTENT,2,98,9.765,5.800,7.063,4.200,9.765,7.300,ROP_MAX_SAFETY_STOCK,Stock on hand 10 exceeds the current maximum 9.765. Consumption of 0.5 per month supports a maximum of 7.3.,APPROVED,2026-07-31
REC-000490,000000000010000328,4000,Hydraulic Pump Assembly 8/6 FLSM,NORMAL,REGULAR,10,60,21.878,21.000,3.709,3.600,62.642,47.500,ROP_MAX_SAFETY_STOCK,Regular consumption of 8.8 per month over 24 months with a 60-day lead time gives a reorder point of 21 against the current 21.878.,PROPOSED,2026-07-24
REC-000491,000000000010000329,1000,Thickener Rake Drive Gearbox 10/8,NORMAL,REGULAR,11,47,40.930,59.000,7.687,11.100,179.599,152.100,ROP_MAX_SAFETY_STOCK,Regular consumption of 31.0 per month over 24 months with a 47-day lead time gives a reorder point of 59 against the current 40.93.,APPROVED,2026-07-23
REC-000492,000000000010000330,4000,Conveyor Drive Gearbox DN150 SANDVIK,NORMAL,INTERMITTENT,4,11,3.404,2.400,2.390,1.700,7.325,8.300,ROP_MAX_SAFETY_STOCK,"Stock on hand 2 is below the current reorder point 3.404. At the NORMAL service level of 85% and a 11-day lead time, the reorder point should be 2.4.",PROPOSED,2026-05-11
REC-000493,000000000010000330,2000,Conveyor Drive Gearbox DN150 SANDVIK,NORMAL,INTERMITTENT,3,11,0.906,1.100,0.672,0.800,5.477,3.500,ROP_MAX_SAFETY_STOCK,Intermittent consumption of 0.8 per month over 24 months with a 11-day lead time gives a reorder point of 1.1 against the current 0.906.,REJECTED,2026-05-22
REC-000494,000000000010000331,4000,Mill Lube Pump Motor 55KW SKF,INSURANCE,SLOW,5,129,8.513,5.000,4.238,2.500,8.513,6.800,ROP_MAX_SAFETY_STOCK,Stock on hand 10 exceeds the current maximum 8.513. Consumption of 0.6 per month supports a maximum of 6.8.,APPROVED,2026-08-08
REC-000495,000000000010000332,3000,Spherical Roller Bearing 150MM METSO,NORMAL,SLOW,1,28,0.416,0.400,0.310,0.300,1.080,0.800,ROP_MAX_SAFETY_STOCK,Slow consumption of 0.1 per month over 24 months with a 28-day lead time gives a reorder point of 0.4 against the current 0.416.,REJECTED,2026-07-05
REC-000496,000000000010000333,3000,Pressure Transmitter Assembly HD KSB,IMPACT,SLOW,0,39,1.104,0.800,0.880,0.600,1.547,1.200,ROP_MAX_SAFETY_STOCK,Stock on hand 2 exceeds the current maximum 1.547. Consumption of 0.1 per month supports a maximum of 1.2.,PROPOSED,2026-05-20
REC-000497,000000000080000076,1000,PLC Digital Output Card 150MM METSO,NORMAL,INTERMITTENT,2,8,2.325,1.700,1.825,1.300,7.858,5.800,ROP_MAX_SAFETY_STOCK,Intermittent consumption of 1.4 per month over 24 months with a 8-day lead time gives a reorder point of 1.7 against the current 2.325.,HELD,2026-05-30
REC-000498,000000000010000334,2000,Thickener Rake Drive Gearbox DN100,CRITICAL,INTERMITTENT,0,59,8.951,8.000,6.329,5.700,20.593,11.600,ROP_MAX_SAFETY_STOCK,"Stock on hand 0 is below the current reorder point 8.951. At the CRITICAL service level of 98% and a 59-day lead time, the reorder point should be 8.",REJECTED,2026-08-25
REC-000499,000000000010000334,1000,Thickener Rake Drive Gearbox DN100,CRITICAL,INTERMITTENT,0,59,10.245,11.100,6.945,7.500,18.344,16.600,ROP_MAX_SAFETY_STOCK,"Stock on hand 0 is below the current reorder point 10.245. At the CRITICAL service level of 98% and a 59-day lead time, the reorder point should be 11.1.",HELD,2026-06-21
REC-000500,000000000010000335,2000,Slurry Pump Mechanical Seal 55KW METSO,INSURANCE,INTERMITTENT,6,115,12.815,8.600,6.253,4.200,20.730,12.100,ROP_MAX_SAFETY_STOCK,"Stock on hand 12 is below the current reorder point 12.815. At the INSURANCE service level of 90% and a 115-day lead time, the reorder point should be 8.6.",PROPOSED,2026-08-29
REC-000501,000000000090000016,4000,Skirt Rubber Liner Section 200MM SANDVIK,OBSOLETE,NO_DEMAND,0,22,0.000,,0.000,,1.000,,NO_SAFETY_STOCK,Obsolete material: no safety stock recommended. Candidate for stock reduction review.,HELD,2026-07-27
REC-000502,000000000010000336,2000,Ball Mill Trunnion Bearing 55KW SANDVIK,INSURANCE,SLOW,3,80,1.005,1.200,0.647,0.800,1.850,1.700,ROP_MAX_SAFETY_STOCK,"Stock on hand 1 is below the current reorder point 1.005. At the INSURANCE service level of 90% and a 80-day lead time, the reorder point should be 1.2.",PROPOSED,2026-08-12
REC-000503,000000000010000337,1000,Ventilation Fan Motor 110KW SKF,IMPACT,INTERMITTENT,5,14,1.895,1.600,1.419,1.200,3.496,4.200,ROP_MAX_SAFETY_STOCK,"Stock on hand 1 is below the current reorder point 1.895. At the IMPACT service level of 95% and a 14-day lead time, the reorder point should be 1.6.",REJECTED,2026-05-10
REC-000504,000000000080000077,2000,Conveyor Pulley Bearing DN150 SKF,IMPACT,INTERMITTENT,4,27,5.832,4.800,4.284,3.500,14.675,9.100,ROP_MAX_SAFETY_STOCK,Intermittent consumption of 1.4 per month over 24 months with a 27-day lead time gives a reorder point of 4.8 against the current 5.832.,APPROVED,2026-07-30
REC-000505,000000000010000338,4000,Apron Feeder Gear Reducer 250MM SIEMENS,NORMAL,REGULAR,12,38,58.791,63.300,10.660,11.500,334.897,187.800,ROP_MAX_SAFETY_STOCK,"Stock on hand 34 is below the current reorder point 58.791. At the NORMAL service level of 85% and a 38-day lead time, the reorder point should be 63.3.",APPROVED,2026-07-29
REC-000506,000000000010000338,1000,Apron Feeder Gear Reducer 250MM SIEMENS,NORMAL,REGULAR,11,38,44.214,30.000,7.420,5.000,114.752,90.100,ROP_MAX_SAFETY_STOCK,Regular consumption of 20.0 per month over 24 months with a 38-day lead time gives a reorder point of 30 against the current 44.214.,HELD,2026-07-13
REC-000507,000000000080000078,4000,Mill Liner 6/4 SKF,NORMAL,INTERMITTENT,2,33,4.949,3.200,3.086,2.000,8.758,6.600,ROP_MAX_SAFETY_STOCK,"Stock on hand 0 is below the current reorder point 4.949. At the NORMAL service level of 85% and a 33-day lead time, the reorder point should be 3.2.",APPROVED,2026-05-14
REC-000508,000000000010000339,4000,Flow Meter Sensor Head DN150 SEW,NORMAL,SLOW,1,34,0.446,0.800,0.283,0.500,1.836,1.600,ROP_MAX_SAFETY_STOCK,Stock on hand 2 exceeds the current maximum 1.836. Consumption of 0.2 per month supports a maximum of 1.6.,HELD,2026-06-07
REC-000509,000000000010000340,3000,Flow Meter Sensor Head DN150 SEW,NORMAL,INTERMITTENT,6,59,3.338,3.100,1.859,1.700,4.417,5.200,ROP_MAX_SAFETY_STOCK,Stock on hand 7 exceeds the current maximum 4.417. Consumption of 0.7 per month supports a maximum of 5.2.,APPROVED,2026-08-24
REC-000510,000000000010000341,3000,Ball Mill Shell Liner Plate 55KW ABB,NORMAL,REGULAR,12,22,48.429,27.700,10.359,5.900,201.459,118.100,ROP_MAX_SAFETY_STOCK,Regular consumption of 30.1 per month over 24 months with a 22-day lead time gives a reorder point of 27.7 against the current 48.429.,PROPOSED,2026-06-22
REC-000511,000000000010000341,4000,Ball Mill Shell Liner Plate 55KW ABB,NORMAL,REGULAR,12,22,13.808,12.200,3.428,3.000,44.512,50.500,ROP_MAX_SAFETY_STOCK,"Stock on hand 6 is below the current reorder point 13.808. At the NORMAL service level of 85% and a 22-day lead time, the reorder point should be 12.2.",PROPOSED,2026-07-30
REC-000512,000000000010000343,1000,Centrifugal Pump Casing 8/6 FLSM,NORMAL,REGULAR,12,30,53.927,35.500,8.538,5.600,118.989,126.600,ROP_MAX_SAFETY_STOCK,Regular consumption of 30.4 per month over 24 months with a 30-day lead time gives a reorder point of 35.5 against the current 53.927.,PROPOSED,2026-08-04
REC-000513,000000000010000344,4000,Mill Lube Pump Motor 250MM MULTOTEC,INSURANCE,SLOW,5,111,6.940,4.400,3.585,2.300,6.940,6.200,ROP_MAX_SAFETY_STOCK,Stock on hand 7 exceeds the current maximum 6.94. Consumption of 0.6 per month supports a maximum of 6.2.,APPROVED,2026-08-25
REC-000514,000000000010000345,4000,Spherical Roller Bearing DN150 FLSM,NORMAL,INTERMITTENT,6,14,3.477,2.100,2.136,1.300,5.184,7.200,ROP_MAX_SAFETY_STOCK,Intermittent consumption of 1.7 per month over 24 months with a 14-day lead time gives a reorder point of 2.1 against the current 3.477.,PROPOSED,2026-05-20
REC-000515,000000000010000346,4000,Conveyor Drive Gearbox 6/4 WEIR,IMPACT,INTERMITTENT,3,11,3.638,2.200,3.011,1.800,5.758,5.300,ROP_MAX_SAFETY_STOCK,Stock on hand 6 exceeds the current maximum 5.758. Consumption of 1.0 per month supports a maximum of 5.3.,PROPOSED,2026-08-29
REC-000516,000000000080000079,2000,Gland Packing Seal Ring 200MM ABB,NORMAL,INTERMITTENT,7,55,7.516,5.100,3.417,2.300,11.284,9.700,ROP_MAX_SAFETY_STOCK,Stock on hand 14 exceeds the current maximum 11.284. Consumption of 1.5 per month supports a maximum of 9.7.,PROPOSED,2026-07-18
REC-000517,000000000080000079,4000,Gland Packing Seal Ring 200MM ABB,NORMAL,INTERMITTENT,5,55,6.648,4.800,3.590,2.600,7.303,8.400,ROP_MAX_SAFETY_STOCK,"Stock on hand 4 is below the current reorder point 6.648. At the NORMAL service level of 85% and a 55-day lead time, the reorder point should be 4.8.",HELD,2026-07-09
REC-000518,000000000010000347,4000,Apron Feeder Gear Reducer DN100 ABB,CRITICAL,SLOW,1,66,0.634,0.700,0.553,0.600,0.634,0.800,ROP_MAX_SAFETY_STOCK,Stock on hand 1 exceeds the current maximum 0.634. Consumption of 0.0 per month supports a maximum of 0.8.,REJECTED,2026-06-18
REC-000519,000000000010000347,3000,Apron Feeder Gear Reducer DN100 ABB,CRITICAL,SLOW,1,66,1.617,2.500,1.278,2.000,3.860,3.200,ROP_MAX_SAFETY_STOCK,Slow consumption of 0.2 per month over 24 months with a 66-day lead time gives a reorder point of 2.5 against the current 1.617.,REJECTED,2026-06-19
REC-000520,000000000010000348,3000,Thickener Rake Seal Kit DN150 WEIR,NORMAL,REGULAR,9,30,21.000,33.900,4.466,7.200,119.339,115.000,ROP_MAX_SAFETY_STOCK,"Stock on hand 4 is below the current reorder point 21. At the NORMAL service level of 85% and a 30-day lead time, the reorder point should be 33.9.",REJECTED,2026-07-03
REC-000521,000000000010000349,4000,Flow Meter Sensor Head 6/4 SEW,CRITICAL,REGULAR,12,126,73.225,66.000,14.470,13.000,177.326,104.400,ROP_MAX_SAFETY_STOCK,"Stock on hand 32 is below the current reorder point 73.225. At the CRITICAL service level of 98% and a 126-day lead time, the reorder point should be 66.",HELD,2026-08-14
REC-000522,000000000010000350,2000,Slurry Pump Mechanical Seal HD METSO,INSURANCE,INTERMITTENT,5,132,13.436,16.500,6.079,7.500,36.384,22.800,ROP_MAX_SAFETY_STOCK,Intermittent consumption of 2.1 per month over 24 months with a 132-day lead time gives a reorder point of 16.5 against the current 13.436.,REJECTED,2026-08-10
REC-000523,000000000010000351,3000,PLC Digital Output Card DN150 ABB,CRITICAL,REGULAR,11,46,46.016,72.500,11.350,17.900,277.596,180.900,ROP_MAX_SAFETY_STOCK,Regular consumption of 36.1 per month over 24 months with a 46-day lead time gives a reorder point of 72.5 against the current 46.016.,APPROVED,2026-07-01
REC-000524,000000000010000353,3000,Flotation Cell Impeller 10/8 MULTOTEC,IMPACT,INTERMITTENT,4,42,3.511,4.400,2.497,3.100,5.668,7.200,ROP_MAX_SAFETY_STOCK,Intermittent consumption of 0.9 per month over 24 months with a 42-day lead time gives a reorder point of 4.4 against the current 3.511.,PROPOSED,2026-05-11
REC-000525,000000000010000354,2000,Conveyor Drive Gearbox DN100 SANDVIK,IMPACT,SLOW,2,49,0.865,0.700,0.704,0.600,1.006,0.900,ROP_MAX_SAFETY_STOCK,Slow consumption of 0.1 per month over 24 months with a 49-day lead time gives a reorder point of 0.7 against the current 0.865.,PROPOSED,2026-05-31
REC-000526,000000000030000073,4000,Pump Impeller TYPE B SANDVIK,IMPACT,ON_DEMAND,1,40,0.000,5.500,0.000,3.600,0.000,9.800,OAR_TO_MIN_MAX,This OAR material is classified IMPACT on the critical parts list. Recommend Min-Max management with a reorder point of 5.5 and a maximum of 9.8.,PROPOSED,2026-08-10
REC-000527,000000000030000073,3000,Pump Impeller TYPE B SANDVIK,IMPACT,ON_DEMAND,1,40,0.000,4.100,0.000,2.600,0.000,7.500,OAR_TO_MIN_MAX,This OAR material is classified IMPACT on the critical parts list. Recommend Min-Max management with a reorder point of 4.1 and a maximum of 7.5.,APPROVED,2026-08-12
REC-000528,000000000010000355,4000,Ball Mill Shell Liner Plate 250KW SKF,INSURANCE,REGULAR,7,139,64.690,125.800,9.501,18.500,294.432,196.300,ROP_MAX_SAFETY_STOCK,Regular consumption of 23.5 per month over 24 months with a 139-day lead time gives a reorder point of 125.8 against the current 64.69.,REJECTED,2026-08-08
REC-000529,000000000010000356,2000,Ball Mill Gearbox Assembly 250MM SKF,CRITICAL,REGULAR,11,63,66.468,53.300,18.502,14.800,151.263,109.000,ROP_MAX_SAFETY_STOCK,"Stock on hand 47 is below the current reorder point 66.468. At the CRITICAL service level of 98% and a 63-day lead time, the reorder point should be 53.3.",APPROVED,2026-06-21
REC-000530,000000000010000357,4000,Flow Meter Sensor Head TYPE B SEW,IMPACT,INTERMITTENT,4,26,5.736,5.500,3.971,3.800,9.364,11.400,ROP_MAX_SAFETY_STOCK,"Stock on hand 4 is below the current reorder point 5.736. At the IMPACT service level of 95% and a 26-day lead time, the reorder point should be 5.5.",APPROVED,2026-07-12
REC-000531,000000000010000358,4000,Thickener Rake Drive Gearbox 55KW SEW,NORMAL,INTERMITTENT,6,41,3.941,4.100,2.008,2.100,8.396,8.600,ROP_MAX_SAFETY_STOCK,Intermittent consumption of 1.5 per month over 24 months with a 41-day lead time gives a reorder point of 4.1 against the current 3.941.,PROPOSED,2026-05-23
REC-000532,000000000010000359,2000,Ball Mill Shell Liner Plate 55KW KSB,CRITICAL,INTERMITTENT,7,236,10.099,8.000,3.510,2.800,14.922,10.000,ROP_MAX_SAFETY_STOCK,Intermittent consumption of 0.7 per month over 24 months with a 236-day lead time gives a reorder point of 8 against the current 10.099.,PROPOSED,2026-05-29
REC-000533,000000000010000360,2000,MCC Feeder Circuit Breaker 150MM SANDVIK,NORMAL,REGULAR,10,46,95.554,59.000,15.490,9.600,232.603,157.100,ROP_MAX_SAFETY_STOCK,"Stock on hand 91 is below the current reorder point 95.554. At the NORMAL service level of 85% and a 46-day lead time, the reorder point should be 59.",REJECTED,2026-07-18
REC-000534,000000000010000360,1000,MCC Feeder Circuit Breaker 150MM SANDVIK,NORMAL,REGULAR,12,46,46.967,48.100,6.319,6.500,190.905,130.600,ROP_MAX_SAFETY_STOCK,Regular consumption of 27.5 per month over 24 months with a 46-day lead time gives a reorder point of 48.1 against the current 46.967.,PROPOSED,2026-05-11
REC-000535,000000000010000361,1000,Ball Mill Trunnion Bearing HD WEIR,INSURANCE,REGULAR,12,133,122.026,98.900,15.520,12.600,122.026,158.200,ROP_MAX_SAFETY_STOCK,Stock on hand 144 exceeds the current maximum 122.026. Consumption of 19.8 per month supports a maximum of 158.2.,PROPOSED,2026-05-13
REC-000536,000000000030000074,4000,PLC Digital Output Card HD FLSM,CRITICAL,ON_DEMAND,0,87,0.000,4.800,0.000,3.100,0.000,6.500,OAR_TO_MIN_MAX,This OAR material is classified CRITICAL on the critical parts list. Recommend Min-Max management with a reorder point of 4.8 and a maximum of 6.5.,PROPOSED,2026-07-20
REC-000537,000000000030000074,2000,PLC Digital Output Card HD FLSM,CRITICAL,ON_DEMAND,2,87,0.000,13.800,0.000,9.300,0.000,18.600,OAR_TO_MIN_MAX,This OAR material is classified CRITICAL on the critical parts list. Recommend Min-Max management with a reorder point of 13.8 and a maximum of 18.6.,APPROVED,2026-07-08
REC-000538,000000000010000362,4000,Ball Mill Shell Liner Plate 150MM KSB,IMPACT,REGULAR,12,31,53.540,36.300,16.202,11.000,172.370,110.900,ROP_MAX_SAFETY_STOCK,Regular consumption of 24.9 per month over 24 months with a 31-day lead time gives a reorder point of 36.3 against the current 53.54.,PROPOSED,2026-05-23
REC-000539,000000000010000363,3000,Slurry Density Transmitter 250KW WEIR,CRITICAL,REGULAR,12,60,75.854,86.400,18.717,21.300,263.077,185.500,ROP_MAX_SAFETY_STOCK,Regular consumption of 33.0 per month over 24 months with a 60-day lead time gives a reorder point of 86.4 against the current 75.854.,REJECTED,2026-06-23
REC-000540,000000000010000364,1000,Flow Meter Sensor Head 6/4 SANDVIK,IMPACT,SLOW,2,35,0.576,0.900,0.448,0.700,2.027,1.400,ROP_MAX_SAFETY_STOCK,"Stock on hand 0 is below the current reorder point 0.576. At the IMPACT service level of 95% and a 35-day lead time, the reorder point should be 0.9.",APPROVED,2026-06-27
REC-000541,000000000010000366,1000,Slurry Density Transmitter DN100 FLSM,NORMAL,INTERMITTENT,5,22,2.189,3.000,1.264,1.700,12.208,8.200,ROP_MAX_SAFETY_STOCK,Intermittent consumption of 1.8 per month over 24 months with a 22-day lead time gives a reorder point of 3 against the current 2.189.,REJECTED,2026-05-23
REC-000542,000000000010000367,4000,Soft Starter Power Module 250KW WEIR,CRITICAL,INTERMITTENT,0,149,7.889,18.300,4.447,10.300,18.823,23.200,ROP_MAX_SAFETY_STOCK,"Stock on hand 0 is below the current reorder point 7.889. At the CRITICAL service level of 98% and a 149-day lead time, the reorder point should be 18.3.",PROPOSED,2026-06-22
REC-000543,000000000010000367,1000,Soft Starter Power Module 250KW WEIR,CRITICAL,INTERMITTENT,0,149,2.630,5.700,1.507,3.300,5.504,7.200,ROP_MAX_SAFETY_STOCK,"Stock on hand 0 is below the current reorder point 2.63. At the CRITICAL service level of 98% and a 149-day lead time, the reorder point should be 5.7.",APPROVED,2026-07-28
REC-000544,000000000010000368,2000,Mill Lube Pump Motor 10/8 WEIR,IMPACT,SLOW,1,25,0.739,1.700,0.563,1.300,3.776,3.200,ROP_MAX_SAFETY_STOCK,Slow consumption of 0.5 per month over 24 months with a 25-day lead time gives a reorder point of 1.7 against the current 0.739.,HELD,2026-08-26
REC-000545,000000000080000080,4000,Soft Starter Power Module 6/4 KSB,IMPACT,INTERMITTENT,5,35,1.198,1.400,0.865,1.000,3.573,2.400,ROP_MAX_SAFETY_STOCK,"Stock on hand 1 is below the current reorder point 1.198. At the IMPACT service level of 95% and a 35-day lead time, the reorder point should be 1.4.",APPROVED,2026-05-31
REC-000546,000000000010000369,1000,Hydraulic Power Pack DN150 KSB,INSURANCE,REGULAR,9,137,72.942,160.300,8.236,18.100,309.590,255.100,ROP_MAX_SAFETY_STOCK,"Stock on hand 51 is below the current reorder point 72.942. At the INSURANCE service level of 90% and a 137-day lead time, the reorder point should be 160.3.",HELD,2026-06-15
REC-000547,000000000010000369,4000,Hydraulic Power Pack DN150 KSB,INSURANCE,REGULAR,9,137,47.908,54.000,5.644,6.400,87.288,85.800,ROP_MAX_SAFETY_STOCK,Regular consumption of 10.6 per month over 24 months with a 137-day lead time gives a reorder point of 54 against the current 47.908.,PROPOSED,2026-05-20
REC-000548,000000000010000370,3000,Spherical Roller Bearing 250MM MULTOTEC,CRITICAL,REGULAR,12,76,151.712,91.300,34.401,20.700,316.320,176.200,ROP_MAX_SAFETY_STOCK,Regular consumption of 28.3 per month over 24 months with a 76-day lead time gives a reorder point of 91.3 against the current 151.712.,REJECTED,2026-07-16
REC-000549,000000000080000081,4000,Pressure Transmitter Assembly 110KW SKF,IMPACT,INTERMITTENT,4,11,1.192,2.900,0.947,2.300,7.072,7.900,ROP_MAX_SAFETY_STOCK,Intermittent consumption of 1.7 per month over 24 months with a 11-day lead time gives a reorder point of 2.9 against the current 1.192.,HELD,2026-05-28
REC-000550,000000000080000081,3000,Pressure Transmitter Assembly 110KW SKF,IMPACT,INTERMITTENT,3,11,1.375,1.800,1.149,1.500,3.406,4.200,ROP_MAX_SAFETY_STOCK,"Stock on hand 0 is below the current reorder point 1.375. At the IMPACT service level of 95% and a 11-day lead time, the reorder point should be 1.8.",HELD,2026-05-26
REC-000551,000000000030000076,2000,Belt Scraper Blade Cartridge 8/6 ABB,CRITICAL,ON_DEMAND,2,45,0.000,6.100,0.000,4.700,0.000,9.000,OAR_TO_MIN_MAX,This OAR material is classified CRITICAL on the critical parts list. Recommend Min-Max management with a reorder point of 6.1 and a maximum of 9.,PROPOSED,2026-05-23
REC-000552,000000000010000372,2000,Conveyor Drive Gearbox HD MULTOTEC,INSURANCE,INTERMITTENT,4,101,12.796,8.300,6.839,4.400,18.077,11.800,ROP_MAX_SAFETY_STOCK,"Stock on hand 11 is below the current reorder point 12.796. At the INSURANCE service level of 90% and a 101-day lead time, the reorder point should be 8.3.",PROPOSED,2026-08-10
REC-000553,000000000080000082,4000,Pump Impeller 250KW FLSM,NORMAL,INTERMITTENT,2,38,3.046,1.800,1.872,1.100,3.703,3.400,ROP_MAX_SAFETY_STOCK,"Stock on hand 3 is below the current reorder point 3.046. At the NORMAL service level of 85% and a 38-day lead time, the reorder point should be 1.8.",APPROVED,2026-08-12
REC-000554,000000000010000373,4000,Valve Assembly 8/6 MULTOTEC,NORMAL,INTERMITTENT,4,26,2.031,2.700,1.191,1.600,11.749,6.700,ROP_MAX_SAFETY_STOCK,Stock on hand 12 exceeds the current maximum 11.749. Consumption of 1.3 per month supports a maximum of 6.7.,PROPOSED,2026-05-31
REC-000555,000000000010000374,4000,Hydraulic Pump Assembly 6/4 SANDVIK,NORMAL,INTERMITTENT,4,9,2.312,1.900,1.583,1.300,11.377,8.200,ROP_MAX_SAFETY_STOCK,Intermittent consumption of 2.1 per month over 24 months with a 9-day lead time gives a reorder point of 1.9 against the current 2.312.,PROPOSED,2026-06-19
REC-000556,000000000010000374,2000,Hydraulic Pump Assembly 6/4 SANDVIK,NORMAL,INTERMITTENT,5,9,0.957,0.700,0.706,0.500,2.493,2.600,ROP_MAX_SAFETY_STOCK,Intermittent consumption of 0.6 per month over 24 months with a 9-day lead time gives a reorder point of 0.7 against the current 0.957.,REJECTED,2026-07-28
REC-000557,000000000080000083,1000,Conveyor Drive Motor TYPE A FLSM,IMPACT,INTERMITTENT,4,56,8.810,9.000,5.270,5.400,13.421,14.900,ROP_MAX_SAFETY_STOCK,Intermittent consumption of 2.0 per month over 24 months with a 56-day lead time gives a reorder point of 9 against the current 8.81.,PROPOSED,2026-08-07
REC-000558,000000000080000083,3000,Conveyor Drive Motor TYPE A FLSM,IMPACT,INTERMITTENT,4,56,4.598,3.400,3.122,2.300,4.598,5.200,ROP_MAX_SAFETY_STOCK,Stock on hand 5 exceeds the current maximum 4.598. Consumption of 0.6 per month supports a maximum of 5.2.,HELD,2026-06-17
REC-000559,000000000010000375,4000,Conveyor Drive Motor 10/8 METSO,NORMAL,SLOW,0,48,0.456,0.600,0.315,0.400,1.627,1.000,ROP_MAX_SAFETY_STOCK,Slow consumption of 0.1 per month over 24 months with a 48-day lead time gives a reorder point of 0.6 against the current 0.456.,REJECTED,2026-07-02
REC-000560,000000000080000084,4000,Conveyor Idler Roller Set 200MM WEIR,IMPACT,INTERMITTENT,4,56,13.798,9.300,8.317,5.600,15.606,15.300,ROP_MAX_SAFETY_STOCK,Intermittent consumption of 2.0 per month over 24 months with a 56-day lead time gives a reorder point of 9.3 against the current 13.798.,APPROVED,2026-07-15
REC-000561,000000000010000376,2000,Pump Impeller 10/8 ABB,CRITICAL,INTERMITTENT,5,227,8.208,11.100,4.087,5.500,9.624,13.300,ROP_MAX_SAFETY_STOCK,"Stock on hand 6 is below the current reorder point 8.208. At the CRITICAL service level of 98% and a 227-day lead time, the reorder point should be 11.1.",HELD,2026-06-27
REC-000562,000000000010000378,2000,Crusher Main Shaft Bearing DN150 ABB,INSURANCE,SLOW,1,68,0.940,1.300,0.593,0.800,2.370,1.900,ROP_MAX_SAFETY_STOCK,Slow consumption of 0.2 per month over 24 months with a 68-day lead time gives a reorder point of 1.3 against the current 0.94.,APPROVED,2026-06-28
REC-000563,000000000090000017,4000,Screen Exciter Bearing DN150 SEW,OBSOLETE,NO_DEMAND,0,47,0.000,,0.000,,1.000,,NO_SAFETY_STOCK,Obsolete material: no safety stock recommended. Candidate for stock reduction review.,APPROVED,2026-07-27
REC-000564,000000000080000085,3000,Gland Packing Seal Ring 250KW FLSM,IMPACT,INTERMITTENT,4,38,8.674,5.100,6.339,3.700,8.674,8.300,ROP_MAX_SAFETY_STOCK,Stock on hand 12 exceeds the current maximum 8.674. Consumption of 1.1 per month supports a maximum of 8.3.,PROPOSED,2026-08-14
REC-000565,000000000080000086,1000,Skirt Rubber Liner Section 150MM WEIR,NORMAL,INTERMITTENT,3,18,1.302,1.800,0.872,1.200,6.904,4.800,ROP_MAX_SAFETY_STOCK,"Stock on hand 1 is below the current reorder point 1.302. At the NORMAL service level of 85% and a 18-day lead time, the reorder point should be 1.8.",APPROVED,2026-05-13
REC-000566,000000000010000379,3000,Flotation Cell Impeller TYPE A METSO,NORMAL,SLOW,0,10,0.086,0.100,0.077,0.100,0.335,0.200,ROP_MAX_SAFETY_STOCK,Stock on hand 1 exceeds the current maximum 0.335. Consumption of 0.0 per month supports a maximum of 0.2.,PROPOSED,2026-06-02
REC-000567,000000000010000379,4000,Flotation Cell Impeller TYPE A METSO,NORMAL,SLOW,2,10,0.304,0.300,0.245,0.200,1.042,0.800,ROP_MAX_SAFETY_STOCK,Slow consumption of 0.2 per month over 24 months with a 10-day lead time gives a reorder point of 0.3 against the current 0.304.,APPROVED,2026-07-13
REC-000568,000000000080000087,3000,Flotation Blower Motor 8/6 METSO,CRITICAL,INTERMITTENT,5,104,11.404,10.600,7.420,6.900,24.490,13.800,ROP_MAX_SAFETY_STOCK,Intermittent consumption of 1.1 per month over 24 months with a 104-day lead time gives a reorder point of 10.6 against the current 11.404.,APPROVED,2026-05-21
REC-000569,000000000010000380,2000,Conveyor Pulley Bearing TYPE B SEW,CRITICAL,INTERMITTENT,8,213,18.605,12.600,8.229,5.600,24.067,15.600,ROP_MAX_SAFETY_STOCK,"Stock on hand 16 is below the current reorder point 18.605. At the CRITICAL service level of 98% and a 213-day lead time, the reorder point should be 12.6.",HELD,2026-06-11
REC-000570,000000000010000380,4000,Conveyor Pulley Bearing TYPE B SEW,CRITICAL,INTERMITTENT,8,213,23.190,14.100,8.825,5.400,23.190,17.900,ROP_MAX_SAFETY_STOCK,Stock on hand 28 exceeds the current maximum 23.19. Consumption of 1.2 per month supports a maximum of 17.9.,REJECTED,2026-07-01
REC-000571,000000000010000381,1000,Conveyor Idler Roller Set DN150 KSB,NORMAL,REGULAR,11,35,59.137,33.600,12.705,7.200,120.299,102.600,ROP_MAX_SAFETY_STOCK,"Stock on hand 24 is below the current reorder point 59.137. At the NORMAL service level of 85% and a 35-day lead time, the reorder point should be 33.6.",APPROVED,2026-08-17
REC-000572,000000000010000382,2000,Ball Mill Shell Liner Plate 150MM,CRITICAL,INTERMITTENT,0,58,6.005,8.300,3.822,5.300,13.943,13.100,ROP_MAX_SAFETY_STOCK,"Stock on hand 0 is below the current reorder point 6.005. At the CRITICAL service level of 98% and a 58-day lead time, the reorder point should be 8.3.",REJECTED,2026-05-18
REC-000573,000000000010000383,3000,PLC Digital Output Card DN100 KSB,IMPACT,REGULAR,12,20,47.326,33.100,12.165,8.500,206.747,145.300,ROP_MAX_SAFETY_STOCK,Regular consumption of 37.4 per month over 24 months with a 20-day lead time gives a reorder point of 33.1 against the current 47.326.,APPROVED,2026-07-31
REC-000574,000000000010000384,1000,Flotation Cell Impeller DN150 MULTOTEC,NORMAL,INTERMITTENT,3,45,5.875,4.400,3.423,2.600,11.469,8.200,ROP_MAX_SAFETY_STOCK,Intermittent consumption of 1.2 per month over 24 months with a 45-day lead time gives a reorder point of 4.4 against the current 5.875.,APPROVED,2026-07-21
REC-000575,000000000030000080,4000,Ventilation Fan Motor 8/6 MULTOTEC,IMPACT,ON_DEMAND,2,23,0.000,4.300,0.000,3.100,0.000,9.200,OAR_TO_MIN_MAX,This OAR material is classified IMPACT on the critical parts list. Recommend Min-Max management with a reorder point of 4.3 and a maximum of 9.2.,APPROVED,2026-06-22
REC-000576,000000000030000080,3000,Ventilation Fan Motor 8/6 MULTOTEC,IMPACT,ON_DEMAND,1,23,0.000,3.000,0.000,1.900,0.000,7.200,OAR_TO_MIN_MAX,This OAR material is classified IMPACT on the critical parts list. Recommend Min-Max management with a reorder point of 3 and a maximum of 7.2.,HELD,2026-06-04
REC-000577,000000000010000385,2000,Hydraulic Power Pack 200MM KSB,NORMAL,REGULAR,12,41,79.437,59.000,14.433,10.700,287.887,166.500,ROP_MAX_SAFETY_STOCK,Regular consumption of 35.8 per month over 24 months with a 41-day lead time gives a reorder point of 59 against the current 79.437.,APPROVED,2026-06-13
REC-000578,000000000010000385,3000,Hydraulic Power Pack 200MM KSB,NORMAL,REGULAR,12,41,17.346,35.400,3.490,7.100,77.906,98.500,ROP_MAX_SAFETY_STOCK,Regular consumption of 21.0 per month over 24 months with a 41-day lead time gives a reorder point of 35.4 against the current 17.346.,HELD,2026-07-13
REC-000579,000000000080000088,1000,Level Radar Transmitter DN100 WEIR,IMPACT,INTERMITTENT,3,27,2.227,1.800,1.704,1.400,2.421,3.300,ROP_MAX_SAFETY_STOCK,Stock on hand 3 exceeds the current maximum 2.421. Consumption of 0.5 per month supports a maximum of 3.3.,APPROVED,2026-05-24
REC-000580,000000000010000386,4000,Pressure Transmitter Assembly DN100 WEIR,CRITICAL,INTERMITTENT,7,170,29.631,16.500,13.320,7.400,30.819,21.400,ROP_MAX_SAFETY_STOCK,Stock on hand 53 exceeds the current maximum 30.819. Consumption of 1.6 per month supports a maximum of 21.4.,APPROVED,2026-08-03
REC-000581,000000000080000089,1000,Belt Scraper Blade Cartridge 200MM ABB,CRITICAL,INTERMITTENT,3,73,6.391,4.700,4.363,3.200,9.228,6.600,ROP_MAX_SAFETY_STOCK,"Stock on hand 3 is below the current reorder point 6.391. At the CRITICAL service level of 98% and a 73-day lead time, the reorder point should be 4.7.",PROPOSED,2026-08-07
REC-000582,000000000090000018,2000,Ball Mill Shell Liner Plate 55KW WEIR,OBSOLETE,NO_DEMAND,0,28,0.000,,0.000,,1.000,,NO_SAFETY_STOCK,Obsolete material: no safety stock recommended. Candidate for stock reduction review.,PROPOSED,2026-06-16
REC-000583,000000000010000388,4000,Skirt Rubber Liner Section 8/6 SIEMENS,NORMAL,SLOW,3,41,1.327,0.800,0.812,0.500,1.327,1.600,ROP_MAX_SAFETY_STOCK,"Stock on hand 1 is below the current reorder point 1.327. At the NORMAL service level of 85% and a 41-day lead time, the reorder point should be 0.8.",APPROVED,2026-08-17
REC-000584,000000000080000090,3000,PLC Digital Output Card DN150 SEW,IMPACT,INTERMITTENT,3,20,1.206,2.000,0.920,1.500,5.589,4.100,ROP_MAX_SAFETY_STOCK,"Stock on hand 0 is below the current reorder point 1.206. At the IMPACT service level of 95% and a 20-day lead time, the reorder point should be 2.",HELD,2026-08-08
REC-000585,000000000010000389,1000,Conveyor Take-Up Pulley 110KW WEIR,CRITICAL,INTERMITTENT,0,147,11.921,20.700,7.153,12.400,34.488,25.800,ROP_MAX_SAFETY_STOCK,"Stock on hand 0 is below the current reorder point 11.921. At the CRITICAL service level of 98% and a 147-day lead time, the reorder point should be 20.7.",REJECTED,2026-06-15
REC-000586,000000000010000390,3000,Ventilation Fan Motor 250MM SIEMENS,IMPACT,SLOW,1,52,1.110,1.100,0.824,0.800,1.295,1.600,ROP_MAX_SAFETY_STOCK,Stock on hand 2 exceeds the current maximum 1.295. Consumption of 0.2 per month supports a maximum of 1.6.,PROPOSED,2026-07-10
REC-000587,000000000030000084,4000,Conveyor Idler Roller Set 10/8 WEIR,IMPACT,ON_DEMAND,2,42,0.000,5.100,0.000,3.300,0.000,9.100,OAR_TO_MIN_MAX,This OAR material is classified IMPACT on the critical parts list. Recommend Min-Max management with a reorder point of 5.1 and a maximum of 9.1.,APPROVED,2026-08-06
REC-000588,000000000030000084,3000,Conveyor Idler Roller Set 10/8 WEIR,IMPACT,ON_DEMAND,0,42,0.000,9.200,0.000,5.500,0.000,17.200,OAR_TO_MIN_MAX,This OAR material is classified IMPACT on the critical parts list. Recommend Min-Max management with a reorder point of 9.2 and a maximum of 17.2.,APPROVED,2026-06-01
REC-000589,000000000010000391,4000,Conveyor Pulley Bearing 10/8 MULTOTEC,INSURANCE,INTERMITTENT,5,78,6.366,4.100,3.234,2.100,8.739,6.500,ROP_MAX_SAFETY_STOCK,"Stock on hand 6 is below the current reorder point 6.366. At the INSURANCE service level of 90% and a 78-day lead time, the reorder point should be 4.1.",APPROVED,2026-08-17
REC-000590,000000000030000085,3000,Gearbox Bearing 6/4 MULTOTEC,CRITICAL,ON_DEMAND,0,55,0.000,7.300,0.000,4.900,0.000,11.300,OAR_TO_MIN_MAX,This OAR material is classified CRITICAL on the critical parts list. Recommend Min-Max management with a reorder point of 7.3 and a maximum of 11.3.,PROPOSED,2026-08-05
REC-000591,000000000010000392,2000,Belt Scraper Blade Cartridge 110KW WEIR,INSURANCE,INTERMITTENT,6,122,25.749,15.800,9.403,5.800,26.739,23.300,ROP_MAX_SAFETY_STOCK,"Stock on hand 17 is below the current reorder point 25.749. At the INSURANCE service level of 90% and a 122-day lead time, the reorder point should be 15.8.",HELD,2026-05-26
REC-000592,000000000010000393,2000,Ventilation Fan Motor 10/8 SEW,CRITICAL,INTERMITTENT,8,64,5.856,6.300,3.519,3.800,14.752,9.900,ROP_MAX_SAFETY_STOCK,"Stock on hand 3 is below the current reorder point 5.856. At the CRITICAL service level of 98% and a 64-day lead time, the reorder point should be 6.3.",APPROVED,2026-05-17
REC-000593,000000000010000394,4000,Soft Starter Power Module 8/6 WEIR,NORMAL,REGULAR,9,55,24.665,22.400,3.614,3.300,38.445,54.100,ROP_MAX_SAFETY_STOCK,"Stock on hand 0 is below the current reorder point 24.665. At the NORMAL service level of 85% and a 55-day lead time, the reorder point should be 22.4.",APPROVED,2026-06-21
REC-000594,000000000010000395,2000,Slurry Pump Mechanical Seal HD,IMPACT,SLOW,6,14,1.349,1.200,1.094,1.000,4.268,2.700,ROP_MAX_SAFETY_STOCK,Slow consumption of 0.5 per month over 24 months with a 14-day lead time gives a reorder point of 1.2 against the current 1.349.,REJECTED,2026-08-27
REC-000595,000000000010000396,3000,Cyclone Apex Liner TYPE A MULTOTEC,INSURANCE,SLOW,2,136,6.377,4.100,3.488,2.200,6.377,5.300,ROP_MAX_SAFETY_STOCK,Stock on hand 8 exceeds the current maximum 6.377. Consumption of 0.4 per month supports a maximum of 5.3.,PROPOSED,2026-05-31
REC-000596,000000000090000019,2000,Conveyor Pulley Bearing 110KW MULTOTEC,OBSOLETE,NO_DEMAND,0,14,0.000,,0.000,,1.000,,NO_SAFETY_STOCK,Obsolete material: no safety stock recommended. Candidate for stock reduction review.,PROPOSED,2026-05-19
REC-000597,000000000010000397,4000,Cyclone Apex Liner 150MM WEIR,IMPACT,INTERMITTENT,4,15,2.567,4.300,1.958,3.300,18.245,10.600,ROP_MAX_SAFETY_STOCK,Intermittent consumption of 2.1 per month over 24 months with a 15-day lead time gives a reorder point of 4.3 against the current 2.567.,PROPOSED,2026-08-26
REC-000598,000000000010000398,3000,Vertical Sump Pump Column 6/4 KSB,CRITICAL,INTERMITTENT,0,117,7.933,5.200,4.768,3.100,11.824,6.800,ROP_MAX_SAFETY_STOCK,"Stock on hand 0 is below the current reorder point 7.933. At the CRITICAL service level of 98% and a 117-day lead time, the reorder point should be 5.2.",PROPOSED,2026-08-22
REC-000599,000000000010000398,4000,Vertical Sump Pump Column 6/4 KSB,CRITICAL,INTERMITTENT,0,117,29.758,18.000,17.830,10.800,40.466,23.600,ROP_MAX_SAFETY_STOCK,"Stock on hand 0 is below the current reorder point 29.758. At the CRITICAL service level of 98% and a 117-day lead time, the reorder point should be 18.",APPROVED,2026-06-10
REC-000600,000000000010000399,2000,Pressure Transmitter Assembly 250KW,CRITICAL,INTERMITTENT,4,45,9.307,5.300,6.383,3.600,9.307,8.700,ROP_MAX_SAFETY_STOCK,Stock on hand 14 exceeds the current maximum 9.307. Consumption of 1.1 per month supports a maximum of 8.7.,APPROVED,2026-06-08
REC-000601,000000000010000399,4000,Pressure Transmitter Assembly 250KW,CRITICAL,INTERMITTENT,5,45,5.031,5.700,3.550,4.000,13.061,9.100,ROP_MAX_SAFETY_STOCK,Intermittent consumption of 1.1 per month over 24 months with a 45-day lead time gives a reorder point of 5.7 against the current 5.031.,PROPOSED,2026-08-06
REC-000602,000000000010000400,2000,Slurry Pump Mechanical Seal 6/4 SKF,CRITICAL,INTERMITTENT,5,125,6.324,4.000,3.349,2.100,6.324,5.400,ROP_MAX_SAFETY_STOCK,"Stock on hand 4 is below the current reorder point 6.324. At the CRITICAL service level of 98% and a 125-day lead time, the reorder point should be 4.",PROPOSED,2026-07-26
REC-000603,000000000010000400,3000,Slurry Pump Mechanical Seal 6/4 SKF,CRITICAL,INTERMITTENT,8,125,5.796,4.700,2.580,2.100,5.796,6.600,ROP_MAX_SAFETY_STOCK,Stock on hand 7 exceeds the current maximum 5.796. Consumption of 0.6 per month supports a maximum of 6.6.,PROPOSED,2026-08-08
REC-000604,000000000080000091,4000,Ventilation Fan Motor HD MULTOTEC,IMPACT,INTERMITTENT,6,57,4.565,5.800,2.744,3.500,17.116,9.600,ROP_MAX_SAFETY_STOCK,Intermittent consumption of 1.2 per month over 24 months with a 57-day lead time gives a reorder point of 5.8 against the current 4.565.,PROPOSED,2026-07-26
REC-000605,000000000010000401,3000,Flotation Blower Motor 10/8 SANDVIK,NORMAL,SLOW,2,10,0.548,0.600,0.441,0.500,1.532,1.600,ROP_MAX_SAFETY_STOCK,"Stock on hand 0 is below the current reorder point 0.548. At the NORMAL service level of 85% and a 10-day lead time, the reorder point should be 0.6.",PROPOSED,2026-06-16
REC-000606,000000000010000402,2000,Ball Mill Trunnion Bearing 250MM METSO,INSURANCE,INTERMITTENT,1,85,2.747,1.900,1.879,1.300,2.747,2.500,ROP_MAX_SAFETY_STOCK,Stock on hand 4 exceeds the current maximum 2.747. Consumption of 0.2 per month supports a maximum of 2.5.,APPROVED,2026-08-16
REC-000607,000000000010000402,4000,Ball Mill Trunnion Bearing 250MM METSO,INSURANCE,INTERMITTENT,6,85,16.584,11.700,8.630,6.100,26.753,17.700,ROP_MAX_SAFETY_STOCK,"Stock on hand 11 is below the current reorder point 16.584. At the INSURANCE service level of 90% and a 85-day lead time, the reorder point should be 11.7.",APPROVED,2026-08-16
REC-000608,000000000010000403,4000,Pump Impeller 200MM SIEMENS,INSURANCE,REGULAR,10,105,119.968,162.400,11.873,16.100,403.176,289.600,ROP_MAX_SAFETY_STOCK,"Stock on hand 0 is below the current reorder point 119.968. At the INSURANCE service level of 90% and a 105-day lead time, the reorder point should be 162.4.",HELD,2026-06-25
REC-000609,000000000010000403,1000,Pump Impeller 200MM SIEMENS,INSURANCE,REGULAR,12,105,73.347,50.100,11.887,8.100,148.149,86.600,ROP_MAX_SAFETY_STOCK,"Stock on hand 27 is below the current reorder point 73.347. At the INSURANCE service level of 90% and a 105-day lead time, the reorder point should be 50.1.",REJECTED,2026-06-22
REC-000610,000000000030000086,2000,MCC Feeder Circuit Breaker HD SIEMENS,IMPACT,ON_DEMAND,1,37,0.000,2.400,0.000,1.500,0.000,4.500,OAR_TO_MIN_MAX,This OAR material is classified IMPACT on the critical parts list. Recommend Min-Max management with a reorder point of 2.4 and a maximum of 4.5.,APPROVED,2026-09-01
REC-000611,000000000010000404,2000,Conveyor Idler Roller Set 250KW FLSM,NORMAL,INTERMITTENT,3,57,7.213,6.200,3.843,3.300,10.502,10.800,ROP_MAX_SAFETY_STOCK,Intermittent consumption of 1.5 per month over 24 months with a 57-day lead time gives a reorder point of 6.2 against the current 7.213.,PROPOSED,2026-08-21
REC-000612,000000000010000404,4000,Conveyor Idler Roller Set 250KW FLSM,NORMAL,INTERMITTENT,5,57,1.830,3.200,0.970,1.700,9.540,5.600,ROP_MAX_SAFETY_STOCK,Intermittent consumption of 0.8 per month over 24 months with a 57-day lead time gives a reorder point of 3.2 against the current 1.83.,REJECTED,2026-08-19
REC-000613,000000000010000405,1000,Hydraulic Pump Assembly TYPE A METSO,NORMAL,REGULAR,12,45,83.568,48.000,13.587,7.800,105.602,129.500,ROP_MAX_SAFETY_STOCK,Regular consumption of 27.2 per month over 24 months with a 45-day lead time gives a reorder point of 48 against the current 83.568.,REJECTED,2026-08-20
REC-000614,000000000010000406,2000,Skirt Rubber Liner Section DN100 ABB,INSURANCE,SLOW,4,76,1.594,1.300,0.984,0.800,2.986,1.900,ROP_MAX_SAFETY_STOCK,Slow consumption of 0.2 per month over 24 months with a 76-day lead time gives a reorder point of 1.3 against the current 1.594.,APPROVED,2026-06-22
REC-000615,000000000080000092,3000,Ventilation Fan Motor 10/8 MULTOTEC,IMPACT,INTERMITTENT,4,30,2.084,2.300,1.440,1.600,4.202,4.400,ROP_MAX_SAFETY_STOCK,Intermittent consumption of 0.7 per month over 24 months with a 30-day lead time gives a reorder point of 2.3 against the current 2.084.,PROPOSED,2026-05-31
REC-000616,000000000010000407,2000,Pressure Transmitter Assembly 10/8,IMPACT,REGULAR,11,37,44.435,28.100,11.881,7.500,62.012,78.800,ROP_MAX_SAFETY_STOCK,"Stock on hand 38 is below the current reorder point 44.435. At the IMPACT service level of 95% and a 37-day lead time, the reorder point should be 28.1.",PROPOSED,2026-07-17
REC-000617,000000000010000408,2000,Soft Starter Power Module 6/4 SKF,INSURANCE,INTERMITTENT,5,148,7.106,6.600,3.227,3.000,12.365,8.800,ROP_MAX_SAFETY_STOCK,"Stock on hand 4 is below the current reorder point 7.106. At the INSURANCE service level of 90% and a 148-day lead time, the reorder point should be 6.6.",APPROVED,2026-07-24
REC-000618,000000000010000408,4000,Soft Starter Power Module 6/4 SKF,INSURANCE,INTERMITTENT,5,148,11.666,6.700,5.404,3.100,15.369,8.900,ROP_MAX_SAFETY_STOCK,Intermittent consumption of 0.8 per month over 24 months with a 148-day lead time gives a reorder point of 6.7 against the current 11.666.,APPROVED,2026-05-29
REC-000619,000000000090000020,1000,Thickener Rake Drive Gearbox TYPE A SEW,OBSOLETE,NO_DEMAND,0,57,0.000,,0.000,,1.000,,NO_SAFETY_STOCK,Obsolete material: no safety stock recommended. Candidate for stock reduction review.,REJECTED,2026-08-05
REC-000620,000000000010000409,1000,Hydraulic Power Pack 150MM MULTOTEC,IMPACT,INTERMITTENT,3,60,4.548,9.200,2.639,5.300,25.557,15.100,ROP_MAX_SAFETY_STOCK,Intermittent consumption of 2.0 per month over 24 months with a 60-day lead time gives a reorder point of 9.2 against the current 4.548.,HELD,2026-07-07
REC-000621,000000000010000409,4000,Hydraulic Power Pack 150MM MULTOTEC,IMPACT,INTERMITTENT,7,60,13.165,7.900,6.882,4.100,19.287,13.700,ROP_MAX_SAFETY_STOCK,"Stock on hand 10 is below the current reorder point 13.165. At the IMPACT service level of 95% and a 60-day lead time, the reorder point should be 7.9.",APPROVED,2026-06-22
REC-000622,000000000090000021,2000,Soft Starter Power Module TYPE B FLSM,OBSOLETE,NO_DEMAND,0,53,0.000,,0.000,,1.000,,NO_SAFETY_STOCK,Obsolete material: no safety stock recommended. Candidate for stock reduction review.,PROPOSED,2026-05-22
REC-000623,000000000080000093,4000,Thickener Rake Drive Gearbox DN150,CRITICAL,INTERMITTENT,1,123,32.460,20.200,19.730,12.300,32.460,26.100,ROP_MAX_SAFETY_STOCK,Stock on hand 42 exceeds the current maximum 32.46. Consumption of 2.0 per month supports a maximum of 26.1.,HELD,2026-07-27
REC-000624,000000000080000094,2000,Crusher Main Shaft Bearing DN100 SKF,CRITICAL,INTERMITTENT,6,142,15.099,10.600,8.972,6.300,15.099,13.300,ROP_MAX_SAFETY_STOCK,"Stock on hand 12 is below the current reorder point 15.099. At the CRITICAL service level of 98% and a 142-day lead time, the reorder point should be 10.6.",PROPOSED,2026-06-10
REC-000625,000000000080000095,4000,Pressure Transmitter Assembly 6/4 METSO,IMPACT,INTERMITTENT,3,59,6.317,9.000,3.818,5.400,23.293,14.500,ROP_MAX_SAFETY_STOCK,"Stock on hand 5 is below the current reorder point 6.317. At the IMPACT service level of 95% and a 59-day lead time, the reorder point should be 9.",APPROVED,2026-06-15
REC-000626,000000000080000095,1000,Pressure Transmitter Assembly 6/4 METSO,IMPACT,INTERMITTENT,5,59,13.873,9.700,9.040,6.300,16.002,14.900,ROP_MAX_SAFETY_STOCK,Stock on hand 17 exceeds the current maximum 16.002. Consumption of 1.8 per month supports a maximum of 14.9.,APPROVED,2026-07-23
REC-000627,000000000010000411,1000,Mill Liner 55KW WEIR,NORMAL,REGULAR,12,52,30.436,22.900,5.158,3.900,55.212,56.300,ROP_MAX_SAFETY_STOCK,"Stock on hand 15 is below the current reorder point 30.436. At the NORMAL service level of 85% and a 52-day lead time, the reorder point should be 22.9.",REJECTED,2026-05-24
REC-000628,000000000010000412,1000,MCC Feeder Circuit Breaker HD WEIR,NORMAL,REGULAR,12,25,27.110,19.300,6.055,4.300,125.938,74.200,ROP_MAX_SAFETY_STOCK,Regular consumption of 18.3 per month over 24 months with a 25-day lead time gives a reorder point of 19.3 against the current 27.11.,APPROVED,2026-05-19
REC-000629,000000000010000412,4000,MCC Feeder Circuit Breaker HD WEIR,NORMAL,REGULAR,9,25,40.706,39.200,8.534,8.200,227.952,152.300,ROP_MAX_SAFETY_STOCK,Regular consumption of 37.7 per month over 24 months with a 25-day lead time gives a reorder point of 39.2 against the current 40.706.,APPROVED,2026-06-11
REC-000630,000000000010000413,3000,Flow Meter Sensor Head TYPE B SEW,NORMAL,SLOW,2,22,0.799,0.600,0.527,0.400,2.309,1.500,ROP_MAX_SAFETY_STOCK,Slow consumption of 0.3 per month over 24 months with a 22-day lead time gives a reorder point of 0.6 against the current 0.799.,REJECTED,2026-07-15
REC-000631,000000000010000414,4000,Variable Speed Drive Unit 250KW ABB,IMPACT,REGULAR,11,55,115.241,78.700,33.358,22.800,132.970,171.600,ROP_MAX_SAFETY_STOCK,Stock on hand 148 exceeds the current maximum 132.97. Consumption of 31.0 per month supports a maximum of 171.6.,HELD,2026-08-28
REC-000632,000000000030000088,4000,PLC Digital Output Card 55KW WEIR,IMPACT,ON_DEMAND,0,13,0.000,2.000,0.000,1.500,0.000,5.400,OAR_TO_MIN_MAX,This OAR material is classified IMPACT on the critical parts list. Recommend Min-Max management with a reorder point of 2 and a maximum of 5.4.,APPROVED,2026-07-23
REC-000633,000000000010000415,2000,Ball Mill Gearbox Assembly TYPE B KSB,CRITICAL,INTERMITTENT,6,109,13.993,10.500,7.193,5.400,13.993,14.800,ROP_MAX_SAFETY_STOCK,Stock on hand 16 exceeds the current maximum 13.993. Consumption of 1.4 per month supports a maximum of 14.8.,APPROVED,2026-07-31
REC-000634,000000000010000416,1000,Spherical Roller Bearing 250MM WEIR,CRITICAL,REGULAR,12,31,91.050,60.300,35.468,23.500,134.025,168.800,ROP_MAX_SAFETY_STOCK,"Stock on hand 61 is below the current reorder point 91.05. At the CRITICAL service level of 98% and a 31-day lead time, the reorder point should be 60.3.",REJECTED,2026-06-24
REC-000635,000000000010000416,2000,Spherical Roller Bearing 250MM WEIR,CRITICAL,REGULAR,12,31,78.997,48.500,26.064,16.000,128.350,144.400,ROP_MAX_SAFETY_STOCK,"Stock on hand 62 is below the current reorder point 78.997. At the CRITICAL service level of 98% and a 31-day lead time, the reorder point should be 48.5.",PROPOSED,2026-05-25
REC-000636,000000000010000417,3000,Conveyor Idler Roller Set 110KW KSB,NORMAL,INTERMITTENT,8,30,3.424,4.600,1.720,2.300,20.264,11.500,ROP_MAX_SAFETY_STOCK,Intermittent consumption of 2.3 per month over 24 months with a 30-day lead time gives a reorder point of 4.6 against the current 3.424.,PROPOSED,2026-05-29
REC-000637,000000000090000022,3000,MCC Feeder Circuit Breaker 250MM FLSM,OBSOLETE,NO_DEMAND,0,41,0.000,,0.000,,1.000,,NO_SAFETY_STOCK,Obsolete material: no safety stock recommended. Candidate for stock reduction review.,APPROVED,2026-08-31
REC-000638,000000000010000418,4000,Hydraulic Power Pack 10/8 SEW,NORMAL,SLOW,2,20,0.944,1.000,0.654,0.700,4.274,2.500,ROP_MAX_SAFETY_STOCK,Slow consumption of 0.5 per month over 24 months with a 20-day lead time gives a reorder point of 1 against the current 0.944.,REJECTED,2026-08-14
REC-000639,000000000010000418,1000,Hydraulic Power Pack 10/8 SEW,NORMAL,SLOW,1,20,1.079,0.800,0.836,0.600,2.153,1.600,ROP_MAX_SAFETY_STOCK,Stock on hand 3 exceeds the current maximum 2.153. Consumption of 0.2 per month supports a maximum of 1.6.,APPROVED,2026-07-18
REC-000640,000000000010000419,2000,Hydraulic Pump Assembly 150MM MULTOTEC,CRITICAL,INTERMITTENT,0,37,4.591,8.100,3.175,5.600,13.367,14.200,ROP_MAX_SAFETY_STOCK,"Stock on hand 0 is below the current reorder point 4.591. At the CRITICAL service level of 98% and a 37-day lead time, the reorder point should be 8.1.",APPROVED,2026-08-13
REC-000641,000000000010000420,3000,PLC Digital Output Card 6/4 ABB,INSURANCE,SLOW,2,73,0.726,1.300,0.452,0.800,3.243,1.900,ROP_MAX_SAFETY_STOCK,Slow consumption of 0.2 per month over 24 months with a 73-day lead time gives a reorder point of 1.3 against the current 0.726.,PROPOSED,2026-08-17
REC-000642,000000000010000420,1000,PLC Digital Output Card 6/4 ABB,INSURANCE,SLOW,1,73,2.335,1.500,1.721,1.100,2.385,2.000,ROP_MAX_SAFETY_STOCK,"Stock on hand 2 is below the current reorder point 2.335. At the INSURANCE service level of 90% and a 73-day lead time, the reorder point should be 1.5.",HELD,2026-05-17
REC-000643,000000000010000421,2000,Level Radar Transmitter 250KW MULTOTEC,CRITICAL,INTERMITTENT,0,87,5.737,9.200,3.735,6.000,22.007,12.600,ROP_MAX_SAFETY_STOCK,"Stock on hand 0 is below the current reorder point 5.737. At the CRITICAL service level of 98% and a 87-day lead time, the reorder point should be 9.2.",PROPOSED,2026-07-02
REC-000644,000000000010000421,4000,Level Radar Transmitter 250KW MULTOTEC,CRITICAL,INTERMITTENT,0,87,10.101,8.300,5.874,4.800,12.539,11.900,ROP_MAX_SAFETY_STOCK,"Stock on hand 0 is below the current reorder point 10.101. At the CRITICAL service level of 98% and a 87-day lead time, the reorder point should be 8.3.",PROPOSED,2026-08-08
REC-000645,000000000080000096,2000,Conveyor Idler Roller Set TYPE A KSB,CRITICAL,INTERMITTENT,1,84,9.317,8.200,6.712,5.900,10.933,10.700,ROP_MAX_SAFETY_STOCK,Intermittent consumption of 0.8 per month over 24 months with a 84-day lead time gives a reorder point of 8.2 against the current 9.317.,PROPOSED,2026-06-04
REC-000646,000000000010000422,3000,Cyclone Apex Liner DN100 METSO,IMPACT,INTERMITTENT,6,13,4.093,3.400,2.997,2.500,16.416,9.800,ROP_MAX_SAFETY_STOCK,Intermittent consumption of 2.1 per month over 24 months with a 13-day lead time gives a reorder point of 3.4 against the current 4.093.,PROPOSED,2026-07-03
REC-000647,000000000010000423,3000,Skirt Rubber Liner Section 6/4 KSB,CRITICAL,SLOW,5,79,2.752,2.600,1.725,1.600,5.406,3.700,ROP_MAX_SAFETY_STOCK,Slow consumption of 0.4 per month over 24 months with a 79-day lead time gives a reorder point of 2.6 against the current 2.752.,APPROVED,2026-06-27
REC-000648,000000000010000423,4000,Skirt Rubber Liner Section 6/4 KSB,CRITICAL,SLOW,3,79,2.190,1.900,1.571,1.400,2.735,2.500,ROP_MAX_SAFETY_STOCK,Stock on hand 3 exceeds the current maximum 2.735. Consumption of 0.2 per month supports a maximum of 2.5.,PROPOSED,2026-07-17
REC-000649,000000000010000425,4000,Variable Speed Drive Unit 8/6 SIEMENS,INSURANCE,INTERMITTENT,6,232,8.526,8.500,3.423,3.400,17.267,10.500,ROP_MAX_SAFETY_STOCK,"Stock on hand 3 is below the current reorder point 8.526. At the INSURANCE service level of 90% and a 232-day lead time, the reorder point should be 8.5.",APPROVED,2026-06-01
REC-000650,000000000010000426,1000,Conveyor Idler Roller Set 200MM WEIR,NORMAL,INTERMITTENT,7,48,2.473,5.900,1.093,2.600,9.211,12.200,ROP_MAX_SAFETY_STOCK,Intermittent consumption of 2.1 per month over 24 months with a 48-day lead time gives a reorder point of 5.9 against the current 2.473.,REJECTED,2026-06-16
REC-000651,000000000010000427,2000,Mill Lube Pump Motor 150MM FLSM,IMPACT,REGULAR,12,40,68.998,53.100,12.607,9.700,188.326,152.100,ROP_MAX_SAFETY_STOCK,Regular consumption of 33.0 per month over 24 months with a 40-day lead time gives a reorder point of 53.1 against the current 68.998.,HELD,2026-06-11
REC-000652,000000000010000428,4000,Conveyor Take-Up Pulley 10/8 SKF,IMPACT,SLOW,2,27,0.636,0.700,0.509,0.600,1.113,1.200,ROP_MAX_SAFETY_STOCK,Slow consumption of 0.2 per month over 24 months with a 27-day lead time gives a reorder point of 0.7 against the current 0.636.,PROPOSED,2026-05-21
REC-000653,000000000010000428,2000,Conveyor Take-Up Pulley 10/8 SKF,IMPACT,SLOW,2,27,2.808,1.700,2.181,1.300,3.285,3.000,ROP_MAX_SAFETY_STOCK,"Stock on hand 2 is below the current reorder point 2.808. At the IMPACT service level of 95% and a 27-day lead time, the reorder point should be 1.7.",REJECTED,2026-05-20
REC-000654,000000000010000429,4000,Flotation Blower Motor DN100 SIEMENS,IMPACT,REGULAR,10,20,23.245,25.200,7.031,7.600,78.518,105.600,ROP_MAX_SAFETY_STOCK,"Stock on hand 0 is below the current reorder point 23.245. At the IMPACT service level of 95% and a 20-day lead time, the reorder point should be 25.2.",REJECTED,2026-06-08
REC-000655,000000000010000430,4000,Vertical Sump Pump Column 55KW SIEMENS,CRITICAL,INTERMITTENT,5,149,8.063,8.600,4.800,5.100,15.760,10.700,ROP_MAX_SAFETY_STOCK,"Stock on hand 8 is below the current reorder point 8.063. At the CRITICAL service level of 98% and a 149-day lead time, the reorder point should be 8.6.",APPROVED,2026-06-07
REC-000656,000000000010000431,1000,Conveyor Drive Gearbox 10/8 ABB,NORMAL,REGULAR,12,18,8.088,6.600,1.591,1.300,28.684,33.500,ROP_MAX_SAFETY_STOCK,Regular consumption of 9.0 per month over 24 months with a 18-day lead time gives a reorder point of 6.6 against the current 8.088.,APPROVED,2026-08-13
REC-000657,000000000010000432,4000,Conveyor Drive Gearbox 250MM MULTOTEC,IMPACT,INTERMITTENT,6,9,2.844,3.100,2.269,2.500,14.515,9.600,ROP_MAX_SAFETY_STOCK,Stock on hand 15 exceeds the current maximum 14.515. Consumption of 2.2 per month supports a maximum of 9.6.,HELD,2026-05-13
REC-000658,000000000010000433,1000,Slurry Density Transmitter 200MM FLSM,CRITICAL,INTERMITTENT,9,239,12.309,7.700,4.518,2.800,12.309,9.600,ROP_MAX_SAFETY_STOCK,"Stock on hand 10 is below the current reorder point 12.309. At the CRITICAL service level of 98% and a 239-day lead time, the reorder point should be 7.7.",APPROVED,2026-05-11
REC-000659,000000000010000435,1000,Apron Feeder Gear Reducer 200MM ABB,NORMAL,INTERMITTENT,8,27,4.629,3.500,2.729,2.100,6.267,8.400,ROP_MAX_SAFETY_STOCK,"Stock on hand 4 is below the current reorder point 4.629. At the NORMAL service level of 85% and a 27-day lead time, the reorder point should be 3.5.",APPROVED,2026-07-26
REC-000660,000000000010000435,3000,Apron Feeder Gear Reducer 200MM ABB,NORMAL,INTERMITTENT,5,27,1.814,2.600,1.072,1.500,10.261,6.200,ROP_MAX_SAFETY_STOCK,Intermittent consumption of 1.2 per month over 24 months with a 27-day lead time gives a reorder point of 2.6 against the current 1.814.,APPROVED,2026-08-25
REC-000661,000000000010000436,2000,Cyclone Apex Liner TYPE B METSO,NORMAL,REGULAR,12,49,62.719,50.900,9.211,7.500,156.376,131.800,ROP_MAX_SAFETY_STOCK,"Stock on hand 40 is below the current reorder point 62.719. At the NORMAL service level of 85% and a 49-day lead time, the reorder point should be 50.9.",PROPOSED,2026-05-23
REC-000662,000000000010000437,4000,Ball Mill Shell Liner Plate 250MM WEIR,IMPACT,REGULAR,12,13,9.233,17.600,3.502,6.700,158.598,94.200,ROP_MAX_SAFETY_STOCK,Regular consumption of 25.5 per month over 24 months with a 13-day lead time gives a reorder point of 17.6 against the current 9.233.,APPROVED,2026-08-28
REC-000663,000000000010000438,3000,Vertical Sump Pump Column HD SKF,NORMAL,SLOW,1,10,0.183,0.200,0.157,0.200,0.573,0.500,ROP_MAX_SAFETY_STOCK,Stock on hand 1 exceeds the current maximum 0.573. Consumption of 0.1 per month supports a maximum of 0.5.,PROPOSED,2026-07-27
REC-000664,000000000010000438,4000,Vertical Sump Pump Column HD SKF,NORMAL,SLOW,2,10,0.136,0.200,0.113,0.200,0.901,0.600,ROP_MAX_SAFETY_STOCK,Stock on hand 1 exceeds the current maximum 0.901. Consumption of 0.1 per month supports a maximum of 0.6.,APPROVED,2026-08-17
REC-000665,000000000010000439,2000,Soft Starter Power Module HD SIEMENS,NORMAL,INTERMITTENT,6,32,3.614,3.300,1.636,1.500,9.973,8.400,ROP_MAX_SAFETY_STOCK,Intermittent consumption of 1.7 per month over 24 months with a 32-day lead time gives a reorder point of 3.3 against the current 3.614.,PROPOSED,2026-05-13
REC-000666,000000000010000441,2000,Slurry Pump Mechanical Seal 250MM ABB,CRITICAL,INTERMITTENT,3,137,18.736,11.600,10.507,6.500,18.736,15.000,ROP_MAX_SAFETY_STOCK,"Stock on hand 16 is below the current reorder point 18.736. At the CRITICAL service level of 98% and a 137-day lead time, the reorder point should be 11.6.",APPROVED,2026-08-17
REC-000667,000000000080000097,3000,Vertical Sump Pump Column 8/6 WEIR,NORMAL,INTERMITTENT,3,21,1.932,1.600,1.304,1.100,4.251,4.000,ROP_MAX_SAFETY_STOCK,Intermittent consumption of 0.8 per month over 24 months with a 21-day lead time gives a reorder point of 1.6 against the current 1.932.,PROPOSED,2026-06-24
REC-000668,000000000080000097,4000,Vertical Sump Pump Column 8/6 WEIR,NORMAL,INTERMITTENT,6,21,1.810,1.700,1.176,1.100,7.376,4.200,ROP_MAX_SAFETY_STOCK,"Stock on hand 1 is below the current reorder point 1.81. At the NORMAL service level of 85% and a 21-day lead time, the reorder point should be 1.7.",APPROVED,2026-08-19
REC-000669,000000000010000442,4000,Vertical Sump Pump Column 250KW SKF,CRITICAL,INTERMITTENT,1,128,13.941,10.800,10.330,8.000,13.941,12.800,ROP_MAX_SAFETY_STOCK,Stock on hand 18 exceeds the current maximum 13.941. Consumption of 0.7 per month supports a maximum of 12.8.,PROPOSED,2026-07-16
REC-000670,000000000010000443,3000,Flow Meter Sensor Head 10/8 SEW,INSURANCE,INTERMITTENT,8,149,17.460,11.200,5.030,3.200,22.868,16.100,ROP_MAX_SAFETY_STOCK,Stock on hand 23 exceeds the current maximum 22.868. Consumption of 1.6 per month supports a maximum of 16.1.,HELD,2026-06-22
REC-000671,000000000010000444,4000,Hydraulic Pump Assembly DN100 SKF,NORMAL,SLOW,0,10,0.263,0.300,0.206,0.200,1.018,0.900,ROP_MAX_SAFETY_STOCK,Slow consumption of 0.2 per month over 24 months with a 10-day lead time gives a reorder point of 0.3 against the current 0.263.,PROPOSED,2026-05-26
REC-000672,000000000010000445,2000,Mill Lube Pump Motor 6/4 METSO,CRITICAL,INTERMITTENT,8,235,12.674,22.100,4.938,8.600,44.017,27.400,ROP_MAX_SAFETY_STOCK,"Stock on hand 0 is below the current reorder point 12.674. At the CRITICAL service level of 98% and a 235-day lead time, the reorder point should be 22.1.",PROPOSED,2026-08-30
REC-000673,000000000010000446,3000,Valve Assembly 55KW SKF,IMPACT,REGULAR,12,49,82.064,47.400,24.078,13.900,123.190,109.800,ROP_MAX_SAFETY_STOCK,"Stock on hand 74 is below the current reorder point 82.064. At the IMPACT service level of 95% and a 49-day lead time, the reorder point should be 47.4.",APPROVED,2026-07-09
REC-000674,000000000010000446,1000,Valve Assembly 55KW SKF,IMPACT,REGULAR,12,49,53.319,39.200,11.827,8.700,147.752,96.000,ROP_MAX_SAFETY_STOCK,Regular consumption of 18.9 per month over 24 months with a 49-day lead time gives a reorder point of 39.2 against the current 53.319.,APPROVED,2026-06-15
REC-000675,000000000080000098,1000,MCC Feeder Circuit Breaker 8/6 SIEMENS,CRITICAL,INTERMITTENT,5,74,8.260,9.800,5.464,6.500,22.726,13.900,ROP_MAX_SAFETY_STOCK,Intermittent consumption of 1.4 per month over 24 months with a 74-day lead time gives a reorder point of 9.8 against the current 8.26.,PROPOSED,2026-08-31
REC-000676,000000000010000447,1000,Flow Meter Sensor Head TYPE A SKF,CRITICAL,INTERMITTENT,0,40,3.053,4.500,2.110,3.100,11.418,7.600,ROP_MAX_SAFETY_STOCK,"Stock on hand 0 is below the current reorder point 3.053. At the CRITICAL service level of 98% and a 40-day lead time, the reorder point should be 4.5.",PROPOSED,2026-08-07
REC-000677,000000000010000448,2000,Pressure Transmitter Assembly 150MM,IMPACT,INTERMITTENT,1,7,1.515,1.200,1.285,1.000,2.611,3.500,ROP_MAX_SAFETY_STOCK,"Stock on hand 1 is below the current reorder point 1.515. At the IMPACT service level of 95% and a 7-day lead time, the reorder point should be 1.2.",PROPOSED,2026-06-14
REC-000678,000000000010000448,1000,Pressure Transmitter Assembly 150MM,IMPACT,INTERMITTENT,4,7,1.596,1.800,1.310,1.500,9.884,6.000,ROP_MAX_SAFETY_STOCK,Intermittent consumption of 1.4 per month over 24 months with a 7-day lead time gives a reorder point of 1.8 against the current 1.596.,PROPOSED,2026-05-31
REC-000679,000000000010000449,4000,MCC Feeder Circuit Breaker HD SKF,CRITICAL,INTERMITTENT,8,167,3.213,5.400,1.451,2.400,11.925,7.000,ROP_MAX_SAFETY_STOCK,Intermittent consumption of 0.5 per month over 24 months with a 167-day lead time gives a reorder point of 5.4 against the current 3.213.,APPROVED,2026-06-25
REC-000680,000000000010000449,2000,MCC Feeder Circuit Breaker HD SKF,CRITICAL,INTERMITTENT,3,167,4.489,4.500,2.407,2.400,7.719,5.600,ROP_MAX_SAFETY_STOCK,Intermittent consumption of 0.4 per month over 24 months with a 167-day lead time gives a reorder point of 4.5 against the current 4.489.,PROPOSED,2026-05-26
REC-000681,000000000030000094,3000,Pressure Transmitter Assembly TYPE A,CRITICAL,ON_DEMAND,2,95,0.000,12.900,0.000,8.300,0.000,17.300,OAR_TO_MIN_MAX,This OAR material is classified CRITICAL on the critical parts list. Recommend Min-Max management with a reorder point of 12.9 and a maximum of 17.3.,REJECTED,2026-07-29
REC-000682,000000000010000450,1000,Belt Scraper Blade Cartridge DN150 SEW,INSURANCE,INTERMITTENT,4,58,10.302,5.900,5.705,3.300,15.803,10.000,ROP_MAX_SAFETY_STOCK,Intermittent consumption of 1.4 per month over 24 months with a 58-day lead time gives a reorder point of 5.9 against the current 10.302.,HELD,2026-05-20
REC-000683,000000000090000023,4000,Mill Liner 250KW WEIR,OBSOLETE,NO_DEMAND,0,43,0.000,,0.000,,1.000,,NO_SAFETY_STOCK,Obsolete material: no safety stock recommended. Candidate for stock reduction review.,PROPOSED,2026-06-12
REC-000684,000000000010000451,2000,Slurry Pump Mechanical Seal 150MM KSB,NORMAL,REGULAR,12,40,55.727,43.400,9.032,7.000,103.028,126.500,ROP_MAX_SAFETY_STOCK,Regular consumption of 27.7 per month over 24 months with a 40-day lead time gives a reorder point of 43.4 against the current 55.727.,APPROVED,2026-06-24
REC-000685,000000000010000452,4000,Thickener Rake Seal Kit 8/6 SKF,NORMAL,REGULAR,10,51,74.962,63.900,9.406,8.000,138.999,163.900,ROP_MAX_SAFETY_STOCK,"Stock on hand 69 is below the current reorder point 74.962. At the NORMAL service level of 85% and a 51-day lead time, the reorder point should be 63.9.",APPROVED,2026-05-17
REC-000686,000000000010000453,4000,Conveyor Take-Up Pulley TYPE B KSB,CRITICAL,INTERMITTENT,0,64,8.256,6.300,5.603,4.300,15.941,9.200,ROP_MAX_SAFETY_STOCK,"Stock on hand 0 is below the current reorder point 8.256. At the CRITICAL service level of 98% and a 64-day lead time, the reorder point should be 6.3.",APPROVED,2026-05-23
REC-000687,000000000010000453,1000,Conveyor Take-Up Pulley TYPE B KSB,CRITICAL,INTERMITTENT,0,64,18.236,10.900,11.692,7.000,18.513,16.500,ROP_MAX_SAFETY_STOCK,"Stock on hand 0 is below the current reorder point 18.236. At the CRITICAL service level of 98% and a 64-day lead time, the reorder point should be 10.9.",HELD,2026-08-20
REC-000688,000000000010000454,2000,Pressure Transmitter Assembly 250MM SEW,IMPACT,INTERMITTENT,3,35,3.593,3.500,2.565,2.500,10.180,6.100,ROP_MAX_SAFETY_STOCK,Intermittent consumption of 0.9 per month over 24 months with a 35-day lead time gives a reorder point of 3.5 against the current 3.593.,PROPOSED,2026-08-09
REC-000689,000000000080000099,4000,Level Radar Transmitter 250MM MULTOTEC,IMPACT,INTERMITTENT,3,12,2.071,1.600,1.552,1.200,3.667,4.600,ROP_MAX_SAFETY_STOCK,"Stock on hand 2 is below the current reorder point 2.071. At the IMPACT service level of 95% and a 12-day lead time, the reorder point should be 1.6.",APPROVED,2026-07-14
REC-000690,000000000010000455,2000,Flotation Cell Impeller 55KW ABB,CRITICAL,INTERMITTENT,4,67,7.788,4.400,5.314,3.000,7.788,6.300,ROP_MAX_SAFETY_STOCK,Stock on hand 9 exceeds the current maximum 7.788. Consumption of 0.6 per month supports a maximum of 6.3.,PROPOSED,2026-05-26
REC-000691,000000000010000456,3000,Slurry Pump Mechanical Seal TYPE A METSO,CRITICAL,INTERMITTENT,5,82,4.774,8.200,2.861,4.900,12.259,11.800,ROP_MAX_SAFETY_STOCK,Intermittent consumption of 1.2 per month over 24 months with a 82-day lead time gives a reorder point of 8.2 against the current 4.774.,HELD,2026-08-31
REC-000692,000000000010000457,3000,Flotation Blower Motor 10/8 SKF,CRITICAL,INTERMITTENT,0,138,11.660,8.500,6.213,4.500,11.660,11.100,ROP_MAX_SAFETY_STOCK,"Stock on hand 0 is below the current reorder point 11.66. At the CRITICAL service level of 98% and a 138-day lead time, the reorder point should be 8.5.",APPROVED,2026-06-10
REC-000693,000000000010000458,4000,Mill Liner 6/4 FLSM,CRITICAL,INTERMITTENT,0,36,5.475,5.100,3.940,3.700,9.874,8.700,ROP_MAX_SAFETY_STOCK,"Stock on hand 0 is below the current reorder point 5.475. At the CRITICAL service level of 98% and a 36-day lead time, the reorder point should be 5.1.",APPROVED,2026-06-16
REC-000694,000000000010000458,2000,Mill Liner 6/4 FLSM,CRITICAL,INTERMITTENT,0,36,1.446,2.900,1.003,2.000,4.304,5.200,ROP_MAX_SAFETY_STOCK,"Stock on hand 0 is below the current reorder point 1.446. At the CRITICAL service level of 98% and a 36-day lead time, the reorder point should be 2.9.",APPROVED,2026-05-30
REC-000695,000000000080000100,2000,Conveyor Take-Up Pulley 200MM FLSM,CRITICAL,INTERMITTENT,4,101,19.389,13.300,11.930,8.200,19.389,17.900,ROP_MAX_SAFETY_STOCK,Stock on hand 23 exceeds the current maximum 19.389. Consumption of 1.5 per month supports a maximum of 17.9.,APPROVED,2026-06-07
REC-000696,000000000080000100,3000,Conveyor Take-Up Pulley 200MM FLSM,CRITICAL,INTERMITTENT,3,101,6.531,7.100,4.139,4.500,15.001,9.500,ROP_MAX_SAFETY_STOCK,Intermittent consumption of 0.8 per month over 24 months with a 101-day lead time gives a reorder point of 7.1 against the current 6.531.,APPROVED,2026-06-07
REC-000697,000000000010000460,1000,Hydraulic Pump Assembly TYPE B WEIR,NORMAL,INTERMITTENT,5,56,10.271,6.100,5.494,3.300,12.456,10.700,ROP_MAX_SAFETY_STOCK,"Stock on hand 0 is below the current reorder point 10.271. At the NORMAL service level of 85% and a 56-day lead time, the reorder point should be 6.1.",REJECTED,2026-08-01
REC-000698,000000000010000462,4000,Conveyor Drive Motor TYPE A ABB,INSURANCE,INTERMITTENT,8,232,16.363,19.600,4.397,5.300,39.087,25.200,ROP_MAX_SAFETY_STOCK,Intermittent consumption of 1.9 per month over 24 months with a 232-day lead time gives a reorder point of 19.6 against the current 16.363.,APPROVED,2026-05-20
REC-000699,000000000010000463,3000,Pump Impeller TYPE A SANDVIK,CRITICAL,INTERMITTENT,0,94,20.155,14.000,14.214,9.900,20.155,18.000,ROP_MAX_SAFETY_STOCK,"Stock on hand 0 is below the current reorder point 20.155. At the CRITICAL service level of 98% and a 94-day lead time, the reorder point should be 14.",APPROVED,2026-08-30
REC-000700,000000000030000096,1000,Skirt Rubber Liner Section 200MM SANDVIK,IMPACT,ON_DEMAND,1,19,0.000,1.900,0.000,1.500,0.000,4.000,OAR_TO_MIN_MAX,This OAR material is classified IMPACT on the critical parts list. Recommend Min-Max management with a reorder point of 1.9 and a maximum of 4.,HELD,2026-06-15
REC-000701,000000000010000464,2000,Pump Impeller HD KSB,NORMAL,SLOW,4,16,0.641,0.400,0.459,0.300,2.012,1.100,ROP_MAX_SAFETY_STOCK,"Stock on hand 0 is below the current reorder point 0.641. At the NORMAL service level of 85% and a 16-day lead time, the reorder point should be 0.4.",HELD,2026-07-08
REC-000702,000000000030000097,2000,Spherical Roller Bearing 8/6 SIEMENS,CRITICAL,ON_DEMAND,0,85,0.000,8.000,0.000,4.900,0.000,11.400,OAR_TO_MIN_MAX,This OAR material is classified CRITICAL on the critical parts list. Recommend Min-Max management with a reorder point of 8 and a maximum of 11.4.,HELD,2026-06-13
REC-000703,000000000010000465,4000,MCC Feeder Circuit Breaker 55KW SIEMENS,INSURANCE,INTERMITTENT,4,233,8.024,12.500,2.293,3.600,25.332,16.000,ROP_MAX_SAFETY_STOCK,"Stock on hand 3 is below the current reorder point 8.024. At the INSURANCE service level of 90% and a 233-day lead time, the reorder point should be 12.5.",APPROVED,2026-05-12
REC-000704,000000000010000466,1000,Spherical Roller Bearing 200MM MULTOTEC,CRITICAL,INTERMITTENT,0,93,15.587,9.700,9.641,6.000,19.958,13.300,ROP_MAX_SAFETY_STOCK,"Stock on hand 0 is below the current reorder point 15.587. At the CRITICAL service level of 98% and a 93-day lead time, the reorder point should be 9.7.",APPROVED,2026-05-17
REC-000705,000000000010000467,1000,Belt Scraper Blade Cartridge 150MM WEIR,CRITICAL,INTERMITTENT,0,96,7.366,9.100,4.397,5.400,14.816,12.600,ROP_MAX_SAFETY_STOCK,"Stock on hand 0 is below the current reorder point 7.366. At the CRITICAL service level of 98% and a 96-day lead time, the reorder point should be 9.1.",REJECTED,2026-07-05
REC-000706,000000000010000468,3000,Vertical Sump Pump Column 110KW SANDVIK,CRITICAL,INTERMITTENT,0,140,23.960,14.000,12.524,7.300,30.688,18.400,ROP_MAX_SAFETY_STOCK,"Stock on hand 0 is below the current reorder point 23.96. At the CRITICAL service level of 98% and a 140-day lead time, the reorder point should be 14.",HELD,2026-06-19
REC-000707,000000000010000469,3000,Vertical Sump Pump Column TYPE A SANDVIK,CRITICAL,REGULAR,12,79,142.282,113.200,28.530,22.700,241.847,217.800,ROP_MAX_SAFETY_STOCK,Regular consumption of 34.9 per month over 24 months with a 79-day lead time gives a reorder point of 113.2 against the current 142.282.,REJECTED,2026-07-22
REC-000708,000000000010000470,4000,Soft Starter Power Module 110KW SKF,INSURANCE,INTERMITTENT,2,46,3.236,4.400,2.063,2.800,10.676,7.500,ROP_MAX_SAFETY_STOCK,Stock on hand 11 exceeds the current maximum 10.676. Consumption of 1.0 per month supports a maximum of 7.5.,PROPOSED,2026-08-29
REC-000709,000000000010000471,1000,Crusher Hydroset Cylinder 250KW MULTOTEC,NORMAL,REGULAR,9,40,24.643,50.300,5.574,11.400,206.205,139.100,ROP_MAX_SAFETY_STOCK,Regular consumption of 29.6 per month over 24 months with a 40-day lead time gives a reorder point of 50.3 against the current 24.643.,APPROVED,2026-05-23
REC-000710,000000000090000024,4000,Crusher Main Shaft Bearing 110KW SEW,OBSOLETE,NO_DEMAND,0,36,0.000,,0.000,,1.000,,NO_SAFETY_STOCK,Obsolete material: no safety stock recommended. Candidate for stock reduction review.,APPROVED,2026-07-26
REC-000711,000000000090000024,2000,Crusher Main Shaft Bearing 110KW SEW,OBSOLETE,NO_DEMAND,0,36,0.000,,0.000,,1.000,,NO_SAFETY_STOCK,Obsolete material: no safety stock recommended. Candidate for stock reduction review.,APPROVED,2026-06-30
REC-000712,000000000010000472,3000,Crusher Main Shaft Bearing TYPE A SEW,NORMAL,REGULAR,11,39,47.441,33.700,9.454,6.700,130.483,96.800,ROP_MAX_SAFETY_STOCK,Regular consumption of 21.0 per month over 24 months with a 39-day lead time gives a reorder point of 33.7 against the current 47.441.,PROPOSED,2026-08-04
REC-000713,000000000010000473,2000,Ball Mill Shell Liner Plate HD WEIR,INSURANCE,INTERMITTENT,6,134,4.340,3.400,1.754,1.400,6.925,4.800,ROP_MAX_SAFETY_STOCK,"Stock on hand 4 is below the current reorder point 4.34. At the INSURANCE service level of 90% and a 134-day lead time, the reorder point should be 3.4.",PROPOSED,2026-07-27
REC-000714,000000000010000473,4000,Ball Mill Shell Liner Plate HD WEIR,INSURANCE,INTERMITTENT,5,134,2.249,3.200,0.955,1.400,4.808,4.500,ROP_MAX_SAFETY_STOCK,Intermittent consumption of 0.4 per month over 24 months with a 134-day lead time gives a reorder point of 3.2 against the current 2.249.,APPROVED,2026-08-12
REC-000715,000000000080000101,2000,PLC Digital Output Card TYPE A SIEMENS,NORMAL,INTERMITTENT,6,20,2.844,3.000,1.678,1.800,12.792,8.600,ROP_MAX_SAFETY_STOCK,Intermittent consumption of 1.9 per month over 24 months with a 20-day lead time gives a reorder point of 3 against the current 2.844.,PROPOSED,2026-08-01
REC-000716,000000000010000475,1000,Vertical Sump Pump Column 110KW SANDVIK,CRITICAL,SLOW,4,86,3.263,2.200,2.231,1.500,4.859,3.000,ROP_MAX_SAFETY_STOCK,"Stock on hand 3 is below the current reorder point 3.263. At the CRITICAL service level of 98% and a 86-day lead time, the reorder point should be 2.2.",PROPOSED,2026-05-19
REC-000717,000000000080000102,1000,Conveyor Take-Up Pulley 8/6 SEW,IMPACT,INTERMITTENT,2,27,3.336,5.000,2.542,3.800,10.067,9.000,ROP_MAX_SAFETY_STOCK,Intermittent consumption of 1.3 per month over 24 months with a 27-day lead time gives a reorder point of 5 against the current 3.336.,APPROVED,2026-07-19
REC-000718,000000000080000103,2000,Thickener Rake Drive Gearbox HD KSB,NORMAL,INTERMITTENT,4,24,5.983,4.100,3.694,2.500,17.504,10.100,ROP_MAX_SAFETY_STOCK,"Stock on hand 3 is below the current reorder point 5.983. At the NORMAL service level of 85% and a 24-day lead time, the reorder point should be 4.1.",HELD,2026-07-25
REC-000719,000000000030000100,3000,Belt Scraper Blade Cartridge 8/6 SIEMENS,IMPACT,ON_DEMAND,0,20,0.000,2.800,0.000,2.100,0.000,6.200,OAR_TO_MIN_MAX,This OAR material is classified IMPACT on the critical parts list. Recommend Min-Max management with a reorder point of 2.8 and a maximum of 6.2.,APPROVED,2026-07-08
REC-000720,000000000010000476,4000,Slurry Pump Wet End Assembly 250KW WEIR,NORMAL,REGULAR,12,27,21.868,20.600,4.766,4.500,129.632,75.100,ROP_MAX_SAFETY_STOCK,Regular consumption of 18.2 per month over 24 months with a 27-day lead time gives a reorder point of 20.6 against the current 21.868.,REJECTED,2026-05-31
REC-000721,000000000090000025,3000,Pump Impeller TYPE A METSO,OBSOLETE,NO_DEMAND,0,45,0.000,,0.000,,1.000,,NO_SAFETY_STOCK,Obsolete material: no safety stock recommended. Candidate for stock reduction review.,APPROVED,2026-05-15
REC-000722,000000000090000026,2000,Skirt Rubber Liner Section DN100 WEIR,OBSOLETE,NO_DEMAND,0,44,0.000,,0.000,,1.000,,NO_SAFETY_STOCK,Obsolete material: no safety stock recommended. Candidate for stock reduction review.,PROPOSED,2026-08-29
REC-000723,000000000010000477,2000,Conveyor Take-Up Pulley 6/4 WEIR,CRITICAL,INTERMITTENT,10,207,9.740,14.300,3.532,5.200,23.809,18.300,ROP_MAX_SAFETY_STOCK,"Stock on hand 6 is below the current reorder point 9.74. At the CRITICAL service level of 98% and a 207-day lead time, the reorder point should be 14.3.",HELD,2026-07-18
REC-000724,000000000010000478,2000,Flow Meter Sensor Head 250KW WEIR,CRITICAL,INTERMITTENT,0,94,8.822,13.800,5.040,7.900,15.507,19.600,ROP_MAX_SAFETY_STOCK,"Stock on hand 0 is below the current reorder point 8.822. At the CRITICAL service level of 98% and a 94-day lead time, the reorder point should be 13.8.",REJECTED,2026-05-11
REC-000725,000000000030000101,4000,Slurry Density Transmitter HD SANDVIK,IMPACT,ON_DEMAND,0,40,0.000,5.600,0.000,4.000,0.000,9.200,OAR_TO_MIN_MAX,This OAR material is classified IMPACT on the critical parts list. Recommend Min-Max management with a reorder point of 5.6 and a maximum of 9.2.,APPROVED,2026-08-02
REC-000726,000000000030000102,1000,Flotation Cell Impeller 250MM SKF,IMPACT,ON_DEMAND,1,38,0.000,2.400,0.000,1.600,0.000,4.400,OAR_TO_MIN_MAX,This OAR material is classified IMPACT on the critical parts list. Recommend Min-Max management with a reorder point of 2.4 and a maximum of 4.4.,PROPOSED,2026-07-17
REC-000727,000000000030000102,4000,Flotation Cell Impeller 250MM SKF,IMPACT,ON_DEMAND,1,38,0.000,4.100,0.000,3.000,0.000,6.800,OAR_TO_MIN_MAX,This OAR material is classified IMPACT on the critical parts list. Recommend Min-Max management with a reorder point of 4.1 and a maximum of 6.8.,PROPOSED,2026-05-12
REC-000728,000000000080000104,3000,Ball Mill Trunnion Bearing 250MM SIEMENS,CRITICAL,INTERMITTENT,2,63,10.941,7.700,7.981,5.600,11.115,10.700,ROP_MAX_SAFETY_STOCK,"Stock on hand 10 is below the current reorder point 10.941. At the CRITICAL service level of 98% and a 63-day lead time, the reorder point should be 7.7.",REJECTED,2026-06-01
REC-000729,000000000080000104,2000,Ball Mill Trunnion Bearing 250MM SIEMENS,CRITICAL,INTERMITTENT,5,63,11.298,10.200,7.202,6.500,11.982,15.600,ROP_MAX_SAFETY_STOCK,Stock on hand 24 exceeds the current maximum 11.982. Consumption of 1.8 per month supports a maximum of 15.6.,PROPOSED,2026-06-15
REC-000730,000000000010000480,1000,Conveyor Idler Roller Set 250MM SIEMENS,NORMAL,SLOW,1,20,0.568,0.800,0.440,0.600,2.032,1.600,ROP_MAX_SAFETY_STOCK,Slow consumption of 0.2 per month over 24 months with a 20-day lead time gives a reorder point of 0.8 against the current 0.568.,PROPOSED,2026-06-18
REC-000731,000000000010000480,3000,Conveyor Idler Roller Set 250MM SIEMENS,NORMAL,SLOW,2,20,0.321,0.400,0.249,0.300,0.765,0.800,ROP_MAX_SAFETY_STOCK,Stock on hand 1 exceeds the current maximum 0.765. Consumption of 0.1 per month supports a maximum of 0.8.,PROPOSED,2026-08-20
REC-000732,000000000010000481,4000,Agitator Shaft Seal TYPE B METSO,INSURANCE,INTERMITTENT,5,32,1.916,3.000,1.210,1.900,5.232,6.100,ROP_MAX_SAFETY_STOCK,Intermittent consumption of 1.0 per month over 24 months with a 32-day lead time gives a reorder point of 3 against the current 1.916.,PROPOSED,2026-07-18
REC-000733,000000000010000481,1000,Agitator Shaft Seal TYPE B METSO,INSURANCE,INTERMITTENT,4,32,1.057,2.300,0.687,1.500,5.793,4.500,ROP_MAX_SAFETY_STOCK,"Stock on hand 0 is below the current reorder point 1.057. At the INSURANCE service level of 90% and a 32-day lead time, the reorder point should be 2.3.",APPROVED,2026-08-23
REC-000734,000000000010000482,1000,Conveyor Pulley Bearing DN100 KSB,NORMAL,REGULAR,11,10,3.929,7.000,1.396,2.500,50.995,48.000,ROP_MAX_SAFETY_STOCK,Regular consumption of 13.7 per month over 24 months with a 10-day lead time gives a reorder point of 7 against the current 3.929.,REJECTED,2026-05-19
REC-000735,000000000010000483,3000,Flow Meter Sensor Head 250KW FLSM,IMPACT,INTERMITTENT,7,23,2.992,5.600,1.985,3.700,21.856,13.100,ROP_MAX_SAFETY_STOCK,Intermittent consumption of 2.5 per month over 24 months with a 23-day lead time gives a reorder point of 5.6 against the current 2.992.,REJECTED,2026-05-15
REC-000736,000000000010000483,2000,Flow Meter Sensor Head 250KW FLSM,IMPACT,INTERMITTENT,7,23,3.100,2.500,2.161,1.700,7.364,5.500,ROP_MAX_SAFETY_STOCK,Intermittent consumption of 1.0 per month over 24 months with a 23-day lead time gives a reorder point of 2.5 against the current 3.1.,APPROVED,2026-08-30
REC-000737,000000000010000484,2000,Pressure Transmitter Assembly 200MM,CRITICAL,INTERMITTENT,7,120,14.671,8.900,6.604,4.000,15.055,12.700,ROP_MAX_SAFETY_STOCK,"Stock on hand 12 is below the current reorder point 14.671. At the CRITICAL service level of 98% and a 120-day lead time, the reorder point should be 8.9.",HELD,2026-08-27
REC-000738,000000000010000485,3000,Conveyor Take-Up Pulley DN100 FLSM,NORMAL,SLOW,3,52,0.555,0.700,0.379,0.500,1.211,1.100,ROP_MAX_SAFETY_STOCK,Slow consumption of 0.1 per month over 24 months with a 52-day lead time gives a reorder point of 0.7 against the current 0.555.,REJECTED,2026-08-16
REC-000739,000000000080000105,1000,Conveyor Drive Motor 110KW WEIR,NORMAL,INTERMITTENT,5,32,2.789,1.700,1.486,0.900,4.653,4.000,ROP_MAX_SAFETY_STOCK,"Stock on hand 2 is below the current reorder point 2.789. At the NORMAL service level of 85% and a 32-day lead time, the reorder point should be 1.7.",HELD,2026-05-10
REC-000740,000000000010000486,3000,Mill Lube Pump Motor DN150 FLSM,IMPACT,REGULAR,12,49,64.143,64.700,16.387,16.500,162.230,154.400,ROP_MAX_SAFETY_STOCK,"Stock on hand 40 is below the current reorder point 64.143. At the IMPACT service level of 95% and a 49-day lead time, the reorder point should be 64.7.",PROPOSED,2026-06-01
REC-000741,000000000010000488,3000,Ball Mill Gearbox Assembly TYPE B WEIR,INSURANCE,INTERMITTENT,7,189,15.489,10.400,4.764,3.200,15.489,13.900,ROP_MAX_SAFETY_STOCK,Stock on hand 20 exceeds the current maximum 15.489. Consumption of 1.2 per month supports a maximum of 13.9.,REJECTED,2026-06-30
REC-000742,000000000010000489,4000,Mill Liner 8/6 SANDVIK,CRITICAL,INTERMITTENT,0,132,19.081,22.900,10.348,12.400,26.113,30.100,ROP_MAX_SAFETY_STOCK,"Stock on hand 0 is below the current reorder point 19.081. At the CRITICAL service level of 98% and a 132-day lead time, the reorder point should be 22.9.",APPROVED,2026-08-25
REC-000743,000000000080000106,2000,Conveyor Drive Motor 6/4 SANDVIK,NORMAL,INTERMITTENT,2,11,1.995,1.600,1.509,1.200,4.499,4.700,ROP_MAX_SAFETY_STOCK,Intermittent consumption of 1.0 per month over 24 months with a 11-day lead time gives a reorder point of 1.6 against the current 1.995.,HELD,2026-07-15
REC-000744,000000000010000490,2000,Screen Exciter Bearing HD SEW,CRITICAL,INTERMITTENT,7,103,9.317,7.500,5.488,4.400,12.264,10.200,ROP_MAX_SAFETY_STOCK,"Stock on hand 8 is below the current reorder point 9.317. At the CRITICAL service level of 98% and a 103-day lead time, the reorder point should be 7.5.",APPROVED,2026-07-19
REC-000745,000000000080000107,2000,Flotation Blower Motor TYPE A MULTOTEC,IMPACT,INTERMITTENT,2,41,2.910,5.000,2.048,3.500,13.914,8.200,ROP_MAX_SAFETY_STOCK,Intermittent consumption of 1.1 per month over 24 months with a 41-day lead time gives a reorder point of 5 against the current 2.91.,PROPOSED,2026-07-20
REC-000746,000000000090000027,2000,Flotation Cell Impeller TYPE A ABB,OBSOLETE,NO_DEMAND,0,21,0.000,,0.000,,1.000,,NO_SAFETY_STOCK,Obsolete material: no safety stock recommended. Candidate for stock reduction review.,HELD,2026-07-07
REC-000747,000000000090000027,1000,Flotation Cell Impeller TYPE A ABB,OBSOLETE,NO_DEMAND,0,21,0.000,,0.000,,1.000,,NO_SAFETY_STOCK,Obsolete material: no safety stock recommended. Candidate for stock reduction review.,REJECTED,2026-05-15
REC-000748,000000000010000491,3000,Ball Mill Gearbox Assembly TYPE B,NORMAL,INTERMITTENT,7,52,9.546,7.200,3.887,2.900,10.683,14.700,ROP_MAX_SAFETY_STOCK,Stock on hand 16 exceeds the current maximum 10.683. Consumption of 2.5 per month supports a maximum of 14.7.,APPROVED,2026-06-13
REC-000749,000000000010000492,1000,Thickener Rake Seal Kit 150MM KSB,CRITICAL,INTERMITTENT,6,236,28.150,16.100,14.522,8.300,28.150,19.100,ROP_MAX_SAFETY_STOCK,"Stock on hand 21 is below the current reorder point 28.15. At the CRITICAL service level of 98% and a 236-day lead time, the reorder point should be 16.1.",APPROVED,2026-07-02
REC-000750,000000000080000108,2000,PLC Digital Output Card 10/8 SEW,CRITICAL,INTERMITTENT,7,102,6.860,6.700,3.296,3.200,7.546,9.800,ROP_MAX_SAFETY_STOCK,"Stock on hand 5 is below the current reorder point 6.86. At the CRITICAL service level of 98% and a 102-day lead time, the reorder point should be 6.7.",HELD,2026-05-18
REC-000751,000000000010000493,3000,Slurry Pump Mechanical Seal 55KW METSO,CRITICAL,INTERMITTENT,5,205,10.911,6.600,4.429,2.700,13.002,8.300,ROP_MAX_SAFETY_STOCK,"Stock on hand 9 is below the current reorder point 10.911. At the CRITICAL service level of 98% and a 205-day lead time, the reorder point should be 6.6.",PROPOSED,2026-07-31
REC-000752,000000000080000109,3000,Ball Mill Shell Liner Plate TYPE B,CRITICAL,INTERMITTENT,4,140,18.847,14.500,12.112,9.300,21.859,17.900,ROP_MAX_SAFETY_STOCK,"Stock on hand 18 is below the current reorder point 18.847. At the CRITICAL service level of 98% and a 140-day lead time, the reorder point should be 14.5.",REJECTED,2026-07-20
REC-000753,000000000010000496,3000,Hydraulic Pump Assembly TYPE A MULTOTEC,NORMAL,SLOW,1,44,0.616,0.600,0.431,0.400,1.721,1.000,ROP_MAX_SAFETY_STOCK,Stock on hand 2 exceeds the current maximum 1.721. Consumption of 0.1 per month supports a maximum of 1.,PROPOSED,2026-09-02
REC-000754,000000000010000497,4000,Valve Assembly 110KW METSO,INSURANCE,SLOW,3,44,1.934,1.400,1.089,0.800,4.031,2.600,ROP_MAX_SAFETY_STOCK,Slow consumption of 0.4 per month over 24 months with a 44-day lead time gives a reorder point of 1.4 against the current 1.934.,HELD,2026-07-05
REC-000755,000000000010000497,1000,Valve Assembly 110KW METSO,INSURANCE,SLOW,3,44,1.117,0.900,0.760,0.600,2.656,1.500,ROP_MAX_SAFETY_STOCK,Stock on hand 3 exceeds the current maximum 2.656. Consumption of 0.2 per month supports a maximum of 1.5.,PROPOSED,2026-09-02
REC-000756,000000000090000028,4000,Valve Assembly 250MM SKF,OBSOLETE,NO_DEMAND,0,43,0.000,,0.000,,1.000,,NO_SAFETY_STOCK,Obsolete material: no safety stock recommended. Candidate for stock reduction review.,REJECTED,2026-08-22
REC-000757,000000000090000028,2000,Valve Assembly 250MM SKF,OBSOLETE,NO_DEMAND,0,43,0.000,,0.000,,1.000,,NO_SAFETY_STOCK,Obsolete material: no safety stock recommended. Candidate for stock reduction review.,PROPOSED,2026-07-17
REC-000758,000000000010000498,1000,Ball Mill Gearbox Assembly HD FLSM,CRITICAL,REGULAR,10,90,41.340,80.900,10.179,19.900,126.877,142.800,ROP_MAX_SAFETY_STOCK,Regular consumption of 20.6 per month over 24 months with a 90-day lead time gives a reorder point of 80.9 against the current 41.34.,HELD,2026-07-02
REC-000759,000000000010000499,4000,Skirt Rubber Liner Section 110KW METSO,NORMAL,SLOW,2,25,0.535,0.600,0.372,0.400,1.874,1.200,ROP_MAX_SAFETY_STOCK,Slow consumption of 0.2 per month over 24 months with a 25-day lead time gives a reorder point of 0.6 against the current 0.535.,APPROVED,2026-07-17
REC-000760,000000000010000500,2000,Slurry Pump Mechanical Seal 150MM METSO,IMPACT,INTERMITTENT,5,39,1.689,2.800,1.092,1.800,8.207,5.000,ROP_MAX_SAFETY_STOCK,Intermittent consumption of 0.8 per month over 24 months with a 39-day lead time gives a reorder point of 2.8 against the current 1.689.,REJECTED,2026-07-03
REC-000761,000000000010000500,4000,Slurry Pump Mechanical Seal 150MM METSO,IMPACT,INTERMITTENT,4,39,5.987,3.800,4.068,2.600,5.987,6.700,ROP_MAX_SAFETY_STOCK,Stock on hand 8 exceeds the current maximum 5.987. Consumption of 1.0 per month supports a maximum of 6.7.,APPROVED,2026-07-17
REC-000762,000000000030000106,2000,Skirt Rubber Liner Section 110KW SIEMENS,CRITICAL,ON_DEMAND,0,36,0.000,4.200,0.000,3.100,0.000,7.100,OAR_TO_MIN_MAX,This OAR material is classified CRITICAL on the critical parts list. Recommend Min-Max management with a reorder point of 4.2 and a maximum of 7.1.,APPROVED,2026-08-26
REC-000763,000000000080000110,2000,Flotation Blower Motor TYPE A SEW,CRITICAL,INTERMITTENT,5,145,15.452,15.500,8.729,8.800,26.368,19.800,ROP_MAX_SAFETY_STOCK,"Stock on hand 5 is below the current reorder point 15.452. At the CRITICAL service level of 98% and a 145-day lead time, the reorder point should be 15.5.",HELD,2026-06-27
REC-000764,000000000080000111,1000,Conveyor Take-Up Pulley 250MM SANDVIK,IMPACT,INTERMITTENT,4,30,4.697,3.700,3.278,2.600,10.926,7.100,ROP_MAX_SAFETY_STOCK,Intermittent consumption of 1.1 per month over 24 months with a 30-day lead time gives a reorder point of 3.7 against the current 4.697.,APPROVED,2026-05-24
REC-000765,000000000010000502,2000,Vertical Sump Pump Column TYPE B SIEMENS,NORMAL,REGULAR,11,10,8.122,9.200,2.930,3.300,103.124,62.700,ROP_MAX_SAFETY_STOCK,Regular consumption of 17.8 per month over 24 months with a 10-day lead time gives a reorder point of 9.2 against the current 8.122.,HELD,2026-07-27
REC-000766,000000000010000503,3000,Soft Starter Power Module HD SIEMENS,INSURANCE,REGULAR,12,92,27.379,34.100,5.156,6.400,108.242,61.600,ROP_MAX_SAFETY_STOCK,Regular consumption of 9.2 per month over 24 months with a 92-day lead time gives a reorder point of 34.1 against the current 27.379.,PROPOSED,2026-07-19
REC-000767,000000000010000503,2000,Soft Starter Power Module HD SIEMENS,INSURANCE,REGULAR,9,92,80.712,109.100,11.969,16.200,199.179,201.300,ROP_MAX_SAFETY_STOCK,"Stock on hand 0 is below the current reorder point 80.712. At the INSURANCE service level of 90% and a 92-day lead time, the reorder point should be 109.1.",APPROVED,2026-07-27
REC-000768,000000000010000504,1000,Skirt Rubber Liner Section DN150 ABB,NORMAL,INTERMITTENT,7,19,1.818,3.200,1.076,1.900,16.809,9.400,ROP_MAX_SAFETY_STOCK,Intermittent consumption of 2.1 per month over 24 months with a 19-day lead time gives a reorder point of 3.2 against the current 1.818.,REJECTED,2026-05-18
REC-000769,000000000010000505,1000,Ball Mill Trunnion Bearing TYPE A METSO,IMPACT,REGULAR,12,13,45.758,25.900,16.932,9.600,154.759,140.300,ROP_MAX_SAFETY_STOCK,Regular consumption of 38.1 per month over 24 months with a 13-day lead time gives a reorder point of 25.9 against the current 45.758.,APPROVED,2026-07-31
REC-000770,000000000010000506,1000,Thickener Rake Seal Kit 10/8 SKF,INSURANCE,INTERMITTENT,5,138,7.807,12.700,3.255,5.300,28.141,17.600,ROP_MAX_SAFETY_STOCK,"Stock on hand 5 is below the current reorder point 7.807. At the INSURANCE service level of 90% and a 138-day lead time, the reorder point should be 12.7.",APPROVED,2026-08-22
REC-000771,000000000010000507,1000,Flow Meter Sensor Head 150MM FLSM,IMPACT,REGULAR,11,8,9.816,16.200,4.592,7.600,104.132,114.600,ROP_MAX_SAFETY_STOCK,Regular consumption of 32.8 per month over 24 months with a 8-day lead time gives a reorder point of 16.2 against the current 9.816.,APPROVED,2026-07-06
REC-000772,000000000010000508,2000,Level Radar Transmitter DN150 KSB,INSURANCE,INTERMITTENT,3,126,1.228,2.700,0.585,1.300,5.452,3.700,ROP_MAX_SAFETY_STOCK,Intermittent consumption of 0.3 per month over 24 months with a 126-day lead time gives a reorder point of 2.7 against the current 1.228.,APPROVED,2026-08-12
REC-000773,000000000010000510,3000,Gearbox Bearing 55KW ABB,IMPACT,INTERMITTENT,3,23,4.716,2.800,3.704,2.200,7.263,5.200,ROP_MAX_SAFETY_STOCK,"Stock on hand 0 is below the current reorder point 4.716. At the IMPACT service level of 95% and a 23-day lead time, the reorder point should be 2.8.",APPROVED,2026-08-24
REC-000774,000000000010000512,3000,Ball Mill Shell Liner Plate 10/8 SKF,NORMAL,SLOW,2,29,0.804,1.200,0.545,0.800,3.400,2.500,ROP_MAX_SAFETY_STOCK,"Stock on hand 0 is below the current reorder point 0.804. At the NORMAL service level of 85% and a 29-day lead time, the reorder point should be 1.2.",REJECTED,2026-07-16
REC-000775,000000000010000512,1000,Ball Mill Shell Liner Plate 10/8 SKF,NORMAL,SLOW,2,29,0.538,0.600,0.381,0.400,1.377,1.100,ROP_MAX_SAFETY_STOCK,Slow consumption of 0.2 per month over 24 months with a 29-day lead time gives a reorder point of 0.6 against the current 0.538.,PROPOSED,2026-06-17
REC-000776,000000000010000514,1000,Hydraulic Power Pack HD SEW,CRITICAL,INTERMITTENT,2,111,2.441,5.100,1.567,3.300,10.229,6.600,ROP_MAX_SAFETY_STOCK,Intermittent consumption of 0.5 per month over 24 months with a 111-day lead time gives a reorder point of 5.1 against the current 2.441.,REJECTED,2026-06-18
REC-000777,000000000010000517,4000,Conveyor Take-Up Pulley 200MM METSO,CRITICAL,SLOW,2,31,1.193,1.000,0.982,0.800,1.816,1.500,ROP_MAX_SAFETY_STOCK,Stock on hand 2 exceeds the current maximum 1.816. Consumption of 0.2 per month supports a maximum of 1.5.,APPROVED,2026-08-10
REC-000778,000000000010000517,2000,Conveyor Take-Up Pulley 200MM METSO,CRITICAL,SLOW,1,31,0.466,0.700,0.407,0.600,1.427,0.900,ROP_MAX_SAFETY_STOCK,Slow consumption of 0.1 per month over 24 months with a 31-day lead time gives a reorder point of 0.7 against the current 0.466.,APPROVED,2026-08-28
REC-000779,000000000010000518,2000,Flow Meter Sensor Head 55KW SEW,IMPACT,REGULAR,12,18,6.740,11.100,2.452,4.000,72.724,47.000,ROP_MAX_SAFETY_STOCK,Regular consumption of 12.0 per month over 24 months with a 18-day lead time gives a reorder point of 11.1 against the current 6.74.,HELD,2026-06-09
REC-000780,000000000010000519,2000,Conveyor Pulley Bearing 110KW SANDVIK,NORMAL,SLOW,1,23,0.383,0.400,0.292,0.300,0.667,0.800,ROP_MAX_SAFETY_STOCK,Stock on hand 1 exceeds the current maximum 0.667. Consumption of 0.1 per month supports a maximum of 0.8.,PROPOSED,2026-08-03
REC-000781,000000000010000520,3000,Pressure Transmitter Assembly 250MM KSB,IMPACT,REGULAR,12,35,62.498,47.100,13.120,9.900,223.035,144.100,ROP_MAX_SAFETY_STOCK,"Stock on hand 36 is below the current reorder point 62.498. At the IMPACT service level of 95% and a 35-day lead time, the reorder point should be 47.1.",APPROVED,2026-06-04
REC-000782,000000000010000521,1000,Ball Mill Trunnion Bearing 200MM FLSM,IMPACT,REGULAR,12,21,58.188,38.500,20.584,13.600,189.772,146.800,ROP_MAX_SAFETY_STOCK,Regular consumption of 36.1 per month over 24 months with a 21-day lead time gives a reorder point of 38.5 against the current 58.188.,PROPOSED,2026-08-09
REC-000783,000000000010000521,2000,Ball Mill Trunnion Bearing 200MM FLSM,IMPACT,REGULAR,11,21,49.064,28.600,16.966,9.900,85.864,109.800,ROP_MAX_SAFETY_STOCK,"Stock on hand 0 is below the current reorder point 49.064. At the IMPACT service level of 95% and a 21-day lead time, the reorder point should be 28.6.",PROPOSED,2026-08-11
REC-000784,000000000010000522,1000,Spherical Roller Bearing 10/8 WEIR,CRITICAL,INTERMITTENT,0,71,12.642,9.700,8.853,6.800,20.849,13.400,ROP_MAX_SAFETY_STOCK,"Stock on hand 0 is below the current reorder point 12.642. At the CRITICAL service level of 98% and a 71-day lead time, the reorder point should be 9.7.",APPROVED,2026-06-24
REC-000785,000000000010000523,3000,Apron Feeder Gear Reducer 6/4 MULTOTEC,CRITICAL,INTERMITTENT,4,97,10.451,20.400,5.627,11.000,46.043,29.300,ROP_MAX_SAFETY_STOCK,Intermittent consumption of 3.0 per month over 24 months with a 97-day lead time gives a reorder point of 20.4 against the current 10.451.,PROPOSED,2026-07-08
REC-000786,000000000030000109,1000,Ball Mill Gearbox Assembly 6/4 MULTOTEC,CRITICAL,ON_DEMAND,1,111,0.000,14.900,0.000,8.700,0.000,20.000,OAR_TO_MIN_MAX,This OAR material is classified CRITICAL on the critical parts list. Recommend Min-Max management with a reorder point of 14.9 and a maximum of 20.,PROPOSED,2026-07-13
REC-000787,000000000030000109,2000,Ball Mill Gearbox Assembly 6/4 MULTOTEC,CRITICAL,ON_DEMAND,6,111,10.722,10.500,6.356,6.200,18.807,14.000,OAR_TO_MIN_MAX,"This OAR material was consumed 6 times in the last 12 months, above the threshold of four. Recommend Min-Max management with a reorder point of 10.5 and a maximum of 14.",APPROVED,2026-07-17
REC-000788,000000000010000524,3000,Skirt Rubber Liner Section DN150 METSO,INSURANCE,INTERMITTENT,7,195,16.146,10.800,4.912,3.300,16.146,14.300,ROP_MAX_SAFETY_STOCK,Stock on hand 22 exceeds the current maximum 16.146. Consumption of 1.2 per month supports a maximum of 14.3.,APPROVED,2026-06-19
REC-000789,000000000010000524,1000,Skirt Rubber Liner Section DN150 METSO,INSURANCE,INTERMITTENT,6,195,7.258,10.200,2.340,3.300,13.583,13.400,ROP_MAX_SAFETY_STOCK,"Stock on hand 2 is below the current reorder point 7.258. At the INSURANCE service level of 90% and a 195-day lead time, the reorder point should be 10.2.",APPROVED,2026-07-31
REC-000790,000000000010000525,3000,Skirt Rubber Liner Section 6/4 SIEMENS,CRITICAL,INTERMITTENT,0,51,5.774,5.500,3.660,3.500,14.959,9.100,ROP_MAX_SAFETY_STOCK,"Stock on hand 0 is below the current reorder point 5.774. At the CRITICAL service level of 98% and a 51-day lead time, the reorder point should be 5.5.",PROPOSED,2026-07-17
REC-000791,000000000010000525,4000,Skirt Rubber Liner Section 6/4 SIEMENS,CRITICAL,INTERMITTENT,0,51,8.764,5.100,7.213,4.200,8.819,6.700,ROP_MAX_SAFETY_STOCK,"Stock on hand 0 is below the current reorder point 8.764. At the CRITICAL service level of 98% and a 51-day lead time, the reorder point should be 5.1.",REJECTED,2026-06-10
REC-000792,000000000090000029,4000,Flow Meter Sensor Head TYPE B ABB,OBSOLETE,NO_DEMAND,0,35,0.000,,0.000,,1.000,,NO_SAFETY_STOCK,Obsolete material: no safety stock recommended. Candidate for stock reduction review.,PROPOSED,2026-05-14
REC-000793,000000000080000112,4000,Pump Impeller 250MM WEIR,IMPACT,INTERMITTENT,5,57,7.036,4.200,4.156,2.500,7.273,7.000,ROP_MAX_SAFETY_STOCK,Stock on hand 11 exceeds the current maximum 7.273. Consumption of 0.9 per month supports a maximum of 7.,REJECTED,2026-06-14
REC-000794,000000000080000112,1000,Pump Impeller 250MM WEIR,IMPACT,INTERMITTENT,6,57,4.685,3.200,2.939,2.000,8.148,5.100,ROP_MAX_SAFETY_STOCK,Intermittent consumption of 0.6 per month over 24 months with a 57-day lead time gives a reorder point of 3.2 against the current 4.685.,REJECTED,2026-06-16
REC-000795,000000000010000526,1000,Ball Mill Shell Liner Plate TYPE B METSO,INSURANCE,INTERMITTENT,6,39,8.578,5.300,5.213,3.200,12.660,10.200,ROP_MAX_SAFETY_STOCK,"Stock on hand 8 is below the current reorder point 8.578. At the INSURANCE service level of 90% and a 39-day lead time, the reorder point should be 5.3.",PROPOSED,2026-08-31
REC-000796,000000000010000527,2000,Level Radar Transmitter 150MM SIEMENS,CRITICAL,INTERMITTENT,0,57,21.407,13.000,13.027,7.900,21.407,21.100,ROP_MAX_SAFETY_STOCK,"Stock on hand 0 is below the current reorder point 21.407. At the CRITICAL service level of 98% and a 57-day lead time, the reorder point should be 13.",REJECTED,2026-07-31
REC-000797,000000000010000528,1000,Thickener Rake Drive Gearbox DN100 SKF,NORMAL,SLOW,2,30,0.552,0.600,0.373,0.400,1.753,1.200,ROP_MAX_SAFETY_STOCK,Slow consumption of 0.2 per month over 24 months with a 30-day lead time gives a reorder point of 0.6 against the current 0.552.,PROPOSED,2026-07-03
REC-000798,000000000010000529,1000,Crusher Hydroset Cylinder 250KW SANDVIK,IMPACT,INTERMITTENT,6,37,6.489,5.500,4.007,3.400,14.752,10.800,ROP_MAX_SAFETY_STOCK,"Stock on hand 1 is below the current reorder point 6.489. At the IMPACT service level of 95% and a 37-day lead time, the reorder point should be 5.5.",APPROVED,2026-05-18
REC-000799,000000000080000113,3000,MCC Feeder Circuit Breaker 10/8 ABB,CRITICAL,INTERMITTENT,4,147,13.680,9.400,9.002,6.200,13.680,11.400,ROP_MAX_SAFETY_STOCK,"Stock on hand 11 is below the current reorder point 13.68. At the CRITICAL service level of 98% and a 147-day lead time, the reorder point should be 9.4.",HELD,2026-07-17
REC-000800,000000000010000530,1000,Flow Meter Sensor Head DN150 ABB,NORMAL,REGULAR,11,11,4.153,5.000,1.179,1.400,26.339,35.200,ROP_MAX_SAFETY_STOCK,"Stock on hand 0 is below the current reorder point 4.153. At the NORMAL service level of 85% and a 11-day lead time, the reorder point should be 5.",REJECTED,2026-08-23
REC-000801,000000000010000531,3000,Conveyor Pulley Bearing 150MM FLSM,NORMAL,REGULAR,11,30,20.960,14.300,4.895,3.300,83.705,47.700,ROP_MAX_SAFETY_STOCK,Regular consumption of 11.1 per month over 24 months with a 30-day lead time gives a reorder point of 14.3 against the current 20.96.,REJECTED,2026-08-27
REC-000802,000000000010000531,4000,Conveyor Pulley Bearing 150MM FLSM,NORMAL,REGULAR,12,30,66.956,37.600,18.037,10.100,213.858,121.300,ROP_MAX_SAFETY_STOCK,"Stock on hand 60 is below the current reorder point 66.956. At the NORMAL service level of 85% and a 30-day lead time, the reorder point should be 37.6.",PROPOSED,2026-07-04
REC-000803,000000000080000114,2000,Level Radar Transmitter 55KW SIEMENS,CRITICAL,INTERMITTENT,4,31,4.883,3.800,3.731,2.900,7.750,6.400,ROP_MAX_SAFETY_STOCK,"Stock on hand 1 is below the current reorder point 4.883. At the CRITICAL service level of 98% and a 31-day lead time, the reorder point should be 3.8.",PROPOSED,2026-05-28
REC-000804,000000000010000532,3000,Slurry Pump Mechanical Seal 6/4 WEIR,INSURANCE,INTERMITTENT,5,232,3.734,5.900,1.134,1.800,9.243,7.500,ROP_MAX_SAFETY_STOCK,Intermittent consumption of 0.5 per month over 24 months with a 232-day lead time gives a reorder point of 5.9 against the current 3.734.,PROPOSED,2026-08-02
REC-000805,000000000030000110,2000,Ball Mill Gearbox Assembly 110KW WEIR,IMPACT,ON_DEMAND,0,33,0.000,3.700,0.000,2.400,0.000,7.200,OAR_TO_MIN_MAX,This OAR material is classified IMPACT on the critical parts list. Recommend Min-Max management with a reorder point of 3.7 and a maximum of 7.2.,PROPOSED,2026-07-22
REC-000806,000000000010000533,3000,Ventilation Fan Motor 8/6 FLSM,NORMAL,REGULAR,10,35,36.781,27.600,7.868,5.900,102.652,84.100,ROP_MAX_SAFETY_STOCK,"Stock on hand 19 is below the current reorder point 36.781. At the NORMAL service level of 85% and a 35-day lead time, the reorder point should be 27.6.",REJECTED,2026-05-15
REC-000807,000000000010000534,2000,Mill Liner 250KW SEW,NORMAL,REGULAR,12,39,58.389,39.300,8.860,6.000,164.935,117.300,ROP_MAX_SAFETY_STOCK,Regular consumption of 26.0 per month over 24 months with a 39-day lead time gives a reorder point of 39.3 against the current 58.389.,PROPOSED,2026-07-01
REC-000808,000000000010000535,1000,Valve Assembly 10/8 SIEMENS,INSURANCE,INTERMITTENT,8,194,5.145,4.900,1.757,1.700,8.072,6.400,ROP_MAX_SAFETY_STOCK,"Stock on hand 3 is below the current reorder point 5.145. At the INSURANCE service level of 90% and a 194-day lead time, the reorder point should be 4.9.",PROPOSED,2026-05-24
REC-000809,000000000010000536,4000,Conveyor Pulley Bearing 250MM SIEMENS,INSURANCE,INTERMITTENT,4,187,1.580,2.600,0.802,1.300,5.612,3.200,ROP_MAX_SAFETY_STOCK,Intermittent consumption of 0.2 per month over 24 months with a 187-day lead time gives a reorder point of 2.6 against the current 1.58.,PROPOSED,2026-07-30
REC-000810,000000000010000536,3000,Conveyor Pulley Bearing 250MM SIEMENS,INSURANCE,INTERMITTENT,9,187,27.657,15.600,8.538,4.800,34.332,20.900,ROP_MAX_SAFETY_STOCK,"Stock on hand 11 is below the current reorder point 27.657. At the INSURANCE service level of 90% and a 187-day lead time, the reorder point should be 15.6.",PROPOSED,2026-05-19
REC-000811,000000000010000537,1000,Flotation Cell Impeller DN150 SANDVIK,IMPACT,REGULAR,11,32,44.917,32.300,12.240,8.800,143.253,99.300,ROP_MAX_SAFETY_STOCK,Regular consumption of 22.3 per month over 24 months with a 32-day lead time gives a reorder point of 32.3 against the current 44.917.,APPROVED,2026-08-03
REC-000812,000000000080000115,3000,Cyclone Apex Liner 6/4 SKF,IMPACT,INTERMITTENT,5,37,12.472,7.200,8.666,5.000,14.789,12.600,ROP_MAX_SAFETY_STOCK,Stock on hand 18 exceeds the current maximum 14.789. Consumption of 1.8 per month supports a maximum of 12.6.,HELD,2026-07-17
REC-000813,000000000010000538,1000,Mill Liner DN150 SKF,CRITICAL,INTERMITTENT,6,62,12.268,9.200,7.727,5.800,21.683,14.200,ROP_MAX_SAFETY_STOCK,Intermittent consumption of 1.7 per month over 24 months with a 62-day lead time gives a reorder point of 9.2 against the current 12.268.,PROPOSED,2026-07-01
REC-000814,000000000090000030,1000,Belt Scraper Blade Cartridge 55KW SEW,OBSOLETE,NO_DEMAND,0,14,0.000,,0.000,,1.000,,NO_SAFETY_STOCK,Obsolete material: no safety stock recommended. Candidate for stock reduction review.,PROPOSED,2026-05-24
REC-000815,000000000010000539,1000,Hydraulic Pump Assembly TYPE B FLSM,IMPACT,SLOW,3,25,0.331,0.700,0.267,0.600,1.776,1.200,ROP_MAX_SAFETY_STOCK,Slow consumption of 0.2 per month over 24 months with a 25-day lead time gives a reorder point of 0.7 against the current 0.331.,PROPOSED,2026-07-10
REC-000816,000000000010000539,2000,Hydraulic Pump Assembly TYPE B FLSM,IMPACT,SLOW,1,25,0.393,0.800,0.308,0.600,1.244,1.400,ROP_MAX_SAFETY_STOCK,Slow consumption of 0.2 per month over 24 months with a 25-day lead time gives a reorder point of 0.8 against the current 0.393.,PROPOSED,2026-07-22
REC-000817,000000000030000111,3000,MCC Feeder Circuit Breaker TYPE B WEIR,IMPACT,ON_DEMAND,2,13,0.000,3.100,0.000,2.400,0.000,8.100,OAR_TO_MIN_MAX,This OAR material is classified IMPACT on the critical parts list. Recommend Min-Max management with a reorder point of 3.1 and a maximum of 8.1.,REJECTED,2026-07-12
REC-000818,000000000010000541,1000,Gearbox Bearing TYPE B KSB,INSURANCE,INTERMITTENT,8,149,15.209,8.900,4.781,2.800,15.209,12.700,ROP_MAX_SAFETY_STOCK,Stock on hand 17 exceeds the current maximum 15.209. Consumption of 1.2 per month supports a maximum of 12.7.,APPROVED,2026-06-12
REC-000819,000000000010000541,3000,Gearbox Bearing TYPE B KSB,INSURANCE,INTERMITTENT,3,149,3.206,3.000,1.461,1.400,6.191,4.000,ROP_MAX_SAFETY_STOCK,Intermittent consumption of 0.3 per month over 24 months with a 149-day lead time gives a reorder point of 3 against the current 3.206.,APPROVED,2026-08-05
REC-000820,000000000030000112,2000,Skirt Rubber Liner Section 200MM SANDVIK,CRITICAL,ON_DEMAND,1,53,0.000,9.000,0.000,6.200,0.000,13.900,OAR_TO_MIN_MAX,This OAR material is classified CRITICAL on the critical parts list. Recommend Min-Max management with a reorder point of 9 and a maximum of 13.9.,REJECTED,2026-05-20
REC-000821,000000000080000116,1000,Slurry Pump Wet End Assembly 250MM,CRITICAL,INTERMITTENT,3,75,1.341,3.100,0.902,2.100,5.729,4.300,ROP_MAX_SAFETY_STOCK,Intermittent consumption of 0.4 per month over 24 months with a 75-day lead time gives a reorder point of 3.1 against the current 1.341.,PROPOSED,2026-07-13
REC-000822,000000000010000542,4000,Vertical Sump Pump Column 150MM SIEMENS,IMPACT,REGULAR,11,11,26.946,24.100,11.943,10.700,120.594,135.500,ROP_MAX_SAFETY_STOCK,Regular consumption of 37.1 per month over 24 months with a 11-day lead time gives a reorder point of 24.1 against the current 26.946.,APPROVED,2026-08-17
REC-000823,000000000010000543,3000,PLC Digital Output Card TYPE B ABB,INSURANCE,INTERMITTENT,3,189,4.229,3.300,1.904,1.500,5.618,4.200,ROP_MAX_SAFETY_STOCK,Stock on hand 6 exceeds the current maximum 5.618. Consumption of 0.3 per month supports a maximum of 4.2.,APPROVED,2026-07-08
REC-000824,000000000080000117,4000,Flotation Blower Motor HD SIEMENS,IMPACT,INTERMITTENT,3,49,2.515,1.600,1.785,1.100,3.881,2.500,ROP_MAX_SAFETY_STOCK,Intermittent consumption of 0.3 per month over 24 months with a 49-day lead time gives a reorder point of 1.6 against the current 2.515.,PROPOSED,2026-07-16
REC-000825,000000000010000544,1000,Slurry Pump Mechanical Seal 200MM METSO,CRITICAL,INTERMITTENT,0,53,10.628,6.500,6.733,4.100,15.800,10.600,ROP_MAX_SAFETY_STOCK,"Stock on hand 0 is below the current reorder point 10.628. At the CRITICAL service level of 98% and a 53-day lead time, the reorder point should be 6.5.",APPROVED,2026-06-07
REC-000826,000000000010000544,3000,Slurry Pump Mechanical Seal 200MM METSO,CRITICAL,INTERMITTENT,0,53,9.437,9.100,6.348,6.100,21.436,14.200,ROP_MAX_SAFETY_STOCK,"Stock on hand 0 is below the current reorder point 9.437. At the CRITICAL service level of 98% and a 53-day lead time, the reorder point should be 9.1.",REJECTED,2026-07-30
REC-000827,000000000030000115,3000,Cyclone Apex Liner 10/8 ABB,CRITICAL,ON_DEMAND,1,105,0.000,15.200,0.000,8.600,0.000,20.900,OAR_TO_MIN_MAX,This OAR material is classified CRITICAL on the critical parts list. Recommend Min-Max management with a reorder point of 15.2 and a maximum of 20.9.,APPROVED,2026-08-03
REC-000828,000000000010000545,4000,Gland Packing Seal Ring 8/6 SIEMENS,CRITICAL,INTERMITTENT,0,59,3.430,3.600,2.367,2.500,5.113,5.300,ROP_MAX_SAFETY_STOCK,"Stock on hand 0 is below the current reorder point 3.43. At the CRITICAL service level of 98% and a 59-day lead time, the reorder point should be 3.6.",PROPOSED,2026-06-01
REC-000829,000000000010000546,4000,Gearbox Bearing 6/4 WEIR,CRITICAL,REGULAR,12,131,254.449,152.100,50.243,30.000,368.223,237.200,ROP_MAX_SAFETY_STOCK,Regular consumption of 28.4 per month over 24 months with a 131-day lead time gives a reorder point of 152.1 against the current 254.449.,REJECTED,2026-07-08
REC-000830,000000000010000546,3000,Gearbox Bearing 6/4 WEIR,CRITICAL,REGULAR,10,131,78.492,98.300,14.085,17.600,132.871,154.600,ROP_MAX_SAFETY_STOCK,"Stock on hand 12 is below the current reorder point 78.492. At the CRITICAL service level of 98% and a 131-day lead time, the reorder point should be 98.3.",PROPOSED,2026-07-10
REC-000831,000000000010000547,2000,Slurry Pump Wet End Assembly 10/8,IMPACT,SLOW,2,22,1.153,0.800,0.915,0.600,2.308,1.400,ROP_MAX_SAFETY_STOCK,Slow consumption of 0.2 per month over 24 months with a 22-day lead time gives a reorder point of 0.8 against the current 1.153.,APPROVED,2026-06-26
REC-000832,000000000010000548,4000,Gland Packing Seal Ring HD SEW,IMPACT,INTERMITTENT,2,36,5.228,3.500,3.694,2.500,5.636,6.100,ROP_MAX_SAFETY_STOCK,Stock on hand 6 exceeds the current maximum 5.636. Consumption of 0.9 per month supports a maximum of 6.1.,PROPOSED,2026-08-31
REC-000833,000000000080000118,3000,Soft Starter Power Module DN150 SANDVIK,CRITICAL,INTERMITTENT,6,79,10.438,7.700,6.192,4.600,11.449,11.300,ROP_MAX_SAFETY_STOCK,"Stock on hand 5 is below the current reorder point 10.438. At the CRITICAL service level of 98% and a 79-day lead time, the reorder point should be 7.7.",PROPOSED,2026-06-30
REC-000834,000000000010000549,4000,Gearbox Bearing 110KW FLSM,CRITICAL,INTERMITTENT,5,192,6.127,5.200,3.046,2.600,6.127,6.500,ROP_MAX_SAFETY_STOCK,"Stock on hand 5 is below the current reorder point 6.127. At the CRITICAL service level of 98% and a 192-day lead time, the reorder point should be 5.2.",HELD,2026-08-15
REC-000835,000000000010000550,1000,Centrifugal Pump Casing HD SANDVIK,CRITICAL,SLOW,4,110,4.366,3.300,2.565,1.900,7.124,4.400,ROP_MAX_SAFETY_STOCK,Stock on hand 9 exceeds the current maximum 7.124. Consumption of 0.4 per month supports a maximum of 4.4.,REJECTED,2026-07-29
REC-000836,000000000010000551,1000,Slurry Pump Wet End Assembly 250MM KSB,CRITICAL,INTERMITTENT,5,155,4.551,10.600,2.002,4.700,18.721,14.100,ROP_MAX_SAFETY_STOCK,"Stock on hand 0 is below the current reorder point 4.551. At the CRITICAL service level of 98% and a 155-day lead time, the reorder point should be 10.6.",APPROVED,2026-05-27
REC-000837,000000000010000552,1000,Pump Impeller 6/4 ABB,IMPACT,SLOW,4,47,1.977,1.300,1.386,0.900,2.490,2.000,ROP_MAX_SAFETY_STOCK,Slow consumption of 0.2 per month over 24 months with a 47-day lead time gives a reorder point of 1.3 against the current 1.977.,REJECTED,2026-08-22
REC-000838,000000000010000553,1000,Skirt Rubber Liner Section DN100 WEIR,INSURANCE,SLOW,2,57,1.298,1.900,0.884,1.300,3.704,2.900,ROP_MAX_SAFETY_STOCK,Stock on hand 4 exceeds the current maximum 3.704. Consumption of 0.3 per month supports a maximum of 2.9.,PROPOSED,2026-07-15
REC-000839,000000000030000118,4000,Soft Starter Power Module 6/4 SANDVIK,CRITICAL,ON_DEMAND,2,101,0.000,15.200,0.000,7.500,0.000,22.200,OAR_TO_MIN_MAX,This OAR material is classified CRITICAL on the critical parts list. Recommend Min-Max management with a reorder point of 15.2 and a maximum of 22.2.,APPROVED,2026-07-13
REC-000840,000000000030000119,3000,Hydraulic Power Pack TYPE A KSB,IMPACT,ON_DEMAND,1,59,0.000,8.600,0.000,5.100,0.000,14.000,OAR_TO_MIN_MAX,This OAR material is classified IMPACT on the critical parts list. Recommend Min-Max management with a reorder point of 8.6 and a maximum of 14.,PROPOSED,2026-07-20
REC-000841,000000000030000120,3000,Centrifugal Pump Casing 150MM ABB,IMPACT,ON_DEMAND,1,51,0.000,10.700,0.000,6.400,0.000,18.400,OAR_TO_MIN_MAX,This OAR material is classified IMPACT on the critical parts list. Recommend Min-Max management with a reorder point of 10.7 and a maximum of 18.4.,PROPOSED,2026-07-14
REC-000842,000000000080000119,4000,Gland Packing Seal Ring 250MM SKF,NORMAL,INTERMITTENT,3,39,1.051,1.400,0.598,0.800,3.294,2.900,ROP_MAX_SAFETY_STOCK,Intermittent consumption of 0.5 per month over 24 months with a 39-day lead time gives a reorder point of 1.4 against the current 1.051.,HELD,2026-05-23
REC-000843,000000000010000557,3000,Vertical Sump Pump Column DN100 MULTOTEC,CRITICAL,INTERMITTENT,0,102,12.145,8.700,7.661,5.500,12.145,11.600,ROP_MAX_SAFETY_STOCK,"Stock on hand 0 is below the current reorder point 12.145. At the CRITICAL service level of 98% and a 102-day lead time, the reorder point should be 8.7.",PROPOSED,2026-05-26
REC-000844,000000000010000557,4000,Vertical Sump Pump Column DN100 MULTOTEC,CRITICAL,INTERMITTENT,0,102,8.297,5.800,4.894,3.400,8.297,7.900,ROP_MAX_SAFETY_STOCK,"Stock on hand 0 is below the current reorder point 8.297. At the CRITICAL service level of 98% and a 102-day lead time, the reorder point should be 5.8.",APPROVED,2026-08-13
REC-000845,000000000010000559,2000,Vertical Sump Pump Column DN100 SANDVIK,CRITICAL,INTERMITTENT,0,49,6.464,4.700,4.072,3.000,10.948,8.000,ROP_MAX_SAFETY_STOCK,"Stock on hand 0 is below the current reorder point 6.464. At the CRITICAL service level of 98% and a 49-day lead time, the reorder point should be 4.7.",APPROVED,2026-06-23
REC-000846,000000000080000120,1000,Soft Starter Power Module DN100 SANDVIK,NORMAL,INTERMITTENT,7,39,3.131,3.300,1.537,1.600,6.252,7.300,ROP_MAX_SAFETY_STOCK,"Stock on hand 0 is below the current reorder point 3.131. At the NORMAL service level of 85% and a 39-day lead time, the reorder point should be 3.3.",REJECTED,2026-06-28
REC-000847,000000000030000122,3000,Soft Starter Power Module 250KW ABB,IMPACT,ON_DEMAND,2,47,0.000,7.400,0.000,4.400,0.000,13.200,OAR_TO_MIN_MAX,This OAR material is classified IMPACT on the critical parts list. Recommend Min-Max management with a reorder point of 7.4 and a maximum of 13.2.,HELD,2026-07-27
REC-000848,000000000080000121,3000,Mill Lube Pump Motor TYPE B METSO,CRITICAL,INTERMITTENT,5,107,5.737,7.000,3.466,4.200,7.916,9.400,ROP_MAX_SAFETY_STOCK,"Stock on hand 1 is below the current reorder point 5.737. At the CRITICAL service level of 98% and a 107-day lead time, the reorder point should be 7.",REJECTED,2026-08-31
REC-000849,000000000010000560,2000,Conveyor Drive Motor HD WEIR,NORMAL,REGULAR,12,35,96.589,63.000,18.398,12.000,276.760,196.000,ROP_MAX_SAFETY_STOCK,Regular consumption of 44.3 per month over 24 months with a 35-day lead time gives a reorder point of 63 against the current 96.589.,APPROVED,2026-06-06
REC-000850,000000000080000122,2000,PLC Digital Output Card 150MM MULTOTEC,IMPACT,INTERMITTENT,7,14,2.354,2.400,1.694,1.700,10.327,6.700,ROP_MAX_SAFETY_STOCK,Intermittent consumption of 1.4 per month over 24 months with a 14-day lead time gives a reorder point of 2.4 against the current 2.354.,APPROVED,2026-07-26
REC-000851,000000000080000122,3000,PLC Digital Output Card 150MM MULTOTEC,IMPACT,INTERMITTENT,5,14,1.287,1.600,1.049,1.300,2.690,3.500,ROP_MAX_SAFETY_STOCK,Intermittent consumption of 0.6 per month over 24 months with a 14-day lead time gives a reorder point of 1.6 against the current 1.287.,PROPOSED,2026-05-22
REC-000852,000000000010000561,4000,Thickener Rake Drive Gearbox TYPE A ABB,NORMAL,INTERMITTENT,3,16,1.926,1.500,1.532,1.200,2.571,3.200,ROP_MAX_SAFETY_STOCK,Stock on hand 3 exceeds the current maximum 2.571. Consumption of 0.6 per month supports a maximum of 3.2.,PROPOSED,2026-08-16
REC-000853,000000000090000031,2000,Belt Scraper Blade Cartridge 250MM,OBSOLETE,NO_DEMAND,0,49,0.000,,0.000,,1.000,,NO_SAFETY_STOCK,Obsolete material: no safety stock recommended. Candidate for stock reduction review.,APPROVED,2026-07-28
REC-000854,000000000010000562,4000,MCC Feeder Circuit Breaker TYPE A WEIR,IMPACT,SLOW,1,19,1.185,0.600,0.954,0.500,1.311,1.200,ROP_MAX_SAFETY_STOCK,Stock on hand 2 exceeds the current maximum 1.311. Consumption of 0.2 per month supports a maximum of 1.2.,APPROVED,2026-08-09
REC-000855,000000000010000562,2000,MCC Feeder Circuit Breaker TYPE A WEIR,IMPACT,SLOW,1,19,0.801,0.800,0.601,0.600,1.454,1.800,ROP_MAX_SAFETY_STOCK,"Stock on hand 0 is below the current reorder point 0.801. At the IMPACT service level of 95% and a 19-day lead time, the reorder point should be 0.8.",APPROVED,2026-05-26
REC-000856,000000000080000123,2000,Ball Mill Trunnion Bearing DN150,NORMAL,INTERMITTENT,3,52,1.945,3.800,1.023,2.000,9.652,6.900,ROP_MAX_SAFETY_STOCK,"Stock on hand 1 is below the current reorder point 1.945. At the NORMAL service level of 85% and a 52-day lead time, the reorder point should be 3.8.",APPROVED,2026-05-12
REC-000857,000000000010000563,3000,PLC Digital Output Card 6/4 SANDVIK,NORMAL,REGULAR,12,55,106.602,66.100,21.760,13.500,165.629,153.500,ROP_MAX_SAFETY_STOCK,"Stock on hand 12 is below the current reorder point 106.602. At the NORMAL service level of 85% and a 55-day lead time, the reorder point should be 66.1.",REJECTED,2026-07-20
REC-000858,000000000080000124,2000,Slurry Pump Mechanical Seal TYPE B SEW,NORMAL,INTERMITTENT,7,40,13.027,8.200,5.625,3.500,26.258,18.800,ROP_MAX_SAFETY_STOCK,"Stock on hand 11 is below the current reorder point 13.027. At the NORMAL service level of 85% and a 40-day lead time, the reorder point should be 8.2.",REJECTED,2026-08-23
REC-000859,000000000080000125,2000,Conveyor Drive Gearbox 8/6 METSO,IMPACT,INTERMITTENT,4,18,3.373,2.000,2.410,1.400,6.904,4.900,ROP_MAX_SAFETY_STOCK,Intermittent consumption of 1.0 per month over 24 months with a 18-day lead time gives a reorder point of 2 against the current 3.373.,APPROVED,2026-05-13
REC-000860,000000000010000564,1000,Flotation Cell Impeller 10/8 KSB,INSURANCE,INTERMITTENT,7,162,7.326,4.200,2.653,1.500,8.687,5.700,ROP_MAX_SAFETY_STOCK,Intermittent consumption of 0.5 per month over 24 months with a 162-day lead time gives a reorder point of 4.2 against the current 7.326.,APPROVED,2026-08-06
REC-000861,000000000010000565,3000,Soft Starter Power Module 8/6 SEW,CRITICAL,INTERMITTENT,7,143,12.069,8.800,6.188,4.500,12.069,11.600,ROP_MAX_SAFETY_STOCK,Stock on hand 16 exceeds the current maximum 12.069. Consumption of 0.9 per month supports a maximum of 11.6.,PROPOSED,2026-06-27
REC-000862,000000000080000126,1000,Flow Meter Sensor Head TYPE A SKF,IMPACT,INTERMITTENT,4,26,1.988,2.800,1.496,2.100,6.536,5.200,ROP_MAX_SAFETY_STOCK,"Stock on hand 0 is below the current reorder point 1.988. At the IMPACT service level of 95% and a 26-day lead time, the reorder point should be 2.8.",APPROVED,2026-06-27
REC-000863,000000000080000127,4000,Slurry Density Transmitter 8/6 SIEMENS,NORMAL,INTERMITTENT,4,56,6.016,4.000,3.373,2.200,6.254,6.900,ROP_MAX_SAFETY_STOCK,"Stock on hand 2 is below the current reorder point 6.016. At the NORMAL service level of 85% and a 56-day lead time, the reorder point should be 4.",HELD,2026-06-02
REC-000864,000000000010000566,1000,Mill Lube Pump Motor DN150 KSB,NORMAL,INTERMITTENT,6,11,2.478,1.800,1.752,1.300,7.386,6.200,ROP_MAX_SAFETY_STOCK,Intermittent consumption of 1.5 per month over 24 months with a 11-day lead time gives a reorder point of 1.8 against the current 2.478.,APPROVED,2026-05-25
REC-000865,000000000080000128,2000,Skirt Rubber Liner Section 150MM SKF,CRITICAL,INTERMITTENT,3,119,2.783,4.200,1.910,2.900,4.399,5.200,ROP_MAX_SAFETY_STOCK,Intermittent consumption of 0.3 per month over 24 months with a 119-day lead time gives a reorder point of 4.2 against the current 2.783.,APPROVED,2026-08-06
REC-000866,000000000010000567,3000,Level Radar Transmitter TYPE B METSO,NORMAL,INTERMITTENT,1,46,0.714,1.500,0.439,0.900,3.612,2.600,ROP_MAX_SAFETY_STOCK,Stock on hand 4 exceeds the current maximum 3.612. Consumption of 0.4 per month supports a maximum of 2.6.,PROPOSED,2026-08-01
REC-000867,000000000010000568,3000,Crusher Main Shaft Bearing HD ABB,IMPACT,INTERMITTENT,3,33,2.183,5.200,1.645,3.900,14.030,8.700,ROP_MAX_SAFETY_STOCK,Intermittent consumption of 1.2 per month over 24 months with a 33-day lead time gives a reorder point of 5.2 against the current 2.183.,PROPOSED,2026-05-25
REC-000868,000000000010000568,1000,Crusher Main Shaft Bearing HD ABB,IMPACT,INTERMITTENT,3,33,9.733,6.700,6.409,4.400,22.563,13.100,ROP_MAX_SAFETY_STOCK,Intermittent consumption of 2.1 per month over 24 months with a 33-day lead time gives a reorder point of 6.7 against the current 9.733.,APPROVED,2026-07-17
REC-000869,000000000080000129,2000,Ventilation Fan Motor 150MM SEW,NORMAL,INTERMITTENT,3,24,0.576,1.300,0.395,0.900,4.031,2.800,ROP_MAX_SAFETY_STOCK,"Stock on hand 0 is below the current reorder point 0.576. At the NORMAL service level of 85% and a 24-day lead time, the reorder point should be 1.3.",APPROVED,2026-06-23
REC-000870,000000000010000569,4000,Ball Mill Shell Liner Plate 6/4 SANDVIK,IMPACT,REGULAR,12,37,34.191,24.500,8.785,6.300,54.412,69.500,ROP_MAX_SAFETY_STOCK,"Stock on hand 26 is below the current reorder point 34.191. At the IMPACT service level of 95% and a 37-day lead time, the reorder point should be 24.5.",APPROVED,2026-08-26
REC-000871,000000000010000569,2000,Ball Mill Shell Liner Plate 6/4 SANDVIK,IMPACT,REGULAR,11,37,56.615,41.300,14.238,10.400,177.393,117.700,ROP_MAX_SAFETY_STOCK,Regular consumption of 25.5 per month over 24 months with a 37-day lead time gives a reorder point of 41.3 against the current 56.615.,APPROVED,2026-07-31
REC-000872,000000000010000570,2000,Slurry Pump Wet End Assembly 6/4 FLSM,INSURANCE,INTERMITTENT,7,133,3.400,3.800,1.177,1.300,6.245,5.500,ROP_MAX_SAFETY_STOCK,"Stock on hand 2 is below the current reorder point 3.4. At the INSURANCE service level of 90% and a 133-day lead time, the reorder point should be 3.8.",PROPOSED,2026-06-04
REC-000873,000000000010000571,4000,Apron Feeder Gear Reducer 55KW SEW,NORMAL,INTERMITTENT,2,25,3.536,2.400,2.355,1.600,9.257,5.400,ROP_MAX_SAFETY_STOCK,Intermittent consumption of 1.0 per month over 24 months with a 25-day lead time gives a reorder point of 2.4 against the current 3.536.,PROPOSED,2026-06-13
REC-000874,000000000010000571,2000,Apron Feeder Gear Reducer 55KW SEW,NORMAL,INTERMITTENT,5,25,1.296,1.800,0.657,0.900,4.754,5.000,ROP_MAX_SAFETY_STOCK,Intermittent consumption of 1.1 per month over 24 months with a 25-day lead time gives a reorder point of 1.8 against the current 1.296.,APPROVED,2026-07-10
REC-000875,000000000010000572,1000,Slurry Pump Mechanical Seal DN100 METSO,IMPACT,REGULAR,10,34,26.033,61.700,8.530,20.200,206.622,173.200,ROP_MAX_SAFETY_STOCK,Regular consumption of 37.2 per month over 24 months with a 34-day lead time gives a reorder point of 61.7 against the current 26.033.,HELD,2026-06-25
REC-000876,000000000010000573,3000,Skirt Rubber Liner Section DN100 SKF,INSURANCE,SLOW,3,82,3.379,1.900,1.791,1.000,3.379,2.900,ROP_MAX_SAFETY_STOCK,"Stock on hand 3 is below the current reorder point 3.379. At the INSURANCE service level of 90% and a 82-day lead time, the reorder point should be 1.9.",APPROVED,2026-06-03
REC-000877,000000000010000574,1000,Ventilation Fan Motor 110KW KSB,NORMAL,INTERMITTENT,2,38,5.648,4.400,3.321,2.600,6.809,8.800,ROP_MAX_SAFETY_STOCK,"Stock on hand 1 is below the current reorder point 5.648. At the NORMAL service level of 85% and a 38-day lead time, the reorder point should be 4.4.",PROPOSED,2026-08-08
REC-000878,000000000010000575,2000,Screen Exciter Bearing TYPE A KSB,IMPACT,INTERMITTENT,5,56,4.619,5.300,2.820,3.200,12.084,8.700,ROP_MAX_SAFETY_STOCK,Intermittent consumption of 1.1 per month over 24 months with a 56-day lead time gives a reorder point of 5.3 against the current 4.619.,APPROVED,2026-05-14
REC-000879,000000000010000575,4000,Screen Exciter Bearing TYPE A KSB,IMPACT,INTERMITTENT,7,56,13.497,7.900,7.659,4.500,15.558,13.500,ROP_MAX_SAFETY_STOCK,Stock on hand 28 exceeds the current maximum 15.558. Consumption of 1.9 per month supports a maximum of 13.5.,APPROVED,2026-07-26
REC-000880,000000000010000576,4000,Pump Impeller 150MM FLSM,NORMAL,INTERMITTENT,4,10,0.614,0.900,0.421,0.600,3.288,3.400,ROP_MAX_SAFETY_STOCK,"Stock on hand 0 is below the current reorder point 0.614. At the NORMAL service level of 85% and a 10-day lead time, the reorder point should be 0.9.",REJECTED,2026-05-25
REC-000881,000000000030000125,3000,Slurry Pump Wet End Assembly 8/6,CRITICAL,ON_DEMAND,0,81,0.000,16.800,0.000,9.000,0.000,25.600,OAR_TO_MIN_MAX,This OAR material is classified CRITICAL on the critical parts list. Recommend Min-Max management with a reorder point of 16.8 and a maximum of 25.6.,APPROVED,2026-06-16
REC-000882,000000000030000125,1000,Slurry Pump Wet End Assembly 8/6,CRITICAL,ON_DEMAND,0,81,0.000,6.100,0.000,3.400,0.000,9.100,OAR_TO_MIN_MAX,This OAR material is classified CRITICAL on the critical parts list. Recommend Min-Max management with a reorder point of 6.1 and a maximum of 9.1.,REJECTED,2026-08-02
REC-000883,000000000010000577,3000,Ball Mill Trunnion Bearing 10/8 SIEMENS,CRITICAL,INTERMITTENT,3,126,4.637,4.000,2.451,2.100,9.108,5.400,ROP_MAX_SAFETY_STOCK,"Stock on hand 4 is below the current reorder point 4.637. At the CRITICAL service level of 98% and a 126-day lead time, the reorder point should be 4.",PROPOSED,2026-05-27
REC-000884,000000000080000130,1000,PLC Digital Output Card TYPE A SKF,IMPACT,INTERMITTENT,6,18,1.578,1.900,1.146,1.400,5.988,4.700,ROP_MAX_SAFETY_STOCK,Intermittent consumption of 0.9 per month over 24 months with a 18-day lead time gives a reorder point of 1.9 against the current 1.578.,APPROVED,2026-08-13
REC-000885,000000000010000579,2000,MCC Feeder Circuit Breaker 110KW SKF,CRITICAL,SLOW,2,114,4.632,4.900,3.144,3.300,8.134,6.200,ROP_MAX_SAFETY_STOCK,Stock on hand 14 exceeds the current maximum 8.134. Consumption of 0.4 per month supports a maximum of 6.2.,REJECTED,2026-09-01
REC-000886,000000000010000580,1000,Belt Scraper Blade Cartridge 200MM,INSURANCE,REGULAR,9,136,90.341,148.900,13.410,22.100,369.853,234.000,ROP_MAX_SAFETY_STOCK,Regular consumption of 28.4 per month over 24 months with a 136-day lead time gives a reorder point of 148.9 against the current 90.341.,HELD,2026-05-28
REC-000887,000000000010000581,1000,Cyclone Apex Liner TYPE B METSO,INSURANCE,INTERMITTENT,9,178,18.360,16.700,4.735,4.300,28.122,23.100,ROP_MAX_SAFETY_STOCK,"Stock on hand 10 is below the current reorder point 18.36. At the INSURANCE service level of 90% and a 178-day lead time, the reorder point should be 16.7.",APPROVED,2026-05-23
REC-000888,000000000010000582,1000,Vertical Sump Pump Column 250MM METSO,INSURANCE,REGULAR,12,137,266.292,193.600,29.483,21.400,542.491,308.400,ROP_MAX_SAFETY_STOCK,"Stock on hand 204 is below the current reorder point 266.292. At the INSURANCE service level of 90% and a 137-day lead time, the reorder point should be 193.6.",PROPOSED,2026-07-27
REC-000889,000000000010000583,2000,Thickener Rake Drive Gearbox DN150 KSB,NORMAL,INTERMITTENT,3,51,2.176,2.900,1.183,1.600,6.128,5.300,ROP_MAX_SAFETY_STOCK,"Stock on hand 0 is below the current reorder point 2.176. At the NORMAL service level of 85% and a 51-day lead time, the reorder point should be 2.9.",PROPOSED,2026-07-28
REC-000890,000000000010000584,4000,Apron Feeder Gear Reducer 10/8 SEW,CRITICAL,REGULAR,9,40,8.845,14.800,2.665,4.500,29.131,38.400,ROP_MAX_SAFETY_STOCK,"Stock on hand 3 is below the current reorder point 8.845. At the CRITICAL service level of 98% and a 40-day lead time, the reorder point should be 14.8.",REJECTED,2026-08-21
REC-000891,000000000010000584,3000,Apron Feeder Gear Reducer 10/8 SEW,CRITICAL,REGULAR,11,40,10.769,19.400,3.265,5.900,73.950,50.100,ROP_MAX_SAFETY_STOCK,"Stock on hand 4 is below the current reorder point 10.769. At the CRITICAL service level of 98% and a 40-day lead time, the reorder point should be 19.4.",APPROVED,2026-06-05
REC-000892,000000000010000585,2000,Hydraulic Power Pack 6/4 SEW,IMPACT,REGULAR,11,35,74.939,60.000,20.539,16.400,289.990,173.600,ROP_MAX_SAFETY_STOCK,Regular consumption of 37.9 per month over 24 months with a 35-day lead time gives a reorder point of 60 against the current 74.939.,PROPOSED,2026-06-17
REC-000893,000000000010000585,4000,Hydraulic Power Pack 6/4 SEW,IMPACT,REGULAR,12,35,58.258,48.700,16.850,14.100,191.538,139.100,ROP_MAX_SAFETY_STOCK,Regular consumption of 30.1 per month over 24 months with a 35-day lead time gives a reorder point of 48.7 against the current 58.258.,REJECTED,2026-06-01
REC-000894,000000000010000586,3000,Gearbox Bearing 110KW KSB,NORMAL,INTERMITTENT,3,40,2.317,1.800,1.303,1.000,4.152,3.500,ROP_MAX_SAFETY_STOCK,Intermittent consumption of 0.6 per month over 24 months with a 40-day lead time gives a reorder point of 1.8 against the current 2.317.,APPROVED,2026-08-03
REC-000895,000000000010000586,1000,Gearbox Bearing 110KW KSB,NORMAL,INTERMITTENT,6,40,6.442,4.600,3.242,2.300,17.775,9.800,ROP_MAX_SAFETY_STOCK,"Stock on hand 6 is below the current reorder point 6.442. At the NORMAL service level of 85% and a 40-day lead time, the reorder point should be 4.6.",APPROVED,2026-06-14
REC-000896,000000000030000127,2000,Ball Mill Trunnion Bearing 110KW KSB,IMPACT,ON_DEMAND,0,37,0.000,7.000,0.000,4.700,0.000,12.600,OAR_TO_MIN_MAX,This OAR material is classified IMPACT on the critical parts list. Recommend Min-Max management with a reorder point of 7 and a maximum of 12.6.,HELD,2026-08-05
REC-000897,000000000080000131,4000,Spherical Roller Bearing HD KSB,CRITICAL,INTERMITTENT,3,100,6.247,5.000,3.855,3.100,9.794,6.800,ROP_MAX_SAFETY_STOCK,"Stock on hand 5 is below the current reorder point 6.247. At the CRITICAL service level of 98% and a 100-day lead time, the reorder point should be 5.",REJECTED,2026-06-11
REC-000898,000000000080000131,3000,Spherical Roller Bearing HD KSB,CRITICAL,INTERMITTENT,4,100,7.243,7.000,4.443,4.300,16.936,9.500,ROP_MAX_SAFETY_STOCK,"Stock on hand 6 is below the current reorder point 7.243. At the CRITICAL service level of 98% and a 100-day lead time, the reorder point should be 7.",PROPOSED,2026-08-31
REC-000899,000000000010000587,3000,Screen Exciter Bearing TYPE A SEW,CRITICAL,INTERMITTENT,0,103,6.602,8.900,3.794,5.100,9.637,12.300,ROP_MAX_SAFETY_STOCK,"Stock on hand 0 is below the current reorder point 6.602. At the CRITICAL service level of 98% and a 103-day lead time, the reorder point should be 8.9.",PROPOSED,2026-08-04
REC-000900,000000000010000587,4000,Screen Exciter Bearing TYPE A SEW,CRITICAL,INTERMITTENT,0,103,3.592,5.200,2.013,2.900,7.852,7.200,ROP_MAX_SAFETY_STOCK,"Stock on hand 0 is below the current reorder point 3.592. At the CRITICAL service level of 98% and a 103-day lead time, the reorder point should be 5.2.",HELD,2026-05-16
REC-000901,000000000090000032,3000,PLC Digital Output Card 250MM METSO,OBSOLETE,NO_DEMAND,0,44,0.000,,0.000,,1.000,,NO_SAFETY_STOCK,Obsolete material: no safety stock recommended. Candidate for stock reduction review.,REJECTED,2026-07-15
REC-000902,000000000090000032,2000,PLC Digital Output Card 250MM METSO,OBSOLETE,NO_DEMAND,0,44,0.000,,0.000,,1.000,,NO_SAFETY_STOCK,Obsolete material: no safety stock recommended. Candidate for stock reduction review.,APPROVED,2026-05-14
REC-000903,000000000080000132,3000,Conveyor Pulley Bearing 10/8 MULTOTEC,NORMAL,INTERMITTENT,6,24,4.778,3.400,2.648,1.900,9.066,9.200,ROP_MAX_SAFETY_STOCK,Intermittent consumption of 1.9 per month over 24 months with a 24-day lead time gives a reorder point of 3.4 against the current 4.778.,PROPOSED,2026-07-10
REC-000904,000000000080000132,2000,Conveyor Pulley Bearing 10/8 MULTOTEC,NORMAL,INTERMITTENT,2,24,2.372,1.900,1.516,1.200,4.872,4.500,ROP_MAX_SAFETY_STOCK,Intermittent consumption of 0.9 per month over 24 months with a 24-day lead time gives a reorder point of 1.9 against the current 2.372.,REJECTED,2026-06-13
REC-000905,000000000010000589,1000,Gearbox Bearing TYPE A WEIR,NORMAL,REGULAR,11,42,13.397,17.500,2.513,3.300,69.613,48.400,ROP_MAX_SAFETY_STOCK,Stock on hand 70 exceeds the current maximum 69.613. Consumption of 10.3 per month supports a maximum of 48.4.,PROPOSED,2026-07-26
REC-000906,000000000010000590,3000,Mill Lube Pump Motor 150MM SANDVIK,IMPACT,REGULAR,12,59,46.659,46.900,10.478,10.500,103.676,103.300,ROP_MAX_SAFETY_STOCK,Regular consumption of 18.8 per month over 24 months with a 59-day lead time gives a reorder point of 46.9 against the current 46.659.,HELD,2026-05-29
REC-000907,000000000030000128,4000,Mill Lube Pump Motor 8/6 MULTOTEC,IMPACT,ON_DEMAND,5,56,7.960,4.900,5.581,3.400,9.560,7.300,OAR_TO_MIN_MAX,"This OAR material was consumed 5 times in the last 12 months, above the threshold of four. Recommend Min-Max management with a reorder point of 4.9 and a maximum of 7.3.",PROPOSED,2026-08-30
REC-000908,000000000030000128,3000,Mill Lube Pump Motor 8/6 MULTOTEC,IMPACT,ON_DEMAND,2,56,0.000,6.200,0.000,3.400,0.000,10.800,OAR_TO_MIN_MAX,This OAR material is classified IMPACT on the critical parts list. Recommend Min-Max management with a reorder point of 6.2 and a maximum of 10.8.,REJECTED,2026-07-03
REC-000909,000000000010000591,2000,MCC Feeder Circuit Breaker 10/8 SKF,CRITICAL,INTERMITTENT,0,58,3.554,3.800,2.228,2.400,10.404,6.000,ROP_MAX_SAFETY_STOCK,"Stock on hand 0 is below the current reorder point 3.554. At the CRITICAL service level of 98% and a 58-day lead time, the reorder point should be 3.8.",REJECTED,2026-06-18
REC-000910,000000000010000591,1000,MCC Feeder Circuit Breaker 10/8 SKF,CRITICAL,INTERMITTENT,0,58,9.638,11.400,6.080,7.200,18.904,18.000,ROP_MAX_SAFETY_STOCK,"Stock on hand 0 is below the current reorder point 9.638. At the CRITICAL service level of 98% and a 58-day lead time, the reorder point should be 11.4.",PROPOSED,2026-07-10
REC-000911,000000000010000592,1000,MCC Feeder Circuit Breaker 55KW MULTOTEC,NORMAL,INTERMITTENT,5,8,0.406,0.700,0.313,0.500,2.878,2.500,ROP_MAX_SAFETY_STOCK,Stock on hand 3 exceeds the current maximum 2.878. Consumption of 0.6 per month supports a maximum of 2.5.,PROPOSED,2026-07-29
REC-000912,000000000080000133,4000,Spherical Roller Bearing 150MM SIEMENS,IMPACT,INTERMITTENT,1,17,2.263,1.800,1.772,1.400,3.936,3.900,ROP_MAX_SAFETY_STOCK,Intermittent consumption of 0.7 per month over 24 months with a 17-day lead time gives a reorder point of 1.8 against the current 2.263.,PROPOSED,2026-07-25
REC-000913,000000000010000593,2000,Conveyor Pulley Bearing DN150 SKF,NORMAL,INTERMITTENT,5,49,1.631,2.200,0.892,1.200,5.447,4.100,ROP_MAX_SAFETY_STOCK,Intermittent consumption of 0.6 per month over 24 months with a 49-day lead time gives a reorder point of 2.2 against the current 1.631.,PROPOSED,2026-06-11
REC-000914,000000000010000594,2000,Vertical Sump Pump Column 10/8 MULTOTEC,INSURANCE,REGULAR,11,150,109.252,134.000,12.468,15.300,149.085,206.200,ROP_MAX_SAFETY_STOCK,"Stock on hand 25 is below the current reorder point 109.252. At the INSURANCE service level of 90% and a 150-day lead time, the reorder point should be 134.",REJECTED,2026-08-11
REC-000915,000000000030000131,3000,Pump Impeller 8/6 KSB,CRITICAL,ON_DEMAND,1,39,0.000,11.200,0.000,7.200,0.000,20.600,OAR_TO_MIN_MAX,This OAR material is classified CRITICAL on the critical parts list. Recommend Min-Max management with a reorder point of 11.2 and a maximum of 20.6.,PROPOSED,2026-07-14
REC-000916,000000000010000596,2000,Flotation Cell Impeller 6/4 MULTOTEC,CRITICAL,INTERMITTENT,2,103,11.406,12.400,7.374,8.000,13.289,16.300,ROP_MAX_SAFETY_STOCK,Stock on hand 17 exceeds the current maximum 13.289. Consumption of 1.3 per month supports a maximum of 16.3.,PROPOSED,2026-07-21
REC-000917,000000000080000134,3000,Thickener Rake Seal Kit 6/4 SEW,CRITICAL,INTERMITTENT,5,72,10.897,11.500,6.258,6.600,20.152,17.800,ROP_MAX_SAFETY_STOCK,Intermittent consumption of 2.1 per month over 24 months with a 72-day lead time gives a reorder point of 11.5 against the current 10.897.,APPROVED,2026-06-30
REC-000918,000000000010000598,4000,Centrifugal Pump Casing 250KW SEW,INSURANCE,REGULAR,11,106,42.114,69.700,5.804,9.600,189.581,121.500,ROP_MAX_SAFETY_STOCK,"Stock on hand 24 is below the current reorder point 42.114. At the INSURANCE service level of 90% and a 106-day lead time, the reorder point should be 69.7.",PROPOSED,2026-07-11
REC-000919,000000000090000033,3000,Flotation Blower Motor 250MM KSB,OBSOLETE,NO_DEMAND,0,26,0.000,,0.000,,1.000,,NO_SAFETY_STOCK,Obsolete material: no safety stock recommended. Candidate for stock reduction review.,APPROVED,2026-08-21
REC-000920,000000000010000599,2000,Agitator Shaft Seal TYPE A SANDVIK,NORMAL,REGULAR,11,47,79.124,49.600,15.113,9.500,130.530,127.500,ROP_MAX_SAFETY_STOCK,"Stock on hand 68 is below the current reorder point 79.124. At the NORMAL service level of 85% and a 47-day lead time, the reorder point should be 49.6.",APPROVED,2026-07-28
REC-000921,000000000010000600,2000,Spherical Roller Bearing 8/6 ABB,CRITICAL,REGULAR,12,102,80.224,86.600,18.226,19.700,262.725,146.500,ROP_MAX_SAFETY_STOCK,Regular consumption of 20.0 per month over 24 months with a 102-day lead time gives a reorder point of 86.6 against the current 80.224.,REJECTED,2026-08-16
REC-000922,000000000080000135,3000,Ball Mill Shell Liner Plate HD SANDVIK,CRITICAL,INTERMITTENT,4,82,4.226,9.500,2.532,5.700,14.886,13.800,ROP_MAX_SAFETY_STOCK,Intermittent consumption of 1.4 per month over 24 months with a 82-day lead time gives a reorder point of 9.5 against the current 4.226.,PROPOSED,2026-08-30
REC-000923,000000000080000135,4000,Ball Mill Shell Liner Plate HD SANDVIK,CRITICAL,INTERMITTENT,7,82,18.735,17.300,11.171,10.300,35.828,25.100,ROP_MAX_SAFETY_STOCK,Intermittent consumption of 2.6 per month over 24 months with a 82-day lead time gives a reorder point of 17.3 against the current 18.735.,APPROVED,2026-08-09
REC-000924,000000000080000136,1000,Slurry Pump Wet End Assembly 6/4 METSO,IMPACT,INTERMITTENT,3,34,3.783,3.200,2.793,2.400,4.734,5.500,ROP_MAX_SAFETY_STOCK,Stock on hand 5 exceeds the current maximum 4.734. Consumption of 0.8 per month supports a maximum of 5.5.,PROPOSED,2026-07-18
REC-000925,000000000080000136,4000,Slurry Pump Wet End Assembly 6/4 METSO,IMPACT,INTERMITTENT,7,34,3.055,3.200,2.037,2.100,8.905,6.100,ROP_MAX_SAFETY_STOCK,Intermittent consumption of 1.0 per month over 24 months with a 34-day lead time gives a reorder point of 3.2 against the current 3.055.,APPROVED,2026-06-15
REC-000926,000000000010000601,2000,Thickener Rake Drive Gearbox 55KW,IMPACT,INTERMITTENT,5,17,2.367,2.600,1.793,2.000,9.816,6.000,ROP_MAX_SAFETY_STOCK,Intermittent consumption of 1.1 per month over 24 months with a 17-day lead time gives a reorder point of 2.6 against the current 2.367.,APPROVED,2026-08-07
REC-000927,000000000010000602,4000,Conveyor Take-Up Pulley 10/8 SANDVIK,CRITICAL,REGULAR,11,81,86.030,71.900,19.041,15.900,171.825,135.000,ROP_MAX_SAFETY_STOCK,Regular consumption of 21.0 per month over 24 months with a 81-day lead time gives a reorder point of 71.9 against the current 86.03.,HELD,2026-06-19
REC-000928,000000000010000602,2000,Conveyor Take-Up Pulley 10/8 SANDVIK,CRITICAL,REGULAR,9,81,30.474,31.100,6.166,6.300,41.575,59.100,ROP_MAX_SAFETY_STOCK,Regular consumption of 9.3 per month over 24 months with a 81-day lead time gives a reorder point of 31.1 against the current 30.474.,APPROVED,2026-07-25
REC-000929,000000000010000603,2000,Crusher Main Shaft Bearing 55KW WEIR,INSURANCE,SLOW,1,85,1.278,1.300,0.813,0.800,1.604,1.800,ROP_MAX_SAFETY_STOCK,Stock on hand 2 exceeds the current maximum 1.604. Consumption of 0.2 per month supports a maximum of 1.8.,APPROVED,2026-07-01
REC-000930,000000000010000603,4000,Crusher Main Shaft Bearing 55KW WEIR,INSURANCE,SLOW,3,85,1.416,1.500,0.856,0.900,3.112,2.100,ROP_MAX_SAFETY_STOCK,"Stock on hand 1 is below the current reorder point 1.416. At the INSURANCE service level of 90% and a 85-day lead time, the reorder point should be 1.5.",APPROVED,2026-06-19
REC-000931,000000000010000605,4000,Skirt Rubber Liner Section DN150 WEIR,CRITICAL,INTERMITTENT,0,145,4.281,4.700,2.649,2.900,8.955,5.800,ROP_MAX_SAFETY_STOCK,"Stock on hand 0 is below the current reorder point 4.281. At the CRITICAL service level of 98% and a 145-day lead time, the reorder point should be 4.7.",APPROVED,2026-06-25
REC-000932,000000000010000605,2000,Skirt Rubber Liner Section DN150 WEIR,CRITICAL,INTERMITTENT,0,145,10.637,18.000,6.075,10.300,40.247,22.900,ROP_MAX_SAFETY_STOCK,"Stock on hand 0 is below the current reorder point 10.637. At the CRITICAL service level of 98% and a 145-day lead time, the reorder point should be 18.",APPROVED,2026-06-28
REC-000933,000000000010000607,1000,Flow Meter Sensor Head 200MM METSO,IMPACT,SLOW,2,45,1.335,2.000,1.008,1.500,3.389,3.000,ROP_MAX_SAFETY_STOCK,"Stock on hand 1 is below the current reorder point 1.335. At the IMPACT service level of 95% and a 45-day lead time, the reorder point should be 2.",APPROVED,2026-05-16
REC-000934,000000000080000137,2000,Vertical Sump Pump Column 200MM METSO,IMPACT,INTERMITTENT,6,55,8.455,4.700,5.220,2.900,11.534,7.700,ROP_MAX_SAFETY_STOCK,"Stock on hand 7 is below the current reorder point 8.455. At the IMPACT service level of 95% and a 55-day lead time, the reorder point should be 4.7.",PROPOSED,2026-06-28
REC-000935,000000000080000138,1000,Ball Mill Shell Liner Plate 250KW SEW,IMPACT,INTERMITTENT,2,22,3.423,2.000,2.644,1.500,5.290,3.900,ROP_MAX_SAFETY_STOCK,"Stock on hand 2 is below the current reorder point 3.423. At the IMPACT service level of 95% and a 22-day lead time, the reorder point should be 2.",REJECTED,2026-05-21
REC-000936,000000000080000139,2000,Ball Mill Shell Liner Plate 200MM ABB,CRITICAL,INTERMITTENT,2,145,4.392,6.800,2.846,4.400,11.017,8.300,ROP_MAX_SAFETY_STOCK,"Stock on hand 0 is below the current reorder point 4.392. At the CRITICAL service level of 98% and a 145-day lead time, the reorder point should be 6.8.",REJECTED,2026-07-29
REC-000937,000000000080000139,1000,Ball Mill Shell Liner Plate 200MM ABB,CRITICAL,INTERMITTENT,4,145,16.616,10.400,10.274,6.400,16.616,12.900,ROP_MAX_SAFETY_STOCK,"Stock on hand 16 is below the current reorder point 16.616. At the CRITICAL service level of 98% and a 145-day lead time, the reorder point should be 10.4.",HELD,2026-05-21
REC-000938,000000000010000608,1000,Hydraulic Power Pack 250MM FLSM,INSURANCE,INTERMITTENT,4,182,11.731,7.600,4.795,3.100,12.877,9.800,ROP_MAX_SAFETY_STOCK,Stock on hand 16 exceeds the current maximum 12.877. Consumption of 0.8 per month supports a maximum of 9.8.,HELD,2026-06-03
REC-000939,000000000080000140,4000,Flow Meter Sensor Head 150MM SKF,IMPACT,INTERMITTENT,5,25,1.094,1.700,0.818,1.300,3.326,3.300,ROP_MAX_SAFETY_STOCK,"Stock on hand 0 is below the current reorder point 1.094. At the IMPACT service level of 95% and a 25-day lead time, the reorder point should be 1.7.",APPROVED,2026-08-29
REC-000940,000000000010000610,4000,Flotation Cell Impeller 10/8 SKF,CRITICAL,INTERMITTENT,2,74,4.863,2.800,3.480,2.000,5.103,3.800,ROP_MAX_SAFETY_STOCK,Stock on hand 7 exceeds the current maximum 5.103. Consumption of 0.3 per month supports a maximum of 3.8.,APPROVED,2026-06-14
REC-000941,000000000080000141,1000,Ball Mill Trunnion Bearing 200MM SEW,IMPACT,INTERMITTENT,4,22,1.766,1.300,1.329,1.000,4.618,2.700,ROP_MAX_SAFETY_STOCK,Intermittent consumption of 0.5 per month over 24 months with a 22-day lead time gives a reorder point of 1.3 against the current 1.766.,HELD,2026-06-09
REC-000942,000000000010000611,4000,Agitator Shaft Seal 8/6 MULTOTEC,IMPACT,INTERMITTENT,3,44,9.425,5.500,6.533,3.800,9.425,9.000,ROP_MAX_SAFETY_STOCK,Stock on hand 10 exceeds the current maximum 9.425. Consumption of 1.2 per month supports a maximum of 9.,PROPOSED,2026-08-23
REC-000943,000000000010000612,4000,Cyclone Apex Liner 150MM ABB,CRITICAL,INTERMITTENT,5,140,21.201,11.800,11.202,6.200,21.201,15.400,ROP_MAX_SAFETY_STOCK,Stock on hand 27 exceeds the current maximum 21.201. Consumption of 1.2 per month supports a maximum of 15.4.,PROPOSED,2026-08-08
REC-000944,000000000010000612,1000,Cyclone Apex Liner 150MM ABB,CRITICAL,INTERMITTENT,2,140,6.286,6.000,4.280,4.100,12.076,7.200,ROP_MAX_SAFETY_STOCK,Intermittent consumption of 0.4 per month over 24 months with a 140-day lead time gives a reorder point of 6 against the current 6.286.,PROPOSED,2026-06-19
REC-000945,000000000080000142,3000,Gland Packing Seal Ring TYPE B WEIR,CRITICAL,INTERMITTENT,4,33,2.880,2.900,2.081,2.100,5.923,5.200,ROP_MAX_SAFETY_STOCK,Intermittent consumption of 0.8 per month over 24 months with a 33-day lead time gives a reorder point of 2.9 against the current 2.88.,HELD,2026-06-27
REC-000946,000000000030000137,3000,MCC Feeder Circuit Breaker 150MM WEIR,IMPACT,ON_DEMAND,0,42,0.000,4.400,0.000,3.300,0.000,6.900,OAR_TO_MIN_MAX,This OAR material is classified IMPACT on the critical parts list. Recommend Min-Max management with a reorder point of 4.4 and a maximum of 6.9.,PROPOSED,2026-07-17
REC-000947,000000000010000613,3000,Conveyor Idler Roller Set 150MM WEIR,CRITICAL,INTERMITTENT,6,147,6.331,13.000,3.313,6.800,18.853,16.900,ROP_MAX_SAFETY_STOCK,"Stock on hand 6 is below the current reorder point 6.331. At the CRITICAL service level of 98% and a 147-day lead time, the reorder point should be 13.",APPROVED,2026-08-15
REC-000948,000000000010000614,2000,Thickener Rake Seal Kit 6/4 SIEMENS,CRITICAL,INTERMITTENT,2,224,6.872,4.700,3.756,2.600,8.221,5.600,ROP_MAX_SAFETY_STOCK,Intermittent consumption of 0.3 per month over 24 months with a 224-day lead time gives a reorder point of 4.7 against the current 6.872.,APPROVED,2026-07-24
REC-000949,000000000010000615,3000,Conveyor Drive Motor HD KSB,NORMAL,INTERMITTENT,8,46,5.537,4.400,2.447,1.900,9.310,9.300,ROP_MAX_SAFETY_STOCK,"Stock on hand 1 is below the current reorder point 5.537. At the NORMAL service level of 85% and a 46-day lead time, the reorder point should be 4.4.",HELD,2026-07-01
REC-000950,000000000090000034,3000,PLC Digital Output Card DN100 SKF,OBSOLETE,NO_DEMAND,0,37,0.000,,0.000,,1.000,,NO_SAFETY_STOCK,Obsolete material: no safety stock recommended. Candidate for stock reduction review.,APPROVED,2026-08-25
REC-000951,000000000090000034,1000,PLC Digital Output Card DN100 SKF,OBSOLETE,NO_DEMAND,0,37,0.000,,0.000,,1.000,,NO_SAFETY_STOCK,Obsolete material: no safety stock recommended. Candidate for stock reduction review.,REJECTED,2026-06-14
REC-000952,000000000080000143,2000,Agitator Shaft Seal 110KW ABB,CRITICAL,INTERMITTENT,8,65,8.297,7.400,5.113,4.600,10.891,11.400,ROP_MAX_SAFETY_STOCK,"Stock on hand 5 is below the current reorder point 8.297. At the CRITICAL service level of 98% and a 65-day lead time, the reorder point should be 7.4.",PROPOSED,2026-08-06
REC-000953,000000000010000616,2000,Centrifugal Pump Casing 250MM FLSM,NORMAL,INTERMITTENT,7,57,6.062,8.000,2.733,3.600,21.975,15.000,ROP_MAX_SAFETY_STOCK,Intermittent consumption of 2.3 per month over 24 months with a 57-day lead time gives a reorder point of 8 against the current 6.062.,REJECTED,2026-06-13
REC-000954,000000000010000616,1000,Centrifugal Pump Casing 250MM FLSM,NORMAL,INTERMITTENT,5,57,4.163,4.900,2.171,2.600,11.720,8.700,ROP_MAX_SAFETY_STOCK,Intermittent consumption of 1.2 per month over 24 months with a 57-day lead time gives a reorder point of 4.9 against the current 4.163.,REJECTED,2026-08-14
REC-000955,000000000010000617,1000,Vertical Sump Pump Column 8/6 SKF,INSURANCE,INTERMITTENT,1,54,1.021,1.400,0.659,0.900,3.231,2.300,ROP_MAX_SAFETY_STOCK,Intermittent consumption of 0.3 per month over 24 months with a 54-day lead time gives a reorder point of 1.4 against the current 1.021.,REJECTED,2026-07-09
REC-000956,000000000010000617,3000,Vertical Sump Pump Column 8/6 SKF,INSURANCE,INTERMITTENT,7,54,5.482,3.400,3.229,2.000,6.715,5.800,ROP_MAX_SAFETY_STOCK,Stock on hand 10 exceeds the current maximum 6.715. Consumption of 0.8 per month supports a maximum of 5.8.,PROPOSED,2026-05-10
REC-000957,000000000080000144,2000,Agitator Shaft Seal 250MM FLSM,NORMAL,INTERMITTENT,6,59,7.785,8.700,3.228,3.600,17.807,16.600,ROP_MAX_SAFETY_STOCK,Stock on hand 22 exceeds the current maximum 17.807. Consumption of 2.6 per month supports a maximum of 16.6.,HELD,2026-05-21
REC-000958,000000000010000618,4000,Centrifugal Pump Casing 150MM FLSM,CRITICAL,INTERMITTENT,5,162,12.655,9.200,6.559,4.800,12.655,11.700,ROP_MAX_SAFETY_STOCK,"Stock on hand 9 is below the current reorder point 12.655. At the CRITICAL service level of 98% and a 162-day lead time, the reorder point should be 9.2.",APPROVED,2026-08-31
REC-000959,000000000010000618,3000,Centrifugal Pump Casing 150MM FLSM,CRITICAL,INTERMITTENT,6,162,4.910,10.100,2.339,4.800,18.933,13.100,ROP_MAX_SAFETY_STOCK,"Stock on hand 4 is below the current reorder point 4.91. At the CRITICAL service level of 98% and a 162-day lead time, the reorder point should be 10.1.",APPROVED,2026-06-16
REC-000960,000000000080000145,1000,Apron Feeder Gear Reducer TYPE A ABB,IMPACT,INTERMITTENT,4,54,15.851,9.800,9.758,6.000,24.302,16.200,ROP_MAX_SAFETY_STOCK,"Stock on hand 15 is below the current reorder point 15.851. At the IMPACT service level of 95% and a 54-day lead time, the reorder point should be 9.8.",HELD,2026-06-28
REC-000961,000000000030000138,4000,Conveyor Drive Motor DN150 WEIR,IMPACT,ON_DEMAND,0,57,0.000,6.500,0.000,4.100,0.000,10.400,OAR_TO_MIN_MAX,This OAR material is classified IMPACT on the critical parts list. Recommend Min-Max management with a reorder point of 6.5 and a maximum of 10.4.,APPROVED,2026-05-22
REC-000962,000000000010000619,4000,Slurry Pump Wet End Assembly 110KW METSO,CRITICAL,INTERMITTENT,0,100,15.664,10.600,8.996,6.100,15.664,14.700,ROP_MAX_SAFETY_STOCK,"Stock on hand 0 is below the current reorder point 15.664. At the CRITICAL service level of 98% and a 100-day lead time, the reorder point should be 10.6.",APPROVED,2026-07-10
REC-000963,000000000010000621,1000,Pressure Transmitter Assembly 55KW SEW,CRITICAL,INTERMITTENT,0,50,8.431,6.700,5.935,4.700,9.637,10.300,ROP_MAX_SAFETY_STOCK,"Stock on hand 0 is below the current reorder point 8.431. At the CRITICAL service level of 98% and a 50-day lead time, the reorder point should be 6.7.",REJECTED,2026-05-29
REC-000964,000000000010000622,1000,Ball Mill Shell Liner Plate 250KW SKF,IMPACT,SLOW,6,18,1.648,1.800,1.188,1.300,5.828,4.300,ROP_MAX_SAFETY_STOCK,Stock on hand 6 exceeds the current maximum 5.828. Consumption of 0.8 per month supports a maximum of 4.3.,PROPOSED,2026-07-20
REC-000965,000000000010000623,4000,Slurry Pump Wet End Assembly DN150,IMPACT,SLOW,2,25,0.812,0.900,0.619,0.700,1.657,1.600,ROP_MAX_SAFETY_STOCK,Slow consumption of 0.2 per month over 24 months with a 25-day lead time gives a reorder point of 0.9 against the current 0.812.,PROPOSED,2026-07-27
REC-000966,000000000010000624,2000,Conveyor Take-Up Pulley 8/6 METSO,CRITICAL,REGULAR,12,124,47.474,103.100,10.727,23.300,214.461,161.800,ROP_MAX_SAFETY_STOCK,"Stock on hand 16 is below the current reorder point 47.474. At the CRITICAL service level of 98% and a 124-day lead time, the reorder point should be 103.1.",PROPOSED,2026-06-27
REC-000967,000000000010000625,3000,Spherical Roller Bearing 55KW SEW,NORMAL,INTERMITTENT,6,15,3.358,2.600,2.153,1.700,15.048,8.300,ROP_MAX_SAFETY_STOCK,Intermittent consumption of 1.9 per month over 24 months with a 15-day lead time gives a reorder point of 2.6 against the current 3.358.,REJECTED,2026-05-11
REC-000968,000000000010000626,1000,Flotation Blower Motor DN100 FLSM,CRITICAL,REGULAR,12,42,42.269,25.500,13.918,8.400,65.847,62.600,ROP_MAX_SAFETY_STOCK,Regular consumption of 12.4 per month over 24 months with a 42-day lead time gives a reorder point of 25.5 against the current 42.269.,PROPOSED,2026-08-04
REC-000969,000000000010000627,2000,Pump Impeller 8/6 ABB,INSURANCE,SLOW,6,64,2.702,1.600,1.516,0.900,3.742,2.600,ROP_MAX_SAFETY_STOCK,Stock on hand 5 exceeds the current maximum 3.742. Consumption of 0.3 per month supports a maximum of 2.6.,PROPOSED,2026-05-23
REC-000970,000000000010000628,4000,Slurry Pump Mechanical Seal 200MM SEW,CRITICAL,INTERMITTENT,0,79,6.966,7.900,4.663,5.300,8.654,10.900,ROP_MAX_SAFETY_STOCK,"Stock on hand 0 is below the current reorder point 6.966. At the CRITICAL service level of 98% and a 79-day lead time, the reorder point should be 7.9.",PROPOSED,2026-09-02
REC-000971,000000000090000035,2000,Mill Liner 250MM SANDVIK,OBSOLETE,NO_DEMAND,0,17,0.000,,0.000,,1.000,,NO_SAFETY_STOCK,Obsolete material: no safety stock recommended. Candidate for stock reduction review.,HELD,2026-06-08
REC-000972,000000000010000629,1000,Flotation Blower Motor 8/6 MULTOTEC,CRITICAL,INTERMITTENT,4,98,25.258,15.400,15.360,9.400,26.564,21.000,ROP_MAX_SAFETY_STOCK,Stock on hand 33 exceeds the current maximum 26.564. Consumption of 1.9 per month supports a maximum of 21.,PROPOSED,2026-07-30
REC-000973,000000000010000629,4000,Flotation Blower Motor 8/6 MULTOTEC,CRITICAL,INTERMITTENT,7,98,13.221,8.800,7.342,4.900,19.369,12.400,ROP_MAX_SAFETY_STOCK,"Stock on hand 4 is below the current reorder point 13.221. At the CRITICAL service level of 98% and a 98-day lead time, the reorder point should be 8.8.",PROPOSED,2026-05-18
REC-000974,000000000030000140,3000,Ball Mill Trunnion Bearing 10/8 WEIR,IMPACT,ON_DEMAND,2,51,0.000,5.000,0.000,3.200,0.000,8.200,OAR_TO_MIN_MAX,This OAR material is classified IMPACT on the critical parts list. Recommend Min-Max management with a reorder point of 5 and a maximum of 8.2.,PROPOSED,2026-06-15
REC-000975,000000000010000630,1000,Flotation Cell Impeller 200MM SANDVIK,CRITICAL,INTERMITTENT,0,85,13.521,13.100,8.487,8.200,22.736,18.400,ROP_MAX_SAFETY_STOCK,"Stock on hand 0 is below the current reorder point 13.521. At the CRITICAL service level of 98% and a 85-day lead time, the reorder point should be 13.1.",REJECTED,2026-07-16
REC-000976,000000000010000631,1000,Centrifugal Pump Casing TYPE A MULTOTEC,CRITICAL,INTERMITTENT,7,154,9.559,10.200,4.414,4.700,10.871,13.400,ROP_MAX_SAFETY_STOCK,"Stock on hand 3 is below the current reorder point 9.559. At the CRITICAL service level of 98% and a 154-day lead time, the reorder point should be 10.2.",REJECTED,2026-05-21
REC-000977,000000000080000146,1000,Mill Liner 250KW SEW,CRITICAL,INTERMITTENT,7,118,16.527,14.300,9.821,8.500,19.597,18.800,ROP_MAX_SAFETY_STOCK,"Stock on hand 13 is below the current reorder point 16.527. At the CRITICAL service level of 98% and a 118-day lead time, the reorder point should be 14.3.",APPROVED,2026-05-24
REC-000978,000000000080000146,3000,Mill Liner 250KW SEW,CRITICAL,INTERMITTENT,5,118,27.223,20.400,14.964,11.200,27.223,27.500,ROP_MAX_SAFETY_STOCK,"Stock on hand 22 is below the current reorder point 27.223. At the CRITICAL service level of 98% and a 118-day lead time, the reorder point should be 20.4.",APPROVED,2026-05-26
REC-000979,000000000030000141,3000,Pressure Transmitter Assembly 8/6 KSB,CRITICAL,ON_DEMAND,1,38,0.000,3.000,0.000,2.100,0.000,5.100,OAR_TO_MIN_MAX,This OAR material is classified CRITICAL on the critical parts list. Recommend Min-Max management with a reorder point of 3 and a maximum of 5.1.,REJECTED,2026-08-01
REC-000980,000000000030000141,2000,Pressure Transmitter Assembly 8/6 KSB,CRITICAL,ON_DEMAND,3,38,0.000,4.400,0.000,3.100,0.000,7.500,OAR_TO_MIN_MAX,This OAR material is classified CRITICAL on the critical parts list. Recommend Min-Max management with a reorder point of 4.4 and a maximum of 7.5.,REJECTED,2026-08-12
REC-000981,000000000080000147,2000,Ventilation Fan Motor TYPE B ABB,IMPACT,INTERMITTENT,3,50,2.385,3.600,1.650,2.500,7.091,5.600,ROP_MAX_SAFETY_STOCK,"Stock on hand 2 is below the current reorder point 2.385. At the IMPACT service level of 95% and a 50-day lead time, the reorder point should be 3.6.",REJECTED,2026-06-06
REC-000982,000000000090000036,3000,Hydraulic Power Pack 10/8 SEW,OBSOLETE,NO_DEMAND,0,53,0.000,,0.000,,1.000,,NO_SAFETY_STOCK,Obsolete material: no safety stock recommended. Candidate for stock reduction review.,APPROVED,2026-07-27
REC-000983,000000000090000036,2000,Hydraulic Power Pack 10/8 SEW,OBSOLETE,NO_DEMAND,0,53,0.000,,0.000,,1.000,,NO_SAFETY_STOCK,Obsolete material: no safety stock recommended. Candidate for stock reduction review.,PROPOSED,2026-05-25
REC-000984,000000000080000148,4000,Agitator Shaft Seal DN100 METSO,IMPACT,INTERMITTENT,5,11,2.832,2.300,2.327,1.900,8.428,5.700,ROP_MAX_SAFETY_STOCK,Intermittent consumption of 1.1 per month over 24 months with a 11-day lead time gives a reorder point of 2.3 against the current 2.832.,APPROVED,2026-05-29
REC-000985,000000000010000633,4000,Variable Speed Drive Unit 6/4 KSB,CRITICAL,SLOW,1,61,0.811,1.000,0.674,0.800,2.103,1.200,ROP_MAX_SAFETY_STOCK,Stock on hand 4 exceeds the current maximum 2.103. Consumption of 0.1 per month supports a maximum of 1.2.,PROPOSED,2026-05-31
REC-000986,000000000030000142,1000,Gearbox Bearing 250MM KSB,IMPACT,ON_DEMAND,1,44,0.000,7.300,0.000,4.700,0.000,12.700,OAR_TO_MIN_MAX,This OAR material is classified IMPACT on the critical parts list. Recommend Min-Max management with a reorder point of 7.3 and a maximum of 12.7.,APPROVED,2026-05-14
REC-000987,000000000030000142,4000,Gearbox Bearing 250MM KSB,IMPACT,ON_DEMAND,4,44,1.404,2.200,0.907,1.400,3.553,3.800,OAR_TO_MIN_MAX,This OAR material is classified IMPACT on the critical parts list. Recommend Min-Max management with a reorder point of 2.2 and a maximum of 3.8.,APPROVED,2026-07-30
REC-000988,000000000080000149,2000,PLC Digital Output Card 150MM SIEMENS,NORMAL,INTERMITTENT,6,10,2.547,2.100,1.790,1.500,8.679,8.000,ROP_MAX_SAFETY_STOCK,"Stock on hand 2 is below the current reorder point 2.547. At the NORMAL service level of 85% and a 10-day lead time, the reorder point should be 2.1.",APPROVED,2026-06-11
REC-000989,000000000030000143,2000,Conveyor Take-Up Pulley 150MM FLSM,CRITICAL,ON_DEMAND,2,111,0.000,14.700,0.000,9.500,0.000,18.900,OAR_TO_MIN_MAX,This OAR material is classified CRITICAL on the critical parts list. Recommend Min-Max management with a reorder point of 14.7 and a maximum of 18.9.,APPROVED,2026-06-15
REC-000990,000000000030000143,3000,Conveyor Take-Up Pulley 150MM FLSM,CRITICAL,ON_DEMAND,0,111,0.000,22.300,0.000,12.100,0.000,30.700,OAR_TO_MIN_MAX,This OAR material is classified CRITICAL on the critical parts list. Recommend Min-Max management with a reorder point of 22.3 and a maximum of 30.7.,APPROVED,2026-07-08
REC-000991,000000000010000634,1000,Ball Mill Gearbox Assembly 8/6 WEIR,NORMAL,INTERMITTENT,5,60,6.263,4.000,3.427,2.200,10.924,6.800,ROP_MAX_SAFETY_STOCK,Intermittent consumption of 0.9 per month over 24 months with a 60-day lead time gives a reorder point of 4 against the current 6.263.,HELD,2026-08-26
REC-000992,000000000010000635,2000,Conveyor Idler Roller Set 150MM KSB,CRITICAL,INTERMITTENT,0,60,2.656,5.100,1.803,3.500,5.800,7.600,ROP_MAX_SAFETY_STOCK,"Stock on hand 0 is below the current reorder point 2.656. At the CRITICAL service level of 98% and a 60-day lead time, the reorder point should be 5.1.",HELD,2026-08-22
REC-000993,000000000090000037,3000,Ball Mill Gearbox Assembly 6/4 ABB,OBSOLETE,NO_DEMAND,0,47,0.000,,0.000,,1.000,,NO_SAFETY_STOCK,Obsolete material: no safety stock recommended. Candidate for stock reduction review.,PROPOSED,2026-05-10
REC-000994,000000000010000636,1000,Hydraulic Pump Assembly 8/6 WEIR,IMPACT,SLOW,3,14,0.887,0.600,0.705,0.500,1.271,1.500,ROP_MAX_SAFETY_STOCK,"Stock on hand 0 is below the current reorder point 0.887. At the IMPACT service level of 95% and a 14-day lead time, the reorder point should be 0.6.",APPROVED,2026-08-18
REC-000995,000000000010000637,2000,Variable Speed Drive Unit 8/6,IMPACT,INTERMITTENT,1,49,4.288,4.200,2.921,2.900,10.474,6.700,ROP_MAX_SAFETY_STOCK,Intermittent consumption of 0.8 per month over 24 months with a 49-day lead time gives a reorder point of 4.2 against the current 4.288.,HELD,2026-06-26
REC-000996,000000000010000638,1000,Mill Liner 55KW METSO,CRITICAL,REGULAR,11,114,109.232,89.200,22.301,18.200,143.290,146.100,ROP_MAX_SAFETY_STOCK,Regular consumption of 19.0 per month over 24 months with a 114-day lead time gives a reorder point of 89.2 against the current 109.232.,REJECTED,2026-05-10
REC-000997,000000000010000638,4000,Mill Liner 55KW METSO,CRITICAL,REGULAR,12,114,183.158,157.400,42.442,36.500,409.781,254.300,ROP_MAX_SAFETY_STOCK,Regular consumption of 32.3 per month over 24 months with a 114-day lead time gives a reorder point of 157.4 against the current 183.158.,APPROVED,2026-08-05
REC-000998,000000000010000639,1000,Spherical Roller Bearing 110KW METSO,IMPACT,INTERMITTENT,1,39,5.140,6.300,3.661,4.500,13.649,10.600,ROP_MAX_SAFETY_STOCK,Stock on hand 14 exceeds the current maximum 13.649. Consumption of 1.4 per month supports a maximum of 10.6.,REJECTED,2026-07-20
REC-000999,000000000010000640,4000,Skirt Rubber Liner Section 8/6 KSB,CRITICAL,INTERMITTENT,6,208,6.028,11.800,2.809,5.500,17.461,14.600,ROP_MAX_SAFETY_STOCK,Intermittent consumption of 0.9 per month over 24 months with a 208-day lead time gives a reorder point of 11.8 against the current 6.028.,REJECTED,2026-07-20
REC-001000,000000000010000641,2000,PLC Digital Output Card 250KW SANDVIK,INSURANCE,INTERMITTENT,3,51,3.619,6.500,1.987,3.600,13.914,11.800,ROP_MAX_SAFETY_STOCK,Intermittent consumption of 1.8 per month over 24 months with a 51-day lead time gives a reorder point of 6.5 against the current 3.619.,APPROVED,2026-05-10
REC-001001,000000000080000150,4000,Crusher Hydroset Cylinder DN150 SKF,NORMAL,INTERMITTENT,5,30,9.343,5.600,4.980,3.000,15.069,13.500,ROP_MAX_SAFETY_STOCK,"Stock on hand 8 is below the current reorder point 9.343. At the NORMAL service level of 85% and a 30-day lead time, the reorder point should be 5.6.",PROPOSED,2026-08-29
REC-001002,000000000010000642,2000,Conveyor Take-Up Pulley 200MM SEW,CRITICAL,REGULAR,11,136,116.211,222.300,24.155,46.200,375.488,340.600,ROP_MAX_SAFETY_STOCK,Regular consumption of 39.4 per month over 24 months with a 136-day lead time gives a reorder point of 222.3 against the current 116.211.,HELD,2026-06-05
REC-001003,000000000010000643,2000,Flow Meter Sensor Head HD KSB,INSURANCE,INTERMITTENT,4,184,2.637,4.400,0.967,1.600,6.908,5.800,ROP_MAX_SAFETY_STOCK,Intermittent consumption of 0.5 per month over 24 months with a 184-day lead time gives a reorder point of 4.4 against the current 2.637.,PROPOSED,2026-07-05
REC-001004,000000000080000151,1000,Valve Assembly TYPE B SKF,IMPACT,INTERMITTENT,5,55,4.406,2.600,2.891,1.700,7.399,4.100,ROP_MAX_SAFETY_STOCK,Intermittent consumption of 0.5 per month over 24 months with a 55-day lead time gives a reorder point of 2.6 against the current 4.406.,APPROVED,2026-06-13
REC-001005,000000000080000151,2000,Valve Assembly TYPE B SKF,IMPACT,INTERMITTENT,7,55,7.333,6.700,4.283,3.900,17.341,11.300,ROP_MAX_SAFETY_STOCK,"Stock on hand 4 is below the current reorder point 7.333. At the IMPACT service level of 95% and a 55-day lead time, the reorder point should be 6.7.",REJECTED,2026-07-09
REC-001006,000000000010000644,1000,Vertical Sump Pump Column DN150 SIEMENS,INSURANCE,REGULAR,12,50,54.835,32.100,12.763,7.500,119.964,77.100,ROP_MAX_SAFETY_STOCK,Regular consumption of 15.0 per month over 24 months with a 50-day lead time gives a reorder point of 32.1 against the current 54.835.,PROPOSED,2026-08-22
REC-001007,000000000010000645,3000,Flotation Blower Motor 10/8 SEW,CRITICAL,INTERMITTENT,5,176,6.672,11.700,2.832,5.000,16.050,15.200,ROP_MAX_SAFETY_STOCK,"Stock on hand 3 is below the current reorder point 6.672. At the CRITICAL service level of 98% and a 176-day lead time, the reorder point should be 11.7.",APPROVED,2026-08-06
REC-001008,000000000010000646,3000,MCC Feeder Circuit Breaker 8/6 SANDVIK,IMPACT,SLOW,2,16,2.227,1.400,1.783,1.100,4.206,2.900,ROP_MAX_SAFETY_STOCK,Slow consumption of 0.5 per month over 24 months with a 16-day lead time gives a reorder point of 1.4 against the current 2.227.,HELD,2026-08-13
REC-001009,000000000030000146,4000,Vertical Sump Pump Column 110KW MULTOTEC,CRITICAL,ON_DEMAND,1,94,0.000,10.800,0.000,7.100,0.000,14.400,OAR_TO_MIN_MAX,This OAR material is classified CRITICAL on the critical parts list. Recommend Min-Max management with a reorder point of 10.8 and a maximum of 14.4.,APPROVED,2026-09-01
REC-001010,000000000010000647,2000,Conveyor Drive Motor 6/4 METSO,IMPACT,INTERMITTENT,5,27,2.158,5.400,1.507,3.800,8.731,10.900,ROP_MAX_SAFETY_STOCK,"Stock on hand 0 is below the current reorder point 2.158. At the IMPACT service level of 95% and a 27-day lead time, the reorder point should be 5.4.",APPROVED,2026-05-21
REC-001011,000000000080000152,1000,Conveyor Drive Gearbox 250MM SEW,IMPACT,INTERMITTENT,3,22,5.011,3.700,3.679,2.700,6.917,7.700,ROP_MAX_SAFETY_STOCK,Stock on hand 7 exceeds the current maximum 6.917. Consumption of 1.3 per month supports a maximum of 7.7.,APPROVED,2026-06-04
REC-001012,000000000010000648,1000,Centrifugal Pump Casing TYPE B SIEMENS,INSURANCE,INTERMITTENT,6,122,4.471,3.600,1.592,1.300,4.471,5.300,ROP_MAX_SAFETY_STOCK,Stock on hand 5 exceeds the current maximum 4.471. Consumption of 0.6 per month supports a maximum of 5.3.,APPROVED,2026-07-24
REC-001013,000000000010000649,1000,Level Radar Transmitter DN150 KSB,INSURANCE,INTERMITTENT,6,43,3.131,2.000,1.903,1.200,3.728,3.600,ROP_MAX_SAFETY_STOCK,"Stock on hand 3 is below the current reorder point 3.131. At the INSURANCE service level of 90% and a 43-day lead time, the reorder point should be 2.",HELD,2026-08-01
REC-001014,000000000010000650,4000,Vertical Sump Pump Column 110KW KSB,CRITICAL,REGULAR,11,70,140.037,84.100,33.965,20.400,230.228,167.200,ROP_MAX_SAFETY_STOCK,"Stock on hand 90 is below the current reorder point 140.037. At the CRITICAL service level of 98% and a 70-day lead time, the reorder point should be 84.1.",REJECTED,2026-07-26
REC-001015,000000000010000651,2000,Hydraulic Power Pack TYPE A SIEMENS,CRITICAL,SLOW,1,75,1.100,1.100,0.897,0.900,1.213,1.400,ROP_MAX_SAFETY_STOCK,Stock on hand 2 exceeds the current maximum 1.213. Consumption of 0.1 per month supports a maximum of 1.4.,PROPOSED,2026-08-09
REC-001016,000000000010000652,4000,Hydraulic Pump Assembly 200MM KSB,CRITICAL,INTERMITTENT,5,52,3.321,3.900,2.289,2.700,6.957,6.000,ROP_MAX_SAFETY_STOCK,Stock on hand 8 exceeds the current maximum 6.957. Consumption of 0.7 per month supports a maximum of 6.,REJECTED,2026-07-18
REC-001017,000000000010000652,1000,Hydraulic Pump Assembly 200MM KSB,CRITICAL,INTERMITTENT,3,52,3.089,3.600,2.159,2.500,5.364,5.500,ROP_MAX_SAFETY_STOCK,Intermittent consumption of 0.6 per month over 24 months with a 52-day lead time gives a reorder point of 3.6 against the current 3.089.,PROPOSED,2026-07-04
REC-001018,000000000010000653,3000,Thickener Rake Seal Kit TYPE A SKF,IMPACT,REGULAR,11,7,10.894,7.100,5.263,3.400,82.091,55.000,ROP_MAX_SAFETY_STOCK,Regular consumption of 16.0 per month over 24 months with a 7-day lead time gives a reorder point of 7.1 against the current 10.894.,APPROVED,2026-08-17
REC-001019,000000000010000654,3000,Pump Impeller DN100 KSB,NORMAL,INTERMITTENT,2,32,1.752,2.300,1.296,1.700,3.055,4.000,ROP_MAX_SAFETY_STOCK,Intermittent consumption of 0.6 per month over 24 months with a 32-day lead time gives a reorder point of 2.3 against the current 1.752.,PROPOSED,2026-08-25
REC-001020,000000000010000654,1000,Pump Impeller DN100 KSB,NORMAL,INTERMITTENT,2,32,2.353,1.900,1.485,1.200,5.841,3.900,ROP_MAX_SAFETY_STOCK,Intermittent consumption of 0.7 per month over 24 months with a 32-day lead time gives a reorder point of 1.9 against the current 2.353.,PROPOSED,2026-07-28
REC-001021,000000000010000655,3000,Thickener Rake Drive Gearbox 110KW FLSM,INSURANCE,INTERMITTENT,4,102,11.262,8.200,6.061,4.400,11.262,11.600,ROP_MAX_SAFETY_STOCK,"Stock on hand 5 is below the current reorder point 11.262. At the INSURANCE service level of 90% and a 102-day lead time, the reorder point should be 8.2.",PROPOSED,2026-06-04
REC-001022,000000000010000656,4000,Hydraulic Pump Assembly 10/8 METSO,NORMAL,INTERMITTENT,4,19,4.324,2.800,2.758,1.800,6.110,7.700,ROP_MAX_SAFETY_STOCK,Intermittent consumption of 1.6 per month over 24 months with a 19-day lead time gives a reorder point of 2.8 against the current 4.324.,REJECTED,2026-07-05
REC-001023,000000000010000656,2000,Hydraulic Pump Assembly 10/8 METSO,NORMAL,INTERMITTENT,5,19,3.159,2.100,2.145,1.400,9.036,5.200,ROP_MAX_SAFETY_STOCK,Intermittent consumption of 1.0 per month over 24 months with a 19-day lead time gives a reorder point of 2.1 against the current 3.159.,REJECTED,2026-07-12
REC-001024,000000000010000657,3000,Ventilation Fan Motor 6/4 SKF,NORMAL,REGULAR,12,11,14.886,10.600,4.777,3.400,120.648,70.300,ROP_MAX_SAFETY_STOCK,Regular consumption of 19.9 per month over 24 months with a 11-day lead time gives a reorder point of 10.6 against the current 14.886.,APPROVED,2026-06-29
REC-001025,000000000010000658,1000,Crusher Hydroset Cylinder TYPE A SANDVIK,NORMAL,REGULAR,12,42,49.287,46.200,6.208,5.800,142.312,134.100,ROP_MAX_SAFETY_STOCK,Regular consumption of 29.3 per month over 24 months with a 42-day lead time gives a reorder point of 46.2 against the current 49.287.,APPROVED,2026-06-16
REC-001026,000000000010000659,3000,Pump Impeller 200MM METSO,INSURANCE,INTERMITTENT,2,123,5.548,4.300,3.379,2.600,7.307,5.500,ROP_MAX_SAFETY_STOCK,Intermittent consumption of 0.4 per month over 24 months with a 123-day lead time gives a reorder point of 4.3 against the current 5.548.,REJECTED,2026-05-26
REC-001027,000000000010000659,2000,Pump Impeller 200MM METSO,INSURANCE,INTERMITTENT,3,123,1.587,3.300,0.869,1.800,6.328,4.400,ROP_MAX_SAFETY_STOCK,"Stock on hand 0 is below the current reorder point 1.587. At the INSURANCE service level of 90% and a 123-day lead time, the reorder point should be 3.3.",HELD,2026-08-13
REC-001028,000000000010000660,3000,Apron Feeder Gear Reducer 10/8 SANDVIK,CRITICAL,INTERMITTENT,0,95,18.285,13.600,11.294,8.400,19.330,18.600,ROP_MAX_SAFETY_STOCK,"Stock on hand 0 is below the current reorder point 18.285. At the CRITICAL service level of 98% and a 95-day lead time, the reorder point should be 13.6.",HELD,2026-07-22
REC-001029,000000000010000661,4000,Pressure Transmitter Assembly 200MM,IMPACT,REGULAR,12,13,37.866,23.200,14.016,8.600,131.238,126.000,ROP_MAX_SAFETY_STOCK,Regular consumption of 34.2 per month over 24 months with a 13-day lead time gives a reorder point of 23.2 against the current 37.866.,APPROVED,2026-08-29
REC-001030,000000000010000662,1000,Ball Mill Shell Liner Plate 6/4 SIEMENS,NORMAL,INTERMITTENT,4,24,0.453,0.700,0.312,0.500,2.644,1.600,ROP_MAX_SAFETY_STOCK,"Stock on hand 0 is below the current reorder point 0.453. At the NORMAL service level of 85% and a 24-day lead time, the reorder point should be 0.7.",PROPOSED,2026-05-25
REC-001031,000000000010000663,2000,Pump Impeller 250MM FLSM,NORMAL,REGULAR,10,15,13.602,21.000,3.159,4.900,206.744,119.200,ROP_MAX_SAFETY_STOCK,Stock on hand 207 exceeds the current maximum 206.744. Consumption of 32.8 per month supports a maximum of 119.2.,APPROVED,2026-05-13
REC-001032,000000000010000664,3000,Mill Liner TYPE B SANDVIK,CRITICAL,REGULAR,10,55,52.214,69.200,12.290,16.300,258.527,157.100,ROP_MAX_SAFETY_STOCK,Regular consumption of 29.3 per month over 24 months with a 55-day lead time gives a reorder point of 69.2 against the current 52.214.,REJECTED,2026-05-25
REC-001033,000000000080000153,4000,Conveyor Drive Gearbox TYPE A WEIR,CRITICAL,INTERMITTENT,2,81,6.130,9.600,4.154,6.500,22.762,13.100,ROP_MAX_SAFETY_STOCK,Intermittent consumption of 1.2 per month over 24 months with a 81-day lead time gives a reorder point of 9.6 against the current 6.13.,HELD,2026-07-12
REC-001034,000000000010000665,3000,Crusher Hydroset Cylinder DN150 SANDVIK,NORMAL,SLOW,1,43,0.783,0.700,0.521,0.500,2.151,1.200,ROP_MAX_SAFETY_STOCK,Slow consumption of 0.2 per month over 24 months with a 43-day lead time gives a reorder point of 0.7 against the current 0.783.,REJECTED,2026-05-12
REC-001035,000000000010000666,1000,Conveyor Idler Roller Set DN100 WEIR,NORMAL,SLOW,3,25,0.619,0.600,0.400,0.400,2.270,1.500,ROP_MAX_SAFETY_STOCK,Slow consumption of 0.3 per month over 24 months with a 25-day lead time gives a reorder point of 0.6 against the current 0.619.,PROPOSED,2026-05-10
REC-001036,000000000010000667,1000,Variable Speed Drive Unit 250KW FLSM,CRITICAL,REGULAR,12,129,122.350,130.100,25.519,27.100,355.986,203.000,ROP_MAX_SAFETY_STOCK,"Stock on hand 44 is below the current reorder point 122.35. At the CRITICAL service level of 98% and a 129-day lead time, the reorder point should be 130.1.",APPROVED,2026-07-18
REC-001037,000000000010000667,3000,Variable Speed Drive Unit 250KW FLSM,CRITICAL,REGULAR,12,129,190.013,175.000,42.968,39.600,316.900,270.900,ROP_MAX_SAFETY_STOCK,Stock on hand 370 exceeds the current maximum 316.9. Consumption of 32.0 per month supports a maximum of 270.9.,APPROVED,2026-05-23
REC-001038,000000000010000668,1000,Skirt Rubber Liner Section TYPE B SKF,CRITICAL,INTERMITTENT,0,79,13.471,12.400,8.039,7.400,24.592,18.100,ROP_MAX_SAFETY_STOCK,"Stock on hand 0 is below the current reorder point 13.471. At the CRITICAL service level of 98% and a 79-day lead time, the reorder point should be 12.4.",APPROVED,2026-05-17
REC-001039,000000000080000154,4000,Gland Packing Seal Ring DN150 WEIR,NORMAL,INTERMITTENT,6,32,2.682,1.900,1.532,1.100,6.173,4.200,ROP_MAX_SAFETY_STOCK,"Stock on hand 2 is below the current reorder point 2.682. At the NORMAL service level of 85% and a 32-day lead time, the reorder point should be 1.9.",APPROVED,2026-08-30
REC-001040,000000000030000150,2000,Cyclone Apex Liner DN150 SKF,CRITICAL,ON_DEMAND,2,116,0.000,10.100,0.000,5.800,0.000,13.500,OAR_TO_MIN_MAX,This OAR material is classified CRITICAL on the critical parts list. Recommend Min-Max management with a reorder point of 10.1 and a maximum of 13.5.,PROPOSED,2026-08-10
REC-001041,000000000010000669,3000,MCC Feeder Circuit Breaker 110KW FLSM,CRITICAL,INTERMITTENT,0,30,2.351,2.600,1.707,1.900,7.798,4.700,ROP_MAX_SAFETY_STOCK,"Stock on hand 0 is below the current reorder point 2.351. At the CRITICAL service level of 98% and a 30-day lead time, the reorder point should be 2.6.",REJECTED,2026-08-27
REC-001042,000000000010000670,2000,Ball Mill Gearbox Assembly 10/8 MULTOTEC,INSURANCE,INTERMITTENT,6,189,7.371,10.400,2.267,3.200,10.832,13.900,ROP_MAX_SAFETY_STOCK,"Stock on hand 3 is below the current reorder point 7.371. At the INSURANCE service level of 90% and a 189-day lead time, the reorder point should be 10.4.",APPROVED,2026-07-21
REC-001043,000000000030000151,3000,Slurry Pump Wet End Assembly 110KW ABB,CRITICAL,ON_DEMAND,0,72,0.000,5.900,0.000,3.400,0.000,9.000,OAR_TO_MIN_MAX,This OAR material is classified CRITICAL on the critical parts list. Recommend Min-Max management with a reorder point of 5.9 and a maximum of 9.,APPROVED,2026-07-10
REC-001044,000000000030000151,4000,Slurry Pump Wet End Assembly 110KW ABB,CRITICAL,ON_DEMAND,3,72,0.000,3.700,0.000,2.500,0.000,5.200,OAR_TO_MIN_MAX,This OAR material is classified CRITICAL on the critical parts list. Recommend Min-Max management with a reorder point of 3.7 and a maximum of 5.2.,APPROVED,2026-05-22
REC-001045,000000000080000155,4000,Conveyor Idler Roller Set 8/6 WEIR,IMPACT,INTERMITTENT,6,54,3.104,3.200,1.954,2.000,5.917,5.200,ROP_MAX_SAFETY_STOCK,"Stock on hand 0 is below the current reorder point 3.104. At the IMPACT service level of 95% and a 54-day lead time, the reorder point should be 3.2.",PROPOSED,2026-07-05
REC-001046,000000000080000156,2000,Apron Feeder Gear Reducer 6/4 ABB,IMPACT,INTERMITTENT,5,39,3.083,4.100,2.272,3.000,9.598,6.600,ROP_MAX_SAFETY_STOCK,Intermittent consumption of 0.8 per month over 24 months with a 39-day lead time gives a reorder point of 4.1 against the current 3.083.,HELD,2026-06-17
REC-001047,000000000080000156,4000,Apron Feeder Gear Reducer 6/4 ABB,IMPACT,INTERMITTENT,4,39,13.204,8.000,8.401,5.100,13.204,14.900,ROP_MAX_SAFETY_STOCK,"Stock on hand 8 is below the current reorder point 13.204. At the IMPACT service level of 95% and a 39-day lead time, the reorder point should be 8.",REJECTED,2026-07-19
REC-001048,000000000010000671,2000,Ventilation Fan Motor DN150 MULTOTEC,CRITICAL,INTERMITTENT,0,44,5.039,2.900,3.490,2.000,7.490,4.800,ROP_MAX_SAFETY_STOCK,"Stock on hand 0 is below the current reorder point 5.039. At the CRITICAL service level of 98% and a 44-day lead time, the reorder point should be 2.9.",PROPOSED,2026-05-12
REC-001049,000000000010000672,3000,Crusher Main Shaft Bearing 250MM METSO,CRITICAL,INTERMITTENT,7,153,16.513,10.500,7.293,4.600,19.586,14.000,ROP_MAX_SAFETY_STOCK,"Stock on hand 10 is below the current reorder point 16.513. At the CRITICAL service level of 98% and a 153-day lead time, the reorder point should be 10.5.",APPROVED,2026-07-01
REC-001050,000000000010000673,4000,Slurry Pump Mechanical Seal 150MM SEW,CRITICAL,INTERMITTENT,3,99,12.005,8.000,7.362,4.900,16.421,10.900,ROP_MAX_SAFETY_STOCK,Intermittent consumption of 1.0 per month over 24 months with a 99-day lead time gives a reorder point of 8 against the current 12.005.,APPROVED,2026-05-26
REC-001051,000000000010000674,4000,Soft Starter Power Module 150MM SEW,CRITICAL,REGULAR,12,91,59.616,78.000,13.165,17.200,242.421,139.000,ROP_MAX_SAFETY_STOCK,Regular consumption of 20.3 per month over 24 months with a 91-day lead time gives a reorder point of 78 against the current 59.616.,PROPOSED,2026-06-28
REC-001052,000000000010000675,1000,Gearbox Bearing 6/4 SEW,NORMAL,INTERMITTENT,3,41,2.990,3.700,1.716,2.100,12.694,7.200,ROP_MAX_SAFETY_STOCK,Intermittent consumption of 1.2 per month over 24 months with a 41-day lead time gives a reorder point of 3.7 against the current 2.99.,REJECTED,2026-06-05
REC-001053,000000000010000675,4000,Gearbox Bearing 6/4 SEW,NORMAL,INTERMITTENT,5,41,3.168,1.700,1.659,0.900,6.235,3.600,ROP_MAX_SAFETY_STOCK,"Stock on hand 1 is below the current reorder point 3.168. At the NORMAL service level of 85% and a 41-day lead time, the reorder point should be 1.7.",HELD,2026-06-29
REC-001054,000000000010000676,2000,Ventilation Fan Motor 10/8 SIEMENS,NORMAL,INTERMITTENT,4,10,1.251,1.200,0.923,0.900,2.957,4.100,ROP_MAX_SAFETY_STOCK,Stock on hand 3 exceeds the current maximum 2.957. Consumption of 1.0 per month supports a maximum of 4.1.,APPROVED,2026-08-02
REC-001055,000000000080000157,4000,Variable Speed Drive Unit TYPE B METSO,CRITICAL,INTERMITTENT,4,93,13.873,8.700,9.606,6.000,18.831,11.300,ROP_MAX_SAFETY_STOCK,"Stock on hand 12 is below the current reorder point 13.873. At the CRITICAL service level of 98% and a 93-day lead time, the reorder point should be 8.7.",PROPOSED,2026-08-27
REC-001056,000000000080000158,2000,Conveyor Pulley Bearing TYPE B SANDVIK,IMPACT,INTERMITTENT,7,53,5.841,6.600,3.339,3.800,11.441,11.500,ROP_MAX_SAFETY_STOCK,"Stock on hand 3 is below the current reorder point 5.841. At the IMPACT service level of 95% and a 53-day lead time, the reorder point should be 6.6.",APPROVED,2026-09-01
REC-001057,000000000080000158,1000,Conveyor Pulley Bearing TYPE B SANDVIK,IMPACT,INTERMITTENT,6,53,6.218,4.400,3.952,2.800,6.218,7.200,ROP_MAX_SAFETY_STOCK,Stock on hand 8 exceeds the current maximum 6.218. Consumption of 0.9 per month supports a maximum of 7.2.,APPROVED,2026-06-25
REC-001058,000000000090000038,4000,Crusher Main Shaft Bearing TYPE A SEW,OBSOLETE,NO_DEMAND,0,7,0.000,,0.000,,1.000,,NO_SAFETY_STOCK,Obsolete material: no safety stock recommended. Candidate for stock reduction review.,HELD,2026-06-12
REC-001059,000000000090000038,3000,Crusher Main Shaft Bearing TYPE A SEW,OBSOLETE,NO_DEMAND,0,7,0.000,,0.000,,1.000,,NO_SAFETY_STOCK,Obsolete material: no safety stock recommended. Candidate for stock reduction review.,HELD,2026-07-13
REC-001060,000000000030000153,4000,Crusher Hydroset Cylinder 55KW SKF,CRITICAL,ON_DEMAND,0,78,0.000,10.500,0.000,7.200,0.000,14.400,OAR_TO_MIN_MAX,This OAR material is classified CRITICAL on the critical parts list. Recommend Min-Max management with a reorder point of 10.5 and a maximum of 14.4.,APPROVED,2026-08-29
REC-001061,000000000010000677,1000,Gland Packing Seal Ring 55KW FLSM,IMPACT,INTERMITTENT,9,45,3.575,2.900,2.209,1.800,9.206,5.200,ROP_MAX_SAFETY_STOCK,Intermittent consumption of 0.8 per month over 24 months with a 45-day lead time gives a reorder point of 2.9 against the current 3.575.,HELD,2026-06-15
REC-001062,000000000010000678,1000,PLC Digital Output Card 200MM FLSM,IMPACT,SLOW,1,43,0.829,0.900,0.654,0.700,1.768,1.300,ROP_MAX_SAFETY_STOCK,Stock on hand 2 exceeds the current maximum 1.768. Consumption of 0.1 per month supports a maximum of 1.3.,PROPOSED,2026-07-24
REC-001063,000000000010000679,1000,Hydraulic Power Pack DN100 FLSM,CRITICAL,INTERMITTENT,0,30,4.004,4.800,3.180,3.800,6.668,7.800,ROP_MAX_SAFETY_STOCK,"Stock on hand 0 is below the current reorder point 4.004. At the CRITICAL service level of 98% and a 30-day lead time, the reorder point should be 4.8.",APPROVED,2026-07-31
REC-001064,000000000090000039,1000,Vertical Sump Pump Column HD SANDVIK,OBSOLETE,NO_DEMAND,0,43,0.000,,0.000,,1.000,,NO_SAFETY_STOCK,Obsolete material: no safety stock recommended. Candidate for stock reduction review.,APPROVED,2026-07-08
REC-001065,000000000080000159,2000,Mill Liner 150MM WEIR,IMPACT,INTERMITTENT,4,48,9.012,5.900,5.993,3.900,12.071,9.700,ROP_MAX_SAFETY_STOCK,Stock on hand 13 exceeds the current maximum 12.071. Consumption of 1.2 per month supports a maximum of 9.7.,APPROVED,2026-08-01
REC-001066,000000000080000159,3000,Mill Liner 150MM WEIR,IMPACT,INTERMITTENT,5,48,6.645,3.800,4.116,2.400,9.903,6.500,ROP_MAX_SAFETY_STOCK,"Stock on hand 3 is below the current reorder point 6.645. At the IMPACT service level of 95% and a 48-day lead time, the reorder point should be 3.8.",REJECTED,2026-09-02
REC-001067,000000000010000680,3000,Pressure Transmitter Assembly 55KW SKF,INSURANCE,INTERMITTENT,3,141,6.015,8.800,2.736,4.000,18.086,11.900,ROP_MAX_SAFETY_STOCK,Intermittent consumption of 1.0 per month over 24 months with a 141-day lead time gives a reorder point of 8.8 against the current 6.015.,REJECTED,2026-08-26
REC-001068,000000000010000681,4000,Valve Assembly 55KW SANDVIK,NORMAL,REGULAR,11,36,41.027,24.600,8.694,5.200,76.286,73.800,ROP_MAX_SAFETY_STOCK,"Stock on hand 33 is below the current reorder point 41.027. At the NORMAL service level of 85% and a 36-day lead time, the reorder point should be 24.6.",PROPOSED,2026-05-19
REC-001069,000000000010000681,2000,Valve Assembly 55KW SANDVIK,NORMAL,REGULAR,11,36,35.754,33.600,6.809,6.400,101.971,102.600,ROP_MAX_SAFETY_STOCK,Regular consumption of 23.0 per month over 24 months with a 36-day lead time gives a reorder point of 33.6 against the current 35.754.,PROPOSED,2026-07-13
REC-001070,000000000080000160,2000,Conveyor Take-Up Pulley 110KW METSO,CRITICAL,INTERMITTENT,1,58,2.175,5.200,1.613,3.900,10.800,7.300,ROP_MAX_SAFETY_STOCK,Intermittent consumption of 0.7 per month over 24 months with a 58-day lead time gives a reorder point of 5.2 against the current 2.175.,PROPOSED,2026-08-23
REC-001071,000000000010000682,1000,Conveyor Idler Roller Set 250MM SKF,INSURANCE,SLOW,4,46,0.578,1.100,0.361,0.700,2.668,2.000,ROP_MAX_SAFETY_STOCK,Stock on hand 3 exceeds the current maximum 2.668. Consumption of 0.3 per month supports a maximum of 2.,PROPOSED,2026-06-01
REC-001072,000000000010000683,2000,Skirt Rubber Liner Section 250KW SANDVIK,CRITICAL,REGULAR,9,119,51.637,118.300,11.737,26.900,140.592,188.400,ROP_MAX_SAFETY_STOCK,Regular consumption of 23.4 per month over 24 months with a 119-day lead time gives a reorder point of 118.3 against the current 51.637.,REJECTED,2026-05-14
REC-001073,000000000010000683,3000,Skirt Rubber Liner Section 250KW SANDVIK,CRITICAL,REGULAR,12,119,129.790,80.000,25.174,15.500,132.786,129.500,ROP_MAX_SAFETY_STOCK,Stock on hand 134 exceeds the current maximum 132.786. Consumption of 16.5 per month supports a maximum of 129.5.,APPROVED,2026-07-31
REC-001074,000000000080000161,1000,Slurry Pump Mechanical Seal DN100 KSB,NORMAL,INTERMITTENT,4,7,0.716,1.000,0.554,0.800,3.992,4.100,ROP_MAX_SAFETY_STOCK,Stock on hand 4 exceeds the current maximum 3.992. Consumption of 1.0 per month supports a maximum of 4.1.,REJECTED,2026-05-23
REC-001075,000000000030000155,2000,MCC Feeder Circuit Breaker 55KW METSO,IMPACT,ON_DEMAND,0,49,0.000,5.000,0.000,3.300,0.000,8.200,OAR_TO_MIN_MAX,This OAR material is classified IMPACT on the critical parts list. Recommend Min-Max management with a reorder point of 5 and a maximum of 8.2.,APPROVED,2026-07-17
REC-001076,000000000030000155,4000,MCC Feeder Circuit Breaker 55KW METSO,IMPACT,ON_DEMAND,2,49,0.000,3.700,0.000,2.400,0.000,6.200,OAR_TO_MIN_MAX,This OAR material is classified IMPACT on the critical parts list. Recommend Min-Max management with a reorder point of 3.7 and a maximum of 6.2.,APPROVED,2026-07-29
REC-001077,000000000010000684,2000,Apron Feeder Gear Reducer HD ABB,NORMAL,INTERMITTENT,4,13,1.551,1.400,1.021,0.900,5.808,4.700,ROP_MAX_SAFETY_STOCK,Intermittent consumption of 1.1 per month over 24 months with a 13-day lead time gives a reorder point of 1.4 against the current 1.551.,PROPOSED,2026-05-23
REC-001078,000000000080000162,2000,Skirt Rubber Liner Section 250MM,NORMAL,INTERMITTENT,5,48,0.841,2.000,0.375,0.900,4.466,4.100,ROP_MAX_SAFETY_STOCK,Intermittent consumption of 0.7 per month over 24 months with a 48-day lead time gives a reorder point of 2 against the current 0.841.,APPROVED,2026-07-27
REC-001079,000000000010000685,3000,Crusher Hydroset Cylinder DN150 SANDVIK,IMPACT,INTERMITTENT,5,54,6.377,9.800,3.837,5.900,15.315,16.400,ROP_MAX_SAFETY_STOCK,Intermittent consumption of 2.2 per month over 24 months with a 54-day lead time gives a reorder point of 9.8 against the current 6.377.,PROPOSED,2026-05-24
REC-001080,000000000030000156,3000,Conveyor Idler Roller Set DN150 MULTOTEC,IMPACT,ON_DEMAND,2,22,0.000,3.100,0.000,2.400,0.000,6.100,OAR_TO_MIN_MAX,This OAR material is classified IMPACT on the critical parts list. Recommend Min-Max management with a reorder point of 3.1 and a maximum of 6.1.,APPROVED,2026-09-02
REC-001081,000000000010000686,2000,Conveyor Pulley Bearing 250MM METSO,IMPACT,INTERMITTENT,3,33,4.762,4.600,3.231,3.100,9.190,8.700,ROP_MAX_SAFETY_STOCK,Intermittent consumption of 1.4 per month over 24 months with a 33-day lead time gives a reorder point of 4.6 against the current 4.762.,APPROVED,2026-08-13
REC-001082,000000000090000040,2000,Conveyor Pulley Bearing 8/6 SKF,OBSOLETE,NO_DEMAND,0,21,0.000,,0.000,,1.000,,NO_SAFETY_STOCK,Obsolete material: no safety stock recommended. Candidate for stock reduction review.,HELD,2026-05-29
REC-001083,000000000010000687,4000,Ball Mill Gearbox Assembly 10/8 WEIR,NORMAL,INTERMITTENT,3,45,2.500,1.600,1.573,1.000,5.038,2.900,ROP_MAX_SAFETY_STOCK,"Stock on hand 2 is below the current reorder point 2.5. At the NORMAL service level of 85% and a 45-day lead time, the reorder point should be 1.6.",APPROVED,2026-05-14
REC-001084,000000000080000163,2000,Slurry Pump Wet End Assembly TYPE A ABB,IMPACT,INTERMITTENT,4,16,4.943,3.700,3.727,2.800,6.787,8.900,ROP_MAX_SAFETY_STOCK,Intermittent consumption of 1.8 per month over 24 months with a 16-day lead time gives a reorder point of 3.7 against the current 4.943.,REJECTED,2026-07-14
REC-001085,000000000010000688,2000,Pump Impeller TYPE A SKF,CRITICAL,INTERMITTENT,7,180,9.685,11.900,4.084,5.000,21.268,15.400,ROP_MAX_SAFETY_STOCK,"Stock on hand 3 is below the current reorder point 9.685. At the CRITICAL service level of 98% and a 180-day lead time, the reorder point should be 11.9.",PROPOSED,2026-07-02
REC-001086,000000000080000164,4000,Hydraulic Pump Assembly 8/6 SIEMENS,IMPACT,INTERMITTENT,2,53,9.666,9.000,6.228,5.800,20.347,14.500,ROP_MAX_SAFETY_STOCK,Intermittent consumption of 1.8 per month over 24 months with a 53-day lead time gives a reorder point of 9 against the current 9.666.,APPROVED,2026-07-07
REC-001087,000000000080000164,3000,Hydraulic Pump Assembly 8/6 SIEMENS,IMPACT,INTERMITTENT,6,53,4.954,4.300,2.985,2.600,5.372,7.300,ROP_MAX_SAFETY_STOCK,"Stock on hand 1 is below the current reorder point 4.954. At the IMPACT service level of 95% and a 53-day lead time, the reorder point should be 4.3.",APPROVED,2026-06-04
REC-001088,000000000080000165,3000,Gland Packing Seal Ring 8/6 SEW,IMPACT,INTERMITTENT,4,35,12.275,7.200,8.406,4.900,12.275,13.100,ROP_MAX_SAFETY_STOCK,Stock on hand 17 exceeds the current maximum 12.275. Consumption of 2.0 per month supports a maximum of 13.1.,REJECTED,2026-08-20
REC-001089,000000000080000166,1000,Hydraulic Pump Assembly DN150 SKF,IMPACT,INTERMITTENT,2,39,3.510,4.000,2.447,2.800,10.329,6.900,ROP_MAX_SAFETY_STOCK,Intermittent consumption of 1.0 per month over 24 months with a 39-day lead time gives a reorder point of 4 against the current 3.51.,APPROVED,2026-06-05
REC-001090,000000000090000041,1000,Flow Meter Sensor Head 250KW WEIR,OBSOLETE,NO_DEMAND,0,21,0.000,,0.000,,1.000,,NO_SAFETY_STOCK,Obsolete material: no safety stock recommended. Candidate for stock reduction review.,PROPOSED,2026-07-01
REC-001091,000000000090000041,2000,Flow Meter Sensor Head 250KW WEIR,OBSOLETE,NO_DEMAND,0,21,0.000,,0.000,,1.000,,NO_SAFETY_STOCK,Obsolete material: no safety stock recommended. Candidate for stock reduction review.,APPROVED,2026-05-23
REC-001092,000000000080000167,2000,Pump Impeller HD FLSM,CRITICAL,INTERMITTENT,4,34,4.148,9.100,2.836,6.200,17.976,16.900,ROP_MAX_SAFETY_STOCK,Intermittent consumption of 2.6 per month over 24 months with a 34-day lead time gives a reorder point of 9.1 against the current 4.148.,REJECTED,2026-08-30
REC-001093,000000000010000689,1000,Thickener Rake Drive Gearbox 110KW,CRITICAL,INTERMITTENT,5,133,24.799,16.000,14.878,9.600,27.944,20.400,ROP_MAX_SAFETY_STOCK,Intermittent consumption of 1.5 per month over 24 months with a 133-day lead time gives a reorder point of 16 against the current 24.799.,PROPOSED,2026-06-30
REC-001094,000000000010000691,3000,Conveyor Pulley Bearing 110KW ABB,IMPACT,REGULAR,12,57,46.252,33.900,9.733,7.100,83.948,76.800,ROP_MAX_SAFETY_STOCK,"Stock on hand 35 is below the current reorder point 46.252. At the IMPACT service level of 95% and a 57-day lead time, the reorder point should be 33.9.",APPROVED,2026-06-22
REC-001095,000000000010000693,1000,Hydraulic Pump Assembly 110KW ABB,INSURANCE,REGULAR,12,69,49.338,40.400,9.364,7.700,68.070,83.700,ROP_MAX_SAFETY_STOCK,"Stock on hand 41 is below the current reorder point 49.338. At the INSURANCE service level of 90% and a 69-day lead time, the reorder point should be 40.4.",PROPOSED,2026-07-15
REC-001096,000000000010000694,1000,Variable Speed Drive Unit TYPE B WEIR,IMPACT,REGULAR,12,55,67.043,77.200,15.105,17.400,141.992,176.400,ROP_MAX_SAFETY_STOCK,"Stock on hand 0 is below the current reorder point 67.043. At the IMPACT service level of 95% and a 55-day lead time, the reorder point should be 77.2.",APPROVED,2026-06-06
REC-001097,000000000010000694,4000,Variable Speed Drive Unit TYPE B WEIR,IMPACT,REGULAR,12,55,63.048,85.800,15.222,20.700,330.434,193.900,ROP_MAX_SAFETY_STOCK,Regular consumption of 36.0 per month over 24 months with a 55-day lead time gives a reorder point of 85.8 against the current 63.048.,APPROVED,2026-08-12
REC-001098,000000000010000695,2000,Conveyor Take-Up Pulley 8/6 SEW,CRITICAL,SLOW,1,144,2.893,5.000,1.977,3.400,9.441,6.000,ROP_MAX_SAFETY_STOCK,Stock on hand 12 exceeds the current maximum 9.441. Consumption of 0.3 per month supports a maximum of 6.,APPROVED,2026-08-29
REC-001099,000000000010000695,1000,Conveyor Take-Up Pulley 8/6 SEW,CRITICAL,SLOW,4,144,2.052,2.900,1.339,1.900,3.590,3.500,ROP_MAX_SAFETY_STOCK,"Stock on hand 0 is below the current reorder point 2.052. At the CRITICAL service level of 98% and a 144-day lead time, the reorder point should be 2.9.",APPROVED,2026-06-30
REC-001100,000000000030000158,3000,Ventilation Fan Motor 150MM ABB,CRITICAL,ON_DEMAND,1,105,0.000,14.200,0.000,7.600,0.000,19.900,OAR_TO_MIN_MAX,This OAR material is classified CRITICAL on the critical parts list. Recommend Min-Max management with a reorder point of 14.2 and a maximum of 19.9.,APPROVED,2026-07-31
REC-001101,000000000030000158,4000,Ventilation Fan Motor 150MM ABB,CRITICAL,ON_DEMAND,1,105,0.000,18.300,0.000,10.700,0.000,24.900,OAR_TO_MIN_MAX,This OAR material is classified CRITICAL on the critical parts list. Recommend Min-Max management with a reorder point of 18.3 and a maximum of 24.9.,HELD,2026-08-25
REC-001102,000000000010000696,1000,Mill Liner 110KW SEW,CRITICAL,INTERMITTENT,6,172,4.830,5.600,2.164,2.500,5.894,7.200,ROP_MAX_SAFETY_STOCK,Stock on hand 7 exceeds the current maximum 5.894. Consumption of 0.5 per month supports a maximum of 7.2.,APPROVED,2026-08-20
REC-001103,000000000010000697,2000,Ventilation Fan Motor TYPE B KSB,CRITICAL,INTERMITTENT,0,30,8.370,5.900,5.969,4.200,15.470,11.000,ROP_MAX_SAFETY_STOCK,"Stock on hand 0 is below the current reorder point 8.37. At the CRITICAL service level of 98% and a 30-day lead time, the reorder point should be 5.9.",PROPOSED,2026-06-07
REC-001104,000000000010000698,2000,Level Radar Transmitter 250KW SEW,CRITICAL,INTERMITTENT,0,57,5.079,3.600,3.789,2.700,9.141,5.100,ROP_MAX_SAFETY_STOCK,"Stock on hand 0 is below the current reorder point 5.079. At the CRITICAL service level of 98% and a 57-day lead time, the reorder point should be 3.6.",REJECTED,2026-06-03
REC-001105,000000000010000699,2000,Hydraulic Power Pack TYPE B SEW,IMPACT,INTERMITTENT,4,44,4.669,4.400,3.265,3.100,5.144,7.200,ROP_MAX_SAFETY_STOCK,Stock on hand 11 exceeds the current maximum 5.144. Consumption of 0.9 per month supports a maximum of 7.2.,APPROVED,2026-08-03
REC-001106,000000000010000700,3000,Belt Scraper Blade Cartridge 10/8 SKF,NORMAL,SLOW,2,14,0.594,0.400,0.462,0.300,1.345,0.900,ROP_MAX_SAFETY_STOCK,Slow consumption of 0.2 per month over 24 months with a 14-day lead time gives a reorder point of 0.4 against the current 0.594.,REJECTED,2026-08-24
REC-001107,000000000010000703,4000,Gearbox Bearing 200MM SIEMENS,NORMAL,INTERMITTENT,3,34,4.048,3.300,2.342,1.900,10.919,7.000,ROP_MAX_SAFETY_STOCK,Intermittent consumption of 1.2 per month over 24 months with a 34-day lead time gives a reorder point of 3.3 against the current 4.048.,HELD,2026-08-07
REC-001108,000000000010000703,3000,Gearbox Bearing 200MM SIEMENS,NORMAL,INTERMITTENT,3,34,0.823,1.800,0.511,1.100,4.365,3.500,ROP_MAX_SAFETY_STOCK,Intermittent consumption of 0.6 per month over 24 months with a 34-day lead time gives a reorder point of 1.8 against the current 0.823.,APPROVED,2026-07-22
REC-001109,000000000010000704,1000,Hydraulic Power Pack HD FLSM,NORMAL,REGULAR,12,38,32.184,59.400,6.758,12.500,162.859,172.000,ROP_MAX_SAFETY_STOCK,Regular consumption of 37.5 per month over 24 months with a 38-day lead time gives a reorder point of 59.4 against the current 32.184.,APPROVED,2026-06-07
REC-001110,000000000080000168,2000,Gearbox Bearing 8/6 METSO,CRITICAL,INTERMITTENT,5,47,13.454,8.800,8.717,5.700,13.454,14.800,ROP_MAX_SAFETY_STOCK,Stock on hand 14 exceeds the current maximum 13.454. Consumption of 2.0 per month supports a maximum of 14.8.,APPROVED,2026-08-06
REC-001111,000000000010000706,2000,Ball Mill Gearbox Assembly DN150 FLSM,CRITICAL,INTERMITTENT,5,131,2.902,3.700,1.643,2.100,7.612,4.800,ROP_MAX_SAFETY_STOCK,"Stock on hand 2 is below the current reorder point 2.902. At the CRITICAL service level of 98% and a 131-day lead time, the reorder point should be 3.7.",APPROVED,2026-07-09
REC-001112,000000000010000706,1000,Ball Mill Gearbox Assembly DN150 FLSM,CRITICAL,INTERMITTENT,10,131,13.017,14.800,5.428,6.200,26.223,20.800,ROP_MAX_SAFETY_STOCK,"Stock on hand 12 is below the current reorder point 13.017. At the CRITICAL service level of 98% and a 131-day lead time, the reorder point should be 14.8.",HELD,2026-06-28
REC-001113,000000000010000707,4000,Flotation Cell Impeller HD FLSM,INSURANCE,INTERMITTENT,5,87,14.158,9.300,7.490,4.900,15.303,13.900,ROP_MAX_SAFETY_STOCK,"Stock on hand 11 is below the current reorder point 14.158. At the INSURANCE service level of 90% and a 87-day lead time, the reorder point should be 9.3.",REJECTED,2026-07-10
REC-001114,000000000010000708,1000,Screen Exciter Bearing 6/4 SANDVIK,INSURANCE,INTERMITTENT,5,76,6.540,4.700,3.621,2.600,6.540,7.200,ROP_MAX_SAFETY_STOCK,"Stock on hand 5 is below the current reorder point 6.54. At the INSURANCE service level of 90% and a 76-day lead time, the reorder point should be 4.7.",APPROVED,2026-06-25
REC-001115,000000000010000709,3000,Flow Meter Sensor Head DN150 SEW,CRITICAL,REGULAR,12,104,214.139,121.700,41.402,23.500,214.139,207.900,ROP_MAX_SAFETY_STOCK,Stock on hand 251 exceeds the current maximum 214.139. Consumption of 28.8 per month supports a maximum of 207.9.,REJECTED,2026-05-14
REC-001116,000000000010000709,4000,Flow Meter Sensor Head DN150 SEW,CRITICAL,REGULAR,12,104,69.315,41.700,17.415,10.500,119.140,69.100,ROP_MAX_SAFETY_STOCK,Regular consumption of 9.1 per month over 24 months with a 104-day lead time gives a reorder point of 41.7 against the current 69.315.,APPROVED,2026-06-02
REC-001117,000000000010000710,4000,Vertical Sump Pump Column 8/6 MULTOTEC,NORMAL,REGULAR,12,29,45.413,42.000,11.102,10.300,245.280,141.900,ROP_MAX_SAFETY_STOCK,Regular consumption of 33.3 per month over 24 months with a 29-day lead time gives a reorder point of 42 against the current 45.413.,HELD,2026-07-01
REC-001118,000000000010000711,1000,Valve Assembly 250MM ABB,NORMAL,REGULAR,11,17,12.917,8.100,3.240,2.000,70.738,40.700,ROP_MAX_SAFETY_STOCK,Regular consumption of 10.9 per month over 24 months with a 17-day lead time gives a reorder point of 8.1 against the current 12.917.,PROPOSED,2026-08-19
REC-001119,000000000030000160,4000,Pressure Transmitter Assembly 55KW WEIR,IMPACT,ON_DEMAND,0,54,0.000,3.800,0.000,2.500,0.000,5.900,OAR_TO_MIN_MAX,This OAR material is classified IMPACT on the critical parts list. Recommend Min-Max management with a reorder point of 3.8 and a maximum of 5.9.,PROPOSED,2026-08-11
REC-001120,000000000010000712,4000,Centrifugal Pump Casing 200MM MULTOTEC,NORMAL,REGULAR,12,29,25.584,34.200,5.165,6.900,208.084,120.200,ROP_MAX_SAFETY_STOCK,Regular consumption of 28.7 per month over 24 months with a 29-day lead time gives a reorder point of 34.2 against the current 25.584.,APPROVED,2026-07-23
REC-001121,000000000010000714,4000,Mill Liner 55KW KSB,IMPACT,REGULAR,11,13,7.541,6.300,2.768,2.300,45.315,34.000,ROP_MAX_SAFETY_STOCK,Regular consumption of 9.2 per month over 24 months with a 13-day lead time gives a reorder point of 6.3 against the current 7.541.,PROPOSED,2026-08-14
REC-001122,000000000010000715,1000,Thickener Rake Drive Gearbox 55KW METSO,IMPACT,REGULAR,11,13,5.189,8.000,2.227,3.400,29.142,40.000,ROP_MAX_SAFETY_STOCK,Regular consumption of 10.7 per month over 24 months with a 13-day lead time gives a reorder point of 8 against the current 5.189.,HELD,2026-05-14
REC-001123,000000000010000716,2000,Pressure Transmitter Assembly 250MM WEIR,NORMAL,SLOW,1,16,0.406,0.200,0.336,0.200,0.554,0.500,ROP_MAX_SAFETY_STOCK,Stock on hand 1 exceeds the current maximum 0.554. Consumption of 0.1 per month supports a maximum of 0.5.,APPROVED,2026-08-10
REC-001124,000000000010000716,1000,Pressure Transmitter Assembly 250MM WEIR,NORMAL,SLOW,1,16,0.458,0.400,0.364,0.300,0.763,0.800,ROP_MAX_SAFETY_STOCK,Stock on hand 1 exceeds the current maximum 0.763. Consumption of 0.1 per month supports a maximum of 0.8.,APPROVED,2026-08-02
REC-001125,000000000010000717,1000,Apron Feeder Gear Reducer 6/4 KSB,CRITICAL,INTERMITTENT,0,103,15.233,17.400,8.814,10.100,23.048,23.900,ROP_MAX_SAFETY_STOCK,"Stock on hand 0 is below the current reorder point 15.233. At the CRITICAL service level of 98% and a 103-day lead time, the reorder point should be 17.4.",PROPOSED,2026-05-10
REC-001126,000000000010000718,3000,Slurry Pump Wet End Assembly 200MM WEIR,IMPACT,INTERMITTENT,7,29,6.488,3.700,3.982,2.300,10.684,8.200,ROP_MAX_SAFETY_STOCK,"Stock on hand 5 is below the current reorder point 6.488. At the IMPACT service level of 95% and a 29-day lead time, the reorder point should be 3.7.",PROPOSED,2026-05-30
REC-001127,000000000080000169,1000,Hydraulic Power Pack 150MM SIEMENS,NORMAL,INTERMITTENT,5,34,2.914,4.100,1.517,2.100,8.196,9.300,ROP_MAX_SAFETY_STOCK,"Stock on hand 2 is below the current reorder point 2.914. At the NORMAL service level of 85% and a 34-day lead time, the reorder point should be 4.1.",REJECTED,2026-07-07
REC-001128,000000000010000719,1000,Gland Packing Seal Ring DN100 SANDVIK,IMPACT,REGULAR,11,27,33.607,39.500,8.497,10.000,187.902,139.400,ROP_MAX_SAFETY_STOCK,"Stock on hand 4 is below the current reorder point 33.607. At the IMPACT service level of 95% and a 27-day lead time, the reorder point should be 39.5.",APPROVED,2026-08-08
REC-001129,000000000010000720,2000,Soft Starter Power Module 10/8 ABB,NORMAL,INTERMITTENT,6,12,2.322,1.300,1.614,0.900,5.303,4.300,ROP_MAX_SAFETY_STOCK,Intermittent consumption of 1.0 per month over 24 months with a 12-day lead time gives a reorder point of 1.3 against the current 2.322.,PROPOSED,2026-06-28
REC-001130,000000000010000720,4000,Soft Starter Power Module 10/8 ABB,NORMAL,INTERMITTENT,3,12,0.401,0.500,0.305,0.400,2.383,1.500,ROP_MAX_SAFETY_STOCK,"Stock on hand 0 is below the current reorder point 0.401. At the NORMAL service level of 85% and a 12-day lead time, the reorder point should be 0.5.",APPROVED,2026-06-04
REC-001131,000000000010000721,2000,Ball Mill Shell Liner Plate TYPE A SEW,NORMAL,REGULAR,12,44,20.086,29.800,3.371,5.000,128.293,81.300,ROP_MAX_SAFETY_STOCK,Regular consumption of 17.2 per month over 24 months with a 44-day lead time gives a reorder point of 29.8 against the current 20.086.,APPROVED,2026-05-28
REC-001132,000000000010000722,2000,Ball Mill Shell Liner Plate DN100 FLSM,CRITICAL,INTERMITTENT,0,60,4.082,4.600,2.646,3.000,12.780,7.100,ROP_MAX_SAFETY_STOCK,"Stock on hand 0 is below the current reorder point 4.082. At the CRITICAL service level of 98% and a 60-day lead time, the reorder point should be 4.6.",PROPOSED,2026-08-25
REC-001133,000000000010000723,1000,MCC Feeder Circuit Breaker 8/6 SIEMENS,CRITICAL,INTERMITTENT,0,149,30.349,20.500,14.985,10.100,30.349,26.900,ROP_MAX_SAFETY_STOCK,"Stock on hand 0 is below the current reorder point 30.349. At the CRITICAL service level of 98% and a 149-day lead time, the reorder point should be 20.5.",HELD,2026-06-03
REC-001134,000000000030000161,2000,Slurry Density Transmitter HD MULTOTEC,CRITICAL,ON_DEMAND,1,105,0.000,4.700,0.000,3.000,0.000,6.200,OAR_TO_MIN_MAX,This OAR material is classified CRITICAL on the critical parts list. Recommend Min-Max management with a reorder point of 4.7 and a maximum of 6.2.,APPROVED,2026-07-11
REC-001135,000000000010000724,1000,Variable Speed Drive Unit TYPE A METSO,IMPACT,REGULAR,12,8,13.894,10.200,6.412,4.700,96.029,73.000,ROP_MAX_SAFETY_STOCK,Regular consumption of 20.9 per month over 24 months with a 8-day lead time gives a reorder point of 10.2 against the current 13.894.,APPROVED,2026-07-17
REC-001136,000000000010000724,4000,Variable Speed Drive Unit TYPE A METSO,IMPACT,REGULAR,12,8,11.253,11.800,5.419,5.700,131.725,81.900,ROP_MAX_SAFETY_STOCK,Stock on hand 132 exceeds the current maximum 131.725. Consumption of 23.4 per month supports a maximum of 81.9.,APPROVED,2026-07-14
REC-001137,000000000090000042,3000,Conveyor Take-Up Pulley HD WEIR,OBSOLETE,NO_DEMAND,0,9,0.000,,0.000,,1.000,,NO_SAFETY_STOCK,Obsolete material: no safety stock recommended. Candidate for stock reduction review.,HELD,2026-06-16
REC-001138,000000000010000725,4000,Conveyor Take-Up Pulley 250MM SIEMENS,IMPACT,REGULAR,12,59,65.927,55.600,10.588,8.900,155.467,127.800,ROP_MAX_SAFETY_STOCK,"Stock on hand 44 is below the current reorder point 65.927. At the IMPACT service level of 95% and a 59-day lead time, the reorder point should be 55.6.",APPROVED,2026-07-24
REC-001139,000000000010000726,3000,Conveyor Drive Motor TYPE B WEIR,INSURANCE,REGULAR,10,46,16.933,16.600,3.700,3.600,73.019,42.400,ROP_MAX_SAFETY_STOCK,Regular consumption of 8.6 per month over 24 months with a 46-day lead time gives a reorder point of 16.6 against the current 16.933.,REJECTED,2026-07-27
REC-001140,000000000010000727,1000,Flotation Blower Motor 8/6 SEW,CRITICAL,INTERMITTENT,5,147,26.623,18.900,13.003,9.200,26.623,24.900,ROP_MAX_SAFETY_STOCK,Stock on hand 27 exceeds the current maximum 26.623. Consumption of 2.0 per month supports a maximum of 24.9.,PROPOSED,2026-06-08
REC-001141,000000000010000727,4000,Flotation Blower Motor 8/6 SEW,CRITICAL,INTERMITTENT,7,147,6.548,6.500,3.121,3.100,8.686,8.600,ROP_MAX_SAFETY_STOCK,"Stock on hand 6 is below the current reorder point 6.548. At the CRITICAL service level of 98% and a 147-day lead time, the reorder point should be 6.5.",HELD,2026-07-26
REC-001142,000000000090000043,1000,Slurry Pump Wet End Assembly 6/4,OBSOLETE,NO_DEMAND,0,44,0.000,,0.000,,1.000,,NO_SAFETY_STOCK,Obsolete material: no safety stock recommended. Candidate for stock reduction review.,REJECTED,2026-08-14
REC-001143,000000000010000728,4000,Vertical Sump Pump Column 200MM MULTOTEC,CRITICAL,INTERMITTENT,0,118,29.502,18.800,16.350,10.400,42.411,25.300,ROP_MAX_SAFETY_STOCK,"Stock on hand 0 is below the current reorder point 29.502. At the CRITICAL service level of 98% and a 118-day lead time, the reorder point should be 18.8.",HELD,2026-06-02
REC-001144,000000000080000170,2000,Ball Mill Gearbox Assembly DN100 METSO,IMPACT,INTERMITTENT,7,14,2.770,3.600,1.942,2.500,17.247,10.500,ROP_MAX_SAFETY_STOCK,Intermittent consumption of 2.3 per month over 24 months with a 14-day lead time gives a reorder point of 3.6 against the current 2.77.,APPROVED,2026-07-25
REC-001145,000000000080000170,4000,Ball Mill Gearbox Assembly DN100 METSO,IMPACT,INTERMITTENT,6,14,4.260,3.000,3.159,2.200,12.135,8.000,ROP_MAX_SAFETY_STOCK,Intermittent consumption of 1.7 per month over 24 months with a 14-day lead time gives a reorder point of 3 against the current 4.26.,PROPOSED,2026-05-21
REC-001146,000000000080000171,3000,Mill Liner TYPE B ABB,NORMAL,INTERMITTENT,4,30,2.790,2.500,1.521,1.400,8.579,6.000,ROP_MAX_SAFETY_STOCK,"Stock on hand 2 is below the current reorder point 2.79. At the NORMAL service level of 85% and a 30-day lead time, the reorder point should be 2.5.",PROPOSED,2026-08-21
REC-001147,000000000010000731,2000,Gland Packing Seal Ring DN150 SEW,CRITICAL,REGULAR,11,149,83.477,55.200,18.446,12.200,146.529,81.600,ROP_MAX_SAFETY_STOCK,"Stock on hand 43 is below the current reorder point 83.477. At the CRITICAL service level of 98% and a 149-day lead time, the reorder point should be 55.2.",HELD,2026-06-28
REC-001148,000000000010000731,4000,Gland Packing Seal Ring DN150 SEW,CRITICAL,REGULAR,12,149,100.468,118.600,19.737,23.300,185.016,177.000,ROP_MAX_SAFETY_STOCK,"Stock on hand 79 is below the current reorder point 100.468. At the CRITICAL service level of 98% and a 149-day lead time, the reorder point should be 118.6.",APPROVED,2026-07-19
REC-001149,000000000010000732,2000,Flotation Cell Impeller 250MM MULTOTEC,NORMAL,INTERMITTENT,4,18,2.388,2.500,1.543,1.600,6.593,6.900,ROP_MAX_SAFETY_STOCK,"Stock on hand 2 is below the current reorder point 2.388. At the NORMAL service level of 85% and a 18-day lead time, the reorder point should be 2.5.",APPROVED,2026-07-22
REC-001150,000000000010000733,1000,Flotation Cell Impeller HD METSO,CRITICAL,REGULAR,12,72,97.042,72.500,19.771,14.800,212.746,145.600,ROP_MAX_SAFETY_STOCK,Regular consumption of 24.4 per month over 24 months with a 72-day lead time gives a reorder point of 72.5 against the current 97.042.,PROPOSED,2026-07-31
REC-001151,000000000010000734,2000,Conveyor Pulley Bearing DN150 SEW,CRITICAL,INTERMITTENT,6,222,13.901,11.000,6.961,5.500,18.478,13.200,ROP_MAX_SAFETY_STOCK,"Stock on hand 13 is below the current reorder point 13.901. At the CRITICAL service level of 98% and a 222-day lead time, the reorder point should be 11.",PROPOSED,2026-06-16
REC-001152,000000000010000735,2000,Thickener Rake Drive Gearbox 6/4 WEIR,INSURANCE,INTERMITTENT,5,102,8.224,9.100,3.691,4.100,11.858,13.600,ROP_MAX_SAFETY_STOCK,"Stock on hand 6 is below the current reorder point 8.224. At the INSURANCE service level of 90% and a 102-day lead time, the reorder point should be 9.1.",PROPOSED,2026-08-05
REC-001153,000000000010000736,2000,Mill Liner 250MM SIEMENS,INSURANCE,REGULAR,12,102,105.000,59.900,16.443,9.400,105.000,105.200,ROP_MAX_SAFETY_STOCK,"Stock on hand 82 is below the current reorder point 105. At the INSURANCE service level of 90% and a 102-day lead time, the reorder point should be 59.9.",APPROVED,2026-07-25
REC-001154,000000000010000736,4000,Mill Liner 250MM SIEMENS,INSURANCE,REGULAR,12,102,186.742,118.600,29.247,18.600,374.138,208.100,ROP_MAX_SAFETY_STOCK,"Stock on hand 105 is below the current reorder point 186.742. At the INSURANCE service level of 90% and a 102-day lead time, the reorder point should be 118.6.",APPROVED,2026-08-25
REC-001155,000000000010000737,3000,Slurry Pump Mechanical Seal TYPE A SKF,CRITICAL,REGULAR,12,97,66.138,68.200,12.727,13.100,131.207,120.100,ROP_MAX_SAFETY_STOCK,"Stock on hand 39 is below the current reorder point 66.138. At the CRITICAL service level of 98% and a 97-day lead time, the reorder point should be 68.2.",APPROVED,2026-06-01
REC-001156,000000000080000172,2000,Gearbox Bearing 55KW SANDVIK,NORMAL,INTERMITTENT,5,48,2.557,3.600,1.396,2.000,7.168,6.700,ROP_MAX_SAFETY_STOCK,Intermittent consumption of 1.0 per month over 24 months with a 48-day lead time gives a reorder point of 3.6 against the current 2.557.,PROPOSED,2026-06-04
REC-001157,000000000080000172,3000,Gearbox Bearing 55KW SANDVIK,NORMAL,INTERMITTENT,2,48,5.664,4.100,3.434,2.500,13.088,7.200,ROP_MAX_SAFETY_STOCK,Intermittent consumption of 1.0 per month over 24 months with a 48-day lead time gives a reorder point of 4.1 against the current 5.664.,APPROVED,2026-05-19
REC-001158,000000000080000173,1000,Hydraulic Power Pack 10/8 SKF,IMPACT,INTERMITTENT,5,60,3.725,3.900,2.299,2.400,7.682,6.200,ROP_MAX_SAFETY_STOCK,Stock on hand 8 exceeds the current maximum 7.682. Consumption of 0.8 per month supports a maximum of 6.2.,APPROVED,2026-05-12
REC-001159,000000000090000044,2000,Slurry Pump Mechanical Seal 250KW SKF,OBSOLETE,NO_DEMAND,0,19,0.000,,0.000,,1.000,,NO_SAFETY_STOCK,Obsolete material: no safety stock recommended. Candidate for stock reduction review.,PROPOSED,2026-08-07
REC-001160,000000000030000166,2000,Flotation Blower Motor 8/6 FLSM,IMPACT,ON_DEMAND,1,8,0.000,1.000,0.000,0.800,0.000,3.000,OAR_TO_MIN_MAX,This OAR material is classified IMPACT on the critical parts list. Recommend Min-Max management with a reorder point of 1 and a maximum of 3.,PROPOSED,2026-06-26
REC-001161,000000000010000738,4000,Conveyor Pulley Bearing 6/4 SKF,NORMAL,INTERMITTENT,3,55,4.890,4.400,2.869,2.600,8.974,7.400,ROP_MAX_SAFETY_STOCK,"Stock on hand 3 is below the current reorder point 4.89. At the NORMAL service level of 85% and a 55-day lead time, the reorder point should be 4.4.",APPROVED,2026-07-02
REC-001162,000000000010000739,3000,Crusher Main Shaft Bearing DN150,INSURANCE,INTERMITTENT,6,113,7.379,5.100,3.144,2.200,12.316,7.500,ROP_MAX_SAFETY_STOCK,"Stock on hand 6 is below the current reorder point 7.379. At the INSURANCE service level of 90% and a 113-day lead time, the reorder point should be 5.1.",PROPOSED,2026-06-07
REC-001163,000000000010000739,4000,Crusher Main Shaft Bearing DN150,INSURANCE,INTERMITTENT,5,113,8.218,11.200,3.663,5.000,25.627,16.200,ROP_MAX_SAFETY_STOCK,Intermittent consumption of 1.7 per month over 24 months with a 113-day lead time gives a reorder point of 11.2 against the current 8.218.,APPROVED,2026-07-19
REC-001164,000000000010000740,4000,Conveyor Drive Gearbox HD SANDVIK,INSURANCE,REGULAR,11,86,61.298,72.400,8.344,9.900,120.892,138.800,ROP_MAX_SAFETY_STOCK,"Stock on hand 40 is below the current reorder point 61.298. At the INSURANCE service level of 90% and a 86-day lead time, the reorder point should be 72.4.",APPROVED,2026-06-10
REC-001165,000000000010000740,2000,Conveyor Drive Gearbox HD SANDVIK,INSURANCE,REGULAR,10,86,67.530,113.400,8.846,14.900,202.166,218.000,ROP_MAX_SAFETY_STOCK,"Stock on hand 57 is below the current reorder point 67.53. At the INSURANCE service level of 90% and a 86-day lead time, the reorder point should be 113.4.",REJECTED,2026-05-23
REC-001166,000000000010000741,1000,Thickener Rake Seal Kit TYPE A ABB,CRITICAL,INTERMITTENT,0,122,19.283,10.700,12.394,6.900,19.283,13.600,ROP_MAX_SAFETY_STOCK,"Stock on hand 0 is below the current reorder point 19.283. At the CRITICAL service level of 98% and a 122-day lead time, the reorder point should be 10.7.",APPROVED,2026-05-14
REC-001167,000000000010000741,3000,Thickener Rake Seal Kit TYPE A ABB,CRITICAL,INTERMITTENT,0,122,9.705,8.000,6.680,5.500,15.743,9.900,ROP_MAX_SAFETY_STOCK,"Stock on hand 0 is below the current reorder point 9.705. At the CRITICAL service level of 98% and a 122-day lead time, the reorder point should be 8.",APPROVED,2026-09-02
REC-001168,000000000080000174,1000,Conveyor Drive Motor 200MM SEW,NORMAL,INTERMITTENT,7,31,6.005,5.300,3.069,2.700,17.663,12.900,ROP_MAX_SAFETY_STOCK,Intermittent consumption of 2.5 per month over 24 months with a 31-day lead time gives a reorder point of 5.3 against the current 6.005.,PROPOSED,2026-05-17
REC-001169,000000000080000174,2000,Conveyor Drive Motor 200MM SEW,NORMAL,INTERMITTENT,5,31,2.387,2.800,1.350,1.600,7.380,6.400,ROP_MAX_SAFETY_STOCK,"Stock on hand 2 is below the current reorder point 2.387. At the NORMAL service level of 85% and a 31-day lead time, the reorder point should be 2.8.",APPROVED,2026-08-07
REC-001170,000000000010000742,1000,Spherical Roller Bearing 150MM SANDVIK,INSURANCE,INTERMITTENT,4,240,16.839,12.200,5.055,3.700,21.402,15.400,ROP_MAX_SAFETY_STOCK,Stock on hand 27 exceeds the current maximum 21.402. Consumption of 1.1 per month supports a maximum of 15.4.,PROPOSED,2026-06-03
REC-001171,000000000010000743,3000,Conveyor Drive Motor TYPE B FLSM,CRITICAL,INTERMITTENT,5,144,24.870,27.700,11.768,13.100,62.495,37.000,ROP_MAX_SAFETY_STOCK,Intermittent consumption of 3.1 per month over 24 months with a 144-day lead time gives a reorder point of 27.7 against the current 24.87.,REJECTED,2026-05-25
REC-001172,000000000010000744,2000,Ball Mill Shell Liner Plate 55KW,CRITICAL,INTERMITTENT,5,179,4.758,4.700,2.510,2.500,4.872,5.800,ROP_MAX_SAFETY_STOCK,Stock on hand 6 exceeds the current maximum 4.872. Consumption of 0.4 per month supports a maximum of 5.8.,HELD,2026-05-19
REC-001173,000000000010000745,2000,Ball Mill Shell Liner Plate 8/6 WEIR,CRITICAL,SLOW,1,104,5.511,4.000,3.953,2.900,5.511,5.000,ROP_MAX_SAFETY_STOCK,Stock on hand 6 exceeds the current maximum 5.511. Consumption of 0.3 per month supports a maximum of 5.,PROPOSED,2026-07-24
REC-001174,000000000010000746,3000,Ventilation Fan Motor 10/8 SANDVIK,INSURANCE,REGULAR,12,136,171.803,149.400,23.481,20.400,390.262,236.000,ROP_MAX_SAFETY_STOCK,Regular consumption of 28.9 per month over 24 months with a 136-day lead time gives a reorder point of 149.4 against the current 171.803.,PROPOSED,2026-07-31
REC-001175,000000000010000747,3000,Thickener Rake Drive Gearbox DN100 KSB,IMPACT,INTERMITTENT,3,60,8.401,10.300,4.563,5.600,25.184,17.400,ROP_MAX_SAFETY_STOCK,Intermittent consumption of 2.4 per month over 24 months with a 60-day lead time gives a reorder point of 10.3 against the current 8.401.,PROPOSED,2026-08-17
REC-001176,000000000010000747,4000,Thickener Rake Drive Gearbox DN100 KSB,IMPACT,INTERMITTENT,5,60,17.886,10.800,10.289,6.200,18.033,17.800,ROP_MAX_SAFETY_STOCK,Intermittent consumption of 2.3 per month over 24 months with a 60-day lead time gives a reorder point of 10.8 against the current 17.886.,APPROVED,2026-05-12
REC-001177,000000000010000748,1000,Conveyor Drive Motor 8/6 METSO,NORMAL,REGULAR,11,51,20.543,15.500,4.103,3.100,50.866,37.600,ROP_MAX_SAFETY_STOCK,"Stock on hand 8 is below the current reorder point 20.543. At the NORMAL service level of 85% and a 51-day lead time, the reorder point should be 15.5.",HELD,2026-08-13
REC-001178,000000000030000168,2000,Ball Mill Gearbox Assembly HD SIEMENS,CRITICAL,ON_DEMAND,1,36,0.000,6.900,0.000,5.300,0.000,11.000,OAR_TO_MIN_MAX,This OAR material is classified CRITICAL on the critical parts list. Recommend Min-Max management with a reorder point of 6.9 and a maximum of 11.,APPROVED,2026-08-02
REC-001179,000000000030000169,4000,Crusher Main Shaft Bearing DN100 WEIR,IMPACT,ON_DEMAND,0,43,0.000,3.700,0.000,2.300,0.000,6.700,OAR_TO_MIN_MAX,This OAR material is classified IMPACT on the critical parts list. Recommend Min-Max management with a reorder point of 3.7 and a maximum of 6.7.,PROPOSED,2026-08-08
REC-001180,000000000030000169,1000,Crusher Main Shaft Bearing DN100 WEIR,IMPACT,ON_DEMAND,1,43,0.000,8.600,0.000,5.200,0.000,15.800,OAR_TO_MIN_MAX,This OAR material is classified IMPACT on the critical parts list. Recommend Min-Max management with a reorder point of 8.6 and a maximum of 15.8.,APPROVED,2026-05-11
REC-001181,000000000010000749,3000,Pressure Transmitter Assembly HD,CRITICAL,SLOW,3,125,7.557,4.600,5.277,3.200,9.416,5.600,ROP_MAX_SAFETY_STOCK,Slow consumption of 0.3 per month over 24 months with a 125-day lead time gives a reorder point of 4.6 against the current 7.557.,PROPOSED,2026-05-15
REC-001182,000000000080000175,4000,Conveyor Drive Gearbox 6/4 MULTOTEC,CRITICAL,INTERMITTENT,5,40,2.727,5.700,1.942,4.100,12.552,9.400,ROP_MAX_SAFETY_STOCK,Intermittent consumption of 1.2 per month over 24 months with a 40-day lead time gives a reorder point of 5.7 against the current 2.727.,HELD,2026-07-08
REC-001183,000000000010000750,3000,Vertical Sump Pump Column 110KW SIEMENS,CRITICAL,INTERMITTENT,9,149,6.361,5.500,2.553,2.200,10.880,7.500,ROP_MAX_SAFETY_STOCK,"Stock on hand 5 is below the current reorder point 6.361. At the CRITICAL service level of 98% and a 149-day lead time, the reorder point should be 5.5.",PROPOSED,2026-07-23
REC-001184,000000000080000176,3000,Slurry Density Transmitter 250KW SIEMENS,CRITICAL,INTERMITTENT,4,95,16.339,16.800,9.732,10.000,40.336,23.300,ROP_MAX_SAFETY_STOCK,Intermittent consumption of 2.2 per month over 24 months with a 95-day lead time gives a reorder point of 16.8 against the current 16.339.,PROPOSED,2026-07-09
REC-001185,000000000080000176,2000,Slurry Density Transmitter 250KW SIEMENS,CRITICAL,INTERMITTENT,4,95,17.335,11.800,10.855,7.400,19.941,16.100,ROP_MAX_SAFETY_STOCK,Stock on hand 21 exceeds the current maximum 19.941. Consumption of 1.4 per month supports a maximum of 16.1.,APPROVED,2026-06-04
REC-001186,000000000010000753,4000,Hydraulic Pump Assembly 8/6 SIEMENS,NORMAL,REGULAR,12,19,28.895,23.300,7.480,6.000,163.079,106.300,ROP_MAX_SAFETY_STOCK,Regular consumption of 27.7 per month over 24 months with a 19-day lead time gives a reorder point of 23.3 against the current 28.895.,PROPOSED,2026-06-25
REC-001187,000000000010000753,1000,Hydraulic Pump Assembly 8/6 SIEMENS,NORMAL,REGULAR,12,19,26.727,26.900,7.483,7.500,141.216,119.900,ROP_MAX_SAFETY_STOCK,Regular consumption of 31.0 per month over 24 months with a 19-day lead time gives a reorder point of 26.9 against the current 26.727.,HELD,2026-08-01
REC-001188,000000000030000171,2000,Thickener Rake Drive Gearbox DN100 METSO,CRITICAL,ON_DEMAND,0,49,0.000,4.800,0.000,3.300,0.000,7.500,OAR_TO_MIN_MAX,This OAR material is classified CRITICAL on the critical parts list. Recommend Min-Max management with a reorder point of 4.8 and a maximum of 7.5.,APPROVED,2026-08-18
REC-001189,000000000030000171,4000,Thickener Rake Drive Gearbox DN100 METSO,CRITICAL,ON_DEMAND,0,49,0.000,5.200,0.000,3.700,0.000,8.100,OAR_TO_MIN_MAX,This OAR material is classified CRITICAL on the critical parts list. Recommend Min-Max management with a reorder point of 5.2 and a maximum of 8.1.,REJECTED,2026-07-11
REC-001190,000000000010000756,3000,Slurry Pump Mechanical Seal DN150 SKF,INSURANCE,INTERMITTENT,7,183,8.060,4.900,2.655,1.600,9.931,6.500,ROP_MAX_SAFETY_STOCK,"Stock on hand 5 is below the current reorder point 8.06. At the INSURANCE service level of 90% and a 183-day lead time, the reorder point should be 4.9.",PROPOSED,2026-05-23
REC-001191,000000000080000177,3000,Flotation Cell Impeller HD WEIR,CRITICAL,INTERMITTENT,7,128,26.292,15.400,14.328,8.400,26.292,20.400,ROP_MAX_SAFETY_STOCK,"Stock on hand 24 is below the current reorder point 26.292. At the CRITICAL service level of 98% and a 128-day lead time, the reorder point should be 15.4.",APPROVED,2026-08-25
REC-001192,000000000080000177,2000,Flotation Cell Impeller HD WEIR,CRITICAL,INTERMITTENT,3,128,3.628,8.200,2.003,4.500,12.368,10.800,ROP_MAX_SAFETY_STOCK,Intermittent consumption of 0.9 per month over 24 months with a 128-day lead time gives a reorder point of 8.2 against the current 3.628.,PROPOSED,2026-07-10
REC-001193,000000000080000178,3000,Crusher Hydroset Cylinder 150MM FLSM,IMPACT,INTERMITTENT,3,55,7.369,5.700,4.759,3.700,11.504,9.100,ROP_MAX_SAFETY_STOCK,Intermittent consumption of 1.1 per month over 24 months with a 55-day lead time gives a reorder point of 5.7 against the current 7.369.,APPROVED,2026-05-18
REC-001194,000000000010000758,2000,Screen Exciter Bearing DN100 SKF,CRITICAL,INTERMITTENT,8,155,9.634,5.500,4.034,2.300,9.634,7.400,ROP_MAX_SAFETY_STOCK,Stock on hand 10 exceeds the current maximum 9.634. Consumption of 0.6 per month supports a maximum of 7.4.,PROPOSED,2026-05-13
REC-001195,000000000010000759,3000,Hydraulic Pump Assembly 200MM SANDVIK,CRITICAL,INTERMITTENT,0,125,7.765,6.500,4.521,3.800,7.765,8.500,ROP_MAX_SAFETY_STOCK,"Stock on hand 0 is below the current reorder point 7.765. At the CRITICAL service level of 98% and a 125-day lead time, the reorder point should be 6.5.",HELD,2026-07-21
REC-001196,000000000030000172,1000,Thickener Rake Seal Kit TYPE A SKF,CRITICAL,ON_DEMAND,1,56,0.000,10.100,0.000,6.000,0.000,16.700,OAR_TO_MIN_MAX,This OAR material is classified CRITICAL on the critical parts list. Recommend Min-Max management with a reorder point of 10.1 and a maximum of 16.7.,PROPOSED,2026-08-31
REC-001197,000000000010000760,3000,Apron Feeder Gear Reducer 8/6 FLSM,INSURANCE,INTERMITTENT,3,49,8.394,5.300,5.745,3.600,12.299,8.400,ROP_MAX_SAFETY_STOCK,Intermittent consumption of 1.0 per month over 24 months with a 49-day lead time gives a reorder point of 5.3 against the current 8.394.,REJECTED,2026-05-21
REC-001198,000000000010000761,1000,Gland Packing Seal Ring HD SANDVIK,CRITICAL,INTERMITTENT,5,184,12.574,11.200,5.790,5.200,22.497,14.200,ROP_MAX_SAFETY_STOCK,Intermittent consumption of 1.0 per month over 24 months with a 184-day lead time gives a reorder point of 11.2 against the current 12.574.,APPROVED,2026-06-22
REC-001199,000000000080000179,4000,Flotation Cell Impeller 200MM SEW,NORMAL,INTERMITTENT,5,20,2.301,1.200,1.516,0.800,2.695,3.200,ROP_MAX_SAFETY_STOCK,"Stock on hand 2 is below the current reorder point 2.301. At the NORMAL service level of 85% and a 20-day lead time, the reorder point should be 1.2.",HELD,2026-07-19
REC-001200,000000000080000179,3000,Flotation Cell Impeller 200MM SEW,NORMAL,INTERMITTENT,4,20,1.802,2.200,1.213,1.500,8.432,5.500,ROP_MAX_SAFETY_STOCK,Intermittent consumption of 1.1 per month over 24 months with a 20-day lead time gives a reorder point of 2.2 against the current 1.802.,REJECTED,2026-05-27
REC-001201,000000000010000762,4000,Conveyor Drive Motor TYPE B ABB,IMPACT,INTERMITTENT,9,38,10.585,10.000,6.035,5.700,35.211,20.200,ROP_MAX_SAFETY_STOCK,Intermittent consumption of 3.4 per month over 24 months with a 38-day lead time gives a reorder point of 10 against the current 10.585.,APPROVED,2026-08-22
REC-001202,000000000080000180,3000,Mill Lube Pump Motor 8/6 MULTOTEC,IMPACT,INTERMITTENT,5,9,3.065,2.500,2.494,2.000,12.625,7.100,ROP_MAX_SAFETY_STOCK,"Stock on hand 3 is below the current reorder point 3.065. At the IMPACT service level of 95% and a 9-day lead time, the reorder point should be 2.5.",PROPOSED,2026-05-15
REC-001203,000000000010000763,4000,Slurry Density Transmitter 8/6 WEIR,CRITICAL,INTERMITTENT,6,239,12.371,7.200,5.045,2.900,13.412,8.800,ROP_MAX_SAFETY_STOCK,Stock on hand 14 exceeds the current maximum 13.412. Consumption of 0.5 per month supports a maximum of 8.8.,APPROVED,2026-09-01
REC-001204,000000000010000763,1000,Slurry Density Transmitter 8/6 WEIR,CRITICAL,INTERMITTENT,5,239,15.770,11.600,7.751,5.700,15.770,13.800,ROP_MAX_SAFETY_STOCK,"Stock on hand 8 is below the current reorder point 15.77. At the CRITICAL service level of 98% and a 239-day lead time, the reorder point should be 11.6.",PROPOSED,2026-05-27
REC-001205,000000000080000181,4000,Gland Packing Seal Ring 6/4 SANDVIK,IMPACT,INTERMITTENT,6,13,2.195,1.800,1.655,1.400,6.954,4.900,ROP_MAX_SAFETY_STOCK,Stock on hand 7 exceeds the current maximum 6.954. Consumption of 1.0 per month supports a maximum of 4.9.,APPROVED,2026-06-05
REC-001206,000000000010000764,1000,Hydraulic Pump Assembly 250MM SKF,NORMAL,INTERMITTENT,5,27,3.090,2.900,1.891,1.800,7.195,6.800,ROP_MAX_SAFETY_STOCK,"Stock on hand 3 is below the current reorder point 3.09. At the NORMAL service level of 85% and a 27-day lead time, the reorder point should be 2.9.",APPROVED,2026-08-16
REC-001207,000000000010000764,3000,Hydraulic Pump Assembly 250MM SKF,NORMAL,INTERMITTENT,6,27,9.487,5.300,5.164,2.900,20.986,13.400,ROP_MAX_SAFETY_STOCK,Stock on hand 21 exceeds the current maximum 20.986. Consumption of 2.7 per month supports a maximum of 13.4.,HELD,2026-08-02
REC-001208,000000000010000765,3000,Mill Lube Pump Motor 6/4 MULTOTEC,CRITICAL,INTERMITTENT,0,38,8.371,9.300,5.875,6.500,18.553,15.900,ROP_MAX_SAFETY_STOCK,"Stock on hand 0 is below the current reorder point 8.371. At the CRITICAL service level of 98% and a 38-day lead time, the reorder point should be 9.3.",APPROVED,2026-06-20
REC-001209,000000000010000766,2000,Hydraulic Pump Assembly 150MM SEW,NORMAL,REGULAR,12,56,49.279,59.500,7.960,9.600,216.835,140.900,ROP_MAX_SAFETY_STOCK,"Stock on hand 43 is below the current reorder point 49.279. At the NORMAL service level of 85% and a 56-day lead time, the reorder point should be 59.5.",REJECTED,2026-08-04
REC-001210,000000000080000182,1000,Level Radar Transmitter 10/8 KSB,NORMAL,INTERMITTENT,2,50,3.133,4.700,1.910,2.900,8.630,8.100,ROP_MAX_SAFETY_STOCK,Intermittent consumption of 1.1 per month over 24 months with a 50-day lead time gives a reorder point of 4.7 against the current 3.133.,PROPOSED,2026-06-11
REC-001211,000000000030000173,2000,Ball Mill Trunnion Bearing HD WEIR,CRITICAL,ON_DEMAND,1,96,0.000,14.000,0.000,9.000,0.000,18.800,OAR_TO_MIN_MAX,This OAR material is classified CRITICAL on the critical parts list. Recommend Min-Max management with a reorder point of 14 and a maximum of 18.8.,APPROVED,2026-08-27
REC-001212,000000000010000768,1000,MCC Feeder Circuit Breaker 250MM SKF,CRITICAL,INTERMITTENT,0,40,7.776,7.700,5.627,5.600,17.133,12.600,ROP_MAX_SAFETY_STOCK,"Stock on hand 0 is below the current reorder point 7.776. At the CRITICAL service level of 98% and a 40-day lead time, the reorder point should be 7.7.",REJECTED,2026-08-16
REC-001213,000000000010000769,2000,Flow Meter Sensor Head DN100 SIEMENS,IMPACT,SLOW,4,57,5.223,3.200,3.430,2.100,7.902,5.000,ROP_MAX_SAFETY_STOCK,Slow consumption of 0.6 per month over 24 months with a 57-day lead time gives a reorder point of 3.2 against the current 5.223.,APPROVED,2026-06-15
REC-001214,000000000010000770,4000,Conveyor Idler Roller Set 250MM ABB,IMPACT,REGULAR,12,51,112.036,92.200,30.039,24.700,346.745,213.100,ROP_MAX_SAFETY_STOCK,"Stock on hand 102 is below the current reorder point 112.036. At the IMPACT service level of 95% and a 51-day lead time, the reorder point should be 92.2.",PROPOSED,2026-07-19
REC-001215,000000000030000174,4000,Conveyor Drive Gearbox 150MM WEIR,CRITICAL,ON_DEMAND,1,123,0.000,5.200,0.000,3.200,0.000,6.700,OAR_TO_MIN_MAX,This OAR material is classified CRITICAL on the critical parts list. Recommend Min-Max management with a reorder point of 5.2 and a maximum of 6.7.,PROPOSED,2026-06-28
REC-001216,000000000010000771,1000,Hydraulic Power Pack HD SIEMENS,CRITICAL,INTERMITTENT,0,75,4.684,10.000,3.102,6.600,22.171,14.100,ROP_MAX_SAFETY_STOCK,"Stock on hand 0 is below the current reorder point 4.684. At the CRITICAL service level of 98% and a 75-day lead time, the reorder point should be 10.",APPROVED,2026-07-20
REC-001217,000000000010000773,3000,Thickener Rake Drive Gearbox 200MM,INSURANCE,INTERMITTENT,6,131,2.446,3.600,0.946,1.400,8.793,5.100,ROP_MAX_SAFETY_STOCK,"Stock on hand 2 is below the current reorder point 2.446. At the INSURANCE service level of 90% and a 131-day lead time, the reorder point should be 3.6.",REJECTED,2026-05-26
REC-001218,000000000010000774,4000,Belt Scraper Blade Cartridge 110KW SEW,IMPACT,INTERMITTENT,4,16,0.815,1.400,0.631,1.100,4.675,3.100,ROP_MAX_SAFETY_STOCK,Intermittent consumption of 0.6 per month over 24 months with a 16-day lead time gives a reorder point of 1.4 against the current 0.815.,PROPOSED,2026-06-09
REC-001219,000000000010000775,4000,Thickener Rake Drive Gearbox 10/8,INSURANCE,INTERMITTENT,6,140,5.580,8.200,1.899,2.800,18.397,11.700,ROP_MAX_SAFETY_STOCK,"Stock on hand 5 is below the current reorder point 5.58. At the INSURANCE service level of 90% and a 140-day lead time, the reorder point should be 8.2.",APPROVED,2026-06-12
REC-001220,000000000080000183,2000,Ball Mill Trunnion Bearing 10/8 METSO,NORMAL,INTERMITTENT,3,12,1.682,1.200,1.163,0.800,5.767,4.100,ROP_MAX_SAFETY_STOCK,Intermittent consumption of 1.0 per month over 24 months with a 12-day lead time gives a reorder point of 1.2 against the current 1.682.,APPROVED,2026-07-04
REC-001221,000000000010000777,4000,Valve Assembly 55KW SANDVIK,INSURANCE,INTERMITTENT,8,222,15.890,12.000,4.619,3.500,15.890,15.500,ROP_MAX_SAFETY_STOCK,"Stock on hand 8 is below the current reorder point 15.89. At the INSURANCE service level of 90% and a 222-day lead time, the reorder point should be 12.",HELD,2026-06-25
REC-001222,000000000080000184,4000,Soft Starter Power Module DN100 FLSM,IMPACT,INTERMITTENT,4,45,5.431,4.100,3.799,2.900,11.248,6.600,ROP_MAX_SAFETY_STOCK,Intermittent consumption of 0.8 per month over 24 months with a 45-day lead time gives a reorder point of 4.1 against the current 5.431.,REJECTED,2026-08-22
REC-001223,000000000010000778,1000,Ball Mill Trunnion Bearing DN100 SANDVIK,INSURANCE,REGULAR,8,97,27.309,67.000,4.557,11.200,138.131,119.500,ROP_MAX_SAFETY_STOCK,"Stock on hand 0 is below the current reorder point 27.309. At the INSURANCE service level of 90% and a 97-day lead time, the reorder point should be 67.",APPROVED,2026-06-19
REC-001224,000000000010000779,4000,Ball Mill Trunnion Bearing 250KW FLSM,CRITICAL,INTERMITTENT,0,119,24.157,14.300,13.410,7.900,30.127,19.200,ROP_MAX_SAFETY_STOCK,"Stock on hand 0 is below the current reorder point 24.157. At the CRITICAL service level of 98% and a 119-day lead time, the reorder point should be 14.3.",APPROVED,2026-06-30
REC-001225,000000000090000045,2000,Crusher Main Shaft Bearing 8/6 METSO,OBSOLETE,NO_DEMAND,0,34,0.000,,0.000,,1.000,,NO_SAFETY_STOCK,Obsolete material: no safety stock recommended. Candidate for stock reduction review.,HELD,2026-08-17
REC-001226,000000000010000780,1000,Crusher Hydroset Cylinder 110KW METSO,CRITICAL,INTERMITTENT,0,86,5.166,4.000,3.200,2.500,5.166,5.600,ROP_MAX_SAFETY_STOCK,"Stock on hand 0 is below the current reorder point 5.166. At the CRITICAL service level of 98% and a 86-day lead time, the reorder point should be 4.",PROPOSED,2026-07-28
REC-001227,000000000010000781,2000,Gearbox Bearing DN150 SKF,INSURANCE,INTERMITTENT,4,98,13.545,10.900,6.739,5.400,27.012,16.000,ROP_MAX_SAFETY_STOCK,"Stock on hand 9 is below the current reorder point 13.545. At the INSURANCE service level of 90% and a 98-day lead time, the reorder point should be 10.9.",PROPOSED,2026-05-27
REC-001228,000000000010000782,2000,Conveyor Take-Up Pulley 8/6 MULTOTEC,IMPACT,SLOW,3,52,1.611,1.300,1.151,0.900,3.331,1.900,ROP_MAX_SAFETY_STOCK,Stock on hand 4 exceeds the current maximum 3.331. Consumption of 0.2 per month supports a maximum of 1.9.,APPROVED,2026-08-03
REC-001229,000000000010000783,4000,Ball Mill Shell Liner Plate 150MM WEIR,NORMAL,SLOW,5,53,1.255,1.400,0.639,0.700,4.127,2.500,ROP_MAX_SAFETY_STOCK,Slow consumption of 0.4 per month over 24 months with a 53-day lead time gives a reorder point of 1.4 against the current 1.255.,REJECTED,2026-06-21
REC-001230,000000000030000176,4000,Valve Assembly 200MM SIEMENS,IMPACT,ON_DEMAND,2,12,0.000,0.900,0.000,0.700,0.000,2.400,OAR_TO_MIN_MAX,This OAR material is classified IMPACT on the critical parts list. Recommend Min-Max management with a reorder point of 0.9 and a maximum of 2.4.,REJECTED,2026-07-20
REC-001231,000000000010000784,1000,Skirt Rubber Liner Section 150MM FLSM,NORMAL,REGULAR,11,47,29.030,28.600,4.170,4.100,111.984,76.200,ROP_MAX_SAFETY_STOCK,"Stock on hand 28 is below the current reorder point 29.03. At the NORMAL service level of 85% and a 47-day lead time, the reorder point should be 28.6.",REJECTED,2026-05-17
REC-001232,000000000080000185,1000,Variable Speed Drive Unit 10/8 SEW,CRITICAL,INTERMITTENT,7,109,16.703,13.100,7.903,6.200,27.417,18.900,ROP_MAX_SAFETY_STOCK,"Stock on hand 6 is below the current reorder point 16.703. At the CRITICAL service level of 98% and a 109-day lead time, the reorder point should be 13.1.",REJECTED,2026-08-16
REC-001233,000000000010000785,2000,Mill Liner 250MM ABB,CRITICAL,SLOW,3,139,2.869,2.500,1.971,1.700,4.190,3.000,ROP_MAX_SAFETY_STOCK,"Stock on hand 2 is below the current reorder point 2.869. At the CRITICAL service level of 98% and a 139-day lead time, the reorder point should be 2.5.",REJECTED,2026-06-26
REC-001234,000000000010000786,2000,Crusher Hydroset Cylinder 6/4 SIEMENS,INSURANCE,INTERMITTENT,1,74,8.546,5.000,5.437,3.200,8.679,7.200,ROP_MAX_SAFETY_STOCK,Stock on hand 10 exceeds the current maximum 8.679. Consumption of 0.8 per month supports a maximum of 7.2.,PROPOSED,2026-07-03
REC-001235,000000000010000787,1000,Thickener Rake Seal Kit 200MM FLSM,INSURANCE,INTERMITTENT,5,35,6.242,3.800,3.952,2.400,10.827,7.400,ROP_MAX_SAFETY_STOCK,Stock on hand 11 exceeds the current maximum 10.827. Consumption of 1.2 per month supports a maximum of 7.4.,APPROVED,2026-08-03
REC-001236,000000000010000788,3000,Slurry Pump Wet End Assembly 8/6 WEIR,IMPACT,REGULAR,10,59,45.216,93.200,11.595,23.900,311.872,200.400,ROP_MAX_SAFETY_STOCK,Regular consumption of 35.8 per month over 24 months with a 59-day lead time gives a reorder point of 93.2 against the current 45.216.,HELD,2026-07-17
REC-001237,000000000010000788,2000,Slurry Pump Wet End Assembly 8/6 WEIR,IMPACT,REGULAR,8,59,13.521,31.700,2.789,6.500,82.146,70.700,ROP_MAX_SAFETY_STOCK,"Stock on hand 0 is below the current reorder point 13.521. At the IMPACT service level of 95% and a 59-day lead time, the reorder point should be 31.7.",PROPOSED,2026-05-22
REC-001238,000000000010000790,2000,Slurry Density Transmitter DN100 SEW,NORMAL,SLOW,3,48,0.750,1.100,0.426,0.600,1.535,2.000,ROP_MAX_SAFETY_STOCK,Slow consumption of 0.3 per month over 24 months with a 48-day lead time gives a reorder point of 1.1 against the current 0.75.,REJECTED,2026-06-12
REC-001239,000000000010000791,4000,Slurry Pump Mechanical Seal 110KW METSO,NORMAL,SLOW,2,10,0.219,0.200,0.189,0.200,0.474,0.500,ROP_MAX_SAFETY_STOCK,Stock on hand 1 exceeds the current maximum 0.474. Consumption of 0.1 per month supports a maximum of 0.5.,APPROVED,2026-07-10
REC-001240,000000000010000792,3000,Ball Mill Shell Liner Plate 55KW,NORMAL,SLOW,1,33,1.194,1.000,0.871,0.700,1.755,1.800,ROP_MAX_SAFETY_STOCK,Stock on hand 2 exceeds the current maximum 1.755. Consumption of 0.2 per month supports a maximum of 1.8.,APPROVED,2026-08-13
REC-001241,000000000010000793,2000,Hydraulic Power Pack 55KW SEW,CRITICAL,INTERMITTENT,0,148,39.716,23.700,21.103,12.600,40.584,30.600,ROP_MAX_SAFETY_STOCK,"Stock on hand 0 is below the current reorder point 39.716. At the CRITICAL service level of 98% and a 148-day lead time, the reorder point should be 23.7.",HELD,2026-07-16
REC-001242,000000000030000178,4000,Slurry Pump Mechanical Seal TYPE A,CRITICAL,ON_DEMAND,2,33,0.000,2.800,0.000,2.200,0.000,4.400,OAR_TO_MIN_MAX,This OAR material is classified CRITICAL on the critical parts list. Recommend Min-Max management with a reorder point of 2.8 and a maximum of 4.4.,REJECTED,2026-08-08
REC-001243,000000000030000178,3000,Slurry Pump Mechanical Seal TYPE A,CRITICAL,ON_DEMAND,2,33,0.000,9.300,0.000,6.400,0.000,17.300,OAR_TO_MIN_MAX,This OAR material is classified CRITICAL on the critical parts list. Recommend Min-Max management with a reorder point of 9.3 and a maximum of 17.3.,REJECTED,2026-08-27
REC-001244,000000000010000794,1000,Mill Liner TYPE B METSO,INSURANCE,INTERMITTENT,3,91,9.993,6.500,5.570,3.600,12.334,9.400,ROP_MAX_SAFETY_STOCK,"Stock on hand 6 is below the current reorder point 9.993. At the INSURANCE service level of 90% and a 91-day lead time, the reorder point should be 6.5.",PROPOSED,2026-09-01
REC-001245,000000000010000795,4000,Belt Scraper Blade Cartridge 8/6 SIEMENS,NORMAL,INTERMITTENT,3,58,3.518,6.400,1.937,3.500,12.726,10.900,ROP_MAX_SAFETY_STOCK,Stock on hand 13 exceeds the current maximum 12.726. Consumption of 1.5 per month supports a maximum of 10.9.,PROPOSED,2026-07-27
REC-001246,000000000010000795,3000,Belt Scraper Blade Cartridge 8/6 SIEMENS,NORMAL,INTERMITTENT,1,58,4.414,2.800,2.658,1.700,6.976,4.500,ROP_MAX_SAFETY_STOCK,Stock on hand 8 exceeds the current maximum 6.976. Consumption of 0.6 per month supports a maximum of 4.5.,HELD,2026-08-18
REC-001247,000000000090000046,2000,Vertical Sump Pump Column 110KW SANDVIK,OBSOLETE,NO_DEMAND,0,21,0.000,,0.000,,1.000,,NO_SAFETY_STOCK,Obsolete material: no safety stock recommended. Candidate for stock reduction review.,APPROVED,2026-08-01
REC-001248,000000000010000796,3000,Centrifugal Pump Casing 200MM WEIR,INSURANCE,REGULAR,9,123,31.320,69.200,4.584,10.100,194.344,113.100,ROP_MAX_SAFETY_STOCK,Regular consumption of 14.6 per month over 24 months with a 123-day lead time gives a reorder point of 69.2 against the current 31.32.,PROPOSED,2026-07-10
REC-001249,000000000010000798,1000,Conveyor Drive Motor 8/6 SANDVIK,NORMAL,REGULAR,12,10,30.453,19.800,10.473,6.800,187.303,138.300,ROP_MAX_SAFETY_STOCK,Regular consumption of 39.5 per month over 24 months with a 10-day lead time gives a reorder point of 19.8 against the current 30.453.,APPROVED,2026-06-26
REC-001250,000000000030000180,3000,Centrifugal Pump Casing 250KW ABB,CRITICAL,ON_DEMAND,0,93,0.000,13.900,0.000,9.100,0.000,18.600,OAR_TO_MIN_MAX,This OAR material is classified CRITICAL on the critical parts list. Recommend Min-Max management with a reorder point of 13.9 and a maximum of 18.6.,APPROVED,2026-05-27
REC-001251,000000000010000799,4000,Mill Liner 200MM FLSM,NORMAL,SLOW,4,20,0.259,0.400,0.193,0.300,1.306,0.900,ROP_MAX_SAFETY_STOCK,Slow consumption of 0.2 per month over 24 months with a 20-day lead time gives a reorder point of 0.4 against the current 0.259.,HELD,2026-07-23
REC-001252,000000000010000799,3000,Mill Liner 200MM FLSM,NORMAL,SLOW,3,20,0.599,0.600,0.415,0.400,1.446,1.400,ROP_MAX_SAFETY_STOCK,Slow consumption of 0.2 per month over 24 months with a 20-day lead time gives a reorder point of 0.6 against the current 0.599.,APPROVED,2026-07-01
REC-001253,000000000010000800,4000,Agitator Shaft Seal 6/4 ABB,CRITICAL,SLOW,1,47,3.280,2.100,2.680,1.700,4.292,2.900,ROP_MAX_SAFETY_STOCK,Stock on hand 5 exceeds the current maximum 4.292. Consumption of 0.2 per month supports a maximum of 2.9.,PROPOSED,2026-06-22
REC-001254,000000000010000802,2000,Mill Liner 110KW METSO,NORMAL,REGULAR,12,37,32.117,26.200,7.080,5.800,77.053,76.500,ROP_MAX_SAFETY_STOCK,"Stock on hand 29 is below the current reorder point 32.117. At the NORMAL service level of 85% and a 37-day lead time, the reorder point should be 26.2.",PROPOSED,2026-05-22
REC-001255,000000000010000803,2000,Valve Assembly DN100 MULTOTEC,INSURANCE,SLOW,2,140,6.160,4.200,3.348,2.300,9.727,5.500,ROP_MAX_SAFETY_STOCK,Slow consumption of 0.4 per month over 24 months with a 140-day lead time gives a reorder point of 4.2 against the current 6.16.,PROPOSED,2026-06-21
REC-001256,000000000010000803,4000,Valve Assembly DN100 MULTOTEC,INSURANCE,SLOW,2,140,2.337,2.300,1.201,1.200,4.162,3.000,ROP_MAX_SAFETY_STOCK,Slow consumption of 0.2 per month over 24 months with a 140-day lead time gives a reorder point of 2.3 against the current 2.337.,PROPOSED,2026-06-15
REC-001257,000000000010000805,1000,Skirt Rubber Liner Section 8/6,IMPACT,INTERMITTENT,6,16,0.749,1.400,0.540,1.000,3.051,3.500,ROP_MAX_SAFETY_STOCK,Intermittent consumption of 0.7 per month over 24 months with a 16-day lead time gives a reorder point of 1.4 against the current 0.749.,REJECTED,2026-08-14
REC-001258,000000000010000805,4000,Skirt Rubber Liner Section 8/6,IMPACT,INTERMITTENT,3,16,1.048,1.800,0.858,1.500,5.473,3.700,ROP_MAX_SAFETY_STOCK,Intermittent consumption of 0.6 per month over 24 months with a 16-day lead time gives a reorder point of 1.8 against the current 1.048.,REJECTED,2026-06-02
REC-001259,000000000010000806,4000,Vertical Sump Pump Column 250KW SEW,IMPACT,INTERMITTENT,7,9,3.949,2.300,2.982,1.700,8.072,8.100,ROP_MAX_SAFETY_STOCK,Intermittent consumption of 1.9 per month over 24 months with a 9-day lead time gives a reorder point of 2.3 against the current 3.949.,PROPOSED,2026-06-06
REC-001260,000000000010000807,2000,Slurry Density Transmitter 200MM METSO,NORMAL,INTERMITTENT,5,10,1.179,0.900,0.889,0.700,3.734,2.900,ROP_MAX_SAFETY_STOCK,Intermittent consumption of 0.7 per month over 24 months with a 10-day lead time gives a reorder point of 0.9 against the current 1.179.,PROPOSED,2026-05-11
REC-001261,000000000010000808,2000,Ball Mill Gearbox Assembly 150MM SANDVIK,CRITICAL,REGULAR,11,82,61.764,47.500,12.992,10.000,129.394,89.200,ROP_MAX_SAFETY_STOCK,"Stock on hand 34 is below the current reorder point 61.764. At the CRITICAL service level of 98% and a 82-day lead time, the reorder point should be 47.5.",REJECTED,2026-06-07
REC-001262,000000000010000808,4000,Ball Mill Gearbox Assembly 150MM SANDVIK,CRITICAL,REGULAR,10,82,32.860,67.300,6.642,13.600,160.708,127.000,ROP_MAX_SAFETY_STOCK,Regular consumption of 19.9 per month over 24 months with a 82-day lead time gives a reorder point of 67.3 against the current 32.86.,HELD,2026-07-04
REC-001263,000000000010000809,2000,Ball Mill Trunnion Bearing DN100 SANDVIK,CRITICAL,INTERMITTENT,6,146,14.243,17.000,8.385,10.000,16.691,21.400,ROP_MAX_SAFETY_STOCK,"Stock on hand 11 is below the current reorder point 14.243. At the CRITICAL service level of 98% and a 146-day lead time, the reorder point should be 17.",APPROVED,2026-05-13
REC-001264,000000000010000809,4000,Ball Mill Trunnion Bearing DN100 SANDVIK,CRITICAL,INTERMITTENT,7,146,15.992,23.900,8.231,12.300,40.433,31.100,ROP_MAX_SAFETY_STOCK,Intermittent consumption of 2.4 per month over 24 months with a 146-day lead time gives a reorder point of 23.9 against the current 15.992.,APPROVED,2026-07-11
REC-001265,000000000080000186,3000,Spherical Roller Bearing 250MM KSB,NORMAL,INTERMITTENT,3,10,2.323,2.100,1.697,1.500,5.146,7.200,ROP_MAX_SAFETY_STOCK,Intermittent consumption of 1.7 per month over 24 months with a 10-day lead time gives a reorder point of 2.1 against the current 2.323.,HELD,2026-07-15
REC-001266,000000000010000810,4000,Ball Mill Gearbox Assembly 110KW METSO,IMPACT,REGULAR,11,17,18.625,30.900,6.739,11.200,100.906,136.800,ROP_MAX_SAFETY_STOCK,Regular consumption of 35.3 per month over 24 months with a 17-day lead time gives a reorder point of 30.9 against the current 18.625.,APPROVED,2026-05-14
REC-001267,000000000010000811,1000,PLC Digital Output Card HD FLSM,CRITICAL,INTERMITTENT,0,60,1.576,3.300,1.069,2.200,6.200,4.900,ROP_MAX_SAFETY_STOCK,"Stock on hand 0 is below the current reorder point 1.576. At the CRITICAL service level of 98% and a 60-day lead time, the reorder point should be 3.3.",PROPOSED,2026-07-02
REC-001268,000000000010000812,1000,Flotation Blower Motor DN150 FLSM,NORMAL,REGULAR,12,55,144.647,80.800,20.775,11.600,343.234,195.700,ROP_MAX_SAFETY_STOCK,"Stock on hand 138 is below the current reorder point 144.647. At the NORMAL service level of 85% and a 55-day lead time, the reorder point should be 80.8.",APPROVED,2026-08-23
REC-001269,000000000030000184,2000,Conveyor Drive Motor TYPE A FLSM,IMPACT,ON_DEMAND,1,23,0.000,5.300,0.000,3.700,0.000,11.800,OAR_TO_MIN_MAX,This OAR material is classified IMPACT on the critical parts list. Recommend Min-Max management with a reorder point of 5.3 and a maximum of 11.8.,PROPOSED,2026-08-12
REC-001270,000000000010000813,1000,Crusher Main Shaft Bearing 8/6 METSO,INSURANCE,REGULAR,9,96,74.124,101.600,13.051,17.900,199.277,181.200,ROP_MAX_SAFETY_STOCK,Regular consumption of 26.5 per month over 24 months with a 96-day lead time gives a reorder point of 101.6 against the current 74.124.,APPROVED,2026-08-14
REC-001271,000000000010000814,2000,Conveyor Idler Roller Set 10/8 KSB,NORMAL,INTERMITTENT,6,27,1.312,1.500,0.727,0.800,3.288,3.800,ROP_MAX_SAFETY_STOCK,Intermittent consumption of 0.8 per month over 24 months with a 27-day lead time gives a reorder point of 1.5 against the current 1.312.,HELD,2026-06-06
REC-001272,000000000030000185,3000,Ball Mill Gearbox Assembly DN100 METSO,CRITICAL,ON_DEMAND,1,102,0.000,10.600,0.000,7.100,0.000,13.700,OAR_TO_MIN_MAX,This OAR material is classified CRITICAL on the critical parts list. Recommend Min-Max management with a reorder point of 10.6 and a maximum of 13.7.,PROPOSED,2026-06-21
REC-001273,000000000010000815,2000,Spherical Roller Bearing 6/4 SKF,CRITICAL,REGULAR,10,129,47.364,100.200,8.329,17.600,279.857,158.700,ROP_MAX_SAFETY_STOCK,Regular consumption of 19.5 per month over 24 months with a 129-day lead time gives a reorder point of 100.2 against the current 47.364.,PROPOSED,2026-07-25
REC-001274,000000000080000187,3000,Ventilation Fan Motor 150MM MULTOTEC,NORMAL,INTERMITTENT,6,37,1.797,2.300,0.946,1.200,4.454,4.900,ROP_MAX_SAFETY_STOCK,Intermittent consumption of 0.9 per month over 24 months with a 37-day lead time gives a reorder point of 2.3 against the current 1.797.,PROPOSED,2026-07-07
REC-001275,000000000010000816,4000,Slurry Pump Wet End Assembly 200MM KSB,NORMAL,INTERMITTENT,4,9,1.930,1.100,1.411,0.800,3.234,4.200,ROP_MAX_SAFETY_STOCK,"Stock on hand 1 is below the current reorder point 1.93. At the NORMAL service level of 85% and a 9-day lead time, the reorder point should be 1.1.",APPROVED,2026-06-05
REC-001276,000000000010000817,4000,Spherical Roller Bearing 6/4 MULTOTEC,NORMAL,INTERMITTENT,6,42,8.966,5.100,4.726,2.700,17.809,10.300,ROP_MAX_SAFETY_STOCK,Stock on hand 18 exceeds the current maximum 17.809. Consumption of 1.8 per month supports a maximum of 10.3.,APPROVED,2026-07-27
REC-001277,000000000010000817,1000,Spherical Roller Bearing 6/4 MULTOTEC,NORMAL,INTERMITTENT,3,42,3.949,3.700,2.330,2.200,5.355,7.000,ROP_MAX_SAFETY_STOCK,Stock on hand 6 exceeds the current maximum 5.355. Consumption of 1.1 per month supports a maximum of 7.,HELD,2026-08-22
REC-001278,000000000080000188,4000,PLC Digital Output Card 55KW SEW,CRITICAL,INTERMITTENT,4,102,23.555,14.200,14.304,8.600,26.993,19.200,ROP_MAX_SAFETY_STOCK,"Stock on hand 16 is below the current reorder point 23.555. At the CRITICAL service level of 98% and a 102-day lead time, the reorder point should be 14.2.",HELD,2026-08-27
REC-001279,000000000030000186,2000,Belt Scraper Blade Cartridge DN150 ABB,CRITICAL,ON_DEMAND,0,75,0.000,7.000,0.000,4.900,0.000,9.500,OAR_TO_MIN_MAX,This OAR material is classified CRITICAL on the critical parts list. Recommend Min-Max management with a reorder point of 7 and a maximum of 9.5.,APPROVED,2026-05-12
REC-001280,000000000010000818,2000,Conveyor Idler Roller Set 150MM ABB,CRITICAL,INTERMITTENT,0,49,1.801,4.400,1.307,3.200,7.752,6.700,ROP_MAX_SAFETY_STOCK,"Stock on hand 0 is below the current reorder point 1.801. At the CRITICAL service level of 98% and a 49-day lead time, the reorder point should be 4.4.",APPROVED,2026-05-20
REC-001281,000000000010000819,3000,Mill Lube Pump Motor HD WEIR,IMPACT,INTERMITTENT,3,17,4.777,2.900,3.475,2.100,11.011,7.200,ROP_MAX_SAFETY_STOCK,Intermittent consumption of 1.4 per month over 24 months with a 17-day lead time gives a reorder point of 2.9 against the current 4.777.,PROPOSED,2026-07-25
REC-001282,000000000010000820,1000,Flow Meter Sensor Head 110KW SKF,IMPACT,SLOW,4,42,1.704,1.300,1.176,0.900,1.814,2.200,ROP_MAX_SAFETY_STOCK,"Stock on hand 1 is below the current reorder point 1.704. At the IMPACT service level of 95% and a 42-day lead time, the reorder point should be 1.3.",HELD,2026-05-26
REC-001283,000000000010000820,4000,Flow Meter Sensor Head 110KW SKF,IMPACT,SLOW,4,42,1.942,1.300,1.341,0.900,2.717,2.200,ROP_MAX_SAFETY_STOCK,"Stock on hand 1 is below the current reorder point 1.942. At the IMPACT service level of 95% and a 42-day lead time, the reorder point should be 1.3.",HELD,2026-05-20
REC-001284,000000000010000821,2000,Crusher Hydroset Cylinder TYPE B SEW,NORMAL,REGULAR,12,45,24.081,20.000,5.090,4.200,69.194,52.100,ROP_MAX_SAFETY_STOCK,Regular consumption of 10.7 per month over 24 months with a 45-day lead time gives a reorder point of 20 against the current 24.081.,APPROVED,2026-07-01
REC-001285,000000000010000821,3000,Crusher Hydroset Cylinder TYPE B SEW,NORMAL,REGULAR,8,45,36.279,65.600,5.351,9.700,130.141,179.100,ROP_MAX_SAFETY_STOCK,Regular consumption of 37.8 per month over 24 months with a 45-day lead time gives a reorder point of 65.6 against the current 36.279.,PROPOSED,2026-05-31
REC-001286,000000000010000822,3000,Conveyor Take-Up Pulley DN100 FLSM,NORMAL,SLOW,1,42,0.236,0.400,0.177,0.300,0.538,0.700,ROP_MAX_SAFETY_STOCK,Stock on hand 1 exceeds the current maximum 0.538. Consumption of 0.1 per month supports a maximum of 0.7.,REJECTED,2026-05-20
REC-001287,000000000010000823,2000,Centrifugal Pump Casing TYPE B ABB,NORMAL,INTERMITTENT,5,38,5.385,5.000,2.860,2.700,10.461,10.600,ROP_MAX_SAFETY_STOCK,Intermittent consumption of 1.9 per month over 24 months with a 38-day lead time gives a reorder point of 5 against the current 5.385.,PROPOSED,2026-08-21
REC-001288,000000000030000187,3000,Conveyor Idler Roller Set 10/8 SEW,CRITICAL,ON_DEMAND,1,67,0.000,8.000,0.000,5.300,0.000,11.600,OAR_TO_MIN_MAX,This OAR material is classified CRITICAL on the critical parts list. Recommend Min-Max management with a reorder point of 8 and a maximum of 11.6.,PROPOSED,2026-08-17
REC-001289,000000000030000187,1000,Conveyor Idler Roller Set 10/8 SEW,CRITICAL,ON_DEMAND,2,67,0.000,6.800,0.000,4.600,0.000,9.800,OAR_TO_MIN_MAX,This OAR material is classified CRITICAL on the critical parts list. Recommend Min-Max management with a reorder point of 6.8 and a maximum of 9.8.,REJECTED,2026-05-31
REC-001290,000000000080000189,1000,Centrifugal Pump Casing DN150 KSB,IMPACT,INTERMITTENT,4,15,0.922,1.900,0.725,1.500,6.107,4.400,ROP_MAX_SAFETY_STOCK,"Stock on hand 0 is below the current reorder point 0.922. At the IMPACT service level of 95% and a 15-day lead time, the reorder point should be 1.9.",REJECTED,2026-08-16
REC-001291,000000000080000189,2000,Centrifugal Pump Casing DN150 KSB,IMPACT,INTERMITTENT,5,15,2.189,2.300,1.707,1.800,8.896,5.400,ROP_MAX_SAFETY_STOCK,"Stock on hand 2 is below the current reorder point 2.189. At the IMPACT service level of 95% and a 15-day lead time, the reorder point should be 2.3.",PROPOSED,2026-08-28
REC-001292,000000000010000824,1000,Screen Exciter Bearing TYPE A MULTOTEC,CRITICAL,INTERMITTENT,5,97,16.467,13.100,10.279,8.200,19.962,17.700,ROP_MAX_SAFETY_STOCK,"Stock on hand 16 is below the current reorder point 16.467. At the CRITICAL service level of 98% and a 97-day lead time, the reorder point should be 13.1.",APPROVED,2026-05-15
REC-001293,000000000010000824,4000,Screen Exciter Bearing TYPE A MULTOTEC,CRITICAL,INTERMITTENT,5,97,9.227,10.500,5.501,6.300,25.075,14.500,ROP_MAX_SAFETY_STOCK,"Stock on hand 6 is below the current reorder point 9.227. At the CRITICAL service level of 98% and a 97-day lead time, the reorder point should be 10.5.",REJECTED,2026-05-13
REC-001294,000000000010000826,4000,PLC Digital Output Card 150MM SANDVIK,INSURANCE,REGULAR,12,82,115.699,110.000,15.420,14.700,333.039,216.100,ROP_MAX_SAFETY_STOCK,"Stock on hand 5 is below the current reorder point 115.699. At the INSURANCE service level of 90% and a 82-day lead time, the reorder point should be 110.",APPROVED,2026-07-31
REC-001295,000000000010000826,1000,PLC Digital Output Card 150MM SANDVIK,INSURANCE,REGULAR,12,82,46.635,66.100,9.169,13.000,182.431,125.200,ROP_MAX_SAFETY_STOCK,"Stock on hand 45 is below the current reorder point 46.635. At the INSURANCE service level of 90% and a 82-day lead time, the reorder point should be 66.1.",HELD,2026-05-13
REC-001296,000000000030000188,3000,Mill Liner 200MM WEIR,IMPACT,ON_DEMAND,1,14,0.000,0.900,0.000,0.700,0.000,2.400,OAR_TO_MIN_MAX,This OAR material is classified IMPACT on the critical parts list. Recommend Min-Max management with a reorder point of 0.9 and a maximum of 2.4.,HELD,2026-07-15
REC-001297,000000000010000827,2000,Mill Liner 110KW ABB,INSURANCE,INTERMITTENT,7,209,9.477,6.000,2.645,1.700,14.074,7.900,ROP_MAX_SAFETY_STOCK,Intermittent consumption of 0.6 per month over 24 months with a 209-day lead time gives a reorder point of 6 against the current 9.477.,HELD,2026-06-15
REC-001298,000000000080000190,4000,Gearbox Bearing TYPE A ABB,NORMAL,INTERMITTENT,4,22,1.172,1.100,0.764,0.700,2.667,2.700,ROP_MAX_SAFETY_STOCK,Intermittent consumption of 0.5 per month over 24 months with a 22-day lead time gives a reorder point of 1.1 against the current 1.172.,PROPOSED,2026-06-22
REC-001299,000000000010000828,3000,Ball Mill Gearbox Assembly 55KW MULTOTEC,INSURANCE,INTERMITTENT,7,163,11.078,13.200,3.793,4.500,30.888,18.100,ROP_MAX_SAFETY_STOCK,Intermittent consumption of 1.6 per month over 24 months with a 163-day lead time gives a reorder point of 13.2 against the current 11.078.,REJECTED,2026-08-09
REC-001300,000000000010000829,1000,Soft Starter Power Module HD SKF,NORMAL,INTERMITTENT,6,59,6.970,6.500,3.154,2.900,19.951,12.000,ROP_MAX_SAFETY_STOCK,Intermittent consumption of 1.8 per month over 24 months with a 59-day lead time gives a reorder point of 6.5 against the current 6.97.,APPROVED,2026-07-13
REC-001301,000000000010000830,2000,Conveyor Idler Roller Set 10/8 SKF,CRITICAL,INTERMITTENT,0,135,9.120,6.000,5.471,3.600,9.120,7.600,ROP_MAX_SAFETY_STOCK,"Stock on hand 0 is below the current reorder point 9.12. At the CRITICAL service level of 98% and a 135-day lead time, the reorder point should be 6.",APPROVED,2026-06-11
REC-001302,000000000080000191,4000,Spherical Roller Bearing 6/4 METSO,CRITICAL,INTERMITTENT,6,150,9.526,9.600,5.449,5.500,19.428,12.100,ROP_MAX_SAFETY_STOCK,Intermittent consumption of 0.8 per month over 24 months with a 150-day lead time gives a reorder point of 9.6 against the current 9.526.,APPROVED,2026-06-01
REC-001303,000000000010000831,3000,Ball Mill Trunnion Bearing 110KW SEW,IMPACT,SLOW,3,48,1.183,2.400,0.855,1.700,6.029,3.600,ROP_MAX_SAFETY_STOCK,Slow consumption of 0.4 per month over 24 months with a 48-day lead time gives a reorder point of 2.4 against the current 1.183.,HELD,2026-06-03
REC-001304,000000000010000831,1000,Ball Mill Trunnion Bearing 110KW SEW,IMPACT,SLOW,1,48,0.658,1.100,0.493,0.800,1.544,1.600,ROP_MAX_SAFETY_STOCK,Slow consumption of 0.2 per month over 24 months with a 48-day lead time gives a reorder point of 1.1 against the current 0.658.,PROPOSED,2026-09-01
REC-001305,000000000010000832,3000,Cyclone Apex Liner 110KW METSO,NORMAL,SLOW,2,20,0.194,0.400,0.150,0.300,1.126,0.800,ROP_MAX_SAFETY_STOCK,"Stock on hand 0 is below the current reorder point 0.194. At the NORMAL service level of 85% and a 20-day lead time, the reorder point should be 0.4.",PROPOSED,2026-07-25
REC-001306,000000000010000832,4000,Cyclone Apex Liner 110KW METSO,NORMAL,SLOW,1,20,0.521,0.800,0.404,0.600,2.263,1.600,ROP_MAX_SAFETY_STOCK,Slow consumption of 0.2 per month over 24 months with a 20-day lead time gives a reorder point of 0.8 against the current 0.521.,APPROVED,2026-05-20
REC-001307,000000000090000047,1000,Agitator Shaft Seal DN150 KSB,OBSOLETE,NO_DEMAND,0,14,0.000,,0.000,,1.000,,NO_SAFETY_STOCK,Obsolete material: no safety stock recommended. Candidate for stock reduction review.,PROPOSED,2026-07-15
REC-001308,000000000010000833,3000,Gearbox Bearing HD KSB,CRITICAL,REGULAR,12,134,148.712,195.500,30.654,40.300,398.040,301.200,ROP_MAX_SAFETY_STOCK,"Stock on hand 120 is below the current reorder point 148.712. At the CRITICAL service level of 98% and a 134-day lead time, the reorder point should be 195.5.",APPROVED,2026-07-15
REC-001309,000000000010000834,4000,Slurry Density Transmitter 55KW WEIR,IMPACT,INTERMITTENT,3,27,2.711,5.900,2.023,4.400,13.451,10.900,ROP_MAX_SAFETY_STOCK,"Stock on hand 1 is below the current reorder point 2.711. At the IMPACT service level of 95% and a 27-day lead time, the reorder point should be 5.9.",PROPOSED,2026-07-13
REC-001310,000000000090000048,1000,Crusher Hydroset Cylinder 150MM SEW,OBSOLETE,NO_DEMAND,0,20,0.000,,0.000,,1.000,,NO_SAFETY_STOCK,Obsolete material: no safety stock recommended. Candidate for stock reduction review.,PROPOSED,2026-06-02
REC-001311,000000000010000835,2000,Screen Exciter Bearing DN100 SEW,CRITICAL,INTERMITTENT,0,102,4.855,4.300,3.283,2.900,8.000,5.500,ROP_MAX_SAFETY_STOCK,"Stock on hand 0 is below the current reorder point 4.855. At the CRITICAL service level of 98% and a 102-day lead time, the reorder point should be 4.3.",APPROVED,2026-08-03
REC-001312,000000000010000836,3000,Conveyor Pulley Bearing 250KW MULTOTEC,CRITICAL,INTERMITTENT,1,93,14.217,10.800,9.523,7.200,23.739,14.300,ROP_MAX_SAFETY_STOCK,"Stock on hand 11 is below the current reorder point 14.217. At the CRITICAL service level of 98% and a 93-day lead time, the reorder point should be 10.8.",REJECTED,2026-07-04
REC-001313,000000000010000837,1000,Conveyor Pulley Bearing 8/6 KSB,CRITICAL,SLOW,2,135,3.376,2.300,2.330,1.600,4.526,2.800,ROP_MAX_SAFETY_STOCK,Slow consumption of 0.2 per month over 24 months with a 135-day lead time gives a reorder point of 2.3 against the current 3.376.,PROPOSED,2026-07-22
REC-001314,000000000010000837,2000,Conveyor Pulley Bearing 8/6 KSB,CRITICAL,SLOW,4,135,1.933,2.700,1.276,1.800,5.633,3.300,ROP_MAX_SAFETY_STOCK,Stock on hand 10 exceeds the current maximum 5.633. Consumption of 0.2 per month supports a maximum of 3.3.,PROPOSED,2026-06-06
REC-001315,000000000010000838,2000,Slurry Density Transmitter TYPE B METSO,CRITICAL,INTERMITTENT,5,217,16.235,12.700,7.144,5.600,16.235,15.700,ROP_MAX_SAFETY_STOCK,Stock on hand 18 exceeds the current maximum 16.235. Consumption of 1.0 per month supports a maximum of 15.7.,APPROVED,2026-05-23
REC-001316,000000000010000839,4000,Conveyor Idler Roller Set 6/4 METSO,NORMAL,SLOW,3,47,0.870,0.800,0.543,0.500,2.002,1.400,ROP_MAX_SAFETY_STOCK,Slow consumption of 0.2 per month over 24 months with a 47-day lead time gives a reorder point of 0.8 against the current 0.87.,HELD,2026-06-18
REC-001317,000000000010000839,1000,Conveyor Idler Roller Set 6/4 METSO,NORMAL,SLOW,3,47,0.448,1.000,0.267,0.600,2.699,1.800,ROP_MAX_SAFETY_STOCK,Slow consumption of 0.2 per month over 24 months with a 47-day lead time gives a reorder point of 1 against the current 0.448.,PROPOSED,2026-08-20
REC-001318,000000000010000840,4000,Slurry Pump Wet End Assembly DN150,IMPACT,INTERMITTENT,7,22,2.023,2.800,1.360,1.900,7.164,6.500,ROP_MAX_SAFETY_STOCK,Intermittent consumption of 1.2 per month over 24 months with a 22-day lead time gives a reorder point of 2.8 against the current 2.023.,APPROVED,2026-05-30
REC-001319,000000000010000842,1000,Flow Meter Sensor Head 250KW SANDVIK,CRITICAL,REGULAR,11,51,37.592,68.100,8.609,15.600,210.389,162.100,ROP_MAX_SAFETY_STOCK,Regular consumption of 31.3 per month over 24 months with a 51-day lead time gives a reorder point of 68.1 against the current 37.592.,PROPOSED,2026-08-02
REC-001320,000000000010000842,3000,Flow Meter Sensor Head 250KW SANDVIK,CRITICAL,REGULAR,9,51,34.565,68.800,7.848,15.600,139.233,164.100,ROP_MAX_SAFETY_STOCK,Regular consumption of 31.8 per month over 24 months with a 51-day lead time gives a reorder point of 68.8 against the current 34.565.,REJECTED,2026-07-09
REC-001321,000000000080000192,1000,Conveyor Take-Up Pulley DN150 KSB,IMPACT,INTERMITTENT,7,7,3.851,2.100,3.099,1.700,10.922,7.600,ROP_MAX_SAFETY_STOCK,Intermittent consumption of 1.8 per month over 24 months with a 7-day lead time gives a reorder point of 2.1 against the current 3.851.,APPROVED,2026-08-24
REC-001322,000000000030000193,1000,Belt Scraper Blade Cartridge 8/6 FLSM,IMPACT,ON_DEMAND,0,22,0.000,2.000,0.000,1.500,0.000,4.000,OAR_TO_MIN_MAX,This OAR material is classified IMPACT on the critical parts list. Recommend Min-Max management with a reorder point of 2 and a maximum of 4.,APPROVED,2026-07-13
REC-001323,000000000010000843,2000,Centrifugal Pump Casing 8/6 SKF,CRITICAL,INTERMITTENT,8,124,7.572,4.300,3.701,2.100,7.572,5.900,ROP_MAX_SAFETY_STOCK,"Stock on hand 7 is below the current reorder point 7.572. At the CRITICAL service level of 98% and a 124-day lead time, the reorder point should be 4.3.",HELD,2026-08-08
REC-001324,000000000010000843,4000,Centrifugal Pump Casing 8/6 SKF,CRITICAL,INTERMITTENT,6,124,5.224,3.800,2.881,2.100,7.452,5.000,ROP_MAX_SAFETY_STOCK,Intermittent consumption of 0.4 per month over 24 months with a 124-day lead time gives a reorder point of 3.8 against the current 5.224.,APPROVED,2026-06-11
REC-001325,000000000010000844,3000,Conveyor Idler Roller Set DN100 FLSM,NORMAL,INTERMITTENT,4,40,2.933,2.300,1.515,1.200,4.525,4.900,ROP_MAX_SAFETY_STOCK,Intermittent consumption of 0.9 per month over 24 months with a 40-day lead time gives a reorder point of 2.3 against the current 2.933.,APPROVED,2026-07-10
REC-001326,000000000080000193,1000,Ventilation Fan Motor 200MM KSB,IMPACT,INTERMITTENT,3,27,3.567,2.700,2.614,2.000,5.486,5.200,ROP_MAX_SAFETY_STOCK,"Stock on hand 3 is below the current reorder point 3.567. At the IMPACT service level of 95% and a 27-day lead time, the reorder point should be 2.7.",REJECTED,2026-07-14
REC-001327,000000000010000845,2000,Pump Impeller 110KW SIEMENS,NORMAL,INTERMITTENT,6,34,1.870,4.400,1.078,2.500,11.059,9.400,ROP_MAX_SAFETY_STOCK,"Stock on hand 0 is below the current reorder point 1.87. At the NORMAL service level of 85% and a 34-day lead time, the reorder point should be 4.4.",APPROVED,2026-06-30
REC-001328,000000000010000845,3000,Pump Impeller 110KW SIEMENS,NORMAL,INTERMITTENT,0,34,1.803,2.200,1.215,1.500,6.016,4.200,ROP_MAX_SAFETY_STOCK,Intermittent consumption of 0.7 per month over 24 months with a 34-day lead time gives a reorder point of 2.2 against the current 1.803.,PROPOSED,2026-06-29
REC-001329,000000000030000195,3000,Ball Mill Gearbox Assembly DN150 METSO,IMPACT,ON_DEMAND,1,17,0.000,3.600,0.000,2.700,0.000,8.500,OAR_TO_MIN_MAX,This OAR material is classified IMPACT on the critical parts list. Recommend Min-Max management with a reorder point of 3.6 and a maximum of 8.5.,REJECTED,2026-08-02
REC-001330,000000000010000847,3000,PLC Digital Output Card 150MM MULTOTEC,NORMAL,INTERMITTENT,5,13,4.424,2.600,3.091,1.800,7.094,8.100,ROP_MAX_SAFETY_STOCK,"Stock on hand 1 is below the current reorder point 4.424. At the NORMAL service level of 85% and a 13-day lead time, the reorder point should be 2.6.",REJECTED,2026-06-03
REC-001331,000000000080000194,3000,Level Radar Transmitter 55KW METSO,NORMAL,INTERMITTENT,4,11,1.887,2.500,1.360,1.800,13.431,8.200,ROP_MAX_SAFETY_STOCK,Intermittent consumption of 1.9 per month over 24 months with a 11-day lead time gives a reorder point of 2.5 against the current 1.887.,APPROVED,2026-05-20
REC-001332,000000000080000194,1000,Level Radar Transmitter 55KW METSO,NORMAL,INTERMITTENT,4,11,2.438,1.900,1.581,1.200,9.544,7.500,ROP_MAX_SAFETY_STOCK,Intermittent consumption of 1.9 per month over 24 months with a 11-day lead time gives a reorder point of 1.9 against the current 2.438.,HELD,2026-07-31
REC-001333,000000000080000195,3000,Conveyor Pulley Bearing DN100 METSO,CRITICAL,INTERMITTENT,2,70,1.451,3.400,0.934,2.200,9.198,5.000,ROP_MAX_SAFETY_STOCK,Intermittent consumption of 0.5 per month over 24 months with a 70-day lead time gives a reorder point of 3.4 against the current 1.451.,APPROVED,2026-06-11
REC-001334,000000000010000848,3000,Conveyor Drive Gearbox TYPE B FLSM,NORMAL,INTERMITTENT,3,42,1.568,3.900,0.967,2.400,5.315,7.200,ROP_MAX_SAFETY_STOCK,"Stock on hand 1 is below the current reorder point 1.568. At the NORMAL service level of 85% and a 42-day lead time, the reorder point should be 3.9.",PROPOSED,2026-09-02
REC-001335,000000000010000849,1000,Flow Meter Sensor Head 6/4 KSB,IMPACT,SLOW,2,39,2.041,1.300,1.425,0.900,2.161,2.200,ROP_MAX_SAFETY_STOCK,Stock on hand 3 exceeds the current maximum 2.161. Consumption of 0.3 per month supports a maximum of 2.2.,APPROVED,2026-06-03
REC-001336,000000000080000196,3000,Gland Packing Seal Ring 55KW SEW,IMPACT,INTERMITTENT,3,58,8.384,7.600,5.734,5.200,11.513,11.300,ROP_MAX_SAFETY_STOCK,Stock on hand 12 exceeds the current maximum 11.513. Consumption of 1.2 per month supports a maximum of 11.3.,REJECTED,2026-07-24
REC-001337,000000000080000196,2000,Gland Packing Seal Ring 55KW SEW,IMPACT,INTERMITTENT,7,58,18.076,11.900,10.028,6.600,25.622,20.300,ROP_MAX_SAFETY_STOCK,"Stock on hand 6 is below the current reorder point 18.076. At the IMPACT service level of 95% and a 58-day lead time, the reorder point should be 11.9.",HELD,2026-07-08
REC-001338,000000000010000850,4000,Variable Speed Drive Unit 55KW SANDVIK,INSURANCE,INTERMITTENT,4,76,5.941,5.600,2.631,2.500,11.519,9.300,ROP_MAX_SAFETY_STOCK,"Stock on hand 1 is below the current reorder point 5.941. At the INSURANCE service level of 90% and a 76-day lead time, the reorder point should be 5.6.",REJECTED,2026-05-10
REC-001339,000000000010000850,2000,Variable Speed Drive Unit 55KW SANDVIK,INSURANCE,INTERMITTENT,7,76,7.249,4.100,3.175,1.800,8.229,6.800,ROP_MAX_SAFETY_STOCK,"Stock on hand 7 is below the current reorder point 7.249. At the INSURANCE service level of 90% and a 76-day lead time, the reorder point should be 4.1.",PROPOSED,2026-06-12
REC-001340,000000000080000197,1000,Level Radar Transmitter DN100 KSB,CRITICAL,INTERMITTENT,5,109,25.958,19.100,14.595,10.700,41.308,26.100,ROP_MAX_SAFETY_STOCK,"Stock on hand 21 is below the current reorder point 25.958. At the CRITICAL service level of 98% and a 109-day lead time, the reorder point should be 19.1.",PROPOSED,2026-06-07
REC-001341,000000000010000851,3000,Level Radar Transmitter 8/6 WEIR,IMPACT,INTERMITTENT,5,48,3.082,6.700,1.928,4.200,18.962,11.400,ROP_MAX_SAFETY_STOCK,Intermittent consumption of 1.6 per month over 24 months with a 48-day lead time gives a reorder point of 6.7 against the current 3.082.,APPROVED,2026-06-04
REC-001342,000000000010000851,2000,Level Radar Transmitter 8/6 WEIR,IMPACT,INTERMITTENT,7,48,11.895,6.800,7.366,4.200,11.895,11.700,ROP_MAX_SAFETY_STOCK,Stock on hand 20 exceeds the current maximum 11.895. Consumption of 1.6 per month supports a maximum of 11.7.,PROPOSED,2026-07-18
REC-001343,000000000010000852,1000,Cyclone Apex Liner HD KSB,CRITICAL,INTERMITTENT,0,148,14.821,16.500,7.549,8.400,28.487,21.500,ROP_MAX_SAFETY_STOCK,"Stock on hand 0 is below the current reorder point 14.821. At the CRITICAL service level of 98% and a 148-day lead time, the reorder point should be 16.5.",REJECTED,2026-07-08
REC-001344,000000000010000852,4000,Cyclone Apex Liner HD KSB,CRITICAL,INTERMITTENT,0,148,14.983,9.400,8.482,5.300,14.983,11.900,ROP_MAX_SAFETY_STOCK,"Stock on hand 0 is below the current reorder point 14.983. At the CRITICAL service level of 98% and a 148-day lead time, the reorder point should be 9.4.",PROPOSED,2026-07-13
REC-001345,000000000010000853,1000,Flotation Blower Motor TYPE B ABB,CRITICAL,INTERMITTENT,10,177,8.046,12.200,3.240,4.900,15.379,15.900,ROP_MAX_SAFETY_STOCK,Intermittent consumption of 1.2 per month over 24 months with a 177-day lead time gives a reorder point of 12.2 against the current 8.046.,PROPOSED,2026-08-14
REC-001346,000000000010000854,4000,Ball Mill Trunnion Bearing TYPE B METSO,CRITICAL,REGULAR,12,105,141.524,130.400,28.251,26.000,390.227,221.200,ROP_MAX_SAFETY_STOCK,Regular consumption of 30.2 per month over 24 months with a 105-day lead time gives a reorder point of 130.4 against the current 141.524.,APPROVED,2026-06-26
REC-001347,000000000010000854,1000,Ball Mill Trunnion Bearing TYPE B METSO,CRITICAL,REGULAR,11,105,60.898,85.100,10.750,15.000,253.033,146.100,ROP_MAX_SAFETY_STOCK,Regular consumption of 20.3 per month over 24 months with a 105-day lead time gives a reorder point of 85.1 against the current 60.898.,PROPOSED,2026-05-13
REC-001348,000000000010000855,4000,Gearbox Bearing 200MM MULTOTEC,NORMAL,INTERMITTENT,4,36,1.894,3.400,1.117,2.000,12.079,6.900,ROP_MAX_SAFETY_STOCK,Intermittent consumption of 1.2 per month over 24 months with a 36-day lead time gives a reorder point of 3.4 against the current 1.894.,APPROVED,2026-07-05
REC-001349,000000000090000049,2000,Flotation Blower Motor 8/6 SEW,OBSOLETE,NO_DEMAND,0,27,0.000,,0.000,,1.000,,NO_SAFETY_STOCK,Obsolete material: no safety stock recommended. Candidate for stock reduction review.,PROPOSED,2026-08-05
REC-001350,000000000090000049,4000,Flotation Blower Motor 8/6 SEW,OBSOLETE,NO_DEMAND,0,27,0.000,,0.000,,1.000,,NO_SAFETY_STOCK,Obsolete material: no safety stock recommended. Candidate for stock reduction review.,REJECTED,2026-09-01
REC-001351,000000000010000857,2000,Gearbox Bearing 6/4 METSO,NORMAL,SLOW,3,20,0.546,0.600,0.379,0.400,1.066,1.400,ROP_MAX_SAFETY_STOCK,"Stock on hand 0 is below the current reorder point 0.546. At the NORMAL service level of 85% and a 20-day lead time, the reorder point should be 0.6.",APPROVED,2026-05-13
REC-001352,000000000010000857,1000,Gearbox Bearing 6/4 METSO,NORMAL,SLOW,4,20,0.713,0.600,0.495,0.400,1.398,1.400,ROP_MAX_SAFETY_STOCK,Slow consumption of 0.2 per month over 24 months with a 20-day lead time gives a reorder point of 0.6 against the current 0.713.,HELD,2026-06-16
REC-001353,000000000010000858,1000,Mill Lube Pump Motor 250KW MULTOTEC,NORMAL,SLOW,3,60,1.180,2.000,0.702,1.200,3.433,3.200,ROP_MAX_SAFETY_STOCK,"Stock on hand 0 is below the current reorder point 1.18. At the NORMAL service level of 85% and a 60-day lead time, the reorder point should be 2.",HELD,2026-07-23
REC-001354,000000000010000858,4000,Mill Lube Pump Motor 250KW MULTOTEC,NORMAL,SLOW,1,60,0.421,0.400,0.330,0.300,0.577,0.500,ROP_MAX_SAFETY_STOCK,Stock on hand 1 exceeds the current maximum 0.577. Consumption of 0.0 per month supports a maximum of 0.5.,APPROVED,2026-08-08
REC-001355,000000000010000859,1000,Centrifugal Pump Casing 6/4 FLSM,CRITICAL,INTERMITTENT,2,144,6.464,8.900,4.159,5.700,9.699,10.900,ROP_MAX_SAFETY_STOCK,"Stock on hand 4 is below the current reorder point 6.464. At the CRITICAL service level of 98% and a 144-day lead time, the reorder point should be 8.9.",HELD,2026-08-15
REC-001356,000000000010000859,2000,Centrifugal Pump Casing 6/4 FLSM,CRITICAL,INTERMITTENT,6,144,14.838,15.000,8.022,8.100,15.985,19.400,ROP_MAX_SAFETY_STOCK,"Stock on hand 8 is below the current reorder point 14.838. At the CRITICAL service level of 98% and a 144-day lead time, the reorder point should be 15.",APPROVED,2026-06-03
REC-001357,000000000010000860,3000,Soft Starter Power Module 110KW KSB,CRITICAL,INTERMITTENT,0,129,6.499,9.300,3.562,5.100,11.992,12.300,ROP_MAX_SAFETY_STOCK,"Stock on hand 0 is below the current reorder point 6.499. At the CRITICAL service level of 98% and a 129-day lead time, the reorder point should be 9.3.",APPROVED,2026-05-17
REC-001358,000000000010000860,1000,Soft Starter Power Module 110KW KSB,CRITICAL,INTERMITTENT,0,129,19.937,11.300,12.756,7.200,19.937,14.200,ROP_MAX_SAFETY_STOCK,"Stock on hand 0 is below the current reorder point 19.937. At the CRITICAL service level of 98% and a 129-day lead time, the reorder point should be 11.3.",REJECTED,2026-08-06
REC-001359,000000000010000861,3000,Gland Packing Seal Ring DN150 FLSM,NORMAL,INTERMITTENT,3,51,4.145,3.300,2.241,1.800,5.850,6.000,ROP_MAX_SAFETY_STOCK,Stock on hand 6 exceeds the current maximum 5.85. Consumption of 0.9 per month supports a maximum of 6.,REJECTED,2026-05-22
REC-001360,000000000030000196,3000,Agitator Shaft Seal 250KW SKF,CRITICAL,ON_DEMAND,1,62,0.000,5.800,0.000,3.800,0.000,8.800,OAR_TO_MIN_MAX,This OAR material is classified CRITICAL on the critical parts list. Recommend Min-Max management with a reorder point of 5.8 and a maximum of 8.8.,APPROVED,2026-06-13
REC-001361,000000000010000862,4000,Ventilation Fan Motor 55KW WEIR,CRITICAL,INTERMITTENT,0,30,5.243,5.700,3.340,3.600,11.187,11.900,ROP_MAX_SAFETY_STOCK,"Stock on hand 0 is below the current reorder point 5.243. At the CRITICAL service level of 98% and a 30-day lead time, the reorder point should be 5.7.",APPROVED,2026-05-14
REC-001362,000000000010000863,4000,Vertical Sump Pump Column 200MM FLSM,IMPACT,SLOW,1,37,0.791,0.800,0.634,0.600,1.976,1.200,ROP_MAX_SAFETY_STOCK,Stock on hand 3 exceeds the current maximum 1.976. Consumption of 0.1 per month supports a maximum of 1.2.,PROPOSED,2026-08-06
REC-001363,000000000010000863,3000,Vertical Sump Pump Column 200MM FLSM,IMPACT,SLOW,3,37,0.494,1.200,0.348,0.800,1.460,2.100,ROP_MAX_SAFETY_STOCK,Slow consumption of 0.3 per month over 24 months with a 37-day lead time gives a reorder point of 1.2 against the current 0.494.,PROPOSED,2026-05-14
REC-001364,000000000010000864,4000,Agitator Shaft Seal 200MM METSO,INSURANCE,SLOW,4,77,4.829,3.700,2.598,2.000,8.769,5.700,ROP_MAX_SAFETY_STOCK,Slow consumption of 0.7 per month over 24 months with a 77-day lead time gives a reorder point of 3.7 against the current 4.829.,PROPOSED,2026-06-05
REC-001365,000000000010000864,3000,Agitator Shaft Seal 200MM METSO,INSURANCE,SLOW,2,77,1.447,1.300,0.892,0.800,1.857,1.900,ROP_MAX_SAFETY_STOCK,"Stock on hand 1 is below the current reorder point 1.447. At the INSURANCE service level of 90% and a 77-day lead time, the reorder point should be 1.3.",APPROVED,2026-08-23
REC-001366,000000000080000198,2000,Mill Liner 55KW KSB,IMPACT,INTERMITTENT,4,13,2.809,1.900,2.167,1.500,6.940,5.000,ROP_MAX_SAFETY_STOCK,Intermittent consumption of 1.0 per month over 24 months with a 13-day lead time gives a reorder point of 1.9 against the current 2.809.,HELD,2026-07-31
REC-001367,000000000010000865,1000,Crusher Hydroset Cylinder TYPE B SANDVIK,IMPACT,REGULAR,10,60,45.186,59.800,10.757,14.200,131.279,129.200,ROP_MAX_SAFETY_STOCK,"Stock on hand 23 is below the current reorder point 45.186. At the IMPACT service level of 95% and a 60-day lead time, the reorder point should be 59.8.",REJECTED,2026-07-10
REC-001368,000000000010000865,4000,Crusher Hydroset Cylinder TYPE B SANDVIK,IMPACT,REGULAR,10,60,60.698,87.900,15.183,22.000,277.351,188.200,ROP_MAX_SAFETY_STOCK,Regular consumption of 33.4 per month over 24 months with a 60-day lead time gives a reorder point of 87.9 against the current 60.698.,REJECTED,2026-08-21
REC-001369,000000000080000199,2000,Centrifugal Pump Casing 250MM SEW,NORMAL,INTERMITTENT,3,13,1.048,1.700,0.739,1.200,4.278,5.200,ROP_MAX_SAFETY_STOCK,Intermittent consumption of 1.2 per month over 24 months with a 13-day lead time gives a reorder point of 1.7 against the current 1.048.,HELD,2026-06-29
REC-001370,000000000010000866,2000,Conveyor Drive Motor DN150 MULTOTEC,NORMAL,SLOW,2,7,0.442,0.500,0.367,0.400,1.609,1.500,ROP_MAX_SAFETY_STOCK,Stock on hand 2 exceeds the current maximum 1.609. Consumption of 0.3 per month supports a maximum of 1.5.,HELD,2026-06-14
REC-001371,000000000010000866,4000,Conveyor Drive Motor DN150 MULTOTEC,NORMAL,SLOW,2,7,0.225,0.500,0.182,0.400,1.332,1.800,ROP_MAX_SAFETY_STOCK,Slow consumption of 0.4 per month over 24 months with a 7-day lead time gives a reorder point of 0.5 against the current 0.225.,HELD,2026-08-21
REC-001372,000000000010000867,4000,Screen Exciter Bearing TYPE A SIEMENS,IMPACT,SLOW,3,45,1.791,1.800,1.407,1.400,2.506,2.500,ROP_MAX_SAFETY_STOCK,"Stock on hand 1 is below the current reorder point 1.791. At the IMPACT service level of 95% and a 45-day lead time, the reorder point should be 1.8.",APPROVED,2026-08-09
REC-001373,000000000090000050,4000,Crusher Main Shaft Bearing TYPE A ABB,OBSOLETE,NO_DEMAND,0,26,0.000,,0.000,,1.000,,NO_SAFETY_STOCK,Obsolete material: no safety stock recommended. Candidate for stock reduction review.,APPROVED,2026-08-27
REC-001374,000000000010000868,4000,Spherical Roller Bearing DN100 FLSM,INSURANCE,INTERMITTENT,3,93,5.279,7.600,2.902,4.200,14.394,11.000,ROP_MAX_SAFETY_STOCK,"Stock on hand 0 is below the current reorder point 5.279. At the INSURANCE service level of 90% and a 93-day lead time, the reorder point should be 7.6.",APPROVED,2026-05-24
REC-001375,000000000010000869,1000,Hydraulic Power Pack TYPE B WEIR,INSURANCE,INTERMITTENT,9,222,15.566,14.000,3.405,3.100,18.059,18.500,ROP_MAX_SAFETY_STOCK,"Stock on hand 6 is below the current reorder point 15.566. At the INSURANCE service level of 90% and a 222-day lead time, the reorder point should be 14.",REJECTED,2026-05-18
REC-001376,000000000080000200,1000,Apron Feeder Gear Reducer 250MM SEW,IMPACT,INTERMITTENT,6,20,3.085,4.800,2.193,3.400,16.824,11.200,ROP_MAX_SAFETY_STOCK,Intermittent consumption of 2.1 per month over 24 months with a 20-day lead time gives a reorder point of 4.8 against the current 3.085.,APPROVED,2026-06-24
REC-001377,000000000010000870,3000,Flotation Cell Impeller 200MM ABB,CRITICAL,INTERMITTENT,3,114,12.454,7.500,8.597,5.200,12.454,9.400,ROP_MAX_SAFETY_STOCK,"Stock on hand 10 is below the current reorder point 12.454. At the CRITICAL service level of 98% and a 114-day lead time, the reorder point should be 7.5.",REJECTED,2026-07-27
REC-001378,000000000010000871,4000,Ball Mill Shell Liner Plate HD KSB,NORMAL,SLOW,1,45,0.438,1.000,0.252,0.600,2.293,1.900,ROP_MAX_SAFETY_STOCK,Slow consumption of 0.3 per month over 24 months with a 45-day lead time gives a reorder point of 1 against the current 0.438.,PROPOSED,2026-07-22
REC-001379,000000000030000198,2000,Ventilation Fan Motor TYPE A SANDVIK,CRITICAL,ON_DEMAND,0,54,0.000,3.900,0.000,2.600,0.000,6.000,OAR_TO_MIN_MAX,This OAR material is classified CRITICAL on the critical parts list. Recommend Min-Max management with a reorder point of 3.9 and a maximum of 6.,PROPOSED,2026-06-17
REC-001380,000000000010000872,2000,Flotation Blower Motor 150MM FLSM,CRITICAL,INTERMITTENT,0,102,14.440,12.500,8.655,7.500,28.591,17.000,ROP_MAX_SAFETY_STOCK,"Stock on hand 0 is below the current reorder point 14.44. At the CRITICAL service level of 98% and a 102-day lead time, the reorder point should be 12.5.",REJECTED,2026-06-18
REC-001381,000000000010000873,2000,Pressure Transmitter Assembly 250KW WEIR,INSURANCE,INTERMITTENT,3,150,7.914,12.400,3.847,6.000,24.779,16.300,ROP_MAX_SAFETY_STOCK,Intermittent consumption of 1.3 per month over 24 months with a 150-day lead time gives a reorder point of 12.4 against the current 7.914.,HELD,2026-07-14
REC-001382,000000000010000873,1000,Pressure Transmitter Assembly 250KW WEIR,INSURANCE,INTERMITTENT,5,150,9.010,11.700,4.082,5.300,11.435,15.600,ROP_MAX_SAFETY_STOCK,"Stock on hand 6 is below the current reorder point 9.01. At the INSURANCE service level of 90% and a 150-day lead time, the reorder point should be 11.7.",APPROVED,2026-08-31
REC-001383,000000000030000199,3000,Crusher Hydroset Cylinder DN150 SEW,IMPACT,ON_DEMAND,1,27,0.000,6.900,0.000,4.500,0.000,15.000,OAR_TO_MIN_MAX,This OAR material is classified IMPACT on the critical parts list. Recommend Min-Max management with a reorder point of 6.9 and a maximum of 15.,APPROVED,2026-07-16
REC-001384,000000000010000875,2000,Slurry Density Transmitter 55KW KSB,INSURANCE,INTERMITTENT,6,55,4.350,7.000,2.350,3.800,20.504,12.400,ROP_MAX_SAFETY_STOCK,"Stock on hand 2 is below the current reorder point 4.35. At the INSURANCE service level of 90% and a 55-day lead time, the reorder point should be 7.",APPROVED,2026-08-01
REC-001385,000000000030000200,1000,MCC Feeder Circuit Breaker DN100 KSB,IMPACT,ON_DEMAND,2,7,0.000,0.800,0.000,0.700,0.000,2.300,OAR_TO_MIN_MAX,This OAR material is classified IMPACT on the critical parts list. Recommend Min-Max management with a reorder point of 0.8 and a maximum of 2.3.,REJECTED,2026-06-28
REC-001386,000000000080000201,1000,Hydraulic Pump Assembly 150MM SANDVIK,CRITICAL,INTERMITTENT,5,62,6.978,3.900,4.436,2.500,6.978,6.000,ROP_MAX_SAFETY_STOCK,Stock on hand 8 exceeds the current maximum 6.978. Consumption of 0.7 per month supports a maximum of 6.,PROPOSED,2026-06-17
REC-001387,000000000090000051,3000,Hydraulic Power Pack DN150 ABB,OBSOLETE,NO_DEMAND,0,50,0.000,,0.000,,1.000,,NO_SAFETY_STOCK,Obsolete material: no safety stock recommended. Candidate for stock reduction review.,APPROVED,2026-08-08
REC-001388,000000000010000876,4000,Belt Scraper Blade Cartridge 250KW WEIR,CRITICAL,INTERMITTENT,0,137,18.605,12.500,8.796,5.900,18.605,16.900,ROP_MAX_SAFETY_STOCK,"Stock on hand 0 is below the current reorder point 18.605. At the CRITICAL service level of 98% and a 137-day lead time, the reorder point should be 12.5.",APPROVED,2026-08-14
REC-001389,000000000010000877,4000,Level Radar Transmitter TYPE A SEW,INSURANCE,SLOW,4,142,2.630,5.800,1.214,2.700,11.152,7.800,ROP_MAX_SAFETY_STOCK,Stock on hand 15 exceeds the current maximum 11.152. Consumption of 0.7 per month supports a maximum of 7.8.,PROPOSED,2026-05-24
REC-001390,000000000010000877,2000,Level Radar Transmitter TYPE A SEW,INSURANCE,SLOW,2,142,5.647,4.200,3.059,2.300,5.647,5.500,ROP_MAX_SAFETY_STOCK,Stock on hand 8 exceeds the current maximum 5.647. Consumption of 0.4 per month supports a maximum of 5.5.,APPROVED,2026-08-11
REC-001391,000000000010000878,2000,Apron Feeder Gear Reducer DN150 FLSM,CRITICAL,INTERMITTENT,9,161,3.346,5.600,1.385,2.300,8.963,7.500,ROP_MAX_SAFETY_STOCK,"Stock on hand 2 is below the current reorder point 3.346. At the CRITICAL service level of 98% and a 161-day lead time, the reorder point should be 5.6.",REJECTED,2026-05-31
REC-001392,000000000090000052,4000,Cyclone Apex Liner DN150 SEW,OBSOLETE,NO_DEMAND,0,52,0.000,,0.000,,1.000,,NO_SAFETY_STOCK,Obsolete material: no safety stock recommended. Candidate for stock reduction review.,REJECTED,2026-07-21
REC-001393,000000000090000052,1000,Cyclone Apex Liner DN150 SEW,OBSOLETE,NO_DEMAND,0,52,0.000,,0.000,,1.000,,NO_SAFETY_STOCK,Obsolete material: no safety stock recommended. Candidate for stock reduction review.,APPROVED,2026-05-18
REC-001394,000000000010000879,2000,Gearbox Bearing TYPE A SIEMENS,INSURANCE,SLOW,2,80,2.592,1.600,1.512,0.900,3.863,2.400,ROP_MAX_SAFETY_STOCK,"Stock on hand 2 is below the current reorder point 2.592. At the INSURANCE service level of 90% and a 80-day lead time, the reorder point should be 1.6.",APPROVED,2026-05-27
REC-001395,000000000010000879,4000,Gearbox Bearing TYPE A SIEMENS,INSURANCE,SLOW,3,80,1.850,1.400,1.132,0.900,1.850,2.000,ROP_MAX_SAFETY_STOCK,"Stock on hand 1 is below the current reorder point 1.85. At the INSURANCE service level of 90% and a 80-day lead time, the reorder point should be 1.4.",APPROVED,2026-08-05
REC-001396,000000000030000201,2000,MCC Feeder Circuit Breaker 250KW KSB,IMPACT,ON_DEMAND,1,36,0.000,7.300,0.000,4.100,0.000,15.300,OAR_TO_MIN_MAX,This OAR material is classified IMPACT on the critical parts list. Recommend Min-Max management with a reorder point of 7.3 and a maximum of 15.3.,PROPOSED,2026-07-10
REC-001397,000000000010000881,2000,Slurry Pump Mechanical Seal 150MM SKF,NORMAL,INTERMITTENT,5,26,1.009,1.400,0.657,0.900,2.550,3.100,ROP_MAX_SAFETY_STOCK,"Stock on hand 1 is below the current reorder point 1.009. At the NORMAL service level of 85% and a 26-day lead time, the reorder point should be 1.4.",APPROVED,2026-07-26
REC-001398,000000000010000882,2000,Mill Lube Pump Motor DN150 FLSM,NORMAL,REGULAR,11,53,96.012,54.600,15.411,8.800,187.427,133.500,ROP_MAX_SAFETY_STOCK,"Stock on hand 22 is below the current reorder point 96.012. At the NORMAL service level of 85% and a 53-day lead time, the reorder point should be 54.6.",APPROVED,2026-07-20
REC-001399,000000000080000202,2000,Pressure Transmitter Assembly TYPE A,CRITICAL,INTERMITTENT,7,81,7.108,7.600,4.022,4.300,9.856,11.300,ROP_MAX_SAFETY_STOCK,Intermittent consumption of 1.2 per month over 24 months with a 81-day lead time gives a reorder point of 7.6 against the current 7.108.,APPROVED,2026-07-05
REC-001400,000000000010000883,3000,Agitator Shaft Seal 10/8 MULTOTEC,CRITICAL,REGULAR,12,86,29.500,32.900,7.442,8.300,74.217,59.000,ROP_MAX_SAFETY_STOCK,Regular consumption of 8.7 per month over 24 months with a 86-day lead time gives a reorder point of 32.9 against the current 29.5.,PROPOSED,2026-08-14
REC-001401,000000000080000203,2000,MCC Feeder Circuit Breaker 200MM WEIR,CRITICAL,INTERMITTENT,5,119,7.252,7.600,4.458,4.700,10.035,9.800,ROP_MAX_SAFETY_STOCK,"Stock on hand 6 is below the current reorder point 7.252. At the CRITICAL service level of 98% and a 119-day lead time, the reorder point should be 7.6.",PROPOSED,2026-08-24
REC-001402,000000000010000884,4000,Agitator Shaft Seal 250MM MULTOTEC,IMPACT,REGULAR,12,10,20.578,12.800,9.151,5.700,64.849,77.300,ROP_MAX_SAFETY_STOCK,"Stock on hand 5 is below the current reorder point 20.578. At the IMPACT service level of 95% and a 10-day lead time, the reorder point should be 12.8.",APPROVED,2026-08-20
REC-001403,000000000010000886,4000,Ball Mill Shell Liner Plate 6/4 SIEMENS,INSURANCE,INTERMITTENT,5,35,5.241,6.400,3.184,3.900,16.699,13.000,ROP_MAX_SAFETY_STOCK,Intermittent consumption of 2.2 per month over 24 months with a 35-day lead time gives a reorder point of 6.4 against the current 5.241.,HELD,2026-06-07
REC-001404,000000000080000204,4000,Conveyor Idler Roller Set 200MM SIEMENS,CRITICAL,INTERMITTENT,2,117,22.945,14.900,14.776,9.600,23.849,19.000,ROP_MAX_SAFETY_STOCK,Intermittent consumption of 1.4 per month over 24 months with a 117-day lead time gives a reorder point of 14.9 against the current 22.945.,APPROVED,2026-07-09
REC-001405,000000000010000887,3000,Level Radar Transmitter 6/4 MULTOTEC,CRITICAL,INTERMITTENT,0,97,24.444,14.400,14.528,8.600,30.703,19.900,ROP_MAX_SAFETY_STOCK,"Stock on hand 0 is below the current reorder point 24.444. At the CRITICAL service level of 98% and a 97-day lead time, the reorder point should be 14.4.",APPROVED,2026-05-26
REC-001406,000000000010000887,2000,Level Radar Transmitter 6/4 MULTOTEC,CRITICAL,INTERMITTENT,0,97,6.508,14.200,3.762,8.200,14.907,19.800,ROP_MAX_SAFETY_STOCK,"Stock on hand 0 is below the current reorder point 6.508. At the CRITICAL service level of 98% and a 97-day lead time, the reorder point should be 14.2.",PROPOSED,2026-08-26
REC-001407,000000000010000888,2000,Spherical Roller Bearing TYPE B SIEMENS,CRITICAL,INTERMITTENT,5,144,4.390,9.300,2.155,4.600,19.647,12.300,ROP_MAX_SAFETY_STOCK,"Stock on hand 4 is below the current reorder point 4.39. At the CRITICAL service level of 98% and a 144-day lead time, the reorder point should be 9.3.",PROPOSED,2026-08-03
REC-001408,000000000010000889,4000,Hydraulic Pump Assembly TYPE B SIEMENS,CRITICAL,INTERMITTENT,6,238,7.050,15.500,2.592,5.700,14.587,19.200,ROP_MAX_SAFETY_STOCK,Intermittent consumption of 1.2 per month over 24 months with a 238-day lead time gives a reorder point of 15.5 against the current 7.05.,APPROVED,2026-09-01
REC-001409,000000000030000202,3000,Crusher Hydroset Cylinder TYPE A SEW,IMPACT,ON_DEMAND,2,32,0.000,5.300,0.000,3.600,0.000,10.200,OAR_TO_MIN_MAX,This OAR material is classified IMPACT on the critical parts list. Recommend Min-Max management with a reorder point of 5.3 and a maximum of 10.2.,APPROVED,2026-07-25
REC-001410,000000000010000890,2000,Gland Packing Seal Ring 250KW MULTOTEC,NORMAL,SLOW,4,33,0.970,1.400,0.645,0.900,3.994,2.600,ROP_MAX_SAFETY_STOCK,Stock on hand 4 exceeds the current maximum 3.994. Consumption of 0.4 per month supports a maximum of 2.6.,PROPOSED,2026-05-15
REC-001411,000000000010000891,2000,Gland Packing Seal Ring 150MM METSO,CRITICAL,SLOW,4,41,1.154,1.400,0.874,1.100,3.408,2.100,ROP_MAX_SAFETY_STOCK,Slow consumption of 0.2 per month over 24 months with a 41-day lead time gives a reorder point of 1.4 against the current 1.154.,APPROVED,2026-08-24
REC-001412,000000000010000892,3000,Flow Meter Sensor Head 10/8 FLSM,CRITICAL,INTERMITTENT,0,114,8.741,7.400,5.417,4.600,11.419,9.700,ROP_MAX_SAFETY_STOCK,"Stock on hand 0 is below the current reorder point 8.741. At the CRITICAL service level of 98% and a 114-day lead time, the reorder point should be 7.4.",APPROVED,2026-06-01
REC-001413,000000000010000892,1000,Flow Meter Sensor Head 10/8 FLSM,CRITICAL,INTERMITTENT,0,114,19.379,11.700,11.380,6.900,26.085,15.600,ROP_MAX_SAFETY_STOCK,"Stock on hand 0 is below the current reorder point 19.379. At the CRITICAL service level of 98% and a 114-day lead time, the reorder point should be 11.7.",APPROVED,2026-06-02
REC-001414,000000000030000203,1000,Flotation Blower Motor 200MM METSO,IMPACT,ON_DEMAND,1,18,0.000,2.700,0.000,2.100,0.000,5.700,OAR_TO_MIN_MAX,This OAR material is classified IMPACT on the critical parts list. Recommend Min-Max management with a reorder point of 2.7 and a maximum of 5.7.,PROPOSED,2026-08-17
REC-001415,000000000010000893,4000,Centrifugal Pump Casing 150MM METSO,INSURANCE,SLOW,4,102,1.617,1.500,0.995,0.900,2.147,2.000,ROP_MAX_SAFETY_STOCK,Slow consumption of 0.2 per month over 24 months with a 102-day lead time gives a reorder point of 1.5 against the current 1.617.,HELD,2026-07-20
REC-001416,000000000010000893,3000,Centrifugal Pump Casing 150MM METSO,INSURANCE,SLOW,1,102,3.182,2.400,2.082,1.600,5.401,3.100,ROP_MAX_SAFETY_STOCK,Stock on hand 6 exceeds the current maximum 5.401. Consumption of 0.2 per month supports a maximum of 3.1.,APPROVED,2026-08-09
REC-001417,000000000010000894,4000,Conveyor Take-Up Pulley 200MM ABB,IMPACT,SLOW,2,12,0.638,0.600,0.524,0.500,1.530,1.400,ROP_MAX_SAFETY_STOCK,Slow consumption of 0.2 per month over 24 months with a 12-day lead time gives a reorder point of 0.6 against the current 0.638.,REJECTED,2026-08-31
REC-001418,000000000010000894,1000,Conveyor Take-Up Pulley 200MM ABB,IMPACT,SLOW,6,12,1.125,1.300,0.890,1.000,3.893,3.300,ROP_MAX_SAFETY_STOCK,Slow consumption of 0.7 per month over 24 months with a 12-day lead time gives a reorder point of 1.3 against the current 1.125.,APPROVED,2026-08-25
REC-001419,000000000080000205,1000,Spherical Roller Bearing DN150 SIEMENS,IMPACT,INTERMITTENT,5,20,2.480,2.500,1.937,2.000,8.293,5.000,ROP_MAX_SAFETY_STOCK,Intermittent consumption of 0.8 per month over 24 months with a 20-day lead time gives a reorder point of 2.5 against the current 2.48.,APPROVED,2026-06-13
REC-001420,000000000010000896,2000,Pressure Transmitter Assembly HD KSB,CRITICAL,INTERMITTENT,0,109,12.704,14.500,6.944,7.900,29.422,20.000,ROP_MAX_SAFETY_STOCK,"Stock on hand 0 is below the current reorder point 12.704. At the CRITICAL service level of 98% and a 109-day lead time, the reorder point should be 14.5.",PROPOSED,2026-05-10
REC-001421,000000000080000206,3000,Mill Liner 250MM SEW,CRITICAL,INTERMITTENT,4,43,3.070,6.400,2.161,4.500,16.290,10.400,ROP_MAX_SAFETY_STOCK,Intermittent consumption of 1.3 per month over 24 months with a 43-day lead time gives a reorder point of 6.4 against the current 3.07.,HELD,2026-08-24
REC-001422,000000000010000897,2000,Flotation Blower Motor DN150 KSB,INSURANCE,INTERMITTENT,5,126,20.628,11.900,8.632,5.000,20.628,16.900,ROP_MAX_SAFETY_STOCK,"Stock on hand 19 is below the current reorder point 20.628. At the INSURANCE service level of 90% and a 126-day lead time, the reorder point should be 11.9.",REJECTED,2026-07-17
REC-001423,000000000010000898,3000,Flotation Cell Impeller 110KW MULTOTEC,NORMAL,SLOW,2,28,0.289,0.600,0.206,0.400,1.613,1.100,ROP_MAX_SAFETY_STOCK,Slow consumption of 0.2 per month over 24 months with a 28-day lead time gives a reorder point of 0.6 against the current 0.289.,HELD,2026-08-22
REC-001424,000000000090000053,3000,Hydraulic Pump Assembly 110KW ABB,OBSOLETE,NO_DEMAND,0,35,0.000,,0.000,,1.000,,NO_SAFETY_STOCK,Obsolete material: no safety stock recommended. Candidate for stock reduction review.,PROPOSED,2026-06-23
REC-001425,000000000090000053,2000,Hydraulic Pump Assembly 110KW ABB,OBSOLETE,NO_DEMAND,0,35,0.000,,0.000,,1.000,,NO_SAFETY_STOCK,Obsolete material: no safety stock recommended. Candidate for stock reduction review.,REJECTED,2026-07-27
REC-001426,000000000010000900,2000,Ball Mill Shell Liner Plate 250KW SKF,NORMAL,INTERMITTENT,4,41,3.754,6.800,1.743,3.200,17.283,14.900,ROP_MAX_SAFETY_STOCK,Intermittent consumption of 2.7 per month over 24 months with a 41-day lead time gives a reorder point of 6.8 against the current 3.754.,PROPOSED,2026-07-19
REC-001427,000000000010000901,4000,Hydraulic Power Pack 110KW SANDVIK,NORMAL,INTERMITTENT,4,57,3.998,5.700,1.804,2.600,12.409,10.700,ROP_MAX_SAFETY_STOCK,Intermittent consumption of 1.7 per month over 24 months with a 57-day lead time gives a reorder point of 5.7 against the current 3.998.,APPROVED,2026-06-24
REC-001428,000000000030000205,2000,Slurry Density Transmitter 200MM SEW,CRITICAL,ON_DEMAND,1,58,0.000,3.600,0.000,2.500,0.000,5.300,OAR_TO_MIN_MAX,This OAR material is classified CRITICAL on the critical parts list. Recommend Min-Max management with a reorder point of 3.6 and a maximum of 5.3.,APPROVED,2026-06-25
REC-001429,000000000030000206,2000,Slurry Pump Wet End Assembly 110KW SEW,IMPACT,ON_DEMAND,2,51,0.000,6.200,0.000,4.000,0.000,10.200,OAR_TO_MIN_MAX,This OAR material is classified IMPACT on the critical parts list. Recommend Min-Max management with a reorder point of 6.2 and a maximum of 10.2.,PROPOSED,2026-05-28
REC-001430,000000000030000206,3000,Slurry Pump Wet End Assembly 110KW SEW,IMPACT,ON_DEMAND,0,51,0.000,7.600,0.000,5.200,0.000,12.000,OAR_TO_MIN_MAX,This OAR material is classified IMPACT on the critical parts list. Recommend Min-Max management with a reorder point of 7.6 and a maximum of 12.,APPROVED,2026-07-23
REC-001431,000000000010000904,1000,Hydraulic Pump Assembly 250MM ABB,CRITICAL,INTERMITTENT,0,146,34.005,19.500,19.376,11.100,37.556,24.800,ROP_MAX_SAFETY_STOCK,"Stock on hand 0 is below the current reorder point 34.005. At the CRITICAL service level of 98% and a 146-day lead time, the reorder point should be 19.5.",APPROVED,2026-08-08
REC-001432,000000000010000905,1000,Hydraulic Pump Assembly 250KW FLSM,INSURANCE,INTERMITTENT,9,31,5.146,5.900,3.055,3.500,18.113,13.000,ROP_MAX_SAFETY_STOCK,Intermittent consumption of 2.4 per month over 24 months with a 31-day lead time gives a reorder point of 5.9 against the current 5.146.,HELD,2026-08-16
REC-001433,000000000010000906,3000,Ball Mill Shell Liner Plate 150MM,CRITICAL,INTERMITTENT,0,79,3.623,4.800,2.248,3.000,9.724,6.900,ROP_MAX_SAFETY_STOCK,"Stock on hand 0 is below the current reorder point 3.623. At the CRITICAL service level of 98% and a 79-day lead time, the reorder point should be 4.8.",PROPOSED,2026-05-12
REC-001434,000000000010000906,2000,Ball Mill Shell Liner Plate 150MM,CRITICAL,INTERMITTENT,0,79,4.458,8.000,2.902,5.200,14.872,11.200,ROP_MAX_SAFETY_STOCK,"Stock on hand 0 is below the current reorder point 4.458. At the CRITICAL service level of 98% and a 79-day lead time, the reorder point should be 8.",PROPOSED,2026-07-28
REC-001435,000000000010000907,2000,Screen Exciter Bearing HD SANDVIK,INSURANCE,REGULAR,12,91,45.633,76.800,6.669,11.200,181.618,142.700,ROP_MAX_SAFETY_STOCK,Regular consumption of 22.0 per month over 24 months with a 91-day lead time gives a reorder point of 76.8 against the current 45.633.,PROPOSED,2026-08-31
REC-001436,000000000030000207,1000,Ball Mill Gearbox Assembly 150MM METSO,CRITICAL,ON_DEMAND,0,112,0.000,7.300,0.000,4.500,0.000,9.600,OAR_TO_MIN_MAX,This OAR material is classified CRITICAL on the critical parts list. Recommend Min-Max management with a reorder point of 7.3 and a maximum of 9.6.,APPROVED,2026-05-10
REC-001437,000000000080000207,2000,Centrifugal Pump Casing 8/6 SANDVIK,IMPACT,INTERMITTENT,2,48,13.021,8.800,8.141,5.500,15.418,15.100,ROP_MAX_SAFETY_STOCK,Stock on hand 19 exceeds the current maximum 15.418. Consumption of 2.1 per month supports a maximum of 15.1.,PROPOSED,2026-08-16
REC-001438,000000000010000909,3000,Flow Meter Sensor Head 250KW FLSM,INSURANCE,INTERMITTENT,7,183,12.640,14.600,4.164,4.800,23.957,19.500,ROP_MAX_SAFETY_STOCK,Stock on hand 27 exceeds the current maximum 23.957. Consumption of 1.6 per month supports a maximum of 19.5.,PROPOSED,2026-06-03
REC-001439,000000000010000910,3000,Centrifugal Pump Casing 250MM METSO,INSURANCE,INTERMITTENT,3,219,6.393,3.700,2.762,1.600,8.020,4.600,ROP_MAX_SAFETY_STOCK,Intermittent consumption of 0.3 per month over 24 months with a 219-day lead time gives a reorder point of 3.7 against the current 6.393.,APPROVED,2026-06-11
REC-001440,000000000010000910,2000,Centrifugal Pump Casing 250MM METSO,INSURANCE,INTERMITTENT,5,219,2.599,5.400,0.853,1.800,7.955,6.900,ROP_MAX_SAFETY_STOCK,Intermittent consumption of 0.5 per month over 24 months with a 219-day lead time gives a reorder point of 5.4 against the current 2.599.,APPROVED,2026-05-19
REC-001441,000000000010000911,1000,Centrifugal Pump Casing 110KW SANDVIK,INSURANCE,SLOW,0,38,0.905,0.500,0.720,0.400,1.231,0.800,ROP_MAX_SAFETY_STOCK,Slow consumption of 0.1 per month over 24 months with a 38-day lead time gives a reorder point of 0.5 against the current 0.905.,PROPOSED,2026-07-27
REC-001442,000000000080000208,2000,Gearbox Bearing TYPE B FLSM,IMPACT,INTERMITTENT,5,27,3.090,2.300,2.021,1.500,3.952,4.900,ROP_MAX_SAFETY_STOCK,"Stock on hand 3 is below the current reorder point 3.09. At the IMPACT service level of 95% and a 27-day lead time, the reorder point should be 2.3.",PROPOSED,2026-06-01
REC-001443,000000000080000209,2000,Thickener Rake Seal Kit 250KW SEW,IMPACT,INTERMITTENT,5,16,1.555,1.500,1.172,1.100,6.085,3.600,ROP_MAX_SAFETY_STOCK,Intermittent consumption of 0.7 per month over 24 months with a 16-day lead time gives a reorder point of 1.5 against the current 1.555.,REJECTED,2026-06-23
REC-001444,000000000080000209,3000,Thickener Rake Seal Kit 250KW SEW,IMPACT,INTERMITTENT,5,16,2.490,2.000,1.728,1.400,6.005,5.500,ROP_MAX_SAFETY_STOCK,Intermittent consumption of 1.2 per month over 24 months with a 16-day lead time gives a reorder point of 2 against the current 2.49.,APPROVED,2026-08-05
REC-001445,000000000010000912,2000,Ball Mill Gearbox Assembly 150MM SKF,INSURANCE,INTERMITTENT,7,159,6.802,4.100,2.478,1.500,8.983,5.600,ROP_MAX_SAFETY_STOCK,"Stock on hand 3 is below the current reorder point 6.802. At the INSURANCE service level of 90% and a 159-day lead time, the reorder point should be 4.1.",APPROVED,2026-07-09
REC-001446,000000000010000913,3000,Mill Lube Pump Motor TYPE B METSO,INSURANCE,REGULAR,12,89,172.657,107.000,30.109,18.700,288.578,197.600,ROP_MAX_SAFETY_STOCK,"Stock on hand 68 is below the current reorder point 172.657. At the INSURANCE service level of 90% and a 89-day lead time, the reorder point should be 107.",APPROVED,2026-08-01
REC-001447,000000000010000914,3000,Slurry Pump Mechanical Seal 200MM,INSURANCE,INTERMITTENT,3,119,10.483,6.100,4.650,2.700,11.724,8.700,ROP_MAX_SAFETY_STOCK,Stock on hand 14 exceeds the current maximum 11.724. Consumption of 0.9 per month supports a maximum of 8.7.,APPROVED,2026-07-01
REC-001448,000000000010000915,4000,Conveyor Idler Roller Set TYPE A ABB,INSURANCE,REGULAR,9,137,70.872,136.400,8.701,16.700,370.175,216.200,ROP_MAX_SAFETY_STOCK,Regular consumption of 26.6 per month over 24 months with a 137-day lead time gives a reorder point of 136.4 against the current 70.872.,APPROVED,2026-06-05
REC-001449,000000000010000916,2000,Valve Assembly 150MM FLSM,INSURANCE,REGULAR,11,99,60.939,60.800,8.112,8.100,91.705,109.400,ROP_MAX_SAFETY_STOCK,"Stock on hand 5 is below the current reorder point 60.939. At the INSURANCE service level of 90% and a 99-day lead time, the reorder point should be 60.8.",APPROVED,2026-07-31
REC-001450,000000000010000919,4000,Thickener Rake Drive Gearbox TYPE A ABB,CRITICAL,INTERMITTENT,5,154,2.295,5.100,1.060,2.400,6.009,6.700,ROP_MAX_SAFETY_STOCK,Intermittent consumption of 0.5 per month over 24 months with a 154-day lead time gives a reorder point of 5.1 against the current 2.295.,HELD,2026-08-11
REC-001451,000000000010000920,3000,Pressure Transmitter Assembly 250MM WEIR,CRITICAL,INTERMITTENT,1,63,4.620,3.400,3.683,2.700,7.901,4.400,ROP_MAX_SAFETY_STOCK,Stock on hand 8 exceeds the current maximum 7.901. Consumption of 0.3 per month supports a maximum of 4.4.,REJECTED,2026-07-08
REC-001452,000000000010000920,2000,Pressure Transmitter Assembly 250MM WEIR,CRITICAL,INTERMITTENT,4,63,3.196,5.700,2.130,3.800,12.927,8.400,ROP_MAX_SAFETY_STOCK,Intermittent consumption of 0.9 per month over 24 months with a 63-day lead time gives a reorder point of 5.7 against the current 3.196.,APPROVED,2026-06-12
REC-001453,000000000030000210,1000,Soft Starter Power Module 10/8 MULTOTEC,IMPACT,ON_DEMAND,1,55,0.000,6.200,0.000,4.100,0.000,9.700,OAR_TO_MIN_MAX,This OAR material is classified IMPACT on the critical parts list. Recommend Min-Max management with a reorder point of 6.2 and a maximum of 9.7.,REJECTED,2026-06-03
REC-001454,000000000010000921,2000,Slurry Pump Mechanical Seal 250KW METSO,NORMAL,INTERMITTENT,3,46,3.025,1.900,1.599,1.000,3.102,3.600,ROP_MAX_SAFETY_STOCK,"Stock on hand 3 is below the current reorder point 3.025. At the NORMAL service level of 85% and a 46-day lead time, the reorder point should be 1.9.",HELD,2026-07-29
REC-001455,000000000010000922,1000,Pump Impeller 8/6 FLSM,NORMAL,SLOW,1,43,0.214,0.400,0.160,0.300,0.773,0.700,ROP_MAX_SAFETY_STOCK,Stock on hand 1 exceeds the current maximum 0.773. Consumption of 0.1 per month supports a maximum of 0.7.,REJECTED,2026-06-25
REC-001456,000000000090000054,1000,Slurry Pump Wet End Assembly 250MM KSB,OBSOLETE,NO_DEMAND,0,12,0.000,,0.000,,1.000,,NO_SAFETY_STOCK,Obsolete material: no safety stock recommended. Candidate for stock reduction review.,APPROVED,2026-05-12
REC-001457,000000000010000923,1000,Level Radar Transmitter 8/6 METSO,CRITICAL,INTERMITTENT,6,123,7.524,8.200,3.843,4.200,12.222,11.200,ROP_MAX_SAFETY_STOCK,Intermittent consumption of 1.0 per month over 24 months with a 123-day lead time gives a reorder point of 8.2 against the current 7.524.,PROPOSED,2026-08-26
REC-001458,000000000010000924,2000,Conveyor Idler Roller Set 6/4 SEW,NORMAL,REGULAR,12,57,52.289,38.500,6.522,4.800,143.656,92.500,ROP_MAX_SAFETY_STOCK,"Stock on hand 50 is below the current reorder point 52.289. At the NORMAL service level of 85% and a 57-day lead time, the reorder point should be 38.5.",HELD,2026-07-23
REC-001459,000000000010000925,2000,Vertical Sump Pump Column 110KW WEIR,CRITICAL,INTERMITTENT,0,64,7.041,10.500,4.811,7.200,26.002,15.200,ROP_MAX_SAFETY_STOCK,"Stock on hand 0 is below the current reorder point 7.041. At the CRITICAL service level of 98% and a 64-day lead time, the reorder point should be 10.5.",REJECTED,2026-06-26
REC-001460,000000000010000927,4000,Slurry Density Transmitter 6/4 SKF,NORMAL,REGULAR,10,21,7.083,8.200,2.084,2.400,25.841,33.600,ROP_MAX_SAFETY_STOCK,Regular consumption of 8.5 per month over 24 months with a 21-day lead time gives a reorder point of 8.2 against the current 7.083.,APPROVED,2026-07-24
REC-001461,000000000010000927,1000,Slurry Density Transmitter 6/4 SKF,NORMAL,REGULAR,12,21,15.428,10.500,3.855,2.600,69.448,44.800,ROP_MAX_SAFETY_STOCK,Regular consumption of 11.4 per month over 24 months with a 21-day lead time gives a reorder point of 10.5 against the current 15.428.,PROPOSED,2026-09-02
REC-001462,000000000010000928,1000,Ball Mill Gearbox Assembly DN100,CRITICAL,INTERMITTENT,7,75,11.135,12.900,6.642,7.700,33.818,19.300,ROP_MAX_SAFETY_STOCK,Intermittent consumption of 2.1 per month over 24 months with a 75-day lead time gives a reorder point of 12.9 against the current 11.135.,REJECTED,2026-07-01
REC-001463,000000000010000929,1000,Soft Starter Power Module 55KW MULTOTEC,IMPACT,REGULAR,11,11,19.803,23.900,8.540,10.300,160.144,137.200,ROP_MAX_SAFETY_STOCK,Regular consumption of 37.8 per month over 24 months with a 11-day lead time gives a reorder point of 23.9 against the current 19.803.,APPROVED,2026-08-31
REC-001464,000000000030000212,1000,Flow Meter Sensor Head 110KW KSB,CRITICAL,ON_DEMAND,0,96,0.000,8.000,0.000,5.000,0.000,10.900,OAR_TO_MIN_MAX,This OAR material is classified CRITICAL on the critical parts list. Recommend Min-Max management with a reorder point of 8 and a maximum of 10.9.,HELD,2026-05-18
REC-001465,000000000090000055,2000,Pump Impeller DN100 MULTOTEC,OBSOLETE,NO_DEMAND,0,56,0.000,,0.000,,1.000,,NO_SAFETY_STOCK,Obsolete material: no safety stock recommended. Candidate for stock reduction review.,PROPOSED,2026-08-09
REC-001466,000000000010000930,1000,Slurry Pump Wet End Assembly 250KW,CRITICAL,INTERMITTENT,0,121,7.188,7.100,4.684,4.600,15.518,9.000,ROP_MAX_SAFETY_STOCK,"Stock on hand 0 is below the current reorder point 7.188. At the CRITICAL service level of 98% and a 121-day lead time, the reorder point should be 7.1.",APPROVED,2026-08-05
REC-001467,000000000010000931,2000,Flotation Cell Impeller 110KW SEW,NORMAL,REGULAR,11,46,28.288,51.700,4.617,8.400,157.572,137.600,ROP_MAX_SAFETY_STOCK,"Stock on hand 0 is below the current reorder point 28.288. At the NORMAL service level of 85% and a 46-day lead time, the reorder point should be 51.7.",PROPOSED,2026-06-22
REC-001468,000000000010000932,3000,PLC Digital Output Card 55KW SEW,CRITICAL,INTERMITTENT,6,223,3.506,7.800,1.165,2.600,10.455,9.900,ROP_MAX_SAFETY_STOCK,Intermittent consumption of 0.7 per month over 24 months with a 223-day lead time gives a reorder point of 7.8 against the current 3.506.,PROPOSED,2026-08-25
REC-001469,000000000010000933,1000,Gland Packing Seal Ring 200MM SKF,IMPACT,SLOW,2,43,0.582,0.900,0.442,0.700,2.172,1.400,ROP_MAX_SAFETY_STOCK,"Stock on hand 0 is below the current reorder point 0.582. At the IMPACT service level of 95% and a 43-day lead time, the reorder point should be 0.9.",APPROVED,2026-08-22
REC-001470,000000000010000934,3000,Gland Packing Seal Ring 10/8 WEIR,CRITICAL,INTERMITTENT,6,131,3.594,8.700,1.807,4.400,14.709,11.700,ROP_MAX_SAFETY_STOCK,Intermittent consumption of 1.0 per month over 24 months with a 131-day lead time gives a reorder point of 8.7 against the current 3.594.,HELD,2026-06-01
REC-001471,000000000010000936,2000,Flotation Blower Motor 250MM WEIR,INSURANCE,INTERMITTENT,2,63,10.237,8.100,5.920,4.700,12.601,13.100,ROP_MAX_SAFETY_STOCK,Intermittent consumption of 1.7 per month over 24 months with a 63-day lead time gives a reorder point of 8.1 against the current 10.237.,HELD,2026-08-11
REC-001472,000000000080000210,4000,Agitator Shaft Seal 6/4 SIEMENS,NORMAL,INTERMITTENT,5,22,2.090,3.400,1.286,2.100,14.961,8.900,ROP_MAX_SAFETY_STOCK,Intermittent consumption of 1.8 per month over 24 months with a 22-day lead time gives a reorder point of 3.4 against the current 2.09.,PROPOSED,2026-05-21
REC-001473,000000000090000056,1000,Mill Lube Pump Motor 250MM FLSM,OBSOLETE,NO_DEMAND,0,17,0.000,,0.000,,1.000,,NO_SAFETY_STOCK,Obsolete material: no safety stock recommended. Candidate for stock reduction review.,APPROVED,2026-06-13
REC-001474,000000000010000937,2000,Cyclone Apex Liner 150MM WEIR,NORMAL,INTERMITTENT,5,24,2.439,2.400,1.513,1.500,9.878,5.900,ROP_MAX_SAFETY_STOCK,Intermittent consumption of 1.2 per month over 24 months with a 24-day lead time gives a reorder point of 2.4 against the current 2.439.,APPROVED,2026-08-20
REC-001475,000000000090000057,4000,Crusher Main Shaft Bearing 55KW KSB,OBSOLETE,NO_DEMAND,0,12,0.000,,0.000,,1.000,,NO_SAFETY_STOCK,Obsolete material: no safety stock recommended. Candidate for stock reduction review.,PROPOSED,2026-06-13
REC-001476,000000000010000938,3000,Vertical Sump Pump Column 200MM SANDVIK,IMPACT,INTERMITTENT,6,49,2.082,2.500,1.317,1.600,4.536,4.200,ROP_MAX_SAFETY_STOCK,Intermittent consumption of 0.6 per month over 24 months with a 49-day lead time gives a reorder point of 2.5 against the current 2.082.,PROPOSED,2026-07-17
REC-001477,000000000010000938,2000,Vertical Sump Pump Column 200MM SANDVIK,IMPACT,INTERMITTENT,5,49,8.134,4.600,4.968,2.800,12.593,8.000,ROP_MAX_SAFETY_STOCK,"Stock on hand 7 is below the current reorder point 8.134. At the IMPACT service level of 95% and a 49-day lead time, the reorder point should be 4.6.",APPROVED,2026-05-31
REC-001478,000000000010000940,3000,Slurry Pump Mechanical Seal 150MM SEW,NORMAL,INTERMITTENT,6,16,1.500,2.000,0.897,1.200,10.656,6.500,ROP_MAX_SAFETY_STOCK,Stock on hand 11 exceeds the current maximum 10.656. Consumption of 1.5 per month supports a maximum of 6.5.,PROPOSED,2026-05-14
REC-001479,000000000030000216,4000,Ball Mill Shell Liner Plate DN150 ABB,CRITICAL,ON_DEMAND,0,79,0.000,12.700,0.000,7.100,0.000,19.200,OAR_TO_MIN_MAX,This OAR material is classified CRITICAL on the critical parts list. Recommend Min-Max management with a reorder point of 12.7 and a maximum of 19.2.,APPROVED,2026-06-19
REC-001480,000000000080000211,1000,Conveyor Drive Motor 8/6 SANDVIK,IMPACT,INTERMITTENT,7,56,8.565,12.400,4.435,6.400,32.189,22.100,ROP_MAX_SAFETY_STOCK,Intermittent consumption of 3.2 per month over 24 months with a 56-day lead time gives a reorder point of 12.4 against the current 8.565.,APPROVED,2026-06-11
REC-001481,000000000030000217,4000,Flow Meter Sensor Head 55KW ABB,IMPACT,ON_DEMAND,0,56,0.000,2.700,0.000,1.600,0.000,4.600,OAR_TO_MIN_MAX,This OAR material is classified IMPACT on the critical parts list. Recommend Min-Max management with a reorder point of 2.7 and a maximum of 4.6.,PROPOSED,2026-07-05
REC-001482,000000000030000217,3000,Flow Meter Sensor Head 55KW ABB,IMPACT,ON_DEMAND,1,56,0.000,3.700,0.000,2.600,0.000,5.600,OAR_TO_MIN_MAX,This OAR material is classified IMPACT on the critical parts list. Recommend Min-Max management with a reorder point of 3.7 and a maximum of 5.6.,APPROVED,2026-08-01
REC-001483,000000000080000212,2000,Skirt Rubber Liner Section DN100 SEW,CRITICAL,INTERMITTENT,4,125,9.159,7.700,5.502,4.600,16.849,9.900,ROP_MAX_SAFETY_STOCK,Intermittent consumption of 0.8 per month over 24 months with a 125-day lead time gives a reorder point of 7.7 against the current 9.159.,APPROVED,2026-07-01
REC-001484,000000000080000212,3000,Skirt Rubber Liner Section DN100 SEW,CRITICAL,INTERMITTENT,4,125,19.067,10.900,10.997,6.300,19.067,14.300,ROP_MAX_SAFETY_STOCK,Stock on hand 27 exceeds the current maximum 19.067. Consumption of 1.1 per month supports a maximum of 14.3.,REJECTED,2026-05-23
REC-001485,000000000090000058,4000,Flow Meter Sensor Head TYPE B FLSM,OBSOLETE,NO_DEMAND,0,17,0.000,,0.000,,1.000,,NO_SAFETY_STOCK,Obsolete material: no safety stock recommended. Candidate for stock reduction review.,PROPOSED,2026-06-18
REC-001486,000000000010000941,1000,Screen Exciter Bearing 55KW SANDVIK,INSURANCE,REGULAR,12,42,50.609,35.600,8.529,6.000,139.822,99.800,ROP_MAX_SAFETY_STOCK,Regular consumption of 21.4 per month over 24 months with a 42-day lead time gives a reorder point of 35.6 against the current 50.609.,APPROVED,2026-06-18
REC-001487,000000000010000941,3000,Screen Exciter Bearing 55KW SANDVIK,INSURANCE,REGULAR,11,42,22.160,27.100,4.656,5.700,124.995,73.700,ROP_MAX_SAFETY_STOCK,Regular consumption of 15.5 per month over 24 months with a 42-day lead time gives a reorder point of 27.1 against the current 22.16.,PROPOSED,2026-08-21
REC-001488,000000000010000942,3000,Hydraulic Power Pack 150MM ABB,CRITICAL,INTERMITTENT,6,137,24.763,14.000,11.796,6.700,30.215,18.900,ROP_MAX_SAFETY_STOCK,Stock on hand 31 exceeds the current maximum 30.215. Consumption of 1.6 per month supports a maximum of 18.9.,PROPOSED,2026-08-26
REC-001489,000000000010000942,4000,Hydraulic Power Pack 150MM ABB,CRITICAL,INTERMITTENT,5,137,1.908,4.300,0.989,2.200,9.846,5.700,ROP_MAX_SAFETY_STOCK,"Stock on hand 1 is below the current reorder point 1.908. At the CRITICAL service level of 98% and a 137-day lead time, the reorder point should be 4.3.",REJECTED,2026-06-01
REC-001490,000000000010000943,4000,Hydraulic Pump Assembly 250KW SIEMENS,CRITICAL,INTERMITTENT,5,239,13.349,12.300,6.271,5.800,26.693,14.800,ROP_MAX_SAFETY_STOCK,"Stock on hand 7 is below the current reorder point 13.349. At the CRITICAL service level of 98% and a 239-day lead time, the reorder point should be 12.3.",APPROVED,2026-07-15
REC-001491,000000000010000944,2000,Ball Mill Gearbox Assembly TYPE B FLSM,NORMAL,SLOW,2,54,2.746,1.800,1.669,1.100,4.122,3.000,ROP_MAX_SAFETY_STOCK,Slow consumption of 0.4 per month over 24 months with a 54-day lead time gives a reorder point of 1.8 against the current 2.746.,PROPOSED,2026-06-28
REC-001492,000000000010000945,2000,Skirt Rubber Liner Section 250MM FLSM,NORMAL,REGULAR,12,50,38.786,23.700,6.979,4.300,47.928,59.200,ROP_MAX_SAFETY_STOCK,"Stock on hand 18 is below the current reorder point 38.786. At the NORMAL service level of 85% and a 50-day lead time, the reorder point should be 23.7.",PROPOSED,2026-05-22
REC-001493,000000000010000945,3000,Skirt Rubber Liner Section 250MM FLSM,NORMAL,REGULAR,12,50,32.713,20.500,5.527,3.500,68.242,51.500,ROP_MAX_SAFETY_STOCK,"Stock on hand 26 is below the current reorder point 32.713. At the NORMAL service level of 85% and a 50-day lead time, the reorder point should be 20.5.",PROPOSED,2026-07-08
REC-001494,000000000010000947,4000,Flotation Cell Impeller 6/4 FLSM,IMPACT,INTERMITTENT,4,36,5.779,3.500,4.110,2.500,6.838,6.100,ROP_MAX_SAFETY_STOCK,Intermittent consumption of 0.9 per month over 24 months with a 36-day lead time gives a reorder point of 3.5 against the current 5.779.,APPROVED,2026-08-25
REC-001495,000000000010000948,4000,MCC Feeder Circuit Breaker TYPE B METSO,IMPACT,INTERMITTENT,2,14,3.101,2.900,2.493,2.300,5.200,6.500,ROP_MAX_SAFETY_STOCK,Intermittent consumption of 1.2 per month over 24 months with a 14-day lead time gives a reorder point of 2.9 against the current 3.101.,APPROVED,2026-07-17
REC-001496,000000000010000949,3000,Centrifugal Pump Casing 10/8 SEW,NORMAL,REGULAR,12,33,13.759,12.000,2.735,2.400,45.974,38.600,ROP_MAX_SAFETY_STOCK,"Stock on hand 13 is below the current reorder point 13.759. At the NORMAL service level of 85% and a 33-day lead time, the reorder point should be 12.",PROPOSED,2026-06-29
REC-001497,000000000030000220,2000,Belt Scraper Blade Cartridge 150MM FLSM,CRITICAL,ON_DEMAND,1,119,0.000,17.600,0.000,9.100,0.000,24.100,OAR_TO_MIN_MAX,This OAR material is classified CRITICAL on the critical parts list. Recommend Min-Max management with a reorder point of 17.6 and a maximum of 24.1.,REJECTED,2026-07-24
REC-001498,000000000010000950,1000,Thickener Rake Seal Kit 8/6 SEW,CRITICAL,INTERMITTENT,0,107,13.050,14.400,7.881,8.700,28.225,19.300,ROP_MAX_SAFETY_STOCK,"Stock on hand 0 is below the current reorder point 13.05. At the CRITICAL service level of 98% and a 107-day lead time, the reorder point should be 14.4.",REJECTED,2026-05-15
REC-001499,000000000080000213,2000,Flotation Cell Impeller 55KW ABB,IMPACT,INTERMITTENT,3,38,6.116,5.900,4.244,4.100,11.689,10.300,ROP_MAX_SAFETY_STOCK,"Stock on hand 4 is below the current reorder point 6.116. At the IMPACT service level of 95% and a 38-day lead time, the reorder point should be 5.9.",HELD,2026-08-02
REC-001500,000000000010000951,1000,Pressure Transmitter Assembly 8/6 FLSM,NORMAL,INTERMITTENT,5,46,3.649,2.500,2.028,1.400,4.093,4.800,ROP_MAX_SAFETY_STOCK,"Stock on hand 2 is below the current reorder point 3.649. At the NORMAL service level of 85% and a 46-day lead time, the reorder point should be 2.5.",APPROVED,2026-07-19
REC-001501,000000000010000952,4000,Flotation Blower Motor 6/4 SIEMENS,INSURANCE,INTERMITTENT,4,112,6.411,15.700,2.900,7.100,18.807,22.700,ROP_MAX_SAFETY_STOCK,"Stock on hand 1 is below the current reorder point 6.411. At the INSURANCE service level of 90% and a 112-day lead time, the reorder point should be 15.7.",APPROVED,2026-08-12
REC-001502,000000000080000214,3000,Conveyor Idler Roller Set 110KW SKF,IMPACT,INTERMITTENT,2,17,2.183,1.600,1.825,1.300,5.101,3.000,ROP_MAX_SAFETY_STOCK,Intermittent consumption of 0.5 per month over 24 months with a 17-day lead time gives a reorder point of 1.6 against the current 2.183.,APPROVED,2026-07-19
REC-001503,000000000080000214,1000,Conveyor Idler Roller Set 110KW SKF,IMPACT,INTERMITTENT,4,17,3.025,3.100,2.314,2.400,5.479,7.100,ROP_MAX_SAFETY_STOCK,Intermittent consumption of 1.3 per month over 24 months with a 17-day lead time gives a reorder point of 3.1 against the current 3.025.,APPROVED,2026-05-20
REC-001504,000000000010000953,2000,Apron Feeder Gear Reducer 150MM MULTOTEC,NORMAL,INTERMITTENT,4,24,1.716,1.300,1.040,0.800,3.477,3.200,ROP_MAX_SAFETY_STOCK,Intermittent consumption of 0.6 per month over 24 months with a 24-day lead time gives a reorder point of 1.3 against the current 1.716.,APPROVED,2026-06-15
REC-001505,000000000010000956,1000,Pump Impeller 8/6 ABB,NORMAL,INTERMITTENT,6,46,3.154,2.300,1.677,1.200,3.620,4.400,ROP_MAX_SAFETY_STOCK,Stock on hand 5 exceeds the current maximum 3.62. Consumption of 0.7 per month supports a maximum of 4.4.,PROPOSED,2026-05-31
REC-001506,000000000010000957,2000,Flow Meter Sensor Head 200MM SKF,NORMAL,INTERMITTENT,3,57,5.013,3.200,2.806,1.800,8.035,5.500,ROP_MAX_SAFETY_STOCK,"Stock on hand 5 is below the current reorder point 5.013. At the NORMAL service level of 85% and a 57-day lead time, the reorder point should be 3.2.",APPROVED,2026-05-30
REC-001507,000000000010000957,1000,Flow Meter Sensor Head 200MM SKF,NORMAL,INTERMITTENT,3,57,2.743,3.300,1.433,1.700,4.071,5.800,ROP_MAX_SAFETY_STOCK,Intermittent consumption of 0.8 per month over 24 months with a 57-day lead time gives a reorder point of 3.3 against the current 2.743.,PROPOSED,2026-08-09
REC-001508,000000000010000958,1000,Level Radar Transmitter 6/4 METSO,CRITICAL,INTERMITTENT,3,145,20.148,12.200,11.912,7.200,20.148,15.300,ROP_MAX_SAFETY_STOCK,"Stock on hand 17 is below the current reorder point 20.148. At the CRITICAL service level of 98% and a 145-day lead time, the reorder point should be 12.2.",APPROVED,2026-05-29
REC-001509,000000000090000059,4000,Conveyor Take-Up Pulley 150MM ABB,OBSOLETE,NO_DEMAND,0,48,0.000,,0.000,,1.000,,NO_SAFETY_STOCK,Obsolete material: no safety stock recommended. Candidate for stock reduction review.,HELD,2026-08-27
REC-001510,000000000030000221,4000,Cyclone Apex Liner 55KW FLSM,IMPACT,ON_DEMAND,2,55,0.000,2.900,0.000,2.000,0.000,4.400,OAR_TO_MIN_MAX,This OAR material is classified IMPACT on the critical parts list. Recommend Min-Max management with a reorder point of 2.9 and a maximum of 4.4.,PROPOSED,2026-07-13
REC-001511,000000000010000959,4000,PLC Digital Output Card DN100 SKF,INSURANCE,REGULAR,11,42,67.772,51.100,12.723,9.600,165.927,141.200,ROP_MAX_SAFETY_STOCK,Regular consumption of 30.0 per month over 24 months with a 42-day lead time gives a reorder point of 51.1 against the current 67.772.,APPROVED,2026-06-18
REC-001512,000000000030000222,1000,Pump Impeller DN150 MULTOTEC,CRITICAL,ON_DEMAND,1,61,0.000,7.400,0.000,4.800,0.000,11.300,OAR_TO_MIN_MAX,This OAR material is classified CRITICAL on the critical parts list. Recommend Min-Max management with a reorder point of 7.4 and a maximum of 11.3.,APPROVED,2026-09-01
REC-001513,000000000030000222,2000,Pump Impeller DN150 MULTOTEC,CRITICAL,ON_DEMAND,1,61,0.000,9.000,0.000,6.100,0.000,13.400,OAR_TO_MIN_MAX,This OAR material is classified CRITICAL on the critical parts list. Recommend Min-Max management with a reorder point of 9 and a maximum of 13.4.,APPROVED,2026-06-18
REC-001514,000000000010000960,1000,Conveyor Drive Gearbox TYPE A KSB,NORMAL,SLOW,3,31,0.798,0.800,0.495,0.500,1.437,1.700,ROP_MAX_SAFETY_STOCK,"Stock on hand 0 is below the current reorder point 0.798. At the NORMAL service level of 85% and a 31-day lead time, the reorder point should be 0.8.",APPROVED,2026-08-09
REC-001515,000000000010000961,1000,Slurry Pump Wet End Assembly 10/8 METSO,NORMAL,INTERMITTENT,5,16,1.523,2.500,0.962,1.600,6.316,7.900,ROP_MAX_SAFETY_STOCK,"Stock on hand 0 is below the current reorder point 1.523. At the NORMAL service level of 85% and a 16-day lead time, the reorder point should be 2.5.",PROPOSED,2026-07-12
REC-001516,000000000010000961,4000,Slurry Pump Wet End Assembly 10/8 METSO,NORMAL,INTERMITTENT,6,16,5.430,3.100,3.356,1.900,14.414,9.700,ROP_MAX_SAFETY_STOCK,Intermittent consumption of 2.2 per month over 24 months with a 16-day lead time gives a reorder point of 3.1 against the current 5.43.,APPROVED,2026-05-31
REC-001517,000000000010000962,2000,Belt Scraper Blade Cartridge 10/8 WEIR,NORMAL,REGULAR,12,42,13.107,22.400,1.709,2.900,56.585,64.800,ROP_MAX_SAFETY_STOCK,Regular consumption of 14.1 per month over 24 months with a 42-day lead time gives a reorder point of 22.4 against the current 13.107.,APPROVED,2026-08-31
REC-001518,000000000010000962,1000,Belt Scraper Blade Cartridge 10/8 WEIR,NORMAL,REGULAR,12,42,27.428,29.500,4.340,4.700,135.199,83.400,ROP_MAX_SAFETY_STOCK,Regular consumption of 18.0 per month over 24 months with a 42-day lead time gives a reorder point of 29.5 against the current 27.428.,APPROVED,2026-08-07
REC-001519,000000000030000224,2000,Conveyor Pulley Bearing 10/8 MULTOTEC,CRITICAL,ON_DEMAND,1,114,0.000,13.900,0.000,7.800,0.000,18.800,OAR_TO_MIN_MAX,This OAR material is classified CRITICAL on the critical parts list. Recommend Min-Max management with a reorder point of 13.9 and a maximum of 18.8.,REJECTED,2026-06-05
REC-001520,000000000030000224,4000,Conveyor Pulley Bearing 10/8 MULTOTEC,CRITICAL,ON_DEMAND,0,114,0.000,20.300,0.000,10.900,0.000,27.800,OAR_TO_MIN_MAX,This OAR material is classified CRITICAL on the critical parts list. Recommend Min-Max management with a reorder point of 20.3 and a maximum of 27.8.,PROPOSED,2026-05-27
REC-001521,000000000010000963,4000,Apron Feeder Gear Reducer HD ABB,IMPACT,INTERMITTENT,3,27,4.631,3.700,3.244,2.600,6.033,7.500,ROP_MAX_SAFETY_STOCK,Stock on hand 7 exceeds the current maximum 6.033. Consumption of 1.2 per month supports a maximum of 7.5.,APPROVED,2026-05-25
REC-001522,000000000010000964,2000,Conveyor Take-Up Pulley DN100 KSB,IMPACT,INTERMITTENT,5,50,3.507,4.800,2.194,3.000,9.183,8.100,ROP_MAX_SAFETY_STOCK,Intermittent consumption of 1.1 per month over 24 months with a 50-day lead time gives a reorder point of 4.8 against the current 3.507.,PROPOSED,2026-09-01
REC-001523,000000000010000965,4000,Pressure Transmitter Assembly 8/6 METSO,IMPACT,INTERMITTENT,4,58,15.833,9.400,9.595,5.700,25.918,15.300,ROP_MAX_SAFETY_STOCK,Intermittent consumption of 2.0 per month over 24 months with a 58-day lead time gives a reorder point of 9.4 against the current 15.833.,REJECTED,2026-06-28
REC-001524,000000000010000966,2000,Conveyor Drive Motor 8/6 MULTOTEC,CRITICAL,INTERMITTENT,0,92,5.778,10.400,4.165,7.500,12.717,13.300,ROP_MAX_SAFETY_STOCK,"Stock on hand 0 is below the current reorder point 5.778. At the CRITICAL service level of 98% and a 92-day lead time, the reorder point should be 10.4.",APPROVED,2026-06-29
REC-001525,000000000030000225,1000,Flotation Blower Motor 150MM METSO,CRITICAL,ON_DEMAND,1,47,0.000,9.000,0.000,5.700,0.000,15.500,OAR_TO_MIN_MAX,This OAR material is classified CRITICAL on the critical parts list. Recommend Min-Max management with a reorder point of 9 and a maximum of 15.5.,PROPOSED,2026-07-18
REC-001526,000000000030000225,4000,Flotation Blower Motor 150MM METSO,CRITICAL,ON_DEMAND,1,47,0.000,9.300,0.000,6.900,0.000,14.100,OAR_TO_MIN_MAX,This OAR material is classified CRITICAL on the critical parts list. Recommend Min-Max management with a reorder point of 9.3 and a maximum of 14.1.,APPROVED,2026-07-22
REC-001527,000000000010000967,1000,Soft Starter Power Module 110KW KSB,IMPACT,REGULAR,12,47,31.948,25.200,9.357,7.400,74.616,59.800,ROP_MAX_SAFETY_STOCK,"Stock on hand 27 is below the current reorder point 31.948. At the IMPACT service level of 95% and a 47-day lead time, the reorder point should be 25.2.",PROPOSED,2026-07-31
REC-001528,000000000030000226,1000,Ball Mill Gearbox Assembly 200MM FLSM,IMPACT,ON_DEMAND,2,47,0.000,7.000,0.000,3.900,0.000,13.000,OAR_TO_MIN_MAX,This OAR material is classified IMPACT on the critical parts list. Recommend Min-Max management with a reorder point of 7 and a maximum of 13.,APPROVED,2026-05-31
REC-001529,000000000010000968,2000,Conveyor Take-Up Pulley 200MM SIEMENS,CRITICAL,INTERMITTENT,0,36,4.996,3.000,3.445,2.100,5.472,5.400,ROP_MAX_SAFETY_STOCK,"Stock on hand 0 is below the current reorder point 4.996. At the CRITICAL service level of 98% and a 36-day lead time, the reorder point should be 3.",APPROVED,2026-06-15
REC-001530,000000000010000968,4000,Conveyor Take-Up Pulley 200MM SIEMENS,CRITICAL,INTERMITTENT,0,36,5.710,10.300,3.701,6.700,30.005,19.600,ROP_MAX_SAFETY_STOCK,"Stock on hand 0 is below the current reorder point 5.71. At the CRITICAL service level of 98% and a 36-day lead time, the reorder point should be 10.3.",PROPOSED,2026-05-26
REC-001531,000000000080000215,4000,Spherical Roller Bearing 6/4 ABB,NORMAL,INTERMITTENT,4,24,0.530,0.900,0.343,0.600,1.844,2.100,ROP_MAX_SAFETY_STOCK,"Stock on hand 0 is below the current reorder point 0.53. At the NORMAL service level of 85% and a 24-day lead time, the reorder point should be 0.9.",PROPOSED,2026-08-19
REC-001532,000000000030000227,3000,MCC Feeder Circuit Breaker 150MM,CRITICAL,ON_DEMAND,3,34,0.000,4.900,0.000,3.800,0.000,7.800,OAR_TO_MIN_MAX,This OAR material is classified CRITICAL on the critical parts list. Recommend Min-Max management with a reorder point of 4.9 and a maximum of 7.8.,PROPOSED,2026-05-21
REC-001533,000000000010000970,1000,Thickener Rake Drive Gearbox 150MM WEIR,NORMAL,REGULAR,12,37,39.084,31.400,7.995,6.400,115.704,93.200,ROP_MAX_SAFETY_STOCK,Regular consumption of 20.6 per month over 24 months with a 37-day lead time gives a reorder point of 31.4 against the current 39.084.,PROPOSED,2026-05-28
REC-001534,000000000010000971,3000,Ball Mill Trunnion Bearing HD ABB,NORMAL,REGULAR,9,31,29.353,53.800,6.639,12.200,160.386,176.300,ROP_MAX_SAFETY_STOCK,"Stock on hand 16 is below the current reorder point 29.353. At the NORMAL service level of 85% and a 31-day lead time, the reorder point should be 53.8.",APPROVED,2026-06-20
REC-001535,000000000010000972,4000,Conveyor Pulley Bearing 250KW ABB,IMPACT,REGULAR,10,19,37.051,25.000,12.803,8.600,115.334,103.600,ROP_MAX_SAFETY_STOCK,Regular consumption of 26.2 per month over 24 months with a 19-day lead time gives a reorder point of 25 against the current 37.051.,REJECTED,2026-08-14
REC-001536,000000000010000973,2000,Ventilation Fan Motor 10/8 METSO,NORMAL,SLOW,2,28,0.546,0.800,0.345,0.500,1.562,1.700,ROP_MAX_SAFETY_STOCK,Stock on hand 2 exceeds the current maximum 1.562. Consumption of 0.3 per month supports a maximum of 1.7.,HELD,2026-06-27
REC-001537,000000000010000974,3000,Hydraulic Pump Assembly 200MM MULTOTEC,NORMAL,INTERMITTENT,4,32,6.448,4.800,3.768,2.800,9.741,10.400,ROP_MAX_SAFETY_STOCK,Intermittent consumption of 1.9 per month over 24 months with a 32-day lead time gives a reorder point of 4.8 against the current 6.448.,PROPOSED,2026-05-21
REC-001538,000000000030000229,3000,Hydraulic Power Pack 150MM METSO,CRITICAL,ON_DEMAND,0,129,0.000,22.400,0.000,11.800,0.000,29.900,OAR_TO_MIN_MAX,This OAR material is classified CRITICAL on the critical parts list. Recommend Min-Max management with a reorder point of 22.4 and a maximum of 29.9.,PROPOSED,2026-08-29
REC-001539,000000000010000976,1000,Conveyor Pulley Bearing DN150 SANDVIK,CRITICAL,INTERMITTENT,4,66,6.044,4.200,4.229,2.900,9.485,6.000,ROP_MAX_SAFETY_STOCK,Intermittent consumption of 0.6 per month over 24 months with a 66-day lead time gives a reorder point of 4.2 against the current 6.044.,APPROVED,2026-07-27
REC-001540,000000000010000977,2000,Slurry Density Transmitter 8/6 SIEMENS,CRITICAL,INTERMITTENT,0,82,5.842,3.600,3.874,2.400,6.869,5.000,ROP_MAX_SAFETY_STOCK,"Stock on hand 0 is below the current reorder point 5.842. At the CRITICAL service level of 98% and a 82-day lead time, the reorder point should be 3.6.",PROPOSED,2026-07-19
REC-001541,000000000090000060,3000,Skirt Rubber Liner Section DN100 ABB,OBSOLETE,NO_DEMAND,0,44,0.000,,0.000,,1.000,,NO_SAFETY_STOCK,Obsolete material: no safety stock recommended. Candidate for stock reduction review.,APPROVED,2026-07-26
REC-001542,000000000090000060,1000,Skirt Rubber Liner Section DN100 ABB,OBSOLETE,NO_DEMAND,0,44,0.000,,0.000,,1.000,,NO_SAFETY_STOCK,Obsolete material: no safety stock recommended. Candidate for stock reduction review.,PROPOSED,2026-07-14
REC-001543,000000000080000216,1000,Soft Starter Power Module 10/8 SKF,IMPACT,INTERMITTENT,4,52,9.940,6.700,6.693,4.500,16.257,10.600,ROP_MAX_SAFETY_STOCK,"Stock on hand 8 is below the current reorder point 9.94. At the IMPACT service level of 95% and a 52-day lead time, the reorder point should be 6.7.",APPROVED,2026-08-16
REC-001544,000000000080000216,4000,Soft Starter Power Module 10/8 SKF,IMPACT,INTERMITTENT,6,52,10.349,7.800,6.354,4.800,21.998,13.100,ROP_MAX_SAFETY_STOCK,"Stock on hand 6 is below the current reorder point 10.349. At the IMPACT service level of 95% and a 52-day lead time, the reorder point should be 7.8.",APPROVED,2026-08-02
REC-001545,000000000080000217,2000,Vertical Sump Pump Column TYPE A SKF,NORMAL,INTERMITTENT,4,54,10.889,6.900,6.122,3.900,18.833,12.000,ROP_MAX_SAFETY_STOCK,"Stock on hand 5 is below the current reorder point 10.889. At the NORMAL service level of 85% and a 54-day lead time, the reorder point should be 6.9.",PROPOSED,2026-08-16
REC-001546,000000000010000979,2000,Conveyor Take-Up Pulley 200MM SKF,CRITICAL,INTERMITTENT,0,76,9.659,11.700,6.654,8.100,20.248,16.100,ROP_MAX_SAFETY_STOCK,"Stock on hand 0 is below the current reorder point 9.659. At the CRITICAL service level of 98% and a 76-day lead time, the reorder point should be 11.7.",APPROVED,2026-08-05
REC-001547,000000000010000980,4000,Ball Mill Gearbox Assembly DN100 WEIR,CRITICAL,INTERMITTENT,0,134,17.311,13.700,10.340,8.200,18.154,17.400,ROP_MAX_SAFETY_STOCK,"Stock on hand 0 is below the current reorder point 17.311. At the CRITICAL service level of 98% and a 134-day lead time, the reorder point should be 13.7.",PROPOSED,2026-06-17
REC-001548,000000000010000981,3000,Agitator Shaft Seal HD ABB,CRITICAL,SLOW,2,60,1.492,1.200,1.191,1.000,1.539,1.600,ROP_MAX_SAFETY_STOCK,Stock on hand 2 exceeds the current maximum 1.539. Consumption of 0.1 per month supports a maximum of 1.6.,APPROVED,2026-07-16
REC-001549,000000000090000061,3000,Pressure Transmitter Assembly 6/4 ABB,OBSOLETE,NO_DEMAND,0,37,0.000,,0.000,,1.000,,NO_SAFETY_STOCK,Obsolete material: no safety stock recommended. Candidate for stock reduction review.,PROPOSED,2026-08-10
REC-001550,000000000030000233,1000,Belt Scraper Blade Cartridge HD SIEMENS,IMPACT,ON_DEMAND,1,14,0.000,2.900,0.000,2.100,0.000,8.200,OAR_TO_MIN_MAX,This OAR material is classified IMPACT on the critical parts list. Recommend Min-Max management with a reorder point of 2.9 and a maximum of 8.2.,HELD,2026-08-27
REC-001551,000000000030000233,4000,Belt Scraper Blade Cartridge HD SIEMENS,IMPACT,ON_DEMAND,4,14,3.440,2.600,2.657,2.000,7.184,6.300,OAR_TO_MIN_MAX,This OAR material is classified IMPACT on the critical parts list. Recommend Min-Max management with a reorder point of 2.6 and a maximum of 6.3.,PROPOSED,2026-05-21
REC-001552,000000000090000062,4000,Crusher Main Shaft Bearing 250KW FLSM,OBSOLETE,NO_DEMAND,0,51,0.000,,0.000,,1.000,,NO_SAFETY_STOCK,Obsolete material: no safety stock recommended. Candidate for stock reduction review.,REJECTED,2026-07-08
REC-001553,000000000010000982,2000,Variable Speed Drive Unit 10/8 SIEMENS,INSURANCE,INTERMITTENT,5,130,2.247,3.600,0.827,1.300,8.489,5.200,ROP_MAX_SAFETY_STOCK,Intermittent consumption of 0.5 per month over 24 months with a 130-day lead time gives a reorder point of 3.6 against the current 2.247.,HELD,2026-06-26
REC-001554,000000000010000983,4000,Skirt Rubber Liner Section 10/8 SKF,CRITICAL,INTERMITTENT,5,125,11.797,13.300,7.243,8.200,27.554,17.100,ROP_MAX_SAFETY_STOCK,Intermittent consumption of 1.2 per month over 24 months with a 125-day lead time gives a reorder point of 13.3 against the current 11.797.,HELD,2026-05-10
REC-001555,000000000010000985,4000,Ventilation Fan Motor 10/8 SEW,CRITICAL,REGULAR,11,147,312.208,204.900,47.869,31.400,473.142,312.600,ROP_MAX_SAFETY_STOCK,"Stock on hand 106 is below the current reorder point 312.208. At the CRITICAL service level of 98% and a 147-day lead time, the reorder point should be 204.9.",REJECTED,2026-06-11
REC-001556,000000000080000218,3000,Mill Liner DN150 SANDVIK,IMPACT,INTERMITTENT,0,9,1.702,1.000,1.523,0.900,3.418,2.100,ROP_MAX_SAFETY_STOCK,Intermittent consumption of 0.4 per month over 24 months with a 9-day lead time gives a reorder point of 1 against the current 1.702.,PROPOSED,2026-06-20
REC-001557,000000000080000218,1000,Mill Liner DN150 SANDVIK,IMPACT,INTERMITTENT,8,9,3.152,3.200,2.427,2.500,10.021,10.700,ROP_MAX_SAFETY_STOCK,Intermittent consumption of 2.5 per month over 24 months with a 9-day lead time gives a reorder point of 3.2 against the current 3.152.,PROPOSED,2026-07-10
REC-001558,000000000030000236,2000,Crusher Main Shaft Bearing HD SANDVIK,CRITICAL,ON_DEMAND,0,62,0.000,10.700,0.000,6.400,0.000,17.100,OAR_TO_MIN_MAX,This OAR material is classified CRITICAL on the critical parts list. Recommend Min-Max management with a reorder point of 10.7 and a maximum of 17.1.,APPROVED,2026-07-16
REC-001559,000000000010000987,3000,Slurry Pump Mechanical Seal 6/4 SANDVIK,CRITICAL,INTERMITTENT,0,30,6.520,4.800,4.847,3.600,11.662,8.600,ROP_MAX_SAFETY_STOCK,"Stock on hand 0 is below the current reorder point 6.52. At the CRITICAL service level of 98% and a 30-day lead time, the reorder point should be 4.8.",APPROVED,2026-08-06
REC-001560,000000000010000988,1000,Ventilation Fan Motor 150MM SKF,INSURANCE,INTERMITTENT,6,200,4.997,7.600,2.096,3.200,15.874,9.600,ROP_MAX_SAFETY_STOCK,"Stock on hand 2 is below the current reorder point 4.997. At the INSURANCE service level of 90% and a 200-day lead time, the reorder point should be 7.6.",PROPOSED,2026-05-29
REC-001561,000000000010000989,1000,Conveyor Idler Roller Set 55KW FLSM,CRITICAL,INTERMITTENT,6,208,10.368,19.300,4.404,8.200,37.620,24.200,ROP_MAX_SAFETY_STOCK,"Stock on hand 7 is below the current reorder point 10.368. At the CRITICAL service level of 98% and a 208-day lead time, the reorder point should be 19.3.",REJECTED,2026-07-25
REC-001562,000000000010000990,2000,Slurry Pump Mechanical Seal TYPE B,CRITICAL,INTERMITTENT,4,208,15.760,12.300,7.017,5.500,26.893,15.300,ROP_MAX_SAFETY_STOCK,Intermittent consumption of 1.0 per month over 24 months with a 208-day lead time gives a reorder point of 12.3 against the current 15.76.,PROPOSED,2026-07-31
REC-001563,000000000010000990,3000,Slurry Pump Mechanical Seal TYPE B,CRITICAL,INTERMITTENT,9,208,4.552,7.000,1.745,2.700,12.559,8.900,ROP_MAX_SAFETY_STOCK,"Stock on hand 0 is below the current reorder point 4.552. At the CRITICAL service level of 98% and a 208-day lead time, the reorder point should be 7.",APPROVED,2026-06-06
REC-001564,000000000010000991,3000,Ball Mill Shell Liner Plate TYPE A SEW,NORMAL,REGULAR,11,42,49.210,48.500,7.268,7.200,175.423,138.400,ROP_MAX_SAFETY_STOCK,Regular consumption of 30.0 per month over 24 months with a 42-day lead time gives a reorder point of 48.5 against the current 49.21.,REJECTED,2026-08-28
REC-001565,000000000010000992,2000,Thickener Rake Drive Gearbox 150MM,INSURANCE,INTERMITTENT,7,138,12.770,13.100,5.560,5.700,31.620,18.000,ROP_MAX_SAFETY_STOCK,"Stock on hand 2 is below the current reorder point 12.77. At the INSURANCE service level of 90% and a 138-day lead time, the reorder point should be 13.1.",REJECTED,2026-07-09
REC-001566,000000000010000992,3000,Thickener Rake Drive Gearbox 150MM,INSURANCE,INTERMITTENT,4,138,12.812,14.500,6.267,7.100,30.001,19.400,ROP_MAX_SAFETY_STOCK,Intermittent consumption of 1.6 per month over 24 months with a 138-day lead time gives a reorder point of 14.5 against the current 12.812.,REJECTED,2026-08-18
REC-001567,000000000030000237,2000,Conveyor Drive Gearbox HD MULTOTEC,CRITICAL,ON_DEMAND,0,131,0.000,15.800,0.000,9.500,0.000,20.200,OAR_TO_MIN_MAX,This OAR material is classified CRITICAL on the critical parts list. Recommend Min-Max management with a reorder point of 15.8 and a maximum of 20.2.,APPROVED,2026-05-16
REC-001568,000000000010000993,4000,PLC Digital Output Card 55KW SKF,NORMAL,INTERMITTENT,4,54,3.253,3.700,1.580,1.800,10.693,7.000,ROP_MAX_SAFETY_STOCK,Intermittent consumption of 1.1 per month over 24 months with a 54-day lead time gives a reorder point of 3.7 against the current 3.253.,PROPOSED,2026-07-17
REC-001569,000000000010000994,1000,Belt Scraper Blade Cartridge DN100 WEIR,NORMAL,SLOW,4,18,0.707,1.000,0.482,0.700,3.709,2.800,ROP_MAX_SAFETY_STOCK,Slow consumption of 0.6 per month over 24 months with a 18-day lead time gives a reorder point of 1 against the current 0.707.,APPROVED,2026-06-06
REC-001570,000000000010000996,4000,Ball Mill Shell Liner Plate 200MM ABB,NORMAL,SLOW,4,22,1.380,1.200,0.943,0.800,3.483,2.700,ROP_MAX_SAFETY_STOCK,"Stock on hand 1 is below the current reorder point 1.38. At the NORMAL service level of 85% and a 22-day lead time, the reorder point should be 1.2.",APPROVED,2026-06-21
REC-001571,000000000010000997,1000,Gearbox Bearing HD WEIR,INSURANCE,INTERMITTENT,5,40,5.516,4.100,2.992,2.200,14.140,8.300,ROP_MAX_SAFETY_STOCK,Intermittent consumption of 1.4 per month over 24 months with a 40-day lead time gives a reorder point of 4.1 against the current 5.516.,PROPOSED,2026-06-14
REC-001572,000000000010000997,2000,Gearbox Bearing HD WEIR,INSURANCE,INTERMITTENT,6,40,3.878,3.600,2.465,2.300,5.242,6.600,ROP_MAX_SAFETY_STOCK,"Stock on hand 0 is below the current reorder point 3.878. At the INSURANCE service level of 90% and a 40-day lead time, the reorder point should be 3.6.",APPROVED,2026-08-11
REC-001573,000000000010000998,2000,Ball Mill Gearbox Assembly 6/4 SKF,NORMAL,REGULAR,11,39,37.611,34.200,7.018,6.400,141.246,99.300,ROP_MAX_SAFETY_STOCK,Regular consumption of 21.7 per month over 24 months with a 39-day lead time gives a reorder point of 34.2 against the current 37.611.,APPROVED,2026-08-01
REC-001574,000000000010001000,4000,Conveyor Idler Roller Set 250KW METSO,NORMAL,REGULAR,11,23,16.943,11.700,4.075,2.800,33.984,47.200,ROP_MAX_SAFETY_STOCK,Stock on hand 34 exceeds the current maximum 33.984. Consumption of 11.8 per month supports a maximum of 47.2.,APPROVED,2026-05-14
REC-001575,000000000010001001,1000,Gland Packing Seal Ring HD SEW,NORMAL,REGULAR,12,16,15.366,11.100,4.164,3.000,65.467,57.600,ROP_MAX_SAFETY_STOCK,Regular consumption of 15.5 per month over 24 months with a 16-day lead time gives a reorder point of 11.1 against the current 15.366.,APPROVED,2026-06-02
REC-001576,000000000010001002,4000,Apron Feeder Gear Reducer 55KW SKF,CRITICAL,INTERMITTENT,0,40,14.809,10.000,9.880,6.700,15.697,17.600,ROP_MAX_SAFETY_STOCK,"Stock on hand 0 is below the current reorder point 14.809. At the CRITICAL service level of 98% and a 40-day lead time, the reorder point should be 10.",APPROVED,2026-08-03
REC-001577,000000000010001002,1000,Apron Feeder Gear Reducer 55KW SKF,CRITICAL,INTERMITTENT,0,40,9.530,7.200,7.278,5.500,10.532,11.100,ROP_MAX_SAFETY_STOCK,"Stock on hand 0 is below the current reorder point 9.53. At the CRITICAL service level of 98% and a 40-day lead time, the reorder point should be 7.2.",HELD,2026-07-01
REC-001578,000000000010001003,1000,Pressure Transmitter Assembly 110KW SKF,CRITICAL,INTERMITTENT,0,97,20.369,12.200,12.850,7.700,20.369,16.400,ROP_MAX_SAFETY_STOCK,"Stock on hand 0 is below the current reorder point 20.369. At the CRITICAL service level of 98% and a 97-day lead time, the reorder point should be 12.2.",APPROVED,2026-06-04
REC-001579,000000000010001004,4000,Ball Mill Trunnion Bearing 6/4 FLSM,NORMAL,SLOW,5,12,0.219,0.400,0.159,0.300,1.577,1.300,ROP_MAX_SAFETY_STOCK,Slow consumption of 0.3 per month over 24 months with a 12-day lead time gives a reorder point of 0.4 against the current 0.219.,PROPOSED,2026-07-05
REC-001580,000000000010001005,2000,Soft Starter Power Module 55KW ABB,CRITICAL,INTERMITTENT,5,157,14.063,9.400,7.047,4.700,16.528,12.200,ROP_MAX_SAFETY_STOCK,"Stock on hand 11 is below the current reorder point 14.063. At the CRITICAL service level of 98% and a 157-day lead time, the reorder point should be 9.4.",APPROVED,2026-06-23
REC-001581,000000000010001006,3000,Vertical Sump Pump Column 55KW SKF,CRITICAL,REGULAR,12,140,103.699,111.200,19.139,20.500,222.557,170.300,ROP_MAX_SAFETY_STOCK,"Stock on hand 33 is below the current reorder point 103.699. At the CRITICAL service level of 98% and a 140-day lead time, the reorder point should be 111.2.",REJECTED,2026-07-26
REC-001582,000000000010001006,1000,Vertical Sump Pump Column 55KW SKF,CRITICAL,REGULAR,12,140,136.574,117.000,22.737,19.500,152.635,180.600,ROP_MAX_SAFETY_STOCK,"Stock on hand 82 is below the current reorder point 136.574. At the CRITICAL service level of 98% and a 140-day lead time, the reorder point should be 117.",APPROVED,2026-08-04
REC-001583,000000000030000243,1000,Conveyor Idler Roller Set DN150 SIEMENS,CRITICAL,ON_DEMAND,2,110,0.000,14.100,0.000,9.300,0.000,18.100,OAR_TO_MIN_MAX,This OAR material is classified CRITICAL on the critical parts list. Recommend Min-Max management with a reorder point of 14.1 and a maximum of 18.1.,APPROVED,2026-07-09
REC-001584,000000000010001007,1000,Ball Mill Trunnion Bearing TYPE A SKF,CRITICAL,INTERMITTENT,0,48,8.752,5.600,6.073,3.900,14.615,8.800,ROP_MAX_SAFETY_STOCK,"Stock on hand 0 is below the current reorder point 8.752. At the CRITICAL service level of 98% and a 48-day lead time, the reorder point should be 5.6.",PROPOSED,2026-08-14
REC-001585,000000000010001008,1000,Flotation Cell Impeller 10/8 WEIR,NORMAL,REGULAR,12,11,4.981,7.800,1.261,2.000,98.787,55.800,ROP_MAX_SAFETY_STOCK,Regular consumption of 16.0 per month over 24 months with a 11-day lead time gives a reorder point of 7.8 against the current 4.981.,APPROVED,2026-08-15
REC-001586,000000000010001009,1000,Flotation Cell Impeller TYPE B METSO,NORMAL,REGULAR,12,55,112.491,74.300,18.883,12.500,137.200,176.900,ROP_MAX_SAFETY_STOCK,Regular consumption of 34.2 per month over 24 months with a 55-day lead time gives a reorder point of 74.3 against the current 112.491.,APPROVED,2026-05-13
REC-001587,000000000080000219,2000,Variable Speed Drive Unit 55KW SANDVIK,IMPACT,INTERMITTENT,2,14,4.009,2.500,3.260,2.000,7.607,5.500,ROP_MAX_SAFETY_STOCK,"Stock on hand 0 is below the current reorder point 4.009. At the IMPACT service level of 95% and a 14-day lead time, the reorder point should be 2.5.",HELD,2026-06-23
REC-001588,000000000090000063,2000,Apron Feeder Gear Reducer HD KSB,OBSOLETE,NO_DEMAND,0,36,0.000,,0.000,,1.000,,NO_SAFETY_STOCK,Obsolete material: no safety stock recommended. Candidate for stock reduction review.,PROPOSED,2026-06-06
REC-001589,000000000010001010,4000,Slurry Density Transmitter 250MM SEW,CRITICAL,REGULAR,12,140,348.388,201.900,65.930,38.200,384.176,308.600,ROP_MAX_SAFETY_STOCK,"Stock on hand 298 is below the current reorder point 348.388. At the CRITICAL service level of 98% and a 140-day lead time, the reorder point should be 201.9.",APPROVED,2026-07-17
REC-001590,000000000080000220,2000,Hydraulic Power Pack 55KW KSB,IMPACT,INTERMITTENT,2,56,6.849,6.100,4.698,4.200,6.849,9.200,ROP_MAX_SAFETY_STOCK,Stock on hand 7 exceeds the current maximum 6.849. Consumption of 1.0 per month supports a maximum of 9.2.,PROPOSED,2026-06-21
REC-001591,000000000080000221,2000,Pressure Transmitter Assembly 6/4 SEW,IMPACT,INTERMITTENT,6,25,2.824,2.400,2.130,1.800,4.100,4.500,ROP_MAX_SAFETY_STOCK,Intermittent consumption of 0.7 per month over 24 months with a 25-day lead time gives a reorder point of 2.4 against the current 2.824.,REJECTED,2026-05-20
REC-001592,000000000010001012,1000,Gland Packing Seal Ring 8/6 ABB,INSURANCE,INTERMITTENT,3,58,3.984,2.300,2.202,1.300,6.255,3.900,ROP_MAX_SAFETY_STOCK,Intermittent consumption of 0.5 per month over 24 months with a 58-day lead time gives a reorder point of 2.3 against the current 3.984.,REJECTED,2026-07-20
REC-001593,000000000010001013,1000,Slurry Pump Mechanical Seal DN100,CRITICAL,INTERMITTENT,0,102,3.628,7.200,1.937,3.800,14.050,10.200,ROP_MAX_SAFETY_STOCK,"Stock on hand 0 is below the current reorder point 3.628. At the CRITICAL service level of 98% and a 102-day lead time, the reorder point should be 7.2.",PROPOSED,2026-05-28
REC-001594,000000000010001014,2000,Gearbox Bearing 110KW SIEMENS,CRITICAL,INTERMITTENT,4,62,6.654,6.400,4.447,4.300,11.465,9.500,ROP_MAX_SAFETY_STOCK,Intermittent consumption of 1.0 per month over 24 months with a 62-day lead time gives a reorder point of 6.4 against the current 6.654.,APPROVED,2026-05-30
REC-001595,000000000010001014,3000,Gearbox Bearing 110KW SIEMENS,CRITICAL,INTERMITTENT,6,62,7.812,6.800,5.267,4.600,8.582,10.100,ROP_MAX_SAFETY_STOCK,Stock on hand 10 exceeds the current maximum 8.582. Consumption of 1.1 per month supports a maximum of 10.1.,REJECTED,2026-08-29
REC-001596,000000000010001015,2000,Gearbox Bearing 10/8 METSO,CRITICAL,INTERMITTENT,4,131,12.243,10.500,7.205,6.200,22.381,13.500,ROP_MAX_SAFETY_STOCK,Intermittent consumption of 1.0 per month over 24 months with a 131-day lead time gives a reorder point of 10.5 against the current 12.243.,HELD,2026-06-21
REC-001597,000000000010001016,4000,Ball Mill Trunnion Bearing DN150 SIEMENS,IMPACT,SLOW,0,47,0.319,0.700,0.261,0.600,1.050,0.900,ROP_MAX_SAFETY_STOCK,Slow consumption of 0.1 per month over 24 months with a 47-day lead time gives a reorder point of 0.7 against the current 0.319.,HELD,2026-07-10
REC-001598,000000000010001017,1000,Flotation Cell Impeller 150MM WEIR,INSURANCE,INTERMITTENT,4,231,7.820,12.700,3.144,5.100,20.129,15.700,ROP_MAX_SAFETY_STOCK,Intermittent consumption of 1.0 per month over 24 months with a 231-day lead time gives a reorder point of 12.7 against the current 7.82.,PROPOSED,2026-08-16
REC-001599,000000000010001018,3000,Skirt Rubber Liner Section 10/8 SANDVIK,NORMAL,INTERMITTENT,3,10,0.814,0.600,0.573,0.400,1.681,2.100,ROP_MAX_SAFETY_STOCK,Stock on hand 2 exceeds the current maximum 1.681. Consumption of 0.5 per month supports a maximum of 2.1.,PROPOSED,2026-06-21
REC-001600,000000000010001019,2000,Vertical Sump Pump Column DN100 SKF,CRITICAL,INTERMITTENT,0,134,9.266,8.400,4.971,4.500,15.428,11.000,ROP_MAX_SAFETY_STOCK,"Stock on hand 0 is below the current reorder point 9.266. At the CRITICAL service level of 98% and a 134-day lead time, the reorder point should be 8.4.",HELD,2026-08-15
REC-001601,000000000010001021,4000,Ventilation Fan Motor 10/8 MULTOTEC,INSURANCE,INTERMITTENT,5,87,10.266,9.700,5.375,5.100,11.199,14.600,ROP_MAX_SAFETY_STOCK,"Stock on hand 10 is below the current reorder point 10.266. At the INSURANCE service level of 90% and a 87-day lead time, the reorder point should be 9.7.",PROPOSED,2026-05-18
REC-001602,000000000010001022,2000,Gland Packing Seal Ring DN150 ABB,NORMAL,INTERMITTENT,3,13,0.566,0.900,0.397,0.600,3.460,2.800,ROP_MAX_SAFETY_STOCK,Intermittent consumption of 0.6 per month over 24 months with a 13-day lead time gives a reorder point of 0.9 against the current 0.566.,APPROVED,2026-08-25
REC-001603,000000000010001023,3000,Pressure Transmitter Assembly 150MM,IMPACT,INTERMITTENT,3,38,7.714,8.300,5.044,5.400,12.298,15.200,ROP_MAX_SAFETY_STOCK,Intermittent consumption of 2.3 per month over 24 months with a 38-day lead time gives a reorder point of 8.3 against the current 7.714.,APPROVED,2026-07-18
REC-001604,000000000010001023,4000,Pressure Transmitter Assembly 150MM,IMPACT,INTERMITTENT,5,38,3.247,3.300,2.370,2.400,8.633,5.400,ROP_MAX_SAFETY_STOCK,Intermittent consumption of 0.7 per month over 24 months with a 38-day lead time gives a reorder point of 3.3 against the current 3.247.,APPROVED,2026-07-22
REC-001605,000000000010001025,1000,Valve Assembly 8/6 KSB,NORMAL,REGULAR,12,39,17.066,12.800,2.993,2.200,47.102,37.500,ROP_MAX_SAFETY_STOCK,Regular consumption of 8.2 per month over 24 months with a 39-day lead time gives a reorder point of 12.8 against the current 17.066.,APPROVED,2026-07-31
REC-001606,000000000010001026,1000,Agitator Shaft Seal TYPE A MULTOTEC,CRITICAL,INTERMITTENT,0,78,3.706,5.000,2.594,3.500,6.000,6.800,ROP_MAX_SAFETY_STOCK,"Stock on hand 0 is below the current reorder point 3.706. At the CRITICAL service level of 98% and a 78-day lead time, the reorder point should be 5.",APPROVED,2026-07-06
REC-001607,000000000010001026,4000,Agitator Shaft Seal TYPE A MULTOTEC,CRITICAL,INTERMITTENT,0,78,12.587,10.700,7.553,6.400,20.788,15.700,ROP_MAX_SAFETY_STOCK,"Stock on hand 0 is below the current reorder point 12.587. At the CRITICAL service level of 98% and a 78-day lead time, the reorder point should be 10.7.",APPROVED,2026-07-19
REC-001608,000000000010001027,4000,Gearbox Bearing 10/8 METSO,CRITICAL,INTERMITTENT,0,92,12.317,15.500,7.394,9.300,34.781,21.600,ROP_MAX_SAFETY_STOCK,"Stock on hand 0 is below the current reorder point 12.317. At the CRITICAL service level of 98% and a 92-day lead time, the reorder point should be 15.5.",APPROVED,2026-05-13
REC-001609,000000000010001028,1000,Centrifugal Pump Casing TYPE A SIEMENS,CRITICAL,INTERMITTENT,1,80,6.130,7.000,4.305,4.900,13.262,9.400,ROP_MAX_SAFETY_STOCK,Intermittent consumption of 0.8 per month over 24 months with a 80-day lead time gives a reorder point of 7 against the current 6.13.,APPROVED,2026-06-07
REC-001610,000000000080000222,1000,PLC Digital Output Card DN100 METSO,IMPACT,INTERMITTENT,5,33,6.990,4.400,4.748,3.000,14.004,8.300,ROP_MAX_SAFETY_STOCK,"Stock on hand 6 is below the current reorder point 6.99. At the IMPACT service level of 95% and a 33-day lead time, the reorder point should be 4.4.",APPROVED,2026-07-26
REC-001611,000000000080000222,3000,PLC Digital Output Card DN100 METSO,IMPACT,INTERMITTENT,4,33,2.172,1.900,1.574,1.400,5.534,3.400,ROP_MAX_SAFETY_STOCK,"Stock on hand 0 is below the current reorder point 2.172. At the IMPACT service level of 95% and a 33-day lead time, the reorder point should be 1.9.",PROPOSED,2026-07-09
REC-001612,000000000010001029,3000,Agitator Shaft Seal 55KW METSO,CRITICAL,INTERMITTENT,0,67,7.379,5.700,4.520,3.500,7.379,8.700,ROP_MAX_SAFETY_STOCK,"Stock on hand 0 is below the current reorder point 7.379. At the CRITICAL service level of 98% and a 67-day lead time, the reorder point should be 5.7.",PROPOSED,2026-06-10
REC-001613,000000000030000244,4000,Slurry Pump Wet End Assembly HD SIEMENS,CRITICAL,ON_DEMAND,2,123,0.000,15.300,0.000,8.600,0.000,20.300,OAR_TO_MIN_MAX,This OAR material is classified CRITICAL on the critical parts list. Recommend Min-Max management with a reorder point of 15.3 and a maximum of 20.3.,PROPOSED,2026-08-15
REC-001614,000000000090000064,1000,Slurry Density Transmitter DN100 FLSM,OBSOLETE,NO_DEMAND,0,53,0.000,,0.000,,1.000,,NO_SAFETY_STOCK,Obsolete material: no safety stock recommended. Candidate for stock reduction review.,PROPOSED,2026-06-10
REC-001615,000000000010001030,4000,Thickener Rake Drive Gearbox DN150 METSO,CRITICAL,INTERMITTENT,6,142,6.071,9.600,2.865,4.500,22.229,12.800,ROP_MAX_SAFETY_STOCK,"Stock on hand 0 is below the current reorder point 6.071. At the CRITICAL service level of 98% and a 142-day lead time, the reorder point should be 9.6.",REJECTED,2026-06-19
REC-001616,000000000010001031,1000,Conveyor Take-Up Pulley 10/8 SIEMENS,INSURANCE,INTERMITTENT,3,114,5.790,13.800,2.643,6.300,21.662,19.800,ROP_MAX_SAFETY_STOCK,Intermittent consumption of 2.0 per month over 24 months with a 114-day lead time gives a reorder point of 13.8 against the current 5.79.,APPROVED,2026-08-16
REC-001617,000000000010001031,2000,Conveyor Take-Up Pulley 10/8 SIEMENS,INSURANCE,INTERMITTENT,4,114,12.450,8.600,5.181,3.600,13.398,12.600,ROP_MAX_SAFETY_STOCK,Stock on hand 18 exceeds the current maximum 13.398. Consumption of 1.3 per month supports a maximum of 12.6.,REJECTED,2026-08-21
REC-001618,000000000010001033,1000,Belt Scraper Blade Cartridge 10/8 SEW,INSURANCE,REGULAR,12,93,82.276,57.900,11.370,8.000,150.992,106.900,ROP_MAX_SAFETY_STOCK,"Stock on hand 13 is below the current reorder point 82.276. At the INSURANCE service level of 90% and a 93-day lead time, the reorder point should be 57.9.",APPROVED,2026-05-18
REC-001619,000000000010001033,2000,Belt Scraper Blade Cartridge 10/8 SEW,INSURANCE,REGULAR,10,93,80.389,103.900,11.400,14.700,164.732,191.500,ROP_MAX_SAFETY_STOCK,"Stock on hand 72 is below the current reorder point 80.389. At the INSURANCE service level of 90% and a 93-day lead time, the reorder point should be 103.9.",APPROVED,2026-06-13
REC-001620,000000000010001034,4000,Pump Impeller TYPE B SEW,CRITICAL,SLOW,1,80,2.752,2.200,1.903,1.500,4.990,3.000,ROP_MAX_SAFETY_STOCK,Stock on hand 7 exceeds the current maximum 4.99. Consumption of 0.2 per month supports a maximum of 3.,PROPOSED,2026-08-02
REC-001621,000000000010001035,1000,Slurry Pump Mechanical Seal TYPE A KSB,NORMAL,INTERMITTENT,5,56,5.908,6.800,2.838,3.300,11.488,12.600,ROP_MAX_SAFETY_STOCK,Intermittent consumption of 1.9 per month over 24 months with a 56-day lead time gives a reorder point of 6.8 against the current 5.908.,PROPOSED,2026-06-20
REC-001622,000000000010001036,4000,Pressure Transmitter Assembly 8/6 ABB,INSURANCE,INTERMITTENT,1,76,5.000,5.800,3.296,3.800,9.980,8.200,ROP_MAX_SAFETY_STOCK,Intermittent consumption of 0.8 per month over 24 months with a 76-day lead time gives a reorder point of 5.8 against the current 5.,APPROVED,2026-06-28
REC-001623,000000000080000223,1000,Screen Exciter Bearing 110KW SIEMENS,IMPACT,INTERMITTENT,6,9,1.066,2.000,0.857,1.600,5.259,5.900,ROP_MAX_SAFETY_STOCK,"Stock on hand 1 is below the current reorder point 1.066. At the IMPACT service level of 95% and a 9-day lead time, the reorder point should be 2.",REJECTED,2026-05-26
REC-001624,000000000080000224,1000,Agitator Shaft Seal 55KW SANDVIK,IMPACT,INTERMITTENT,4,43,8.519,5.100,6.222,3.700,9.035,8.000,ROP_MAX_SAFETY_STOCK,Stock on hand 14 exceeds the current maximum 9.035. Consumption of 1.0 per month supports a maximum of 8.,REJECTED,2026-07-13
REC-001625,000000000010001037,1000,Crusher Hydroset Cylinder TYPE B SIEMENS,INSURANCE,REGULAR,12,73,74.436,54.400,12.027,8.800,114.680,111.400,ROP_MAX_SAFETY_STOCK,"Stock on hand 40 is below the current reorder point 74.436. At the INSURANCE service level of 90% and a 73-day lead time, the reorder point should be 54.4.",REJECTED,2026-08-13
REC-001626,000000000010001038,1000,Screen Exciter Bearing 150MM SIEMENS,INSURANCE,INTERMITTENT,4,145,7.154,8.700,3.377,4.100,14.671,11.600,ROP_MAX_SAFETY_STOCK,"Stock on hand 7 is below the current reorder point 7.154. At the INSURANCE service level of 90% and a 145-day lead time, the reorder point should be 8.7.",PROPOSED,2026-06-24
REC-001627,000000000080000225,1000,Cyclone Apex Liner 10/8 SEW,IMPACT,INTERMITTENT,4,20,1.595,1.800,1.264,1.400,4.191,3.400,ROP_MAX_SAFETY_STOCK,"Stock on hand 0 is below the current reorder point 1.595. At the IMPACT service level of 95% and a 20-day lead time, the reorder point should be 1.8.",PROPOSED,2026-05-30
REC-001628,000000000090000065,4000,Hydraulic Pump Assembly 8/6 SEW,OBSOLETE,NO_DEMAND,0,12,0.000,,0.000,,1.000,,NO_SAFETY_STOCK,Obsolete material: no safety stock recommended. Candidate for stock reduction review.,APPROVED,2026-07-19
REC-001629,000000000090000065,3000,Hydraulic Pump Assembly 8/6 SEW,OBSOLETE,NO_DEMAND,0,12,0.000,,0.000,,1.000,,NO_SAFETY_STOCK,Obsolete material: no safety stock recommended. Candidate for stock reduction review.,APPROVED,2026-05-24
REC-001630,000000000030000246,4000,Gearbox Bearing 55KW KSB,IMPACT,ON_DEMAND,3,30,0.000,2.400,0.000,1.700,0.000,4.400,OAR_TO_MIN_MAX,This OAR material is classified IMPACT on the critical parts list. Recommend Min-Max management with a reorder point of 2.4 and a maximum of 4.4.,PROPOSED,2026-05-27
REC-001631,000000000030000247,4000,Conveyor Idler Roller Set TYPE A FLSM,IMPACT,ON_DEMAND,1,8,0.000,2.300,0.000,1.900,0.000,7.400,OAR_TO_MIN_MAX,This OAR material is classified IMPACT on the critical parts list. Recommend Min-Max management with a reorder point of 2.3 and a maximum of 7.4.,APPROVED,2026-07-27
REC-001632,000000000010001039,3000,Gland Packing Seal Ring 6/4 MULTOTEC,IMPACT,REGULAR,11,16,35.871,33.300,14.318,13.300,125.764,147.200,ROP_MAX_SAFETY_STOCK,Regular consumption of 38.0 per month over 24 months with a 16-day lead time gives a reorder point of 33.3 against the current 35.871.,APPROVED,2026-07-26
REC-001633,000000000010001040,1000,Flotation Cell Impeller 55KW WEIR,INSURANCE,INTERMITTENT,5,217,8.618,5.000,2.997,1.700,8.618,6.400,ROP_MAX_SAFETY_STOCK,Stock on hand 9 exceeds the current maximum 8.618. Consumption of 0.5 per month supports a maximum of 6.4.,APPROVED,2026-07-07
REC-001634,000000000030000248,4000,Slurry Pump Mechanical Seal 6/4 SANDVIK,IMPACT,ON_DEMAND,2,20,0.000,1.700,0.000,1.300,0.000,3.700,OAR_TO_MIN_MAX,This OAR material is classified IMPACT on the critical parts list. Recommend Min-Max management with a reorder point of 1.7 and a maximum of 3.7.,APPROVED,2026-08-07
REC-001635,000000000030000248,2000,Slurry Pump Mechanical Seal 6/4 SANDVIK,IMPACT,ON_DEMAND,2,20,0.000,1.900,0.000,1.500,0.000,3.900,OAR_TO_MIN_MAX,This OAR material is classified IMPACT on the critical parts list. Recommend Min-Max management with a reorder point of 1.9 and a maximum of 3.9.,REJECTED,2026-05-15
REC-001636,000000000080000226,4000,Ball Mill Trunnion Bearing DN100 FLSM,IMPACT,INTERMITTENT,5,42,8.403,6.300,5.777,4.300,18.305,10.600,ROP_MAX_SAFETY_STOCK,Intermittent consumption of 1.4 per month over 24 months with a 42-day lead time gives a reorder point of 6.3 against the current 8.403.,PROPOSED,2026-05-25
REC-001637,000000000030000249,2000,Ball Mill Trunnion Bearing 150MM SEW,CRITICAL,ON_DEMAND,1,76,0.000,12.400,0.000,7.600,0.000,18.100,OAR_TO_MIN_MAX,This OAR material is classified CRITICAL on the critical parts list. Recommend Min-Max management with a reorder point of 12.4 and a maximum of 18.1.,PROPOSED,2026-06-04
REC-001638,000000000080000227,3000,Thickener Rake Drive Gearbox 8/6 SANDVIK,IMPACT,INTERMITTENT,6,11,0.572,1.300,0.439,1.000,3.373,3.800,ROP_MAX_SAFETY_STOCK,Intermittent consumption of 0.8 per month over 24 months with a 11-day lead time gives a reorder point of 1.3 against the current 0.572.,APPROVED,2026-05-23
REC-001639,000000000010001041,2000,MCC Feeder Circuit Breaker 250MM METSO,NORMAL,INTERMITTENT,7,52,11.698,8.000,5.531,3.800,26.750,15.400,ROP_MAX_SAFETY_STOCK,Intermittent consumption of 2.5 per month over 24 months with a 52-day lead time gives a reorder point of 8 against the current 11.698.,PROPOSED,2026-07-02
REC-001640,000000000010001041,1000,MCC Feeder Circuit Breaker 250MM METSO,NORMAL,INTERMITTENT,5,52,2.338,3.300,1.337,1.900,9.162,5.800,ROP_MAX_SAFETY_STOCK,Intermittent consumption of 0.8 per month over 24 months with a 52-day lead time gives a reorder point of 3.3 against the current 2.338.,REJECTED,2026-07-16
REC-001641,000000000080000228,4000,Ball Mill Gearbox Assembly TYPE B SKF,IMPACT,INTERMITTENT,6,42,15.490,9.400,9.711,5.900,27.804,17.000,ROP_MAX_SAFETY_STOCK,Intermittent consumption of 2.5 per month over 24 months with a 42-day lead time gives a reorder point of 9.4 against the current 15.49.,APPROVED,2026-05-19
REC-001642,000000000010001042,1000,Apron Feeder Gear Reducer 150MM SIEMENS,CRITICAL,SLOW,1,75,1.615,1.400,1.259,1.100,2.344,1.800,ROP_MAX_SAFETY_STOCK,Slow consumption of 0.1 per month over 24 months with a 75-day lead time gives a reorder point of 1.4 against the current 1.615.,PROPOSED,2026-08-13
REC-001643,000000000010001043,2000,Valve Assembly 250KW KSB,INSURANCE,REGULAR,12,89,117.346,102.100,20.123,17.500,336.432,188.800,ROP_MAX_SAFETY_STOCK,Regular consumption of 28.9 per month over 24 months with a 89-day lead time gives a reorder point of 102.1 against the current 117.346.,PROPOSED,2026-06-13
REC-001644,000000000010001044,3000,Ball Mill Shell Liner Plate 200MM ABB,NORMAL,INTERMITTENT,4,52,2.825,2.300,1.435,1.200,3.818,4.300,ROP_MAX_SAFETY_STOCK,Intermittent consumption of 0.7 per month over 24 months with a 52-day lead time gives a reorder point of 2.3 against the current 2.825.,HELD,2026-08-01
REC-001645,000000000010001045,3000,Centrifugal Pump Casing 6/4 SKF,NORMAL,SLOW,2,20,0.500,0.400,0.372,0.300,0.897,0.900,ROP_MAX_SAFETY_STOCK,Stock on hand 1 exceeds the current maximum 0.897. Consumption of 0.2 per month supports a maximum of 0.9.,APPROVED,2026-08-09
REC-001646,000000000080000229,2000,Conveyor Drive Gearbox 10/8 KSB,IMPACT,INTERMITTENT,3,24,3.669,4.000,2.795,3.000,11.101,7.600,ROP_MAX_SAFETY_STOCK,Intermittent consumption of 1.2 per month over 24 months with a 24-day lead time gives a reorder point of 4 against the current 3.669.,REJECTED,2026-07-12
REC-001647,000000000080000230,1000,Pressure Transmitter Assembly 250KW FLSM,IMPACT,INTERMITTENT,7,32,2.470,5.900,1.593,3.800,20.119,11.900,ROP_MAX_SAFETY_STOCK,Intermittent consumption of 2.0 per month over 24 months with a 32-day lead time gives a reorder point of 5.9 against the current 2.47.,PROPOSED,2026-07-29
REC-001648,000000000080000230,4000,Pressure Transmitter Assembly 250KW FLSM,IMPACT,INTERMITTENT,7,32,2.262,1.800,1.501,1.200,6.228,3.500,ROP_MAX_SAFETY_STOCK,Intermittent consumption of 0.6 per month over 24 months with a 32-day lead time gives a reorder point of 1.8 against the current 2.262.,APPROVED,2026-08-08
REC-001649,000000000010001046,3000,Crusher Main Shaft Bearing HD KSB,CRITICAL,INTERMITTENT,0,47,4.425,3.500,3.382,2.700,8.922,5.100,ROP_MAX_SAFETY_STOCK,"Stock on hand 0 is below the current reorder point 4.425. At the CRITICAL service level of 98% and a 47-day lead time, the reorder point should be 3.5.",REJECTED,2026-05-23
REC-001650,000000000010001047,2000,Mill Lube Pump Motor 250KW SEW,CRITICAL,INTERMITTENT,7,110,16.845,15.700,8.790,8.200,28.819,21.900,ROP_MAX_SAFETY_STOCK,"Stock on hand 11 is below the current reorder point 16.845. At the CRITICAL service level of 98% and a 110-day lead time, the reorder point should be 15.7.",REJECTED,2026-08-20
REC-001651,000000000010001048,1000,Ventilation Fan Motor DN100 SKF,NORMAL,REGULAR,11,36,34.917,26.200,6.508,4.900,119.827,80.300,ROP_MAX_SAFETY_STOCK,Regular consumption of 18.0 per month over 24 months with a 36-day lead time gives a reorder point of 26.2 against the current 34.917.,HELD,2026-05-13
REC-001652,000000000010001049,4000,MCC Feeder Circuit Breaker TYPE A WEIR,IMPACT,REGULAR,12,56,39.370,26.300,9.161,6.100,98.935,59.300,ROP_MAX_SAFETY_STOCK,Regular consumption of 11.0 per month over 24 months with a 56-day lead time gives a reorder point of 26.3 against the current 39.37.,PROPOSED,2026-08-02
REC-001653,000000000010001050,1000,Conveyor Drive Gearbox 250KW FLSM,CRITICAL,INTERMITTENT,0,59,14.978,11.000,9.667,7.100,14.978,17.000,ROP_MAX_SAFETY_STOCK,"Stock on hand 0 is below the current reorder point 14.978. At the CRITICAL service level of 98% and a 59-day lead time, the reorder point should be 11.",APPROVED,2026-08-22
REC-001654,000000000010001052,2000,Flow Meter Sensor Head 6/4 FLSM,CRITICAL,INTERMITTENT,8,33,3.407,3.400,2.420,2.400,6.476,6.200,ROP_MAX_SAFETY_STOCK,"Stock on hand 2 is below the current reorder point 3.407. At the CRITICAL service level of 98% and a 33-day lead time, the reorder point should be 3.4.",HELD,2026-07-25
REC-001655,000000000010001053,1000,Ball Mill Shell Liner Plate HD ABB,CRITICAL,INTERMITTENT,6,199,22.983,13.800,8.439,5.100,22.983,17.800,ROP_MAX_SAFETY_STOCK,Stock on hand 28 exceeds the current maximum 22.983. Consumption of 1.3 per month supports a maximum of 17.8.,PROPOSED,2026-06-01
REC-001656,000000000010001054,1000,Slurry Pump Mechanical Seal TYPE A SKF,IMPACT,INTERMITTENT,6,46,5.052,6.500,3.285,4.200,11.235,11.000,ROP_MAX_SAFETY_STOCK,"Stock on hand 3 is below the current reorder point 5.052. At the IMPACT service level of 95% and a 46-day lead time, the reorder point should be 6.5.",APPROVED,2026-08-18
REC-001657,000000000080000231,1000,Thickener Rake Seal Kit 6/4 MULTOTEC,NORMAL,INTERMITTENT,2,57,0.839,2.000,0.472,1.100,3.335,3.400,ROP_MAX_SAFETY_STOCK,Intermittent consumption of 0.5 per month over 24 months with a 57-day lead time gives a reorder point of 2 against the current 0.839.,APPROVED,2026-08-23
REC-001658,000000000010001056,4000,Slurry Pump Mechanical Seal 200MM METSO,NORMAL,SLOW,2,32,0.933,0.600,0.623,0.400,0.952,1.200,ROP_MAX_SAFETY_STOCK,Stock on hand 1 exceeds the current maximum 0.952. Consumption of 0.2 per month supports a maximum of 1.2.,APPROVED,2026-07-20
REC-001659,000000000010001057,2000,Mill Lube Pump Motor 6/4 METSO,NORMAL,SLOW,3,7,0.253,0.200,0.210,0.200,1.130,0.700,ROP_MAX_SAFETY_STOCK,Slow consumption of 0.2 per month over 24 months with a 7-day lead time gives a reorder point of 0.2 against the current 0.253.,REJECTED,2026-06-18
REC-001660,000000000010001057,3000,Mill Lube Pump Motor 6/4 METSO,NORMAL,SLOW,0,7,0.159,0.400,0.135,0.300,1.175,1.100,ROP_MAX_SAFETY_STOCK,Slow consumption of 0.2 per month over 24 months with a 7-day lead time gives a reorder point of 0.4 against the current 0.159.,PROPOSED,2026-08-29
REC-001661,000000000010001058,3000,Apron Feeder Gear Reducer 10/8 SANDVIK,NORMAL,INTERMITTENT,7,19,2.363,3.100,1.393,1.800,9.816,9.200,ROP_MAX_SAFETY_STOCK,Intermittent consumption of 2.0 per month over 24 months with a 19-day lead time gives a reorder point of 3.1 against the current 2.363.,PROPOSED,2026-05-31
REC-001662,000000000010001059,1000,Ball Mill Trunnion Bearing DN150 SANDVIK,INSURANCE,INTERMITTENT,6,203,5.847,5.000,1.967,1.700,6.359,6.500,ROP_MAX_SAFETY_STOCK,"Stock on hand 2 is below the current reorder point 5.847. At the INSURANCE service level of 90% and a 203-day lead time, the reorder point should be 5.",PROPOSED,2026-08-08
REC-001663,000000000010001059,4000,Ball Mill Trunnion Bearing DN150 SANDVIK,INSURANCE,INTERMITTENT,7,203,14.077,16.700,4.223,5.000,35.071,21.900,ROP_MAX_SAFETY_STOCK,Intermittent consumption of 1.8 per month over 24 months with a 203-day lead time gives a reorder point of 16.7 against the current 14.077.,PROPOSED,2026-07-03
REC-001664,000000000010001060,4000,Vertical Sump Pump Column HD MULTOTEC,NORMAL,SLOW,1,45,0.390,0.600,0.272,0.400,0.889,1.000,ROP_MAX_SAFETY_STOCK,Stock on hand 1 exceeds the current maximum 0.889. Consumption of 0.1 per month supports a maximum of 1.,REJECTED,2026-07-13
REC-001665,000000000010001061,4000,Hydraulic Power Pack 110KW SEW,NORMAL,REGULAR,11,27,38.904,22.000,7.672,4.300,108.661,81.900,ROP_MAX_SAFETY_STOCK,Stock on hand 109 exceeds the current maximum 108.661. Consumption of 20.0 per month supports a maximum of 81.9.,APPROVED,2026-08-07
REC-001666,000000000010001061,2000,Hydraulic Power Pack 110KW SEW,NORMAL,REGULAR,9,27,14.803,14.100,3.758,3.600,72.806,49.500,ROP_MAX_SAFETY_STOCK,Regular consumption of 11.8 per month over 24 months with a 27-day lead time gives a reorder point of 14.1 against the current 14.803.,APPROVED,2026-06-25
REC-001667,000000000010001063,2000,Soft Starter Power Module DN150 SIEMENS,CRITICAL,INTERMITTENT,0,72,3.298,7.400,2.155,4.800,10.580,10.700,ROP_MAX_SAFETY_STOCK,"Stock on hand 0 is below the current reorder point 3.298. At the CRITICAL service level of 98% and a 72-day lead time, the reorder point should be 7.4.",HELD,2026-06-18
REC-001668,000000000010001063,1000,Soft Starter Power Module DN150 SIEMENS,CRITICAL,INTERMITTENT,0,72,6.356,7.600,4.039,4.800,18.105,11.100,ROP_MAX_SAFETY_STOCK,"Stock on hand 0 is below the current reorder point 6.356. At the CRITICAL service level of 98% and a 72-day lead time, the reorder point should be 7.6.",PROPOSED,2026-08-03
REC-001669,000000000010001064,3000,MCC Feeder Circuit Breaker 250MM SIEMENS,IMPACT,INTERMITTENT,2,7,0.507,0.900,0.437,0.800,2.927,2.500,ROP_MAX_SAFETY_STOCK,Intermittent consumption of 0.5 per month over 24 months with a 7-day lead time gives a reorder point of 0.9 against the current 0.507.,APPROVED,2026-07-22
REC-001670,000000000010001065,4000,Slurry Pump Wet End Assembly 200MM,IMPACT,INTERMITTENT,4,19,3.110,1.800,2.239,1.300,6.468,4.200,ROP_MAX_SAFETY_STOCK,Intermittent consumption of 0.8 per month over 24 months with a 19-day lead time gives a reorder point of 1.8 against the current 3.11.,APPROVED,2026-08-13
REC-001671,000000000010001067,3000,Soft Starter Power Module DN150 METSO,IMPACT,REGULAR,12,25,23.545,44.200,6.378,12.000,231.481,161.900,ROP_MAX_SAFETY_STOCK,Regular consumption of 39.2 per month over 24 months with a 25-day lead time gives a reorder point of 44.2 against the current 23.545.,PROPOSED,2026-06-10
REC-001672,000000000010001068,3000,Conveyor Drive Motor 200MM METSO,NORMAL,REGULAR,10,59,71.353,48.300,9.601,6.500,103.082,112.900,ROP_MAX_SAFETY_STOCK,Stock on hand 128 exceeds the current maximum 103.082. Consumption of 21.5 per month supports a maximum of 112.9.,HELD,2026-08-31
REC-001673,000000000010001069,1000,Level Radar Transmitter 6/4 SANDVIK,INSURANCE,INTERMITTENT,6,159,2.964,6.300,1.327,2.800,11.622,8.300,ROP_MAX_SAFETY_STOCK,"Stock on hand 0 is below the current reorder point 2.964. At the INSURANCE service level of 90% and a 159-day lead time, the reorder point should be 6.3.",PROPOSED,2026-07-25
REC-001674,000000000010001070,3000,Crusher Hydroset Cylinder 200MM ABB,CRITICAL,REGULAR,11,89,72.913,44.700,16.241,10.000,121.830,80.300,ROP_MAX_SAFETY_STOCK,"Stock on hand 69 is below the current reorder point 72.913. At the CRITICAL service level of 98% and a 89-day lead time, the reorder point should be 44.7.",APPROVED,2026-08-09
REC-001675,000000000010001070,4000,Crusher Hydroset Cylinder 200MM ABB,CRITICAL,REGULAR,11,89,38.778,91.300,10.424,24.500,241.556,159.800,ROP_MAX_SAFETY_STOCK,"Stock on hand 36 is below the current reorder point 38.778. At the CRITICAL service level of 98% and a 89-day lead time, the reorder point should be 91.3.",PROPOSED,2026-07-09
REC-001676,000000000010001071,2000,Slurry Pump Mechanical Seal 150MM WEIR,INSURANCE,INTERMITTENT,2,94,5.607,4.400,3.440,2.700,6.259,6.000,ROP_MAX_SAFETY_STOCK,Intermittent consumption of 0.5 per month over 24 months with a 94-day lead time gives a reorder point of 4.4 against the current 5.607.,PROPOSED,2026-08-07
REC-001677,000000000080000232,2000,Hydraulic Power Pack 55KW WEIR,IMPACT,INTERMITTENT,3,17,3.279,3.800,2.604,3.000,5.912,7.900,ROP_MAX_SAFETY_STOCK,Intermittent consumption of 1.4 per month over 24 months with a 17-day lead time gives a reorder point of 3.8 against the current 3.279.,REJECTED,2026-08-29
REC-001678,000000000080000233,3000,Conveyor Drive Motor 150MM FLSM,CRITICAL,INTERMITTENT,7,93,13.015,12.400,7.276,6.900,14.667,17.800,ROP_MAX_SAFETY_STOCK,"Stock on hand 7 is below the current reorder point 13.015. At the CRITICAL service level of 98% and a 93-day lead time, the reorder point should be 12.4.",HELD,2026-08-01
REC-001679,000000000010001073,2000,Spherical Roller Bearing 150MM ABB,NORMAL,INTERMITTENT,5,34,1.081,1.600,0.609,0.900,3.732,3.500,ROP_MAX_SAFETY_STOCK,Intermittent consumption of 0.6 per month over 24 months with a 34-day lead time gives a reorder point of 1.6 against the current 1.081.,APPROVED,2026-07-19
REC-001680,000000000010001074,3000,Pressure Transmitter Assembly 8/6 KSB,INSURANCE,INTERMITTENT,4,187,7.362,14.900,2.408,4.900,23.468,19.800,ROP_MAX_SAFETY_STOCK,Intermittent consumption of 1.6 per month over 24 months with a 187-day lead time gives a reorder point of 14.9 against the current 7.362.,APPROVED,2026-05-21
REC-001681,000000000010001075,4000,Variable Speed Drive Unit 110KW SIEMENS,INSURANCE,INTERMITTENT,7,135,3.566,2.800,1.669,1.300,4.903,3.800,ROP_MAX_SAFETY_STOCK,"Stock on hand 0 is below the current reorder point 3.566. At the INSURANCE service level of 90% and a 135-day lead time, the reorder point should be 2.8.",PROPOSED,2026-06-10
REC-001682,000000000080000234,2000,Pressure Transmitter Assembly 200MM KSB,NORMAL,INTERMITTENT,7,24,4.409,3.100,2.404,1.700,12.411,8.500,ROP_MAX_SAFETY_STOCK,Intermittent consumption of 1.8 per month over 24 months with a 24-day lead time gives a reorder point of 3.1 against the current 4.409.,APPROVED,2026-07-22
REC-001683,000000000080000234,4000,Pressure Transmitter Assembly 200MM KSB,NORMAL,INTERMITTENT,4,24,4.772,2.700,3.176,1.800,9.383,6.100,ROP_MAX_SAFETY_STOCK,Intermittent consumption of 1.1 per month over 24 months with a 24-day lead time gives a reorder point of 2.7 against the current 4.772.,APPROVED,2026-07-21
REC-001684,000000000080000235,3000,Apron Feeder Gear Reducer TYPE B FLSM,CRITICAL,INTERMITTENT,4,97,6.194,10.300,4.194,7.000,20.401,13.400,ROP_MAX_SAFETY_STOCK,"Stock on hand 4 is below the current reorder point 6.194. At the CRITICAL service level of 98% and a 97-day lead time, the reorder point should be 10.3.",HELD,2026-06-15
REC-001685,000000000010001076,4000,Slurry Pump Mechanical Seal 8/6 SEW,INSURANCE,INTERMITTENT,8,128,23.045,18.400,8.348,6.700,23.045,26.800,ROP_MAX_SAFETY_STOCK,"Stock on hand 0 is below the current reorder point 23.045. At the INSURANCE service level of 90% and a 128-day lead time, the reorder point should be 18.4.",PROPOSED,2026-08-02
REC-001686,000000000010001077,2000,Thickener Rake Drive Gearbox HD SIEMENS,CRITICAL,SLOW,2,39,1.168,1.100,0.941,0.900,1.183,1.600,ROP_MAX_SAFETY_STOCK,Stock on hand 2 exceeds the current maximum 1.183. Consumption of 0.2 per month supports a maximum of 1.6.,REJECTED,2026-07-11
REC-001687,000000000010001079,4000,MCC Feeder Circuit Breaker DN150 SANDVIK,IMPACT,REGULAR,12,60,108.240,97.400,27.235,24.500,246.973,208.300,ROP_MAX_SAFETY_STOCK,"Stock on hand 52 is below the current reorder point 108.24. At the IMPACT service level of 95% and a 60-day lead time, the reorder point should be 97.4.",PROPOSED,2026-08-23
REC-001688,000000000010001080,3000,Ball Mill Trunnion Bearing 250KW KSB,INSURANCE,INTERMITTENT,5,225,19.647,11.000,6.387,3.600,19.647,14.000,ROP_MAX_SAFETY_STOCK,"Stock on hand 19 is below the current reorder point 19.647. At the INSURANCE service level of 90% and a 225-day lead time, the reorder point should be 11.",PROPOSED,2026-07-18
REC-001689,000000000010001081,1000,MCC Feeder Circuit Breaker TYPE A SKF,CRITICAL,INTERMITTENT,0,143,9.758,11.100,5.093,5.800,18.645,14.500,ROP_MAX_SAFETY_STOCK,"Stock on hand 0 is below the current reorder point 9.758. At the CRITICAL service level of 98% and a 143-day lead time, the reorder point should be 11.1.",APPROVED,2026-07-12
REC-001690,000000000010001082,1000,Ventilation Fan Motor 110KW SANDVIK,IMPACT,REGULAR,10,37,48.111,67.700,14.853,20.900,171.259,183.100,ROP_MAX_SAFETY_STOCK,Regular consumption of 38.5 per month over 24 months with a 37-day lead time gives a reorder point of 67.7 against the current 48.111.,PROPOSED,2026-07-07
REC-001691,000000000010001083,4000,Belt Scraper Blade Cartridge 110KW SKF,IMPACT,INTERMITTENT,3,53,8.179,5.500,5.689,3.800,11.046,8.400,ROP_MAX_SAFETY_STOCK,Intermittent consumption of 1.0 per month over 24 months with a 53-day lead time gives a reorder point of 5.5 against the current 8.179.,HELD,2026-07-08
REC-001692,000000000010001084,1000,Conveyor Pulley Bearing 10/8 ABB,INSURANCE,REGULAR,11,75,41.280,54.400,5.828,7.700,149.281,111.300,ROP_MAX_SAFETY_STOCK,"Stock on hand 13 is below the current reorder point 41.28. At the INSURANCE service level of 90% and a 75-day lead time, the reorder point should be 54.4.",APPROVED,2026-08-15
REC-001693,000000000010001085,2000,Ball Mill Gearbox Assembly 8/6 SIEMENS,CRITICAL,INTERMITTENT,2,81,8.346,8.300,6.023,6.000,11.066,10.900,ROP_MAX_SAFETY_STOCK,"Stock on hand 8 is below the current reorder point 8.346. At the CRITICAL service level of 98% and a 81-day lead time, the reorder point should be 8.3.",HELD,2026-06-16
REC-001694,000000000010001085,1000,Ball Mill Gearbox Assembly 8/6 SIEMENS,CRITICAL,INTERMITTENT,3,81,9.515,6.100,6.721,4.300,11.350,8.100,ROP_MAX_SAFETY_STOCK,Stock on hand 14 exceeds the current maximum 11.35. Consumption of 0.7 per month supports a maximum of 8.1.,PROPOSED,2026-05-16
REC-001695,000000000010001086,1000,Flow Meter Sensor Head HD SIEMENS,CRITICAL,INTERMITTENT,0,142,6.505,5.800,3.886,3.500,8.871,7.300,ROP_MAX_SAFETY_STOCK,"Stock on hand 0 is below the current reorder point 6.505. At the CRITICAL service level of 98% and a 142-day lead time, the reorder point should be 5.8.",HELD,2026-06-14
REC-001696,000000000010001087,3000,Flotation Cell Impeller 110KW SIEMENS,CRITICAL,INTERMITTENT,6,191,4.357,5.200,2.169,2.600,10.322,6.500,ROP_MAX_SAFETY_STOCK,Intermittent consumption of 0.4 per month over 24 months with a 191-day lead time gives a reorder point of 5.2 against the current 4.357.,APPROVED,2026-09-01
REC-001697,000000000010001087,4000,Flotation Cell Impeller 110KW SIEMENS,CRITICAL,INTERMITTENT,6,191,5.132,6.300,2.127,2.600,8.010,8.100,ROP_MAX_SAFETY_STOCK,"Stock on hand 2 is below the current reorder point 5.132. At the CRITICAL service level of 98% and a 191-day lead time, the reorder point should be 6.3.",APPROVED,2026-07-17
REC-001698,000000000010001088,2000,Apron Feeder Gear Reducer 200MM FLSM,IMPACT,INTERMITTENT,3,17,3.147,1.800,2.410,1.400,4.922,4.000,ROP_MAX_SAFETY_STOCK,Stock on hand 5 exceeds the current maximum 4.922. Consumption of 0.8 per month supports a maximum of 4.,PROPOSED,2026-06-08
REC-001699,000000000010001089,1000,Conveyor Drive Gearbox 8/6 SIEMENS,IMPACT,REGULAR,10,16,13.337,22.700,4.038,6.900,97.347,113.100,ROP_MAX_SAFETY_STOCK,Regular consumption of 30.1 per month over 24 months with a 16-day lead time gives a reorder point of 22.7 against the current 13.337.,APPROVED,2026-07-04
REC-001700,000000000010001089,2000,Conveyor Drive Gearbox 8/6 SIEMENS,IMPACT,REGULAR,10,16,17.289,22.400,6.786,8.800,165.067,100.300,ROP_MAX_SAFETY_STOCK,Regular consumption of 26.0 per month over 24 months with a 16-day lead time gives a reorder point of 22.4 against the current 17.289.,HELD,2026-06-16
REC-001701,000000000010001090,4000,Pump Impeller TYPE B SEW,INSURANCE,INTERMITTENT,4,123,8.506,5.800,4.059,2.800,11.227,8.100,ROP_MAX_SAFETY_STOCK,"Stock on hand 8 is below the current reorder point 8.506. At the INSURANCE service level of 90% and a 123-day lead time, the reorder point should be 5.8.",REJECTED,2026-07-22
REC-001702,000000000010001091,3000,Apron Feeder Gear Reducer 200MM SANDVIK,IMPACT,REGULAR,11,9,10.433,10.800,4.566,4.700,107.794,72.400,ROP_MAX_SAFETY_STOCK,Regular consumption of 20.5 per month over 24 months with a 9-day lead time gives a reorder point of 10.8 against the current 10.433.,APPROVED,2026-07-09
REC-001703,000000000010001092,1000,Crusher Hydroset Cylinder 250KW WEIR,NORMAL,INTERMITTENT,6,40,3.843,5.500,2.019,2.900,9.845,11.500,ROP_MAX_SAFETY_STOCK,"Stock on hand 2 is below the current reorder point 3.843. At the NORMAL service level of 85% and a 40-day lead time, the reorder point should be 5.5.",APPROVED,2026-05-16
REC-001704,000000000080000236,3000,Conveyor Idler Roller Set HD MULTOTEC,IMPACT,INTERMITTENT,2,30,5.142,4.700,3.707,3.400,7.415,8.700,ROP_MAX_SAFETY_STOCK,Stock on hand 8 exceeds the current maximum 7.415. Consumption of 1.3 per month supports a maximum of 8.7.,PROPOSED,2026-08-30
REC-001705,000000000010001093,4000,Cyclone Apex Liner TYPE A MULTOTEC,NORMAL,INTERMITTENT,4,16,2.056,1.300,1.398,0.900,5.979,3.800,ROP_MAX_SAFETY_STOCK,Stock on hand 6 exceeds the current maximum 5.979. Consumption of 0.8 per month supports a maximum of 3.8.,REJECTED,2026-08-17
REC-001706,000000000010001094,1000,Ball Mill Trunnion Bearing 55KW FLSM,NORMAL,REGULAR,11,46,55.812,44.000,9.376,7.400,194.995,116.800,ROP_MAX_SAFETY_STOCK,Regular consumption of 24.2 per month over 24 months with a 46-day lead time gives a reorder point of 44 against the current 55.812.,HELD,2026-07-05
REC-001707,000000000080000237,2000,Conveyor Drive Gearbox 6/4 WEIR,IMPACT,INTERMITTENT,8,40,12.442,7.100,7.226,4.100,18.727,13.800,ROP_MAX_SAFETY_STOCK,"Stock on hand 12 is below the current reorder point 12.442. At the IMPACT service level of 95% and a 40-day lead time, the reorder point should be 7.1.",REJECTED,2026-07-30
REC-001708,000000000010001096,4000,Level Radar Transmitter 200MM METSO,NORMAL,INTERMITTENT,1,59,1.227,2.900,0.684,1.600,5.682,4.900,ROP_MAX_SAFETY_STOCK,Intermittent consumption of 0.7 per month over 24 months with a 59-day lead time gives a reorder point of 2.9 against the current 1.227.,HELD,2026-06-01
REC-001709,000000000010001096,3000,Level Radar Transmitter 200MM METSO,NORMAL,INTERMITTENT,4,59,6.895,4.300,3.679,2.300,10.770,7.400,ROP_MAX_SAFETY_STOCK,Intermittent consumption of 1.0 per month over 24 months with a 59-day lead time gives a reorder point of 4.3 against the current 6.895.,APPROVED,2026-05-10
REC-001710,000000000010001097,1000,Thickener Rake Drive Gearbox HD,INSURANCE,SLOW,1,84,0.705,0.800,0.510,0.600,1.855,1.100,ROP_MAX_SAFETY_STOCK,Stock on hand 3 exceeds the current maximum 1.855. Consumption of 0.1 per month supports a maximum of 1.1.,PROPOSED,2026-05-19
REC-001711,000000000080000238,4000,Soft Starter Power Module TYPE A FLSM,CRITICAL,INTERMITTENT,3,104,6.379,4.700,4.046,3.000,9.131,6.200,ROP_MAX_SAFETY_STOCK,Stock on hand 11 exceeds the current maximum 9.131. Consumption of 0.5 per month supports a maximum of 6.2.,PROPOSED,2026-08-27
REC-001712,000000000010001098,1000,Conveyor Take-Up Pulley HD SKF,INSURANCE,INTERMITTENT,5,35,1.326,1.400,0.865,0.900,2.624,2.600,ROP_MAX_SAFETY_STOCK,Stock on hand 3 exceeds the current maximum 2.624. Consumption of 0.4 per month supports a maximum of 2.6.,REJECTED,2026-08-01
REC-001713,000000000010001098,2000,Conveyor Take-Up Pulley HD SKF,INSURANCE,INTERMITTENT,5,35,2.890,4.400,1.776,2.700,10.988,8.900,ROP_MAX_SAFETY_STOCK,Stock on hand 11 exceeds the current maximum 10.988. Consumption of 1.5 per month supports a maximum of 8.9.,APPROVED,2026-08-24
REC-001714,000000000080000239,2000,Thickener Rake Drive Gearbox 150MM SEW,NORMAL,INTERMITTENT,4,17,1.121,2.700,0.720,1.700,8.522,7.800,ROP_MAX_SAFETY_STOCK,Intermittent consumption of 1.7 per month over 24 months with a 17-day lead time gives a reorder point of 2.7 against the current 1.121.,REJECTED,2026-05-27
REC-001715,000000000010001099,3000,Ball Mill Gearbox Assembly 200MM ABB,INSURANCE,INTERMITTENT,8,218,9.421,5.900,2.756,1.700,12.758,7.700,ROP_MAX_SAFETY_STOCK,"Stock on hand 4 is below the current reorder point 9.421. At the INSURANCE service level of 90% and a 218-day lead time, the reorder point should be 5.9.",APPROVED,2026-05-14
REC-001716,000000000080000240,4000,Flotation Cell Impeller 250MM KSB,NORMAL,INTERMITTENT,6,27,3.300,4.100,1.693,2.100,12.585,11.000,ROP_MAX_SAFETY_STOCK,Intermittent consumption of 2.3 per month over 24 months with a 27-day lead time gives a reorder point of 4.1 against the current 3.3.,REJECTED,2026-07-21
REC-001717,000000000080000241,1000,Slurry Density Transmitter 6/4 METSO,CRITICAL,INTERMITTENT,5,78,13.624,13.600,8.599,8.600,13.897,19.500,ROP_MAX_SAFETY_STOCK,"Stock on hand 13 is below the current reorder point 13.624. At the CRITICAL service level of 98% and a 78-day lead time, the reorder point should be 13.6.",APPROVED,2026-07-11
REC-001718,000000000010001100,2000,Screen Exciter Bearing 110KW MULTOTEC,INSURANCE,INTERMITTENT,6,129,2.519,3.800,0.881,1.300,5.524,5.500,ROP_MAX_SAFETY_STOCK,"Stock on hand 2 is below the current reorder point 2.519. At the INSURANCE service level of 90% and a 129-day lead time, the reorder point should be 3.8.",APPROVED,2026-08-02
REC-001719,000000000030000263,4000,Conveyor Take-Up Pulley 250MM SANDVIK,IMPACT,ON_DEMAND,1,11,0.000,1.400,0.000,1.100,0.000,3.500,OAR_TO_MIN_MAX,This OAR material is classified IMPACT on the critical parts list. Recommend Min-Max management with a reorder point of 1.4 and a maximum of 3.5.,REJECTED,2026-08-18
REC-001720,000000000010001103,4000,Skirt Rubber Liner Section 250MM WEIR,INSURANCE,INTERMITTENT,3,104,3.733,4.700,1.804,2.300,5.985,6.800,ROP_MAX_SAFETY_STOCK,"Stock on hand 0 is below the current reorder point 3.733. At the INSURANCE service level of 90% and a 104-day lead time, the reorder point should be 4.7.",APPROVED,2026-07-26
REC-001721,000000000010001104,2000,Flotation Blower Motor DN100 SKF,NORMAL,INTERMITTENT,3,59,4.048,7.200,2.023,3.600,12.699,12.700,ROP_MAX_SAFETY_STOCK,Intermittent consumption of 1.8 per month over 24 months with a 59-day lead time gives a reorder point of 7.2 against the current 4.048.,REJECTED,2026-08-16
REC-001722,000000000010001105,4000,Flotation Cell Impeller TYPE A WEIR,CRITICAL,INTERMITTENT,0,55,11.976,9.300,8.210,6.400,21.723,14.200,ROP_MAX_SAFETY_STOCK,"Stock on hand 0 is below the current reorder point 11.976. At the CRITICAL service level of 98% and a 55-day lead time, the reorder point should be 9.3.",HELD,2026-06-29
REC-001723,000000000010001106,3000,Cyclone Apex Liner 150MM SKF,CRITICAL,INTERMITTENT,8,149,7.555,5.200,3.361,2.300,11.499,7.000,ROP_MAX_SAFETY_STOCK,"Stock on hand 6 is below the current reorder point 7.555. At the CRITICAL service level of 98% and a 149-day lead time, the reorder point should be 5.2.",PROPOSED,2026-07-08
REC-001724,000000000010001107,3000,Centrifugal Pump Casing 8/6 METSO,CRITICAL,INTERMITTENT,0,79,3.411,4.600,2.378,3.200,7.394,6.200,ROP_MAX_SAFETY_STOCK,"Stock on hand 0 is below the current reorder point 3.411. At the CRITICAL service level of 98% and a 79-day lead time, the reorder point should be 4.6.",APPROVED,2026-08-13
REC-001725,000000000010001108,2000,Ball Mill Shell Liner Plate HD WEIR,CRITICAL,INTERMITTENT,0,125,15.069,17.400,9.016,10.400,17.891,22.500,ROP_MAX_SAFETY_STOCK,"Stock on hand 0 is below the current reorder point 15.069. At the CRITICAL service level of 98% and a 125-day lead time, the reorder point should be 17.4.",APPROVED,2026-05-17
REC-001726,000000000010001109,4000,Skirt Rubber Liner Section HD MULTOTEC,NORMAL,INTERMITTENT,6,14,2.674,2.600,1.658,1.600,7.474,9.100,ROP_MAX_SAFETY_STOCK,Intermittent consumption of 2.2 per month over 24 months with a 14-day lead time gives a reorder point of 2.6 against the current 2.674.,APPROVED,2026-06-23
REC-001727,000000000010001109,2000,Skirt Rubber Liner Section HD MULTOTEC,NORMAL,INTERMITTENT,3,14,1.223,1.800,0.857,1.300,9.357,5.300,ROP_MAX_SAFETY_STOCK,Intermittent consumption of 1.2 per month over 24 months with a 14-day lead time gives a reorder point of 1.8 against the current 1.223.,APPROVED,2026-06-24
REC-001728,000000000010001110,4000,Thickener Rake Drive Gearbox 150MM SKF,INSURANCE,INTERMITTENT,2,86,1.920,4.600,1.081,2.600,9.261,6.700,ROP_MAX_SAFETY_STOCK,"Stock on hand 0 is below the current reorder point 1.92. At the INSURANCE service level of 90% and a 86-day lead time, the reorder point should be 4.6.",REJECTED,2026-06-09
REC-001729,000000000090000066,2000,Mill Liner 55KW SIEMENS,OBSOLETE,NO_DEMAND,0,17,0.000,,0.000,,1.000,,NO_SAFETY_STOCK,Obsolete material: no safety stock recommended. Candidate for stock reduction review.,PROPOSED,2026-08-04
REC-001730,000000000090000066,1000,Mill Liner 55KW SIEMENS,OBSOLETE,NO_DEMAND,0,17,0.000,,0.000,,1.000,,NO_SAFETY_STOCK,Obsolete material: no safety stock recommended. Candidate for stock reduction review.,PROPOSED,2026-08-02
REC-001731,000000000010001112,2000,Thickener Rake Drive Gearbox TYPE B,INSURANCE,SLOW,1,94,1.527,1.200,1.013,0.800,1.527,1.600,ROP_MAX_SAFETY_STOCK,"Stock on hand 1 is below the current reorder point 1.527. At the INSURANCE service level of 90% and a 94-day lead time, the reorder point should be 1.2.",APPROVED,2026-05-26
REC-001732,000000000010001113,2000,Cyclone Apex Liner DN100 FLSM,NORMAL,REGULAR,12,8,12.901,8.900,4.241,2.900,92.113,77.500,ROP_MAX_SAFETY_STOCK,Regular consumption of 22.9 per month over 24 months with a 8-day lead time gives a reorder point of 8.9 against the current 12.901.,APPROVED,2026-08-03
REC-001733,000000000030000268,3000,Pump Impeller 8/6 SEW,CRITICAL,ON_DEMAND,1,79,0.000,8.800,0.000,5.600,0.000,12.600,OAR_TO_MIN_MAX,This OAR material is classified CRITICAL on the critical parts list. Recommend Min-Max management with a reorder point of 8.8 and a maximum of 12.6.,PROPOSED,2026-07-11
REC-001734,000000000030000268,1000,Pump Impeller 8/6 SEW,CRITICAL,ON_DEMAND,1,79,0.000,9.600,0.000,5.500,0.000,14.300,OAR_TO_MIN_MAX,This OAR material is classified CRITICAL on the critical parts list. Recommend Min-Max management with a reorder point of 9.6 and a maximum of 14.3.,APPROVED,2026-07-10
REC-001735,000000000010001114,3000,Flow Meter Sensor Head DN150 KSB,CRITICAL,REGULAR,11,40,85.930,57.700,23.241,15.600,158.332,153.800,ROP_MAX_SAFETY_STOCK,Regular consumption of 32.0 per month over 24 months with a 40-day lead time gives a reorder point of 57.7 against the current 85.93.,APPROVED,2026-07-12
REC-001736,000000000010001115,4000,Ball Mill Shell Liner Plate 55KW,NORMAL,INTERMITTENT,3,50,8.994,5.900,4.699,3.100,18.136,11.000,ROP_MAX_SAFETY_STOCK,Intermittent consumption of 1.7 per month over 24 months with a 50-day lead time gives a reorder point of 5.9 against the current 8.994.,APPROVED,2026-07-31
REC-001737,000000000010001115,3000,Ball Mill Shell Liner Plate 55KW,NORMAL,INTERMITTENT,4,50,3.160,4.400,1.632,2.300,11.639,8.300,ROP_MAX_SAFETY_STOCK,Intermittent consumption of 1.3 per month over 24 months with a 50-day lead time gives a reorder point of 4.4 against the current 3.16.,PROPOSED,2026-07-23
REC-001738,000000000010001116,2000,Slurry Density Transmitter 150MM WEIR,IMPACT,INTERMITTENT,7,38,9.672,7.600,6.085,4.800,10.162,14.300,ROP_MAX_SAFETY_STOCK,Stock on hand 13 exceeds the current maximum 10.162. Consumption of 2.2 per month supports a maximum of 14.3.,APPROVED,2026-07-31
REC-001739,000000000010001117,1000,PLC Digital Output Card DN100 SIEMENS,NORMAL,INTERMITTENT,5,53,2.201,2.700,1.256,1.500,5.762,4.700,ROP_MAX_SAFETY_STOCK,"Stock on hand 0 is below the current reorder point 2.201. At the NORMAL service level of 85% and a 53-day lead time, the reorder point should be 2.7.",REJECTED,2026-08-15
REC-001740,000000000010001118,4000,Ball Mill Shell Liner Plate 8/6,NORMAL,INTERMITTENT,7,36,7.571,5.100,3.851,2.600,18.184,11.300,ROP_MAX_SAFETY_STOCK,Intermittent consumption of 2.1 per month over 24 months with a 36-day lead time gives a reorder point of 5.1 against the current 7.571.,REJECTED,2026-08-25
REC-001741,000000000010001119,1000,MCC Feeder Circuit Breaker 10/8 SKF,NORMAL,INTERMITTENT,3,14,1.149,1.700,0.759,1.100,8.152,5.500,ROP_MAX_SAFETY_STOCK,Intermittent consumption of 1.2 per month over 24 months with a 14-day lead time gives a reorder point of 1.7 against the current 1.149.,APPROVED,2026-07-26
REC-001742,000000000090000067,4000,Flow Meter Sensor Head 6/4 ABB,OBSOLETE,NO_DEMAND,0,27,0.000,,0.000,,1.000,,NO_SAFETY_STOCK,Obsolete material: no safety stock recommended. Candidate for stock reduction review.,APPROVED,2026-07-27
REC-001743,000000000090000067,2000,Flow Meter Sensor Head 6/4 ABB,OBSOLETE,NO_DEMAND,0,27,0.000,,0.000,,1.000,,NO_SAFETY_STOCK,Obsolete material: no safety stock recommended. Candidate for stock reduction review.,APPROVED,2026-05-19
REC-001744,000000000010001121,2000,Ball Mill Gearbox Assembly 55KW,IMPACT,SLOW,3,16,0.641,0.600,0.537,0.500,1.710,1.100,ROP_MAX_SAFETY_STOCK,Slow consumption of 0.2 per month over 24 months with a 16-day lead time gives a reorder point of 0.6 against the current 0.641.,HELD,2026-05-23
REC-001745,000000000010001121,3000,Ball Mill Gearbox Assembly 55KW,IMPACT,SLOW,1,16,1.376,0.900,1.183,0.800,1.891,1.600,ROP_MAX_SAFETY_STOCK,Stock on hand 2 exceeds the current maximum 1.891. Consumption of 0.2 per month supports a maximum of 1.6.,APPROVED,2026-05-12
REC-001746,000000000010001122,4000,Screen Exciter Bearing TYPE A METSO,CRITICAL,REGULAR,12,117,166.199,189.100,37.956,43.200,334.059,303.000,ROP_MAX_SAFETY_STOCK,"Stock on hand 97 is below the current reorder point 166.199. At the CRITICAL service level of 98% and a 117-day lead time, the reorder point should be 189.1.",PROPOSED,2026-07-27
REC-001747,000000000010001123,2000,Vertical Sump Pump Column 55KW ABB,NORMAL,SLOW,3,59,1.285,2.000,0.767,1.200,4.326,3.200,ROP_MAX_SAFETY_STOCK,"Stock on hand 0 is below the current reorder point 1.285. At the NORMAL service level of 85% and a 59-day lead time, the reorder point should be 2.",APPROVED,2026-08-20
REC-001748,000000000010001124,4000,Crusher Main Shaft Bearing HD ABB,CRITICAL,INTERMITTENT,4,138,6.232,12.100,3.699,7.200,17.550,15.300,ROP_MAX_SAFETY_STOCK,Intermittent consumption of 1.1 per month over 24 months with a 138-day lead time gives a reorder point of 12.1 against the current 6.232.,APPROVED,2026-06-14
REC-001749,000000000010001125,1000,Centrifugal Pump Casing 250KW KSB,INSURANCE,REGULAR,12,144,208.435,142.600,26.571,18.200,269.567,221.500,ROP_MAX_SAFETY_STOCK,"Stock on hand 78 is below the current reorder point 208.435. At the INSURANCE service level of 90% and a 144-day lead time, the reorder point should be 142.6.",PROPOSED,2026-08-17
REC-001750,000000000010001126,3000,Conveyor Idler Roller Set 250KW SKF,IMPACT,REGULAR,11,20,43.107,27.100,14.962,9.400,174.245,108.000,ROP_MAX_SAFETY_STOCK,Regular consumption of 27.0 per month over 24 months with a 20-day lead time gives a reorder point of 27.1 against the current 43.107.,PROPOSED,2026-06-06
REC-001751,000000000010001127,1000,Belt Scraper Blade Cartridge 8/6 SEW,CRITICAL,INTERMITTENT,0,144,15.514,21.000,8.362,11.300,35.825,27.100,ROP_MAX_SAFETY_STOCK,"Stock on hand 0 is below the current reorder point 15.514. At the CRITICAL service level of 98% and a 144-day lead time, the reorder point should be 21.",REJECTED,2026-05-15
REC-001752,000000000010001127,3000,Belt Scraper Blade Cartridge 8/6 SEW,CRITICAL,INTERMITTENT,0,144,18.471,26.900,9.283,13.500,54.124,35.400,ROP_MAX_SAFETY_STOCK,"Stock on hand 0 is below the current reorder point 18.471. At the CRITICAL service level of 98% and a 144-day lead time, the reorder point should be 26.9.",REJECTED,2026-07-30
REC-001753,000000000010001128,4000,Ball Mill Shell Liner Plate 250MM,INSURANCE,INTERMITTENT,5,184,9.107,8.700,3.340,3.200,11.529,11.400,ROP_MAX_SAFETY_STOCK,Stock on hand 12 exceeds the current maximum 11.529. Consumption of 0.9 per month supports a maximum of 11.4.,REJECTED,2026-08-15
REC-001754,000000000010001129,3000,Pump Impeller 200MM ABB,IMPACT,INTERMITTENT,4,32,2.811,3.300,1.975,2.300,8.624,6.000,ROP_MAX_SAFETY_STOCK,Intermittent consumption of 0.9 per month over 24 months with a 32-day lead time gives a reorder point of 3.3 against the current 2.811.,APPROVED,2026-08-17
REC-001755,000000000010001130,2000,Hydraulic Pump Assembly 55KW WEIR,CRITICAL,SLOW,0,106,2.704,2.600,1.787,1.700,2.704,3.400,ROP_MAX_SAFETY_STOCK,Stock on hand 4 exceeds the current maximum 2.704. Consumption of 0.2 per month supports a maximum of 3.4.,APPROVED,2026-08-15
REC-001756,000000000010001131,3000,Apron Feeder Gear Reducer 250MM ABB,CRITICAL,INTERMITTENT,5,146,5.077,11.000,1.933,4.200,12.312,15.200,ROP_MAX_SAFETY_STOCK,Intermittent consumption of 1.4 per month over 24 months with a 146-day lead time gives a reorder point of 11 against the current 5.077.,REJECTED,2026-08-20
REC-001757,000000000010001132,4000,Slurry Pump Wet End Assembly 150MM,NORMAL,SLOW,5,18,0.524,0.600,0.357,0.400,2.365,1.500,ROP_MAX_SAFETY_STOCK,Slow consumption of 0.3 per month over 24 months with a 18-day lead time gives a reorder point of 0.6 against the current 0.524.,PROPOSED,2026-08-06
REC-001758,000000000010001133,1000,Ball Mill Gearbox Assembly 8/6 SANDVIK,NORMAL,REGULAR,12,18,12.865,7.800,2.694,1.600,37.486,39.300,ROP_MAX_SAFETY_STOCK,Regular consumption of 10.5 per month over 24 months with a 18-day lead time gives a reorder point of 7.8 against the current 12.865.,HELD,2026-08-05
REC-001759,000000000010001133,3000,Ball Mill Gearbox Assembly 8/6 SANDVIK,NORMAL,REGULAR,10,18,17.611,31.100,4.788,8.500,147.298,146.000,ROP_MAX_SAFETY_STOCK,Regular consumption of 38.3 per month over 24 months with a 18-day lead time gives a reorder point of 31.1 against the current 17.611.,APPROVED,2026-08-20
REC-001760,000000000010001134,3000,PLC Digital Output Card 110KW METSO,NORMAL,REGULAR,11,7,13.877,13.600,5.558,5.400,124.190,120.000,ROP_MAX_SAFETY_STOCK,Regular consumption of 35.5 per month over 24 months with a 7-day lead time gives a reorder point of 13.6 against the current 13.877.,APPROVED,2026-06-15
REC-001761,000000000090000068,4000,Conveyor Idler Roller Set 10/8 FLSM,OBSOLETE,NO_DEMAND,0,54,0.000,,0.000,,1.000,,NO_SAFETY_STOCK,Obsolete material: no safety stock recommended. Candidate for stock reduction review.,PROPOSED,2026-06-16
REC-001762,000000000010001135,2000,Spherical Roller Bearing 8/6 SEW,INSURANCE,REGULAR,11,130,171.658,148.700,22.741,19.700,338.463,239.300,ROP_MAX_SAFETY_STOCK,"Stock on hand 94 is below the current reorder point 171.658. At the INSURANCE service level of 90% and a 130-day lead time, the reorder point should be 148.7.",PROPOSED,2026-07-15
REC-001763,000000000010001136,3000,Ball Mill Shell Liner Plate TYPE B ABB,CRITICAL,REGULAR,7,46,9.985,19.800,2.519,5.000,38.288,49.200,ROP_MAX_SAFETY_STOCK,Regular consumption of 9.8 per month over 24 months with a 46-day lead time gives a reorder point of 19.8 against the current 9.985.,HELD,2026-08-20
REC-001764,000000000090000069,3000,Conveyor Idler Roller Set 8/6 FLSM,OBSOLETE,NO_DEMAND,0,33,0.000,,0.000,,1.000,,NO_SAFETY_STOCK,Obsolete material: no safety stock recommended. Candidate for stock reduction review.,APPROVED,2026-08-01
REC-001765,000000000010001137,2000,PLC Digital Output Card 200MM SANDVIK,CRITICAL,REGULAR,12,39,103.075,61.100,30.338,18.000,239.715,162.100,ROP_MAX_SAFETY_STOCK,"Stock on hand 98 is below the current reorder point 103.075. At the CRITICAL service level of 98% and a 39-day lead time, the reorder point should be 61.1.",PROPOSED,2026-05-13
REC-001766,000000000010001138,1000,PLC Digital Output Card 250MM SIEMENS,CRITICAL,INTERMITTENT,7,188,8.750,5.900,3.825,2.600,8.750,7.500,ROP_MAX_SAFETY_STOCK,"Stock on hand 6 is below the current reorder point 8.75. At the CRITICAL service level of 98% and a 188-day lead time, the reorder point should be 5.9.",PROPOSED,2026-06-28
REC-001767,000000000010001139,1000,Centrifugal Pump Casing TYPE B FLSM,NORMAL,INTERMITTENT,7,59,3.231,2.700,1.184,1.000,6.690,5.300,ROP_MAX_SAFETY_STOCK,Intermittent consumption of 0.9 per month over 24 months with a 59-day lead time gives a reorder point of 2.7 against the current 3.231.,APPROVED,2026-07-20
REC-001768,000000000010001140,1000,Slurry Density Transmitter 10/8,CRITICAL,REGULAR,12,72,58.703,75.200,15.390,19.700,147.995,145.600,ROP_MAX_SAFETY_STOCK,"Stock on hand 44 is below the current reorder point 58.703. At the CRITICAL service level of 98% and a 72-day lead time, the reorder point should be 75.2.",APPROVED,2026-06-06
REC-001769,000000000010001140,3000,Slurry Density Transmitter 10/8,CRITICAL,REGULAR,12,72,41.835,69.800,13.418,22.400,125.620,129.900,ROP_MAX_SAFETY_STOCK,"Stock on hand 31 is below the current reorder point 41.835. At the CRITICAL service level of 98% and a 72-day lead time, the reorder point should be 69.8.",APPROVED,2026-07-29
REC-001770,000000000030000270,4000,Agitator Shaft Seal TYPE A WEIR,CRITICAL,ON_DEMAND,2,150,0.000,13.900,0.000,8.800,0.000,17.000,OAR_TO_MIN_MAX,This OAR material is classified CRITICAL on the critical parts list. Recommend Min-Max management with a reorder point of 13.9 and a maximum of 17.,REJECTED,2026-06-30
REC-001771,000000000010001141,4000,Thickener Rake Seal Kit 110KW SANDVIK,CRITICAL,INTERMITTENT,0,136,6.612,6.900,3.576,3.700,13.150,9.000,ROP_MAX_SAFETY_STOCK,"Stock on hand 0 is below the current reorder point 6.612. At the CRITICAL service level of 98% and a 136-day lead time, the reorder point should be 6.9.",REJECTED,2026-06-16
REC-001772,000000000010001142,2000,Ball Mill Gearbox Assembly TYPE A FLSM,CRITICAL,INTERMITTENT,7,121,5.840,8.500,2.873,4.200,20.791,11.800,ROP_MAX_SAFETY_STOCK,Intermittent consumption of 1.1 per month over 24 months with a 121-day lead time gives a reorder point of 8.5 against the current 5.84.,PROPOSED,2026-08-18
REC-001773,000000000010001143,3000,Hydraulic Pump Assembly 10/8 ABB,CRITICAL,INTERMITTENT,0,112,29.045,19.100,17.621,11.600,29.045,25.200,ROP_MAX_SAFETY_STOCK,"Stock on hand 0 is below the current reorder point 29.045. At the CRITICAL service level of 98% and a 112-day lead time, the reorder point should be 19.1.",PROPOSED,2026-06-29
REC-001774,000000000010001144,1000,Pressure Transmitter Assembly 250KW KSB,INSURANCE,INTERMITTENT,8,190,5.596,5.700,1.513,1.500,11.103,7.700,ROP_MAX_SAFETY_STOCK,"Stock on hand 4 is below the current reorder point 5.596. At the INSURANCE service level of 90% and a 190-day lead time, the reorder point should be 5.7.",PROPOSED,2026-06-13
REC-001775,000000000090000070,4000,Spherical Roller Bearing DN150 WEIR,OBSOLETE,NO_DEMAND,0,51,0.000,,0.000,,1.000,,NO_SAFETY_STOCK,Obsolete material: no safety stock recommended. Candidate for stock reduction review.,APPROVED,2026-06-01
REC-001776,000000000010001145,3000,Flotation Blower Motor 110KW SANDVIK,IMPACT,INTERMITTENT,6,9,1.801,1.600,1.432,1.300,4.498,5.100,ROP_MAX_SAFETY_STOCK,"Stock on hand 1 is below the current reorder point 1.801. At the IMPACT service level of 95% and a 9-day lead time, the reorder point should be 1.6.",REJECTED,2026-05-30
REC-001777,000000000010001146,4000,Mill Lube Pump Motor 250MM SKF,CRITICAL,INTERMITTENT,0,42,11.744,7.500,8.125,5.200,21.838,12.500,ROP_MAX_SAFETY_STOCK,"Stock on hand 0 is below the current reorder point 11.744. At the CRITICAL service level of 98% and a 42-day lead time, the reorder point should be 7.5.",APPROVED,2026-06-04
REC-001778,000000000010001146,1000,Mill Lube Pump Motor 250MM SKF,CRITICAL,INTERMITTENT,0,42,5.056,6.500,3.328,4.300,16.875,11.400,ROP_MAX_SAFETY_STOCK,"Stock on hand 0 is below the current reorder point 5.056. At the CRITICAL service level of 98% and a 42-day lead time, the reorder point should be 6.5.",APPROVED,2026-06-15
REC-001779,000000000010001147,3000,Conveyor Take-Up Pulley 10/8 METSO,NORMAL,SLOW,1,14,0.231,0.400,0.164,0.300,1.642,1.300,ROP_MAX_SAFETY_STOCK,Slow consumption of 0.3 per month over 24 months with a 14-day lead time gives a reorder point of 0.4 against the current 0.231.,REJECTED,2026-05-28
REC-001780,000000000010001148,4000,Pump Impeller 250MM FLSM,NORMAL,INTERMITTENT,6,9,2.487,1.400,1.765,1.000,6.959,5.500,ROP_MAX_SAFETY_STOCK,Intermittent consumption of 1.4 per month over 24 months with a 9-day lead time gives a reorder point of 1.4 against the current 2.487.,HELD,2026-06-27
REC-001781,000000000010001150,4000,Hydraulic Power Pack DN100 METSO,INSURANCE,REGULAR,11,63,140.842,90.700,29.023,18.700,288.653,195.100,ROP_MAX_SAFETY_STOCK,"Stock on hand 66 is below the current reorder point 140.842. At the INSURANCE service level of 90% and a 63-day lead time, the reorder point should be 90.7.",APPROVED,2026-07-28
REC-001782,000000000010001151,3000,Pump Impeller 6/4 MULTOTEC,CRITICAL,INTERMITTENT,1,107,13.345,9.400,9.791,6.900,18.436,11.500,ROP_MAX_SAFETY_STOCK,"Stock on hand 0 is below the current reorder point 13.345. At the CRITICAL service level of 98% and a 107-day lead time, the reorder point should be 9.4.",APPROVED,2026-08-21
REC-001783,000000000030000273,4000,Pressure Transmitter Assembly DN100 SEW,CRITICAL,ON_DEMAND,0,134,0.000,10.500,0.000,6.300,0.000,13.400,OAR_TO_MIN_MAX,This OAR material is classified CRITICAL on the critical parts list. Recommend Min-Max management with a reorder point of 10.5 and a maximum of 13.4.,PROPOSED,2026-05-26
REC-001784,000000000010001153,3000,Slurry Pump Wet End Assembly 200MM SKF,NORMAL,INTERMITTENT,7,25,2.220,2.000,1.321,1.200,6.427,5.000,ROP_MAX_SAFETY_STOCK,Intermittent consumption of 1.0 per month over 24 months with a 25-day lead time gives a reorder point of 2 against the current 2.22.,PROPOSED,2026-05-24
REC-001785,000000000080000242,2000,Level Radar Transmitter HD FLSM,NORMAL,INTERMITTENT,5,19,0.972,0.800,0.616,0.500,3.922,2.300,ROP_MAX_SAFETY_STOCK,Intermittent consumption of 0.5 per month over 24 months with a 19-day lead time gives a reorder point of 0.8 against the current 0.972.,APPROVED,2026-05-17
REC-001786,000000000080000242,3000,Level Radar Transmitter HD FLSM,NORMAL,INTERMITTENT,3,19,1.173,2.100,0.799,1.400,9.413,5.300,ROP_MAX_SAFETY_STOCK,Intermittent consumption of 1.1 per month over 24 months with a 19-day lead time gives a reorder point of 2.1 against the current 1.173.,PROPOSED,2026-06-14
REC-001787,000000000010001154,3000,Thickener Rake Seal Kit 200MM SEW,INSURANCE,INTERMITTENT,5,146,7.312,9.100,3.615,4.500,8.673,12.000,ROP_MAX_SAFETY_STOCK,Stock on hand 11 exceeds the current maximum 8.673. Consumption of 1.0 per month supports a maximum of 12.,APPROVED,2026-05-26
REC-001788,000000000010001155,3000,Hydraulic Pump Assembly 6/4 SKF,INSURANCE,REGULAR,9,35,78.133,52.500,13.368,9.000,172.777,166.000,ROP_MAX_SAFETY_STOCK,Regular consumption of 37.8 per month over 24 months with a 35-day lead time gives a reorder point of 52.5 against the current 78.133.,REJECTED,2026-08-03
REC-001789,000000000010001156,3000,MCC Feeder Circuit Breaker 150MM SEW,INSURANCE,INTERMITTENT,6,149,7.970,6.900,3.685,3.200,13.556,9.200,ROP_MAX_SAFETY_STOCK,Intermittent consumption of 0.8 per month over 24 months with a 149-day lead time gives a reorder point of 6.9 against the current 7.97.,APPROVED,2026-08-17
REC-001790,000000000080000243,3000,Apron Feeder Gear Reducer 10/8 FLSM,NORMAL,INTERMITTENT,7,10,0.865,0.700,0.582,0.500,2.509,2.800,ROP_MAX_SAFETY_STOCK,Intermittent consumption of 0.7 per month over 24 months with a 10-day lead time gives a reorder point of 0.7 against the current 0.865.,HELD,2026-08-30
REC-001791,000000000090000071,1000,Agitator Shaft Seal 250KW WEIR,OBSOLETE,NO_DEMAND,0,33,0.000,,0.000,,1.000,,NO_SAFETY_STOCK,Obsolete material: no safety stock recommended. Candidate for stock reduction review.,HELD,2026-06-26
REC-001792,000000000090000072,1000,Flotation Cell Impeller 200MM FLSM,OBSOLETE,NO_DEMAND,0,60,0.000,,0.000,,1.000,,NO_SAFETY_STOCK,Obsolete material: no safety stock recommended. Candidate for stock reduction review.,APPROVED,2026-06-27
REC-001793,000000000010001157,3000,Conveyor Idler Roller Set DN100 SEW,CRITICAL,INTERMITTENT,0,150,24.390,14.400,14.671,8.700,25.330,17.900,ROP_MAX_SAFETY_STOCK,"Stock on hand 0 is below the current reorder point 24.39. At the CRITICAL service level of 98% and a 150-day lead time, the reorder point should be 14.4.",PROPOSED,2026-07-31
REC-001794,000000000010001158,1000,Thickener Rake Seal Kit 8/6 METSO,INSURANCE,INTERMITTENT,5,107,7.626,5.600,3.668,2.700,7.626,8.100,ROP_MAX_SAFETY_STOCK,Stock on hand 11 exceeds the current maximum 7.626. Consumption of 0.8 per month supports a maximum of 8.1.,APPROVED,2026-08-03
REC-001795,000000000090000073,1000,Pressure Transmitter Assembly HD ABB,OBSOLETE,NO_DEMAND,0,22,0.000,,0.000,,1.000,,NO_SAFETY_STOCK,Obsolete material: no safety stock recommended. Candidate for stock reduction review.,APPROVED,2026-08-24
REC-001796,000000000080000244,1000,Conveyor Drive Motor 55KW KSB,NORMAL,INTERMITTENT,1,56,1.398,2.600,0.825,1.500,3.702,4.300,ROP_MAX_SAFETY_STOCK,"Stock on hand 1 is below the current reorder point 1.398. At the NORMAL service level of 85% and a 56-day lead time, the reorder point should be 2.6.",PROPOSED,2026-07-02
REC-001797,000000000080000245,4000,Flotation Cell Impeller 150MM MULTOTEC,IMPACT,INTERMITTENT,7,24,4.413,3.500,3.063,2.400,11.660,7.500,ROP_MAX_SAFETY_STOCK,Intermittent consumption of 1.3 per month over 24 months with a 24-day lead time gives a reorder point of 3.5 against the current 4.413.,REJECTED,2026-08-18
REC-001798,000000000010001160,3000,Vertical Sump Pump Column 200MM FLSM,IMPACT,INTERMITTENT,5,25,5.267,4.500,3.851,3.300,15.885,8.900,ROP_MAX_SAFETY_STOCK,"Stock on hand 0 is below the current reorder point 5.267. At the IMPACT service level of 95% and a 25-day lead time, the reorder point should be 4.5.",REJECTED,2026-07-06
REC-001799,000000000010001160,4000,Vertical Sump Pump Column 200MM FLSM,IMPACT,INTERMITTENT,3,25,7.078,5.000,5.275,3.700,7.078,9.600,ROP_MAX_SAFETY_STOCK,"Stock on hand 4 is below the current reorder point 7.078. At the IMPACT service level of 95% and a 25-day lead time, the reorder point should be 5.",APPROVED,2026-07-20
REC-001800,000000000010001161,1000,Apron Feeder Gear Reducer 110KW SANDVIK,NORMAL,INTERMITTENT,4,55,4.553,4.700,2.247,2.300,14.972,8.700,ROP_MAX_SAFETY_STOCK,Intermittent consumption of 1.3 per month over 24 months with a 55-day lead time gives a reorder point of 4.7 against the current 4.553.,PROPOSED,2026-06-30
REC-001801,000000000010001162,3000,Mill Liner 55KW SIEMENS,CRITICAL,INTERMITTENT,6,54,12.782,7.900,7.921,4.900,12.782,13.000,ROP_MAX_SAFETY_STOCK,Stock on hand 19 exceeds the current maximum 12.782. Consumption of 1.7 per month supports a maximum of 13.,HELD,2026-05-30
REC-001802,000000000090000074,2000,Cyclone Apex Liner 10/8 WEIR,OBSOLETE,NO_DEMAND,0,35,0.000,,0.000,,1.000,,NO_SAFETY_STOCK,Obsolete material: no safety stock recommended. Candidate for stock reduction review.,APPROVED,2026-07-04
REC-001803,000000000010001163,3000,Conveyor Drive Motor 150MM KSB,IMPACT,INTERMITTENT,3,26,2.245,1.300,1.735,1.000,3.923,2.300,ROP_MAX_SAFETY_STOCK,Stock on hand 4 exceeds the current maximum 3.923. Consumption of 0.3 per month supports a maximum of 2.3.,APPROVED,2026-07-23
REC-001804,000000000010001164,1000,Conveyor Idler Roller Set 250KW SEW,NORMAL,INTERMITTENT,6,39,8.023,5.600,4.166,2.900,15.427,12.000,ROP_MAX_SAFETY_STOCK,Intermittent consumption of 2.1 per month over 24 months with a 39-day lead time gives a reorder point of 5.6 against the current 8.023.,APPROVED,2026-08-06
REC-001805,000000000010001164,3000,Conveyor Idler Roller Set 250KW SEW,NORMAL,INTERMITTENT,5,39,1.072,1.400,0.610,0.800,3.595,2.900,ROP_MAX_SAFETY_STOCK,Intermittent consumption of 0.5 per month over 24 months with a 39-day lead time gives a reorder point of 1.4 against the current 1.072.,REJECTED,2026-06-04
REC-001806,000000000080000246,1000,Pump Impeller 8/6 SIEMENS,IMPACT,INTERMITTENT,4,16,4.712,3.300,3.467,2.400,6.338,8.200,ROP_MAX_SAFETY_STOCK,Stock on hand 7 exceeds the current maximum 6.338. Consumption of 1.6 per month supports a maximum of 8.2.,PROPOSED,2026-06-01
REC-001807,000000000080000246,4000,Pump Impeller 8/6 SIEMENS,IMPACT,INTERMITTENT,6,16,4.694,3.400,3.589,2.600,10.469,8.000,ROP_MAX_SAFETY_STOCK,"Stock on hand 2 is below the current reorder point 4.694. At the IMPACT service level of 95% and a 16-day lead time, the reorder point should be 3.4.",PROPOSED,2026-09-01
REC-001808,000000000010001166,4000,Vertical Sump Pump Column 200MM SEW,IMPACT,REGULAR,12,32,22.041,38.300,6.433,11.200,119.844,115.700,ROP_MAX_SAFETY_STOCK,"Stock on hand 8 is below the current reorder point 22.041. At the IMPACT service level of 95% and a 32-day lead time, the reorder point should be 38.3.",PROPOSED,2026-07-19
REC-001809,000000000010001167,4000,Slurry Pump Wet End Assembly 6/4 FLSM,CRITICAL,REGULAR,12,142,144.075,144.100,25.863,25.900,209.202,220.100,ROP_MAX_SAFETY_STOCK,Regular consumption of 25.3 per month over 24 months with a 142-day lead time gives a reorder point of 144.1 against the current 144.075.,PROPOSED,2026-07-15
REC-001810,000000000010001168,2000,Cyclone Apex Liner 200MM MULTOTEC,IMPACT,REGULAR,11,47,18.094,25.200,4.426,6.200,74.323,62.200,ROP_MAX_SAFETY_STOCK,Regular consumption of 12.3 per month over 24 months with a 47-day lead time gives a reorder point of 25.2 against the current 18.094.,HELD,2026-07-18
REC-001811,000000000010001169,4000,Conveyor Drive Motor 10/8 METSO,INSURANCE,INTERMITTENT,6,109,6.766,3.900,3.452,2.000,6.766,5.500,ROP_MAX_SAFETY_STOCK,Stock on hand 8 exceeds the current maximum 6.766. Consumption of 0.5 per month supports a maximum of 5.5.,HELD,2026-08-31
REC-001812,000000000010001169,1000,Conveyor Drive Motor 10/8 METSO,INSURANCE,INTERMITTENT,3,109,3.382,4.000,1.775,2.100,5.648,5.600,ROP_MAX_SAFETY_STOCK,"Stock on hand 2 is below the current reorder point 3.382. At the INSURANCE service level of 90% and a 109-day lead time, the reorder point should be 4.",APPROVED,2026-08-31
REC-001813,000000000010001170,4000,Slurry Density Transmitter 10/8 FLSM,INSURANCE,INTERMITTENT,3,128,6.209,9.700,3.057,4.800,17.572,13.200,ROP_MAX_SAFETY_STOCK,"Stock on hand 0 is below the current reorder point 6.209. At the INSURANCE service level of 90% and a 128-day lead time, the reorder point should be 9.7.",APPROVED,2026-07-04
REC-001814,000000000010001171,4000,Centrifugal Pump Casing 200MM SEW,NORMAL,INTERMITTENT,5,29,5.075,5.200,3.005,3.100,11.343,11.800,ROP_MAX_SAFETY_STOCK,Intermittent consumption of 2.2 per month over 24 months with a 29-day lead time gives a reorder point of 5.2 against the current 5.075.,REJECTED,2026-06-15
REC-001815,000000000010001172,1000,Ventilation Fan Motor 110KW WEIR,CRITICAL,INTERMITTENT,6,73,11.690,13.300,6.754,7.700,14.386,20.300,ROP_MAX_SAFETY_STOCK,Stock on hand 19 exceeds the current maximum 14.386. Consumption of 2.3 per month supports a maximum of 20.3.,HELD,2026-07-12
REC-001816,000000000010001174,4000,Thickener Rake Seal Kit 10/8 METSO,NORMAL,REGULAR,12,41,85.859,49.800,17.787,10.300,122.830,137.700,ROP_MAX_SAFETY_STOCK,Regular consumption of 29.3 per month over 24 months with a 41-day lead time gives a reorder point of 49.8 against the current 85.859.,HELD,2026-08-31
REC-001817,000000000010001175,4000,Conveyor Pulley Bearing 10/8 SANDVIK,NORMAL,REGULAR,11,36,50.040,47.800,10.377,9.900,241.941,144.100,ROP_MAX_SAFETY_STOCK,Regular consumption of 32.1 per month over 24 months with a 36-day lead time gives a reorder point of 47.8 against the current 50.04.,HELD,2026-08-02
REC-001818,000000000010001176,4000,Variable Speed Drive Unit 10/8 FLSM,IMPACT,SLOW,0,55,0.775,0.800,0.624,0.600,0.813,1.100,ROP_MAX_SAFETY_STOCK,Stock on hand 1 exceeds the current maximum 0.813. Consumption of 0.1 per month supports a maximum of 1.1.,APPROVED,2026-05-24
REC-001819,000000000030000283,3000,Apron Feeder Gear Reducer 110KW SEW,CRITICAL,ON_DEMAND,3,150,0.000,5.400,0.000,2.900,0.000,6.900,OAR_TO_MIN_MAX,This OAR material is classified CRITICAL on the critical parts list. Recommend Min-Max management with a reorder point of 5.4 and a maximum of 6.9.,HELD,2026-08-11
REC-001820,000000000030000283,1000,Apron Feeder Gear Reducer 110KW SEW,CRITICAL,ON_DEMAND,2,150,0.000,14.300,0.000,8.600,0.000,17.800,OAR_TO_MIN_MAX,This OAR material is classified CRITICAL on the critical parts list. Recommend Min-Max management with a reorder point of 14.3 and a maximum of 17.8.,PROPOSED,2026-07-30
REC-001821,000000000010001177,2000,Centrifugal Pump Casing 10/8 KSB,NORMAL,INTERMITTENT,6,17,1.939,3.600,1.174,2.200,17.794,11.200,ROP_MAX_SAFETY_STOCK,Intermittent consumption of 2.5 per month over 24 months with a 17-day lead time gives a reorder point of 3.6 against the current 1.939.,APPROVED,2026-06-18
REC-001822,000000000010001177,3000,Centrifugal Pump Casing 10/8 KSB,NORMAL,INTERMITTENT,3,17,0.916,1.000,0.576,0.600,3.692,3.000,ROP_MAX_SAFETY_STOCK,Stock on hand 4 exceeds the current maximum 3.692. Consumption of 0.7 per month supports a maximum of 3.,APPROVED,2026-06-27
REC-001823,000000000080000247,1000,Agitator Shaft Seal 6/4 FLSM,IMPACT,INTERMITTENT,3,26,3.347,2.700,2.349,1.900,7.795,5.600,ROP_MAX_SAFETY_STOCK,"Stock on hand 3 is below the current reorder point 3.347. At the IMPACT service level of 95% and a 26-day lead time, the reorder point should be 2.7.",PROPOSED,2026-05-13
REC-001824,000000000080000247,3000,Agitator Shaft Seal 6/4 FLSM,IMPACT,INTERMITTENT,4,26,2.118,2.600,1.608,2.000,4.155,4.800,ROP_MAX_SAFETY_STOCK,"Stock on hand 0 is below the current reorder point 2.118. At the IMPACT service level of 95% and a 26-day lead time, the reorder point should be 2.6.",REJECTED,2026-07-04
REC-001825,000000000010001178,4000,Variable Speed Drive Unit 250KW MULTOTEC,CRITICAL,INTERMITTENT,5,221,7.791,7.500,2.766,2.700,14.805,9.500,ROP_MAX_SAFETY_STOCK,Intermittent consumption of 0.7 per month over 24 months with a 221-day lead time gives a reorder point of 7.5 against the current 7.791.,PROPOSED,2026-07-28
REC-001826,000000000010001178,2000,Variable Speed Drive Unit 250KW MULTOTEC,CRITICAL,INTERMITTENT,5,221,9.220,5.400,4.622,2.700,9.712,6.500,ROP_MAX_SAFETY_STOCK,"Stock on hand 8 is below the current reorder point 9.22. At the CRITICAL service level of 98% and a 221-day lead time, the reorder point should be 5.4.",REJECTED,2026-06-21
REC-001827,000000000010001179,2000,Soft Starter Power Module 250KW SANDVIK,CRITICAL,INTERMITTENT,0,123,5.781,7.800,3.787,5.100,8.284,9.800,ROP_MAX_SAFETY_STOCK,"Stock on hand 0 is below the current reorder point 5.781. At the CRITICAL service level of 98% and a 123-day lead time, the reorder point should be 7.8.",APPROVED,2026-08-22
REC-001828,000000000010001179,3000,Soft Starter Power Module 250KW SANDVIK,CRITICAL,INTERMITTENT,0,123,19.135,16.800,12.209,10.700,29.671,21.300,ROP_MAX_SAFETY_STOCK,"Stock on hand 0 is below the current reorder point 19.135. At the CRITICAL service level of 98% and a 123-day lead time, the reorder point should be 16.8.",REJECTED,2026-05-19
REC-001829,000000000010001180,4000,Soft Starter Power Module 6/4 SEW,CRITICAL,INTERMITTENT,6,127,11.111,13.200,5.398,6.400,17.200,18.100,ROP_MAX_SAFETY_STOCK,"Stock on hand 8 is below the current reorder point 11.111. At the CRITICAL service level of 98% and a 127-day lead time, the reorder point should be 13.2.",PROPOSED,2026-07-02
REC-001830,000000000010001181,1000,Slurry Pump Mechanical Seal 6/4 KSB,NORMAL,INTERMITTENT,3,34,5.067,3.400,3.108,2.100,8.325,7.000,ROP_MAX_SAFETY_STOCK,Intermittent consumption of 1.2 per month over 24 months with a 34-day lead time gives a reorder point of 3.4 against the current 5.067.,PROPOSED,2026-06-05
REC-001831,000000000010001182,4000,Conveyor Drive Gearbox DN150 METSO,NORMAL,REGULAR,12,19,24.843,18.300,6.387,4.700,130.538,83.400,ROP_MAX_SAFETY_STOCK,"Stock on hand 15 is below the current reorder point 24.843. At the NORMAL service level of 85% and a 19-day lead time, the reorder point should be 18.3.",PROPOSED,2026-08-07
REC-001832,000000000010001182,3000,Conveyor Drive Gearbox DN150 METSO,NORMAL,REGULAR,10,19,6.978,10.300,2.110,3.100,74.432,44.700,ROP_MAX_SAFETY_STOCK,Regular consumption of 11.5 per month over 24 months with a 19-day lead time gives a reorder point of 10.3 against the current 6.978.,APPROVED,2026-06-11
REC-001833,000000000010001183,2000,Vertical Sump Pump Column TYPE B SANDVIK,INSURANCE,INTERMITTENT,5,36,4.873,3.400,3.157,2.200,8.874,6.400,ROP_MAX_SAFETY_STOCK,Intermittent consumption of 1.0 per month over 24 months with a 36-day lead time gives a reorder point of 3.4 against the current 4.873.,HELD,2026-05-13
REC-001834,000000000010001183,3000,Vertical Sump Pump Column TYPE B SANDVIK,INSURANCE,INTERMITTENT,4,36,2.397,5.100,1.489,3.200,7.745,10.000,ROP_MAX_SAFETY_STOCK,"Stock on hand 1 is below the current reorder point 2.397. At the INSURANCE service level of 90% and a 36-day lead time, the reorder point should be 5.1.",PROPOSED,2026-06-06
REC-001835,000000000010001184,1000,Gland Packing Seal Ring 8/6 FLSM,INSURANCE,REGULAR,12,109,192.264,132.300,27.461,18.900,386.722,227.300,ROP_MAX_SAFETY_STOCK,"Stock on hand 176 is below the current reorder point 192.264. At the INSURANCE service level of 90% and a 109-day lead time, the reorder point should be 132.3.",REJECTED,2026-08-16
REC-001836,000000000030000285,4000,Cyclone Apex Liner HD FLSM,IMPACT,ON_DEMAND,0,56,0.000,4.600,0.000,2.800,0.000,7.500,OAR_TO_MIN_MAX,This OAR material is classified IMPACT on the critical parts list. Recommend Min-Max management with a reorder point of 4.6 and a maximum of 7.5.,HELD,2026-06-09
REC-001837,000000000010001186,2000,PLC Digital Output Card TYPE B MULTOTEC,NORMAL,INTERMITTENT,4,60,2.113,3.800,1.153,2.100,4.564,6.400,ROP_MAX_SAFETY_STOCK,"Stock on hand 0 is below the current reorder point 2.113. At the NORMAL service level of 85% and a 60-day lead time, the reorder point should be 3.8.",REJECTED,2026-08-27
REC-001838,000000000010001186,3000,PLC Digital Output Card TYPE B MULTOTEC,NORMAL,INTERMITTENT,6,60,8.702,8.400,4.118,4.000,11.832,15.200,ROP_MAX_SAFETY_STOCK,"Stock on hand 7 is below the current reorder point 8.702. At the NORMAL service level of 85% and a 60-day lead time, the reorder point should be 8.4.",APPROVED,2026-08-09
REC-001839,000000000010001188,1000,Hydraulic Pump Assembly TYPE B SANDVIK,CRITICAL,INTERMITTENT,0,119,13.566,7.600,8.338,4.700,13.566,9.800,ROP_MAX_SAFETY_STOCK,"Stock on hand 0 is below the current reorder point 13.566. At the CRITICAL service level of 98% and a 119-day lead time, the reorder point should be 7.6.",REJECTED,2026-06-07
REC-001840,000000000010001188,4000,Hydraulic Pump Assembly TYPE B SANDVIK,CRITICAL,INTERMITTENT,0,119,12.451,13.000,7.472,7.800,13.590,17.000,ROP_MAX_SAFETY_STOCK,"Stock on hand 0 is below the current reorder point 12.451. At the CRITICAL service level of 98% and a 119-day lead time, the reorder point should be 13.",PROPOSED,2026-06-25
REC-001841,000000000010001190,4000,Conveyor Pulley Bearing 6/4 SANDVIK,NORMAL,INTERMITTENT,3,41,2.526,1.800,1.578,1.100,2.561,3.300,ROP_MAX_SAFETY_STOCK,Stock on hand 3 exceeds the current maximum 2.561. Consumption of 0.5 per month supports a maximum of 3.3.,PROPOSED,2026-06-09
REC-001842,000000000080000248,2000,PLC Digital Output Card 55KW METSO,NORMAL,INTERMITTENT,4,30,2.289,1.800,1.262,1.000,6.078,4.200,ROP_MAX_SAFETY_STOCK,"Stock on hand 2 is below the current reorder point 2.289. At the NORMAL service level of 85% and a 30-day lead time, the reorder point should be 1.8.",REJECTED,2026-07-30
REC-001843,000000000080000248,4000,PLC Digital Output Card 55KW METSO,NORMAL,INTERMITTENT,4,30,1.828,3.800,1.063,2.200,10.237,8.700,ROP_MAX_SAFETY_STOCK,Intermittent consumption of 1.6 per month over 24 months with a 30-day lead time gives a reorder point of 3.8 against the current 1.828.,APPROVED,2026-06-25
REC-001844,000000000010001192,4000,Agitator Shaft Seal HD SANDVIK,CRITICAL,INTERMITTENT,8,35,5.048,3.800,3.437,2.600,6.941,6.900,ROP_MAX_SAFETY_STOCK,Intermittent consumption of 1.0 per month over 24 months with a 35-day lead time gives a reorder point of 3.8 against the current 5.048.,APPROVED,2026-07-23
REC-001845,000000000010001193,4000,Conveyor Drive Motor 110KW ABB,IMPACT,REGULAR,12,17,11.471,23.800,4.031,8.400,169.130,106.700,ROP_MAX_SAFETY_STOCK,Regular consumption of 27.6 per month over 24 months with a 17-day lead time gives a reorder point of 23.8 against the current 11.471.,APPROVED,2026-07-15
REC-001846,000000000010001195,2000,Variable Speed Drive Unit 110KW SANDVIK,CRITICAL,INTERMITTENT,4,152,21.288,13.900,10.753,7.000,21.288,18.000,ROP_MAX_SAFETY_STOCK,Stock on hand 28 exceeds the current maximum 21.288. Consumption of 1.4 per month supports a maximum of 18.,APPROVED,2026-08-04
REC-001847,000000000010001195,3000,Variable Speed Drive Unit 110KW SANDVIK,CRITICAL,INTERMITTENT,5,152,6.121,4.200,3.354,2.300,6.121,5.300,ROP_MAX_SAFETY_STOCK,"Stock on hand 6 is below the current reorder point 6.121. At the CRITICAL service level of 98% and a 152-day lead time, the reorder point should be 4.2.",PROPOSED,2026-06-05
REC-001848,000000000010001196,4000,Ball Mill Gearbox Assembly TYPE B ABB,NORMAL,REGULAR,12,40,16.481,24.200,2.443,3.600,92.277,71.200,ROP_MAX_SAFETY_STOCK,Regular consumption of 15.7 per month over 24 months with a 40-day lead time gives a reorder point of 24.2 against the current 16.481.,APPROVED,2026-06-26
REC-001849,000000000010001197,1000,Soft Starter Power Module HD SEW,CRITICAL,SLOW,0,59,2.099,3.200,1.566,2.400,4.915,4.500,ROP_MAX_SAFETY_STOCK,Slow consumption of 0.4 per month over 24 months with a 59-day lead time gives a reorder point of 3.2 against the current 2.099.,APPROVED,2026-07-29
REC-001850,000000000010001198,1000,Skirt Rubber Liner Section 200MM SANDVIK,INSURANCE,INTERMITTENT,4,181,14.047,9.100,4.908,3.200,19.602,12.100,ROP_MAX_SAFETY_STOCK,Intermittent consumption of 1.0 per month over 24 months with a 181-day lead time gives a reorder point of 9.1 against the current 14.047.,APPROVED,2026-08-30
REC-001851,000000000010001198,4000,Skirt Rubber Liner Section 200MM SANDVIK,INSURANCE,INTERMITTENT,6,181,19.999,15.100,6.243,4.700,22.561,20.400,ROP_MAX_SAFETY_STOCK,"Stock on hand 16 is below the current reorder point 19.999. At the INSURANCE service level of 90% and a 181-day lead time, the reorder point should be 15.1.",PROPOSED,2026-07-31
REC-001852,000000000010001199,3000,Pressure Transmitter Assembly HD ABB,CRITICAL,INTERMITTENT,6,144,3.891,8.400,2.074,4.500,11.450,10.900,ROP_MAX_SAFETY_STOCK,"Stock on hand 1 is below the current reorder point 3.891. At the CRITICAL service level of 98% and a 144-day lead time, the reorder point should be 8.4.",REJECTED,2026-05-29
REC-001853,000000000080000249,1000,Hydraulic Power Pack 200MM SKF,NORMAL,INTERMITTENT,2,56,7.822,4.800,4.385,2.700,12.620,8.300,ROP_MAX_SAFETY_STOCK,Intermittent consumption of 1.2 per month over 24 months with a 56-day lead time gives a reorder point of 4.8 against the current 7.822.,APPROVED,2026-07-05
REC-001854,000000000080000250,2000,Valve Assembly 55KW FLSM,NORMAL,INTERMITTENT,3,55,3.137,4.400,1.725,2.400,11.539,7.700,ROP_MAX_SAFETY_STOCK,Intermittent consumption of 1.1 per month over 24 months with a 55-day lead time gives a reorder point of 4.4 against the current 3.137.,APPROVED,2026-07-10
REC-001855,000000000010001200,1000,Ball Mill Shell Liner Plate TYPE B,NORMAL,REGULAR,8,28,9.180,20.700,2.277,5.100,64.267,71.500,ROP_MAX_SAFETY_STOCK,Regular consumption of 16.9 per month over 24 months with a 28-day lead time gives a reorder point of 20.7 against the current 9.18.,APPROVED,2026-06-27
REC-001856,000000000010001200,3000,Ball Mill Shell Liner Plate TYPE B,NORMAL,REGULAR,12,28,25.994,22.800,6.285,5.500,75.357,79.200,ROP_MAX_SAFETY_STOCK,"Stock on hand 0 is below the current reorder point 25.994. At the NORMAL service level of 85% and a 28-day lead time, the reorder point should be 22.8.",HELD,2026-06-08
REC-001857,000000000010001201,2000,Spherical Roller Bearing 110KW ABB,INSURANCE,INTERMITTENT,7,200,7.363,5.700,2.088,1.600,12.995,7.600,ROP_MAX_SAFETY_STOCK,"Stock on hand 5 is below the current reorder point 7.363. At the INSURANCE service level of 90% and a 200-day lead time, the reorder point should be 5.7.",PROPOSED,2026-06-26
REC-001858,000000000010001201,3000,Spherical Roller Bearing 110KW ABB,INSURANCE,INTERMITTENT,4,200,4.658,10.000,1.575,3.400,14.670,13.000,ROP_MAX_SAFETY_STOCK,Intermittent consumption of 1.0 per month over 24 months with a 200-day lead time gives a reorder point of 10 against the current 4.658.,PROPOSED,2026-08-22
REC-001859,000000000010001202,2000,Conveyor Drive Motor 110KW FLSM,NORMAL,INTERMITTENT,6,40,9.077,6.100,4.011,2.700,10.433,13.800,ROP_MAX_SAFETY_STOCK,"Stock on hand 0 is below the current reorder point 9.077. At the NORMAL service level of 85% and a 40-day lead time, the reorder point should be 6.1.",APPROVED,2026-05-28
REC-001860,000000000010001203,4000,Hydraulic Power Pack DN150 MULTOTEC,CRITICAL,REGULAR,12,101,165.321,152.300,36.835,33.900,212.860,259.300,ROP_MAX_SAFETY_STOCK,"Stock on hand 93 is below the current reorder point 165.321. At the CRITICAL service level of 98% and a 101-day lead time, the reorder point should be 152.3.",PROPOSED,2026-06-19
REC-001861,000000000010001204,4000,Cyclone Apex Liner 200MM MULTOTEC,NORMAL,SLOW,2,56,0.649,1.100,0.373,0.600,1.652,1.900,ROP_MAX_SAFETY_STOCK,Slow consumption of 0.2 per month over 24 months with a 56-day lead time gives a reorder point of 1.1 against the current 0.649.,APPROVED,2026-09-02
REC-001862,000000000010001204,3000,Cyclone Apex Liner 200MM MULTOTEC,NORMAL,SLOW,3,56,1.426,0.800,0.907,0.500,1.426,1.300,ROP_MAX_SAFETY_STOCK,Stock on hand 2 exceeds the current maximum 1.426. Consumption of 0.2 per month supports a maximum of 1.3.,HELD,2026-06-12
REC-001863,000000000010001205,1000,Slurry Pump Mechanical Seal TYPE B WEIR,CRITICAL,INTERMITTENT,0,101,18.823,13.300,12.335,8.700,18.823,17.400,ROP_MAX_SAFETY_STOCK,"Stock on hand 0 is below the current reorder point 18.823. At the CRITICAL service level of 98% and a 101-day lead time, the reorder point should be 13.3.",HELD,2026-06-29
REC-001864,000000000010001206,3000,Gland Packing Seal Ring DN150 MULTOTEC,NORMAL,INTERMITTENT,4,35,6.828,4.700,4.072,2.800,17.000,9.700,ROP_MAX_SAFETY_STOCK,"Stock on hand 3 is below the current reorder point 6.828. At the NORMAL service level of 85% and a 35-day lead time, the reorder point should be 4.7.",APPROVED,2026-08-10
REC-001865,000000000010001207,4000,PLC Digital Output Card 200MM SKF,CRITICAL,INTERMITTENT,3,79,19.910,11.700,12.894,7.600,23.659,16.400,ROP_MAX_SAFETY_STOCK,Intermittent consumption of 1.6 per month over 24 months with a 79-day lead time gives a reorder point of 11.7 against the current 19.91.,PROPOSED,2026-08-27
REC-001866,000000000010001209,2000,Pressure Transmitter Assembly 8/6,CRITICAL,INTERMITTENT,0,95,25.752,15.300,14.823,8.800,25.752,21.600,ROP_MAX_SAFETY_STOCK,"Stock on hand 0 is below the current reorder point 25.752. At the CRITICAL service level of 98% and a 95-day lead time, the reorder point should be 15.3.",PROPOSED,2026-07-26
REC-001867,000000000010001210,4000,Ventilation Fan Motor 250KW SEW,INSURANCE,REGULAR,12,134,218.447,160.100,22.511,16.500,218.447,258.000,ROP_MAX_SAFETY_STOCK,"Stock on hand 141 is below the current reorder point 218.447. At the INSURANCE service level of 90% and a 134-day lead time, the reorder point should be 160.1.",APPROVED,2026-05-14
REC-001868,000000000010001210,3000,Ventilation Fan Motor 250KW SEW,INSURANCE,REGULAR,6,134,34.436,68.600,4.623,9.200,101.767,109.100,ROP_MAX_SAFETY_STOCK,Regular consumption of 13.5 per month over 24 months with a 134-day lead time gives a reorder point of 68.6 against the current 34.436.,PROPOSED,2026-08-21
REC-001869,000000000090000075,1000,Agitator Shaft Seal HD SKF,OBSOLETE,NO_DEMAND,0,38,0.000,,0.000,,1.000,,NO_SAFETY_STOCK,Obsolete material: no safety stock recommended. Candidate for stock reduction review.,APPROVED,2026-05-30
REC-001870,000000000090000075,4000,Agitator Shaft Seal HD SKF,OBSOLETE,NO_DEMAND,0,38,0.000,,0.000,,1.000,,NO_SAFETY_STOCK,Obsolete material: no safety stock recommended. Candidate for stock reduction review.,PROPOSED,2026-06-22
REC-001871,000000000010001211,1000,Mill Liner 110KW FLSM,CRITICAL,INTERMITTENT,7,124,7.756,9.000,3.627,4.200,16.067,12.500,ROP_MAX_SAFETY_STOCK,Intermittent consumption of 1.2 per month over 24 months with a 124-day lead time gives a reorder point of 9 against the current 7.756.,APPROVED,2026-07-23
REC-001872,000000000030000290,4000,Conveyor Drive Motor 150MM FLSM,CRITICAL,ON_DEMAND,1,142,0.000,16.400,0.000,9.200,0.000,21.000,OAR_TO_MIN_MAX,This OAR material is classified CRITICAL on the critical parts list. Recommend Min-Max management with a reorder point of 16.4 and a maximum of 21.,PROPOSED,2026-08-14
REC-001873,000000000010001213,2000,PLC Digital Output Card 200MM KSB,NORMAL,REGULAR,12,49,40.873,60.700,8.359,12.400,237.226,150.700,ROP_MAX_SAFETY_STOCK,Regular consumption of 30.0 per month over 24 months with a 49-day lead time gives a reorder point of 60.7 against the current 40.873.,PROPOSED,2026-07-23
REC-001874,000000000030000292,3000,Valve Assembly 8/6 SIEMENS,CRITICAL,ON_DEMAND,2,37,0.000,7.600,0.000,5.400,0.000,13.100,OAR_TO_MIN_MAX,This OAR material is classified CRITICAL on the critical parts list. Recommend Min-Max management with a reorder point of 7.6 and a maximum of 13.1.,PROPOSED,2026-08-29
REC-001875,000000000010001214,3000,Flow Meter Sensor Head TYPE B FLSM,CRITICAL,INTERMITTENT,0,114,23.476,15.500,14.271,9.400,23.476,20.400,ROP_MAX_SAFETY_STOCK,"Stock on hand 0 is below the current reorder point 23.476. At the CRITICAL service level of 98% and a 114-day lead time, the reorder point should be 15.5.",APPROVED,2026-05-21
REC-001876,000000000010001214,2000,Flow Meter Sensor Head TYPE B FLSM,CRITICAL,INTERMITTENT,0,114,6.923,11.800,4.349,7.400,12.483,15.300,ROP_MAX_SAFETY_STOCK,"Stock on hand 0 is below the current reorder point 6.923. At the CRITICAL service level of 98% and a 114-day lead time, the reorder point should be 11.8.",PROPOSED,2026-06-18
REC-001877,000000000010001215,2000,Vertical Sump Pump Column 8/6 SIEMENS,NORMAL,INTERMITTENT,6,46,7.686,7.300,3.666,3.500,16.376,14.900,ROP_MAX_SAFETY_STOCK,Stock on hand 23 exceeds the current maximum 16.376. Consumption of 2.5 per month supports a maximum of 14.9.,REJECTED,2026-08-15
REC-001878,000000000010001217,3000,PLC Digital Output Card DN150 KSB,NORMAL,SLOW,1,56,1.180,0.800,0.750,0.500,1.180,1.300,ROP_MAX_SAFETY_STOCK,Stock on hand 2 exceeds the current maximum 1.18. Consumption of 0.2 per month supports a maximum of 1.3.,PROPOSED,2026-08-03
REC-001879,000000000010001217,1000,PLC Digital Output Card DN150 KSB,NORMAL,SLOW,3,56,1.751,2.000,1.056,1.200,2.704,3.200,ROP_MAX_SAFETY_STOCK,Stock on hand 3 exceeds the current maximum 2.704. Consumption of 0.4 per month supports a maximum of 3.2.,APPROVED,2026-05-28
REC-001880,000000000080000251,2000,Gland Packing Seal Ring 250MM SANDVIK,IMPACT,INTERMITTENT,3,24,4.994,4.800,3.507,3.400,8.261,10.300,ROP_MAX_SAFETY_STOCK,Intermittent consumption of 1.8 per month over 24 months with a 24-day lead time gives a reorder point of 4.8 against the current 4.994.,REJECTED,2026-08-26
REC-001881,000000000030000295,3000,PLC Digital Output Card 200MM ABB,CRITICAL,ON_DEMAND,0,120,0.000,10.000,0.000,6.600,0.000,12.600,OAR_TO_MIN_MAX,This OAR material is classified CRITICAL on the critical parts list. Recommend Min-Max management with a reorder point of 10 and a maximum of 12.6.,PROPOSED,2026-06-10
REC-001882,000000000010001219,1000,Spherical Roller Bearing 200MM ABB,IMPACT,SLOW,2,46,1.096,0.900,0.859,0.700,1.242,1.300,ROP_MAX_SAFETY_STOCK,Stock on hand 2 exceeds the current maximum 1.242. Consumption of 0.1 per month supports a maximum of 1.3.,HELD,2026-07-14
REC-001883,000000000010001220,3000,Hydraulic Power Pack DN100 SKF,CRITICAL,INTERMITTENT,4,169,2.634,5.300,1.241,2.500,5.290,6.800,ROP_MAX_SAFETY_STOCK,Intermittent consumption of 0.5 per month over 24 months with a 169-day lead time gives a reorder point of 5.3 against the current 2.634.,REJECTED,2026-07-24
REC-001884,000000000010001221,2000,Thickener Rake Drive Gearbox 10/8,IMPACT,INTERMITTENT,8,27,5.861,4.700,3.888,3.100,17.756,10.100,ROP_MAX_SAFETY_STOCK,Stock on hand 18 exceeds the current maximum 17.756. Consumption of 1.8 per month supports a maximum of 10.1.,APPROVED,2026-08-17
REC-001885,000000000010001221,3000,Thickener Rake Drive Gearbox 10/8,IMPACT,INTERMITTENT,3,27,2.495,1.700,1.938,1.300,2.817,3.000,ROP_MAX_SAFETY_STOCK,"Stock on hand 2 is below the current reorder point 2.495. At the IMPACT service level of 95% and a 27-day lead time, the reorder point should be 1.7.",APPROVED,2026-07-09
REC-001886,000000000010001223,4000,Slurry Density Transmitter 200MM,IMPACT,INTERMITTENT,6,49,12.104,8.800,7.484,5.400,19.631,15.100,ROP_MAX_SAFETY_STOCK,"Stock on hand 10 is below the current reorder point 12.104. At the IMPACT service level of 95% and a 49-day lead time, the reorder point should be 8.8.",PROPOSED,2026-08-18
REC-001887,000000000080000252,1000,Cyclone Apex Liner DN150 FLSM,CRITICAL,INTERMITTENT,5,80,6.148,8.700,3.594,5.100,17.629,12.800,ROP_MAX_SAFETY_STOCK,"Stock on hand 6 is below the current reorder point 6.148. At the CRITICAL service level of 98% and a 80-day lead time, the reorder point should be 8.7.",PROPOSED,2026-07-23
REC-001888,000000000010001224,2000,Belt Scraper Blade Cartridge 150MM,NORMAL,REGULAR,12,30,40.142,30.400,9.541,7.200,177.634,101.000,ROP_MAX_SAFETY_STOCK,Regular consumption of 23.5 per month over 24 months with a 30-day lead time gives a reorder point of 30.4 against the current 40.142.,HELD,2026-08-10
REC-001889,000000000010001225,2000,Apron Feeder Gear Reducer DN100 SANDVIK,NORMAL,REGULAR,11,22,33.029,22.700,7.880,5.400,151.748,94.600,ROP_MAX_SAFETY_STOCK,Regular consumption of 24.0 per month over 24 months with a 22-day lead time gives a reorder point of 22.7 against the current 33.029.,PROPOSED,2026-08-24
REC-001890,000000000010001227,1000,Centrifugal Pump Casing TYPE A SIEMENS,INSURANCE,INTERMITTENT,6,227,6.537,9.700,2.366,3.500,18.753,12.200,ROP_MAX_SAFETY_STOCK,"Stock on hand 2 is below the current reorder point 6.537. At the INSURANCE service level of 90% and a 227-day lead time, the reorder point should be 9.7.",REJECTED,2026-08-04
REC-001891,000000000080000253,3000,Ball Mill Gearbox Assembly 10/8 METSO,IMPACT,INTERMITTENT,2,58,2.551,4.300,1.800,3.000,4.838,6.300,ROP_MAX_SAFETY_STOCK,Intermittent consumption of 0.7 per month over 24 months with a 58-day lead time gives a reorder point of 4.3 against the current 2.551.,APPROVED,2026-06-19
REC-001892,000000000080000254,4000,Crusher Hydroset Cylinder DN150 KSB,IMPACT,INTERMITTENT,4,54,8.034,8.300,4.815,5.000,17.116,13.900,ROP_MAX_SAFETY_STOCK,Intermittent consumption of 1.9 per month over 24 months with a 54-day lead time gives a reorder point of 8.3 against the current 8.034.,PROPOSED,2026-07-23
REC-001893,000000000030000296,3000,Slurry Pump Wet End Assembly 8/6,CRITICAL,ON_DEMAND,2,44,0.000,5.500,0.000,4.100,0.000,8.500,OAR_TO_MIN_MAX,This OAR material is classified CRITICAL on the critical parts list. Recommend Min-Max management with a reorder point of 5.5 and a maximum of 8.5.,APPROVED,2026-07-31
REC-001894,000000000010001228,1000,Centrifugal Pump Casing 8/6 SANDVIK,NORMAL,INTERMITTENT,6,56,1.444,3.400,0.694,1.600,10.876,6.300,ROP_MAX_SAFETY_STOCK,Intermittent consumption of 1.0 per month over 24 months with a 56-day lead time gives a reorder point of 3.4 against the current 1.444.,HELD,2026-05-11
REC-001895,000000000010001228,4000,Centrifugal Pump Casing 8/6 SANDVIK,NORMAL,INTERMITTENT,3,56,2.213,2.800,1.171,1.500,3.631,4.900,ROP_MAX_SAFETY_STOCK,Intermittent consumption of 0.7 per month over 24 months with a 56-day lead time gives a reorder point of 2.8 against the current 2.213.,PROPOSED,2026-08-02
REC-001896,000000000010001229,1000,Slurry Pump Wet End Assembly 10/8 ABB,NORMAL,SLOW,1,59,2.396,2.300,1.361,1.300,4.320,3.800,ROP_MAX_SAFETY_STOCK,Slow consumption of 0.5 per month over 24 months with a 59-day lead time gives a reorder point of 2.3 against the current 2.396.,REJECTED,2026-06-14
REC-001897,000000000010001229,4000,Slurry Pump Wet End Assembly 10/8 ABB,NORMAL,SLOW,2,59,0.382,0.700,0.255,0.500,1.450,1.100,ROP_MAX_SAFETY_STOCK,Slow consumption of 0.1 per month over 24 months with a 59-day lead time gives a reorder point of 0.7 against the current 0.382.,HELD,2026-08-15
REC-001898,000000000010001230,3000,MCC Feeder Circuit Breaker 110KW,CRITICAL,INTERMITTENT,0,32,9.359,5.600,7.016,4.200,9.401,9.600,ROP_MAX_SAFETY_STOCK,"Stock on hand 0 is below the current reorder point 9.359. At the CRITICAL service level of 98% and a 32-day lead time, the reorder point should be 5.6.",APPROVED,2026-07-13
REC-001899,000000000030000297,3000,Ball Mill Shell Liner Plate 150MM SKF,CRITICAL,ON_DEMAND,0,43,0.000,8.200,0.000,6.100,0.000,12.600,OAR_TO_MIN_MAX,This OAR material is classified CRITICAL on the critical parts list. Recommend Min-Max management with a reorder point of 8.2 and a maximum of 12.6.,APPROVED,2026-08-03
REC-001900,000000000080000255,4000,Conveyor Take-Up Pulley 250MM KSB,NORMAL,INTERMITTENT,5,16,3.411,2.000,2.369,1.400,7.824,5.500,ROP_MAX_SAFETY_STOCK,Intermittent consumption of 1.2 per month over 24 months with a 16-day lead time gives a reorder point of 2 against the current 3.411.,HELD,2026-05-15
REC-001901,000000000010001231,1000,Flow Meter Sensor Head DN100 METSO,CRITICAL,REGULAR,12,147,150.504,96.800,25.598,16.500,159.885,146.700,ROP_MAX_SAFETY_STOCK,Stock on hand 209 exceeds the current maximum 159.885. Consumption of 16.6 per month supports a maximum of 146.7.,HELD,2026-06-05
REC-001902,000000000030000299,2000,Screen Exciter Bearing 8/6 KSB,CRITICAL,ON_DEMAND,1,110,0.000,6.700,0.000,3.500,0.000,9.300,OAR_TO_MIN_MAX,This OAR material is classified CRITICAL on the critical parts list. Recommend Min-Max management with a reorder point of 6.7 and a maximum of 9.3.,HELD,2026-05-28
REC-001903,000000000080000256,1000,Skirt Rubber Liner Section HD ABB,IMPACT,INTERMITTENT,4,58,9.906,6.600,6.471,4.300,9.906,10.200,ROP_MAX_SAFETY_STOCK,"Stock on hand 9 is below the current reorder point 9.906. At the IMPACT service level of 95% and a 58-day lead time, the reorder point should be 6.6.",PROPOSED,2026-06-22
REC-001904,000000000010001232,2000,Centrifugal Pump Casing 10/8 FLSM,NORMAL,REGULAR,12,24,5.071,11.900,1.360,3.200,62.414,45.000,ROP_MAX_SAFETY_STOCK,Regular consumption of 11.0 per month over 24 months with a 24-day lead time gives a reorder point of 11.9 against the current 5.071.,PROPOSED,2026-05-31
REC-001905,000000000080000257,2000,Pump Impeller TYPE A METSO,IMPACT,INTERMITTENT,5,55,6.028,4.100,3.807,2.600,6.780,6.600,ROP_MAX_SAFETY_STOCK,"Stock on hand 6 is below the current reorder point 6.028. At the IMPACT service level of 95% and a 55-day lead time, the reorder point should be 4.1.",PROPOSED,2026-07-23
REC-001906,000000000010001233,2000,Pump Impeller DN100 SANDVIK,NORMAL,INTERMITTENT,4,58,3.442,5.900,1.814,3.100,12.386,10.300,ROP_MAX_SAFETY_STOCK,"Stock on hand 0 is below the current reorder point 3.442. At the NORMAL service level of 85% and a 58-day lead time, the reorder point should be 5.9.",APPROVED,2026-06-04
REC-001907,000000000010001233,3000,Pump Impeller DN100 SANDVIK,NORMAL,INTERMITTENT,6,58,7.092,7.400,3.458,3.600,16.854,13.400,ROP_MAX_SAFETY_STOCK,Intermittent consumption of 2.0 per month over 24 months with a 58-day lead time gives a reorder point of 7.4 against the current 7.092.,APPROVED,2026-08-05
REC-001908,000000000010001235,2000,Skirt Rubber Liner Section HD WEIR,CRITICAL,INTERMITTENT,0,118,12.891,8.400,8.432,5.500,19.037,10.700,ROP_MAX_SAFETY_STOCK,"Stock on hand 0 is below the current reorder point 12.891. At the CRITICAL service level of 98% and a 118-day lead time, the reorder point should be 8.4.",APPROVED,2026-05-24
REC-001909,000000000010001236,4000,Ball Mill Shell Liner Plate 250MM SEW,IMPACT,REGULAR,11,16,16.050,23.700,6.246,9.200,124.751,106.500,ROP_MAX_SAFETY_STOCK,Regular consumption of 27.6 per month over 24 months with a 16-day lead time gives a reorder point of 23.7 against the current 16.05.,HELD,2026-06-08
REC-001910,000000000010001236,2000,Ball Mill Shell Liner Plate 250MM SEW,IMPACT,REGULAR,12,16,8.184,11.900,3.018,4.400,72.797,54.900,ROP_MAX_SAFETY_STOCK,Regular consumption of 14.3 per month over 24 months with a 16-day lead time gives a reorder point of 11.9 against the current 8.184.,APPROVED,2026-06-26
REC-001911,000000000010001237,2000,Centrifugal Pump Casing 6/4 WEIR,NORMAL,SLOW,1,48,0.964,0.600,0.665,0.400,1.061,1.000,ROP_MAX_SAFETY_STOCK,Slow consumption of 0.1 per month over 24 months with a 48-day lead time gives a reorder point of 0.6 against the current 0.964.,PROPOSED,2026-06-20
REC-001912,000000000010001238,3000,Slurry Pump Wet End Assembly 200MM ABB,CRITICAL,INTERMITTENT,6,201,14.238,10.800,6.996,5.300,18.238,13.300,ROP_MAX_SAFETY_STOCK,"Stock on hand 9 is below the current reorder point 14.238. At the CRITICAL service level of 98% and a 201-day lead time, the reorder point should be 10.8.",APPROVED,2026-06-03
REC-001913,000000000090000076,4000,Level Radar Transmitter TYPE B SEW,OBSOLETE,NO_DEMAND,0,40,0.000,,0.000,,1.000,,NO_SAFETY_STOCK,Obsolete material: no safety stock recommended. Candidate for stock reduction review.,APPROVED,2026-06-28
REC-001914,000000000010001239,4000,Conveyor Drive Motor HD METSO,NORMAL,INTERMITTENT,4,49,3.747,3.400,2.087,1.900,5.146,6.200,ROP_MAX_SAFETY_STOCK,Stock on hand 6 exceeds the current maximum 5.146. Consumption of 0.9 per month supports a maximum of 6.2.,PROPOSED,2026-07-06
REC-001915,000000000010001239,2000,Conveyor Drive Motor HD METSO,NORMAL,INTERMITTENT,6,49,2.869,4.900,1.515,2.600,9.150,9.300,ROP_MAX_SAFETY_STOCK,"Stock on hand 0 is below the current reorder point 2.869. At the NORMAL service level of 85% and a 49-day lead time, the reorder point should be 4.9.",PROPOSED,2026-07-27
REC-001916,000000000010001240,2000,Conveyor Take-Up Pulley 10/8 ABB,NORMAL,SLOW,6,58,1.628,1.500,0.774,0.700,3.064,2.800,ROP_MAX_SAFETY_STOCK,"Stock on hand 1 is below the current reorder point 1.628. At the NORMAL service level of 85% and a 58-day lead time, the reorder point should be 1.5.",APPROVED,2026-06-09
REC-001917,000000000010001241,3000,Pump Impeller 110KW SEW,NORMAL,INTERMITTENT,2,26,1.000,1.600,0.678,1.100,4.514,3.500,ROP_MAX_SAFETY_STOCK,Stock on hand 5 exceeds the current maximum 4.514. Consumption of 0.6 per month supports a maximum of 3.5.,REJECTED,2026-08-31
REC-001918,000000000010001242,1000,Conveyor Pulley Bearing 150MM SKF,INSURANCE,INTERMITTENT,7,196,13.005,9.700,4.427,3.300,14.280,12.700,ROP_MAX_SAFETY_STOCK,"Stock on hand 12 is below the current reorder point 13.005. At the INSURANCE service level of 90% and a 196-day lead time, the reorder point should be 9.7.",PROPOSED,2026-07-13
REC-001919,000000000010001243,4000,Flow Meter Sensor Head 110KW ABB,NORMAL,REGULAR,11,56,118.887,92.700,18.448,14.400,178.681,220.400,ROP_MAX_SAFETY_STOCK,Regular consumption of 42.6 per month over 24 months with a 56-day lead time gives a reorder point of 92.7 against the current 118.887.,PROPOSED,2026-06-10
REC-001920,000000000010001243,3000,Flow Meter Sensor Head 110KW ABB,NORMAL,REGULAR,12,56,120.240,86.700,23.280,16.800,310.121,200.700,ROP_MAX_SAFETY_STOCK,"Stock on hand 9 is below the current reorder point 120.24. At the NORMAL service level of 85% and a 56-day lead time, the reorder point should be 86.7.",PROPOSED,2026-07-09
REC-001921,000000000010001244,4000,Thickener Rake Seal Kit TYPE B SEW,CRITICAL,INTERMITTENT,6,101,10.502,7.300,5.883,4.100,11.889,10.200,ROP_MAX_SAFETY_STOCK,"Stock on hand 6 is below the current reorder point 10.502. At the CRITICAL service level of 98% and a 101-day lead time, the reorder point should be 7.3.",PROPOSED,2026-08-27
REC-001922,000000000010001245,1000,Apron Feeder Gear Reducer 250KW SANDVIK,NORMAL,REGULAR,11,26,45.566,30.300,11.415,7.600,135.860,110.200,ROP_MAX_SAFETY_STOCK,Regular consumption of 26.6 per month over 24 months with a 26-day lead time gives a reorder point of 30.3 against the current 45.566.,APPROVED,2026-09-02
REC-001923,000000000080000258,4000,Conveyor Drive Gearbox 8/6 ABB,IMPACT,INTERMITTENT,2,20,1.786,3.600,1.290,2.600,8.711,8.200,ROP_MAX_SAFETY_STOCK,Intermittent consumption of 1.5 per month over 24 months with a 20-day lead time gives a reorder point of 3.6 against the current 1.786.,APPROVED,2026-06-01
REC-001924,000000000080000258,2000,Conveyor Drive Gearbox 8/6 ABB,IMPACT,INTERMITTENT,3,20,4.259,2.800,3.327,2.200,8.429,5.500,ROP_MAX_SAFETY_STOCK,"Stock on hand 4 is below the current reorder point 4.259. At the IMPACT service level of 95% and a 20-day lead time, the reorder point should be 2.8.",PROPOSED,2026-06-03
REC-001925,000000000090000077,1000,Spherical Roller Bearing DN150 METSO,OBSOLETE,NO_DEMAND,0,35,0.000,,0.000,,1.000,,NO_SAFETY_STOCK,Obsolete material: no safety stock recommended. Candidate for stock reduction review.,APPROVED,2026-07-21
REC-001926,000000000010001249,3000,MCC Feeder Circuit Breaker 250KW ABB,INSURANCE,INTERMITTENT,5,170,1.890,4.100,0.710,1.500,8.317,5.500,ROP_MAX_SAFETY_STOCK,Intermittent consumption of 0.5 per month over 24 months with a 170-day lead time gives a reorder point of 4.1 against the current 1.89.,REJECTED,2026-08-16
REC-001927,000000000010001250,4000,Centrifugal Pump Casing 110KW KSB,INSURANCE,INTERMITTENT,7,118,13.582,13.100,6.016,5.800,33.281,18.700,ROP_MAX_SAFETY_STOCK,Intermittent consumption of 1.9 per month over 24 months with a 118-day lead time gives a reorder point of 13.1 against the current 13.582.,REJECTED,2026-08-12
REC-001928,000000000080000259,1000,Mill Lube Pump Motor 55KW KSB,CRITICAL,INTERMITTENT,4,59,4.795,6.200,3.042,3.900,10.739,9.700,ROP_MAX_SAFETY_STOCK,Intermittent consumption of 1.2 per month over 24 months with a 59-day lead time gives a reorder point of 6.2 against the current 4.795.,REJECTED,2026-05-27
REC-001929,000000000010001251,2000,Thickener Rake Drive Gearbox 110KW KSB,IMPACT,INTERMITTENT,5,21,2.740,2.700,2.041,2.000,6.463,5.700,ROP_MAX_SAFETY_STOCK,Intermittent consumption of 1.0 per month over 24 months with a 21-day lead time gives a reorder point of 2.7 against the current 2.74.,APPROVED,2026-07-24
REC-001930,000000000010001254,4000,Hydraulic Pump Assembly HD MULTOTEC,CRITICAL,REGULAR,12,99,139.286,91.600,30.284,19.900,276.234,157.700,ROP_MAX_SAFETY_STOCK,"Stock on hand 132 is below the current reorder point 139.286. At the CRITICAL service level of 98% and a 99-day lead time, the reorder point should be 91.6.",HELD,2026-05-25
REC-001931,000000000010001255,3000,Hydraulic Pump Assembly 250KW MULTOTEC,NORMAL,INTERMITTENT,9,17,3.121,2.400,1.813,1.400,7.437,7.900,ROP_MAX_SAFETY_STOCK,Intermittent consumption of 1.8 per month over 24 months with a 17-day lead time gives a reorder point of 2.4 against the current 3.121.,APPROVED,2026-06-18
REC-001932,000000000010001256,1000,Screen Exciter Bearing TYPE B SKF,INSURANCE,REGULAR,11,102,165.517,103.900,23.846,15.000,221.040,183.500,ROP_MAX_SAFETY_STOCK,Regular consumption of 26.5 per month over 24 months with a 102-day lead time gives a reorder point of 103.9 against the current 165.517.,APPROVED,2026-07-11
REC-001933,000000000010001256,4000,Screen Exciter Bearing TYPE B SKF,INSURANCE,REGULAR,12,102,91.301,86.000,12.458,11.700,162.375,152.500,ROP_MAX_SAFETY_STOCK,"Stock on hand 80 is below the current reorder point 91.301. At the INSURANCE service level of 90% and a 102-day lead time, the reorder point should be 86.",REJECTED,2026-08-10
REC-001934,000000000010001258,4000,Mill Liner 250MM SEW,CRITICAL,INTERMITTENT,3,51,11.913,6.700,8.065,4.500,12.302,10.600,ROP_MAX_SAFETY_STOCK,Stock on hand 15 exceeds the current maximum 12.302. Consumption of 1.3 per month supports a maximum of 10.6.,HELD,2026-06-29
REC-001935,000000000090000078,3000,Slurry Pump Mechanical Seal 250MM ABB,OBSOLETE,NO_DEMAND,0,12,0.000,,0.000,,1.000,,NO_SAFETY_STOCK,Obsolete material: no safety stock recommended. Candidate for stock reduction review.,APPROVED,2026-08-17
REC-001936,000000000090000078,4000,Slurry Pump Mechanical Seal 250MM ABB,OBSOLETE,NO_DEMAND,0,12,0.000,,0.000,,1.000,,NO_SAFETY_STOCK,Obsolete material: no safety stock recommended. Candidate for stock reduction review.,APPROVED,2026-08-19
REC-001937,000000000010001259,1000,Ball Mill Shell Liner Plate 6/4 WEIR,INSURANCE,INTERMITTENT,5,162,1.834,4.200,0.664,1.500,4.965,5.700,ROP_MAX_SAFETY_STOCK,Intermittent consumption of 0.5 per month over 24 months with a 162-day lead time gives a reorder point of 4.2 against the current 1.834.,APPROVED,2026-06-01
REC-001938,000000000010001260,2000,Flow Meter Sensor Head 6/4 ABB,INSURANCE,INTERMITTENT,4,217,19.717,11.700,5.778,3.400,19.717,15.200,ROP_MAX_SAFETY_STOCK,Stock on hand 28 exceeds the current maximum 19.717. Consumption of 1.2 per month supports a maximum of 15.2.,PROPOSED,2026-07-13
REC-001939,000000000080000260,4000,Cyclone Apex Liner 250KW FLSM,IMPACT,INTERMITTENT,3,13,0.870,1.800,0.686,1.400,4.418,4.400,ROP_MAX_SAFETY_STOCK,Intermittent consumption of 0.9 per month over 24 months with a 13-day lead time gives a reorder point of 1.8 against the current 0.87.,PROPOSED,2026-06-01
REC-001940,000000000010001261,3000,Belt Scraper Blade Cartridge 55KW,INSURANCE,INTERMITTENT,6,228,12.804,11.700,3.913,3.600,22.560,14.900,ROP_MAX_SAFETY_STOCK,"Stock on hand 7 is below the current reorder point 12.804. At the INSURANCE service level of 90% and a 228-day lead time, the reorder point should be 11.7.",APPROVED,2026-07-21
REC-001941,000000000080000261,3000,Crusher Main Shaft Bearing 110KW SKF,CRITICAL,INTERMITTENT,4,110,15.417,8.900,9.150,5.300,15.417,11.900,ROP_MAX_SAFETY_STOCK,Stock on hand 20 exceeds the current maximum 15.417. Consumption of 1.0 per month supports a maximum of 11.9.,REJECTED,2026-06-01
REC-001942,000000000010001263,1000,Pressure Transmitter Assembly 110KW ABB,CRITICAL,REGULAR,9,57,35.015,52.300,12.135,18.100,156.959,107.000,ROP_MAX_SAFETY_STOCK,Regular consumption of 18.2 per month over 24 months with a 57-day lead time gives a reorder point of 52.3 against the current 35.015.,APPROVED,2026-05-27
REC-001943,000000000010001264,2000,Slurry Pump Mechanical Seal 250MM SKF,CRITICAL,INTERMITTENT,0,78,15.891,9.100,9.389,5.400,15.891,13.500,ROP_MAX_SAFETY_STOCK,"Stock on hand 0 is below the current reorder point 15.891. At the CRITICAL service level of 98% and a 78-day lead time, the reorder point should be 9.1.",PROPOSED,2026-07-15
REC-001944,000000000010001264,3000,Slurry Pump Mechanical Seal 250MM SKF,CRITICAL,INTERMITTENT,0,78,10.905,9.900,6.084,5.500,18.882,15.000,ROP_MAX_SAFETY_STOCK,"Stock on hand 0 is below the current reorder point 10.905. At the CRITICAL service level of 98% and a 78-day lead time, the reorder point should be 9.9.",HELD,2026-07-06
REC-001945,000000000010001265,1000,MCC Feeder Circuit Breaker HD WEIR,CRITICAL,INTERMITTENT,0,89,15.953,10.600,9.352,6.200,15.953,15.100,ROP_MAX_SAFETY_STOCK,"Stock on hand 0 is below the current reorder point 15.953. At the CRITICAL service level of 98% and a 89-day lead time, the reorder point should be 10.6.",PROPOSED,2026-07-29
REC-001946,000000000010001266,1000,Variable Speed Drive Unit 200MM SIEMENS,NORMAL,SLOW,2,27,1.174,0.800,0.748,0.500,1.812,1.700,ROP_MAX_SAFETY_STOCK,Stock on hand 2 exceeds the current maximum 1.812. Consumption of 0.3 per month supports a maximum of 1.7.,APPROVED,2026-06-05
REC-001947,000000000010001267,3000,MCC Feeder Circuit Breaker 8/6 KSB,NORMAL,INTERMITTENT,3,44,1.916,3.100,1.112,1.800,4.198,5.800,ROP_MAX_SAFETY_STOCK,Intermittent consumption of 0.9 per month over 24 months with a 44-day lead time gives a reorder point of 3.1 against the current 1.916.,PROPOSED,2026-08-01
REC-001948,000000000010001268,4000,Hydraulic Pump Assembly DN150 SANDVIK,NORMAL,REGULAR,11,14,18.216,13.100,5.154,3.700,73.182,74.300,ROP_MAX_SAFETY_STOCK,"Stock on hand 14 is below the current reorder point 18.216. At the NORMAL service level of 85% and a 14-day lead time, the reorder point should be 13.1.",APPROVED,2026-06-30
REC-001949,000000000080000262,2000,Flotation Cell Impeller 10/8 SKF,CRITICAL,INTERMITTENT,3,50,2.236,4.100,1.474,2.700,8.537,6.600,ROP_MAX_SAFETY_STOCK,Intermittent consumption of 0.8 per month over 24 months with a 50-day lead time gives a reorder point of 4.1 against the current 2.236.,APPROVED,2026-08-18
REC-001950,000000000080000262,1000,Flotation Cell Impeller 10/8 SKF,CRITICAL,INTERMITTENT,4,50,5.355,5.100,3.847,3.700,11.328,7.700,ROP_MAX_SAFETY_STOCK,Intermittent consumption of 0.9 per month over 24 months with a 50-day lead time gives a reorder point of 5.1 against the current 5.355.,PROPOSED,2026-05-20
REC-001951,000000000030000302,1000,Ball Mill Shell Liner Plate 6/4 MULTOTEC,IMPACT,ON_DEMAND,2,14,0.000,1.500,0.000,1.200,0.000,3.800,OAR_TO_MIN_MAX,This OAR material is classified IMPACT on the critical parts list. Recommend Min-Max management with a reorder point of 1.5 and a maximum of 3.8.,REJECTED,2026-05-29
REC-001952,000000000010001269,4000,Pump Impeller DN100 ABB,CRITICAL,INTERMITTENT,0,94,12.640,12.500,8.207,8.100,28.744,16.800,ROP_MAX_SAFETY_STOCK,"Stock on hand 0 is below the current reorder point 12.64. At the CRITICAL service level of 98% and a 94-day lead time, the reorder point should be 12.5.",APPROVED,2026-08-04
REC-001953,000000000010001270,4000,Conveyor Pulley Bearing 55KW MULTOTEC,IMPACT,INTERMITTENT,3,35,9.975,6.100,7.228,4.400,18.595,10.500,ROP_MAX_SAFETY_STOCK,"Stock on hand 7 is below the current reorder point 9.975. At the IMPACT service level of 95% and a 35-day lead time, the reorder point should be 6.1.",APPROVED,2026-05-19
REC-001954,000000000090000079,2000,Conveyor Idler Roller Set 110KW SIEMENS,OBSOLETE,NO_DEMAND,0,20,0.000,,0.000,,1.000,,NO_SAFETY_STOCK,Obsolete material: no safety stock recommended. Candidate for stock reduction review.,PROPOSED,2026-07-24
REC-001955,000000000090000079,4000,Conveyor Idler Roller Set 110KW SIEMENS,OBSOLETE,NO_DEMAND,0,20,0.000,,0.000,,1.000,,NO_SAFETY_STOCK,Obsolete material: no safety stock recommended. Candidate for stock reduction review.,PROPOSED,2026-08-14
REC-001956,000000000010001272,1000,Slurry Pump Wet End Assembly 55KW WEIR,INSURANCE,INTERMITTENT,6,44,2.318,5.000,1.373,3.000,14.117,9.200,ROP_MAX_SAFETY_STOCK,Intermittent consumption of 1.4 per month over 24 months with a 44-day lead time gives a reorder point of 5 against the current 2.318.,APPROVED,2026-06-28
REC-001957,000000000010001273,1000,Pump Impeller 200MM WEIR,NORMAL,REGULAR,12,50,41.595,56.800,8.314,11.400,119.076,139.800,ROP_MAX_SAFETY_STOCK,"Stock on hand 10 is below the current reorder point 41.595. At the NORMAL service level of 85% and a 50-day lead time, the reorder point should be 56.8.",APPROVED,2026-07-29
REC-001958,000000000010001274,1000,Hydraulic Pump Assembly 250MM SANDVIK,CRITICAL,INTERMITTENT,0,86,5.357,8.700,3.316,5.400,9.561,12.200,ROP_MAX_SAFETY_STOCK,"Stock on hand 0 is below the current reorder point 5.357. At the CRITICAL service level of 98% and a 86-day lead time, the reorder point should be 8.7.",APPROVED,2026-06-14
REC-001959,000000000010001275,1000,Crusher Hydroset Cylinder 6/4 MULTOTEC,CRITICAL,INTERMITTENT,4,115,9.435,8.500,5.757,5.200,18.519,11.100,ROP_MAX_SAFETY_STOCK,"Stock on hand 4 is below the current reorder point 9.435. At the CRITICAL service level of 98% and a 115-day lead time, the reorder point should be 8.5.",APPROVED,2026-08-28
REC-001960,000000000010001276,2000,Slurry Pump Mechanical Seal 10/8 WEIR,NORMAL,INTERMITTENT,7,41,2.485,2.800,1.145,1.300,7.211,6.200,ROP_MAX_SAFETY_STOCK,Intermittent consumption of 1.1 per month over 24 months with a 41-day lead time gives a reorder point of 2.8 against the current 2.485.,PROPOSED,2026-07-05
REC-001961,000000000010001277,4000,Skirt Rubber Liner Section 200MM FLSM,CRITICAL,INTERMITTENT,4,140,7.604,13.900,4.479,8.200,17.521,17.600,ROP_MAX_SAFETY_STOCK,Intermittent consumption of 1.2 per month over 24 months with a 140-day lead time gives a reorder point of 13.9 against the current 7.604.,HELD,2026-05-26
REC-001962,000000000010001278,4000,Screen Exciter Bearing 200MM METSO,NORMAL,REGULAR,11,34,14.780,31.800,3.199,6.900,169.717,98.800,ROP_MAX_SAFETY_STOCK,Stock on hand 170 exceeds the current maximum 169.717. Consumption of 22.3 per month supports a maximum of 98.8.,PROPOSED,2026-08-27
REC-001963,000000000010001280,4000,Apron Feeder Gear Reducer DN150 METSO,IMPACT,INTERMITTENT,5,48,3.271,4.300,2.211,2.900,8.953,6.900,ROP_MAX_SAFETY_STOCK,Stock on hand 9 exceeds the current maximum 8.953. Consumption of 0.9 per month supports a maximum of 6.9.,REJECTED,2026-05-20
REC-001964,000000000010001281,1000,Slurry Pump Mechanical Seal 8/6 MULTOTEC,NORMAL,INTERMITTENT,5,22,2.827,3.000,1.676,1.800,13.839,8.000,ROP_MAX_SAFETY_STOCK,Stock on hand 14 exceeds the current maximum 13.839. Consumption of 1.7 per month supports a maximum of 8.,PROPOSED,2026-08-08
REC-001965,000000000090000080,2000,Slurry Pump Mechanical Seal 10/8 SEW,OBSOLETE,NO_DEMAND,0,13,0.000,,0.000,,1.000,,NO_SAFETY_STOCK,Obsolete material: no safety stock recommended. Candidate for stock reduction review.,REJECTED,2026-09-02
REC-001966,000000000090000080,4000,Slurry Pump Mechanical Seal 10/8 SEW,OBSOLETE,NO_DEMAND,0,13,0.000,,0.000,,1.000,,NO_SAFETY_STOCK,Obsolete material: no safety stock recommended. Candidate for stock reduction review.,PROPOSED,2026-05-27
REC-001967,000000000080000263,3000,Conveyor Idler Roller Set HD WEIR,CRITICAL,INTERMITTENT,6,135,21.811,17.400,11.419,9.100,21.811,23.000,ROP_MAX_SAFETY_STOCK,"Stock on hand 15 is below the current reorder point 21.811. At the CRITICAL service level of 98% and a 135-day lead time, the reorder point should be 17.4.",APPROVED,2026-08-18
REC-001968,000000000010001282,4000,Crusher Hydroset Cylinder 250KW MULTOTEC,NORMAL,INTERMITTENT,6,44,2.721,2.400,1.278,1.100,3.773,5.000,ROP_MAX_SAFETY_STOCK,Intermittent consumption of 0.9 per month over 24 months with a 44-day lead time gives a reorder point of 2.4 against the current 2.721.,PROPOSED,2026-08-18
REC-001969,000000000010001283,1000,Centrifugal Pump Casing 8/6 SEW,NORMAL,REGULAR,11,28,15.591,18.800,2.873,3.500,106.783,68.800,ROP_MAX_SAFETY_STOCK,Regular consumption of 16.7 per month over 24 months with a 28-day lead time gives a reorder point of 18.8 against the current 15.591.,PROPOSED,2026-05-25
REC-001970,000000000010001283,3000,Centrifugal Pump Casing 8/6 SEW,NORMAL,REGULAR,12,28,25.399,26.300,5.006,5.200,124.179,95.000,ROP_MAX_SAFETY_STOCK,Regular consumption of 22.9 per month over 24 months with a 28-day lead time gives a reorder point of 26.3 against the current 25.399.,APPROVED,2026-05-31
REC-001971,000000000010001284,2000,Flow Meter Sensor Head DN100 WEIR,CRITICAL,REGULAR,12,38,31.789,27.500,7.904,6.800,68.213,77.100,ROP_MAX_SAFETY_STOCK,Regular consumption of 16.5 per month over 24 months with a 38-day lead time gives a reorder point of 27.5 against the current 31.789.,PROPOSED,2026-06-25
REC-001972,000000000010001285,3000,MCC Feeder Circuit Breaker 10/8 SEW,NORMAL,REGULAR,11,52,38.650,76.000,6.564,12.900,331.114,186.800,ROP_MAX_SAFETY_STOCK,"Stock on hand 18 is below the current reorder point 38.65. At the NORMAL service level of 85% and a 52-day lead time, the reorder point should be 76.",PROPOSED,2026-07-05
REC-001973,000000000010001286,2000,Conveyor Pulley Bearing 10/8 KSB,NORMAL,INTERMITTENT,5,30,5.124,5.100,2.722,2.700,10.984,12.500,ROP_MAX_SAFETY_STOCK,"Stock on hand 5 is below the current reorder point 5.124. At the NORMAL service level of 85% and a 30-day lead time, the reorder point should be 5.1.",APPROVED,2026-07-24
REC-001974,000000000010001287,2000,Gearbox Bearing 6/4 MULTOTEC,CRITICAL,INTERMITTENT,0,117,7.528,14.000,4.617,8.600,24.568,18.200,ROP_MAX_SAFETY_STOCK,"Stock on hand 0 is below the current reorder point 7.528. At the CRITICAL service level of 98% and a 117-day lead time, the reorder point should be 14.",APPROVED,2026-08-13
REC-001975,000000000080000264,4000,Hydraulic Pump Assembly 200MM METSO,CRITICAL,INTERMITTENT,4,146,6.079,11.700,3.905,7.500,21.367,14.300,ROP_MAX_SAFETY_STOCK,"Stock on hand 5 is below the current reorder point 6.079. At the CRITICAL service level of 98% and a 146-day lead time, the reorder point should be 11.7.",HELD,2026-07-25
REC-001976,000000000010001288,3000,Slurry Density Transmitter 150MM SKF,INSURANCE,INTERMITTENT,4,108,8.398,7.700,4.528,4.200,8.398,10.700,ROP_MAX_SAFETY_STOCK,"Stock on hand 7 is below the current reorder point 8.398. At the INSURANCE service level of 90% and a 108-day lead time, the reorder point should be 7.7.",APPROVED,2026-06-03
REC-001977,000000000010001289,2000,Flotation Cell Impeller DN100 SANDVIK,CRITICAL,SLOW,2,97,1.946,3.900,1.409,2.800,4.628,4.900,ROP_MAX_SAFETY_STOCK,Stock on hand 5 exceeds the current maximum 4.628. Consumption of 0.3 per month supports a maximum of 4.9.,APPROVED,2026-08-09
REC-001978,000000000010001290,2000,Vertical Sump Pump Column TYPE A SANDVIK,NORMAL,INTERMITTENT,3,21,3.697,2.400,2.505,1.600,5.726,5.800,ROP_MAX_SAFETY_STOCK,Intermittent consumption of 1.1 per month over 24 months with a 21-day lead time gives a reorder point of 2.4 against the current 3.697.,REJECTED,2026-05-21
REC-001979,000000000010001291,1000,Apron Feeder Gear Reducer HD KSB,CRITICAL,INTERMITTENT,0,37,3.242,2.200,2.417,1.600,5.640,3.600,ROP_MAX_SAFETY_STOCK,"Stock on hand 0 is below the current reorder point 3.242. At the CRITICAL service level of 98% and a 37-day lead time, the reorder point should be 2.2.",REJECTED,2026-06-30
REC-001980,000000000010001291,2000,Apron Feeder Gear Reducer HD KSB,CRITICAL,INTERMITTENT,0,37,8.144,8.100,5.740,5.700,19.831,14.000,ROP_MAX_SAFETY_STOCK,"Stock on hand 0 is below the current reorder point 8.144. At the CRITICAL service level of 98% and a 37-day lead time, the reorder point should be 8.1.",PROPOSED,2026-06-25
REC-001981,000000000010001292,2000,Soft Starter Power Module 110KW METSO,INSURANCE,SLOW,3,86,1.830,1.300,1.162,0.800,2.054,1.800,ROP_MAX_SAFETY_STOCK,Slow consumption of 0.2 per month over 24 months with a 86-day lead time gives a reorder point of 1.3 against the current 1.83.,REJECTED,2026-05-20
REC-001982,000000000010001293,3000,Centrifugal Pump Casing TYPE B SKF,NORMAL,SLOW,3,10,0.202,0.300,0.163,0.200,1.241,0.800,ROP_MAX_SAFETY_STOCK,Slow consumption of 0.2 per month over 24 months with a 10-day lead time gives a reorder point of 0.3 against the current 0.202.,REJECTED,2026-08-10
REC-001983,000000000010001294,1000,Thickener Rake Seal Kit 250MM KSB,NORMAL,REGULAR,12,39,59.244,33.800,8.809,5.000,93.707,101.300,ROP_MAX_SAFETY_STOCK,Regular consumption of 22.5 per month over 24 months with a 39-day lead time gives a reorder point of 33.8 against the current 59.244.,HELD,2026-05-16
REC-001984,000000000010001295,2000,Ball Mill Shell Liner Plate 200MM,INSURANCE,INTERMITTENT,1,101,6.978,4.600,4.222,2.800,8.814,6.200,ROP_MAX_SAFETY_STOCK,Stock on hand 10 exceeds the current maximum 8.814. Consumption of 0.5 per month supports a maximum of 6.2.,PROPOSED,2026-07-23
REC-001985,000000000010001297,1000,Cyclone Apex Liner 55KW FLSM,IMPACT,INTERMITTENT,8,57,9.740,8.300,4.943,4.200,16.608,14.800,ROP_MAX_SAFETY_STOCK,Intermittent consumption of 2.2 per month over 24 months with a 57-day lead time gives a reorder point of 8.3 against the current 9.74.,HELD,2026-06-22
REC-001986,000000000010001298,4000,Centrifugal Pump Casing 250MM ABB,INSURANCE,SLOW,2,102,1.537,1.700,0.895,1.000,1.832,2.300,ROP_MAX_SAFETY_STOCK,Stock on hand 2 exceeds the current maximum 1.832. Consumption of 0.2 per month supports a maximum of 2.3.,PROPOSED,2026-07-17
REC-001987,000000000010001298,2000,Centrifugal Pump Casing 250MM ABB,INSURANCE,SLOW,1,102,0.779,1.700,0.454,1.000,2.785,2.300,ROP_MAX_SAFETY_STOCK,Slow consumption of 0.2 per month over 24 months with a 102-day lead time gives a reorder point of 1.7 against the current 0.779.,REJECTED,2026-07-17
REC-001988,000000000010001299,3000,Agitator Shaft Seal DN150 MULTOTEC,CRITICAL,INTERMITTENT,0,108,16.624,12.100,10.330,7.500,26.874,16.000,ROP_MAX_SAFETY_STOCK,"Stock on hand 0 is below the current reorder point 16.624. At the CRITICAL service level of 98% and a 108-day lead time, the reorder point should be 12.1.",APPROVED,2026-07-15
REC-001989,000000000010001300,3000,Slurry Density Transmitter DN100 ABB,CRITICAL,INTERMITTENT,5,184,9.166,5.600,4.220,2.600,9.166,7.100,ROP_MAX_SAFETY_STOCK,"Stock on hand 9 is below the current reorder point 9.166. At the CRITICAL service level of 98% and a 184-day lead time, the reorder point should be 5.6.",APPROVED,2026-08-24
REC-001990,000000000010001300,4000,Slurry Density Transmitter DN100 ABB,CRITICAL,INTERMITTENT,5,184,17.192,11.200,7.916,5.200,23.260,14.200,ROP_MAX_SAFETY_STOCK,"Stock on hand 14 is below the current reorder point 17.192. At the CRITICAL service level of 98% and a 184-day lead time, the reorder point should be 11.2.",APPROVED,2026-05-14
REC-001991,000000000090000081,1000,PLC Digital Output Card 10/8 ABB,OBSOLETE,NO_DEMAND,0,42,0.000,,0.000,,1.000,,NO_SAFETY_STOCK,Obsolete material: no safety stock recommended. Candidate for stock reduction review.,PROPOSED,2026-08-02
REC-001992,000000000090000081,4000,PLC Digital Output Card 10/8 ABB,OBSOLETE,NO_DEMAND,0,42,0.000,,0.000,,1.000,,NO_SAFETY_STOCK,Obsolete material: no safety stock recommended. Candidate for stock reduction review.,HELD,2026-06-15
REC-001993,000000000010001301,1000,Slurry Pump Mechanical Seal TYPE A FLSM,IMPACT,INTERMITTENT,3,34,2.605,4.600,1.808,3.200,7.850,8.300,ROP_MAX_SAFETY_STOCK,Stock on hand 8 exceeds the current maximum 7.85. Consumption of 1.2 per month supports a maximum of 8.3.,APPROVED,2026-08-05
REC-001994,000000000010001302,2000,Ball Mill Shell Liner Plate 55KW KSB,CRITICAL,INTERMITTENT,0,100,11.896,9.300,7.693,6.000,11.896,12.300,ROP_MAX_SAFETY_STOCK,"Stock on hand 0 is below the current reorder point 11.896. At the CRITICAL service level of 98% and a 100-day lead time, the reorder point should be 9.3.",PROPOSED,2026-05-21
REC-001995,000000000030000309,2000,Soft Starter Power Module HD SEW,IMPACT,ON_DEMAND,1,18,0.000,1.400,0.000,1.100,0.000,3.000,OAR_TO_MIN_MAX,This OAR material is classified IMPACT on the critical parts list. Recommend Min-Max management with a reorder point of 1.4 and a maximum of 3.,PROPOSED,2026-06-28
REC-001996,000000000010001303,4000,Conveyor Drive Gearbox 8/6 KSB,CRITICAL,REGULAR,12,134,190.757,153.700,40.419,32.600,199.092,236.200,ROP_MAX_SAFETY_STOCK,"Stock on hand 137 is below the current reorder point 190.757. At the CRITICAL service level of 98% and a 134-day lead time, the reorder point should be 153.7.",APPROVED,2026-07-19
REC-001997,000000000080000265,2000,Flotation Cell Impeller DN100 MULTOTEC,IMPACT,INTERMITTENT,3,12,3.338,3.300,2.770,2.700,13.146,7.500,ROP_MAX_SAFETY_STOCK,Intermittent consumption of 1.4 per month over 24 months with a 12-day lead time gives a reorder point of 3.3 against the current 3.338.,PROPOSED,2026-08-11
REC-001998,000000000010001304,1000,MCC Feeder Circuit Breaker 8/6 KSB,CRITICAL,REGULAR,11,130,103.172,83.700,19.337,15.700,106.108,131.400,ROP_MAX_SAFETY_STOCK,Stock on hand 143 exceeds the current maximum 106.108. Consumption of 15.9 per month supports a maximum of 131.4.,PROPOSED,2026-07-18
REC-001999,000000000010001305,2000,Skirt Rubber Liner Section 10/8 KSB,NORMAL,INTERMITTENT,5,38,1.252,1.800,0.688,1.000,5.922,3.700,ROP_MAX_SAFETY_STOCK,Intermittent consumption of 0.6 per month over 24 months with a 38-day lead time gives a reorder point of 1.8 against the current 1.252.,APPROVED,2026-06-08
REC-002000,000000000010001306,3000,Gland Packing Seal Ring TYPE B WEIR,IMPACT,SLOW,2,40,1.870,1.100,1.341,0.800,3.225,1.900,ROP_MAX_SAFETY_STOCK,Slow consumption of 0.2 per month over 24 months with a 40-day lead time gives a reorder point of 1.1 against the current 1.87.,REJECTED,2026-07-15
REC-002001,000000000030000310,3000,Variable Speed Drive Unit 250MM SANDVIK,CRITICAL,ON_DEMAND,1,127,0.000,21.400,0.000,11.800,0.000,28.300,OAR_TO_MIN_MAX,This OAR material is classified CRITICAL on the critical parts list. Recommend Min-Max management with a reorder point of 21.4 and a maximum of 28.3.,APPROVED,2026-07-06
REC-002002,000000000010001307,3000,Hydraulic Power Pack HD SANDVIK,CRITICAL,INTERMITTENT,5,33,9.328,7.700,6.430,5.300,18.061,14.300,ROP_MAX_SAFETY_STOCK,"Stock on hand 1 is below the current reorder point 9.328. At the CRITICAL service level of 98% and a 33-day lead time, the reorder point should be 7.7.",PROPOSED,2026-07-29
REC-002003,000000000080000266,3000,Thickener Rake Drive Gearbox 150MM ABB,IMPACT,INTERMITTENT,8,50,11.801,9.300,6.858,5.400,22.982,16.400,ROP_MAX_SAFETY_STOCK,"Stock on hand 7 is below the current reorder point 11.801. At the IMPACT service level of 95% and a 50-day lead time, the reorder point should be 9.3.",REJECTED,2026-07-09
REC-002004,000000000010001308,2000,Pressure Transmitter Assembly HD KSB,IMPACT,REGULAR,9,57,42.460,89.800,9.976,21.100,230.197,199.900,ROP_MAX_SAFETY_STOCK,Regular consumption of 36.7 per month over 24 months with a 57-day lead time gives a reorder point of 89.8 against the current 42.46.,APPROVED,2026-07-07
REC-002005,000000000010001309,2000,Flotation Cell Impeller DN100 ABB,INSURANCE,SLOW,1,117,3.079,3.200,1.844,1.900,5.838,4.200,ROP_MAX_SAFETY_STOCK,Stock on hand 6 exceeds the current maximum 5.838. Consumption of 0.3 per month supports a maximum of 4.2.,PROPOSED,2026-05-18
REC-002006,000000000080000267,4000,Flotation Blower Motor 200MM SKF,CRITICAL,INTERMITTENT,6,139,3.668,6.100,2.058,3.400,7.099,7.800,ROP_MAX_SAFETY_STOCK,"Stock on hand 3 is below the current reorder point 3.668. At the CRITICAL service level of 98% and a 139-day lead time, the reorder point should be 6.1.",APPROVED,2026-06-03
REC-002007,000000000010001311,4000,Conveyor Drive Gearbox 10/8 ABB,NORMAL,INTERMITTENT,4,50,6.012,4.100,3.122,2.100,9.283,7.700,ROP_MAX_SAFETY_STOCK,Stock on hand 11 exceeds the current maximum 9.283. Consumption of 1.2 per month supports a maximum of 7.7.,APPROVED,2026-06-22
REC-002008,000000000010001312,3000,Ventilation Fan Motor HD MULTOTEC,NORMAL,INTERMITTENT,6,26,5.152,4.900,2.929,2.800,18.412,12.300,ROP_MAX_SAFETY_STOCK,Intermittent consumption of 2.5 per month over 24 months with a 26-day lead time gives a reorder point of 4.9 against the current 5.152.,PROPOSED,2026-08-06
REC-002009,000000000090000082,1000,Slurry Pump Mechanical Seal TYPE B WEIR,OBSOLETE,NO_DEMAND,0,53,0.000,,0.000,,1.000,,NO_SAFETY_STOCK,Obsolete material: no safety stock recommended. Candidate for stock reduction review.,APPROVED,2026-06-08
REC-002010,000000000090000082,4000,Slurry Pump Mechanical Seal TYPE B WEIR,OBSOLETE,NO_DEMAND,0,53,0.000,,0.000,,1.000,,NO_SAFETY_STOCK,Obsolete material: no safety stock recommended. Candidate for stock reduction review.,PROPOSED,2026-05-15
REC-002011,000000000010001313,3000,Level Radar Transmitter 250KW SKF,NORMAL,REGULAR,12,48,119.414,73.900,13.389,8.300,293.174,198.700,ROP_MAX_SAFETY_STOCK,"Stock on hand 92 is below the current reorder point 119.414. At the NORMAL service level of 85% and a 48-day lead time, the reorder point should be 73.9.",HELD,2026-05-12
REC-002012,000000000010001314,3000,Gland Packing Seal Ring DN100 FLSM,CRITICAL,REGULAR,12,42,24.325,21.900,7.111,6.400,91.418,55.600,ROP_MAX_SAFETY_STOCK,Regular consumption of 11.2 per month over 24 months with a 42-day lead time gives a reorder point of 21.9 against the current 24.325.,PROPOSED,2026-08-02
REC-002013,000000000010001315,4000,Conveyor Idler Roller Set DN150 MULTOTEC,NORMAL,REGULAR,9,55,51.500,65.700,8.171,10.400,128.251,157.600,ROP_MAX_SAFETY_STOCK,Regular consumption of 30.6 per month over 24 months with a 55-day lead time gives a reorder point of 65.7 against the current 51.5.,PROPOSED,2026-06-17
REC-002014,000000000090000083,4000,Thickener Rake Seal Kit 250MM MULTOTEC,OBSOLETE,NO_DEMAND,0,11,0.000,,0.000,,1.000,,NO_SAFETY_STOCK,Obsolete material: no safety stock recommended. Candidate for stock reduction review.,PROPOSED,2026-07-07
REC-002015,000000000010001317,3000,PLC Digital Output Card 55KW SKF,NORMAL,REGULAR,12,39,60.511,59.400,11.074,10.900,236.706,173.000,ROP_MAX_SAFETY_STOCK,"Stock on hand 20 is below the current reorder point 60.511. At the NORMAL service level of 85% and a 39-day lead time, the reorder point should be 59.4.",APPROVED,2026-06-03
REC-002016,000000000010001318,2000,Centrifugal Pump Casing DN150 METSO,CRITICAL,INTERMITTENT,0,106,22.930,13.400,13.974,8.200,22.930,17.900,ROP_MAX_SAFETY_STOCK,"Stock on hand 0 is below the current reorder point 22.93. At the CRITICAL service level of 98% and a 106-day lead time, the reorder point should be 13.4.",APPROVED,2026-07-28
REC-002017,000000000010001318,4000,Centrifugal Pump Casing DN150 METSO,CRITICAL,INTERMITTENT,0,106,13.108,10.400,6.526,5.200,16.938,14.900,ROP_MAX_SAFETY_STOCK,"Stock on hand 0 is below the current reorder point 13.108. At the CRITICAL service level of 98% and a 106-day lead time, the reorder point should be 10.4.",PROPOSED,2026-08-24
REC-002018,000000000010001319,4000,Skirt Rubber Liner Section 55KW SEW,IMPACT,INTERMITTENT,5,38,1.305,2.000,0.864,1.300,3.675,3.600,ROP_MAX_SAFETY_STOCK,"Stock on hand 0 is below the current reorder point 1.305. At the IMPACT service level of 95% and a 38-day lead time, the reorder point should be 2.",APPROVED,2026-05-10
REC-002019,000000000010001319,1000,Skirt Rubber Liner Section 55KW SEW,IMPACT,INTERMITTENT,4,38,6.947,4.000,4.989,2.900,6.947,6.800,ROP_MAX_SAFETY_STOCK,"Stock on hand 5 is below the current reorder point 6.947. At the IMPACT service level of 95% and a 38-day lead time, the reorder point should be 4.",APPROVED,2026-06-08
REC-002020,000000000010001320,3000,Conveyor Drive Gearbox DN100 SIEMENS,IMPACT,REGULAR,12,57,101.017,63.300,20.590,12.900,142.131,144.100,ROP_MAX_SAFETY_STOCK,"Stock on hand 65 is below the current reorder point 101.017. At the IMPACT service level of 95% and a 57-day lead time, the reorder point should be 63.3.",HELD,2026-08-07
REC-002021,000000000010001321,1000,Soft Starter Power Module 55KW WEIR,NORMAL,INTERMITTENT,5,31,4.798,3.700,2.930,2.300,13.290,8.000,ROP_MAX_SAFETY_STOCK,"Stock on hand 3 is below the current reorder point 4.798. At the NORMAL service level of 85% and a 31-day lead time, the reorder point should be 3.7.",APPROVED,2026-06-27
REC-002022,000000000010001321,2000,Soft Starter Power Module 55KW WEIR,NORMAL,INTERMITTENT,4,31,2.861,1.800,1.721,1.100,3.554,3.900,ROP_MAX_SAFETY_STOCK,"Stock on hand 2 is below the current reorder point 2.861. At the NORMAL service level of 85% and a 31-day lead time, the reorder point should be 1.8.",APPROVED,2026-08-13
REC-002023,000000000030000313,1000,Mill Liner DN100 FLSM,IMPACT,ON_DEMAND,0,59,0.000,4.500,0.000,3.000,0.000,6.900,OAR_TO_MIN_MAX,This OAR material is classified IMPACT on the critical parts list. Recommend Min-Max management with a reorder point of 4.5 and a maximum of 6.9.,PROPOSED,2026-05-14
REC-002024,000000000090000084,3000,PLC Digital Output Card 8/6 WEIR,OBSOLETE,NO_DEMAND,0,52,0.000,,0.000,,1.000,,NO_SAFETY_STOCK,Obsolete material: no safety stock recommended. Candidate for stock reduction review.,PROPOSED,2026-06-16
REC-002025,000000000010001323,1000,Mill Lube Pump Motor HD SEW,INSURANCE,INTERMITTENT,6,129,5.913,7.300,2.183,2.700,8.025,10.600,ROP_MAX_SAFETY_STOCK,"Stock on hand 5 is below the current reorder point 5.913. At the INSURANCE service level of 90% and a 129-day lead time, the reorder point should be 7.3.",HELD,2026-05-13
REC-002026,000000000010001324,2000,Flow Meter Sensor Head 110KW METSO,IMPACT,REGULAR,12,35,83.056,46.700,25.311,14.200,175.764,131.400,ROP_MAX_SAFETY_STOCK,"Stock on hand 35 is below the current reorder point 83.056. At the IMPACT service level of 95% and a 35-day lead time, the reorder point should be 46.7.",PROPOSED,2026-05-17
REC-002027,000000000010001325,4000,Level Radar Transmitter 250KW MULTOTEC,NORMAL,INTERMITTENT,5,51,9.592,7.900,4.101,3.400,14.341,16.000,ROP_MAX_SAFETY_STOCK,"Stock on hand 8 is below the current reorder point 9.592. At the NORMAL service level of 85% and a 51-day lead time, the reorder point should be 7.9.",HELD,2026-07-11
REC-002028,000000000010001327,3000,Crusher Hydroset Cylinder TYPE A,CRITICAL,INTERMITTENT,0,112,10.502,7.700,6.148,4.500,16.812,10.300,ROP_MAX_SAFETY_STOCK,"Stock on hand 0 is below the current reorder point 10.502. At the CRITICAL service level of 98% and a 112-day lead time, the reorder point should be 7.7.",HELD,2026-05-12
REC-002029,000000000010001327,2000,Crusher Hydroset Cylinder TYPE A,CRITICAL,INTERMITTENT,0,112,4.160,8.500,2.295,4.700,20.554,11.600,ROP_MAX_SAFETY_STOCK,"Stock on hand 0 is below the current reorder point 4.16. At the CRITICAL service level of 98% and a 112-day lead time, the reorder point should be 8.5.",APPROVED,2026-06-12
REC-002030,000000000030000315,2000,Pump Impeller 150MM FLSM,CRITICAL,ON_DEMAND,0,88,0.000,15.900,0.000,9.500,0.000,22.500,OAR_TO_MIN_MAX,This OAR material is classified CRITICAL on the critical parts list. Recommend Min-Max management with a reorder point of 15.9 and a maximum of 22.5.,PROPOSED,2026-08-26
REC-002031,000000000010001328,4000,Valve Assembly TYPE A FLSM,NORMAL,INTERMITTENT,3,53,2.545,4.200,1.587,2.600,5.362,7.000,ROP_MAX_SAFETY_STOCK,"Stock on hand 0 is below the current reorder point 2.545. At the NORMAL service level of 85% and a 53-day lead time, the reorder point should be 4.2.",APPROVED,2026-05-31
REC-002032,000000000010001330,3000,Slurry Density Transmitter TYPE B WEIR,CRITICAL,INTERMITTENT,0,114,9.687,7.200,5.691,4.200,15.254,9.600,ROP_MAX_SAFETY_STOCK,"Stock on hand 0 is below the current reorder point 9.687. At the CRITICAL service level of 98% and a 114-day lead time, the reorder point should be 7.2.",REJECTED,2026-05-14
